Country,ISO2,ISO3,Indicator,Unit,Source,CTS Code,CTS Name,CTS Full Descriptor,1980,1981,1982,1983,1984,1985,1986,1987,1988,1989,1990,1991,1992,1993,1994,1995,1996,1997,1998,1999,2000,2001,2002,2003,2004,2005,2006,2007,2008,2009,2010,2011,2012,2013,2014,2015,2016,2017,2018,2019,2020,2021,2022,2023
"Afghanistan, Islamic Rep. of",AF,AFG,"Climate related disasters frequency, Number of Disasters: Drought",Number of,"The Emergency Events Database (EM-DAT) , Centre for Research on the Epidemiology of Disasters (CRED) / Université catholique de Louvain (UCLouvain), Brussels, Belgium – www.emdat.be.",ECCD,Climate Related Disasters Frequency,"Environment, Climate Change, Adaptation, Climate Related Disasters Frequency",,,,,,,,,,,,,,,,,,,,,1.0,,,,,,1.0,,1.0,,,1.0,,,,,,,1.0,,,1.0,,
"Afghanistan, Islamic Rep. of",AF,AFG,"Climate related disasters frequency, Number of Disasters: Extreme temperature",Number of,"The Emergency Events Database (EM-DAT) , Centre for Research on the Epidemiology of Disasters (CRED) / Université catholique de Louvain (UCLouvain), Brussels, Belgium – www.emdat.be.",ECCD,Climate Related Disasters Frequency,"Environment, Climate Change, Adaptation, Climate Related Disasters Frequency",,,,,,,,,,,1.0,1.0,,,,,,,,,,2.0,,,,1.0,,,1.0,,,,1.0,,,,,,,,,,,1.0
"Afghanistan, Islamic Rep. of",AF,AFG,"Climate related disasters frequency, Number of Disasters: Flood",Number of,"The Emergency Events Database (EM-DAT) , Centre for Research on the Epidemiology of Disasters (CRED) / Université catholique de Louvain (UCLouvain), Brussels, Belgium – www.emdat.be.",ECCD,Climate Related Disasters Frequency,"Environment, Climate Change, Adaptation, Climate Related Disasters Frequency",1.0,,,,,,,,1.0,,,3.0,2.0,,,2.0,1.0,2.0,1.0,1.0,,,4.0,8.0,2.0,8.0,7.0,7.0,1.0,3.0,2.0,2.0,6.0,4.0,2.0,1.0,4.0,1.0,3.0,6.0,5.0,2.0,5.0,2.0
"Afghanistan, Islamic Rep. of",AF,AFG,"Climate related disasters frequency, Number of Disasters: Landslide",Number of,"The Emergency Events Database (EM-DAT) , Centre for Research on the Epidemiology of Disasters (CRED) / Université catholique de Louvain (UCLouvain), Brussels, Belgium – www.emdat.be.",ECCD,Climate Related Disasters Frequency,"Environment, Climate Change, Adaptation, Climate Related Disasters Frequency",,,,,,,,1.0,,,,,,2.0,,1.0,,1.0,1.0,,,,1.0,,,,2.0,,,1.0,2.0,,3.0,1.0,,4.0,,2.0,1.0,1.0,1.0,1.0,1.0,
"Afghanistan, Islamic Rep. of",AF,AFG,"Climate related disasters frequency, Number of Disasters: Storm",Number of,"The Emergency Events Database (EM-DAT) , Centre for Research on the Epidemiology of Disasters (CRED) / Université catholique de Louvain (UCLouvain), Brussels, Belgium – www.emdat.be.",ECCD,Climate Related Disasters Frequency,"Environment, Climate Change, Adaptation, Climate Related Disasters Frequency",,,,,,,,,,,,,,1.0,,,,,,,,,,,,1.0,2.0,,,,,1.0,,,1.0,,,2.0,,,1.0,,,
"Afghanistan, Islamic Rep. of",AF,AFG,"Climate related disasters frequency, Number of Disasters: TOTAL",Number of,"The Emergency Events Database (EM-DAT) , Centre for Research on the Epidemiology of Disasters (CRED) / Université catholique de Louvain (UCLouvain), Brussels, Belgium – www.emdat.be.",ECCD,Climate Related Disasters Frequency,"Environment, Climate Change, Adaptation, Climate Related Disasters Frequency",1.0,,,,,,,1.0,1.0,,1.0,4.0,2.0,3.0,,3.0,1.0,3.0,2.0,2.0,1.0,2.0,5.0,8.0,2.0,10.0,12.0,7.0,3.0,4.0,4.0,4.0,10.0,5.0,3.0,5.0,4.0,5.0,5.0,7.0,7.0,4.0,6.0,3.0
"Afghanistan, Islamic Rep. of",AF,AFG,"Climate related disasters frequency, Number of Disasters: Wildfire",Number of,"The Emergency Events Database (EM-DAT) , Centre for Research on the Epidemiology of Disasters (CRED) / Université catholique de Louvain (UCLouvain), Brussels, Belgium – www.emdat.be.",ECCD,Climate Related Disasters Frequency,"Environment, Climate Change, Adaptation, Climate Related Disasters Frequency",,,,,,,,,,,,,,,,,,,,1.0,,,,,,,,,,,,,,,,,,,,,,,,
Albania,AL,ALB,"Climate related disasters frequency, Number of Disasters: Drought",Number of,"The Emergency Events Database (EM-DAT) , Centre for Research on the Epidemiology of Disasters (CRED) / Université catholique de Louvain (UCLouvain), Brussels, Belgium – www.emdat.be.",ECCD,Climate Related Disasters Frequency,"Environment, Climate Change, Adaptation, Climate Related Disasters Frequency",,,,,,,,,,1.0,,,,,,,,,,,,,,,,,,,,,,,,,,,,,,,,,,
Albania,AL,ALB,"Climate related disasters frequency, Number of Disasters: Extreme temperature",Number of,"The Emergency Events Database (EM-DAT) , Centre for Research on the Epidemiology of Disasters (CRED) / Université catholique de Louvain (UCLouvain), Brussels, Belgium – www.emdat.be.",ECCD,Climate Related Disasters Frequency,"Environment, Climate Change, Adaptation, Climate Related Disasters Frequency",,,,,,1.0,,,,,,,,,,,,,,,,,,,1.0,,,1.0,,,,,1.0,,,,,1.0,,,,,,
Albania,AL,ALB,"Climate related disasters frequency, Number of Disasters: Flood",Number of,"The Emergency Events Database (EM-DAT) , Centre for Research on the Epidemiology of Disasters (CRED) / Université catholique de Louvain (UCLouvain), Brussels, Belgium – www.emdat.be.",ECCD,Climate Related Disasters Frequency,"Environment, Climate Change, Adaptation, Climate Related Disasters Frequency",,,,,,,,,,,,,1.0,,,2.0,,1.0,,,,,1.0,,1.0,1.0,,,,1.0,1.0,,,,,3.0,1.0,1.0,1.0,,,1.0,,
Albania,AL,ALB,"Climate related disasters frequency, Number of Disasters: Landslide",Number of,"The Emergency Events Database (EM-DAT) , Centre for Research on the Epidemiology of Disasters (CRED) / Université catholique de Louvain (UCLouvain), Brussels, Belgium – www.emdat.be.",ECCD,Climate Related Disasters Frequency,"Environment, Climate Change, Adaptation, Climate Related Disasters Frequency",,,,,,1.0,,,,,,,,,,,,,,,,,,,,,,,,,,,,,,,,,,,,,,
Albania,AL,ALB,"Climate related disasters frequency, Number of Disasters: Storm",Number of,"The Emergency Events Database (EM-DAT) , Centre for Research on the Epidemiology of Disasters (CRED) / Université catholique de Louvain (UCLouvain), Brussels, Belgium – www.emdat.be.",ECCD,Climate Related Disasters Frequency,"Environment, Climate Change, Adaptation, Climate Related Disasters Frequency",,,,,,,,,,,,,,,,,,,,,,,1.0,,,1.0,,,,,,,,,,,,,,,,,,
Albania,AL,ALB,"Climate related disasters frequency, Number of Disasters: TOTAL",Number of,"The Emergency Events Database (EM-DAT) , Centre for Research on the Epidemiology of Disasters (CRED) / Université catholique de Louvain (UCLouvain), Brussels, Belgium – www.emdat.be.",ECCD,Climate Related Disasters Frequency,"Environment, Climate Change, Adaptation, Climate Related Disasters Frequency",,,,,,2.0,,,,1.0,,,1.0,,,2.0,,1.0,,,,,2.0,,2.0,2.0,,2.0,,1.0,1.0,,1.0,,,3.0,1.0,2.0,1.0,,,1.0,,
Albania,AL,ALB,"Climate related disasters frequency, Number of Disasters: Wildfire",Number of,"The Emergency Events Database (EM-DAT) , Centre for Research on the Epidemiology of Disasters (CRED) / Université catholique de Louvain (UCLouvain), Brussels, Belgium – www.emdat.be.",ECCD,Climate Related Disasters Frequency,"Environment, Climate Change, Adaptation, Climate Related Disasters Frequency",,,,,,,,,,,,,,,,,,,,,,,,,,,,1.0,,,,,,,,,,,,,,,,
Algeria,DZ,DZA,"Climate related disasters frequency, Number of Disasters: Drought",Number of,"The Emergency Events Database (EM-DAT) , Centre for Research on the Epidemiology of Disasters (CRED) / Université catholique de Louvain (UCLouvain), Brussels, Belgium – www.emdat.be.",ECCD,Climate Related Disasters Frequency,"Environment, Climate Change, Adaptation, Climate Related Disasters Frequency",,1.0,,,,,,,,,,,,,,,,,,,,,,,,,,,,,,,,,,,,,,,,,,
Algeria,DZ,DZA,"Climate related disasters frequency, Number of Disasters: Extreme temperature",Number of,"The Emergency Events Database (EM-DAT) , Centre for Research on the Epidemiology of Disasters (CRED) / Université catholique de Louvain (UCLouvain), Brussels, Belgium – www.emdat.be.",ECCD,Climate Related Disasters Frequency,"Environment, Climate Change, Adaptation, Climate Related Disasters Frequency",,,,,,,,,,,,,,,,,,,,,,,,1.0,,,,,,,,,,,,,,1.0,,1.0,,,,
Algeria,DZ,DZA,"Climate related disasters frequency, Number of Disasters: Flood",Number of,"The Emergency Events Database (EM-DAT) , Centre for Research on the Epidemiology of Disasters (CRED) / Université catholique de Louvain (UCLouvain), Brussels, Belgium – www.emdat.be.",ECCD,Climate Related Disasters Frequency,"Environment, Climate Change, Adaptation, Climate Related Disasters Frequency",,1.0,1.0,,1.0,1.0,,,,,,,1.0,1.0,2.0,,1.0,1.0,,1.0,4.0,1.0,3.0,3.0,2.0,2.0,1.0,6.0,1.0,2.0,,1.0,2.0,,,2.0,,,1.0,,,2.0,,1.0
Algeria,DZ,DZA,"Climate related disasters frequency, Number of Disasters: Landslide",Number of,"The Emergency Events Database (EM-DAT) , Centre for Research on the Epidemiology of Disasters (CRED) / Université catholique de Louvain (UCLouvain), Brussels, Belgium – www.emdat.be.",ECCD,Climate Related Disasters Frequency,"Environment, Climate Change, Adaptation, Climate Related Disasters Frequency",,,,,,,,,,,,,,1.0,,,,,,,,,,,,,,,,,,,,,,,,,,,,,,
Algeria,DZ,DZA,"Climate related disasters frequency, Number of Disasters: Storm",Number of,"The Emergency Events Database (EM-DAT) , Centre for Research on the Epidemiology of Disasters (CRED) / Université catholique de Louvain (UCLouvain), Brussels, Belgium – www.emdat.be.",ECCD,Climate Related Disasters Frequency,"Environment, Climate Change, Adaptation, Climate Related Disasters Frequency",,,,,,,,,1.0,,,,,,,,,,,,1.0,,,1.0,,1.0,,,,,,,,,,,,,,,,,,
Algeria,DZ,DZA,"Climate related disasters frequency, Number of Disasters: TOTAL",Number of,"The Emergency Events Database (EM-DAT) , Centre for Research on the Epidemiology of Disasters (CRED) / Université catholique de Louvain (UCLouvain), Brussels, Belgium – www.emdat.be.",ECCD,Climate Related Disasters Frequency,"Environment, Climate Change, Adaptation, Climate Related Disasters Frequency",,2.0,1.0,,1.0,1.0,,,1.0,,,,1.0,2.0,3.0,,1.0,1.0,,1.0,5.0,1.0,3.0,5.0,2.0,3.0,1.0,7.0,1.0,2.0,,1.0,2.0,,,2.0,,1.0,1.0,1.0,,3.0,1.0,2.0
Algeria,DZ,DZA,"Climate related disasters frequency, Number of Disasters: Wildfire",Number of,"The Emergency Events Database (EM-DAT) , Centre for Research on the Epidemiology of Disasters (CRED) / Université catholique de Louvain (UCLouvain), Brussels, Belgium – www.emdat.be.",ECCD,Climate Related Disasters Frequency,"Environment, Climate Change, Adaptation, Climate Related Disasters Frequency",,,,,,,,,,,,,,,1.0,,,,,,,,,,,,,1.0,,,,,,,,,,,,,,1.0,1.0,1.0
All Countries and International Organizations,AQ,ACQ,"Climate related disasters frequency, Number of Disasters: TOTAL",Number of,"The Emergency Events Database (EM-DAT) , Centre for Research on the Epidemiology of Disasters (CRED) / Université catholique de Louvain (UCLouvain), Brussels, Belgium – www.emdat.be.",ECCD,Climate Related Disasters Frequency,"Environment, Climate Change, Adaptation, Climate Related Disasters Frequency",107.0,118.0,122.0,158.0,119.0,135.0,122.0,164.0,173.0,147.0,237.0,178.0,168.0,230.0,213.0,215.0,208.0,232.0,254.0,301.0,372.0,344.0,375.0,318.0,302.0,407.0,354.0,385.0,326.0,314.0,366.0,296.0,316.0,296.0,292.0,354.0,294.0,319.0,290.0,361.0,375.0,391.0,351.0,356.0
American Samoa,AS,ASM,"Climate related disasters frequency, Number of Disasters: Flood",Number of,"The Emergency Events Database (EM-DAT) , Centre for Research on the Epidemiology of Disasters (CRED) / Université catholique de Louvain (UCLouvain), Brussels, Belgium – www.emdat.be.",ECCD,Climate Related Disasters Frequency,"Environment, Climate Change, Adaptation, Climate Related Disasters Frequency",,,,,,,,,,,,,,,,,,,,,,,,1.0,,,,,,,,,,,,,,,,,,,,
American Samoa,AS,ASM,"Climate related disasters frequency, Number of Disasters: Storm",Number of,"The Emergency Events Database (EM-DAT) , Centre for Research on the Epidemiology of Disasters (CRED) / Université catholique de Louvain (UCLouvain), Brussels, Belgium – www.emdat.be.",ECCD,Climate Related Disasters Frequency,"Environment, Climate Change, Adaptation, Climate Related Disasters Frequency",,,,,,,,,,1.0,,,,,,,,,,,,,,,1.0,1.0,,,,,,,,,,,,,,,,,,
American Samoa,AS,ASM,"Climate related disasters frequency, Number of Disasters: TOTAL",Number of,"The Emergency Events Database (EM-DAT) , Centre for Research on the Epidemiology of Disasters (CRED) / Université catholique de Louvain (UCLouvain), Brussels, Belgium – www.emdat.be.",ECCD,Climate Related Disasters Frequency,"Environment, Climate Change, Adaptation, Climate Related Disasters Frequency",,,,,,,,,,1.0,,,,,,,,,,,,,,1.0,1.0,1.0,,,,,,,,,,,,,,,,,,
Angola,AO,AGO,"Climate related disasters frequency, Number of Disasters: Drought",Number of,"The Emergency Events Database (EM-DAT) , Centre for Research on the Epidemiology of Disasters (CRED) / Université catholique de Louvain (UCLouvain), Brussels, Belgium – www.emdat.be.",ECCD,Climate Related Disasters Frequency,"Environment, Climate Change, Adaptation, Climate Related Disasters Frequency",,1.0,,,,1.0,,,,1.0,,,,,,,,1.0,,,,1.0,,,1.0,,,,,,,,1.0,,,,,1.0,,,1.0,,,
Angola,AO,AGO,"Climate related disasters frequency, Number of Disasters: Flood",Number of,"The Emergency Events Database (EM-DAT) , Centre for Research on the Epidemiology of Disasters (CRED) / Université catholique de Louvain (UCLouvain), Brussels, Belgium – www.emdat.be.",ECCD,Climate Related Disasters Frequency,"Environment, Climate Change, Adaptation, Climate Related Disasters Frequency",,,,,,,,,,1.0,,,,,,,,,,,4.0,2.0,1.0,2.0,3.0,1.0,1.0,2.0,1.0,3.0,3.0,4.0,,1.0,,3.0,4.0,1.0,1.0,3.0,2.0,2.0,,2.0
Angola,AO,AGO,"Climate related disasters frequency, Number of Disasters: Landslide",Number of,"The Emergency Events Database (EM-DAT) , Centre for Research on the Epidemiology of Disasters (CRED) / Université catholique de Louvain (UCLouvain), Brussels, Belgium – www.emdat.be.",ECCD,Climate Related Disasters Frequency,"Environment, Climate Change, Adaptation, Climate Related Disasters Frequency",,,,,,,,,,,,,,,,,,,,,1.0,,,,,,,,,,,,,,,,,,,,,,,
Angola,AO,AGO,"Climate related disasters frequency, Number of Disasters: TOTAL",Number of,"The Emergency Events Database (EM-DAT) , Centre for Research on the Epidemiology of Disasters (CRED) / Université catholique de Louvain (UCLouvain), Brussels, Belgium – www.emdat.be.",ECCD,Climate Related Disasters Frequency,"Environment, Climate Change, Adaptation, Climate Related Disasters Frequency",,1.0,,,,1.0,,,,2.0,,,,,,,,1.0,,,5.0,3.0,1.0,2.0,4.0,1.0,1.0,2.0,1.0,3.0,3.0,4.0,1.0,1.0,,3.0,4.0,2.0,1.0,3.0,3.0,2.0,,2.0
Anguilla,AI,AIA,"Climate related disasters frequency, Number of Disasters: Storm",Number of,"The Emergency Events Database (EM-DAT) , Centre for Research on the Epidemiology of Disasters (CRED) / Université catholique de Louvain (UCLouvain), Brussels, Belgium – www.emdat.be.",ECCD,Climate Related Disasters Frequency,"Environment, Climate Change, Adaptation, Climate Related Disasters Frequency",,,,,,,,,,,,,,,,,,,,1.0,,,,,,,,,,,,,,,,,,1.0,,,,,,
Anguilla,AI,AIA,"Climate related disasters frequency, Number of Disasters: TOTAL",Number of,"The Emergency Events Database (EM-DAT) , Centre for Research on the Epidemiology of Disasters (CRED) / Université catholique de Louvain (UCLouvain), Brussels, Belgium – www.emdat.be.",ECCD,Climate Related Disasters Frequency,"Environment, Climate Change, Adaptation, Climate Related Disasters Frequency",,,,,,,,,,,,,,,,,,,,1.0,,,,,,,,,,,,,,,,,,1.0,,,,,,
Antigua and Barbuda,AG,ATG,"Climate related disasters frequency, Number of Disasters: Drought",Number of,"The Emergency Events Database (EM-DAT) , Centre for Research on the Epidemiology of Disasters (CRED) / Université catholique de Louvain (UCLouvain), Brussels, Belgium – www.emdat.be.",ECCD,Climate Related Disasters Frequency,"Environment, Climate Change, Adaptation, Climate Related Disasters Frequency",,,,1.0,,,,,,,,,,,,,,,,,,,,,,,,,,,,,,,,,,,,,,,,
Antigua and Barbuda,AG,ATG,"Climate related disasters frequency, Number of Disasters: Storm",Number of,"The Emergency Events Database (EM-DAT) , Centre for Research on the Epidemiology of Disasters (CRED) / Université catholique de Louvain (UCLouvain), Brussels, Belgium – www.emdat.be.",ECCD,Climate Related Disasters Frequency,"Environment, Climate Change, Adaptation, Climate Related Disasters Frequency",,,,,,,,,,1.0,1.0,,,,,1.0,,,1.0,2.0,,,,,,,,,1.0,,1.0,,,,,,,1.0,,,,,,
Antigua and Barbuda,AG,ATG,"Climate related disasters frequency, Number of Disasters: TOTAL",Number of,"The Emergency Events Database (EM-DAT) , Centre for Research on the Epidemiology of Disasters (CRED) / Université catholique de Louvain (UCLouvain), Brussels, Belgium – www.emdat.be.",ECCD,Climate Related Disasters Frequency,"Environment, Climate Change, Adaptation, Climate Related Disasters Frequency",,,,1.0,,,,,,1.0,1.0,,,,,1.0,,,1.0,2.0,,,,,,,,,1.0,,1.0,,,,,,,1.0,,,,,,
Argentina,AR,ARG,"Climate related disasters frequency, Number of Disasters: Drought",Number of,"The Emergency Events Database (EM-DAT) , Centre for Research on the Epidemiology of Disasters (CRED) / Université catholique de Louvain (UCLouvain), Brussels, Belgium – www.emdat.be.",ECCD,Climate Related Disasters Frequency,"Environment, Climate Change, Adaptation, Climate Related Disasters Frequency",,,,,,,,,,,,,,,,,,,,,,,,1.0,,,,,,1.0,,,,,,,,,1.0,1.0,,,,
Argentina,AR,ARG,"Climate related disasters frequency, Number of Disasters: Extreme temperature",Number of,"The Emergency Events Database (EM-DAT) , Centre for Research on the Epidemiology of Disasters (CRED) / Université catholique de Louvain (UCLouvain), Brussels, Belgium – www.emdat.be.",ECCD,Climate Related Disasters Frequency,"Environment, Climate Change, Adaptation, Climate Related Disasters Frequency",,,,,,,,,,,,,,,,1.0,,,,,1.0,1.0,1.0,,1.0,,,1.0,,,1.0,,,,,,,,,,,,,
Argentina,AR,ARG,"Climate related disasters frequency, Number of Disasters: Flood",Number of,"The Emergency Events Database (EM-DAT) , Centre for Research on the Epidemiology of Disasters (CRED) / Université catholique de Louvain (UCLouvain), Brussels, Belgium – www.emdat.be.",ECCD,Climate Related Disasters Frequency,"Environment, Climate Change, Adaptation, Climate Related Disasters Frequency",2.0,,1.0,2.0,,2.0,1.0,1.0,1.0,,1.0,,2.0,3.0,,2.0,,1.0,1.0,,4.0,3.0,1.0,2.0,2.0,,1.0,2.0,1.0,2.0,,,1.0,1.0,3.0,3.0,2.0,3.0,3.0,3.0,1.0,1.0,,1.0
Argentina,AR,ARG,"Climate related disasters frequency, Number of Disasters: Landslide",Number of,"The Emergency Events Database (EM-DAT) , Centre for Research on the Epidemiology of Disasters (CRED) / Université catholique de Louvain (UCLouvain), Brussels, Belgium – www.emdat.be.",ECCD,Climate Related Disasters Frequency,"Environment, Climate Change, Adaptation, Climate Related Disasters Frequency",,,,,1.0,,,,,,,,,,,,,,,,,,,,,,,,,1.0,,,,,1.0,,,1.0,,,,,,
Argentina,AR,ARG,"Climate related disasters frequency, Number of Disasters: Storm",Number of,"The Emergency Events Database (EM-DAT) , Centre for Research on the Epidemiology of Disasters (CRED) / Université catholique de Louvain (UCLouvain), Brussels, Belgium – www.emdat.be.",ECCD,Climate Related Disasters Frequency,"Environment, Climate Change, Adaptation, Climate Related Disasters Frequency",,,,,,,1.0,1.0,,,,,,1.0,,1.0,,,1.0,,2.0,2.0,1.0,1.0,,1.0,,,,1.0,,,2.0,1.0,,1.0,,,1.0,,1.0,,,2.0
Argentina,AR,ARG,"Climate related disasters frequency, Number of Disasters: TOTAL",Number of,"The Emergency Events Database (EM-DAT) , Centre for Research on the Epidemiology of Disasters (CRED) / Université catholique de Louvain (UCLouvain), Brussels, Belgium – www.emdat.be.",ECCD,Climate Related Disasters Frequency,"Environment, Climate Change, Adaptation, Climate Related Disasters Frequency",2.0,,1.0,2.0,1.0,2.0,2.0,3.0,1.0,,1.0,,2.0,4.0,1.0,4.0,,1.0,2.0,1.0,8.0,7.0,3.0,4.0,3.0,1.0,1.0,3.0,1.0,5.0,1.0,,3.0,2.0,4.0,4.0,2.0,4.0,5.0,4.0,2.0,2.0,1.0,4.0
Argentina,AR,ARG,"Climate related disasters frequency, Number of Disasters: Wildfire",Number of,"The Emergency Events Database (EM-DAT) , Centre for Research on the Epidemiology of Disasters (CRED) / Université catholique de Louvain (UCLouvain), Brussels, Belgium – www.emdat.be.",ECCD,Climate Related Disasters Frequency,"Environment, Climate Change, Adaptation, Climate Related Disasters Frequency",,,,,,,,1.0,,,,,,,1.0,,,,,1.0,1.0,1.0,,,,,,,,,,,,,,,,,,,,1.0,1.0,1.0
"Armenia, Rep. of",AM,ARM,"Climate related disasters frequency, Number of Disasters: Drought",Number of,"The Emergency Events Database (EM-DAT) , Centre for Research on the Epidemiology of Disasters (CRED) / Université catholique de Louvain (UCLouvain), Brussels, Belgium – www.emdat.be.",ECCD,Climate Related Disasters Frequency,"Environment, Climate Change, Adaptation, Climate Related Disasters Frequency",,,,,,,,,,,,,,,,,,,,,1.0,,,,,,,,,,,,,,,,,,,,,,,
"Armenia, Rep. of",AM,ARM,"Climate related disasters frequency, Number of Disasters: Extreme temperature",Number of,"The Emergency Events Database (EM-DAT) , Centre for Research on the Epidemiology of Disasters (CRED) / Université catholique de Louvain (UCLouvain), Brussels, Belgium – www.emdat.be.",ECCD,Climate Related Disasters Frequency,"Environment, Climate Change, Adaptation, Climate Related Disasters Frequency",,,,,,,,,,,,,,,,,,,,,,,,,,,,,,,,,,1.0,,,,,,,,,,
"Armenia, Rep. of",AM,ARM,"Climate related disasters frequency, Number of Disasters: Flood",Number of,"The Emergency Events Database (EM-DAT) , Centre for Research on the Epidemiology of Disasters (CRED) / Université catholique de Louvain (UCLouvain), Brussels, Belgium – www.emdat.be.",ECCD,Climate Related Disasters Frequency,"Environment, Climate Change, Adaptation, Climate Related Disasters Frequency",,,,,,,,,,,,,,,,,,1.0,1.0,,,,,,1.0,,,,,,,,,,,,,,,,,,,
"Armenia, Rep. of",AM,ARM,"Climate related disasters frequency, Number of Disasters: Landslide",Number of,"The Emergency Events Database (EM-DAT) , Centre for Research on the Epidemiology of Disasters (CRED) / Université catholique de Louvain (UCLouvain), Brussels, Belgium – www.emdat.be.",ECCD,Climate Related Disasters Frequency,"Environment, Climate Change, Adaptation, Climate Related Disasters Frequency",,,,,,,,,,,,,,,,,,,,,,,,,,,,,,,,,,,,,1.0,,,,,,,
"Armenia, Rep. of",AM,ARM,"Climate related disasters frequency, Number of Disasters: Storm",Number of,"The Emergency Events Database (EM-DAT) , Centre for Research on the Epidemiology of Disasters (CRED) / Université catholique de Louvain (UCLouvain), Brussels, Belgium – www.emdat.be.",ECCD,Climate Related Disasters Frequency,"Environment, Climate Change, Adaptation, Climate Related Disasters Frequency",,,,,,,,,,,,,,,,,,,,,,,,,,,,,,,,,,1.0,,,,,1.0,1.0,1.0,,,1.0
"Armenia, Rep. of",AM,ARM,"Climate related disasters frequency, Number of Disasters: TOTAL",Number of,"The Emergency Events Database (EM-DAT) , Centre for Research on the Epidemiology of Disasters (CRED) / Université catholique de Louvain (UCLouvain), Brussels, Belgium – www.emdat.be.",ECCD,Climate Related Disasters Frequency,"Environment, Climate Change, Adaptation, Climate Related Disasters Frequency",,,,,,,,,,,,,,,,,,1.0,1.0,,1.0,,,,1.0,,,,,,,,,2.0,,,1.0,,1.0,1.0,1.0,,,1.0
Australia,AU,AUS,"Climate related disasters frequency, Number of Disasters: Drought",Number of,"The Emergency Events Database (EM-DAT) , Centre for Research on the Epidemiology of Disasters (CRED) / Université catholique de Louvain (UCLouvain), Brussels, Belgium – www.emdat.be.",ECCD,Climate Related Disasters Frequency,"Environment, Climate Change, Adaptation, Climate Related Disasters Frequency",,1.0,,,,,,,,,,1.0,1.0,,,,,,,,,,1.0,,,,1.0,,,,,,,,,,,,1.0,,,,,
Australia,AU,AUS,"Climate related disasters frequency, Number of Disasters: Extreme temperature",Number of,"The Emergency Events Database (EM-DAT) , Centre for Research on the Epidemiology of Disasters (CRED) / Université catholique de Louvain (UCLouvain), Brussels, Belgium – www.emdat.be.",ECCD,Climate Related Disasters Frequency,"Environment, Climate Change, Adaptation, Climate Related Disasters Frequency",,,,,,,,,,,,,,1.0,2.0,1.0,,,,,,,,,,,,,,1.0,,,,,1.0,,,,1.0,,,,,
Australia,AU,AUS,"Climate related disasters frequency, Number of Disasters: Flood",Number of,"The Emergency Events Database (EM-DAT) , Centre for Research on the Epidemiology of Disasters (CRED) / Université catholique de Louvain (UCLouvain), Brussels, Belgium – www.emdat.be.",ECCD,Climate Related Disasters Frequency,"Environment, Climate Change, Adaptation, Climate Related Disasters Frequency",,1.0,,,1.0,,1.0,,2.0,1.0,2.0,,,1.0,,,2.0,1.0,6.0,,1.0,4.0,,4.0,3.0,1.0,1.0,1.0,4.0,2.0,5.0,1.0,2.0,,,1.0,1.0,,1.0,1.0,1.0,4.0,5.0,1.0
Australia,AU,AUS,"Climate related disasters frequency, Number of Disasters: Landslide",Number of,"The Emergency Events Database (EM-DAT) , Centre for Research on the Epidemiology of Disasters (CRED) / Université catholique de Louvain (UCLouvain), Brussels, Belgium – www.emdat.be.",ECCD,Climate Related Disasters Frequency,"Environment, Climate Change, Adaptation, Climate Related Disasters Frequency",,,,,,,,,,,,,,,,,1.0,1.0,,,,,,,,,,,,,,,,,,,,,,,,,,
Australia,AU,AUS,"Climate related disasters frequency, Number of Disasters: Storm",Number of,"The Emergency Events Database (EM-DAT) , Centre for Research on the Epidemiology of Disasters (CRED) / Université catholique de Louvain (UCLouvain), Brussels, Belgium – www.emdat.be.",ECCD,Climate Related Disasters Frequency,"Environment, Climate Change, Adaptation, Climate Related Disasters Frequency",,,3.0,,,1.0,3.0,,1.0,2.0,1.0,2.0,2.0,2.0,4.0,4.0,6.0,,,4.0,3.0,3.0,3.0,5.0,3.0,2.0,3.0,1.0,1.0,2.0,3.0,1.0,,1.0,1.0,4.0,1.0,2.0,,,2.0,2.0,,2.0
Australia,AU,AUS,"Climate related disasters frequency, Number of Disasters: TOTAL",Number of,"The Emergency Events Database (EM-DAT) , Centre for Research on the Epidemiology of Disasters (CRED) / Université catholique de Louvain (UCLouvain), Brussels, Belgium – www.emdat.be.",ECCD,Climate Related Disasters Frequency,"Environment, Climate Change, Adaptation, Climate Related Disasters Frequency",,2.0,3.0,1.0,1.0,3.0,4.0,,3.0,3.0,4.0,3.0,3.0,4.0,8.0,5.0,9.0,4.0,6.0,5.0,5.0,9.0,5.0,10.0,6.0,4.0,8.0,2.0,5.0,6.0,8.0,3.0,2.0,3.0,4.0,8.0,3.0,3.0,3.0,3.0,3.0,7.0,5.0,3.0
Australia,AU,AUS,"Climate related disasters frequency, Number of Disasters: Wildfire",Number of,"The Emergency Events Database (EM-DAT) , Centre for Research on the Epidemiology of Disasters (CRED) / Université catholique de Louvain (UCLouvain), Brussels, Belgium – www.emdat.be.",ECCD,Climate Related Disasters Frequency,"Environment, Climate Change, Adaptation, Climate Related Disasters Frequency",,,,1.0,,2.0,,,,,1.0,,,,2.0,,,2.0,,1.0,1.0,2.0,1.0,1.0,,1.0,3.0,,,1.0,,1.0,,2.0,2.0,3.0,1.0,1.0,,2.0,,1.0,,
Austria,AT,AUT,"Climate related disasters frequency, Number of Disasters: Extreme temperature",Number of,"The Emergency Events Database (EM-DAT) , Centre for Research on the Epidemiology of Disasters (CRED) / Université catholique de Louvain (UCLouvain), Brussels, Belgium – www.emdat.be.",ECCD,Climate Related Disasters Frequency,"Environment, Climate Change, Adaptation, Climate Related Disasters Frequency",,,,,,,,,,,,,,,,,,,,,,,,1.0,,1.0,,1.0,,1.0,,,1.0,,,,,,,1.0,,,,
Austria,AT,AUT,"Climate related disasters frequency, Number of Disasters: Flood",Number of,"The Emergency Events Database (EM-DAT) , Centre for Research on the Epidemiology of Disasters (CRED) / Université catholique de Louvain (UCLouvain), Brussels, Belgium – www.emdat.be.",ECCD,Climate Related Disasters Frequency,"Environment, Climate Change, Adaptation, Climate Related Disasters Frequency",1.0,,1.0,1.0,,1.0,,,,,,1.0,,,,1.0,1.0,1.0,,1.0,,,1.0,,,2.0,1.0,,,2.0,,,,1.0,,,1.0,,,,,1.0,,
Austria,AT,AUT,"Climate related disasters frequency, Number of Disasters: Landslide",Number of,"The Emergency Events Database (EM-DAT) , Centre for Research on the Epidemiology of Disasters (CRED) / Université catholique de Louvain (UCLouvain), Brussels, Belgium – www.emdat.be.",ECCD,Climate Related Disasters Frequency,"Environment, Climate Change, Adaptation, Climate Related Disasters Frequency",,,1.0,,1.0,,,,,,,,,,,,,,,1.0,1.0,,,,,,,,,,,,,,,,,,,,,,,
Austria,AT,AUT,"Climate related disasters frequency, Number of Disasters: Storm",Number of,"The Emergency Events Database (EM-DAT) , Centre for Research on the Epidemiology of Disasters (CRED) / Université catholique de Louvain (UCLouvain), Brussels, Belgium – www.emdat.be.",ECCD,Climate Related Disasters Frequency,"Environment, Climate Change, Adaptation, Climate Related Disasters Frequency",,1.0,,,1.0,,,,,,5.0,1.0,,1.0,1.0,,,,,,1.0,,2.0,,,,,1.0,1.0,1.0,,,,,,,,2.0,,1.0,,,1.0,
Austria,AT,AUT,"Climate related disasters frequency, Number of Disasters: TOTAL",Number of,"The Emergency Events Database (EM-DAT) , Centre for Research on the Epidemiology of Disasters (CRED) / Université catholique de Louvain (UCLouvain), Brussels, Belgium – www.emdat.be.",ECCD,Climate Related Disasters Frequency,"Environment, Climate Change, Adaptation, Climate Related Disasters Frequency",1.0,1.0,2.0,1.0,2.0,1.0,,,,,5.0,2.0,,1.0,1.0,1.0,1.0,1.0,,2.0,2.0,,3.0,1.0,,3.0,1.0,2.0,1.0,4.0,,,1.0,1.0,,,1.0,2.0,,2.0,,1.0,1.0,
"Azerbaijan, Rep. of",AZ,AZE,"Climate related disasters frequency, Number of Disasters: Drought",Number of,"The Emergency Events Database (EM-DAT) , Centre for Research on the Epidemiology of Disasters (CRED) / Université catholique de Louvain (UCLouvain), Brussels, Belgium – www.emdat.be.",ECCD,Climate Related Disasters Frequency,"Environment, Climate Change, Adaptation, Climate Related Disasters Frequency",,,,,,,,,,,,,,,,,,,,,1.0,,,,,,,,,,,,,,,,,,,,,,,
"Azerbaijan, Rep. of",AZ,AZE,"Climate related disasters frequency, Number of Disasters: Extreme temperature",Number of,"The Emergency Events Database (EM-DAT) , Centre for Research on the Epidemiology of Disasters (CRED) / Université catholique de Louvain (UCLouvain), Brussels, Belgium – www.emdat.be.",ECCD,Climate Related Disasters Frequency,"Environment, Climate Change, Adaptation, Climate Related Disasters Frequency",,,,,,,,,,,,,,,,,,,,,,,,,,,,,,,,,1.0,,,,,,,,,,,
"Azerbaijan, Rep. of",AZ,AZE,"Climate related disasters frequency, Number of Disasters: Flood",Number of,"The Emergency Events Database (EM-DAT) , Centre for Research on the Epidemiology of Disasters (CRED) / Université catholique de Louvain (UCLouvain), Brussels, Belgium – www.emdat.be.",ECCD,Climate Related Disasters Frequency,"Environment, Climate Change, Adaptation, Climate Related Disasters Frequency",,,,,,,,,,,,,,,,3.0,,1.0,,,,,,1.0,,,,,,1.0,1.0,,,,,,,,,,,,,
"Azerbaijan, Rep. of",AZ,AZE,"Climate related disasters frequency, Number of Disasters: Landslide",Number of,"The Emergency Events Database (EM-DAT) , Centre for Research on the Epidemiology of Disasters (CRED) / Université catholique de Louvain (UCLouvain), Brussels, Belgium – www.emdat.be.",ECCD,Climate Related Disasters Frequency,"Environment, Climate Change, Adaptation, Climate Related Disasters Frequency",,,,,,,,,,,,,,,,,,,,,1.0,,,,,,,,,,,,,,,,,,,,,,,
"Azerbaijan, Rep. of",AZ,AZE,"Climate related disasters frequency, Number of Disasters: TOTAL",Number of,"The Emergency Events Database (EM-DAT) , Centre for Research on the Epidemiology of Disasters (CRED) / Université catholique de Louvain (UCLouvain), Brussels, Belgium – www.emdat.be.",ECCD,Climate Related Disasters Frequency,"Environment, Climate Change, Adaptation, Climate Related Disasters Frequency",,,,,,,,,,,,,,,,3.0,,1.0,,,2.0,,,1.0,,,,,,1.0,1.0,,1.0,,,,,,,,,,,
Azores Island,,AZO,"Climate related disasters frequency, Number of Disasters: Landslide",Number of,"The Emergency Events Database (EM-DAT) , Centre for Research on the Epidemiology of Disasters (CRED) / Université catholique de Louvain (UCLouvain), Brussels, Belgium – www.emdat.be.",ECCD,Climate Related Disasters Frequency,"Environment, Climate Change, Adaptation, Climate Related Disasters Frequency",,,,,,,,,,,,,,,,,,1.0,,,,,,,,,,,,,,,,,,,,,,,,,,
Azores Island,,AZO,"Climate related disasters frequency, Number of Disasters: Storm",Number of,"The Emergency Events Database (EM-DAT) , Centre for Research on the Epidemiology of Disasters (CRED) / Université catholique de Louvain (UCLouvain), Brussels, Belgium – www.emdat.be.",ECCD,Climate Related Disasters Frequency,"Environment, Climate Change, Adaptation, Climate Related Disasters Frequency",,,,,,,,,,,,,,,,,1.0,,,,,,,,,,,,,,,,,,,,,,,,,,,
Azores Island,,AZO,"Climate related disasters frequency, Number of Disasters: TOTAL",Number of,"The Emergency Events Database (EM-DAT) , Centre for Research on the Epidemiology of Disasters (CRED) / Université catholique de Louvain (UCLouvain), Brussels, Belgium – www.emdat.be.",ECCD,Climate Related Disasters Frequency,"Environment, Climate Change, Adaptation, Climate Related Disasters Frequency",,,,,,,,,,,,,,,,,1.0,1.0,,,,,,,,,,,,,,,,,,,,,,,,,,
"Bahamas, The",BS,BHS,"Climate related disasters frequency, Number of Disasters: Flood",Number of,"The Emergency Events Database (EM-DAT) , Centre for Research on the Epidemiology of Disasters (CRED) / Université catholique de Louvain (UCLouvain), Brussels, Belgium – www.emdat.be.",ECCD,Climate Related Disasters Frequency,"Environment, Climate Change, Adaptation, Climate Related Disasters Frequency",,,,,,,,,1.0,,,,,,,,,,,,,,,,,,,,,,,,,1.0,,,,,,,,,,
"Bahamas, The",BS,BHS,"Climate related disasters frequency, Number of Disasters: Storm",Number of,"The Emergency Events Database (EM-DAT) , Centre for Research on the Epidemiology of Disasters (CRED) / Université catholique de Louvain (UCLouvain), Brussels, Belgium – www.emdat.be.",ECCD,Climate Related Disasters Frequency,"Environment, Climate Change, Adaptation, Climate Related Disasters Frequency",,,,,,,,,,,1.0,,1.0,,,1.0,,,,1.0,,1.0,,,3.0,1.0,,1.0,2.0,,,1.0,1.0,,,1.0,1.0,1.0,,1.0,,,,
"Bahamas, The",BS,BHS,"Climate related disasters frequency, Number of Disasters: TOTAL",Number of,"The Emergency Events Database (EM-DAT) , Centre for Research on the Epidemiology of Disasters (CRED) / Université catholique de Louvain (UCLouvain), Brussels, Belgium – www.emdat.be.",ECCD,Climate Related Disasters Frequency,"Environment, Climate Change, Adaptation, Climate Related Disasters Frequency",,,,,,,,,1.0,,1.0,,1.0,,,1.0,,,,1.0,,1.0,,,3.0,1.0,,1.0,2.0,,,1.0,1.0,1.0,,1.0,1.0,1.0,,1.0,,,,
Bangladesh,BD,BGD,"Climate related disasters frequency, Number of Disasters: Drought",Number of,"The Emergency Events Database (EM-DAT) , Centre for Research on the Epidemiology of Disasters (CRED) / Université catholique de Louvain (UCLouvain), Brussels, Belgium – www.emdat.be.",ECCD,Climate Related Disasters Frequency,"Environment, Climate Change, Adaptation, Climate Related Disasters Frequency",,,1.0,,,,,,,1.0,,,,,,,,,,,,,,,,,,,,1.0,,,,,,,,,,,,,,
Bangladesh,BD,BGD,"Climate related disasters frequency, Number of Disasters: Extreme temperature",Number of,"The Emergency Events Database (EM-DAT) , Centre for Research on the Epidemiology of Disasters (CRED) / Université catholique de Louvain (UCLouvain), Brussels, Belgium – www.emdat.be.",ECCD,Climate Related Disasters Frequency,"Environment, Climate Change, Adaptation, Climate Related Disasters Frequency",,,,,,,,,,2.0,2.0,1.0,,,1.0,1.0,1.0,1.0,1.0,,1.0,1.0,1.0,2.0,,2.0,,1.0,,1.0,,2.0,1.0,,,,,,1.0,1.0,,,,
Bangladesh,BD,BGD,"Climate related disasters frequency, Number of Disasters: Flood",Number of,"The Emergency Events Database (EM-DAT) , Centre for Research on the Epidemiology of Disasters (CRED) / Université catholique de Louvain (UCLouvain), Brussels, Belgium – www.emdat.be.",ECCD,Climate Related Disasters Frequency,"Environment, Climate Change, Adaptation, Climate Related Disasters Frequency",1.0,,1.0,4.0,1.0,2.0,2.0,2.0,2.0,1.0,2.0,3.0,3.0,3.0,4.0,4.0,2.0,1.0,1.0,5.0,3.0,2.0,1.0,2.0,3.0,3.0,2.0,2.0,2.0,2.0,2.0,1.0,2.0,,2.0,2.0,1.0,2.0,2.0,1.0,1.0,1.0,1.0,1.0
Bangladesh,BD,BGD,"Climate related disasters frequency, Number of Disasters: Landslide",Number of,"The Emergency Events Database (EM-DAT) , Centre for Research on the Epidemiology of Disasters (CRED) / Université catholique de Louvain (UCLouvain), Brussels, Belgium – www.emdat.be.",ECCD,Climate Related Disasters Frequency,"Environment, Climate Change, Adaptation, Climate Related Disasters Frequency",,,,,,,,,,,,,,,,,,,,,,,,,,,,,1.0,,1.0,1.0,,,,1.0,,1.0,,1.0,,,,
Bangladesh,BD,BGD,"Climate related disasters frequency, Number of Disasters: Storm",Number of,"The Emergency Events Database (EM-DAT) , Centre for Research on the Epidemiology of Disasters (CRED) / Université catholique de Louvain (UCLouvain), Brussels, Belgium – www.emdat.be.",ECCD,Climate Related Disasters Frequency,"Environment, Climate Change, Adaptation, Climate Related Disasters Frequency",1.0,3.0,,4.0,,3.0,4.0,1.0,4.0,2.0,4.0,2.0,2.0,8.0,4.0,4.0,4.0,5.0,5.0,6.0,7.0,4.0,4.0,3.0,4.0,7.0,5.0,2.0,2.0,2.0,3.0,1.0,2.0,3.0,2.0,4.0,2.0,2.0,1.0,3.0,1.0,1.0,1.0,3.0
Bangladesh,BD,BGD,"Climate related disasters frequency, Number of Disasters: TOTAL",Number of,"The Emergency Events Database (EM-DAT) , Centre for Research on the Epidemiology of Disasters (CRED) / Université catholique de Louvain (UCLouvain), Brussels, Belgium – www.emdat.be.",ECCD,Climate Related Disasters Frequency,"Environment, Climate Change, Adaptation, Climate Related Disasters Frequency",2.0,3.0,2.0,8.0,1.0,5.0,6.0,3.0,6.0,6.0,8.0,6.0,5.0,11.0,9.0,9.0,7.0,7.0,7.0,11.0,11.0,7.0,6.0,7.0,7.0,12.0,7.0,5.0,5.0,6.0,6.0,5.0,5.0,3.0,4.0,7.0,3.0,5.0,4.0,6.0,2.0,2.0,2.0,4.0
Barbados,BB,BRB,"Climate related disasters frequency, Number of Disasters: Drought",Number of,"The Emergency Events Database (EM-DAT) , Centre for Research on the Epidemiology of Disasters (CRED) / Université catholique de Louvain (UCLouvain), Brussels, Belgium – www.emdat.be.",ECCD,Climate Related Disasters Frequency,"Environment, Climate Change, Adaptation, Climate Related Disasters Frequency",,,,,,,,,,,,,,,,,,,,,,,,,,,,,,,1.0,,,,,,,,,,,,,
Barbados,BB,BRB,"Climate related disasters frequency, Number of Disasters: Flood",Number of,"The Emergency Events Database (EM-DAT) , Centre for Research on the Epidemiology of Disasters (CRED) / Université catholique de Louvain (UCLouvain), Brussels, Belgium – www.emdat.be.",ECCD,Climate Related Disasters Frequency,"Environment, Climate Change, Adaptation, Climate Related Disasters Frequency",,,,,1.0,,,,,,,,,,,,,,,,,,,,,,,,,,,,,,,,,,,,,,,
Barbados,BB,BRB,"Climate related disasters frequency, Number of Disasters: Storm",Number of,"The Emergency Events Database (EM-DAT) , Centre for Research on the Epidemiology of Disasters (CRED) / Université catholique de Louvain (UCLouvain), Brussels, Belgium – www.emdat.be.",ECCD,Climate Related Disasters Frequency,"Environment, Climate Change, Adaptation, Climate Related Disasters Frequency",1.0,,,,,,,1.0,,,,,,,,1.0,,,,,,,1.0,,1.0,,,,,,1.0,,,,,,,1.0,,,,1.0,,1.0
Barbados,BB,BRB,"Climate related disasters frequency, Number of Disasters: TOTAL",Number of,"The Emergency Events Database (EM-DAT) , Centre for Research on the Epidemiology of Disasters (CRED) / Université catholique de Louvain (UCLouvain), Brussels, Belgium – www.emdat.be.",ECCD,Climate Related Disasters Frequency,"Environment, Climate Change, Adaptation, Climate Related Disasters Frequency",1.0,,,,1.0,,,1.0,,,,,,,,1.0,,,,,,,1.0,,1.0,,,,,,2.0,,,,,,,1.0,,,,1.0,,1.0
"Belarus, Rep. of",BY,BLR,"Climate related disasters frequency, Number of Disasters: Extreme temperature",Number of,"The Emergency Events Database (EM-DAT) , Centre for Research on the Epidemiology of Disasters (CRED) / Université catholique de Louvain (UCLouvain), Brussels, Belgium – www.emdat.be.",ECCD,Climate Related Disasters Frequency,"Environment, Climate Change, Adaptation, Climate Related Disasters Frequency",,,,,,,,,,,,,,,,,,,,,1.0,,,,,1.0,,,,,,,1.0,1.0,1.0,,,1.0,,,,,,
"Belarus, Rep. of",BY,BLR,"Climate related disasters frequency, Number of Disasters: Flood",Number of,"The Emergency Events Database (EM-DAT) , Centre for Research on the Epidemiology of Disasters (CRED) / Université catholique de Louvain (UCLouvain), Brussels, Belgium – www.emdat.be.",ECCD,Climate Related Disasters Frequency,"Environment, Climate Change, Adaptation, Climate Related Disasters Frequency",,,,,,,,,,,,,,1.0,,,1.0,,,1.0,,,,,,,,,,,,,,,,,,,1.0,,,,,1.0
"Belarus, Rep. of",BY,BLR,"Climate related disasters frequency, Number of Disasters: Storm",Number of,"The Emergency Events Database (EM-DAT) , Centre for Research on the Epidemiology of Disasters (CRED) / Université catholique de Louvain (UCLouvain), Brussels, Belgium – www.emdat.be.",ECCD,Climate Related Disasters Frequency,"Environment, Climate Change, Adaptation, Climate Related Disasters Frequency",,,,,,,,,,,,,,,,,,1.0,,,,,,,,,,1.0,,,,,,,,,,,,,,,,
"Belarus, Rep. of",BY,BLR,"Climate related disasters frequency, Number of Disasters: TOTAL",Number of,"The Emergency Events Database (EM-DAT) , Centre for Research on the Epidemiology of Disasters (CRED) / Université catholique de Louvain (UCLouvain), Brussels, Belgium – www.emdat.be.",ECCD,Climate Related Disasters Frequency,"Environment, Climate Change, Adaptation, Climate Related Disasters Frequency",,,,,,,,,,,,,,1.0,,,1.0,1.0,,1.0,1.0,,,,,1.0,,1.0,,,,,1.0,1.0,1.0,,,1.0,1.0,,,,,1.0
Belgium,BE,BEL,"Climate related disasters frequency, Number of Disasters: Extreme temperature",Number of,"The Emergency Events Database (EM-DAT) , Centre for Research on the Epidemiology of Disasters (CRED) / Université catholique de Louvain (UCLouvain), Brussels, Belgium – www.emdat.be.",ECCD,Climate Related Disasters Frequency,"Environment, Climate Change, Adaptation, Climate Related Disasters Frequency",,,,,,1.0,,,,,,,,,,,,,,,,,,1.0,,2.0,1.0,,1.0,,,,1.0,,,1.0,,,1.0,3.0,1.0,,,
Belgium,BE,BEL,"Climate related disasters frequency, Number of Disasters: Flood",Number of,"The Emergency Events Database (EM-DAT) , Centre for Research on the Epidemiology of Disasters (CRED) / Université catholique de Louvain (UCLouvain), Brussels, Belgium – www.emdat.be.",ECCD,Climate Related Disasters Frequency,"Environment, Climate Change, Adaptation, Climate Related Disasters Frequency",,,,,,,,,,,,,,2.0,1.0,,,,1.0,,,,4.0,1.0,,1.0,,,,,1.0,1.0,,,,,1.0,,,,,1.0,,1.0
Belgium,BE,BEL,"Climate related disasters frequency, Number of Disasters: Storm",Number of,"The Emergency Events Database (EM-DAT) , Centre for Research on the Epidemiology of Disasters (CRED) / Université catholique de Louvain (UCLouvain), Brussels, Belgium – www.emdat.be.",ECCD,Climate Related Disasters Frequency,"Environment, Climate Change, Adaptation, Climate Related Disasters Frequency",,,,,1.0,1.0,,,,,6.0,,,,,1.0,,,1.0,2.0,,,1.0,,,,,1.0,1.0,,2.0,1.0,,2.0,1.0,,1.0,,1.0,,1.0,2.0,1.0,1.0
Belgium,BE,BEL,"Climate related disasters frequency, Number of Disasters: TOTAL",Number of,"The Emergency Events Database (EM-DAT) , Centre for Research on the Epidemiology of Disasters (CRED) / Université catholique de Louvain (UCLouvain), Brussels, Belgium – www.emdat.be.",ECCD,Climate Related Disasters Frequency,"Environment, Climate Change, Adaptation, Climate Related Disasters Frequency",,,,,1.0,2.0,,,,,6.0,,,2.0,1.0,1.0,,,2.0,2.0,,,5.0,2.0,,3.0,1.0,1.0,2.0,,3.0,2.0,1.0,2.0,1.0,1.0,2.0,,2.0,3.0,2.0,3.0,1.0,2.0
Belize,BZ,BLZ,"Climate related disasters frequency, Number of Disasters: Extreme temperature",Number of,"The Emergency Events Database (EM-DAT) , Centre for Research on the Epidemiology of Disasters (CRED) / Université catholique de Louvain (UCLouvain), Brussels, Belgium – www.emdat.be.",ECCD,Climate Related Disasters Frequency,"Environment, Climate Change, Adaptation, Climate Related Disasters Frequency",,,,,,,,,,,1.0,,,,,,,,,,,,,,,,,,,,,,,,,,,,,,,,,
Belize,BZ,BLZ,"Climate related disasters frequency, Number of Disasters: Flood",Number of,"The Emergency Events Database (EM-DAT) , Centre for Research on the Epidemiology of Disasters (CRED) / Université catholique de Louvain (UCLouvain), Brussels, Belgium – www.emdat.be.",ECCD,Climate Related Disasters Frequency,"Environment, Climate Change, Adaptation, Climate Related Disasters Frequency",,,,,,,,,,,1.0,,,,,1.0,,,,,,,,,,,,,1.0,,,,,,,1.0,,,,,,,,
Belize,BZ,BLZ,"Climate related disasters frequency, Number of Disasters: Storm",Number of,"The Emergency Events Database (EM-DAT) , Centre for Research on the Epidemiology of Disasters (CRED) / Université catholique de Louvain (UCLouvain), Brussels, Belgium – www.emdat.be.",ECCD,Climate Related Disasters Frequency,"Environment, Climate Change, Adaptation, Climate Related Disasters Frequency",,,,,,,,,,,,,,,,,,,1.0,,1.0,2.0,,,,2.0,,1.0,1.0,,1.0,,,,,,1.0,,,,1.0,,1.0,
Belize,BZ,BLZ,"Climate related disasters frequency, Number of Disasters: TOTAL",Number of,"The Emergency Events Database (EM-DAT) , Centre for Research on the Epidemiology of Disasters (CRED) / Université catholique de Louvain (UCLouvain), Brussels, Belgium – www.emdat.be.",ECCD,Climate Related Disasters Frequency,"Environment, Climate Change, Adaptation, Climate Related Disasters Frequency",,,,,,,,,,,2.0,,,,,1.0,,,1.0,,1.0,2.0,,,,2.0,,1.0,2.0,,1.0,,,,,1.0,1.0,,,,1.0,,1.0,
Benin,BJ,BEN,"Climate related disasters frequency, Number of Disasters: Drought",Number of,"The Emergency Events Database (EM-DAT) , Centre for Research on the Epidemiology of Disasters (CRED) / Université catholique de Louvain (UCLouvain), Brussels, Belgium – www.emdat.be.",ECCD,Climate Related Disasters Frequency,"Environment, Climate Change, Adaptation, Climate Related Disasters Frequency",1.0,,,,,,,,,,,,,,,,,,,,,,,,,,,,,,,,,,,,,,,,,,,
Benin,BJ,BEN,"Climate related disasters frequency, Number of Disasters: Flood",Number of,"The Emergency Events Database (EM-DAT) , Centre for Research on the Epidemiology of Disasters (CRED) / Université catholique de Louvain (UCLouvain), Brussels, Belgium – www.emdat.be.",ECCD,Climate Related Disasters Frequency,"Environment, Climate Change, Adaptation, Climate Related Disasters Frequency",,,1.0,,,1.0,,,1.0,,,1.0,,,1.0,1.0,1.0,1.0,1.0,1.0,,,,,,,,1.0,1.0,2.0,1.0,1.0,1.0,1.0,,,,,,,1.0,1.0,1.0,
Benin,BJ,BEN,"Climate related disasters frequency, Number of Disasters: Storm",Number of,"The Emergency Events Database (EM-DAT) , Centre for Research on the Epidemiology of Disasters (CRED) / Université catholique de Louvain (UCLouvain), Brussels, Belgium – www.emdat.be.",ECCD,Climate Related Disasters Frequency,"Environment, Climate Change, Adaptation, Climate Related Disasters Frequency",,,,,,,,,,,,,,,,,,,,,,,,,,,,,,1.0,,,,,,,,,,,,,,
Benin,BJ,BEN,"Climate related disasters frequency, Number of Disasters: TOTAL",Number of,"The Emergency Events Database (EM-DAT) , Centre for Research on the Epidemiology of Disasters (CRED) / Université catholique de Louvain (UCLouvain), Brussels, Belgium – www.emdat.be.",ECCD,Climate Related Disasters Frequency,"Environment, Climate Change, Adaptation, Climate Related Disasters Frequency",1.0,,1.0,,1.0,1.0,,,1.0,,,1.0,,,1.0,1.0,1.0,1.0,1.0,1.0,,,,,,,,1.0,1.0,3.0,1.0,1.0,1.0,2.0,,,,,,,1.0,1.0,1.0,
Benin,BJ,BEN,"Climate related disasters frequency, Number of Disasters: Wildfire",Number of,"The Emergency Events Database (EM-DAT) , Centre for Research on the Epidemiology of Disasters (CRED) / Université catholique de Louvain (UCLouvain), Brussels, Belgium – www.emdat.be.",ECCD,Climate Related Disasters Frequency,"Environment, Climate Change, Adaptation, Climate Related Disasters Frequency",,,,,1.0,,,,,,,,,,,,,,,,,,,,,,,,,,,,,1.0,,,,,,,,,,
Bermuda,BM,BMU,"Climate related disasters frequency, Number of Disasters: Storm",Number of,"The Emergency Events Database (EM-DAT) , Centre for Research on the Epidemiology of Disasters (CRED) / Université catholique de Louvain (UCLouvain), Brussels, Belgium – www.emdat.be.",ECCD,Climate Related Disasters Frequency,"Environment, Climate Change, Adaptation, Climate Related Disasters Frequency",,,,,,1.0,1.0,1.0,,1.0,,,,,,,,,,,,,,1.0,,,,,,,,,,,,,,,,,,,,
Bermuda,BM,BMU,"Climate related disasters frequency, Number of Disasters: TOTAL",Number of,"The Emergency Events Database (EM-DAT) , Centre for Research on the Epidemiology of Disasters (CRED) / Université catholique de Louvain (UCLouvain), Brussels, Belgium – www.emdat.be.",ECCD,Climate Related Disasters Frequency,"Environment, Climate Change, Adaptation, Climate Related Disasters Frequency",,,,,,1.0,1.0,1.0,,1.0,,,,,,,,,,,,,,1.0,,,,,,,,,,,,,,,,,,,,
Bhutan,BT,BTN,"Climate related disasters frequency, Number of Disasters: Flood",Number of,"The Emergency Events Database (EM-DAT) , Centre for Research on the Epidemiology of Disasters (CRED) / Université catholique de Louvain (UCLouvain), Brussels, Belgium – www.emdat.be.",ECCD,Climate Related Disasters Frequency,"Environment, Climate Change, Adaptation, Climate Related Disasters Frequency",,,,,,,,,,,,,,,1.0,,,,,,1.0,,,,1.0,,,,,,,,,,,,,,,,,1.0,,
Bhutan,BT,BTN,"Climate related disasters frequency, Number of Disasters: Storm",Number of,"The Emergency Events Database (EM-DAT) , Centre for Research on the Epidemiology of Disasters (CRED) / Université catholique de Louvain (UCLouvain), Brussels, Belgium – www.emdat.be.",ECCD,Climate Related Disasters Frequency,"Environment, Climate Change, Adaptation, Climate Related Disasters Frequency",,,,,,,,,,,,,,,1.0,,,,,,,,,,,,,,,1.0,,,,,,,,,,,,,,
Bhutan,BT,BTN,"Climate related disasters frequency, Number of Disasters: TOTAL",Number of,"The Emergency Events Database (EM-DAT) , Centre for Research on the Epidemiology of Disasters (CRED) / Université catholique de Louvain (UCLouvain), Brussels, Belgium – www.emdat.be.",ECCD,Climate Related Disasters Frequency,"Environment, Climate Change, Adaptation, Climate Related Disasters Frequency",,,,,,,,,,,,,,,2.0,,,,,1.0,1.0,,,,1.0,,,,,1.0,,,,,,,,,,,,1.0,,
Bhutan,BT,BTN,"Climate related disasters frequency, Number of Disasters: Wildfire",Number of,"The Emergency Events Database (EM-DAT) , Centre for Research on the Epidemiology of Disasters (CRED) / Université catholique de Louvain (UCLouvain), Brussels, Belgium – www.emdat.be.",ECCD,Climate Related Disasters Frequency,"Environment, Climate Change, Adaptation, Climate Related Disasters Frequency",,,,,,,,,,,,,,,,,,,,1.0,,,,,,,,,,,,,,,,,,,,,,,,
Bolivia,BO,BOL,"Climate related disasters frequency, Number of Disasters: Drought",Number of,"The Emergency Events Database (EM-DAT) , Centre for Research on the Epidemiology of Disasters (CRED) / Université catholique de Louvain (UCLouvain), Brussels, Belgium – www.emdat.be.",ECCD,Climate Related Disasters Frequency,"Environment, Climate Change, Adaptation, Climate Related Disasters Frequency",,,,2.0,,,,,1.0,,1.0,,,,1.0,,,,,,1.0,,,,1.0,,,,1.0,,1.0,,,1.0,1.0,,1.0,,,,,,,1.0
Bolivia,BO,BOL,"Climate related disasters frequency, Number of Disasters: Extreme temperature",Number of,"The Emergency Events Database (EM-DAT) , Centre for Research on the Epidemiology of Disasters (CRED) / Université catholique de Louvain (UCLouvain), Brussels, Belgium – www.emdat.be.",ECCD,Climate Related Disasters Frequency,"Environment, Climate Change, Adaptation, Climate Related Disasters Frequency",,,,,,,,,,,,,,,,,,,,,1.0,1.0,,,,,,1.0,,,1.0,,,1.0,,,,,,,,,,
Bolivia,BO,BOL,"Climate related disasters frequency, Number of Disasters: Flood",Number of,"The Emergency Events Database (EM-DAT) , Centre for Research on the Epidemiology of Disasters (CRED) / Université catholique de Louvain (UCLouvain), Brussels, Belgium – www.emdat.be.",ECCD,Climate Related Disasters Frequency,"Environment, Climate Change, Adaptation, Climate Related Disasters Frequency",1.0,,1.0,1.0,1.0,1.0,1.0,1.0,,,,,2.0,,,,,2.0,,1.0,2.0,1.0,1.0,3.0,,,2.0,2.0,,1.0,1.0,1.0,1.0,2.0,2.0,1.0,2.0,,1.0,2.0,2.0,7.0,1.0,5.0
Bolivia,BO,BOL,"Climate related disasters frequency, Number of Disasters: Landslide",Number of,"The Emergency Events Database (EM-DAT) , Centre for Research on the Epidemiology of Disasters (CRED) / Université catholique de Louvain (UCLouvain), Brussels, Belgium – www.emdat.be.",ECCD,Climate Related Disasters Frequency,"Environment, Climate Change, Adaptation, Climate Related Disasters Frequency",,,,,,,,,,,,,1.0,,1.0,,1.0,,1.0,,,,,1.0,,,,,,,,1.0,,1.0,1.0,,,,,1.0,,,,
Bolivia,BO,BOL,"Climate related disasters frequency, Number of Disasters: Storm",Number of,"The Emergency Events Database (EM-DAT) , Centre for Research on the Epidemiology of Disasters (CRED) / Université catholique de Louvain (UCLouvain), Brussels, Belgium – www.emdat.be.",ECCD,Climate Related Disasters Frequency,"Environment, Climate Change, Adaptation, Climate Related Disasters Frequency",,,,,,,,,,,,,,,,,,,,,,,1.0,,,,,,1.0,,,,,,,,,,,,,,,
Bolivia,BO,BOL,"Climate related disasters frequency, Number of Disasters: TOTAL",Number of,"The Emergency Events Database (EM-DAT) , Centre for Research on the Epidemiology of Disasters (CRED) / Université catholique de Louvain (UCLouvain), Brussels, Belgium – www.emdat.be.",ECCD,Climate Related Disasters Frequency,"Environment, Climate Change, Adaptation, Climate Related Disasters Frequency",1.0,,1.0,3.0,1.0,1.0,1.0,1.0,1.0,,1.0,,3.0,,2.0,,1.0,2.0,1.0,2.0,4.0,2.0,3.0,4.0,1.0,1.0,2.0,3.0,2.0,1.0,4.0,2.0,1.0,5.0,4.0,1.0,3.0,,1.0,4.0,3.0,7.0,1.0,7.0
Bolivia,BO,BOL,"Climate related disasters frequency, Number of Disasters: Wildfire",Number of,"The Emergency Events Database (EM-DAT) , Centre for Research on the Epidemiology of Disasters (CRED) / Université catholique de Louvain (UCLouvain), Brussels, Belgium – www.emdat.be.",ECCD,Climate Related Disasters Frequency,"Environment, Climate Change, Adaptation, Climate Related Disasters Frequency",,,,,,,,,,,,,,,,,,,,1.0,,,1.0,,,1.0,,,,,1.0,,,,,,,,,1.0,1.0,,,1.0
Bosnia and Herzegovina,BA,BIH,"Climate related disasters frequency, Number of Disasters: Drought",Number of,"The Emergency Events Database (EM-DAT) , Centre for Research on the Epidemiology of Disasters (CRED) / Université catholique de Louvain (UCLouvain), Brussels, Belgium – www.emdat.be.",ECCD,Climate Related Disasters Frequency,"Environment, Climate Change, Adaptation, Climate Related Disasters Frequency",,,,,,,,,,,,,,,,,,,,,1.0,,,1.0,,,,,,,,,,,,,,,,,,,,
Bosnia and Herzegovina,BA,BIH,"Climate related disasters frequency, Number of Disasters: Extreme temperature",Number of,"The Emergency Events Database (EM-DAT) , Centre for Research on the Epidemiology of Disasters (CRED) / Université catholique de Louvain (UCLouvain), Brussels, Belgium – www.emdat.be.",ECCD,Climate Related Disasters Frequency,"Environment, Climate Change, Adaptation, Climate Related Disasters Frequency",,,,,,,,,,,,,,,,,,,,,,,,,,,,1.0,,1.0,1.0,,1.0,,,,,,,,,,,
Bosnia and Herzegovina,BA,BIH,"Climate related disasters frequency, Number of Disasters: Flood",Number of,"The Emergency Events Database (EM-DAT) , Centre for Research on the Epidemiology of Disasters (CRED) / Université catholique de Louvain (UCLouvain), Brussels, Belgium – www.emdat.be.",ECCD,Climate Related Disasters Frequency,"Environment, Climate Change, Adaptation, Climate Related Disasters Frequency",,,,,,,,,,,,,,,,,,,,,,1.0,,,2.0,1.0,,,,2.0,2.0,,,,4.0,1.0,,,,2.0,1.0,1.0,1.0,1.0
Bosnia and Herzegovina,BA,BIH,"Climate related disasters frequency, Number of Disasters: Landslide",Number of,"The Emergency Events Database (EM-DAT) , Centre for Research on the Epidemiology of Disasters (CRED) / Université catholique de Louvain (UCLouvain), Brussels, Belgium – www.emdat.be.",ECCD,Climate Related Disasters Frequency,"Environment, Climate Change, Adaptation, Climate Related Disasters Frequency",,,,,,,,,,,,,,,,,,,,,1.0,,,,,,,,,,,,,,,,,,,,,,,
Bosnia and Herzegovina,BA,BIH,"Climate related disasters frequency, Number of Disasters: Storm",Number of,"The Emergency Events Database (EM-DAT) , Centre for Research on the Epidemiology of Disasters (CRED) / Université catholique de Louvain (UCLouvain), Brussels, Belgium – www.emdat.be.",ECCD,Climate Related Disasters Frequency,"Environment, Climate Change, Adaptation, Climate Related Disasters Frequency",,,,,,,,,,,,,,,,,,,,1.0,,,,,,1.0,,,,,,,,,,,,,,,,,,1.0
Bosnia and Herzegovina,BA,BIH,"Climate related disasters frequency, Number of Disasters: TOTAL",Number of,"The Emergency Events Database (EM-DAT) , Centre for Research on the Epidemiology of Disasters (CRED) / Université catholique de Louvain (UCLouvain), Brussels, Belgium – www.emdat.be.",ECCD,Climate Related Disasters Frequency,"Environment, Climate Change, Adaptation, Climate Related Disasters Frequency",,,,,,,,,,,,,,,,,,,,1.0,2.0,1.0,,1.0,2.0,2.0,,1.0,,3.0,3.0,,1.0,,4.0,1.0,,,,2.0,1.0,1.0,1.0,2.0
Botswana,BW,BWA,"Climate related disasters frequency, Number of Disasters: Drought",Number of,"The Emergency Events Database (EM-DAT) , Centre for Research on the Epidemiology of Disasters (CRED) / Université catholique de Louvain (UCLouvain), Brussels, Belgium – www.emdat.be.",ECCD,Climate Related Disasters Frequency,"Environment, Climate Change, Adaptation, Climate Related Disasters Frequency",,1.0,,,,,,,,,1.0,,,,,,,,,,,,,,,,,,,,,,,,,1.0,,,,1.0,,,,
Botswana,BW,BWA,"Climate related disasters frequency, Number of Disasters: Flood",Number of,"The Emergency Events Database (EM-DAT) , Centre for Research on the Epidemiology of Disasters (CRED) / Université catholique de Louvain (UCLouvain), Brussels, Belgium – www.emdat.be.",ECCD,Climate Related Disasters Frequency,"Environment, Climate Change, Adaptation, Climate Related Disasters Frequency",,,,,,,,,1.0,,,,,,,1.0,,,,,1.0,,,,1.0,,,,,2.0,,1.0,,1.0,,,,1.0,1.0,,,,,
Botswana,BW,BWA,"Climate related disasters frequency, Number of Disasters: Storm",Number of,"The Emergency Events Database (EM-DAT) , Centre for Research on the Epidemiology of Disasters (CRED) / Université catholique de Louvain (UCLouvain), Brussels, Belgium – www.emdat.be.",ECCD,Climate Related Disasters Frequency,"Environment, Climate Change, Adaptation, Climate Related Disasters Frequency",,,,,,,,,,,,,,,,,,,,,,,,,,,,,,1.0,,,,,,,,,,,,,,
Botswana,BW,BWA,"Climate related disasters frequency, Number of Disasters: TOTAL",Number of,"The Emergency Events Database (EM-DAT) , Centre for Research on the Epidemiology of Disasters (CRED) / Université catholique de Louvain (UCLouvain), Brussels, Belgium – www.emdat.be.",ECCD,Climate Related Disasters Frequency,"Environment, Climate Change, Adaptation, Climate Related Disasters Frequency",,1.0,,,,,,,1.0,,1.0,,,,,1.0,,,,,1.0,,,,1.0,,,,,3.0,,1.0,,1.0,,1.0,,1.0,1.0,1.0,,,,
Brazil,BR,BRA,"Climate related disasters frequency, Number of Disasters: Drought",Number of,"The Emergency Events Database (EM-DAT) , Centre for Research on the Epidemiology of Disasters (CRED) / Université catholique de Louvain (UCLouvain), Brussels, Belgium – www.emdat.be.",ECCD,Climate Related Disasters Frequency,"Environment, Climate Change, Adaptation, Climate Related Disasters Frequency",,,,1.0,,1.0,,1.0,1.0,,,,,,1.0,,,,1.0,,,1.0,1.0,,1.0,1.0,,1.0,,,1.0,,1.0,,1.0,,,,,,1.0,1.0,1.0,1.0
Brazil,BR,BRA,"Climate related disasters frequency, Number of Disasters: Extreme temperature",Number of,"The Emergency Events Database (EM-DAT) , Centre for Research on the Epidemiology of Disasters (CRED) / Université catholique de Louvain (UCLouvain), Brussels, Belgium – www.emdat.be.",ECCD,Climate Related Disasters Frequency,"Environment, Climate Change, Adaptation, Climate Related Disasters Frequency",,,,,,,,,1.0,,,,,,1.0,,,,,,1.0,,,,1.0,,,,,,1.0,,,,,,,,,,,,,
Brazil,BR,BRA,"Climate related disasters frequency, Number of Disasters: Flood",Number of,"The Emergency Events Database (EM-DAT) , Centre for Research on the Epidemiology of Disasters (CRED) / Université catholique de Louvain (UCLouvain), Brussels, Belgium – www.emdat.be.",ECCD,Climate Related Disasters Frequency,"Environment, Climate Change, Adaptation, Climate Related Disasters Frequency",2.0,2.0,,2.0,5.0,2.0,1.0,2.0,3.0,4.0,2.0,1.0,4.0,,,3.0,1.0,3.0,5.0,1.0,4.0,3.0,2.0,5.0,2.0,2.0,2.0,3.0,4.0,7.0,3.0,8.0,2.0,5.0,4.0,4.0,2.0,1.0,2.0,7.0,5.0,8.0,11.0,14.0
Brazil,BR,BRA,"Climate related disasters frequency, Number of Disasters: Landslide",Number of,"The Emergency Events Database (EM-DAT) , Centre for Research on the Epidemiology of Disasters (CRED) / Université catholique de Louvain (UCLouvain), Brussels, Belgium – www.emdat.be.",ECCD,Climate Related Disasters Frequency,"Environment, Climate Change, Adaptation, Climate Related Disasters Frequency",,,,1.0,,,,,,3.0,,1.0,1.0,,,2.0,3.0,,,1.0,1.0,,2.0,,,,,1.0,,1.0,,,,,,1.0,,,1.0,,,,,
Brazil,BR,BRA,"Climate related disasters frequency, Number of Disasters: Storm",Number of,"The Emergency Events Database (EM-DAT) , Centre for Research on the Epidemiology of Disasters (CRED) / Université catholique de Louvain (UCLouvain), Brussels, Belgium – www.emdat.be.",ECCD,Climate Related Disasters Frequency,"Environment, Climate Change, Adaptation, Climate Related Disasters Frequency",1.0,,1.0,,1.0,1.0,,,,1.0,,,,,1.0,,,1.0,,,,1.0,,,1.0,1.0,,,1.0,1.0,,,,1.0,,1.0,,,,,1.0,,,3.0
Brazil,BR,BRA,"Climate related disasters frequency, Number of Disasters: TOTAL",Number of,"The Emergency Events Database (EM-DAT) , Centre for Research on the Epidemiology of Disasters (CRED) / Université catholique de Louvain (UCLouvain), Brussels, Belgium – www.emdat.be.",ECCD,Climate Related Disasters Frequency,"Environment, Climate Change, Adaptation, Climate Related Disasters Frequency",3.0,2.0,1.0,4.0,6.0,4.0,1.0,3.0,5.0,8.0,2.0,2.0,5.0,,3.0,5.0,4.0,4.0,8.0,3.0,6.0,5.0,5.0,5.0,5.0,4.0,2.0,5.0,5.0,9.0,5.0,8.0,3.0,6.0,5.0,6.0,2.0,1.0,3.0,8.0,7.0,9.0,12.0,18.0
Brazil,BR,BRA,"Climate related disasters frequency, Number of Disasters: Wildfire",Number of,"The Emergency Events Database (EM-DAT) , Centre for Research on the Epidemiology of Disasters (CRED) / Université catholique de Louvain (UCLouvain), Brussels, Belgium – www.emdat.be.",ECCD,Climate Related Disasters Frequency,"Environment, Climate Change, Adaptation, Climate Related Disasters Frequency",,,,,,,,,,,,,,,,,,,2.0,1.0,,,,,,,,,,,,,,,,,,,,1.0,,,,
British Virgin Islands,VG,VGB,"Climate related disasters frequency, Number of Disasters: Storm",Number of,"The Emergency Events Database (EM-DAT) , Centre for Research on the Epidemiology of Disasters (CRED) / Université catholique de Louvain (UCLouvain), Brussels, Belgium – www.emdat.be.",ECCD,Climate Related Disasters Frequency,"Environment, Climate Change, Adaptation, Climate Related Disasters Frequency",,,,,,,,,,,,,,,,,1.0,,,,,,,,,,,,,,,,,,,,,2.0,,,,,,
British Virgin Islands,VG,VGB,"Climate related disasters frequency, Number of Disasters: TOTAL",Number of,"The Emergency Events Database (EM-DAT) , Centre for Research on the Epidemiology of Disasters (CRED) / Université catholique de Louvain (UCLouvain), Brussels, Belgium – www.emdat.be.",ECCD,Climate Related Disasters Frequency,"Environment, Climate Change, Adaptation, Climate Related Disasters Frequency",,,,,,,,,,,,,,,,,1.0,,,,,,,,,,,,,,,,,,,,,2.0,,,,,,
Brunei Darussalam,BN,BRN,"Climate related disasters frequency, Number of Disasters: TOTAL",Number of,"The Emergency Events Database (EM-DAT) , Centre for Research on the Epidemiology of Disasters (CRED) / Université catholique de Louvain (UCLouvain), Brussels, Belgium – www.emdat.be.",ECCD,Climate Related Disasters Frequency,"Environment, Climate Change, Adaptation, Climate Related Disasters Frequency",,,,,,,,,,,,,,,,,,,1.0,,,,,,,,,,,,,,,,,,,,,,,,,
Brunei Darussalam,BN,BRN,"Climate related disasters frequency, Number of Disasters: Wildfire",Number of,"The Emergency Events Database (EM-DAT) , Centre for Research on the Epidemiology of Disasters (CRED) / Université catholique de Louvain (UCLouvain), Brussels, Belgium – www.emdat.be.",ECCD,Climate Related Disasters Frequency,"Environment, Climate Change, Adaptation, Climate Related Disasters Frequency",,,,,,,,,,,,,,,,,,,1.0,,,,,,,,,,,,,,,,,,,,,,,,,
Bulgaria,BG,BGR,"Climate related disasters frequency, Number of Disasters: Drought",Number of,"The Emergency Events Database (EM-DAT) , Centre for Research on the Epidemiology of Disasters (CRED) / Université catholique de Louvain (UCLouvain), Brussels, Belgium – www.emdat.be.",ECCD,Climate Related Disasters Frequency,"Environment, Climate Change, Adaptation, Climate Related Disasters Frequency",,,,1.0,,,,,,,,,,,,,,,,,1.0,,,,,,,,,,,,,,,,,,,,,,,
Bulgaria,BG,BGR,"Climate related disasters frequency, Number of Disasters: Extreme temperature",Number of,"The Emergency Events Database (EM-DAT) , Centre for Research on the Epidemiology of Disasters (CRED) / Université catholique de Louvain (UCLouvain), Brussels, Belgium – www.emdat.be.",ECCD,Climate Related Disasters Frequency,"Environment, Climate Change, Adaptation, Climate Related Disasters Frequency",,,,,,,,,,,,,,,,,,,1.0,,2.0,,,,,1.0,,1.0,1.0,,1.0,,2.0,,,,,,,,,,,
Bulgaria,BG,BGR,"Climate related disasters frequency, Number of Disasters: Flood",Number of,"The Emergency Events Database (EM-DAT) , Centre for Research on the Epidemiology of Disasters (CRED) / Université catholique de Louvain (UCLouvain), Brussels, Belgium – www.emdat.be.",ECCD,Climate Related Disasters Frequency,"Environment, Climate Change, Adaptation, Climate Related Disasters Frequency",,,,,,,,,,,,,,,,,,1.0,,,,,1.0,,,5.0,2.0,3.0,,,1.0,,1.0,,4.0,1.0,,,1.0,,,1.0,1.0,1.0
Bulgaria,BG,BGR,"Climate related disasters frequency, Number of Disasters: Storm",Number of,"The Emergency Events Database (EM-DAT) , Centre for Research on the Epidemiology of Disasters (CRED) / Université catholique de Louvain (UCLouvain), Brussels, Belgium – www.emdat.be.",ECCD,Climate Related Disasters Frequency,"Environment, Climate Change, Adaptation, Climate Related Disasters Frequency",,1.0,,,,,,,,,,,,1.0,,,,,,1.0,,1.0,,,,1.0,,,,,,,,,1.0,,,,,,,,,2.0
Bulgaria,BG,BGR,"Climate related disasters frequency, Number of Disasters: TOTAL",Number of,"The Emergency Events Database (EM-DAT) , Centre for Research on the Epidemiology of Disasters (CRED) / Université catholique de Louvain (UCLouvain), Brussels, Belgium – www.emdat.be.",ECCD,Climate Related Disasters Frequency,"Environment, Climate Change, Adaptation, Climate Related Disasters Frequency",,1.0,,1.0,,,,,,,,,,1.0,,,,1.0,1.0,1.0,4.0,2.0,1.0,,,7.0,2.0,6.0,1.0,,2.0,,3.0,,5.0,1.0,,,1.0,,,2.0,1.0,3.0
Bulgaria,BG,BGR,"Climate related disasters frequency, Number of Disasters: Wildfire",Number of,"The Emergency Events Database (EM-DAT) , Centre for Research on the Epidemiology of Disasters (CRED) / Université catholique de Louvain (UCLouvain), Brussels, Belgium – www.emdat.be.",ECCD,Climate Related Disasters Frequency,"Environment, Climate Change, Adaptation, Climate Related Disasters Frequency",,,,,,,,,,,,,,,,,,,,,1.0,1.0,,,,,,2.0,,,,,,,,,,,,,,1.0,,
Burkina Faso,BF,BFA,"Climate related disasters frequency, Number of Disasters: Drought",Number of,"The Emergency Events Database (EM-DAT) , Centre for Research on the Epidemiology of Disasters (CRED) / Université catholique de Louvain (UCLouvain), Brussels, Belgium – www.emdat.be.",ECCD,Climate Related Disasters Frequency,"Environment, Climate Change, Adaptation, Climate Related Disasters Frequency",1.0,,,,,,,,1.0,,1.0,,,,,1.0,,,1.0,,,1.0,,,,,,,,,,1.0,,,1.0,,,,,,1.0,,1.0,
Burkina Faso,BF,BFA,"Climate related disasters frequency, Number of Disasters: Flood",Number of,"The Emergency Events Database (EM-DAT) , Centre for Research on the Epidemiology of Disasters (CRED) / Université catholique de Louvain (UCLouvain), Brussels, Belgium – www.emdat.be.",ECCD,Climate Related Disasters Frequency,"Environment, Climate Change, Adaptation, Climate Related Disasters Frequency",,,,,1.0,1.0,,,1.0,,,,,,1.0,,,,,1.0,,,,1.0,,,2.0,1.0,2.0,2.0,1.0,,1.0,1.0,,1.0,1.0,1.0,,,3.0,,,
Burkina Faso,BF,BFA,"Climate related disasters frequency, Number of Disasters: TOTAL",Number of,"The Emergency Events Database (EM-DAT) , Centre for Research on the Epidemiology of Disasters (CRED) / Université catholique de Louvain (UCLouvain), Brussels, Belgium – www.emdat.be.",ECCD,Climate Related Disasters Frequency,"Environment, Climate Change, Adaptation, Climate Related Disasters Frequency",1.0,,,,1.0,1.0,,,2.0,,1.0,,,,1.0,1.0,,,1.0,1.0,,1.0,,1.0,,,2.0,1.0,2.0,2.0,1.0,1.0,1.0,1.0,1.0,1.0,1.0,1.0,,,4.0,,1.0,
Burundi,BI,BDI,"Climate related disasters frequency, Number of Disasters: Drought",Number of,"The Emergency Events Database (EM-DAT) , Centre for Research on the Epidemiology of Disasters (CRED) / Université catholique de Louvain (UCLouvain), Brussels, Belgium – www.emdat.be.",ECCD,Climate Related Disasters Frequency,"Environment, Climate Change, Adaptation, Climate Related Disasters Frequency",,,,,,,,,,,,,,,,,,,,1.0,,,,1.0,,1.0,,,1.0,1.0,1.0,,,,,,,,,,,,,
Burundi,BI,BDI,"Climate related disasters frequency, Number of Disasters: Flood",Number of,"The Emergency Events Database (EM-DAT) , Centre for Research on the Epidemiology of Disasters (CRED) / Université catholique de Louvain (UCLouvain), Brussels, Belgium – www.emdat.be.",ECCD,Climate Related Disasters Frequency,"Environment, Climate Change, Adaptation, Climate Related Disasters Frequency",,,,,,,,,,1.0,,,,,,,,,,,1.0,,2.0,,1.0,1.0,6.0,2.0,2.0,1.0,2.0,1.0,,,1.0,1.0,,,3.0,2.0,2.0,1.0,,2.0
Burundi,BI,BDI,"Climate related disasters frequency, Number of Disasters: Landslide",Number of,"The Emergency Events Database (EM-DAT) , Centre for Research on the Epidemiology of Disasters (CRED) / Université catholique de Louvain (UCLouvain), Brussels, Belgium – www.emdat.be.",ECCD,Climate Related Disasters Frequency,"Environment, Climate Change, Adaptation, Climate Related Disasters Frequency",,,,,,,,,,,,,,,,,,,,,,,,,,,,,,,,,,,,1.0,,1.0,,1.0,,,,
Burundi,BI,BDI,"Climate related disasters frequency, Number of Disasters: Storm",Number of,"The Emergency Events Database (EM-DAT) , Centre for Research on the Epidemiology of Disasters (CRED) / Université catholique de Louvain (UCLouvain), Brussels, Belgium – www.emdat.be.",ECCD,Climate Related Disasters Frequency,"Environment, Climate Change, Adaptation, Climate Related Disasters Frequency",,,,,,,,,,,,,,,,,,,,1.0,,,,,2.0,,1.0,,,,1.0,1.0,,,,,,,,,1.0,,,
Burundi,BI,BDI,"Climate related disasters frequency, Number of Disasters: TOTAL",Number of,"The Emergency Events Database (EM-DAT) , Centre for Research on the Epidemiology of Disasters (CRED) / Université catholique de Louvain (UCLouvain), Brussels, Belgium – www.emdat.be.",ECCD,Climate Related Disasters Frequency,"Environment, Climate Change, Adaptation, Climate Related Disasters Frequency",,,,,,,,,,1.0,,,,,,,,,,2.0,1.0,,2.0,1.0,3.0,2.0,7.0,2.0,3.0,2.0,4.0,2.0,,,1.0,2.0,,1.0,3.0,3.0,3.0,1.0,,2.0
Cabo Verde,CV,CPV,"Climate related disasters frequency, Number of Disasters: Drought",Number of,"The Emergency Events Database (EM-DAT) , Centre for Research on the Epidemiology of Disasters (CRED) / Université catholique de Louvain (UCLouvain), Brussels, Belgium – www.emdat.be.",ECCD,Climate Related Disasters Frequency,"Environment, Climate Change, Adaptation, Climate Related Disasters Frequency",1.0,,,,,,,,,,,,1.0,,,,,,1.0,,,,1.0,,,,,,,,,,,,,,,1.0,,,,,1.0,
Cabo Verde,CV,CPV,"Climate related disasters frequency, Number of Disasters: Flood",Number of,"The Emergency Events Database (EM-DAT) , Centre for Research on the Epidemiology of Disasters (CRED) / Université catholique de Louvain (UCLouvain), Brussels, Belgium – www.emdat.be.",ECCD,Climate Related Disasters Frequency,"Environment, Climate Change, Adaptation, Climate Related Disasters Frequency",,,,,,,,,,,,,,,,,,,,,,,,,,,,,,1.0,,,,,,,,,,,1.0,,,
Cabo Verde,CV,CPV,"Climate related disasters frequency, Number of Disasters: Storm",Number of,"The Emergency Events Database (EM-DAT) , Centre for Research on the Epidemiology of Disasters (CRED) / Université catholique de Louvain (UCLouvain), Brussels, Belgium – www.emdat.be.",ECCD,Climate Related Disasters Frequency,"Environment, Climate Change, Adaptation, Climate Related Disasters Frequency",,,1.0,,1.0,,,,,,,,,,,,,,,,,,,,,,,,,,,,,,,1.0,,,,,,,,
Cabo Verde,CV,CPV,"Climate related disasters frequency, Number of Disasters: TOTAL",Number of,"The Emergency Events Database (EM-DAT) , Centre for Research on the Epidemiology of Disasters (CRED) / Université catholique de Louvain (UCLouvain), Brussels, Belgium – www.emdat.be.",ECCD,Climate Related Disasters Frequency,"Environment, Climate Change, Adaptation, Climate Related Disasters Frequency",1.0,,1.0,,1.0,,,,,,,,1.0,,,,,,1.0,,,,1.0,,,,,,,1.0,,,,,,1.0,,1.0,,,1.0,,1.0,
Cambodia,KH,KHM,"Climate related disasters frequency, Number of Disasters: Drought",Number of,"The Emergency Events Database (EM-DAT) , Centre for Research on the Epidemiology of Disasters (CRED) / Université catholique de Louvain (UCLouvain), Brussels, Belgium – www.emdat.be.",ECCD,Climate Related Disasters Frequency,"Environment, Climate Change, Adaptation, Climate Related Disasters Frequency",,,,,,,,1.0,,,,,,,1.0,,,,,,,1.0,1.0,,,1.0,,,,,,,,,,,1.0,,,,,,,
Cambodia,KH,KHM,"Climate related disasters frequency, Number of Disasters: Flood",Number of,"The Emergency Events Database (EM-DAT) , Centre for Research on the Epidemiology of Disasters (CRED) / Université catholique de Louvain (UCLouvain), Brussels, Belgium – www.emdat.be.",ECCD,Climate Related Disasters Frequency,"Environment, Climate Change, Adaptation, Climate Related Disasters Frequency",,,,,,,,,,,,1.0,,,1.0,,1.0,,,2.0,1.0,1.0,1.0,,1.0,1.0,2.0,1.0,,,1.0,1.0,1.0,1.0,1.0,1.0,,,1.0,1.0,,3.0,1.0,
Cambodia,KH,KHM,"Climate related disasters frequency, Number of Disasters: Storm",Number of,"The Emergency Events Database (EM-DAT) , Centre for Research on the Epidemiology of Disasters (CRED) / Université catholique de Louvain (UCLouvain), Brussels, Belgium – www.emdat.be.",ECCD,Climate Related Disasters Frequency,"Environment, Climate Change, Adaptation, Climate Related Disasters Frequency",,,,,,,,,,,,,,,,,,1.0,,,,,,,,,,,,2.0,,,,,,1.0,,,,,2.0,1.0,1.0,1.0
Cambodia,KH,KHM,"Climate related disasters frequency, Number of Disasters: TOTAL",Number of,"The Emergency Events Database (EM-DAT) , Centre for Research on the Epidemiology of Disasters (CRED) / Université catholique de Louvain (UCLouvain), Brussels, Belgium – www.emdat.be.",ECCD,Climate Related Disasters Frequency,"Environment, Climate Change, Adaptation, Climate Related Disasters Frequency",,,,,,,,1.0,,,,1.0,,,2.0,,1.0,1.0,,2.0,1.0,2.0,2.0,,1.0,2.0,2.0,1.0,,2.0,1.0,1.0,1.0,1.0,1.0,2.0,1.0,,1.0,1.0,2.0,4.0,2.0,1.0
Cameroon,CM,CMR,"Climate related disasters frequency, Number of Disasters: Drought",Number of,"The Emergency Events Database (EM-DAT) , Centre for Research on the Epidemiology of Disasters (CRED) / Université catholique de Louvain (UCLouvain), Brussels, Belgium – www.emdat.be.",ECCD,Climate Related Disasters Frequency,"Environment, Climate Change, Adaptation, Climate Related Disasters Frequency",,,,,,,,,,,1.0,,,,,,,,,,,1.0,,,,1.0,,,,,,,1.0,,,,,,,,,,1.0,
Cameroon,CM,CMR,"Climate related disasters frequency, Number of Disasters: Flood",Number of,"The Emergency Events Database (EM-DAT) , Centre for Research on the Epidemiology of Disasters (CRED) / Université catholique de Louvain (UCLouvain), Brussels, Belgium – www.emdat.be.",ECCD,Climate Related Disasters Frequency,"Environment, Climate Change, Adaptation, Climate Related Disasters Frequency",,,,,,,,,1.0,,,1.0,,,1.0,,,,,1.0,1.0,1.0,,,,1.0,,1.0,1.0,,1.0,,2.0,1.0,1.0,1.0,,1.0,,,1.0,,1.0,
Cameroon,CM,CMR,"Climate related disasters frequency, Number of Disasters: Landslide",Number of,"The Emergency Events Database (EM-DAT) , Centre for Research on the Epidemiology of Disasters (CRED) / Université catholique de Louvain (UCLouvain), Brussels, Belgium – www.emdat.be.",ECCD,Climate Related Disasters Frequency,"Environment, Climate Change, Adaptation, Climate Related Disasters Frequency",,,,,,,,,,,,,,,,,,,,,,,,1.0,,,,,,,,,,,,,,,,1.0,,,2.0,
Cameroon,CM,CMR,"Climate related disasters frequency, Number of Disasters: TOTAL",Number of,"The Emergency Events Database (EM-DAT) , Centre for Research on the Epidemiology of Disasters (CRED) / Université catholique de Louvain (UCLouvain), Brussels, Belgium – www.emdat.be.",ECCD,Climate Related Disasters Frequency,"Environment, Climate Change, Adaptation, Climate Related Disasters Frequency",,,,,,,,,1.0,,1.0,1.0,,,1.0,,,,,1.0,1.0,2.0,,1.0,,2.0,,1.0,1.0,,1.0,,3.0,1.0,1.0,1.0,,1.0,,1.0,1.0,,4.0,
Canada,CA,CAN,"Climate related disasters frequency, Number of Disasters: Drought",Number of,"The Emergency Events Database (EM-DAT) , Centre for Research on the Epidemiology of Disasters (CRED) / Université catholique de Louvain (UCLouvain), Brussels, Belgium – www.emdat.be.",ECCD,Climate Related Disasters Frequency,"Environment, Climate Change, Adaptation, Climate Related Disasters Frequency",,,,,1.0,,,,1.0,,,,,,,,,,,,,,,,,,,,,,,,,,,,,,,,,,,
Canada,CA,CAN,"Climate related disasters frequency, Number of Disasters: Extreme temperature",Number of,"The Emergency Events Database (EM-DAT) , Centre for Research on the Epidemiology of Disasters (CRED) / Université catholique de Louvain (UCLouvain), Brussels, Belgium – www.emdat.be.",ECCD,Climate Related Disasters Frequency,"Environment, Climate Change, Adaptation, Climate Related Disasters Frequency",,,1.0,,,,,,,,,,1.0,,,,,,,,,,,,,,,,,,,,,1.0,1.0,,,,1.0,,,1.0,,
Canada,CA,CAN,"Climate related disasters frequency, Number of Disasters: Flood",Number of,"The Emergency Events Database (EM-DAT) , Centre for Research on the Epidemiology of Disasters (CRED) / Université catholique de Louvain (UCLouvain), Brussels, Belgium – www.emdat.be.",ECCD,Climate Related Disasters Frequency,"Environment, Climate Change, Adaptation, Climate Related Disasters Frequency",,,,1.0,,,1.0,2.0,1.0,,1.0,,,1.0,,1.0,1.0,1.0,1.0,,,,1.0,4.0,2.0,2.0,5.0,1.0,2.0,1.0,,1.0,1.0,1.0,1.0,,1.0,2.0,1.0,1.0,1.0,1.0,2.0,2.0
Canada,CA,CAN,"Climate related disasters frequency, Number of Disasters: Storm",Number of,"The Emergency Events Database (EM-DAT) , Centre for Research on the Epidemiology of Disasters (CRED) / Université catholique de Louvain (UCLouvain), Brussels, Belgium – www.emdat.be.",ECCD,Climate Related Disasters Frequency,"Environment, Climate Change, Adaptation, Climate Related Disasters Frequency",,1.0,,,,1.0,1.0,1.0,,1.0,,1.0,,,2.0,1.0,1.0,1.0,1.0,2.0,1.0,1.0,,2.0,2.0,1.0,,2.0,,2.0,1.0,2.0,2.0,1.0,,,,,1.0,1.0,1.0,1.0,4.0,
Canada,CA,CAN,"Climate related disasters frequency, Number of Disasters: TOTAL",Number of,"The Emergency Events Database (EM-DAT) , Centre for Research on the Epidemiology of Disasters (CRED) / Université catholique de Louvain (UCLouvain), Brussels, Belgium – www.emdat.be.",ECCD,Climate Related Disasters Frequency,"Environment, Climate Change, Adaptation, Climate Related Disasters Frequency",1.0,1.0,1.0,1.0,1.0,2.0,4.0,3.0,2.0,2.0,1.0,1.0,2.0,1.0,3.0,4.0,2.0,3.0,3.0,3.0,1.0,2.0,2.0,7.0,4.0,5.0,5.0,3.0,2.0,3.0,1.0,4.0,3.0,3.0,2.0,1.0,2.0,3.0,4.0,2.0,2.0,4.0,6.0,3.0
Canada,CA,CAN,"Climate related disasters frequency, Number of Disasters: Wildfire",Number of,"The Emergency Events Database (EM-DAT) , Centre for Research on the Epidemiology of Disasters (CRED) / Université catholique de Louvain (UCLouvain), Brussels, Belgium – www.emdat.be.",ECCD,Climate Related Disasters Frequency,"Environment, Climate Change, Adaptation, Climate Related Disasters Frequency",1.0,,,,,1.0,2.0,,,1.0,,,1.0,,1.0,2.0,,1.0,1.0,1.0,,1.0,1.0,1.0,,2.0,,,,,,1.0,,,,1.0,1.0,1.0,1.0,,,1.0,,1.0
Canary Island,,SPI,"Climate related disasters frequency, Number of Disasters: Extreme temperature",Number of,"The Emergency Events Database (EM-DAT) , Centre for Research on the Epidemiology of Disasters (CRED) / Université catholique de Louvain (UCLouvain), Brussels, Belgium – www.emdat.be.",ECCD,Climate Related Disasters Frequency,"Environment, Climate Change, Adaptation, Climate Related Disasters Frequency",,,,,,,,,,,,,,,,,,,,,,,,,1.0,,,,,,,,,,,,,,,,,,,
Canary Island,,SPI,"Climate related disasters frequency, Number of Disasters: Flood",Number of,"The Emergency Events Database (EM-DAT) , Centre for Research on the Epidemiology of Disasters (CRED) / Université catholique de Louvain (UCLouvain), Brussels, Belgium – www.emdat.be.",ECCD,Climate Related Disasters Frequency,"Environment, Climate Change, Adaptation, Climate Related Disasters Frequency",,,,,,,,,,,,,,,,,,,,,,1.0,1.0,,,,,,,,,,,,,,,,,,,,,
Canary Island,,SPI,"Climate related disasters frequency, Number of Disasters: Storm",Number of,"The Emergency Events Database (EM-DAT) , Centre for Research on the Epidemiology of Disasters (CRED) / Université catholique de Louvain (UCLouvain), Brussels, Belgium – www.emdat.be.",ECCD,Climate Related Disasters Frequency,"Environment, Climate Change, Adaptation, Climate Related Disasters Frequency",,,,,,,,,,,,,,,,,,,,1.0,,,,,,1.0,,,,,,,,,,,,,,,,,,
Canary Island,,SPI,"Climate related disasters frequency, Number of Disasters: TOTAL",Number of,"The Emergency Events Database (EM-DAT) , Centre for Research on the Epidemiology of Disasters (CRED) / Université catholique de Louvain (UCLouvain), Brussels, Belgium – www.emdat.be.",ECCD,Climate Related Disasters Frequency,"Environment, Climate Change, Adaptation, Climate Related Disasters Frequency",,,,,,,,,,,,,,,,,,,,1.0,,1.0,1.0,,1.0,1.0,,1.0,,,,,,,,,,,,,,,,
Canary Island,,SPI,"Climate related disasters frequency, Number of Disasters: Wildfire",Number of,"The Emergency Events Database (EM-DAT) , Centre for Research on the Epidemiology of Disasters (CRED) / Université catholique de Louvain (UCLouvain), Brussels, Belgium – www.emdat.be.",ECCD,Climate Related Disasters Frequency,"Environment, Climate Change, Adaptation, Climate Related Disasters Frequency",,,,,,,,,,,,,,,,,,,,,,,,,,,,1.0,,,,,,,,,,,,,,,,
Cayman Islands,KY,CYM,"Climate related disasters frequency, Number of Disasters: Storm",Number of,"The Emergency Events Database (EM-DAT) , Centre for Research on the Epidemiology of Disasters (CRED) / Université catholique de Louvain (UCLouvain), Brussels, Belgium – www.emdat.be.",ECCD,Climate Related Disasters Frequency,"Environment, Climate Change, Adaptation, Climate Related Disasters Frequency",,,,,,,,,,,,,,,,,,,,,,1.0,2.0,,2.0,,,,2.0,,,,,,,,,,,,,,,
Cayman Islands,KY,CYM,"Climate related disasters frequency, Number of Disasters: TOTAL",Number of,"The Emergency Events Database (EM-DAT) , Centre for Research on the Epidemiology of Disasters (CRED) / Université catholique de Louvain (UCLouvain), Brussels, Belgium – www.emdat.be.",ECCD,Climate Related Disasters Frequency,"Environment, Climate Change, Adaptation, Climate Related Disasters Frequency",,,,,,,,,,,,,,,,,,,,,,1.0,2.0,,2.0,,,,2.0,,,,,,,,,,,,,,,
Central African Rep.,CF,CAF,"Climate related disasters frequency, Number of Disasters: Drought",Number of,"The Emergency Events Database (EM-DAT) , Centre for Research on the Epidemiology of Disasters (CRED) / Université catholique de Louvain (UCLouvain), Brussels, Belgium – www.emdat.be.",ECCD,Climate Related Disasters Frequency,"Environment, Climate Change, Adaptation, Climate Related Disasters Frequency",,,,1.0,,,,,,,,,,,,,,,,,,,,,,,,,,,,,,,,,,,,,,,1.0,
Central African Rep.,CF,CAF,"Climate related disasters frequency, Number of Disasters: Flood",Number of,"The Emergency Events Database (EM-DAT) , Centre for Research on the Epidemiology of Disasters (CRED) / Université catholique de Louvain (UCLouvain), Brussels, Belgium – www.emdat.be.",ECCD,Climate Related Disasters Frequency,"Environment, Climate Change, Adaptation, Climate Related Disasters Frequency",,,,,,,,,,,,,,,,1.0,1.0,,1.0,2.0,,,,1.0,1.0,1.0,,1.0,1.0,1.0,1.0,1.0,,1.0,,,,1.0,,1.0,,1.0,1.0,
Central African Rep.,CF,CAF,"Climate related disasters frequency, Number of Disasters: Storm",Number of,"The Emergency Events Database (EM-DAT) , Centre for Research on the Epidemiology of Disasters (CRED) / Université catholique de Louvain (UCLouvain), Brussels, Belgium – www.emdat.be.",ECCD,Climate Related Disasters Frequency,"Environment, Climate Change, Adaptation, Climate Related Disasters Frequency",,1.0,,,,,,,,,,,,,,,,,,,,1.0,,,,,,,,2.0,,1.0,2.0,1.0,,1.0,,1.0,,,,,,1.0
Central African Rep.,CF,CAF,"Climate related disasters frequency, Number of Disasters: TOTAL",Number of,"The Emergency Events Database (EM-DAT) , Centre for Research on the Epidemiology of Disasters (CRED) / Université catholique de Louvain (UCLouvain), Brussels, Belgium – www.emdat.be.",ECCD,Climate Related Disasters Frequency,"Environment, Climate Change, Adaptation, Climate Related Disasters Frequency",,1.0,,1.0,,,,,,,,,,,,2.0,1.0,,1.0,2.0,,1.0,1.0,1.0,1.0,1.0,,1.0,1.0,3.0,1.0,2.0,2.0,2.0,,1.0,,2.0,,1.0,,1.0,3.0,1.0
Central African Rep.,CF,CAF,"Climate related disasters frequency, Number of Disasters: Wildfire",Number of,"The Emergency Events Database (EM-DAT) , Centre for Research on the Epidemiology of Disasters (CRED) / Université catholique de Louvain (UCLouvain), Brussels, Belgium – www.emdat.be.",ECCD,Climate Related Disasters Frequency,"Environment, Climate Change, Adaptation, Climate Related Disasters Frequency",,,,,,,,,,,,,,,,1.0,,,,,,,1.0,,,,,,,,,,,,,,,,,,,,1.0,
Chad,TD,TCD,"Climate related disasters frequency, Number of Disasters: Drought",Number of,"The Emergency Events Database (EM-DAT) , Centre for Research on the Epidemiology of Disasters (CRED) / Université catholique de Louvain (UCLouvain), Brussels, Belgium – www.emdat.be.",ECCD,Climate Related Disasters Frequency,"Environment, Climate Change, Adaptation, Climate Related Disasters Frequency",1.0,,,,,,,,,,,,,1.0,,,,1.0,,,,1.0,,,,,,,,1.0,,,1.0,,,,,1.0,,,,,1.0,
Chad,TD,TCD,"Climate related disasters frequency, Number of Disasters: Flood",Number of,"The Emergency Events Database (EM-DAT) , Centre for Research on the Epidemiology of Disasters (CRED) / Université catholique de Louvain (UCLouvain), Brussels, Belgium – www.emdat.be.",ECCD,Climate Related Disasters Frequency,"Environment, Climate Change, Adaptation, Climate Related Disasters Frequency",,,,,,1.0,,,1.0,,,1.0,,,,1.0,,,1.0,1.0,,1.0,,,,,1.0,2.0,2.0,2.0,1.0,,2.0,,,,,,,1.0,2.0,1.0,1.0,
Chad,TD,TCD,"Climate related disasters frequency, Number of Disasters: Landslide",Number of,"The Emergency Events Database (EM-DAT) , Centre for Research on the Epidemiology of Disasters (CRED) / Université catholique de Louvain (UCLouvain), Brussels, Belgium – www.emdat.be.",ECCD,Climate Related Disasters Frequency,"Environment, Climate Change, Adaptation, Climate Related Disasters Frequency",,,,,,,,,,,,,,,,,,,,,,,,,,,,,,,,,,,,,,,,1.0,,,,
Chad,TD,TCD,"Climate related disasters frequency, Number of Disasters: Storm",Number of,"The Emergency Events Database (EM-DAT) , Centre for Research on the Epidemiology of Disasters (CRED) / Université catholique de Louvain (UCLouvain), Brussels, Belgium – www.emdat.be.",ECCD,Climate Related Disasters Frequency,"Environment, Climate Change, Adaptation, Climate Related Disasters Frequency",,,,,,,,,1.0,,,,,,,,,,,,,,,,,,,1.0,,,,,,,,,,,,,,,,
Chad,TD,TCD,"Climate related disasters frequency, Number of Disasters: TOTAL",Number of,"The Emergency Events Database (EM-DAT) , Centre for Research on the Epidemiology of Disasters (CRED) / Université catholique de Louvain (UCLouvain), Brussels, Belgium – www.emdat.be.",ECCD,Climate Related Disasters Frequency,"Environment, Climate Change, Adaptation, Climate Related Disasters Frequency",1.0,,,,,1.0,,,2.0,,,1.0,,1.0,,1.0,,1.0,1.0,1.0,,2.0,,,,,1.0,3.0,2.0,3.0,1.0,,3.0,,,,,1.0,,2.0,2.0,1.0,2.0,
Chile,CL,CHL,"Climate related disasters frequency, Number of Disasters: Drought",Number of,"The Emergency Events Database (EM-DAT) , Centre for Research on the Epidemiology of Disasters (CRED) / Université catholique de Louvain (UCLouvain), Brussels, Belgium – www.emdat.be.",ECCD,Climate Related Disasters Frequency,"Environment, Climate Change, Adaptation, Climate Related Disasters Frequency",,,,,,,,,,,,1.0,,,,,,,,,,,,,,,,,,,,,,,,,,,,,,,,
Chile,CL,CHL,"Climate related disasters frequency, Number of Disasters: Extreme temperature",Number of,"The Emergency Events Database (EM-DAT) , Centre for Research on the Epidemiology of Disasters (CRED) / Université catholique de Louvain (UCLouvain), Brussels, Belgium – www.emdat.be.",ECCD,Climate Related Disasters Frequency,"Environment, Climate Change, Adaptation, Climate Related Disasters Frequency",,,,,,,,,,,,,,,,1.0,,,,,1.0,,1.0,,1.0,,,1.0,,,1.0,1.0,,1.0,,,,,,,,,,
Chile,CL,CHL,"Climate related disasters frequency, Number of Disasters: Flood",Number of,"The Emergency Events Database (EM-DAT) , Centre for Research on the Epidemiology of Disasters (CRED) / Université catholique de Louvain (UCLouvain), Brussels, Belgium – www.emdat.be.",ECCD,Climate Related Disasters Frequency,"Environment, Climate Change, Adaptation, Climate Related Disasters Frequency",,,1.0,,,,1.0,2.0,,1.0,1.0,,,1.0,,1.0,,1.0,,,2.0,3.0,3.0,,1.0,2.0,1.0,,2.0,,,,1.0,,1.0,2.0,1.0,3.0,,1.0,,1.0,,2.0
Chile,CL,CHL,"Climate related disasters frequency, Number of Disasters: Landslide",Number of,"The Emergency Events Database (EM-DAT) , Centre for Research on the Epidemiology of Disasters (CRED) / Université catholique de Louvain (UCLouvain), Brussels, Belgium – www.emdat.be.",ECCD,Climate Related Disasters Frequency,"Environment, Climate Change, Adaptation, Climate Related Disasters Frequency",,,,,,,,1.0,,,,1.0,,,,,,,,,,,,,,,,,,,,,,,,,,1.0,,,,,,
Chile,CL,CHL,"Climate related disasters frequency, Number of Disasters: Storm",Number of,"The Emergency Events Database (EM-DAT) , Centre for Research on the Epidemiology of Disasters (CRED) / Université catholique de Louvain (UCLouvain), Brussels, Belgium – www.emdat.be.",ECCD,Climate Related Disasters Frequency,"Environment, Climate Change, Adaptation, Climate Related Disasters Frequency",,,,,2.0,,1.0,,,,,,2.0,,,,,2.0,,,,1.0,,,,1.0,,,,,,,,,,1.0,,,,,,1.0,,
Chile,CL,CHL,"Climate related disasters frequency, Number of Disasters: TOTAL",Number of,"The Emergency Events Database (EM-DAT) , Centre for Research on the Epidemiology of Disasters (CRED) / Université catholique de Louvain (UCLouvain), Brussels, Belgium – www.emdat.be.",ECCD,Climate Related Disasters Frequency,"Environment, Climate Change, Adaptation, Climate Related Disasters Frequency",,,1.0,,2.0,,2.0,3.0,,1.0,1.0,2.0,3.0,2.0,,2.0,,4.0,,1.0,3.0,4.0,5.0,1.0,2.0,3.0,1.0,1.0,2.0,,1.0,3.0,2.0,1.0,2.0,4.0,1.0,5.0,,2.0,,2.0,2.0,3.0
Chile,CL,CHL,"Climate related disasters frequency, Number of Disasters: Wildfire",Number of,"The Emergency Events Database (EM-DAT) , Centre for Research on the Epidemiology of Disasters (CRED) / Université catholique de Louvain (UCLouvain), Brussels, Belgium – www.emdat.be.",ECCD,Climate Related Disasters Frequency,"Environment, Climate Change, Adaptation, Climate Related Disasters Frequency",,,,,,,,,,,,,1.0,1.0,,,,1.0,,1.0,,,1.0,1.0,,,,,,,,2.0,1.0,,1.0,1.0,,1.0,,1.0,,,2.0,1.0
"China, P.R.: Hong Kong",HK,HKG,"Climate related disasters frequency, Number of Disasters: Drought",Number of,"The Emergency Events Database (EM-DAT) , Centre for Research on the Epidemiology of Disasters (CRED) / Université catholique de Louvain (UCLouvain), Brussels, Belgium – www.emdat.be.",ECCD,Climate Related Disasters Frequency,"Environment, Climate Change, Adaptation, Climate Related Disasters Frequency",,1.0,,1.0,,,,,,,,,,,,,,,,,,,,,,,,,,,,,,,,,,,,,,,,
"China, P.R.: Hong Kong",HK,HKG,"Climate related disasters frequency, Number of Disasters: Extreme temperature",Number of,"The Emergency Events Database (EM-DAT) , Centre for Research on the Epidemiology of Disasters (CRED) / Université catholique de Louvain (UCLouvain), Brussels, Belgium – www.emdat.be.",ECCD,Climate Related Disasters Frequency,"Environment, Climate Change, Adaptation, Climate Related Disasters Frequency",,,,,,,,1.0,,,,,,,,,,,,,,,,,,,,,,,,,,,,,,,,,,,,
"China, P.R.: Hong Kong",HK,HKG,"Climate related disasters frequency, Number of Disasters: Flood",Number of,"The Emergency Events Database (EM-DAT) , Centre for Research on the Epidemiology of Disasters (CRED) / Université catholique de Louvain (UCLouvain), Brussels, Belgium – www.emdat.be.",ECCD,Climate Related Disasters Frequency,"Environment, Climate Change, Adaptation, Climate Related Disasters Frequency",,,1.0,1.0,,2.0,,1.0,,1.0,,,1.0,,1.0,,,1.0,,,,,,,,1.0,,,,,,,,,,,,,,,,,,1.0
"China, P.R.: Hong Kong",HK,HKG,"Climate related disasters frequency, Number of Disasters: Landslide",Number of,"The Emergency Events Database (EM-DAT) , Centre for Research on the Epidemiology of Disasters (CRED) / Université catholique de Louvain (UCLouvain), Brussels, Belgium – www.emdat.be.",ECCD,Climate Related Disasters Frequency,"Environment, Climate Change, Adaptation, Climate Related Disasters Frequency",,,1.0,,,,,,,,,,,1.0,,,,,,,,,,,,,,,,,,,,,,,,,,,,,,
"China, P.R.: Hong Kong",HK,HKG,"Climate related disasters frequency, Number of Disasters: Storm",Number of,"The Emergency Events Database (EM-DAT) , Centre for Research on the Epidemiology of Disasters (CRED) / Université catholique de Louvain (UCLouvain), Brussels, Belgium – www.emdat.be.",ECCD,Climate Related Disasters Frequency,"Environment, Climate Change, Adaptation, Climate Related Disasters Frequency",2.0,,1.0,2.0,,1.0,2.0,,1.0,2.0,,1.0,2.0,6.0,,,,1.0,,1.0,,,,2.0,,,,,3.0,1.0,1.0,,,,,,,2.0,1.0,,,2.0,,2.0
"China, P.R.: Hong Kong",HK,HKG,"Climate related disasters frequency, Number of Disasters: TOTAL",Number of,"The Emergency Events Database (EM-DAT) , Centre for Research on the Epidemiology of Disasters (CRED) / Université catholique de Louvain (UCLouvain), Brussels, Belgium – www.emdat.be.",ECCD,Climate Related Disasters Frequency,"Environment, Climate Change, Adaptation, Climate Related Disasters Frequency",2.0,1.0,4.0,4.0,,3.0,2.0,2.0,1.0,3.0,,1.0,3.0,7.0,1.0,,,2.0,,1.0,,,,2.0,,1.0,,,3.0,1.0,1.0,,,,,,,2.0,1.0,,,2.0,,3.0
"China, P.R.: Hong Kong",HK,HKG,"Climate related disasters frequency, Number of Disasters: Wildfire",Number of,"The Emergency Events Database (EM-DAT) , Centre for Research on the Epidemiology of Disasters (CRED) / Université catholique de Louvain (UCLouvain), Brussels, Belgium – www.emdat.be.",ECCD,Climate Related Disasters Frequency,"Environment, Climate Change, Adaptation, Climate Related Disasters Frequency",,,1.0,,,,,,,,,,,,,,,,,,,,,,,,,,,,,,,,,,,,,,,,,
"China, P.R.: Macao",MO,MAC,"Climate related disasters frequency, Number of Disasters: Storm",Number of,"The Emergency Events Database (EM-DAT) , Centre for Research on the Epidemiology of Disasters (CRED) / Université catholique de Louvain (UCLouvain), Brussels, Belgium – www.emdat.be.",ECCD,Climate Related Disasters Frequency,"Environment, Climate Change, Adaptation, Climate Related Disasters Frequency",,,,,,,,,,,,,,4.0,,,,,,,,,,,,,,,,,,,,,,,,2.0,,,,,,
"China, P.R.: Macao",MO,MAC,"Climate related disasters frequency, Number of Disasters: TOTAL",Number of,"The Emergency Events Database (EM-DAT) , Centre for Research on the Epidemiology of Disasters (CRED) / Université catholique de Louvain (UCLouvain), Brussels, Belgium – www.emdat.be.",ECCD,Climate Related Disasters Frequency,"Environment, Climate Change, Adaptation, Climate Related Disasters Frequency",,,,,,,,,,,,,,4.0,,,,,,,,,,,,,,,,,,,,,,,,2.0,,,,,,
"China, P.R.: Mainland",CN,CHN,"Climate related disasters frequency, Number of Disasters: Drought",Number of,"The Emergency Events Database (EM-DAT) , Centre for Research on the Epidemiology of Disasters (CRED) / Université catholique de Louvain (UCLouvain), Brussels, Belgium – www.emdat.be.",ECCD,Climate Related Disasters Frequency,"Environment, Climate Change, Adaptation, Climate Related Disasters Frequency",,,,1.0,,1.0,,,1.0,,,1.0,2.0,,2.0,1.0,,1.0,,1.0,3.0,2.0,3.0,2.0,,2.0,1.0,,1.0,2.0,1.0,,,1.0,2.0,1.0,1.0,1.0,,,,1.0,1.0,1.0
"China, P.R.: Mainland",CN,CHN,"Climate related disasters frequency, Number of Disasters: Extreme temperature",Number of,"The Emergency Events Database (EM-DAT) , Centre for Research on the Epidemiology of Disasters (CRED) / Université catholique de Louvain (UCLouvain), Brussels, Belgium – www.emdat.be.",ECCD,Climate Related Disasters Frequency,"Environment, Climate Change, Adaptation, Climate Related Disasters Frequency",,,,,,,1.0,,,,,,,,1.0,,,3.0,,,,,1.0,,1.0,1.0,,,2.0,,,1.0,1.0,1.0,,,1.0,,,,,,,
"China, P.R.: Mainland",CN,CHN,"Climate related disasters frequency, Number of Disasters: Flood",Number of,"The Emergency Events Database (EM-DAT) , Centre for Research on the Epidemiology of Disasters (CRED) / Université catholique de Louvain (UCLouvain), Brussels, Belgium – www.emdat.be.",ECCD,Climate Related Disasters Frequency,"Environment, Climate Change, Adaptation, Climate Related Disasters Frequency",4.0,5.0,4.0,1.0,2.0,7.0,2.0,4.0,8.0,1.0,3.0,3.0,6.0,4.0,6.0,3.0,4.0,6.0,5.0,6.0,9.0,9.0,10.0,6.0,9.0,11.0,20.0,11.0,7.0,7.0,5.0,5.0,12.0,14.0,13.0,12.0,12.0,12.0,8.0,6.0,5.0,4.0,4.0,7.0
"China, P.R.: Mainland",CN,CHN,"Climate related disasters frequency, Number of Disasters: Landslide",Number of,"The Emergency Events Database (EM-DAT) , Centre for Research on the Epidemiology of Disasters (CRED) / Université catholique de Louvain (UCLouvain), Brussels, Belgium – www.emdat.be.",ECCD,Climate Related Disasters Frequency,"Environment, Climate Change, Adaptation, Climate Related Disasters Frequency",,,2.0,,1.0,1.0,,1.0,2.0,1.0,,1.0,,1.0,1.0,1.0,4.0,2.0,1.0,1.0,2.0,6.0,4.0,2.0,1.0,,1.0,1.0,4.0,5.0,8.0,2.0,1.0,3.0,2.0,1.0,3.0,4.0,,2.0,1.0,,1.0,1.0
"China, P.R.: Mainland",CN,CHN,"Climate related disasters frequency, Number of Disasters: Storm",Number of,"The Emergency Events Database (EM-DAT) , Centre for Research on the Epidemiology of Disasters (CRED) / Université catholique de Louvain (UCLouvain), Brussels, Belgium – www.emdat.be.",ECCD,Climate Related Disasters Frequency,"Environment, Climate Change, Adaptation, Climate Related Disasters Frequency",1.0,1.0,,5.0,2.0,3.0,7.0,6.0,4.0,7.0,11.0,5.0,8.0,11.0,5.0,6.0,8.0,5.0,5.0,9.0,10.0,10.0,6.0,5.0,7.0,14.0,8.0,6.0,9.0,10.0,6.0,5.0,8.0,15.0,16.0,17.0,13.0,9.0,12.0,4.0,4.0,7.0,1.0,4.0
"China, P.R.: Mainland",CN,CHN,"Climate related disasters frequency, Number of Disasters: TOTAL",Number of,"The Emergency Events Database (EM-DAT) , Centre for Research on the Epidemiology of Disasters (CRED) / Université catholique de Louvain (UCLouvain), Brussels, Belgium – www.emdat.be.",ECCD,Climate Related Disasters Frequency,"Environment, Climate Change, Adaptation, Climate Related Disasters Frequency",5.0,7.0,6.0,7.0,5.0,12.0,10.0,12.0,15.0,9.0,14.0,10.0,16.0,16.0,15.0,12.0,16.0,17.0,11.0,18.0,24.0,27.0,24.0,16.0,18.0,28.0,30.0,18.0,23.0,24.0,21.0,13.0,22.0,34.0,33.0,31.0,30.0,26.0,20.0,13.0,11.0,12.0,7.0,13.0
"China, P.R.: Mainland",CN,CHN,"Climate related disasters frequency, Number of Disasters: Wildfire",Number of,"The Emergency Events Database (EM-DAT) , Centre for Research on the Epidemiology of Disasters (CRED) / Université catholique de Louvain (UCLouvain), Brussels, Belgium – www.emdat.be.",ECCD,Climate Related Disasters Frequency,"Environment, Climate Change, Adaptation, Climate Related Disasters Frequency",,1.0,,,,,,1.0,,,,,,,,1.0,,,,1.0,,,,1.0,,,,,,,1.0,,,,,,,,,1.0,1.0,,,
Colombia,CO,COL,"Climate related disasters frequency, Number of Disasters: Drought",Number of,"The Emergency Events Database (EM-DAT) , Centre for Research on the Epidemiology of Disasters (CRED) / Université catholique de Louvain (UCLouvain), Brussels, Belgium – www.emdat.be.",ECCD,Climate Related Disasters Frequency,"Environment, Climate Change, Adaptation, Climate Related Disasters Frequency",,,,,,,,,,,,,,,,,,,1.0,,,,,,,,,,,,,,,,,1.0,,,,,,,,
Colombia,CO,COL,"Climate related disasters frequency, Number of Disasters: Flood",Number of,"The Emergency Events Database (EM-DAT) , Centre for Research on the Epidemiology of Disasters (CRED) / Université catholique de Louvain (UCLouvain), Brussels, Belgium – www.emdat.be.",ECCD,Climate Related Disasters Frequency,"Environment, Climate Change, Adaptation, Climate Related Disasters Frequency",1.0,1.0,1.0,,1.0,,1.0,1.0,1.0,1.0,4.0,,,1.0,3.0,1.0,2.0,1.0,,3.0,3.0,2.0,4.0,3.0,2.0,3.0,1.0,4.0,2.0,1.0,3.0,2.0,3.0,1.0,4.0,1.0,2.0,4.0,2.0,5.0,3.0,10.0,9.0,4.0
Colombia,CO,COL,"Climate related disasters frequency, Number of Disasters: Landslide",Number of,"The Emergency Events Database (EM-DAT) , Centre for Research on the Epidemiology of Disasters (CRED) / Université catholique de Louvain (UCLouvain), Brussels, Belgium – www.emdat.be.",ECCD,Climate Related Disasters Frequency,"Environment, Climate Change, Adaptation, Climate Related Disasters Frequency",,1.0,1.0,,,,3.0,2.0,,,,3.0,,3.0,,1.0,1.0,,1.0,2.0,,2.0,1.0,1.0,,,,,1.0,2.0,2.0,1.0,,,,1.0,,2.0,,1.0,1.0,1.0,4.0,1.0
Colombia,CO,COL,"Climate related disasters frequency, Number of Disasters: Storm",Number of,"The Emergency Events Database (EM-DAT) , Centre for Research on the Epidemiology of Disasters (CRED) / Université catholique de Louvain (UCLouvain), Brussels, Belgium – www.emdat.be.",ECCD,Climate Related Disasters Frequency,"Environment, Climate Change, Adaptation, Climate Related Disasters Frequency",,,,1.0,,,1.0,,1.0,,,,,,,,,,,1.0,,1.0,,,,1.0,,,,,,,,,1.0,,,1.0,,,2.0,,1.0,
Colombia,CO,COL,"Climate related disasters frequency, Number of Disasters: TOTAL",Number of,"The Emergency Events Database (EM-DAT) , Centre for Research on the Epidemiology of Disasters (CRED) / Université catholique de Louvain (UCLouvain), Brussels, Belgium – www.emdat.be.",ECCD,Climate Related Disasters Frequency,"Environment, Climate Change, Adaptation, Climate Related Disasters Frequency",1.0,2.0,2.0,1.0,1.0,,5.0,3.0,2.0,1.0,4.0,4.0,,4.0,3.0,2.0,3.0,1.0,2.0,6.0,3.0,6.0,5.0,4.0,2.0,4.0,1.0,4.0,3.0,3.0,6.0,3.0,3.0,1.0,5.0,4.0,2.0,7.0,2.0,6.0,6.0,11.0,14.0,5.0
Colombia,CO,COL,"Climate related disasters frequency, Number of Disasters: Wildfire",Number of,"The Emergency Events Database (EM-DAT) , Centre for Research on the Epidemiology of Disasters (CRED) / Université catholique de Louvain (UCLouvain), Brussels, Belgium – www.emdat.be.",ECCD,Climate Related Disasters Frequency,"Environment, Climate Change, Adaptation, Climate Related Disasters Frequency",,,,,,,,,,,,1.0,,,,,,,,,,1.0,,,,,,,,,1.0,,,,,1.0,,,,,,,,
"Comoros, Union of the",KM,COM,"Climate related disasters frequency, Number of Disasters: Drought",Number of,"The Emergency Events Database (EM-DAT) , Centre for Research on the Epidemiology of Disasters (CRED) / Université catholique de Louvain (UCLouvain), Brussels, Belgium – www.emdat.be.",ECCD,Climate Related Disasters Frequency,"Environment, Climate Change, Adaptation, Climate Related Disasters Frequency",,1.0,,,,,,,,,,,,,,,,,,,,,,,,,,,,,,,,,,,,,,,,,,
"Comoros, Union of the",KM,COM,"Climate related disasters frequency, Number of Disasters: Flood",Number of,"The Emergency Events Database (EM-DAT) , Centre for Research on the Epidemiology of Disasters (CRED) / Université catholique de Louvain (UCLouvain), Brussels, Belgium – www.emdat.be.",ECCD,Climate Related Disasters Frequency,"Environment, Climate Change, Adaptation, Climate Related Disasters Frequency",,,,,,,,,,,,,,,,,,,,,,,,,,,,,,1.0,,,1.0,,,,,,,,,,,
"Comoros, Union of the",KM,COM,"Climate related disasters frequency, Number of Disasters: Storm",Number of,"The Emergency Events Database (EM-DAT) , Centre for Research on the Epidemiology of Disasters (CRED) / Université catholique de Louvain (UCLouvain), Brussels, Belgium – www.emdat.be.",ECCD,Climate Related Disasters Frequency,"Environment, Climate Change, Adaptation, Climate Related Disasters Frequency",,,,1.0,,1.0,,1.0,,1.0,,,,,,,,,,,,,,1.0,,,,,,,,,,,1.0,,,,,2.0,,,,
"Comoros, Union of the",KM,COM,"Climate related disasters frequency, Number of Disasters: TOTAL",Number of,"The Emergency Events Database (EM-DAT) , Centre for Research on the Epidemiology of Disasters (CRED) / Université catholique de Louvain (UCLouvain), Brussels, Belgium – www.emdat.be.",ECCD,Climate Related Disasters Frequency,"Environment, Climate Change, Adaptation, Climate Related Disasters Frequency",,1.0,,1.0,,1.0,,1.0,,1.0,,,,,,,,,,,,,,1.0,,,,,,1.0,,,1.0,,1.0,,,,,2.0,,,,
"Congo, Dem. Rep. of the",CD,COD,"Climate related disasters frequency, Number of Disasters: Drought",Number of,"The Emergency Events Database (EM-DAT) , Centre for Research on the Epidemiology of Disasters (CRED) / Université catholique de Louvain (UCLouvain), Brussels, Belgium – www.emdat.be.",ECCD,Climate Related Disasters Frequency,"Environment, Climate Change, Adaptation, Climate Related Disasters Frequency",,,,1.0,,,,,,,,,,,,,,,,,,,,,,,,,,,,,,,,,,,,,,,1.0,
"Congo, Dem. Rep. of the",CD,COD,"Climate related disasters frequency, Number of Disasters: Flood",Number of,"The Emergency Events Database (EM-DAT) , Centre for Research on the Epidemiology of Disasters (CRED) / Université catholique de Louvain (UCLouvain), Brussels, Belgium – www.emdat.be.",ECCD,Climate Related Disasters Frequency,"Environment, Climate Change, Adaptation, Climate Related Disasters Frequency",,,,,,,,,,,1.0,,,,1.0,,,1.0,,1.0,,2.0,1.0,2.0,,,3.0,1.0,1.0,1.0,2.0,2.0,1.0,,1.0,3.0,2.0,1.0,1.0,1.0,6.0,,4.0,3.0
"Congo, Dem. Rep. of the",CD,COD,"Climate related disasters frequency, Number of Disasters: Landslide",Number of,"The Emergency Events Database (EM-DAT) , Centre for Research on the Epidemiology of Disasters (CRED) / Université catholique de Louvain (UCLouvain), Brussels, Belgium – www.emdat.be.",ECCD,Climate Related Disasters Frequency,"Environment, Climate Change, Adaptation, Climate Related Disasters Frequency",,,,,,,,,,1.0,,,,,,,,,,,,1.0,,,,,,,,,1.0,,,,1.0,,,1.0,,2.0,,,,
"Congo, Dem. Rep. of the",CD,COD,"Climate related disasters frequency, Number of Disasters: Storm",Number of,"The Emergency Events Database (EM-DAT) , Centre for Research on the Epidemiology of Disasters (CRED) / Université catholique de Louvain (UCLouvain), Brussels, Belgium – www.emdat.be.",ECCD,Climate Related Disasters Frequency,"Environment, Climate Change, Adaptation, Climate Related Disasters Frequency",,,,,,,,,,,,,,,,,,,,,,,,2.0,,1.0,1.0,,1.0,,,,,,,,,,,,,,,
"Congo, Dem. Rep. of the",CD,COD,"Climate related disasters frequency, Number of Disasters: TOTAL",Number of,"The Emergency Events Database (EM-DAT) , Centre for Research on the Epidemiology of Disasters (CRED) / Université catholique de Louvain (UCLouvain), Brussels, Belgium – www.emdat.be.",ECCD,Climate Related Disasters Frequency,"Environment, Climate Change, Adaptation, Climate Related Disasters Frequency",,,,1.0,,,,,,1.0,1.0,,,,1.0,,,1.0,,1.0,,3.0,1.0,4.0,,1.0,4.0,1.0,2.0,2.0,4.0,2.0,1.0,,2.0,4.0,2.0,2.0,1.0,3.0,6.0,,5.0,3.0
"Congo, Dem. Rep. of the",CD,COD,"Climate related disasters frequency, Number of Disasters: Wildfire",Number of,"The Emergency Events Database (EM-DAT) , Centre for Research on the Epidemiology of Disasters (CRED) / Université catholique de Louvain (UCLouvain), Brussels, Belgium – www.emdat.be.",ECCD,Climate Related Disasters Frequency,"Environment, Climate Change, Adaptation, Climate Related Disasters Frequency",,,,,,,,,,,,,,,,,,,,,,,,,,,,,,1.0,1.0,,,,,1.0,,,,,,,,
"Congo, Rep. of",CG,COG,"Climate related disasters frequency, Number of Disasters: Drought",Number of,"The Emergency Events Database (EM-DAT) , Centre for Research on the Epidemiology of Disasters (CRED) / Université catholique de Louvain (UCLouvain), Brussels, Belgium – www.emdat.be.",ECCD,Climate Related Disasters Frequency,"Environment, Climate Change, Adaptation, Climate Related Disasters Frequency",,,,1.0,,,,,,,,,,,,,,,,,,,,,,,,,,,,,,,,,,,,,,,,
"Congo, Rep. of",CG,COG,"Climate related disasters frequency, Number of Disasters: Flood",Number of,"The Emergency Events Database (EM-DAT) , Centre for Research on the Epidemiology of Disasters (CRED) / Université catholique de Louvain (UCLouvain), Brussels, Belgium – www.emdat.be.",ECCD,Climate Related Disasters Frequency,"Environment, Climate Change, Adaptation, Climate Related Disasters Frequency",,,,,,,,,,,,,,,1.0,,,,1.0,1.0,,,1.0,,,1.0,1.0,1.0,,,,,2.0,,,,,,,2.0,2.0,1.0,1.0,1.0
"Congo, Rep. of",CG,COG,"Climate related disasters frequency, Number of Disasters: TOTAL",Number of,"The Emergency Events Database (EM-DAT) , Centre for Research on the Epidemiology of Disasters (CRED) / Université catholique de Louvain (UCLouvain), Brussels, Belgium – www.emdat.be.",ECCD,Climate Related Disasters Frequency,"Environment, Climate Change, Adaptation, Climate Related Disasters Frequency",,,,1.0,,,,,,,,,,,1.0,,,,1.0,1.0,,,1.0,,,1.0,1.0,1.0,,,,,2.0,,,,,,,2.0,2.0,1.0,1.0,1.0
Cook Islands,CK,COK,"Climate related disasters frequency, Number of Disasters: Storm",Number of,"The Emergency Events Database (EM-DAT) , Centre for Research on the Epidemiology of Disasters (CRED) / Université catholique de Louvain (UCLouvain), Brussels, Belgium – www.emdat.be.",ECCD,Climate Related Disasters Frequency,"Environment, Climate Change, Adaptation, Climate Related Disasters Frequency",,1.0,,,,,,1.0,,,1.0,,,,,,,1.0,,,,1.0,,,,1.0,,,,,1.0,,,,,,,,,,,,,
Cook Islands,CK,COK,"Climate related disasters frequency, Number of Disasters: TOTAL",Number of,"The Emergency Events Database (EM-DAT) , Centre for Research on the Epidemiology of Disasters (CRED) / Université catholique de Louvain (UCLouvain), Brussels, Belgium – www.emdat.be.",ECCD,Climate Related Disasters Frequency,"Environment, Climate Change, Adaptation, Climate Related Disasters Frequency",,1.0,,,,,,1.0,,,1.0,,,,,,,1.0,,,,1.0,,,,1.0,,,,,1.0,,,,,,,,,,,,,
Costa Rica,CR,CRI,"Climate related disasters frequency, Number of Disasters: Drought",Number of,"The Emergency Events Database (EM-DAT) , Centre for Research on the Epidemiology of Disasters (CRED) / Université catholique de Louvain (UCLouvain), Brussels, Belgium – www.emdat.be.",ECCD,Climate Related Disasters Frequency,"Environment, Climate Change, Adaptation, Climate Related Disasters Frequency",,,,,,,,,,,,,,,1.0,,,,1.0,,,,,,,,,,,,,,,,1.0,,,,1.0,,,,,
Costa Rica,CR,CRI,"Climate related disasters frequency, Number of Disasters: Flood",Number of,"The Emergency Events Database (EM-DAT) , Centre for Research on the Epidemiology of Disasters (CRED) / Université catholique de Louvain (UCLouvain), Brussels, Belgium – www.emdat.be.",ECCD,Climate Related Disasters Frequency,"Environment, Climate Change, Adaptation, Climate Related Disasters Frequency",1.0,,,,,,,,1.0,,,1.0,,1.0,1.0,,1.0,,,1.0,,1.0,2.0,1.0,2.0,2.0,,2.0,3.0,,2.0,1.0,1.0,,,1.0,,,1.0,,,1.0,,
Costa Rica,CR,CRI,"Climate related disasters frequency, Number of Disasters: Landslide",Number of,"The Emergency Events Database (EM-DAT) , Centre for Research on the Epidemiology of Disasters (CRED) / Université catholique de Louvain (UCLouvain), Brussels, Belgium – www.emdat.be.",ECCD,Climate Related Disasters Frequency,"Environment, Climate Change, Adaptation, Climate Related Disasters Frequency",,,,,,,,,,,,,,,,,,,,,1.0,,,,,,,,,,,,,,,,,,,,,,,
Costa Rica,CR,CRI,"Climate related disasters frequency, Number of Disasters: Storm",Number of,"The Emergency Events Database (EM-DAT) , Centre for Research on the Epidemiology of Disasters (CRED) / Université catholique de Louvain (UCLouvain), Brussels, Belgium – www.emdat.be.",ECCD,Climate Related Disasters Frequency,"Environment, Climate Change, Adaptation, Climate Related Disasters Frequency",,,,,,,,,1.0,,,,,,,1.0,2.0,,1.0,,,,,,,1.0,,,1.0,,,,,,,,1.0,1.0,,,1.0,,1.0,
Costa Rica,CR,CRI,"Climate related disasters frequency, Number of Disasters: TOTAL",Number of,"The Emergency Events Database (EM-DAT) , Centre for Research on the Epidemiology of Disasters (CRED) / Université catholique de Louvain (UCLouvain), Brussels, Belgium – www.emdat.be.",ECCD,Climate Related Disasters Frequency,"Environment, Climate Change, Adaptation, Climate Related Disasters Frequency",1.0,,,,,,,,2.0,,,1.0,1.0,1.0,2.0,1.0,3.0,,2.0,1.0,1.0,1.0,2.0,1.0,2.0,3.0,,2.0,4.0,,2.0,1.0,1.0,,1.0,1.0,1.0,1.0,2.0,,1.0,1.0,1.0,
Costa Rica,CR,CRI,"Climate related disasters frequency, Number of Disasters: Wildfire",Number of,"The Emergency Events Database (EM-DAT) , Centre for Research on the Epidemiology of Disasters (CRED) / Université catholique de Louvain (UCLouvain), Brussels, Belgium – www.emdat.be.",ECCD,Climate Related Disasters Frequency,"Environment, Climate Change, Adaptation, Climate Related Disasters Frequency",,,,,,,,,,,,,1.0,,,,,,,,,,,,,,,,,,,,,,,,,,,,,,,
Côte d'Ivoire,CI,CIV,"Climate related disasters frequency, Number of Disasters: Drought",Number of,"The Emergency Events Database (EM-DAT) , Centre for Research on the Epidemiology of Disasters (CRED) / Université catholique de Louvain (UCLouvain), Brussels, Belgium – www.emdat.be.",ECCD,Climate Related Disasters Frequency,"Environment, Climate Change, Adaptation, Climate Related Disasters Frequency",1.0,,,,,,,,,,,,,,,,,,,,,,,,,,,,,,,,,,,,,,,,,,,
Côte d'Ivoire,CI,CIV,"Climate related disasters frequency, Number of Disasters: Flood",Number of,"The Emergency Events Database (EM-DAT) , Centre for Research on the Epidemiology of Disasters (CRED) / Université catholique de Louvain (UCLouvain), Brussels, Belgium – www.emdat.be.",ECCD,Climate Related Disasters Frequency,"Environment, Climate Change, Adaptation, Climate Related Disasters Frequency",,,,,,,,,,1.0,,,,,,,1.0,,,,,,,,,,,1.0,1.0,,2.0,,,,2.0,1.0,1.0,1.0,1.0,1.0,1.0,,1.0,
Côte d'Ivoire,CI,CIV,"Climate related disasters frequency, Number of Disasters: Landslide",Number of,"The Emergency Events Database (EM-DAT) , Centre for Research on the Epidemiology of Disasters (CRED) / Université catholique de Louvain (UCLouvain), Brussels, Belgium – www.emdat.be.",ECCD,Climate Related Disasters Frequency,"Environment, Climate Change, Adaptation, Climate Related Disasters Frequency",,,,,,,,,,,,,,,,,,,,,,,,,,,,,,1.0,,,,,,,,,,,,,,
Côte d'Ivoire,CI,CIV,"Climate related disasters frequency, Number of Disasters: TOTAL",Number of,"The Emergency Events Database (EM-DAT) , Centre for Research on the Epidemiology of Disasters (CRED) / Université catholique de Louvain (UCLouvain), Brussels, Belgium – www.emdat.be.",ECCD,Climate Related Disasters Frequency,"Environment, Climate Change, Adaptation, Climate Related Disasters Frequency",1.0,,,,,,,,,1.0,,,,,,,1.0,,,,,,,,,,,1.0,1.0,1.0,2.0,,,,2.0,1.0,1.0,1.0,1.0,1.0,1.0,,1.0,
"Croatia, Rep. of",HR,HRV,"Climate related disasters frequency, Number of Disasters: Drought",Number of,"The Emergency Events Database (EM-DAT) , Centre for Research on the Epidemiology of Disasters (CRED) / Université catholique de Louvain (UCLouvain), Brussels, Belgium – www.emdat.be.",ECCD,Climate Related Disasters Frequency,"Environment, Climate Change, Adaptation, Climate Related Disasters Frequency",,,,,,,,,,,,,,,,,,,,,,,,1.0,,,,,,,,,,,,,,,,,,,,
"Croatia, Rep. of",HR,HRV,"Climate related disasters frequency, Number of Disasters: Extreme temperature",Number of,"The Emergency Events Database (EM-DAT) , Centre for Research on the Epidemiology of Disasters (CRED) / Université catholique de Louvain (UCLouvain), Brussels, Belgium – www.emdat.be.",ECCD,Climate Related Disasters Frequency,"Environment, Climate Change, Adaptation, Climate Related Disasters Frequency",,,,,,,,,,,,,,,,,,,,,1.0,,,1.0,,1.0,,,,,1.0,,2.0,,,,,,,,,,,
"Croatia, Rep. of",HR,HRV,"Climate related disasters frequency, Number of Disasters: Flood",Number of,"The Emergency Events Database (EM-DAT) , Centre for Research on the Epidemiology of Disasters (CRED) / Université catholique de Louvain (UCLouvain), Brussels, Belgium – www.emdat.be.",ECCD,Climate Related Disasters Frequency,"Environment, Climate Change, Adaptation, Climate Related Disasters Frequency",,,,,,,,,,,,,,,,,,,,,1.0,1.0,,,,1.0,1.0,,,,2.0,,1.0,,2.0,1.0,,,1.0,1.0,,,1.0,1.0
"Croatia, Rep. of",HR,HRV,"Climate related disasters frequency, Number of Disasters: Storm",Number of,"The Emergency Events Database (EM-DAT) , Centre for Research on the Epidemiology of Disasters (CRED) / Université catholique de Louvain (UCLouvain), Brussels, Belgium – www.emdat.be.",ECCD,Climate Related Disasters Frequency,"Environment, Climate Change, Adaptation, Climate Related Disasters Frequency",,,,,,,,,,,,,,,,,,,,,,,,,,1.0,,,,,,,,,,,,1.0,,,,,,1.0
"Croatia, Rep. of",HR,HRV,"Climate related disasters frequency, Number of Disasters: TOTAL",Number of,"The Emergency Events Database (EM-DAT) , Centre for Research on the Epidemiology of Disasters (CRED) / Université catholique de Louvain (UCLouvain), Brussels, Belgium – www.emdat.be.",ECCD,Climate Related Disasters Frequency,"Environment, Climate Change, Adaptation, Climate Related Disasters Frequency",,,,,,,,,,,,,,,,,,1.0,,,3.0,1.0,,3.0,,3.0,1.0,2.0,,,3.0,,3.0,,2.0,1.0,,2.0,1.0,1.0,,,1.0,2.0
"Croatia, Rep. of",HR,HRV,"Climate related disasters frequency, Number of Disasters: Wildfire",Number of,"The Emergency Events Database (EM-DAT) , Centre for Research on the Epidemiology of Disasters (CRED) / Université catholique de Louvain (UCLouvain), Brussels, Belgium – www.emdat.be.",ECCD,Climate Related Disasters Frequency,"Environment, Climate Change, Adaptation, Climate Related Disasters Frequency",,,,,,,,,,,,,,,,,,1.0,,,1.0,,,1.0,,,,2.0,,,,,,,,,,1.0,,,,,,
Cuba,CU,CUB,"Climate related disasters frequency, Number of Disasters: Drought",Number of,"The Emergency Events Database (EM-DAT) , Centre for Research on the Epidemiology of Disasters (CRED) / Université catholique de Louvain (UCLouvain), Brussels, Belgium – www.emdat.be.",ECCD,Climate Related Disasters Frequency,"Environment, Climate Change, Adaptation, Climate Related Disasters Frequency",,1.0,,,,,1.0,,,,,,,1.0,,,,,1.0,,1.0,,,,1.0,,,,,,,,,,,1.0,,,,,,,,
Cuba,CU,CUB,"Climate related disasters frequency, Number of Disasters: Flood",Number of,"The Emergency Events Database (EM-DAT) , Centre for Research on the Epidemiology of Disasters (CRED) / Université catholique de Louvain (UCLouvain), Brussels, Belgium – www.emdat.be.",ECCD,Climate Related Disasters Frequency,"Environment, Climate Change, Adaptation, Climate Related Disasters Frequency",,,,1.0,,1.0,1.0,,1.0,,2.0,,1.0,2.0,1.0,1.0,2.0,1.0,,,1.0,,1.0,1.0,,,1.0,1.0,1.0,,,,1.0,1.0,,1.0,,,,,,,1.0,1.0
Cuba,CU,CUB,"Climate related disasters frequency, Number of Disasters: Storm",Number of,"The Emergency Events Database (EM-DAT) , Centre for Research on the Epidemiology of Disasters (CRED) / Université catholique de Louvain (UCLouvain), Brussels, Belgium – www.emdat.be.",ECCD,Climate Related Disasters Frequency,"Environment, Climate Change, Adaptation, Climate Related Disasters Frequency",1.0,,1.0,,,1.0,,,2.0,,,,,1.0,1.0,2.0,1.0,,1.0,1.0,,1.0,2.0,,2.0,2.0,1.0,2.0,4.0,,,,2.0,,,,1.0,1.0,2.0,1.0,2.0,2.0,2.0,1.0
Cuba,CU,CUB,"Climate related disasters frequency, Number of Disasters: TOTAL",Number of,"The Emergency Events Database (EM-DAT) , Centre for Research on the Epidemiology of Disasters (CRED) / Université catholique de Louvain (UCLouvain), Brussels, Belgium – www.emdat.be.",ECCD,Climate Related Disasters Frequency,"Environment, Climate Change, Adaptation, Climate Related Disasters Frequency",1.0,1.0,1.0,1.0,,2.0,2.0,1.0,3.0,,2.0,,1.0,4.0,2.0,3.0,3.0,1.0,2.0,2.0,2.0,1.0,3.0,1.0,3.0,2.0,2.0,3.0,5.0,,,,3.0,1.0,,2.0,1.0,1.0,2.0,1.0,2.0,2.0,3.0,2.0
Cuba,CU,CUB,"Climate related disasters frequency, Number of Disasters: Wildfire",Number of,"The Emergency Events Database (EM-DAT) , Centre for Research on the Epidemiology of Disasters (CRED) / Université catholique de Louvain (UCLouvain), Brussels, Belgium – www.emdat.be.",ECCD,Climate Related Disasters Frequency,"Environment, Climate Change, Adaptation, Climate Related Disasters Frequency",,,,,,,,1.0,,,,,,,,,,,,1.0,,,,,,,,,,,,,,,,,,,,,,,,
Cyprus,CY,CYP,"Climate related disasters frequency, Number of Disasters: Drought",Number of,"The Emergency Events Database (EM-DAT) , Centre for Research on the Epidemiology of Disasters (CRED) / Université catholique de Louvain (UCLouvain), Brussels, Belgium – www.emdat.be.",ECCD,Climate Related Disasters Frequency,"Environment, Climate Change, Adaptation, Climate Related Disasters Frequency",,,,,,,,,,,,1.0,,,,,,,,,1.0,,,,,,,,,,,,,,,,,,,,,,,
Cyprus,CY,CYP,"Climate related disasters frequency, Number of Disasters: Extreme temperature",Number of,"The Emergency Events Database (EM-DAT) , Centre for Research on the Epidemiology of Disasters (CRED) / Université catholique de Louvain (UCLouvain), Brussels, Belgium – www.emdat.be.",ECCD,Climate Related Disasters Frequency,"Environment, Climate Change, Adaptation, Climate Related Disasters Frequency",,,,,,,,,,,,,,,,,,,1.0,,1.0,,,,,,,1.0,,,,,,,,,,,,,,,,
Cyprus,CY,CYP,"Climate related disasters frequency, Number of Disasters: Storm",Number of,"The Emergency Events Database (EM-DAT) , Centre for Research on the Epidemiology of Disasters (CRED) / Université catholique de Louvain (UCLouvain), Brussels, Belgium – www.emdat.be.",ECCD,Climate Related Disasters Frequency,"Environment, Climate Change, Adaptation, Climate Related Disasters Frequency",,,,1.0,,,,,,,,,,,,,,,,,,,,1.0,1.0,,,,,,,,,,,,,,,,,,,
Cyprus,CY,CYP,"Climate related disasters frequency, Number of Disasters: TOTAL",Number of,"The Emergency Events Database (EM-DAT) , Centre for Research on the Epidemiology of Disasters (CRED) / Université catholique de Louvain (UCLouvain), Brussels, Belgium – www.emdat.be.",ECCD,Climate Related Disasters Frequency,"Environment, Climate Change, Adaptation, Climate Related Disasters Frequency",,,,1.0,,,,,,,,1.0,,,,,,,1.0,,3.0,,,1.0,1.0,,,1.0,,,,,,,,,,,,,,1.0,,
Cyprus,CY,CYP,"Climate related disasters frequency, Number of Disasters: Wildfire",Number of,"The Emergency Events Database (EM-DAT) , Centre for Research on the Epidemiology of Disasters (CRED) / Université catholique de Louvain (UCLouvain), Brussels, Belgium – www.emdat.be.",ECCD,Climate Related Disasters Frequency,"Environment, Climate Change, Adaptation, Climate Related Disasters Frequency",,,,,,,,,,,,,,,,,,,,,1.0,,,,,,,,,,,,,,,,,,,,,1.0,,
Czech Rep.,CZ,CZE,"Climate related disasters frequency, Number of Disasters: Extreme temperature",Number of,"The Emergency Events Database (EM-DAT) , Centre for Research on the Epidemiology of Disasters (CRED) / Université catholique de Louvain (UCLouvain), Brussels, Belgium – www.emdat.be.",ECCD,Climate Related Disasters Frequency,"Environment, Climate Change, Adaptation, Climate Related Disasters Frequency",,,,,,,,,,,,,,,,,,,,,,,,1.0,,1.0,,,,,1.0,,2.0,,,,,,1.0,,,,,
Czech Rep.,CZ,CZE,"Climate related disasters frequency, Number of Disasters: Flood",Number of,"The Emergency Events Database (EM-DAT) , Centre for Research on the Epidemiology of Disasters (CRED) / Université catholique de Louvain (UCLouvain), Brussels, Belgium – www.emdat.be.",ECCD,Climate Related Disasters Frequency,"Environment, Climate Change, Adaptation, Climate Related Disasters Frequency",,,,,,,,,,,,,,,,,1.0,1.0,1.0,,1.0,,1.0,,,1.0,2.0,,,1.0,3.0,,,1.0,,,,,,,,1.0,,1.0
Czech Rep.,CZ,CZE,"Climate related disasters frequency, Number of Disasters: Storm",Number of,"The Emergency Events Database (EM-DAT) , Centre for Research on the Epidemiology of Disasters (CRED) / Université catholique de Louvain (UCLouvain), Brussels, Belgium – www.emdat.be.",ECCD,Climate Related Disasters Frequency,"Environment, Climate Change, Adaptation, Climate Related Disasters Frequency",,,,,,,,,,,,,,,,,,,,,,,2.0,,,1.0,,1.0,1.0,1.0,,,,,,,,1.0,,,1.0,2.0,2.0,
Czech Rep.,CZ,CZE,"Climate related disasters frequency, Number of Disasters: TOTAL",Number of,"The Emergency Events Database (EM-DAT) , Centre for Research on the Epidemiology of Disasters (CRED) / Université catholique de Louvain (UCLouvain), Brussels, Belgium – www.emdat.be.",ECCD,Climate Related Disasters Frequency,"Environment, Climate Change, Adaptation, Climate Related Disasters Frequency",,,,,,,,,,,,,,,,,1.0,1.0,1.0,,1.0,,3.0,1.0,,3.0,2.0,1.0,1.0,2.0,4.0,,2.0,1.0,,,,1.0,1.0,,1.0,3.0,2.0,1.0
Denmark,DK,DNK,"Climate related disasters frequency, Number of Disasters: Drought",Number of,"The Emergency Events Database (EM-DAT) , Centre for Research on the Epidemiology of Disasters (CRED) / Université catholique de Louvain (UCLouvain), Brussels, Belgium – www.emdat.be.",ECCD,Climate Related Disasters Frequency,"Environment, Climate Change, Adaptation, Climate Related Disasters Frequency",,,,,,,,,,,,,1.0,,,,,,,,,,,,,,,,,,,,,,,,,,,,,,,
Denmark,DK,DNK,"Climate related disasters frequency, Number of Disasters: Storm",Number of,"The Emergency Events Database (EM-DAT) , Centre for Research on the Epidemiology of Disasters (CRED) / Université catholique de Louvain (UCLouvain), Brussels, Belgium – www.emdat.be.",ECCD,Climate Related Disasters Frequency,"Environment, Climate Change, Adaptation, Climate Related Disasters Frequency",1.0,1.0,,1.0,,1.0,,,,,3.0,,,,,,,,,1.0,,,1.0,,,1.0,,1.0,,,1.0,,,2.0,,,,,,,,,1.0,
Denmark,DK,DNK,"Climate related disasters frequency, Number of Disasters: TOTAL",Number of,"The Emergency Events Database (EM-DAT) , Centre for Research on the Epidemiology of Disasters (CRED) / Université catholique de Louvain (UCLouvain), Brussels, Belgium – www.emdat.be.",ECCD,Climate Related Disasters Frequency,"Environment, Climate Change, Adaptation, Climate Related Disasters Frequency",1.0,1.0,,1.0,,1.0,,,,,3.0,,1.0,,,,,,,1.0,,,1.0,,,1.0,,1.0,,,1.0,,,2.0,,,,,,,,,1.0,
Djibouti,DJ,DJI,"Climate related disasters frequency, Number of Disasters: Drought",Number of,"The Emergency Events Database (EM-DAT) , Centre for Research on the Epidemiology of Disasters (CRED) / Université catholique de Louvain (UCLouvain), Brussels, Belgium – www.emdat.be.",ECCD,Climate Related Disasters Frequency,"Environment, Climate Change, Adaptation, Climate Related Disasters Frequency",1.0,,,1.0,,,,,1.0,,,,,,,,1.0,,,1.0,,,,,,1.0,,1.0,1.0,,1.0,,,,,,,,,,,,1.0,
Djibouti,DJ,DJI,"Climate related disasters frequency, Number of Disasters: Flood",Number of,"The Emergency Events Database (EM-DAT) , Centre for Research on the Epidemiology of Disasters (CRED) / Université catholique de Louvain (UCLouvain), Brussels, Belgium – www.emdat.be.",ECCD,Climate Related Disasters Frequency,"Environment, Climate Change, Adaptation, Climate Related Disasters Frequency",,1.0,,,,,,,,1.0,,,,1.0,1.0,,,,,,,,,,1.0,,,,,,,,,,,,,,,1.0,1.0,,,
Djibouti,DJ,DJI,"Climate related disasters frequency, Number of Disasters: Storm",Number of,"The Emergency Events Database (EM-DAT) , Centre for Research on the Epidemiology of Disasters (CRED) / Université catholique de Louvain (UCLouvain), Brussels, Belgium – www.emdat.be.",ECCD,Climate Related Disasters Frequency,"Environment, Climate Change, Adaptation, Climate Related Disasters Frequency",,,,,,,,,,,,,,,,1.0,,,,,,,,,,,,,,,,,,,,,,,1.0,,,,,
Djibouti,DJ,DJI,"Climate related disasters frequency, Number of Disasters: TOTAL",Number of,"The Emergency Events Database (EM-DAT) , Centre for Research on the Epidemiology of Disasters (CRED) / Université catholique de Louvain (UCLouvain), Brussels, Belgium – www.emdat.be.",ECCD,Climate Related Disasters Frequency,"Environment, Climate Change, Adaptation, Climate Related Disasters Frequency",1.0,1.0,,1.0,,,,,1.0,1.0,,,,1.0,1.0,1.0,1.0,,,1.0,,,,,1.0,1.0,,1.0,1.0,,1.0,,,,,,,,1.0,1.0,1.0,,1.0,
Dominica,DM,DMA,"Climate related disasters frequency, Number of Disasters: Storm",Number of,"The Emergency Events Database (EM-DAT) , Centre for Research on the Epidemiology of Disasters (CRED) / Université catholique de Louvain (UCLouvain), Brussels, Belgium – www.emdat.be.",ECCD,Climate Related Disasters Frequency,"Environment, Climate Change, Adaptation, Climate Related Disasters Frequency",1.0,,,,1.0,,,,,1.0,,,,,,2.0,,,,1.0,,,,,,,,1.0,,,,1.0,,,,1.0,,1.0,,,,,,
Dominica,DM,DMA,"Climate related disasters frequency, Number of Disasters: TOTAL",Number of,"The Emergency Events Database (EM-DAT) , Centre for Research on the Epidemiology of Disasters (CRED) / Université catholique de Louvain (UCLouvain), Brussels, Belgium – www.emdat.be.",ECCD,Climate Related Disasters Frequency,"Environment, Climate Change, Adaptation, Climate Related Disasters Frequency",1.0,,,,1.0,,,,,1.0,,,,,,2.0,,,,1.0,,,,,,,,1.0,,,,1.0,,,,1.0,,1.0,,,,,,
Dominican Rep.,DO,DOM,"Climate related disasters frequency, Number of Disasters: Flood",Number of,"The Emergency Events Database (EM-DAT) , Centre for Research on the Epidemiology of Disasters (CRED) / Université catholique de Louvain (UCLouvain), Brussels, Belgium – www.emdat.be.",ECCD,Climate Related Disasters Frequency,"Environment, Climate Change, Adaptation, Climate Related Disasters Frequency",,1.0,,,,1.0,,,1.0,,,1.0,,2.0,,,1.0,,,,,,1.0,2.0,1.0,1.0,,2.0,,2.0,2.0,1.0,2.0,1.0,1.0,2.0,2.0,,1.0,,,,2.0,2.0
Dominican Rep.,DO,DOM,"Climate related disasters frequency, Number of Disasters: Storm",Number of,"The Emergency Events Database (EM-DAT) , Centre for Research on the Epidemiology of Disasters (CRED) / Université catholique de Louvain (UCLouvain), Brussels, Belgium – www.emdat.be.",ECCD,Climate Related Disasters Frequency,"Environment, Climate Change, Adaptation, Climate Related Disasters Frequency",1.0,,,,,,1.0,1.0,,1.0,,,,,,2.0,1.0,,1.0,,,1.0,,1.0,3.0,1.0,,3.0,3.0,,1.0,2.0,2.0,,,1.0,1.0,3.0,1.0,,2.0,2.0,1.0,1.0
Dominican Rep.,DO,DOM,"Climate related disasters frequency, Number of Disasters: TOTAL",Number of,"The Emergency Events Database (EM-DAT) , Centre for Research on the Epidemiology of Disasters (CRED) / Université catholique de Louvain (UCLouvain), Brussels, Belgium – www.emdat.be.",ECCD,Climate Related Disasters Frequency,"Environment, Climate Change, Adaptation, Climate Related Disasters Frequency",1.0,1.0,,1.0,,1.0,1.0,1.0,1.0,1.0,,1.0,,2.0,,2.0,2.0,,1.0,,,1.0,1.0,3.0,4.0,3.0,,5.0,3.0,2.0,3.0,3.0,4.0,1.0,1.0,3.0,3.0,3.0,2.0,,2.0,2.0,3.0,3.0
Dominican Rep.,DO,DOM,"Climate related disasters frequency, Number of Disasters: Wildfire",Number of,"The Emergency Events Database (EM-DAT) , Centre for Research on the Epidemiology of Disasters (CRED) / Université catholique de Louvain (UCLouvain), Brussels, Belgium – www.emdat.be.",ECCD,Climate Related Disasters Frequency,"Environment, Climate Change, Adaptation, Climate Related Disasters Frequency",,,,1.0,,,,,,,,,,,,,,,,,,,,,,1.0,,,,,,,,,,,,,,,,,,
Ecuador,EC,ECU,"Climate related disasters frequency, Number of Disasters: Drought",Number of,"The Emergency Events Database (EM-DAT) , Centre for Research on the Epidemiology of Disasters (CRED) / Université catholique de Louvain (UCLouvain), Brussels, Belgium – www.emdat.be.",ECCD,Climate Related Disasters Frequency,"Environment, Climate Change, Adaptation, Climate Related Disasters Frequency",,,,,,,,,,,,,,,,,,1.0,,,,,,,,,,,,1.0,,,,1.0,,,,,,,,,,
Ecuador,EC,ECU,"Climate related disasters frequency, Number of Disasters: Flood",Number of,"The Emergency Events Database (EM-DAT) , Centre for Research on the Epidemiology of Disasters (CRED) / Université catholique de Louvain (UCLouvain), Brussels, Belgium – www.emdat.be.",ECCD,Climate Related Disasters Frequency,"Environment, Climate Change, Adaptation, Climate Related Disasters Frequency",,,1.0,1.0,,,,1.0,,1.0,,,1.0,,,,,2.0,,,1.0,2.0,2.0,1.0,,,1.0,,1.0,1.0,2.0,1.0,1.0,1.0,,1.0,2.0,,,1.0,1.0,2.0,5.0,1.0
Ecuador,EC,ECU,"Climate related disasters frequency, Number of Disasters: Landslide",Number of,"The Emergency Events Database (EM-DAT) , Centre for Research on the Epidemiology of Disasters (CRED) / Université catholique de Louvain (UCLouvain), Brussels, Belgium – www.emdat.be.",ECCD,Climate Related Disasters Frequency,"Environment, Climate Change, Adaptation, Climate Related Disasters Frequency",,,,1.0,,,,1.0,,,,,,3.0,,,,,,,2.0,,,,,,,,,,,1.0,,2.0,,,,,,1.0,,,,
Ecuador,EC,ECU,"Climate related disasters frequency, Number of Disasters: TOTAL",Number of,"The Emergency Events Database (EM-DAT) , Centre for Research on the Epidemiology of Disasters (CRED) / Université catholique de Louvain (UCLouvain), Brussels, Belgium – www.emdat.be.",ECCD,Climate Related Disasters Frequency,"Environment, Climate Change, Adaptation, Climate Related Disasters Frequency",,,1.0,2.0,,1.0,,2.0,,1.0,,,1.0,3.0,1.0,,,3.0,,,3.0,2.0,2.0,1.0,,,1.0,,1.0,2.0,2.0,2.0,2.0,4.0,,1.0,2.0,,,2.0,1.0,2.0,5.0,1.0
Ecuador,EC,ECU,"Climate related disasters frequency, Number of Disasters: Wildfire",Number of,"The Emergency Events Database (EM-DAT) , Centre for Research on the Epidemiology of Disasters (CRED) / Université catholique de Louvain (UCLouvain), Brussels, Belgium – www.emdat.be.",ECCD,Climate Related Disasters Frequency,"Environment, Climate Change, Adaptation, Climate Related Disasters Frequency",,,,,,1.0,,,,,,,,,1.0,,,,,,,,,,,,,,,,,,1.0,,,,,,,,,,,
"Egypt, Arab Rep. of",EG,EGY,"Climate related disasters frequency, Number of Disasters: Extreme temperature",Number of,"The Emergency Events Database (EM-DAT) , Centre for Research on the Epidemiology of Disasters (CRED) / Université catholique de Louvain (UCLouvain), Brussels, Belgium – www.emdat.be.",ECCD,Climate Related Disasters Frequency,"Environment, Climate Change, Adaptation, Climate Related Disasters Frequency",,,,,,,,,,,,,,,,1.0,1.0,,,,1.0,,,,,,,,,,,,,,,1.0,,,,,,,,
"Egypt, Arab Rep. of",EG,EGY,"Climate related disasters frequency, Number of Disasters: Flood",Number of,"The Emergency Events Database (EM-DAT) , Centre for Research on the Epidemiology of Disasters (CRED) / Université catholique de Louvain (UCLouvain), Brussels, Belgium – www.emdat.be.",ECCD,Climate Related Disasters Frequency,"Environment, Climate Change, Adaptation, Climate Related Disasters Frequency",,,,,,,,,,,,1.0,,,1.0,1.0,1.0,1.0,,,,,2.0,,,,,,,,2.0,,,,,,,,,,1.0,1.0,,
"Egypt, Arab Rep. of",EG,EGY,"Climate related disasters frequency, Number of Disasters: Storm",Number of,"The Emergency Events Database (EM-DAT) , Centre for Research on the Epidemiology of Disasters (CRED) / Université catholique de Louvain (UCLouvain), Brussels, Belgium – www.emdat.be.",ECCD,Climate Related Disasters Frequency,"Environment, Climate Change, Adaptation, Climate Related Disasters Frequency",,,,,,,,1.0,,,,,,,,,,1.0,,,,,,,1.0,,,,,,1.0,,,,,2.0,1.0,,,,,,,
"Egypt, Arab Rep. of",EG,EGY,"Climate related disasters frequency, Number of Disasters: TOTAL",Number of,"The Emergency Events Database (EM-DAT) , Centre for Research on the Epidemiology of Disasters (CRED) / Université catholique de Louvain (UCLouvain), Brussels, Belgium – www.emdat.be.",ECCD,Climate Related Disasters Frequency,"Environment, Climate Change, Adaptation, Climate Related Disasters Frequency",,,,,,,,1.0,,,,1.0,,,1.0,2.0,2.0,2.0,,,1.0,,2.0,,1.0,,,,,,3.0,,,,,3.0,1.0,,,,1.0,1.0,,
El Salvador,SV,SLV,"Climate related disasters frequency, Number of Disasters: Drought",Number of,"The Emergency Events Database (EM-DAT) , Centre for Research on the Epidemiology of Disasters (CRED) / Université catholique de Louvain (UCLouvain), Brussels, Belgium – www.emdat.be.",ECCD,Climate Related Disasters Frequency,"Environment, Climate Change, Adaptation, Climate Related Disasters Frequency",,,1.0,,,,,,,,,,,,1.0,,,,1.0,,,1.0,,,,,,,,1.0,,,,,1.0,,,,1.0,,,,,
El Salvador,SV,SLV,"Climate related disasters frequency, Number of Disasters: Extreme temperature",Number of,"The Emergency Events Database (EM-DAT) , Centre for Research on the Epidemiology of Disasters (CRED) / Université catholique de Louvain (UCLouvain), Brussels, Belgium – www.emdat.be.",ECCD,Climate Related Disasters Frequency,"Environment, Climate Change, Adaptation, Climate Related Disasters Frequency",,,,,,,,,,,,,,,,,,,,,,,,,,,1.0,,,,,,,,,,,,,,,,,
El Salvador,SV,SLV,"Climate related disasters frequency, Number of Disasters: Flood",Number of,"The Emergency Events Database (EM-DAT) , Centre for Research on the Epidemiology of Disasters (CRED) / Université catholique de Louvain (UCLouvain), Brussels, Belgium – www.emdat.be.",ECCD,Climate Related Disasters Frequency,"Environment, Climate Change, Adaptation, Climate Related Disasters Frequency",,,1.0,,,,,,1.0,1.0,,,1.0,,,1.0,,,,1.0,1.0,1.0,1.0,,,2.0,,1.0,2.0,,,1.0,,,,1.0,,,1.0,,,1.0,,
El Salvador,SV,SLV,"Climate related disasters frequency, Number of Disasters: Landslide",Number of,"The Emergency Events Database (EM-DAT) , Centre for Research on the Epidemiology of Disasters (CRED) / Université catholique de Louvain (UCLouvain), Brussels, Belgium – www.emdat.be.",ECCD,Climate Related Disasters Frequency,"Environment, Climate Change, Adaptation, Climate Related Disasters Frequency",,,,,,,,,1.0,,,,,1.0,,,,,,,,,,,,,,,,,,,,,,,,,,,1.0,,,
El Salvador,SV,SLV,"Climate related disasters frequency, Number of Disasters: Storm",Number of,"The Emergency Events Database (EM-DAT) , Centre for Research on the Epidemiology of Disasters (CRED) / Université catholique de Louvain (UCLouvain), Brussels, Belgium – www.emdat.be.",ECCD,Climate Related Disasters Frequency,"Environment, Climate Change, Adaptation, Climate Related Disasters Frequency",,,,,,,,,,,,,,,,,1.0,1.0,1.0,,1.0,,1.0,,,2.0,,1.0,,1.0,3.0,,,,,1.0,,1.0,,,3.0,,2.0,1.0
El Salvador,SV,SLV,"Climate related disasters frequency, Number of Disasters: TOTAL",Number of,"The Emergency Events Database (EM-DAT) , Centre for Research on the Epidemiology of Disasters (CRED) / Université catholique de Louvain (UCLouvain), Brussels, Belgium – www.emdat.be.",ECCD,Climate Related Disasters Frequency,"Environment, Climate Change, Adaptation, Climate Related Disasters Frequency",,,2.0,,,,,,2.0,1.0,,,1.0,1.0,1.0,1.0,1.0,1.0,2.0,1.0,2.0,2.0,2.0,,,4.0,1.0,2.0,2.0,2.0,3.0,1.0,,,1.0,2.0,,1.0,2.0,,4.0,1.0,2.0,1.0
"Eritrea, The State of",ER,ERI,"Climate related disasters frequency, Number of Disasters: Drought",Number of,"The Emergency Events Database (EM-DAT) , Centre for Research on the Epidemiology of Disasters (CRED) / Université catholique de Louvain (UCLouvain), Brussels, Belgium – www.emdat.be.",ECCD,Climate Related Disasters Frequency,"Environment, Climate Change, Adaptation, Climate Related Disasters Frequency",,,,,,,,,,,,,,1.0,,,,,,1.0,,,,,,,,,1.0,,,,,,,,,,,,,,,
"Eritrea, The State of",ER,ERI,"Climate related disasters frequency, Number of Disasters: Flood",Number of,"The Emergency Events Database (EM-DAT) , Centre for Research on the Epidemiology of Disasters (CRED) / Université catholique de Louvain (UCLouvain), Brussels, Belgium – www.emdat.be.",ECCD,Climate Related Disasters Frequency,"Environment, Climate Change, Adaptation, Climate Related Disasters Frequency",,,,,,,,,,,,,,,,,,,,,,,,1.0,1.0,,,,,,,,,,,,,,,,,,,
"Eritrea, The State of",ER,ERI,"Climate related disasters frequency, Number of Disasters: Storm",Number of,"The Emergency Events Database (EM-DAT) , Centre for Research on the Epidemiology of Disasters (CRED) / Université catholique de Louvain (UCLouvain), Brussels, Belgium – www.emdat.be.",ECCD,Climate Related Disasters Frequency,"Environment, Climate Change, Adaptation, Climate Related Disasters Frequency",,,,,,,,,,,,,,1.0,,,,,,,,,,,,,,,,,,,,,,,,,,,,,,
"Eritrea, The State of",ER,ERI,"Climate related disasters frequency, Number of Disasters: TOTAL",Number of,"The Emergency Events Database (EM-DAT) , Centre for Research on the Epidemiology of Disasters (CRED) / Université catholique de Louvain (UCLouvain), Brussels, Belgium – www.emdat.be.",ECCD,Climate Related Disasters Frequency,"Environment, Climate Change, Adaptation, Climate Related Disasters Frequency",,,,,,,,,,,,,,2.0,,,,,,1.0,,,,1.0,1.0,,,,1.0,,,,,,,,,,,,,,,
"Estonia, Rep. of",EE,EST,"Climate related disasters frequency, Number of Disasters: Extreme temperature",Number of,"The Emergency Events Database (EM-DAT) , Centre for Research on the Epidemiology of Disasters (CRED) / Université catholique de Louvain (UCLouvain), Brussels, Belgium – www.emdat.be.",ECCD,Climate Related Disasters Frequency,"Environment, Climate Change, Adaptation, Climate Related Disasters Frequency",,,,,,,,,,,,,,,,,,,,,,,,,,1.0,,,,,,,1.0,,,,,,1.0,,,,,
"Estonia, Rep. of",EE,EST,"Climate related disasters frequency, Number of Disasters: Storm",Number of,"The Emergency Events Database (EM-DAT) , Centre for Research on the Epidemiology of Disasters (CRED) / Université catholique de Louvain (UCLouvain), Brussels, Belgium – www.emdat.be.",ECCD,Climate Related Disasters Frequency,"Environment, Climate Change, Adaptation, Climate Related Disasters Frequency",,,,,,,,,,,,,,,,,,,,,,,,,,1.0,,,,,,,,,,,,,,,,,,
"Estonia, Rep. of",EE,EST,"Climate related disasters frequency, Number of Disasters: TOTAL",Number of,"The Emergency Events Database (EM-DAT) , Centre for Research on the Epidemiology of Disasters (CRED) / Université catholique de Louvain (UCLouvain), Brussels, Belgium – www.emdat.be.",ECCD,Climate Related Disasters Frequency,"Environment, Climate Change, Adaptation, Climate Related Disasters Frequency",,,,,,,,,,,,,,,,,,,,,,,,,,2.0,,,,,,,1.0,,,,,,1.0,,,,,
"Eswatini, Kingdom of",SZ,SWZ,"Climate related disasters frequency, Number of Disasters: Drought",Number of,"The Emergency Events Database (EM-DAT) , Centre for Research on the Epidemiology of Disasters (CRED) / Université catholique de Louvain (UCLouvain), Brussels, Belgium – www.emdat.be.",ECCD,Climate Related Disasters Frequency,"Environment, Climate Change, Adaptation, Climate Related Disasters Frequency",,1.0,,,1.0,,,,,,1.0,,,,,,,,,,,1.0,,,,,,1.0,,,,,,,,,1.0,,,1.0,,,,
"Eswatini, Kingdom of",SZ,SWZ,"Climate related disasters frequency, Number of Disasters: Flood",Number of,"The Emergency Events Database (EM-DAT) , Centre for Research on the Epidemiology of Disasters (CRED) / Université catholique de Louvain (UCLouvain), Brussels, Belgium – www.emdat.be.",ECCD,Climate Related Disasters Frequency,"Environment, Climate Change, Adaptation, Climate Related Disasters Frequency",,,,,,,,,,,,,,,,,,,,,1.0,,,,,,,,1.0,,,,,,1.0,,,,,,,,,
"Eswatini, Kingdom of",SZ,SWZ,"Climate related disasters frequency, Number of Disasters: Storm",Number of,"The Emergency Events Database (EM-DAT) , Centre for Research on the Epidemiology of Disasters (CRED) / Université catholique de Louvain (UCLouvain), Brussels, Belgium – www.emdat.be.",ECCD,Climate Related Disasters Frequency,"Environment, Climate Change, Adaptation, Climate Related Disasters Frequency",,,,,1.0,,,,,,,,,,,,,,,,,,,,,1.0,1.0,,,,,,,,,,,,,,,1.0,1.0,
"Eswatini, Kingdom of",SZ,SWZ,"Climate related disasters frequency, Number of Disasters: TOTAL",Number of,"The Emergency Events Database (EM-DAT) , Centre for Research on the Epidemiology of Disasters (CRED) / Université catholique de Louvain (UCLouvain), Brussels, Belgium – www.emdat.be.",ECCD,Climate Related Disasters Frequency,"Environment, Climate Change, Adaptation, Climate Related Disasters Frequency",,1.0,,,2.0,,,,,,1.0,,,,,,,,,,1.0,1.0,,,,1.0,1.0,2.0,1.0,,,,,,1.0,,1.0,,,1.0,,1.0,1.0,
"Eswatini, Kingdom of",SZ,SWZ,"Climate related disasters frequency, Number of Disasters: Wildfire",Number of,"The Emergency Events Database (EM-DAT) , Centre for Research on the Epidemiology of Disasters (CRED) / Université catholique de Louvain (UCLouvain), Brussels, Belgium – www.emdat.be.",ECCD,Climate Related Disasters Frequency,"Environment, Climate Change, Adaptation, Climate Related Disasters Frequency",,,,,,,,,,,,,,,,,,,,,,,,,,,,1.0,,,,,,,,,,,,,,,,
"Ethiopia, The Federal Dem. Rep. of",ET,ETH,"Climate related disasters frequency, Number of Disasters: Drought",Number of,"The Emergency Events Database (EM-DAT) , Centre for Research on the Epidemiology of Disasters (CRED) / Université catholique de Louvain (UCLouvain), Brussels, Belgium – www.emdat.be.",ECCD,Climate Related Disasters Frequency,"Environment, Climate Change, Adaptation, Climate Related Disasters Frequency",,,,1.0,,,,1.0,,1.0,,,,,,,,1.0,1.0,1.0,,,,1.0,,1.0,,,1.0,1.0,1.0,1.0,,,,1.0,,,,,,1.0,1.0,
"Ethiopia, The Federal Dem. Rep. of",ET,ETH,"Climate related disasters frequency, Number of Disasters: Flood",Number of,"The Emergency Events Database (EM-DAT) , Centre for Research on the Epidemiology of Disasters (CRED) / Université catholique de Louvain (UCLouvain), Brussels, Belgium – www.emdat.be.",ECCD,Climate Related Disasters Frequency,"Environment, Climate Change, Adaptation, Climate Related Disasters Frequency",,1.0,,,,2.0,,,2.0,,1.0,,,2.0,1.0,1.0,2.0,2.0,,6.0,2.0,3.0,1.0,1.0,,4.0,7.0,2.0,3.0,,2.0,1.0,,1.0,,1.0,2.0,,,1.0,2.0,1.0,1.0,2.0
"Ethiopia, The Federal Dem. Rep. of",ET,ETH,"Climate related disasters frequency, Number of Disasters: Landslide",Number of,"The Emergency Events Database (EM-DAT) , Centre for Research on the Epidemiology of Disasters (CRED) / Université catholique de Louvain (UCLouvain), Brussels, Belgium – www.emdat.be.",ECCD,Climate Related Disasters Frequency,"Environment, Climate Change, Adaptation, Climate Related Disasters Frequency",,,,,,,,,,,,,,,1.0,,,,,,1.0,,,,,,,,,,,,,,,,,,2.0,1.0,2.0,,,
"Ethiopia, The Federal Dem. Rep. of",ET,ETH,"Climate related disasters frequency, Number of Disasters: TOTAL",Number of,"The Emergency Events Database (EM-DAT) , Centre for Research on the Epidemiology of Disasters (CRED) / Université catholique de Louvain (UCLouvain), Brussels, Belgium – www.emdat.be.",ECCD,Climate Related Disasters Frequency,"Environment, Climate Change, Adaptation, Climate Related Disasters Frequency",,1.0,,1.0,,2.0,,1.0,2.0,1.0,1.0,,,2.0,2.0,1.0,2.0,3.0,1.0,7.0,4.0,3.0,1.0,2.0,,5.0,7.0,2.0,4.0,1.0,3.0,2.0,,1.0,,2.0,2.0,,2.0,2.0,4.0,2.0,2.0,2.0
"Ethiopia, The Federal Dem. Rep. of",ET,ETH,"Climate related disasters frequency, Number of Disasters: Wildfire",Number of,"The Emergency Events Database (EM-DAT) , Centre for Research on the Epidemiology of Disasters (CRED) / Université catholique de Louvain (UCLouvain), Brussels, Belgium – www.emdat.be.",ECCD,Climate Related Disasters Frequency,"Environment, Climate Change, Adaptation, Climate Related Disasters Frequency",,,,,,,,,,,,,,,,,,,,,1.0,,,,,,,,,,,,,,,,,,,,,,,
"Fiji, Rep. of",FJ,FJI,"Climate related disasters frequency, Number of Disasters: Drought",Number of,"The Emergency Events Database (EM-DAT) , Centre for Research on the Epidemiology of Disasters (CRED) / Université catholique de Louvain (UCLouvain), Brussels, Belgium – www.emdat.be.",ECCD,Climate Related Disasters Frequency,"Environment, Climate Change, Adaptation, Climate Related Disasters Frequency",,,,1.0,,,,,,,,,,,,,,,1.0,,,,,,,,,,,,,,,,,1.0,,,,,,,,
"Fiji, Rep. of",FJ,FJI,"Climate related disasters frequency, Number of Disasters: Flood",Number of,"The Emergency Events Database (EM-DAT) , Centre for Research on the Epidemiology of Disasters (CRED) / Université catholique de Louvain (UCLouvain), Brussels, Belgium – www.emdat.be.",ECCD,Climate Related Disasters Frequency,"Environment, Climate Change, Adaptation, Climate Related Disasters Frequency",,,,,,,1.0,,,1.0,,,,,,,,,,,1.0,,,,1.0,,1.0,2.0,,1.0,,,2.0,,,,,,,,,,,
"Fiji, Rep. of",FJ,FJI,"Climate related disasters frequency, Number of Disasters: Storm",Number of,"The Emergency Events Database (EM-DAT) , Centre for Research on the Epidemiology of Disasters (CRED) / Université catholique de Louvain (UCLouvain), Brussels, Belgium – www.emdat.be.",ECCD,Climate Related Disasters Frequency,"Environment, Climate Change, Adaptation, Climate Related Disasters Frequency",1.0,1.0,,2.0,,3.0,1.0,1.0,,,1.0,,1.0,1.0,,,,1.0,,1.0,,1.0,,1.0,1.0,,1.0,2.0,1.0,1.0,1.0,,1.0,,,,2.0,,2.0,1.0,3.0,1.0,1.0,1.0
"Fiji, Rep. of",FJ,FJI,"Climate related disasters frequency, Number of Disasters: TOTAL",Number of,"The Emergency Events Database (EM-DAT) , Centre for Research on the Epidemiology of Disasters (CRED) / Université catholique de Louvain (UCLouvain), Brussels, Belgium – www.emdat.be.",ECCD,Climate Related Disasters Frequency,"Environment, Climate Change, Adaptation, Climate Related Disasters Frequency",1.0,1.0,,3.0,,3.0,2.0,1.0,,1.0,1.0,,1.0,1.0,,,,1.0,1.0,1.0,1.0,1.0,,1.0,2.0,,2.0,4.0,1.0,2.0,1.0,,3.0,,,1.0,2.0,,2.0,1.0,3.0,1.0,1.0,1.0
Finland,FI,FIN,"Climate related disasters frequency, Number of Disasters: Flood",Number of,"The Emergency Events Database (EM-DAT) , Centre for Research on the Epidemiology of Disasters (CRED) / Université catholique de Louvain (UCLouvain), Brussels, Belgium – www.emdat.be.",ECCD,Climate Related Disasters Frequency,"Environment, Climate Change, Adaptation, Climate Related Disasters Frequency",,,,,,,,,,,,,,,,,,,,,,,,,,1.0,,,,,,,,,,,,,,,,,,
Finland,FI,FIN,"Climate related disasters frequency, Number of Disasters: Storm",Number of,"The Emergency Events Database (EM-DAT) , Centre for Research on the Epidemiology of Disasters (CRED) / Université catholique de Louvain (UCLouvain), Brussels, Belgium – www.emdat.be.",ECCD,Climate Related Disasters Frequency,"Environment, Climate Change, Adaptation, Climate Related Disasters Frequency",,,,,,,,,,,2.0,,,,,,,,,,,,,,,,,,,,,,,,,,,,,,,,,
Finland,FI,FIN,"Climate related disasters frequency, Number of Disasters: TOTAL",Number of,"The Emergency Events Database (EM-DAT) , Centre for Research on the Epidemiology of Disasters (CRED) / Université catholique de Louvain (UCLouvain), Brussels, Belgium – www.emdat.be.",ECCD,Climate Related Disasters Frequency,"Environment, Climate Change, Adaptation, Climate Related Disasters Frequency",,,,,,,,,,,2.0,,,,,,,,,,,,,,,1.0,,,,,,,,,,,,,,,,,,
France,FR,FRA,"Climate related disasters frequency, Number of Disasters: Drought",Number of,"The Emergency Events Database (EM-DAT) , Centre for Research on the Epidemiology of Disasters (CRED) / Université catholique de Louvain (UCLouvain), Brussels, Belgium – www.emdat.be.",ECCD,Climate Related Disasters Frequency,"Environment, Climate Change, Adaptation, Climate Related Disasters Frequency",,,1.0,,,,,,,1.0,,1.0,,,,,,1.0,,,,,,,,,,,,,,,,,,,,,,,,,1.0,
France,FR,FRA,"Climate related disasters frequency, Number of Disasters: Extreme temperature",Number of,"The Emergency Events Database (EM-DAT) , Centre for Research on the Epidemiology of Disasters (CRED) / Université catholique de Louvain (UCLouvain), Brussels, Belgium – www.emdat.be.",ECCD,Climate Related Disasters Frequency,"Environment, Climate Change, Adaptation, Climate Related Disasters Frequency",,,,,,1.0,,,,,1.0,2.0,,,,,,1.0,,,,,,1.0,,2.0,1.0,,1.0,2.0,1.0,,1.0,,,1.0,,,2.0,2.0,1.0,1.0,1.0,
France,FR,FRA,"Climate related disasters frequency, Number of Disasters: Flood",Number of,"The Emergency Events Database (EM-DAT) , Centre for Research on the Epidemiology of Disasters (CRED) / Université catholique de Louvain (UCLouvain), Brussels, Belgium – www.emdat.be.",ECCD,Climate Related Disasters Frequency,"Environment, Climate Change, Adaptation, Climate Related Disasters Frequency",1.0,1.0,,3.0,,,,1.0,1.0,,,,1.0,1.0,3.0,,2.0,,,3.0,6.0,5.0,3.0,2.0,,2.0,,,,,1.0,1.0,,1.0,3.0,1.0,1.0,1.0,2.0,2.0,3.0,6.0,,2.0
France,FR,FRA,"Climate related disasters frequency, Number of Disasters: Landslide",Number of,"The Emergency Events Database (EM-DAT) , Centre for Research on the Epidemiology of Disasters (CRED) / Université catholique de Louvain (UCLouvain), Brussels, Belgium – www.emdat.be.",ECCD,Climate Related Disasters Frequency,"Environment, Climate Change, Adaptation, Climate Related Disasters Frequency",,,2.0,2.0,,,,,,,1.0,,,,,,,,1.0,1.0,,,,,,,,,,,,,,,,,,,,,,,,
France,FR,FRA,"Climate related disasters frequency, Number of Disasters: Storm",Number of,"The Emergency Events Database (EM-DAT) , Centre for Research on the Epidemiology of Disasters (CRED) / Université catholique de Louvain (UCLouvain), Brussels, Belgium – www.emdat.be.",ECCD,Climate Related Disasters Frequency,"Environment, Climate Change, Adaptation, Climate Related Disasters Frequency",,,2.0,2.0,3.0,1.0,,1.0,,1.0,8.0,,2.0,2.0,,1.0,1.0,,1.0,3.0,1.0,2.0,2.0,2.0,1.0,,2.0,3.0,3.0,1.0,2.0,1.0,,2.0,4.0,1.0,,1.0,3.0,5.0,3.0,2.0,4.0,3.0
France,FR,FRA,"Climate related disasters frequency, Number of Disasters: TOTAL",Number of,"The Emergency Events Database (EM-DAT) , Centre for Research on the Epidemiology of Disasters (CRED) / Université catholique de Louvain (UCLouvain), Brussels, Belgium – www.emdat.be.",ECCD,Climate Related Disasters Frequency,"Environment, Climate Change, Adaptation, Climate Related Disasters Frequency",1.0,1.0,6.0,8.0,5.0,3.0,1.0,2.0,1.0,2.0,10.0,3.0,3.0,3.0,3.0,1.0,3.0,3.0,2.0,8.0,7.0,7.0,5.0,6.0,1.0,5.0,3.0,3.0,4.0,4.0,4.0,2.0,1.0,3.0,7.0,3.0,1.0,3.0,7.0,9.0,7.0,9.0,6.0,6.0
France,FR,FRA,"Climate related disasters frequency, Number of Disasters: Wildfire",Number of,"The Emergency Events Database (EM-DAT) , Centre for Research on the Epidemiology of Disasters (CRED) / Université catholique de Louvain (UCLouvain), Brussels, Belgium – www.emdat.be.",ECCD,Climate Related Disasters Frequency,"Environment, Climate Change, Adaptation, Climate Related Disasters Frequency",,,1.0,1.0,2.0,1.0,1.0,,,,,,,,,,,1.0,,1.0,,,,1.0,,1.0,,,,1.0,,,,,,,,1.0,,,,,,1.0
French Polynesia,PF,PYF,"Climate related disasters frequency, Number of Disasters: Flood",Number of,"The Emergency Events Database (EM-DAT) , Centre for Research on the Epidemiology of Disasters (CRED) / Université catholique de Louvain (UCLouvain), Brussels, Belgium – www.emdat.be.",ECCD,Climate Related Disasters Frequency,"Environment, Climate Change, Adaptation, Climate Related Disasters Frequency",,,,,,,,,,,,,,,,,,,,,,,,,,,,,,,,,,,,,,1.0,,,,,,
French Polynesia,PF,PYF,"Climate related disasters frequency, Number of Disasters: Landslide",Number of,"The Emergency Events Database (EM-DAT) , Centre for Research on the Epidemiology of Disasters (CRED) / Université catholique de Louvain (UCLouvain), Brussels, Belgium – www.emdat.be.",ECCD,Climate Related Disasters Frequency,"Environment, Climate Change, Adaptation, Climate Related Disasters Frequency",,,,,,,,1.0,,,,,,,,,,,2.0,,,,,,,,,,,,,,,,,,,,,,,,,
French Polynesia,PF,PYF,"Climate related disasters frequency, Number of Disasters: Storm",Number of,"The Emergency Events Database (EM-DAT) , Centre for Research on the Epidemiology of Disasters (CRED) / Université catholique de Louvain (UCLouvain), Brussels, Belgium – www.emdat.be.",ECCD,Climate Related Disasters Frequency,"Environment, Climate Change, Adaptation, Climate Related Disasters Frequency",,,,2.0,,,,,,,,,,,,,,,,,,,,,,,,,,,1.0,,,,,,,,,,,,,
French Polynesia,PF,PYF,"Climate related disasters frequency, Number of Disasters: TOTAL",Number of,"The Emergency Events Database (EM-DAT) , Centre for Research on the Epidemiology of Disasters (CRED) / Université catholique de Louvain (UCLouvain), Brussels, Belgium – www.emdat.be.",ECCD,Climate Related Disasters Frequency,"Environment, Climate Change, Adaptation, Climate Related Disasters Frequency",,,,2.0,,,,1.0,,,,,,,,,,,2.0,,,,,,,,,,,,1.0,,,,,,,1.0,,,,,,
Gabon,GA,GAB,"Climate related disasters frequency, Number of Disasters: Flood",Number of,"The Emergency Events Database (EM-DAT) , Centre for Research on the Epidemiology of Disasters (CRED) / Université catholique de Louvain (UCLouvain), Brussels, Belgium – www.emdat.be.",ECCD,Climate Related Disasters Frequency,"Environment, Climate Change, Adaptation, Climate Related Disasters Frequency",,,,,,,,,1.0,,,,,,,,,,,,,,,,,,,,,,,,1.0,,,,,,,,,,,
Gabon,GA,GAB,"Climate related disasters frequency, Number of Disasters: Storm",Number of,"The Emergency Events Database (EM-DAT) , Centre for Research on the Epidemiology of Disasters (CRED) / Université catholique de Louvain (UCLouvain), Brussels, Belgium – www.emdat.be.",ECCD,Climate Related Disasters Frequency,"Environment, Climate Change, Adaptation, Climate Related Disasters Frequency",,,,,,,,,,,,,,,,,,,,,,,,,,,,,,1.0,2.0,,,,,,,,,,,,,1.0
Gabon,GA,GAB,"Climate related disasters frequency, Number of Disasters: TOTAL",Number of,"The Emergency Events Database (EM-DAT) , Centre for Research on the Epidemiology of Disasters (CRED) / Université catholique de Louvain (UCLouvain), Brussels, Belgium – www.emdat.be.",ECCD,Climate Related Disasters Frequency,"Environment, Climate Change, Adaptation, Climate Related Disasters Frequency",,,,,,,,,1.0,,,,,,,,,,,,,,,,,,,,,1.0,2.0,,1.0,,,,,,,,,,,1.0
"Gambia, The",GM,GMB,"Climate related disasters frequency, Number of Disasters: Drought",Number of,"The Emergency Events Database (EM-DAT) , Centre for Research on the Epidemiology of Disasters (CRED) / Université catholique de Louvain (UCLouvain), Brussels, Belgium – www.emdat.be.",ECCD,Climate Related Disasters Frequency,"Environment, Climate Change, Adaptation, Climate Related Disasters Frequency",1.0,,,,,,,,,,,,,,,,,,,,,,1.0,,,,,,,,,,1.0,,,1.0,,,,,,,,
"Gambia, The",GM,GMB,"Climate related disasters frequency, Number of Disasters: Flood",Number of,"The Emergency Events Database (EM-DAT) , Centre for Research on the Epidemiology of Disasters (CRED) / Université catholique de Louvain (UCLouvain), Brussels, Belgium – www.emdat.be.",ECCD,Climate Related Disasters Frequency,"Environment, Climate Change, Adaptation, Climate Related Disasters Frequency",,,,,,,,,,,,,,,,,1.0,,,1.0,,1.0,,,,,,1.0,1.0,1.0,2.0,,,1.0,,,,1.0,,,,,1.0,
"Gambia, The",GM,GMB,"Climate related disasters frequency, Number of Disasters: Storm",Number of,"The Emergency Events Database (EM-DAT) , Centre for Research on the Epidemiology of Disasters (CRED) / Université catholique de Louvain (UCLouvain), Brussels, Belgium – www.emdat.be.",ECCD,Climate Related Disasters Frequency,"Environment, Climate Change, Adaptation, Climate Related Disasters Frequency",,,,,,,,,,,,,,,,,,,,,,,,1.0,1.0,,,,1.0,1.0,,,,,,,,,,1.0,,1.0,,
"Gambia, The",GM,GMB,"Climate related disasters frequency, Number of Disasters: TOTAL",Number of,"The Emergency Events Database (EM-DAT) , Centre for Research on the Epidemiology of Disasters (CRED) / Université catholique de Louvain (UCLouvain), Brussels, Belgium – www.emdat.be.",ECCD,Climate Related Disasters Frequency,"Environment, Climate Change, Adaptation, Climate Related Disasters Frequency",1.0,,,,,,,,,,,,,,,,1.0,,,1.0,,1.0,1.0,1.0,1.0,,,1.0,2.0,2.0,2.0,,1.0,1.0,,1.0,,1.0,,1.0,,1.0,1.0,
Georgia,GE,GEO,"Climate related disasters frequency, Number of Disasters: Drought",Number of,"The Emergency Events Database (EM-DAT) , Centre for Research on the Epidemiology of Disasters (CRED) / Université catholique de Louvain (UCLouvain), Brussels, Belgium – www.emdat.be.",ECCD,Climate Related Disasters Frequency,"Environment, Climate Change, Adaptation, Climate Related Disasters Frequency",,,,,,,,,,,,,,,,,,,,,1.0,,,,,,,,,,,,,,,,,,,,,,,
Georgia,GE,GEO,"Climate related disasters frequency, Number of Disasters: Flood",Number of,"The Emergency Events Database (EM-DAT) , Centre for Research on the Epidemiology of Disasters (CRED) / Université catholique de Louvain (UCLouvain), Brussels, Belgium – www.emdat.be.",ECCD,Climate Related Disasters Frequency,"Environment, Climate Change, Adaptation, Climate Related Disasters Frequency",,,,,,,,,,,,,,,,1.0,,3.0,,,,,,,2.0,1.0,1.0,,,,,1.0,1.0,2.0,1.0,1.0,,,1.0,1.0,1.0,1.0,1.0,1.0
Georgia,GE,GEO,"Climate related disasters frequency, Number of Disasters: Storm",Number of,"The Emergency Events Database (EM-DAT) , Centre for Research on the Epidemiology of Disasters (CRED) / Université catholique de Louvain (UCLouvain), Brussels, Belgium – www.emdat.be.",ECCD,Climate Related Disasters Frequency,"Environment, Climate Change, Adaptation, Climate Related Disasters Frequency",,,,,,,,,,,,,,,,,,,,,,1.0,,,,,,,,,,,1.0,1.0,,,,,,,,,,
Georgia,GE,GEO,"Climate related disasters frequency, Number of Disasters: TOTAL",Number of,"The Emergency Events Database (EM-DAT) , Centre for Research on the Epidemiology of Disasters (CRED) / Université catholique de Louvain (UCLouvain), Brussels, Belgium – www.emdat.be.",ECCD,Climate Related Disasters Frequency,"Environment, Climate Change, Adaptation, Climate Related Disasters Frequency",,,,,,,,,,,,,,,,1.0,,3.0,,,1.0,1.0,,,2.0,1.0,1.0,,,,,1.0,2.0,3.0,1.0,1.0,,,1.0,1.0,1.0,1.0,1.0,1.0
Germany,DE,DEU,"Climate related disasters frequency, Number of Disasters: Extreme temperature",Number of,"The Emergency Events Database (EM-DAT) , Centre for Research on the Epidemiology of Disasters (CRED) / Université catholique de Louvain (UCLouvain), Brussels, Belgium – www.emdat.be.",ECCD,Climate Related Disasters Frequency,"Environment, Climate Change, Adaptation, Climate Related Disasters Frequency",,,,,,,,,,,,,,,,,,1.0,,,,,,1.0,,2.0,1.0,,1.0,1.0,1.0,,2.0,,,,,,1.0,2.0,,,1.0,
Germany,DE,DEU,"Climate related disasters frequency, Number of Disasters: Flood",Number of,"The Emergency Events Database (EM-DAT) , Centre for Research on the Epidemiology of Disasters (CRED) / Université catholique de Louvain (UCLouvain), Brussels, Belgium – www.emdat.be.",ECCD,Climate Related Disasters Frequency,"Environment, Climate Change, Adaptation, Climate Related Disasters Frequency",,,,,,,,,,,,,1.0,1.0,2.0,,,1.0,,1.0,,,1.0,,,2.0,1.0,1.0,,1.0,1.0,1.0,,1.0,,,1.0,1.0,,,,1.0,,
Germany,DE,DEU,"Climate related disasters frequency, Number of Disasters: Landslide",Number of,"The Emergency Events Database (EM-DAT) , Centre for Research on the Epidemiology of Disasters (CRED) / Université catholique de Louvain (UCLouvain), Brussels, Belgium – www.emdat.be.",ECCD,Climate Related Disasters Frequency,"Environment, Climate Change, Adaptation, Climate Related Disasters Frequency",,,,,,,,,,,,,,,,,,,,1.0,,,,,,,,,,,,,,,,,,,,,,,,
Germany,DE,DEU,"Climate related disasters frequency, Number of Disasters: Storm",Number of,"The Emergency Events Database (EM-DAT) , Centre for Research on the Epidemiology of Disasters (CRED) / Université catholique de Louvain (UCLouvain), Brussels, Belgium – www.emdat.be.",ECCD,Climate Related Disasters Frequency,"Environment, Climate Change, Adaptation, Climate Related Disasters Frequency",,,,,,,,,,,6.0,1.0,,2.0,2.0,2.0,1.0,,1.0,2.0,,1.0,3.0,2.0,1.0,1.0,3.0,2.0,2.0,1.0,2.0,,,3.0,2.0,,,2.0,1.0,1.0,1.0,2.0,3.0,3.0
Germany,DE,DEU,"Climate related disasters frequency, Number of Disasters: TOTAL",Number of,"The Emergency Events Database (EM-DAT) , Centre for Research on the Epidemiology of Disasters (CRED) / Université catholique de Louvain (UCLouvain), Brussels, Belgium – www.emdat.be.",ECCD,Climate Related Disasters Frequency,"Environment, Climate Change, Adaptation, Climate Related Disasters Frequency",,,,,,,,,,,6.0,1.0,1.0,3.0,4.0,2.0,1.0,2.0,1.0,4.0,,1.0,4.0,3.0,1.0,5.0,5.0,3.0,3.0,3.0,4.0,1.0,2.0,4.0,2.0,,1.0,3.0,2.0,3.0,1.0,3.0,4.0,3.0
Germany Dem Rep (former),,DDR,"Climate related disasters frequency, Number of Disasters: Storm",Number of,"The Emergency Events Database (EM-DAT) , Centre for Research on the Epidemiology of Disasters (CRED) / Université catholique de Louvain (UCLouvain), Brussels, Belgium – www.emdat.be.",ECCD,Climate Related Disasters Frequency,"Environment, Climate Change, Adaptation, Climate Related Disasters Frequency",,,,,2.0,1.0,,,,,,,,,,,,,,,,,,,,,,,,,,,,,,,,,,,,,,
Germany Dem Rep (former),,DDR,"Climate related disasters frequency, Number of Disasters: TOTAL",Number of,"The Emergency Events Database (EM-DAT) , Centre for Research on the Epidemiology of Disasters (CRED) / Université catholique de Louvain (UCLouvain), Brussels, Belgium – www.emdat.be.",ECCD,Climate Related Disasters Frequency,"Environment, Climate Change, Adaptation, Climate Related Disasters Frequency",,,,,2.0,1.0,,,,,,,,,,,,,,,,,,,,,,,,,,,,,,,,,,,,,,
Germany Fed Rep (former),,DFR,"Climate related disasters frequency, Number of Disasters: Flood",Number of,"The Emergency Events Database (EM-DAT) , Centre for Research on the Epidemiology of Disasters (CRED) / Université catholique de Louvain (UCLouvain), Brussels, Belgium – www.emdat.be.",ECCD,Climate Related Disasters Frequency,"Environment, Climate Change, Adaptation, Climate Related Disasters Frequency",,,,1.0,,,,,1.0,,,1.0,,,,,,,,,,,,,,,,,,,,,,,,,,,,,,,,
Germany Fed Rep (former),,DFR,"Climate related disasters frequency, Number of Disasters: Storm",Number of,"The Emergency Events Database (EM-DAT) , Centre for Research on the Epidemiology of Disasters (CRED) / Université catholique de Louvain (UCLouvain), Brussels, Belgium – www.emdat.be.",ECCD,Climate Related Disasters Frequency,"Environment, Climate Change, Adaptation, Climate Related Disasters Frequency",,,,,2.0,1.0,,,,,,,,,,,,,,,,,,,,,,,,,,,,,,,,,,,,,,
Germany Fed Rep (former),,DFR,"Climate related disasters frequency, Number of Disasters: TOTAL",Number of,"The Emergency Events Database (EM-DAT) , Centre for Research on the Epidemiology of Disasters (CRED) / Université catholique de Louvain (UCLouvain), Brussels, Belgium – www.emdat.be.",ECCD,Climate Related Disasters Frequency,"Environment, Climate Change, Adaptation, Climate Related Disasters Frequency",,,,2.0,2.0,1.0,,,1.0,,,1.0,,,,,,,,,,,,,,,,,,,,,,,,,,,,,,,,
Germany Fed Rep (former),,DFR,"Climate related disasters frequency, Number of Disasters: Wildfire",Number of,"The Emergency Events Database (EM-DAT) , Centre for Research on the Epidemiology of Disasters (CRED) / Université catholique de Louvain (UCLouvain), Brussels, Belgium – www.emdat.be.",ECCD,Climate Related Disasters Frequency,"Environment, Climate Change, Adaptation, Climate Related Disasters Frequency",,,,1.0,,,,,,,,,,,,,,,,,,,,,,,,,,,,,,,,,,,,,,,,
Ghana,GH,GHA,"Climate related disasters frequency, Number of Disasters: Drought",Number of,"The Emergency Events Database (EM-DAT) , Centre for Research on the Epidemiology of Disasters (CRED) / Université catholique de Louvain (UCLouvain), Brussels, Belgium – www.emdat.be.",ECCD,Climate Related Disasters Frequency,"Environment, Climate Change, Adaptation, Climate Related Disasters Frequency",1.0,,,,,,,,,,,,,,,,,,,,,,,,,,,,,,,,,,,,,,,,,,,
Ghana,GH,GHA,"Climate related disasters frequency, Number of Disasters: Flood",Number of,"The Emergency Events Database (EM-DAT) , Centre for Research on the Epidemiology of Disasters (CRED) / Université catholique de Louvain (UCLouvain), Brussels, Belgium – www.emdat.be.",ECCD,Climate Related Disasters Frequency,"Environment, Climate Change, Adaptation, Climate Related Disasters Frequency",,,,,,,,,,1.0,,1.0,,,,1.0,,,,1.0,,1.0,2.0,,,,,1.0,1.0,2.0,2.0,2.0,,1.0,,1.0,1.0,1.0,1.0,2.0,2.0,2.0,1.0,2.0
Ghana,GH,GHA,"Climate related disasters frequency, Number of Disasters: Storm",Number of,"The Emergency Events Database (EM-DAT) , Centre for Research on the Epidemiology of Disasters (CRED) / Université catholique de Louvain (UCLouvain), Brussels, Belgium – www.emdat.be.",ECCD,Climate Related Disasters Frequency,"Environment, Climate Change, Adaptation, Climate Related Disasters Frequency",,,,,,,,,,,,,,,,,,,,,,,,,,,,,,,,,,,,,,1.0,,,,,,
Ghana,GH,GHA,"Climate related disasters frequency, Number of Disasters: TOTAL",Number of,"The Emergency Events Database (EM-DAT) , Centre for Research on the Epidemiology of Disasters (CRED) / Université catholique de Louvain (UCLouvain), Brussels, Belgium – www.emdat.be.",ECCD,Climate Related Disasters Frequency,"Environment, Climate Change, Adaptation, Climate Related Disasters Frequency",1.0,,,,,1.0,,,,1.0,,1.0,,,,1.0,,,,1.0,,1.0,2.0,,,,,1.0,1.0,2.0,2.0,2.0,,1.0,,1.0,1.0,2.0,1.0,2.0,2.0,2.0,1.0,2.0
Ghana,GH,GHA,"Climate related disasters frequency, Number of Disasters: Wildfire",Number of,"The Emergency Events Database (EM-DAT) , Centre for Research on the Epidemiology of Disasters (CRED) / Université catholique de Louvain (UCLouvain), Brussels, Belgium – www.emdat.be.",ECCD,Climate Related Disasters Frequency,"Environment, Climate Change, Adaptation, Climate Related Disasters Frequency",,,,,,1.0,,,,,,,,,,,,,,,,,,,,,,,,,,,,,,,,,,,,,,
Greece,GR,GRC,"Climate related disasters frequency, Number of Disasters: Drought",Number of,"The Emergency Events Database (EM-DAT) , Centre for Research on the Epidemiology of Disasters (CRED) / Université catholique de Louvain (UCLouvain), Brussels, Belgium – www.emdat.be.",ECCD,Climate Related Disasters Frequency,"Environment, Climate Change, Adaptation, Climate Related Disasters Frequency",,,,,,,,,,,1.0,,,,,,,,,,,,,,,,,,,,,,,,,,,,,,,,,
Greece,GR,GRC,"Climate related disasters frequency, Number of Disasters: Extreme temperature",Number of,"The Emergency Events Database (EM-DAT) , Centre for Research on the Epidemiology of Disasters (CRED) / Université catholique de Louvain (UCLouvain), Brussels, Belgium – www.emdat.be.",ECCD,Climate Related Disasters Frequency,"Environment, Climate Change, Adaptation, Climate Related Disasters Frequency",,,,,,1.0,,1.0,1.0,,,1.0,,,,,,,,,1.0,,,,,,,1.0,,,,,1.0,,,,,1.0,,,,,,
Greece,GR,GRC,"Climate related disasters frequency, Number of Disasters: Flood",Number of,"The Emergency Events Database (EM-DAT) , Centre for Research on the Epidemiology of Disasters (CRED) / Université catholique de Louvain (UCLouvain), Brussels, Belgium – www.emdat.be.",ECCD,Climate Related Disasters Frequency,"Environment, Climate Change, Adaptation, Climate Related Disasters Frequency",,,,,,,,,,,,,,,1.0,,,1.0,1.0,,2.0,2.0,4.0,3.0,,,2.0,1.0,,,1.0,,1.0,,1.0,2.0,1.0,1.0,,,2.0,,,1.0
Greece,GR,GRC,"Climate related disasters frequency, Number of Disasters: Storm",Number of,"The Emergency Events Database (EM-DAT) , Centre for Research on the Epidemiology of Disasters (CRED) / Université catholique de Louvain (UCLouvain), Brussels, Belgium – www.emdat.be.",ECCD,Climate Related Disasters Frequency,"Environment, Climate Change, Adaptation, Climate Related Disasters Frequency",,,,,,,,1.0,,,1.0,,,,,,,,,,,,1.0,,2.0,,1.0,,,,,,,,,,,,,1.0,,,,1.0
Greece,GR,GRC,"Climate related disasters frequency, Number of Disasters: TOTAL",Number of,"The Emergency Events Database (EM-DAT) , Centre for Research on the Epidemiology of Disasters (CRED) / Université catholique de Louvain (UCLouvain), Brussels, Belgium – www.emdat.be.",ECCD,Climate Related Disasters Frequency,"Environment, Climate Change, Adaptation, Climate Related Disasters Frequency",,,,1.0,2.0,2.0,,3.0,1.0,,2.0,1.0,,,1.0,1.0,,1.0,2.0,,5.0,2.0,5.0,3.0,2.0,,3.0,4.0,,2.0,1.0,,2.0,,1.0,2.0,1.0,2.0,1.0,1.0,2.0,1.0,1.0,4.0
Greece,GR,GRC,"Climate related disasters frequency, Number of Disasters: Wildfire",Number of,"The Emergency Events Database (EM-DAT) , Centre for Research on the Epidemiology of Disasters (CRED) / Université catholique de Louvain (UCLouvain), Brussels, Belgium – www.emdat.be.",ECCD,Climate Related Disasters Frequency,"Environment, Climate Change, Adaptation, Climate Related Disasters Frequency",,,,1.0,2.0,1.0,,1.0,,,,,,,,1.0,,,1.0,,2.0,,,,,,,2.0,,2.0,,,,,,,,,1.0,,,1.0,1.0,2.0
Grenada,GD,GRD,"Climate related disasters frequency, Number of Disasters: Drought",Number of,"The Emergency Events Database (EM-DAT) , Centre for Research on the Epidemiology of Disasters (CRED) / Université catholique de Louvain (UCLouvain), Brussels, Belgium – www.emdat.be.",ECCD,Climate Related Disasters Frequency,"Environment, Climate Change, Adaptation, Climate Related Disasters Frequency",,,,,,,,,,,,,,,,,,,,,,,,,,,,,,,1.0,,,,,,,,,,,,,
Grenada,GD,GRD,"Climate related disasters frequency, Number of Disasters: Storm",Number of,"The Emergency Events Database (EM-DAT) , Centre for Research on the Epidemiology of Disasters (CRED) / Université catholique de Louvain (UCLouvain), Brussels, Belgium – www.emdat.be.",ECCD,Climate Related Disasters Frequency,"Environment, Climate Change, Adaptation, Climate Related Disasters Frequency",1.0,,,,,,,,,,1.0,,,,,,,,,1.0,,,1.0,,1.0,,,,,,,,,,,,,,,,,,,
Grenada,GD,GRD,"Climate related disasters frequency, Number of Disasters: TOTAL",Number of,"The Emergency Events Database (EM-DAT) , Centre for Research on the Epidemiology of Disasters (CRED) / Université catholique de Louvain (UCLouvain), Brussels, Belgium – www.emdat.be.",ECCD,Climate Related Disasters Frequency,"Environment, Climate Change, Adaptation, Climate Related Disasters Frequency",1.0,,,,,,,,,,1.0,,,,,,,,,1.0,,,1.0,,1.0,,,,,,1.0,,,,,,,,,,,,,
Guam,GU,GUM,"Climate related disasters frequency, Number of Disasters: Storm",Number of,"The Emergency Events Database (EM-DAT) , Centre for Research on the Epidemiology of Disasters (CRED) / Université catholique de Louvain (UCLouvain), Brussels, Belgium – www.emdat.be.",ECCD,Climate Related Disasters Frequency,"Environment, Climate Change, Adaptation, Climate Related Disasters Frequency",,,,,,,,1.0,,,,,1.0,,,,,1.0,,,,,2.0,,2.0,,,,,,,,,,,,,,,,,,,1.0
Guam,GU,GUM,"Climate related disasters frequency, Number of Disasters: TOTAL",Number of,"The Emergency Events Database (EM-DAT) , Centre for Research on the Epidemiology of Disasters (CRED) / Université catholique de Louvain (UCLouvain), Brussels, Belgium – www.emdat.be.",ECCD,Climate Related Disasters Frequency,"Environment, Climate Change, Adaptation, Climate Related Disasters Frequency",,,,,,,,1.0,,,,,1.0,,,,,1.0,,,,,2.0,,2.0,,,,,,,,,,,,,,,,,,,1.0
Guatemala,GT,GTM,"Climate related disasters frequency, Number of Disasters: Drought",Number of,"The Emergency Events Database (EM-DAT) , Centre for Research on the Epidemiology of Disasters (CRED) / Université catholique de Louvain (UCLouvain), Brussels, Belgium – www.emdat.be.",ECCD,Climate Related Disasters Frequency,"Environment, Climate Change, Adaptation, Climate Related Disasters Frequency",,,,,,,,1.0,,,,,,,1.0,,,,,,,1.0,,,,,,,,1.0,,,1.0,,1.0,,,,1.0,,,,,
Guatemala,GT,GTM,"Climate related disasters frequency, Number of Disasters: Extreme temperature",Number of,"The Emergency Events Database (EM-DAT) , Centre for Research on the Epidemiology of Disasters (CRED) / Université catholique de Louvain (UCLouvain), Brussels, Belgium – www.emdat.be.",ECCD,Climate Related Disasters Frequency,"Environment, Climate Change, Adaptation, Climate Related Disasters Frequency",,,,,,,,,,,,,,,,,,,,,,1.0,,,,,1.0,,,,,1.0,,,1.0,,,,,,,,,
Guatemala,GT,GTM,"Climate related disasters frequency, Number of Disasters: Flood",Number of,"The Emergency Events Database (EM-DAT) , Centre for Research on the Epidemiology of Disasters (CRED) / Université catholique de Louvain (UCLouvain), Brussels, Belgium – www.emdat.be.",ECCD,Climate Related Disasters Frequency,"Environment, Climate Change, Adaptation, Climate Related Disasters Frequency",,,1.0,,,,,1.0,1.0,1.0,,,,,1.0,1.0,,,,1.0,2.0,,1.0,,,1.0,,2.0,2.0,1.0,1.0,3.0,,,1.0,2.0,,4.0,2.0,,2.0,3.0,1.0,1.0
Guatemala,GT,GTM,"Climate related disasters frequency, Number of Disasters: Landslide",Number of,"The Emergency Events Database (EM-DAT) , Centre for Research on the Epidemiology of Disasters (CRED) / Université catholique de Louvain (UCLouvain), Brussels, Belgium – www.emdat.be.",ECCD,Climate Related Disasters Frequency,"Environment, Climate Change, Adaptation, Climate Related Disasters Frequency",,,,,,,,,,,,,,,,,,,1.0,,,,1.0,1.0,,2.0,,,1.0,,1.0,1.0,,,,1.0,1.0,1.0,,,,,,
Guatemala,GT,GTM,"Climate related disasters frequency, Number of Disasters: Storm",Number of,"The Emergency Events Database (EM-DAT) , Centre for Research on the Epidemiology of Disasters (CRED) / Université catholique de Louvain (UCLouvain), Brussels, Belgium – www.emdat.be.",ECCD,Climate Related Disasters Frequency,"Environment, Climate Change, Adaptation, Climate Related Disasters Frequency",,,,,,,,,,,,,,,,,1.0,,1.0,,,1.0,1.0,,,1.0,,1.0,1.0,,3.0,1.0,,,1.0,,1.0,1.0,,2.0,3.0,,1.0,
Guatemala,GT,GTM,"Climate related disasters frequency, Number of Disasters: TOTAL",Number of,"The Emergency Events Database (EM-DAT) , Centre for Research on the Epidemiology of Disasters (CRED) / Université catholique de Louvain (UCLouvain), Brussels, Belgium – www.emdat.be.",ECCD,Climate Related Disasters Frequency,"Environment, Climate Change, Adaptation, Climate Related Disasters Frequency",,,1.0,,,,,3.0,1.0,1.0,,,,,2.0,1.0,1.0,,2.0,1.0,2.0,3.0,3.0,2.0,,4.0,1.0,3.0,4.0,2.0,5.0,6.0,1.0,,4.0,3.0,2.0,6.0,3.0,2.0,5.0,3.0,2.0,1.0
Guatemala,GT,GTM,"Climate related disasters frequency, Number of Disasters: Wildfire",Number of,"The Emergency Events Database (EM-DAT) , Centre for Research on the Epidemiology of Disasters (CRED) / Université catholique de Louvain (UCLouvain), Brussels, Belgium – www.emdat.be.",ECCD,Climate Related Disasters Frequency,"Environment, Climate Change, Adaptation, Climate Related Disasters Frequency",,,,,,,,1.0,,,,,,,,,,,,,,,,1.0,,,,,,,,,,,,,,,,,,,,
Guinea,GN,GIN,"Climate related disasters frequency, Number of Disasters: Drought",Number of,"The Emergency Events Database (EM-DAT) , Centre for Research on the Epidemiology of Disasters (CRED) / Université catholique de Louvain (UCLouvain), Brussels, Belgium – www.emdat.be.",ECCD,Climate Related Disasters Frequency,"Environment, Climate Change, Adaptation, Climate Related Disasters Frequency",1.0,,,,,,,,,,,,,,,,,,1.0,,,,,,,,,,,,,,,,,,,,,,,,,
Guinea,GN,GIN,"Climate related disasters frequency, Number of Disasters: Flood",Number of,"The Emergency Events Database (EM-DAT) , Centre for Research on the Epidemiology of Disasters (CRED) / Université catholique de Louvain (UCLouvain), Brussels, Belgium – www.emdat.be.",ECCD,Climate Related Disasters Frequency,"Environment, Climate Change, Adaptation, Climate Related Disasters Frequency",,1.0,,,,,,,,,,,,1.0,,,,,,,,1.0,,,,,1.0,1.0,1.0,1.0,2.0,1.0,,1.0,,1.0,,1.0,,,1.0,1.0,1.0,1.0
Guinea,GN,GIN,"Climate related disasters frequency, Number of Disasters: Landslide",Number of,"The Emergency Events Database (EM-DAT) , Centre for Research on the Epidemiology of Disasters (CRED) / Université catholique de Louvain (UCLouvain), Brussels, Belgium – www.emdat.be.",ECCD,Climate Related Disasters Frequency,"Environment, Climate Change, Adaptation, Climate Related Disasters Frequency",,,,,,,,,,,,,,,,,,,,,,,,,,,,,,,,,,,,1.0,,,,,,,,
Guinea,GN,GIN,"Climate related disasters frequency, Number of Disasters: Storm",Number of,"The Emergency Events Database (EM-DAT) , Centre for Research on the Epidemiology of Disasters (CRED) / Université catholique de Louvain (UCLouvain), Brussels, Belgium – www.emdat.be.",ECCD,Climate Related Disasters Frequency,"Environment, Climate Change, Adaptation, Climate Related Disasters Frequency",,,,,,,,,,,,,,,,,,,,,1.0,,,,,,,,,,,,,,,,,,,,,,,
Guinea,GN,GIN,"Climate related disasters frequency, Number of Disasters: TOTAL",Number of,"The Emergency Events Database (EM-DAT) , Centre for Research on the Epidemiology of Disasters (CRED) / Université catholique de Louvain (UCLouvain), Brussels, Belgium – www.emdat.be.",ECCD,Climate Related Disasters Frequency,"Environment, Climate Change, Adaptation, Climate Related Disasters Frequency",1.0,1.0,,,,,,,,,,,,1.0,,,,,1.0,,1.0,1.0,,,1.0,,1.0,1.0,1.0,1.0,2.0,1.0,,1.0,,2.0,,1.0,,,1.0,1.0,1.0,1.0
Guinea,GN,GIN,"Climate related disasters frequency, Number of Disasters: Wildfire",Number of,"The Emergency Events Database (EM-DAT) , Centre for Research on the Epidemiology of Disasters (CRED) / Université catholique de Louvain (UCLouvain), Brussels, Belgium – www.emdat.be.",ECCD,Climate Related Disasters Frequency,"Environment, Climate Change, Adaptation, Climate Related Disasters Frequency",,,,,,,,,,,,,,,,,,,,,,,,,1.0,,,,,,,,,,,,,,,,,,,
Guinea-Bissau,GW,GNB,"Climate related disasters frequency, Number of Disasters: Drought",Number of,"The Emergency Events Database (EM-DAT) , Centre for Research on the Epidemiology of Disasters (CRED) / Université catholique de Louvain (UCLouvain), Brussels, Belgium – www.emdat.be.",ECCD,Climate Related Disasters Frequency,"Environment, Climate Change, Adaptation, Climate Related Disasters Frequency",1.0,,,,,,,,,,,,,,,,,,,,,,1.0,,,,1.0,,,,,,,,,,,,,,,,,
Guinea-Bissau,GW,GNB,"Climate related disasters frequency, Number of Disasters: Flood",Number of,"The Emergency Events Database (EM-DAT) , Centre for Research on the Epidemiology of Disasters (CRED) / Université catholique de Louvain (UCLouvain), Brussels, Belgium – www.emdat.be.",ECCD,Climate Related Disasters Frequency,"Environment, Climate Change, Adaptation, Climate Related Disasters Frequency",,,,,,,,,,,,,,,,,,,,,,,,1.0,1.0,,,,1.0,,1.0,,,,,,,,,,,,,
Guinea-Bissau,GW,GNB,"Climate related disasters frequency, Number of Disasters: Storm",Number of,"The Emergency Events Database (EM-DAT) , Centre for Research on the Epidemiology of Disasters (CRED) / Université catholique de Louvain (UCLouvain), Brussels, Belgium – www.emdat.be.",ECCD,Climate Related Disasters Frequency,"Environment, Climate Change, Adaptation, Climate Related Disasters Frequency",,,,,,,,1.0,,,,,,1.0,,,,,,,,,,,,,,,,,,,,,,,,,1.0,,,,,
Guinea-Bissau,GW,GNB,"Climate related disasters frequency, Number of Disasters: TOTAL",Number of,"The Emergency Events Database (EM-DAT) , Centre for Research on the Epidemiology of Disasters (CRED) / Université catholique de Louvain (UCLouvain), Brussels, Belgium – www.emdat.be.",ECCD,Climate Related Disasters Frequency,"Environment, Climate Change, Adaptation, Climate Related Disasters Frequency",1.0,,,,,,,1.0,,,,,,1.0,,,,,1.0,,,,1.0,1.0,1.0,,1.0,,1.0,,1.0,,,,,,,,1.0,,,,,
Guinea-Bissau,GW,GNB,"Climate related disasters frequency, Number of Disasters: Wildfire",Number of,"The Emergency Events Database (EM-DAT) , Centre for Research on the Epidemiology of Disasters (CRED) / Université catholique de Louvain (UCLouvain), Brussels, Belgium – www.emdat.be.",ECCD,Climate Related Disasters Frequency,"Environment, Climate Change, Adaptation, Climate Related Disasters Frequency",,,,,,,,,,,,,,,,,,,1.0,,,,,,,,,,,,,,,,,,,,,,,,,
Guyana,GY,GUY,"Climate related disasters frequency, Number of Disasters: Drought",Number of,"The Emergency Events Database (EM-DAT) , Centre for Research on the Epidemiology of Disasters (CRED) / Université catholique de Louvain (UCLouvain), Brussels, Belgium – www.emdat.be.",ECCD,Climate Related Disasters Frequency,"Environment, Climate Change, Adaptation, Climate Related Disasters Frequency",,,,,,,,,1.0,,,,,,,,,1.0,,,,,,,,,,,,,1.0,,,,,,,,,,,,,
Guyana,GY,GUY,"Climate related disasters frequency, Number of Disasters: Flood",Number of,"The Emergency Events Database (EM-DAT) , Centre for Research on the Epidemiology of Disasters (CRED) / Université catholique de Louvain (UCLouvain), Brussels, Belgium – www.emdat.be.",ECCD,Climate Related Disasters Frequency,"Environment, Climate Change, Adaptation, Climate Related Disasters Frequency",,,,,,,,,,1.0,,,,,,,1.0,,,,,,,,,1.0,1.0,,1.0,,,,,,,1.0,,1.0,,,,1.0,1.0,
Guyana,GY,GUY,"Climate related disasters frequency, Number of Disasters: TOTAL",Number of,"The Emergency Events Database (EM-DAT) , Centre for Research on the Epidemiology of Disasters (CRED) / Université catholique de Louvain (UCLouvain), Brussels, Belgium – www.emdat.be.",ECCD,Climate Related Disasters Frequency,"Environment, Climate Change, Adaptation, Climate Related Disasters Frequency",,,,,,,,,1.0,1.0,,,,,,,1.0,1.0,,,,,,,,1.0,1.0,,1.0,,1.0,,,,,1.0,,1.0,,,,1.0,1.0,
Haiti,HT,HTI,"Climate related disasters frequency, Number of Disasters: Drought",Number of,"The Emergency Events Database (EM-DAT) , Centre for Research on the Epidemiology of Disasters (CRED) / Université catholique de Louvain (UCLouvain), Brussels, Belgium – www.emdat.be.",ECCD,Climate Related Disasters Frequency,"Environment, Climate Change, Adaptation, Climate Related Disasters Frequency",1.0,,,,,,,,,,,,1.0,1.0,,,,,,,,,,1.0,,,,,,,,,,,1.0,,1.0,,,,,,,
Haiti,HT,HTI,"Climate related disasters frequency, Number of Disasters: Flood",Number of,"The Emergency Events Database (EM-DAT) , Centre for Research on the Epidemiology of Disasters (CRED) / Université catholique de Louvain (UCLouvain), Brussels, Belgium – www.emdat.be.",ECCD,Climate Related Disasters Frequency,"Environment, Climate Change, Adaptation, Climate Related Disasters Frequency",,,,,,,2.0,4.0,4.0,2.0,,,,1.0,,,2.0,,,1.0,2.0,1.0,1.0,3.0,1.0,3.0,2.0,4.0,,3.0,3.0,2.0,3.0,1.0,1.0,1.0,6.0,2.0,,2.0,,1.0,2.0,2.0
Haiti,HT,HTI,"Climate related disasters frequency, Number of Disasters: Landslide",Number of,"The Emergency Events Database (EM-DAT) , Centre for Research on the Epidemiology of Disasters (CRED) / Université catholique de Louvain (UCLouvain), Brussels, Belgium – www.emdat.be.",ECCD,Climate Related Disasters Frequency,"Environment, Climate Change, Adaptation, Climate Related Disasters Frequency",,,,,,,,,,1.0,,,,,,,,,,,,,,,,,,,,,,,,,,,,,,,,,,
Haiti,HT,HTI,"Climate related disasters frequency, Number of Disasters: Storm",Number of,"The Emergency Events Database (EM-DAT) , Centre for Research on the Epidemiology of Disasters (CRED) / Université catholique de Louvain (UCLouvain), Brussels, Belgium – www.emdat.be.",ECCD,Climate Related Disasters Frequency,"Environment, Climate Change, Adaptation, Climate Related Disasters Frequency",1.0,,,,,,,,1.0,,1.0,,,,1.0,,2.0,,1.0,,,1.0,1.0,1.0,2.0,5.0,1.0,3.0,4.0,,2.0,2.0,2.0,,,1.0,1.0,3.0,,,1.0,2.0,,
Haiti,HT,HTI,"Climate related disasters frequency, Number of Disasters: TOTAL",Number of,"The Emergency Events Database (EM-DAT) , Centre for Research on the Epidemiology of Disasters (CRED) / Université catholique de Louvain (UCLouvain), Brussels, Belgium – www.emdat.be.",ECCD,Climate Related Disasters Frequency,"Environment, Climate Change, Adaptation, Climate Related Disasters Frequency",2.0,,,,,,2.0,4.0,5.0,3.0,1.0,,1.0,2.0,1.0,,4.0,,1.0,1.0,2.0,2.0,2.0,5.0,3.0,8.0,3.0,7.0,4.0,3.0,5.0,4.0,5.0,1.0,2.0,2.0,8.0,5.0,,2.0,1.0,3.0,2.0,2.0
Honduras,HN,HND,"Climate related disasters frequency, Number of Disasters: Drought",Number of,"The Emergency Events Database (EM-DAT) , Centre for Research on the Epidemiology of Disasters (CRED) / Université catholique de Louvain (UCLouvain), Brussels, Belgium – www.emdat.be.",ECCD,Climate Related Disasters Frequency,"Environment, Climate Change, Adaptation, Climate Related Disasters Frequency",,,,,,,,,,,,,,,1.0,,,1.0,,,1.0,1.0,1.0,,1.0,,,,,1.0,,,1.0,,1.0,,,,1.0,,,,,1.0
Honduras,HN,HND,"Climate related disasters frequency, Number of Disasters: Flood",Number of,"The Emergency Events Database (EM-DAT) , Centre for Research on the Epidemiology of Disasters (CRED) / Université catholique de Louvain (UCLouvain), Brussels, Belgium – www.emdat.be.",ECCD,Climate Related Disasters Frequency,"Environment, Climate Change, Adaptation, Climate Related Disasters Frequency",,1.0,,,1.0,,1.0,,2.0,,1.0,,,2.0,2.0,1.0,1.0,,,1.0,,,3.0,2.0,,1.0,1.0,2.0,1.0,,2.0,1.0,,,2.0,,1.0,3.0,1.0,,1.0,,2.0,
Honduras,HN,HND,"Climate related disasters frequency, Number of Disasters: Storm",Number of,"The Emergency Events Database (EM-DAT) , Centre for Research on the Epidemiology of Disasters (CRED) / Université catholique de Louvain (UCLouvain), Brussels, Belgium – www.emdat.be.",ECCD,Climate Related Disasters Frequency,"Environment, Climate Change, Adaptation, Climate Related Disasters Frequency",,,1.0,,,,,,1.0,,,,,,,1.0,2.0,,1.0,,,1.0,,,,4.0,,1.0,1.0,,2.0,,,,,,1.0,1.0,,,3.0,,1.0,2.0
Honduras,HN,HND,"Climate related disasters frequency, Number of Disasters: TOTAL",Number of,"The Emergency Events Database (EM-DAT) , Centre for Research on the Epidemiology of Disasters (CRED) / Université catholique de Louvain (UCLouvain), Brussels, Belgium – www.emdat.be.",ECCD,Climate Related Disasters Frequency,"Environment, Climate Change, Adaptation, Climate Related Disasters Frequency",,1.0,1.0,,1.0,,1.0,,3.0,,1.0,,,2.0,3.0,2.0,3.0,1.0,1.0,1.0,2.0,2.0,4.0,2.0,1.0,5.0,1.0,3.0,2.0,1.0,4.0,1.0,1.0,,3.0,,2.0,4.0,2.0,,4.0,1.0,3.0,3.0
Honduras,HN,HND,"Climate related disasters frequency, Number of Disasters: Wildfire",Number of,"The Emergency Events Database (EM-DAT) , Centre for Research on the Epidemiology of Disasters (CRED) / Université catholique de Louvain (UCLouvain), Brussels, Belgium – www.emdat.be.",ECCD,Climate Related Disasters Frequency,"Environment, Climate Change, Adaptation, Climate Related Disasters Frequency",,,,,,,,,,,,,,,,,,,,,1.0,,,,,,,,,,,,,,,,,,,,,1.0,,
Hungary,HU,HUN,"Climate related disasters frequency, Number of Disasters: Drought",Number of,"The Emergency Events Database (EM-DAT) , Centre for Research on the Epidemiology of Disasters (CRED) / Université catholique de Louvain (UCLouvain), Brussels, Belgium – www.emdat.be.",ECCD,Climate Related Disasters Frequency,"Environment, Climate Change, Adaptation, Climate Related Disasters Frequency",,,,,,,1.0,,,,,,1.0,,,,,,,,,,,1.0,,,,,,,,,,,,,,,,,,,,
Hungary,HU,HUN,"Climate related disasters frequency, Number of Disasters: Extreme temperature",Number of,"The Emergency Events Database (EM-DAT) , Centre for Research on the Epidemiology of Disasters (CRED) / Université catholique de Louvain (UCLouvain), Brussels, Belgium – www.emdat.be.",ECCD,Climate Related Disasters Frequency,"Environment, Climate Change, Adaptation, Climate Related Disasters Frequency",,,,,,,,,,,,,,,,,,,,,,1.0,,,,1.0,,1.0,1.0,,,,1.0,,,,,,1.0,,,,,
Hungary,HU,HUN,"Climate related disasters frequency, Number of Disasters: Flood",Number of,"The Emergency Events Database (EM-DAT) , Centre for Research on the Epidemiology of Disasters (CRED) / Université catholique de Louvain (UCLouvain), Brussels, Belgium – www.emdat.be.",ECCD,Climate Related Disasters Frequency,"Environment, Climate Change, Adaptation, Climate Related Disasters Frequency",,,,,,,,,,,,,,,,,1.0,1.0,,2.0,1.0,1.0,1.0,,1.0,2.0,1.0,,,,1.0,,,1.0,1.0,,1.0,,,,,,,
Hungary,HU,HUN,"Climate related disasters frequency, Number of Disasters: Storm",Number of,"The Emergency Events Database (EM-DAT) , Centre for Research on the Epidemiology of Disasters (CRED) / Université catholique de Louvain (UCLouvain), Brussels, Belgium – www.emdat.be.",ECCD,Climate Related Disasters Frequency,"Environment, Climate Change, Adaptation, Climate Related Disasters Frequency",,,,,1.0,,,,,,,,,,,,,,,1.0,,,,1.0,,1.0,1.0,,,,,,,1.0,,,,1.0,,1.0,,,,
Hungary,HU,HUN,"Climate related disasters frequency, Number of Disasters: TOTAL",Number of,"The Emergency Events Database (EM-DAT) , Centre for Research on the Epidemiology of Disasters (CRED) / Université catholique de Louvain (UCLouvain), Brussels, Belgium – www.emdat.be.",ECCD,Climate Related Disasters Frequency,"Environment, Climate Change, Adaptation, Climate Related Disasters Frequency",,,,,1.0,,1.0,,,,,,1.0,,,,1.0,1.0,,3.0,1.0,2.0,1.0,2.0,1.0,4.0,2.0,1.0,1.0,,1.0,,1.0,2.0,1.0,,1.0,1.0,1.0,1.0,,,,
Iceland,IS,ISL,"Climate related disasters frequency, Number of Disasters: Flood",Number of,"The Emergency Events Database (EM-DAT) , Centre for Research on the Epidemiology of Disasters (CRED) / Université catholique de Louvain (UCLouvain), Brussels, Belgium – www.emdat.be.",ECCD,Climate Related Disasters Frequency,"Environment, Climate Change, Adaptation, Climate Related Disasters Frequency",,,,,,,,,1.0,,,,,,,,,,,,,,,,,,,,,,,,,,,,,,,,,,,
Iceland,IS,ISL,"Climate related disasters frequency, Number of Disasters: Landslide",Number of,"The Emergency Events Database (EM-DAT) , Centre for Research on the Epidemiology of Disasters (CRED) / Université catholique de Louvain (UCLouvain), Brussels, Belgium – www.emdat.be.",ECCD,Climate Related Disasters Frequency,"Environment, Climate Change, Adaptation, Climate Related Disasters Frequency",,,,1.0,,,,,,,,,,,,2.0,,,,,,,,,,,,,,,,,,,,,,,,,,,,
Iceland,IS,ISL,"Climate related disasters frequency, Number of Disasters: TOTAL",Number of,"The Emergency Events Database (EM-DAT) , Centre for Research on the Epidemiology of Disasters (CRED) / Université catholique de Louvain (UCLouvain), Brussels, Belgium – www.emdat.be.",ECCD,Climate Related Disasters Frequency,"Environment, Climate Change, Adaptation, Climate Related Disasters Frequency",,,,1.0,,,,,1.0,,,,,,,2.0,,,,,,,,,,,,,,,,,,,,,,,,,,,,
India,IN,IND,"Climate related disasters frequency, Number of Disasters: Drought",Number of,"The Emergency Events Database (EM-DAT) , Centre for Research on the Epidemiology of Disasters (CRED) / Université catholique de Louvain (UCLouvain), Brussels, Belgium – www.emdat.be.",ECCD,Climate Related Disasters Frequency,"Environment, Climate Change, Adaptation, Climate Related Disasters Frequency",,,1.0,,,,,1.0,,,,,,1.0,,,1.0,,,,1.0,,1.0,,,,,,,1.0,,,,,,1.0,,,1.0,,,,,
India,IN,IND,"Climate related disasters frequency, Number of Disasters: Extreme temperature",Number of,"The Emergency Events Database (EM-DAT) , Centre for Research on the Epidemiology of Disasters (CRED) / Université catholique de Louvain (UCLouvain), Brussels, Belgium – www.emdat.be.",ECCD,Climate Related Disasters Frequency,"Environment, Climate Change, Adaptation, Climate Related Disasters Frequency",2.0,1.0,1.0,,1.0,2.0,,1.0,2.0,2.0,2.0,,1.0,,1.0,1.0,,,2.0,1.0,1.0,2.0,2.0,2.0,,2.0,1.0,3.0,1.0,2.0,1.0,2.0,2.0,1.0,3.0,1.0,1.0,1.0,1.0,2.0,,,1.0,2.0
India,IN,IND,"Climate related disasters frequency, Number of Disasters: Flood",Number of,"The Emergency Events Database (EM-DAT) , Centre for Research on the Epidemiology of Disasters (CRED) / Université catholique de Louvain (UCLouvain), Brussels, Belgium – www.emdat.be.",ECCD,Climate Related Disasters Frequency,"Environment, Climate Change, Adaptation, Climate Related Disasters Frequency",5.0,1.0,2.0,4.0,5.0,5.0,3.0,4.0,3.0,2.0,4.0,8.0,4.0,5.0,2.0,3.0,6.0,6.0,3.0,2.0,6.0,9.0,6.0,6.0,6.0,17.0,17.0,16.0,8.0,6.0,8.0,7.0,6.0,5.0,7.0,10.0,8.0,9.0,9.0,5.0,5.0,9.0,3.0,5.0
India,IN,IND,"Climate related disasters frequency, Number of Disasters: Landslide",Number of,"The Emergency Events Database (EM-DAT) , Centre for Research on the Epidemiology of Disasters (CRED) / Université catholique de Louvain (UCLouvain), Brussels, Belgium – www.emdat.be.",ECCD,Climate Related Disasters Frequency,"Environment, Climate Change, Adaptation, Climate Related Disasters Frequency",1.0,,,1.0,,,2.0,,2.0,1.0,1.0,,1.0,1.0,,3.0,1.0,2.0,5.0,,3.0,3.0,,1.0,,2.0,,,1.0,2.0,1.0,,,,1.0,1.0,2.0,3.0,,,2.0,2.0,1.0,
India,IN,IND,"Climate related disasters frequency, Number of Disasters: Storm",Number of,"The Emergency Events Database (EM-DAT) , Centre for Research on the Epidemiology of Disasters (CRED) / Université catholique de Louvain (UCLouvain), Brussels, Belgium – www.emdat.be.",ECCD,Climate Related Disasters Frequency,"Environment, Climate Change, Adaptation, Climate Related Disasters Frequency",2.0,4.0,2.0,5.0,2.0,2.0,5.0,4.0,1.0,2.0,5.0,1.0,2.0,2.0,2.0,2.0,4.0,1.0,4.0,3.0,2.0,3.0,4.0,7.0,,4.0,2.0,1.0,1.0,6.0,7.0,3.0,1.0,5.0,5.0,6.0,3.0,5.0,11.0,5.0,4.0,5.0,2.0,7.0
India,IN,IND,"Climate related disasters frequency, Number of Disasters: TOTAL",Number of,"The Emergency Events Database (EM-DAT) , Centre for Research on the Epidemiology of Disasters (CRED) / Université catholique de Louvain (UCLouvain), Brussels, Belgium – www.emdat.be.",ECCD,Climate Related Disasters Frequency,"Environment, Climate Change, Adaptation, Climate Related Disasters Frequency",10.0,6.0,6.0,10.0,9.0,9.0,10.0,10.0,8.0,7.0,12.0,9.0,8.0,9.0,5.0,9.0,12.0,9.0,14.0,7.0,13.0,17.0,13.0,16.0,6.0,25.0,20.0,20.0,11.0,17.0,17.0,12.0,9.0,11.0,16.0,19.0,15.0,18.0,23.0,12.0,11.0,16.0,7.0,14.0
India,IN,IND,"Climate related disasters frequency, Number of Disasters: Wildfire",Number of,"The Emergency Events Database (EM-DAT) , Centre for Research on the Epidemiology of Disasters (CRED) / Université catholique de Louvain (UCLouvain), Brussels, Belgium – www.emdat.be.",ECCD,Climate Related Disasters Frequency,"Environment, Climate Change, Adaptation, Climate Related Disasters Frequency",,,,,1.0,,,,,,,,,,,,,,,1.0,,,,,,,,,,,,,,,,,1.0,,1.0,,,,,
Indonesia,ID,IDN,"Climate related disasters frequency, Number of Disasters: Drought",Number of,"The Emergency Events Database (EM-DAT) , Centre for Research on the Epidemiology of Disasters (CRED) / Université catholique de Louvain (UCLouvain), Brussels, Belgium – www.emdat.be.",ECCD,Climate Related Disasters Frequency,"Environment, Climate Change, Adaptation, Climate Related Disasters Frequency",,,1.0,,1.0,,1.0,1.0,,,,,,,,,,1.0,,,,,,1.0,,,,,,,,,,,,1.0,,,,,,,,1.0
Indonesia,ID,IDN,"Climate related disasters frequency, Number of Disasters: Flood",Number of,"The Emergency Events Database (EM-DAT) , Centre for Research on the Epidemiology of Disasters (CRED) / Université catholique de Louvain (UCLouvain), Brussels, Belgium – www.emdat.be.",ECCD,Climate Related Disasters Frequency,"Environment, Climate Change, Adaptation, Climate Related Disasters Frequency",1.0,3.0,3.0,3.0,3.0,3.0,4.0,5.0,2.0,2.0,2.0,2.0,1.0,2.0,6.0,5.0,5.0,,1.0,1.0,3.0,4.0,7.0,8.0,1.0,3.0,8.0,8.0,12.0,5.0,7.0,6.0,7.0,10.0,6.0,6.0,10.0,7.0,6.0,11.0,25.0,18.0,13.0,5.0
Indonesia,ID,IDN,"Climate related disasters frequency, Number of Disasters: Landslide",Number of,"The Emergency Events Database (EM-DAT) , Centre for Research on the Epidemiology of Disasters (CRED) / Université catholique de Louvain (UCLouvain), Brussels, Belgium – www.emdat.be.",ECCD,Climate Related Disasters Frequency,"Environment, Climate Change, Adaptation, Climate Related Disasters Frequency",1.0,1.0,2.0,1.0,,,,,1.0,1.0,,1.0,1.0,,,,1.0,,,2.0,4.0,4.0,1.0,4.0,4.0,2.0,3.0,2.0,1.0,2.0,1.0,2.0,2.0,2.0,2.0,3.0,2.0,2.0,2.0,2.0,1.0,2.0,,2.0
Indonesia,ID,IDN,"Climate related disasters frequency, Number of Disasters: Storm",Number of,"The Emergency Events Database (EM-DAT) , Centre for Research on the Epidemiology of Disasters (CRED) / Université catholique de Louvain (UCLouvain), Brussels, Belgium – www.emdat.be.",ECCD,Climate Related Disasters Frequency,"Environment, Climate Change, Adaptation, Climate Related Disasters Frequency",1.0,,1.0,,,1.0,,,,,,,,,,,,,,,,,,,2.0,,,,,,,,2.0,,,,,1.0,,,,1.0,,1.0
Indonesia,ID,IDN,"Climate related disasters frequency, Number of Disasters: TOTAL",Number of,"The Emergency Events Database (EM-DAT) , Centre for Research on the Epidemiology of Disasters (CRED) / Université catholique de Louvain (UCLouvain), Brussels, Belgium – www.emdat.be.",ECCD,Climate Related Disasters Frequency,"Environment, Climate Change, Adaptation, Climate Related Disasters Frequency",3.0,4.0,7.0,4.0,4.0,4.0,5.0,6.0,3.0,3.0,2.0,4.0,2.0,2.0,7.0,5.0,6.0,2.0,2.0,4.0,8.0,8.0,9.0,13.0,7.0,6.0,12.0,10.0,13.0,7.0,8.0,8.0,11.0,12.0,8.0,11.0,12.0,10.0,8.0,14.0,26.0,21.0,13.0,9.0
Indonesia,ID,IDN,"Climate related disasters frequency, Number of Disasters: Wildfire",Number of,"The Emergency Events Database (EM-DAT) , Centre for Research on the Epidemiology of Disasters (CRED) / Université catholique de Louvain (UCLouvain), Brussels, Belgium – www.emdat.be.",ECCD,Climate Related Disasters Frequency,"Environment, Climate Change, Adaptation, Climate Related Disasters Frequency",,,,,,,,,,,,1.0,,,1.0,,,1.0,1.0,1.0,1.0,,1.0,,,1.0,1.0,,,,,,,,,1.0,,,,1.0,,,,
"Iran, Islamic Rep. of",IR,IRN,"Climate related disasters frequency, Number of Disasters: Drought",Number of,"The Emergency Events Database (EM-DAT) , Centre for Research on the Epidemiology of Disasters (CRED) / Université catholique de Louvain (UCLouvain), Brussels, Belgium – www.emdat.be.",ECCD,Climate Related Disasters Frequency,"Environment, Climate Change, Adaptation, Climate Related Disasters Frequency",,,,,,,,,,,,,,,,,,,,1.0,,,,,,,,,,,,,,,,,,,,,,1.0,,
"Iran, Islamic Rep. of",IR,IRN,"Climate related disasters frequency, Number of Disasters: Flood",Number of,"The Emergency Events Database (EM-DAT) , Centre for Research on the Epidemiology of Disasters (CRED) / Université catholique de Louvain (UCLouvain), Brussels, Belgium – www.emdat.be.",ECCD,Climate Related Disasters Frequency,"Environment, Climate Change, Adaptation, Climate Related Disasters Frequency",2.0,1.0,,,,,2.0,6.0,1.0,1.0,1.0,4.0,2.0,3.0,3.0,3.0,3.0,2.0,3.0,4.0,3.0,4.0,3.0,1.0,2.0,4.0,1.0,1.0,2.0,,,,1.0,,1.0,5.0,,2.0,1.0,3.0,6.0,1.0,3.0,
"Iran, Islamic Rep. of",IR,IRN,"Climate related disasters frequency, Number of Disasters: Landslide",Number of,"The Emergency Events Database (EM-DAT) , Centre for Research on the Epidemiology of Disasters (CRED) / Université catholique de Louvain (UCLouvain), Brussels, Belgium – www.emdat.be.",ECCD,Climate Related Disasters Frequency,"Environment, Climate Change, Adaptation, Climate Related Disasters Frequency",,,,,,,,,,,1.0,,,,,,,,1.0,,,,,1.0,,,,,,,,,,,,,,,,,1.0,,,
"Iran, Islamic Rep. of",IR,IRN,"Climate related disasters frequency, Number of Disasters: Storm",Number of,"The Emergency Events Database (EM-DAT) , Centre for Research on the Epidemiology of Disasters (CRED) / Université catholique de Louvain (UCLouvain), Brussels, Belgium – www.emdat.be.",ECCD,Climate Related Disasters Frequency,"Environment, Climate Change, Adaptation, Climate Related Disasters Frequency",,1.0,,,,,,,,,,1.0,1.0,1.0,,,1.0,,,,1.0,,,,1.0,1.0,,1.0,1.0,,,,,,,,1.0,,,,,2.0,,3.0
"Iran, Islamic Rep. of",IR,IRN,"Climate related disasters frequency, Number of Disasters: TOTAL",Number of,"The Emergency Events Database (EM-DAT) , Centre for Research on the Epidemiology of Disasters (CRED) / Université catholique de Louvain (UCLouvain), Brussels, Belgium – www.emdat.be.",ECCD,Climate Related Disasters Frequency,"Environment, Climate Change, Adaptation, Climate Related Disasters Frequency",2.0,2.0,,,,,2.0,6.0,1.0,1.0,2.0,5.0,3.0,4.0,3.0,3.0,4.0,2.0,4.0,5.0,4.0,4.0,4.0,2.0,3.0,5.0,1.0,2.0,3.0,,,,1.0,,1.0,5.0,1.0,2.0,1.0,3.0,7.0,4.0,3.0,3.0
"Iran, Islamic Rep. of",IR,IRN,"Climate related disasters frequency, Number of Disasters: Wildfire",Number of,"The Emergency Events Database (EM-DAT) , Centre for Research on the Epidemiology of Disasters (CRED) / Université catholique de Louvain (UCLouvain), Brussels, Belgium – www.emdat.be.",ECCD,Climate Related Disasters Frequency,"Environment, Climate Change, Adaptation, Climate Related Disasters Frequency",,,,,,,,,,,,,,,,,,,,,,,1.0,,,,,,,,,,,,,,,,,,,,,
Iraq,IQ,IRQ,"Climate related disasters frequency, Number of Disasters: Drought",Number of,"The Emergency Events Database (EM-DAT) , Centre for Research on the Epidemiology of Disasters (CRED) / Université catholique de Louvain (UCLouvain), Brussels, Belgium – www.emdat.be.",ECCD,Climate Related Disasters Frequency,"Environment, Climate Change, Adaptation, Climate Related Disasters Frequency",,,,,,,,,,,,,,,,,,,1.0,,,,,,,,,,,,,,,,,,,,,,,1.0,,
Iraq,IQ,IRQ,"Climate related disasters frequency, Number of Disasters: Flood",Number of,"The Emergency Events Database (EM-DAT) , Centre for Research on the Epidemiology of Disasters (CRED) / Université catholique de Louvain (UCLouvain), Brussels, Belgium – www.emdat.be.",ECCD,Climate Related Disasters Frequency,"Environment, Climate Change, Adaptation, Climate Related Disasters Frequency",,,,,,,,,,,,,,,,,,,,,,,,,1.0,,2.0,,1.0,1.0,,1.0,1.0,1.0,,1.0,,,1.0,1.0,1.0,2.0,,
Iraq,IQ,IRQ,"Climate related disasters frequency, Number of Disasters: Storm",Number of,"The Emergency Events Database (EM-DAT) , Centre for Research on the Epidemiology of Disasters (CRED) / Université catholique de Louvain (UCLouvain), Brussels, Belgium – www.emdat.be.",ECCD,Climate Related Disasters Frequency,"Environment, Climate Change, Adaptation, Climate Related Disasters Frequency",,,,,,,,,,,,,,,,,,,,,,,,,,,,,,,,,,,,,,,,,,,1.0,1.0
Iraq,IQ,IRQ,"Climate related disasters frequency, Number of Disasters: TOTAL",Number of,"The Emergency Events Database (EM-DAT) , Centre for Research on the Epidemiology of Disasters (CRED) / Université catholique de Louvain (UCLouvain), Brussels, Belgium – www.emdat.be.",ECCD,Climate Related Disasters Frequency,"Environment, Climate Change, Adaptation, Climate Related Disasters Frequency",,,,,,,,,,,,,,,,,,,1.0,,,,,,1.0,,2.0,,1.0,1.0,,1.0,1.0,1.0,,1.0,,,1.0,1.0,1.0,3.0,1.0,1.0
Ireland,IE,IRL,"Climate related disasters frequency, Number of Disasters: Flood",Number of,"The Emergency Events Database (EM-DAT) , Centre for Research on the Epidemiology of Disasters (CRED) / Université catholique de Louvain (UCLouvain), Brussels, Belgium – www.emdat.be.",ECCD,Climate Related Disasters Frequency,"Environment, Climate Change, Adaptation, Climate Related Disasters Frequency",,,,,,,,1.0,,,,,,1.0,,,,,,,,,1.0,,,,,,,1.0,,1.0,,,,,,1.0,,,,,,
Ireland,IE,IRL,"Climate related disasters frequency, Number of Disasters: Storm",Number of,"The Emergency Events Database (EM-DAT) , Centre for Research on the Epidemiology of Disasters (CRED) / Université catholique de Louvain (UCLouvain), Brussels, Belgium – www.emdat.be.",ECCD,Climate Related Disasters Frequency,"Environment, Climate Change, Adaptation, Climate Related Disasters Frequency",,,,1.0,,,1.0,,,,3.0,1.0,,,,,1.0,,1.0,1.0,1.0,,,,1.0,1.0,,,,,,,,,1.0,1.0,,,1.0,,1.0,,1.0,
Ireland,IE,IRL,"Climate related disasters frequency, Number of Disasters: TOTAL",Number of,"The Emergency Events Database (EM-DAT) , Centre for Research on the Epidemiology of Disasters (CRED) / Université catholique de Louvain (UCLouvain), Brussels, Belgium – www.emdat.be.",ECCD,Climate Related Disasters Frequency,"Environment, Climate Change, Adaptation, Climate Related Disasters Frequency",,,,1.0,,,1.0,1.0,,,3.0,1.0,,1.0,,,1.0,,1.0,1.0,1.0,,1.0,,1.0,1.0,,,,1.0,,1.0,,,1.0,1.0,,1.0,1.0,,1.0,,1.0,
Isle of Man,IM,IMN,"Climate related disasters frequency, Number of Disasters: Storm",Number of,"The Emergency Events Database (EM-DAT) , Centre for Research on the Epidemiology of Disasters (CRED) / Université catholique de Louvain (UCLouvain), Brussels, Belgium – www.emdat.be.",ECCD,Climate Related Disasters Frequency,"Environment, Climate Change, Adaptation, Climate Related Disasters Frequency",,,,,,,,,,,,,,,,,,,,,,,,,,,,,,,,,,,,,,,,,1.0,,,
Isle of Man,IM,IMN,"Climate related disasters frequency, Number of Disasters: TOTAL",Number of,"The Emergency Events Database (EM-DAT) , Centre for Research on the Epidemiology of Disasters (CRED) / Université catholique de Louvain (UCLouvain), Brussels, Belgium – www.emdat.be.",ECCD,Climate Related Disasters Frequency,"Environment, Climate Change, Adaptation, Climate Related Disasters Frequency",,,,,,,,,,,,,,,,,,,,,,,,,,,,,,,,,,,,,,,,,1.0,,,
Israel,IL,ISR,"Climate related disasters frequency, Number of Disasters: Drought",Number of,"The Emergency Events Database (EM-DAT) , Centre for Research on the Epidemiology of Disasters (CRED) / Université catholique de Louvain (UCLouvain), Brussels, Belgium – www.emdat.be.",ECCD,Climate Related Disasters Frequency,"Environment, Climate Change, Adaptation, Climate Related Disasters Frequency",,,,,,,,,,,,,,,,,,,,1.0,,,,,,,,,,,,,,,,,,,,,,,,
Israel,IL,ISR,"Climate related disasters frequency, Number of Disasters: Extreme temperature",Number of,"The Emergency Events Database (EM-DAT) , Centre for Research on the Epidemiology of Disasters (CRED) / Université catholique de Louvain (UCLouvain), Brussels, Belgium – www.emdat.be.",ECCD,Climate Related Disasters Frequency,"Environment, Climate Change, Adaptation, Climate Related Disasters Frequency",,,,,,,,,,,,,1.0,,,,,,,,1.0,,,,,,,,,,,,,,,,,,,,,,,
Israel,IL,ISR,"Climate related disasters frequency, Number of Disasters: Flood",Number of,"The Emergency Events Database (EM-DAT) , Centre for Research on the Epidemiology of Disasters (CRED) / Université catholique de Louvain (UCLouvain), Brussels, Belgium – www.emdat.be.",ECCD,Climate Related Disasters Frequency,"Environment, Climate Change, Adaptation, Climate Related Disasters Frequency",,,,,,,,,,,,,,,,,,1.0,1.0,,,,,,,,,,,,1.0,,,,,,,,1.0,,1.0,,,
Israel,IL,ISR,"Climate related disasters frequency, Number of Disasters: Storm",Number of,"The Emergency Events Database (EM-DAT) , Centre for Research on the Epidemiology of Disasters (CRED) / Université catholique de Louvain (UCLouvain), Brussels, Belgium – www.emdat.be.",ECCD,Climate Related Disasters Frequency,"Environment, Climate Change, Adaptation, Climate Related Disasters Frequency",,,,,,,,,,,,1.0,,,,,,,,,1.0,,,,,,,,,,,,,1.0,,1.0,,,,,,,,
Israel,IL,ISR,"Climate related disasters frequency, Number of Disasters: TOTAL",Number of,"The Emergency Events Database (EM-DAT) , Centre for Research on the Epidemiology of Disasters (CRED) / Université catholique de Louvain (UCLouvain), Brussels, Belgium – www.emdat.be.",ECCD,Climate Related Disasters Frequency,"Environment, Climate Change, Adaptation, Climate Related Disasters Frequency",,,,1.0,,,,,,,,1.0,1.0,,,1.0,,1.0,1.0,1.0,2.0,,,,,,,,,,2.0,,,1.0,,1.0,1.0,,1.0,,2.0,,,
Israel,IL,ISR,"Climate related disasters frequency, Number of Disasters: Wildfire",Number of,"The Emergency Events Database (EM-DAT) , Centre for Research on the Epidemiology of Disasters (CRED) / Université catholique de Louvain (UCLouvain), Brussels, Belgium – www.emdat.be.",ECCD,Climate Related Disasters Frequency,"Environment, Climate Change, Adaptation, Climate Related Disasters Frequency",,,,1.0,,,,,,,,,,,,1.0,,,,,,,,,,,,,,,1.0,,,,,,1.0,,,,1.0,,,
Italy,IT,ITA,"Climate related disasters frequency, Number of Disasters: Drought",Number of,"The Emergency Events Database (EM-DAT) , Centre for Research on the Epidemiology of Disasters (CRED) / Université catholique de Louvain (UCLouvain), Brussels, Belgium – www.emdat.be.",ECCD,Climate Related Disasters Frequency,"Environment, Climate Change, Adaptation, Climate Related Disasters Frequency",,,,,,,,,,,,,,,,,,1.0,,,,,1.0,,,,,,,,,,1.0,,,,,1.0,,,,,1.0,1.0
Italy,IT,ITA,"Climate related disasters frequency, Number of Disasters: Extreme temperature",Number of,"The Emergency Events Database (EM-DAT) , Centre for Research on the Epidemiology of Disasters (CRED) / Université catholique de Louvain (UCLouvain), Brussels, Belgium – www.emdat.be.",ECCD,Climate Related Disasters Frequency,"Environment, Climate Change, Adaptation, Climate Related Disasters Frequency",,,,,,,,,,,,,,,,,,,1.0,,,,,1.0,,1.0,,1.0,,1.0,1.0,1.0,1.0,,,,,,2.0,1.0,,,,
Italy,IT,ITA,"Climate related disasters frequency, Number of Disasters: Flood",Number of,"The Emergency Events Database (EM-DAT) , Centre for Research on the Epidemiology of Disasters (CRED) / Université catholique de Louvain (UCLouvain), Brussels, Belgium – www.emdat.be.",ECCD,Climate Related Disasters Frequency,"Environment, Climate Change, Adaptation, Climate Related Disasters Frequency",,,,,,1.0,1.0,1.0,,,,,2.0,,1.0,,2.0,,,,4.0,2.0,3.0,2.0,,,,,3.0,1.0,1.0,2.0,1.0,1.0,4.0,3.0,1.0,1.0,1.0,1.0,3.0,1.0,,2.0
Italy,IT,ITA,"Climate related disasters frequency, Number of Disasters: Landslide",Number of,"The Emergency Events Database (EM-DAT) , Centre for Research on the Epidemiology of Disasters (CRED) / Université catholique de Louvain (UCLouvain), Brussels, Belgium – www.emdat.be.",ECCD,Climate Related Disasters Frequency,"Environment, Climate Change, Adaptation, Climate Related Disasters Frequency",,,1.0,1.0,,,,2.0,,,,,,,,,1.0,,1.0,1.0,,,,,,,1.0,,,,,1.0,,,,,,,,,1.0,,1.0,
Italy,IT,ITA,"Climate related disasters frequency, Number of Disasters: Storm",Number of,"The Emergency Events Database (EM-DAT) , Centre for Research on the Epidemiology of Disasters (CRED) / Université catholique de Louvain (UCLouvain), Brussels, Belgium – www.emdat.be.",ECCD,Climate Related Disasters Frequency,"Environment, Climate Change, Adaptation, Climate Related Disasters Frequency",,,,,,,,3.0,,,1.0,,,1.0,1.0,,,1.0,,,,1.0,,,1.0,,1.0,,,1.0,1.0,,,,1.0,1.0,,2.0,1.0,3.0,3.0,,1.0,3.0
Italy,IT,ITA,"Climate related disasters frequency, Number of Disasters: TOTAL",Number of,"The Emergency Events Database (EM-DAT) , Centre for Research on the Epidemiology of Disasters (CRED) / Université catholique de Louvain (UCLouvain), Brussels, Belgium – www.emdat.be.",ECCD,Climate Related Disasters Frequency,"Environment, Climate Change, Adaptation, Climate Related Disasters Frequency",,,1.0,2.0,,1.0,1.0,6.0,,,3.0,,2.0,1.0,3.0,,3.0,2.0,2.0,2.0,4.0,3.0,4.0,3.0,1.0,1.0,2.0,2.0,3.0,4.0,3.0,4.0,3.0,1.0,5.0,4.0,1.0,4.0,4.0,5.0,7.0,2.0,3.0,6.0
Italy,IT,ITA,"Climate related disasters frequency, Number of Disasters: Wildfire",Number of,"The Emergency Events Database (EM-DAT) , Centre for Research on the Epidemiology of Disasters (CRED) / Université catholique de Louvain (UCLouvain), Brussels, Belgium – www.emdat.be.",ECCD,Climate Related Disasters Frequency,"Environment, Climate Change, Adaptation, Climate Related Disasters Frequency",,,,1.0,,,,,,,2.0,,,,1.0,,,,,1.0,,,,,,,,1.0,,1.0,,,,,,,,,,,,1.0,,
Jamaica,JM,JAM,"Climate related disasters frequency, Number of Disasters: Drought",Number of,"The Emergency Events Database (EM-DAT) , Centre for Research on the Epidemiology of Disasters (CRED) / Université catholique de Louvain (UCLouvain), Brussels, Belgium – www.emdat.be.",ECCD,Climate Related Disasters Frequency,"Environment, Climate Change, Adaptation, Climate Related Disasters Frequency",,1.0,,,,,,,,,,,,,,,,,,,1.0,,,,,,,,,,,,,,1.0,,,,,,,,,
Jamaica,JM,JAM,"Climate related disasters frequency, Number of Disasters: Flood",Number of,"The Emergency Events Database (EM-DAT) , Centre for Research on the Epidemiology of Disasters (CRED) / Université catholique de Louvain (UCLouvain), Brussels, Belgium – www.emdat.be.",ECCD,Climate Related Disasters Frequency,"Environment, Climate Change, Adaptation, Climate Related Disasters Frequency",,,,,,,1.0,1.0,1.0,,,1.0,,1.0,,,,,,,,,1.0,,,,1.0,,,,,,,,,,,,,,,,,
Jamaica,JM,JAM,"Climate related disasters frequency, Number of Disasters: Storm",Number of,"The Emergency Events Database (EM-DAT) , Centre for Research on the Epidemiology of Disasters (CRED) / Université catholique de Louvain (UCLouvain), Brussels, Belgium – www.emdat.be.",ECCD,Climate Related Disasters Frequency,"Environment, Climate Change, Adaptation, Climate Related Disasters Frequency",1.0,,,,,1.0,,,1.0,,,,,,1.0,,1.0,,,,,1.0,2.0,,2.0,3.0,,2.0,2.0,,1.0,,1.0,,,,1.0,1.0,,,,,,
Jamaica,JM,JAM,"Climate related disasters frequency, Number of Disasters: TOTAL",Number of,"The Emergency Events Database (EM-DAT) , Centre for Research on the Epidemiology of Disasters (CRED) / Université catholique de Louvain (UCLouvain), Brussels, Belgium – www.emdat.be.",ECCD,Climate Related Disasters Frequency,"Environment, Climate Change, Adaptation, Climate Related Disasters Frequency",1.0,1.0,,,,1.0,1.0,1.0,2.0,,,1.0,,1.0,1.0,,1.0,,,,1.0,1.0,3.0,,2.0,3.0,1.0,2.0,2.0,,1.0,,1.0,,1.0,,1.0,1.0,,,,,,
Japan,JP,JPN,"Climate related disasters frequency, Number of Disasters: Extreme temperature",Number of,"The Emergency Events Database (EM-DAT) , Centre for Research on the Epidemiology of Disasters (CRED) / Université catholique de Louvain (UCLouvain), Brussels, Belgium – www.emdat.be.",ECCD,Climate Related Disasters Frequency,"Environment, Climate Change, Adaptation, Climate Related Disasters Frequency",,,,,,,,,,,,,,,,,,,,,,,,,1.0,,,1.0,1.0,1.0,1.0,1.0,,1.0,1.0,3.0,2.0,,1.0,2.0,,,1.0,
Japan,JP,JPN,"Climate related disasters frequency, Number of Disasters: Flood",Number of,"The Emergency Events Database (EM-DAT) , Centre for Research on the Epidemiology of Disasters (CRED) / Université catholique de Louvain (UCLouvain), Brussels, Belgium – www.emdat.be.",ECCD,Climate Related Disasters Frequency,"Environment, Climate Change, Adaptation, Climate Related Disasters Frequency",1.0,,1.0,,,,1.0,,1.0,1.0,1.0,,,1.0,,1.0,,,1.0,2.0,1.0,1.0,,1.0,2.0,1.0,2.0,1.0,1.0,,1.0,1.0,1.0,1.0,,1.0,1.0,1.0,1.0,3.0,1.0,2.0,1.0,1.0
Japan,JP,JPN,"Climate related disasters frequency, Number of Disasters: Landslide",Number of,"The Emergency Events Database (EM-DAT) , Centre for Research on the Epidemiology of Disasters (CRED) / Université catholique de Louvain (UCLouvain), Brussels, Belgium – www.emdat.be.",ECCD,Climate Related Disasters Frequency,"Environment, Climate Change, Adaptation, Climate Related Disasters Frequency",,1.0,,2.0,1.0,,2.0,,,1.0,,,,2.0,,,1.0,1.0,1.0,,,,,,,,,,,2.0,,,,,1.0,,,,,,,1.0,,
Japan,JP,JPN,"Climate related disasters frequency, Number of Disasters: Storm",Number of,"The Emergency Events Database (EM-DAT) , Centre for Research on the Epidemiology of Disasters (CRED) / Université catholique de Louvain (UCLouvain), Brussels, Belgium – www.emdat.be.",ECCD,Climate Related Disasters Frequency,"Environment, Climate Change, Adaptation, Climate Related Disasters Frequency",1.0,4.0,4.0,2.0,,2.0,2.0,1.0,,2.0,2.0,5.0,2.0,3.0,3.0,1.0,1.0,2.0,5.0,1.0,3.0,4.0,5.0,2.0,8.0,3.0,3.0,3.0,,2.0,,3.0,6.0,7.0,9.0,6.0,4.0,3.0,3.0,4.0,3.0,1.0,4.0,4.0
Japan,JP,JPN,"Climate related disasters frequency, Number of Disasters: TOTAL",Number of,"The Emergency Events Database (EM-DAT) , Centre for Research on the Epidemiology of Disasters (CRED) / Université catholique de Louvain (UCLouvain), Brussels, Belgium – www.emdat.be.",ECCD,Climate Related Disasters Frequency,"Environment, Climate Change, Adaptation, Climate Related Disasters Frequency",2.0,5.0,5.0,4.0,1.0,2.0,5.0,1.0,1.0,4.0,3.0,5.0,2.0,6.0,3.0,2.0,2.0,3.0,7.0,3.0,4.0,5.0,6.0,3.0,11.0,4.0,5.0,5.0,2.0,5.0,2.0,5.0,7.0,9.0,11.0,10.0,7.0,4.0,5.0,9.0,4.0,4.0,6.0,5.0
Japan,JP,JPN,"Climate related disasters frequency, Number of Disasters: Wildfire",Number of,"The Emergency Events Database (EM-DAT) , Centre for Research on the Epidemiology of Disasters (CRED) / Université catholique de Louvain (UCLouvain), Brussels, Belgium – www.emdat.be.",ECCD,Climate Related Disasters Frequency,"Environment, Climate Change, Adaptation, Climate Related Disasters Frequency",,,,,,,,,,,,,,,,,,,,,,,1.0,,,,,,,,,,,,,,,,,,,,,
Jordan,JO,JOR,"Climate related disasters frequency, Number of Disasters: Drought",Number of,"The Emergency Events Database (EM-DAT) , Centre for Research on the Epidemiology of Disasters (CRED) / Université catholique de Louvain (UCLouvain), Brussels, Belgium – www.emdat.be.",ECCD,Climate Related Disasters Frequency,"Environment, Climate Change, Adaptation, Climate Related Disasters Frequency",,,,,,,,,,,,,,,,,,,,1.0,1.0,,,,,,,,,,,,,,,,,,,,,,,
Jordan,JO,JOR,"Climate related disasters frequency, Number of Disasters: Extreme temperature",Number of,"The Emergency Events Database (EM-DAT) , Centre for Research on the Epidemiology of Disasters (CRED) / Université catholique de Louvain (UCLouvain), Brussels, Belgium – www.emdat.be.",ECCD,Climate Related Disasters Frequency,"Environment, Climate Change, Adaptation, Climate Related Disasters Frequency",,,,,,,,,,,,,1.0,,,,,,,,1.0,,,,,,,,,,,,,,,,,,,,,,,1.0
Jordan,JO,JOR,"Climate related disasters frequency, Number of Disasters: Flood",Number of,"The Emergency Events Database (EM-DAT) , Centre for Research on the Epidemiology of Disasters (CRED) / Université catholique de Louvain (UCLouvain), Brussels, Belgium – www.emdat.be.",ECCD,Climate Related Disasters Frequency,"Environment, Climate Change, Adaptation, Climate Related Disasters Frequency",,,,,,,,1.0,,,,1.0,,,,,,1.0,,,,,,,,,,,,,,,,,,,,,2.0,,,,,
Jordan,JO,JOR,"Climate related disasters frequency, Number of Disasters: Storm",Number of,"The Emergency Events Database (EM-DAT) , Centre for Research on the Epidemiology of Disasters (CRED) / Université catholique de Louvain (UCLouvain), Brussels, Belgium – www.emdat.be.",ECCD,Climate Related Disasters Frequency,"Environment, Climate Change, Adaptation, Climate Related Disasters Frequency",,,,,,,,,,,,1.0,,,,,,,,,1.0,,1.0,,,,,,,,,,,,,,,,,,,,,
Jordan,JO,JOR,"Climate related disasters frequency, Number of Disasters: TOTAL",Number of,"The Emergency Events Database (EM-DAT) , Centre for Research on the Epidemiology of Disasters (CRED) / Université catholique de Louvain (UCLouvain), Brussels, Belgium – www.emdat.be.",ECCD,Climate Related Disasters Frequency,"Environment, Climate Change, Adaptation, Climate Related Disasters Frequency",,,,,,,,1.0,,,,2.0,1.0,,,,,1.0,,1.0,3.0,,1.0,,,,,,,,,,,,,,,,2.0,,,,,1.0
"Kazakhstan, Rep. of",KZ,KAZ,"Climate related disasters frequency, Number of Disasters: Drought",Number of,"The Emergency Events Database (EM-DAT) , Centre for Research on the Epidemiology of Disasters (CRED) / Université catholique de Louvain (UCLouvain), Brussels, Belgium – www.emdat.be.",ECCD,Climate Related Disasters Frequency,"Environment, Climate Change, Adaptation, Climate Related Disasters Frequency",,,,,,,,,,,,,,,,,,,,,,,,,,,,,,,,,,,,,,,,,,1.0,,
"Kazakhstan, Rep. of",KZ,KAZ,"Climate related disasters frequency, Number of Disasters: Extreme temperature",Number of,"The Emergency Events Database (EM-DAT) , Centre for Research on the Epidemiology of Disasters (CRED) / Université catholique de Louvain (UCLouvain), Brussels, Belgium – www.emdat.be.",ECCD,Climate Related Disasters Frequency,"Environment, Climate Change, Adaptation, Climate Related Disasters Frequency",,,,,,,,,,,,,,,,,,1.0,,,,1.0,,,,,,,,,,,1.0,,,,,,,,,,,
"Kazakhstan, Rep. of",KZ,KAZ,"Climate related disasters frequency, Number of Disasters: Flood",Number of,"The Emergency Events Database (EM-DAT) , Centre for Research on the Epidemiology of Disasters (CRED) / Université catholique de Louvain (UCLouvain), Brussels, Belgium – www.emdat.be.",ECCD,Climate Related Disasters Frequency,"Environment, Climate Change, Adaptation, Climate Related Disasters Frequency",,,,,,,,,,,,,,1.0,,,,,,,1.0,1.0,,,,1.0,,,1.0,,2.0,1.0,1.0,,1.0,1.0,,1.0,1.0,,1.0,,,
"Kazakhstan, Rep. of",KZ,KAZ,"Climate related disasters frequency, Number of Disasters: Landslide",Number of,"The Emergency Events Database (EM-DAT) , Centre for Research on the Epidemiology of Disasters (CRED) / Université catholique de Louvain (UCLouvain), Brussels, Belgium – www.emdat.be.",ECCD,Climate Related Disasters Frequency,"Environment, Climate Change, Adaptation, Climate Related Disasters Frequency",,,,,,,,,,,,,,,,,,,,,,,,,1.0,,,,,,,,,,,,,,,,,,,
"Kazakhstan, Rep. of",KZ,KAZ,"Climate related disasters frequency, Number of Disasters: Storm",Number of,"The Emergency Events Database (EM-DAT) , Centre for Research on the Epidemiology of Disasters (CRED) / Université catholique de Louvain (UCLouvain), Brussels, Belgium – www.emdat.be.",ECCD,Climate Related Disasters Frequency,"Environment, Climate Change, Adaptation, Climate Related Disasters Frequency",,,,,,,,,,,,,,,,1.0,,,,,,,,,,,,,,,,,,,,,,,,,,,,
"Kazakhstan, Rep. of",KZ,KAZ,"Climate related disasters frequency, Number of Disasters: TOTAL",Number of,"The Emergency Events Database (EM-DAT) , Centre for Research on the Epidemiology of Disasters (CRED) / Université catholique de Louvain (UCLouvain), Brussels, Belgium – www.emdat.be.",ECCD,Climate Related Disasters Frequency,"Environment, Climate Change, Adaptation, Climate Related Disasters Frequency",,,,,,,,,,,,,,1.0,,1.0,,2.0,,,1.0,2.0,,,1.0,1.0,,,1.0,,2.0,1.0,2.0,,1.0,1.0,,1.0,1.0,,1.0,1.0,,1.0
"Kazakhstan, Rep. of",KZ,KAZ,"Climate related disasters frequency, Number of Disasters: Wildfire",Number of,"The Emergency Events Database (EM-DAT) , Centre for Research on the Epidemiology of Disasters (CRED) / Université catholique de Louvain (UCLouvain), Brussels, Belgium – www.emdat.be.",ECCD,Climate Related Disasters Frequency,"Environment, Climate Change, Adaptation, Climate Related Disasters Frequency",,,,,,,,,,,,,,,,,,1.0,,,,,,,,,,,,,,,,,,,,,,,,,,1.0
Kenya,KE,KEN,"Climate related disasters frequency, Number of Disasters: Drought",Number of,"The Emergency Events Database (EM-DAT) , Centre for Research on the Epidemiology of Disasters (CRED) / Université catholique de Louvain (UCLouvain), Brussels, Belgium – www.emdat.be.",ECCD,Climate Related Disasters Frequency,"Environment, Climate Change, Adaptation, Climate Related Disasters Frequency",,,,1.0,,,,,,,,1.0,,,1.0,,1.0,,,1.0,,,,,1.0,1.0,,,1.0,,1.0,1.0,,,1.0,,1.0,,,1.0,1.0,,,
Kenya,KE,KEN,"Climate related disasters frequency, Number of Disasters: Flood",Number of,"The Emergency Events Database (EM-DAT) , Centre for Research on the Epidemiology of Disasters (CRED) / Université catholique de Louvain (UCLouvain), Brussels, Belgium – www.emdat.be.",ECCD,Climate Related Disasters Frequency,"Environment, Climate Change, Adaptation, Climate Related Disasters Frequency",,,1.0,,,,,,,,1.0,,,,,,1.0,1.0,1.0,,,1.0,4.0,2.0,2.0,3.0,4.0,3.0,6.0,2.0,2.0,3.0,1.0,4.0,,3.0,2.0,1.0,3.0,1.0,1.0,1.0,,3.0
Kenya,KE,KEN,"Climate related disasters frequency, Number of Disasters: Landslide",Number of,"The Emergency Events Database (EM-DAT) , Centre for Research on the Epidemiology of Disasters (CRED) / Université catholique de Louvain (UCLouvain), Brussels, Belgium – www.emdat.be.",ECCD,Climate Related Disasters Frequency,"Environment, Climate Change, Adaptation, Climate Related Disasters Frequency",,,,,,,,,,,,,,,,,,,,,,,1.0,,,,,1.0,1.0,,1.0,,,,,,,,,1.0,,,,
Kenya,KE,KEN,"Climate related disasters frequency, Number of Disasters: Storm",Number of,"The Emergency Events Database (EM-DAT) , Centre for Research on the Epidemiology of Disasters (CRED) / Université catholique de Louvain (UCLouvain), Brussels, Belgium – www.emdat.be.",ECCD,Climate Related Disasters Frequency,"Environment, Climate Change, Adaptation, Climate Related Disasters Frequency",,,,,,,,,1.0,,,,,,,,,,,,,,,,,,,,,,,,,,,,,,,,,,,
Kenya,KE,KEN,"Climate related disasters frequency, Number of Disasters: TOTAL",Number of,"The Emergency Events Database (EM-DAT) , Centre for Research on the Epidemiology of Disasters (CRED) / Université catholique de Louvain (UCLouvain), Brussels, Belgium – www.emdat.be.",ECCD,Climate Related Disasters Frequency,"Environment, Climate Change, Adaptation, Climate Related Disasters Frequency",,,1.0,1.0,,,,,1.0,,1.0,1.0,,,1.0,,2.0,1.0,1.0,1.0,,1.0,5.0,2.0,3.0,4.0,4.0,4.0,8.0,2.0,4.0,4.0,1.0,4.0,1.0,3.0,3.0,1.0,3.0,3.0,2.0,1.0,,3.0
Kiribati,KI,KIR,"Climate related disasters frequency, Number of Disasters: Drought",Number of,"The Emergency Events Database (EM-DAT) , Centre for Research on the Epidemiology of Disasters (CRED) / Université catholique de Louvain (UCLouvain), Brussels, Belgium – www.emdat.be.",ECCD,Climate Related Disasters Frequency,"Environment, Climate Change, Adaptation, Climate Related Disasters Frequency",,,,,,,,,,,,,,,,,,,,1.0,,,,,,,,,,,,,,,,,,,,,,,,
Kiribati,KI,KIR,"Climate related disasters frequency, Number of Disasters: Flood",Number of,"The Emergency Events Database (EM-DAT) , Centre for Research on the Epidemiology of Disasters (CRED) / Université catholique de Louvain (UCLouvain), Brussels, Belgium – www.emdat.be.",ECCD,Climate Related Disasters Frequency,"Environment, Climate Change, Adaptation, Climate Related Disasters Frequency",,,,,,,,,,,,,,,,,,,,,,,,,,,,,1.0,,,,,,1.0,,,,,,,,,
Kiribati,KI,KIR,"Climate related disasters frequency, Number of Disasters: Storm",Number of,"The Emergency Events Database (EM-DAT) , Centre for Research on the Epidemiology of Disasters (CRED) / Université catholique de Louvain (UCLouvain), Brussels, Belgium – www.emdat.be.",ECCD,Climate Related Disasters Frequency,"Environment, Climate Change, Adaptation, Climate Related Disasters Frequency",,,,,,,,,,,,,,,,,,,,,,,,,,,,,,,,,,,,1.0,,,,,,,,
Kiribati,KI,KIR,"Climate related disasters frequency, Number of Disasters: TOTAL",Number of,"The Emergency Events Database (EM-DAT) , Centre for Research on the Epidemiology of Disasters (CRED) / Université catholique de Louvain (UCLouvain), Brussels, Belgium – www.emdat.be.",ECCD,Climate Related Disasters Frequency,"Environment, Climate Change, Adaptation, Climate Related Disasters Frequency",,,,,,,,,,,,,,,,,,,,1.0,,,,,,,,,1.0,,,,,,1.0,1.0,,,,,,,,
"Korea, Dem. People's Rep. of",KP,PRK,"Climate related disasters frequency, Number of Disasters: Drought",Number of,"The Emergency Events Database (EM-DAT) , Centre for Research on the Epidemiology of Disasters (CRED) / Université catholique de Louvain (UCLouvain), Brussels, Belgium – www.emdat.be.",ECCD,Climate Related Disasters Frequency,"Environment, Climate Change, Adaptation, Climate Related Disasters Frequency",,,,,,,,,,,,,,,,,,,,,,,,,,,,,,,,,1.0,,,1.0,,1.0,,1.0,,,,
"Korea, Dem. People's Rep. of",KP,PRK,"Climate related disasters frequency, Number of Disasters: Extreme temperature",Number of,"The Emergency Events Database (EM-DAT) , Centre for Research on the Epidemiology of Disasters (CRED) / Université catholique de Louvain (UCLouvain), Brussels, Belgium – www.emdat.be.",ECCD,Climate Related Disasters Frequency,"Environment, Climate Change, Adaptation, Climate Related Disasters Frequency",,,,,,,,,,,,,,,,,,,,,,,,,,,,,,,,,,,,,,,1.0,,,,,
"Korea, Dem. People's Rep. of",KP,PRK,"Climate related disasters frequency, Number of Disasters: Flood",Number of,"The Emergency Events Database (EM-DAT) , Centre for Research on the Epidemiology of Disasters (CRED) / Université catholique de Louvain (UCLouvain), Brussels, Belgium – www.emdat.be.",ECCD,Climate Related Disasters Frequency,"Environment, Climate Change, Adaptation, Climate Related Disasters Frequency",,,,,,,,2.0,,,,,,,,2.0,1.0,1.0,1.0,1.0,,2.0,1.0,,2.0,1.0,2.0,1.0,,,2.0,2.0,1.0,1.0,,1.0,2.0,,1.0,,1.0,1.0,,1.0
"Korea, Dem. People's Rep. of",KP,PRK,"Climate related disasters frequency, Number of Disasters: Storm",Number of,"The Emergency Events Database (EM-DAT) , Centre for Research on the Epidemiology of Disasters (CRED) / Université catholique de Louvain (UCLouvain), Brussels, Belgium – www.emdat.be.",ECCD,Climate Related Disasters Frequency,"Environment, Climate Change, Adaptation, Climate Related Disasters Frequency",,,,,,,,,,,,,,1.0,,,,1.0,,,1.0,,1.0,,,,,1.0,,,1.0,1.0,1.0,,,,,,1.0,1.0,,,,1.0
"Korea, Dem. People's Rep. of",KP,PRK,"Climate related disasters frequency, Number of Disasters: TOTAL",Number of,"The Emergency Events Database (EM-DAT) , Centre for Research on the Epidemiology of Disasters (CRED) / Université catholique de Louvain (UCLouvain), Brussels, Belgium – www.emdat.be.",ECCD,Climate Related Disasters Frequency,"Environment, Climate Change, Adaptation, Climate Related Disasters Frequency",,,,,,,,2.0,,,,,,1.0,,2.0,1.0,2.0,1.0,1.0,1.0,2.0,2.0,,2.0,1.0,2.0,2.0,,,3.0,3.0,3.0,1.0,,2.0,2.0,1.0,3.0,2.0,1.0,1.0,,
"Korea, Rep. of",KR,KOR,"Climate related disasters frequency, Number of Disasters: Drought",Number of,"The Emergency Events Database (EM-DAT) , Centre for Research on the Epidemiology of Disasters (CRED) / Université catholique de Louvain (UCLouvain), Brussels, Belgium – www.emdat.be.",ECCD,Climate Related Disasters Frequency,"Environment, Climate Change, Adaptation, Climate Related Disasters Frequency",,,,,,,,,,,,,,,,,,,,,,1.0,,,,,,,,,,,,,,,,,,,,,,
"Korea, Rep. of",KR,KOR,"Climate related disasters frequency, Number of Disasters: Extreme temperature",Number of,"The Emergency Events Database (EM-DAT) , Centre for Research on the Epidemiology of Disasters (CRED) / Université catholique de Louvain (UCLouvain), Brussels, Belgium – www.emdat.be.",ECCD,Climate Related Disasters Frequency,"Environment, Climate Change, Adaptation, Climate Related Disasters Frequency",,,,,,,,,,,1.0,,,,,,,,,,,,,,,,,,,,,,,,,,1.0,,1.0,,,,1.0,
"Korea, Rep. of",KR,KOR,"Climate related disasters frequency, Number of Disasters: Flood",Number of,"The Emergency Events Database (EM-DAT) , Centre for Research on the Epidemiology of Disasters (CRED) / Université catholique de Louvain (UCLouvain), Brussels, Belgium – www.emdat.be.",ECCD,Climate Related Disasters Frequency,"Environment, Climate Change, Adaptation, Climate Related Disasters Frequency",,,,,1.0,,,1.0,,,1.0,1.0,1.0,,,,1.0,2.0,1.0,1.0,2.0,2.0,1.0,,2.0,1.0,1.0,1.0,1.0,,,2.0,,,1.0,,,,,,2.0,,1.0,
"Korea, Rep. of",KR,KOR,"Climate related disasters frequency, Number of Disasters: Landslide",Number of,"The Emergency Events Database (EM-DAT) , Centre for Research on the Epidemiology of Disasters (CRED) / Université catholique de Louvain (UCLouvain), Brussels, Belgium – www.emdat.be.",ECCD,Climate Related Disasters Frequency,"Environment, Climate Change, Adaptation, Climate Related Disasters Frequency",,1.0,,,1.0,,,,1.0,,,,,1.0,,,1.0,,,,,,,,,,,,,,,1.0,,,,,,,,,,,,
"Korea, Rep. of",KR,KOR,"Climate related disasters frequency, Number of Disasters: Storm",Number of,"The Emergency Events Database (EM-DAT) , Centre for Research on the Epidemiology of Disasters (CRED) / Université catholique de Louvain (UCLouvain), Brussels, Belgium – www.emdat.be.",ECCD,Climate Related Disasters Frequency,"Environment, Climate Change, Adaptation, Climate Related Disasters Frequency",2.0,1.0,2.0,,,1.0,1.0,2.0,,1.0,1.0,1.0,1.0,1.0,1.0,2.0,,,3.0,1.0,2.0,1.0,3.0,1.0,4.0,3.0,,1.0,,,1.0,,3.0,,2.0,,1.0,,,3.0,3.0,1.0,1.0,
"Korea, Rep. of",KR,KOR,"Climate related disasters frequency, Number of Disasters: TOTAL",Number of,"The Emergency Events Database (EM-DAT) , Centre for Research on the Epidemiology of Disasters (CRED) / Université catholique de Louvain (UCLouvain), Brussels, Belgium – www.emdat.be.",ECCD,Climate Related Disasters Frequency,"Environment, Climate Change, Adaptation, Climate Related Disasters Frequency",2.0,2.0,2.0,,2.0,1.0,1.0,3.0,1.0,1.0,3.0,2.0,2.0,2.0,1.0,2.0,2.0,2.0,4.0,2.0,5.0,4.0,4.0,1.0,7.0,5.0,1.0,2.0,1.0,,1.0,3.0,3.0,,3.0,,2.0,,1.0,4.0,5.0,1.0,4.0,3.0
"Korea, Rep. of",KR,KOR,"Climate related disasters frequency, Number of Disasters: Wildfire",Number of,"The Emergency Events Database (EM-DAT) , Centre for Research on the Epidemiology of Disasters (CRED) / Université catholique de Louvain (UCLouvain), Brussels, Belgium – www.emdat.be.",ECCD,Climate Related Disasters Frequency,"Environment, Climate Change, Adaptation, Climate Related Disasters Frequency",,,,,,,,,,,,,,,,,,,,,1.0,,,,1.0,1.0,,,,,,,,,,,,,,1.0,,,1.0,1.0
Kuwait,KW,KWT,"Climate related disasters frequency, Number of Disasters: Flood",Number of,"The Emergency Events Database (EM-DAT) , Centre for Research on the Epidemiology of Disasters (CRED) / Université catholique de Louvain (UCLouvain), Brussels, Belgium – www.emdat.be.",ECCD,Climate Related Disasters Frequency,"Environment, Climate Change, Adaptation, Climate Related Disasters Frequency",,,,,,,,,,,,,,,,,,1.0,,,,,,,,,,,,,,,,,,,,,1.0,,,,,
Kuwait,KW,KWT,"Climate related disasters frequency, Number of Disasters: TOTAL",Number of,"The Emergency Events Database (EM-DAT) , Centre for Research on the Epidemiology of Disasters (CRED) / Université catholique de Louvain (UCLouvain), Brussels, Belgium – www.emdat.be.",ECCD,Climate Related Disasters Frequency,"Environment, Climate Change, Adaptation, Climate Related Disasters Frequency",,,,,,,,,,,,,,,,,,1.0,,,,,,,,,,,,,,,,,,,,,1.0,,,,,
Kyrgyz Rep.,KG,KGZ,"Climate related disasters frequency, Number of Disasters: Drought",Number of,"The Emergency Events Database (EM-DAT) , Centre for Research on the Epidemiology of Disasters (CRED) / Université catholique de Louvain (UCLouvain), Brussels, Belgium – www.emdat.be.",ECCD,Climate Related Disasters Frequency,"Environment, Climate Change, Adaptation, Climate Related Disasters Frequency",,,,,,,,,,,,,,,,,,,,,,,,,,,,,,1.0,,,,,,,,,,,,,,
Kyrgyz Rep.,KG,KGZ,"Climate related disasters frequency, Number of Disasters: Extreme temperature",Number of,"The Emergency Events Database (EM-DAT) , Centre for Research on the Epidemiology of Disasters (CRED) / Université catholique de Louvain (UCLouvain), Brussels, Belgium – www.emdat.be.",ECCD,Climate Related Disasters Frequency,"Environment, Climate Change, Adaptation, Climate Related Disasters Frequency",,,,,,,,,,,,,,,,,,,,,1.0,,,,,,,,,,,,1.0,,,,,,,,,,1.0,
Kyrgyz Rep.,KG,KGZ,"Climate related disasters frequency, Number of Disasters: Flood",Number of,"The Emergency Events Database (EM-DAT) , Centre for Research on the Epidemiology of Disasters (CRED) / Université catholique de Louvain (UCLouvain), Brussels, Belgium – www.emdat.be.",ECCD,Climate Related Disasters Frequency,"Environment, Climate Change, Adaptation, Climate Related Disasters Frequency",,,,,,,,,,,,,,,,,,,1.0,,,,,,,1.0,,1.0,,,,,1.0,,,,,,,,,,,
Kyrgyz Rep.,KG,KGZ,"Climate related disasters frequency, Number of Disasters: Landslide",Number of,"The Emergency Events Database (EM-DAT) , Centre for Research on the Epidemiology of Disasters (CRED) / Université catholique de Louvain (UCLouvain), Brussels, Belgium – www.emdat.be.",ECCD,Climate Related Disasters Frequency,"Environment, Climate Change, Adaptation, Climate Related Disasters Frequency",,,,,,,,,,,,,,,2.0,,,,,,,,1.0,1.0,3.0,,,,,,1.0,,,,,,,1.0,,,,1.0,,
Kyrgyz Rep.,KG,KGZ,"Climate related disasters frequency, Number of Disasters: Storm",Number of,"The Emergency Events Database (EM-DAT) , Centre for Research on the Epidemiology of Disasters (CRED) / Université catholique de Louvain (UCLouvain), Brussels, Belgium – www.emdat.be.",ECCD,Climate Related Disasters Frequency,"Environment, Climate Change, Adaptation, Climate Related Disasters Frequency",,,,,,,,,,,,,,,,,,,,,,,,,,,1.0,,,,,,,,1.0,,,,,,,,,
Kyrgyz Rep.,KG,KGZ,"Climate related disasters frequency, Number of Disasters: TOTAL",Number of,"The Emergency Events Database (EM-DAT) , Centre for Research on the Epidemiology of Disasters (CRED) / Université catholique de Louvain (UCLouvain), Brussels, Belgium – www.emdat.be.",ECCD,Climate Related Disasters Frequency,"Environment, Climate Change, Adaptation, Climate Related Disasters Frequency",,,,,,,,,,,,,,,2.0,,,,1.0,,1.0,,1.0,1.0,3.0,1.0,1.0,1.0,,1.0,1.0,,2.0,,1.0,,,1.0,,,,1.0,1.0,
Lao People's Dem. Rep.,LA,LAO,"Climate related disasters frequency, Number of Disasters: Drought",Number of,"The Emergency Events Database (EM-DAT) , Centre for Research on the Epidemiology of Disasters (CRED) / Université catholique de Louvain (UCLouvain), Brussels, Belgium – www.emdat.be.",ECCD,Climate Related Disasters Frequency,"Environment, Climate Change, Adaptation, Climate Related Disasters Frequency",,,,,,,,1.0,1.0,,,1.0,,,,,,,,1.0,,,,,,,,,,,,,,,,,,,,1.0,,,,
Lao People's Dem. Rep.,LA,LAO,"Climate related disasters frequency, Number of Disasters: Flood",Number of,"The Emergency Events Database (EM-DAT) , Centre for Research on the Epidemiology of Disasters (CRED) / Université catholique de Louvain (UCLouvain), Brussels, Belgium – www.emdat.be.",ECCD,Climate Related Disasters Frequency,"Environment, Climate Change, Adaptation, Climate Related Disasters Frequency",,1.0,,,1.0,,,,,,,1.0,1.0,,1.0,2.0,1.0,,,,1.0,1.0,1.0,,,,,,1.0,1.0,,2.0,,2.0,1.0,2.0,1.0,,1.0,1.0,,,1.0,1.0
Lao People's Dem. Rep.,LA,LAO,"Climate related disasters frequency, Number of Disasters: Storm",Number of,"The Emergency Events Database (EM-DAT) , Centre for Research on the Epidemiology of Disasters (CRED) / Université catholique de Louvain (UCLouvain), Brussels, Belgium – www.emdat.be.",ECCD,Climate Related Disasters Frequency,"Environment, Climate Change, Adaptation, Climate Related Disasters Frequency",,,,,,,,,,,,1.0,1.0,1.0,,1.0,,,,,,,,,,,,,,1.0,,,,,,,,1.0,2.0,,2.0,1.0,,
Lao People's Dem. Rep.,LA,LAO,"Climate related disasters frequency, Number of Disasters: TOTAL",Number of,"The Emergency Events Database (EM-DAT) , Centre for Research on the Epidemiology of Disasters (CRED) / Université catholique de Louvain (UCLouvain), Brussels, Belgium – www.emdat.be.",ECCD,Climate Related Disasters Frequency,"Environment, Climate Change, Adaptation, Climate Related Disasters Frequency",,1.0,,,1.0,,,1.0,1.0,,,3.0,2.0,1.0,1.0,3.0,1.0,,,1.0,1.0,1.0,1.0,,,,,,1.0,2.0,,2.0,,2.0,1.0,2.0,1.0,1.0,3.0,2.0,2.0,1.0,1.0,1.0
Latvia,LV,LVA,"Climate related disasters frequency, Number of Disasters: Extreme temperature",Number of,"The Emergency Events Database (EM-DAT) , Centre for Research on the Epidemiology of Disasters (CRED) / Université catholique de Louvain (UCLouvain), Brussels, Belgium – www.emdat.be.",ECCD,Climate Related Disasters Frequency,"Environment, Climate Change, Adaptation, Climate Related Disasters Frequency",,,,,,,,,,,,,,,,,,,,,,1.0,,1.0,,1.0,,,,,,,1.0,,,,,,,,,,,
Latvia,LV,LVA,"Climate related disasters frequency, Number of Disasters: Flood",Number of,"The Emergency Events Database (EM-DAT) , Centre for Research on the Epidemiology of Disasters (CRED) / Université catholique de Louvain (UCLouvain), Brussels, Belgium – www.emdat.be.",ECCD,Climate Related Disasters Frequency,"Environment, Climate Change, Adaptation, Climate Related Disasters Frequency",,,,,,,,,,,,,,,,,,,,,,,,,,,,,,,,,,,,,,,,,,,,1.0
Latvia,LV,LVA,"Climate related disasters frequency, Number of Disasters: Storm",Number of,"The Emergency Events Database (EM-DAT) , Centre for Research on the Epidemiology of Disasters (CRED) / Université catholique de Louvain (UCLouvain), Brussels, Belgium – www.emdat.be.",ECCD,Climate Related Disasters Frequency,"Environment, Climate Change, Adaptation, Climate Related Disasters Frequency",,,,,,,,,,,,,,,,,,,,1.0,,,,,,2.0,,,,,,,,,,,,,,,,,,
Latvia,LV,LVA,"Climate related disasters frequency, Number of Disasters: TOTAL",Number of,"The Emergency Events Database (EM-DAT) , Centre for Research on the Epidemiology of Disasters (CRED) / Université catholique de Louvain (UCLouvain), Brussels, Belgium – www.emdat.be.",ECCD,Climate Related Disasters Frequency,"Environment, Climate Change, Adaptation, Climate Related Disasters Frequency",,,,,,,,,,,,,,,,,,,,1.0,,1.0,,1.0,,3.0,,,,,,,1.0,,,,,,1.0,,,,,1.0
Latvia,LV,LVA,"Climate related disasters frequency, Number of Disasters: Wildfire",Number of,"The Emergency Events Database (EM-DAT) , Centre for Research on the Epidemiology of Disasters (CRED) / Université catholique de Louvain (UCLouvain), Brussels, Belgium – www.emdat.be.",ECCD,Climate Related Disasters Frequency,"Environment, Climate Change, Adaptation, Climate Related Disasters Frequency",,,,,,,,,,,,,,,,,,,,,,,,,,,,,,,,,,,,,,,1.0,,,,,
Lebanon,LB,LBN,"Climate related disasters frequency, Number of Disasters: Extreme temperature",Number of,"The Emergency Events Database (EM-DAT) , Centre for Research on the Epidemiology of Disasters (CRED) / Université catholique de Louvain (UCLouvain), Brussels, Belgium – www.emdat.be.",ECCD,Climate Related Disasters Frequency,"Environment, Climate Change, Adaptation, Climate Related Disasters Frequency",,,,,,,,,,,,,,,,,,,,,,,,,,,,,,,,,,,,,,,,,,,,2.0
Lebanon,LB,LBN,"Climate related disasters frequency, Number of Disasters: Flood",Number of,"The Emergency Events Database (EM-DAT) , Centre for Research on the Epidemiology of Disasters (CRED) / Université catholique de Louvain (UCLouvain), Brussels, Belgium – www.emdat.be.",ECCD,Climate Related Disasters Frequency,"Environment, Climate Change, Adaptation, Climate Related Disasters Frequency",,,,,,,,1.0,,,,,,,,,,,,,,,,1.0,,,,,,,,,,,,,,,,,,,,
Lebanon,LB,LBN,"Climate related disasters frequency, Number of Disasters: Storm",Number of,"The Emergency Events Database (EM-DAT) , Centre for Research on the Epidemiology of Disasters (CRED) / Université catholique de Louvain (UCLouvain), Brussels, Belgium – www.emdat.be.",ECCD,Climate Related Disasters Frequency,"Environment, Climate Change, Adaptation, Climate Related Disasters Frequency",,,,,,,,,,,,,1.0,,,,,,,,,,1.0,,,,,,,,,,,,,3.0,,,1.0,1.0,,,,
Lebanon,LB,LBN,"Climate related disasters frequency, Number of Disasters: TOTAL",Number of,"The Emergency Events Database (EM-DAT) , Centre for Research on the Epidemiology of Disasters (CRED) / Université catholique de Louvain (UCLouvain), Brussels, Belgium – www.emdat.be.",ECCD,Climate Related Disasters Frequency,"Environment, Climate Change, Adaptation, Climate Related Disasters Frequency",,,,,,,,1.0,,,,,1.0,,,,,,,,,,1.0,1.0,,,,1.0,,,,,,,,3.0,,,1.0,1.0,1.0,,,2.0
Lebanon,LB,LBN,"Climate related disasters frequency, Number of Disasters: Wildfire",Number of,"The Emergency Events Database (EM-DAT) , Centre for Research on the Epidemiology of Disasters (CRED) / Université catholique de Louvain (UCLouvain), Brussels, Belgium – www.emdat.be.",ECCD,Climate Related Disasters Frequency,"Environment, Climate Change, Adaptation, Climate Related Disasters Frequency",,,,,,,,,,,,,,,,,,,,,,,,,,,,1.0,,,,,,,,,,,,,1.0,,,
"Lesotho, Kingdom of",LS,LSO,"Climate related disasters frequency, Number of Disasters: Drought",Number of,"The Emergency Events Database (EM-DAT) , Centre for Research on the Epidemiology of Disasters (CRED) / Université catholique de Louvain (UCLouvain), Brussels, Belgium – www.emdat.be.",ECCD,Climate Related Disasters Frequency,"Environment, Climate Change, Adaptation, Climate Related Disasters Frequency",,,,1.0,,,,,,,1.0,,,,,,,,,,,,1.0,,,,,1.0,,,,1.0,,,,,1.0,,,1.0,1.0,,,
"Lesotho, Kingdom of",LS,LSO,"Climate related disasters frequency, Number of Disasters: Flood",Number of,"The Emergency Events Database (EM-DAT) , Centre for Research on the Epidemiology of Disasters (CRED) / Université catholique de Louvain (UCLouvain), Brussels, Belgium – www.emdat.be.",ECCD,Climate Related Disasters Frequency,"Environment, Climate Change, Adaptation, Climate Related Disasters Frequency",,,,,,1.0,,1.0,,,1.0,,,,,,,,,,,,,,,,,,,,,2.0,,,,,,,,,,,,
"Lesotho, Kingdom of",LS,LSO,"Climate related disasters frequency, Number of Disasters: Storm",Number of,"The Emergency Events Database (EM-DAT) , Centre for Research on the Epidemiology of Disasters (CRED) / Université catholique de Louvain (UCLouvain), Brussels, Belgium – www.emdat.be.",ECCD,Climate Related Disasters Frequency,"Environment, Climate Change, Adaptation, Climate Related Disasters Frequency",,,,,,,,,,1.0,,,,,,,1.0,,,,,2.0,,,,,,,1.0,,,,,,1.0,,,,,,,1.0,,1.0
"Lesotho, Kingdom of",LS,LSO,"Climate related disasters frequency, Number of Disasters: TOTAL",Number of,"The Emergency Events Database (EM-DAT) , Centre for Research on the Epidemiology of Disasters (CRED) / Université catholique de Louvain (UCLouvain), Brussels, Belgium – www.emdat.be.",ECCD,Climate Related Disasters Frequency,"Environment, Climate Change, Adaptation, Climate Related Disasters Frequency",,,,1.0,,1.0,,1.0,,1.0,2.0,,,,,,1.0,,,,,2.0,1.0,,,,,1.0,1.0,,,3.0,,,1.0,,1.0,,,1.0,1.0,1.0,,1.0
Liberia,LR,LBR,"Climate related disasters frequency, Number of Disasters: Drought",Number of,"The Emergency Events Database (EM-DAT) , Centre for Research on the Epidemiology of Disasters (CRED) / Université catholique de Louvain (UCLouvain), Brussels, Belgium – www.emdat.be.",ECCD,Climate Related Disasters Frequency,"Environment, Climate Change, Adaptation, Climate Related Disasters Frequency",1.0,,,,,,,,,,,,,,,,,,,,,,,,,,,,,,,,,,,,,,,,,,,
Liberia,LR,LBR,"Climate related disasters frequency, Number of Disasters: Extreme temperature",Number of,"The Emergency Events Database (EM-DAT) , Centre for Research on the Epidemiology of Disasters (CRED) / Université catholique de Louvain (UCLouvain), Brussels, Belgium – www.emdat.be.",ECCD,Climate Related Disasters Frequency,"Environment, Climate Change, Adaptation, Climate Related Disasters Frequency",,,,,,,,,,,1.0,,,,,,,,,,,,,,,,,,,,,,,,,,,,,,,,,
Liberia,LR,LBR,"Climate related disasters frequency, Number of Disasters: Flood",Number of,"The Emergency Events Database (EM-DAT) , Centre for Research on the Epidemiology of Disasters (CRED) / Université catholique de Louvain (UCLouvain), Brussels, Belgium – www.emdat.be.",ECCD,Climate Related Disasters Frequency,"Environment, Climate Change, Adaptation, Climate Related Disasters Frequency",,,,,,,,,,,,,,,,,,,1.0,,,,,,,,,1.0,1.0,1.0,1.0,,,,,,1.0,,,,,,,
Liberia,LR,LBR,"Climate related disasters frequency, Number of Disasters: Storm",Number of,"The Emergency Events Database (EM-DAT) , Centre for Research on the Epidemiology of Disasters (CRED) / Université catholique de Louvain (UCLouvain), Brussels, Belgium – www.emdat.be.",ECCD,Climate Related Disasters Frequency,"Environment, Climate Change, Adaptation, Climate Related Disasters Frequency",,,,,,,,,,,,,,,,1.0,,,,,,,,,,,,1.0,,,,,,,,,,,,,,,,
Liberia,LR,LBR,"Climate related disasters frequency, Number of Disasters: TOTAL",Number of,"The Emergency Events Database (EM-DAT) , Centre for Research on the Epidemiology of Disasters (CRED) / Université catholique de Louvain (UCLouvain), Brussels, Belgium – www.emdat.be.",ECCD,Climate Related Disasters Frequency,"Environment, Climate Change, Adaptation, Climate Related Disasters Frequency",1.0,,,,,,,,,,1.0,,,,,1.0,,,1.0,,,,,,,,,2.0,1.0,1.0,1.0,,,,,,1.0,,,,,,,
Libya,LY,LBY,"Climate related disasters frequency, Number of Disasters: Flood",Number of,"The Emergency Events Database (EM-DAT) , Centre for Research on the Epidemiology of Disasters (CRED) / Université catholique de Louvain (UCLouvain), Brussels, Belgium – www.emdat.be.",ECCD,Climate Related Disasters Frequency,"Environment, Climate Change, Adaptation, Climate Related Disasters Frequency",,,,,,,,,,,,,,,,1.0,,,,,,,,,,,,,,,,,,1.0,,,,,,1.0,,,,
Libya,LY,LBY,"Climate related disasters frequency, Number of Disasters: Storm",Number of,"The Emergency Events Database (EM-DAT) , Centre for Research on the Epidemiology of Disasters (CRED) / Université catholique de Louvain (UCLouvain), Brussels, Belgium – www.emdat.be.",ECCD,Climate Related Disasters Frequency,"Environment, Climate Change, Adaptation, Climate Related Disasters Frequency",,,,,,,,,,,,,,,,,,,,,,,,,,,,,,,,,,,,,,,,,,,,1.0
Libya,LY,LBY,"Climate related disasters frequency, Number of Disasters: TOTAL",Number of,"The Emergency Events Database (EM-DAT) , Centre for Research on the Epidemiology of Disasters (CRED) / Université catholique de Louvain (UCLouvain), Brussels, Belgium – www.emdat.be.",ECCD,Climate Related Disasters Frequency,"Environment, Climate Change, Adaptation, Climate Related Disasters Frequency",,,,,,,,,,,,,,,,1.0,,,,,,,,,,,,,,,,,,1.0,,,,,,1.0,,,,1.0
Lithuania,LT,LTU,"Climate related disasters frequency, Number of Disasters: Drought",Number of,"The Emergency Events Database (EM-DAT) , Centre for Research on the Epidemiology of Disasters (CRED) / Université catholique de Louvain (UCLouvain), Brussels, Belgium – www.emdat.be.",ECCD,Climate Related Disasters Frequency,"Environment, Climate Change, Adaptation, Climate Related Disasters Frequency",,,,,,,,,,,,,1.0,,,,,,,,,,,,,,1.0,,,,,,,,,,,,1.0,,,,,
Lithuania,LT,LTU,"Climate related disasters frequency, Number of Disasters: Extreme temperature",Number of,"The Emergency Events Database (EM-DAT) , Centre for Research on the Epidemiology of Disasters (CRED) / Université catholique de Louvain (UCLouvain), Brussels, Belgium – www.emdat.be.",ECCD,Climate Related Disasters Frequency,"Environment, Climate Change, Adaptation, Climate Related Disasters Frequency",,,,,,,,,,,,,,,,,,,,1.0,,1.0,,,,,,,,,1.0,,2.0,,,,,,1.0,,,,,
Lithuania,LT,LTU,"Climate related disasters frequency, Number of Disasters: Flood",Number of,"The Emergency Events Database (EM-DAT) , Centre for Research on the Epidemiology of Disasters (CRED) / Université catholique de Louvain (UCLouvain), Brussels, Belgium – www.emdat.be.",ECCD,Climate Related Disasters Frequency,"Environment, Climate Change, Adaptation, Climate Related Disasters Frequency",,,,,,,,,,,,,,,,,,,,,,,,,,1.0,,,,,1.0,,,,,,,,,,,,,
Lithuania,LT,LTU,"Climate related disasters frequency, Number of Disasters: Storm",Number of,"The Emergency Events Database (EM-DAT) , Centre for Research on the Epidemiology of Disasters (CRED) / Université catholique de Louvain (UCLouvain), Brussels, Belgium – www.emdat.be.",ECCD,Climate Related Disasters Frequency,"Environment, Climate Change, Adaptation, Climate Related Disasters Frequency",,,,,,,,,,,,,,1.0,,,,,,1.0,,,,,,1.0,,,,,,,,,,,,,,,,,,
Lithuania,LT,LTU,"Climate related disasters frequency, Number of Disasters: TOTAL",Number of,"The Emergency Events Database (EM-DAT) , Centre for Research on the Epidemiology of Disasters (CRED) / Université catholique de Louvain (UCLouvain), Brussels, Belgium – www.emdat.be.",ECCD,Climate Related Disasters Frequency,"Environment, Climate Change, Adaptation, Climate Related Disasters Frequency",,,,,,,,,,,,,1.0,1.0,,,,,,2.0,,1.0,,,,2.0,1.0,,,,2.0,,2.0,,,,,,2.0,,,,,
Luxembourg,LU,LUX,"Climate related disasters frequency, Number of Disasters: Extreme temperature",Number of,"The Emergency Events Database (EM-DAT) , Centre for Research on the Epidemiology of Disasters (CRED) / Université catholique de Louvain (UCLouvain), Brussels, Belgium – www.emdat.be.",ECCD,Climate Related Disasters Frequency,"Environment, Climate Change, Adaptation, Climate Related Disasters Frequency",,,,,,,,,,,,,,,,,,,,,,,,1.0,,,,,,,,,,,,,,,,,,,,
Luxembourg,LU,LUX,"Climate related disasters frequency, Number of Disasters: Flood",Number of,"The Emergency Events Database (EM-DAT) , Centre for Research on the Epidemiology of Disasters (CRED) / Université catholique de Louvain (UCLouvain), Brussels, Belgium – www.emdat.be.",ECCD,Climate Related Disasters Frequency,"Environment, Climate Change, Adaptation, Climate Related Disasters Frequency",,,,1.0,,,,,,,,,,1.0,,,,,,,,,,,,,,,,,,,,,,,,,,,,1.0,,
Luxembourg,LU,LUX,"Climate related disasters frequency, Number of Disasters: Storm",Number of,"The Emergency Events Database (EM-DAT) , Centre for Research on the Epidemiology of Disasters (CRED) / Université catholique de Louvain (UCLouvain), Brussels, Belgium – www.emdat.be.",ECCD,Climate Related Disasters Frequency,"Environment, Climate Change, Adaptation, Climate Related Disasters Frequency",,,,,,,,,,,6.0,,,,,1.0,,,,,,,,,,,,,,,1.0,,,,,,,,,1.0,,,,
Luxembourg,LU,LUX,"Climate related disasters frequency, Number of Disasters: TOTAL",Number of,"The Emergency Events Database (EM-DAT) , Centre for Research on the Epidemiology of Disasters (CRED) / Université catholique de Louvain (UCLouvain), Brussels, Belgium – www.emdat.be.",ECCD,Climate Related Disasters Frequency,"Environment, Climate Change, Adaptation, Climate Related Disasters Frequency",,,,1.0,,,,,,,6.0,,,1.0,,1.0,,,,,,,,1.0,,,,,,,1.0,,,,,,,,,1.0,,1.0,,
"Madagascar, Rep. of",MG,MDG,"Climate related disasters frequency, Number of Disasters: Drought",Number of,"The Emergency Events Database (EM-DAT) , Centre for Research on the Epidemiology of Disasters (CRED) / Université catholique de Louvain (UCLouvain), Brussels, Belgium – www.emdat.be.",ECCD,Climate Related Disasters Frequency,"Environment, Climate Change, Adaptation, Climate Related Disasters Frequency",,1.0,,,,,,,1.0,,,,,,,,,,,,1.0,,1.0,,,1.0,,,1.0,,,,,,1.0,,1.0,1.0,,,1.0,,,
"Madagascar, Rep. of",MG,MDG,"Climate related disasters frequency, Number of Disasters: Flood",Number of,"The Emergency Events Database (EM-DAT) , Centre for Research on the Epidemiology of Disasters (CRED) / Université catholique de Louvain (UCLouvain), Brussels, Belgium – www.emdat.be.",ECCD,Climate Related Disasters Frequency,"Environment, Climate Change, Adaptation, Climate Related Disasters Frequency",,,,,,,1.0,,,,,,,,,,,,1.0,,,,,1.0,,2.0,,1.0,,,,,,,,1.0,,,,1.0,1.0,1.0,1.0,
"Madagascar, Rep. of",MG,MDG,"Climate related disasters frequency, Number of Disasters: Storm",Number of,"The Emergency Events Database (EM-DAT) , Centre for Research on the Epidemiology of Disasters (CRED) / Université catholique de Louvain (UCLouvain), Brussels, Belgium – www.emdat.be.",ECCD,Climate Related Disasters Frequency,"Environment, Climate Change, Adaptation, Climate Related Disasters Frequency",,1.0,1.0,1.0,1.0,,1.0,,,1.0,,1.0,,,3.0,,1.0,2.0,,,2.0,,3.0,3.0,2.0,1.0,2.0,3.0,3.0,3.0,1.0,1.0,3.0,2.0,1.0,2.0,,1.0,2.0,2.0,1.0,1.0,6.0,3.0
"Madagascar, Rep. of",MG,MDG,"Climate related disasters frequency, Number of Disasters: TOTAL",Number of,"The Emergency Events Database (EM-DAT) , Centre for Research on the Epidemiology of Disasters (CRED) / Université catholique de Louvain (UCLouvain), Brussels, Belgium – www.emdat.be.",ECCD,Climate Related Disasters Frequency,"Environment, Climate Change, Adaptation, Climate Related Disasters Frequency",,2.0,1.0,1.0,1.0,,2.0,,1.0,1.0,,1.0,,,3.0,,1.0,2.0,1.0,,3.0,,4.0,4.0,2.0,4.0,2.0,4.0,4.0,3.0,1.0,1.0,3.0,2.0,2.0,3.0,1.0,2.0,2.0,3.0,3.0,2.0,7.0,3.0
Malawi,MW,MWI,"Climate related disasters frequency, Number of Disasters: Drought",Number of,"The Emergency Events Database (EM-DAT) , Centre for Research on the Epidemiology of Disasters (CRED) / Université catholique de Louvain (UCLouvain), Brussels, Belgium – www.emdat.be.",ECCD,Climate Related Disasters Frequency,"Environment, Climate Change, Adaptation, Climate Related Disasters Frequency",,,,,,,,1.0,,,1.0,,1.0,,,,,,,,,,1.0,,,1.0,,1.0,,,,,1.0,,,1.0,,,,,,,1.0,
Malawi,MW,MWI,"Climate related disasters frequency, Number of Disasters: Flood",Number of,"The Emergency Events Database (EM-DAT) , Centre for Research on the Epidemiology of Disasters (CRED) / Université catholique de Louvain (UCLouvain), Brussels, Belgium – www.emdat.be.",ECCD,Climate Related Disasters Frequency,"Environment, Climate Change, Adaptation, Climate Related Disasters Frequency",,,1.0,,,,,,,1.0,,1.0,,,,2.0,,1.0,1.0,1.0,1.0,2.0,2.0,2.0,,1.0,2.0,4.0,1.0,,1.0,3.0,2.0,1.0,,1.0,1.0,1.0,3.0,2.0,1.0,,1.0,
Malawi,MW,MWI,"Climate related disasters frequency, Number of Disasters: Landslide",Number of,"The Emergency Events Database (EM-DAT) , Centre for Research on the Epidemiology of Disasters (CRED) / Université catholique de Louvain (UCLouvain), Brussels, Belgium – www.emdat.be.",ECCD,Climate Related Disasters Frequency,"Environment, Climate Change, Adaptation, Climate Related Disasters Frequency",,,,,,,,,,,,,,,,,,,,,,,,,,,,,,,,,,,,,,,,1.0,,,,
Malawi,MW,MWI,"Climate related disasters frequency, Number of Disasters: Storm",Number of,"The Emergency Events Database (EM-DAT) , Centre for Research on the Epidemiology of Disasters (CRED) / Université catholique de Louvain (UCLouvain), Brussels, Belgium – www.emdat.be.",ECCD,Climate Related Disasters Frequency,"Environment, Climate Change, Adaptation, Climate Related Disasters Frequency",,,,,,,,,,,,,,,,,,,,,,,,,,1.0,,,,,,,1.0,,,1.0,,,,,,1.0,2.0,2.0
Malawi,MW,MWI,"Climate related disasters frequency, Number of Disasters: TOTAL",Number of,"The Emergency Events Database (EM-DAT) , Centre for Research on the Epidemiology of Disasters (CRED) / Université catholique de Louvain (UCLouvain), Brussels, Belgium – www.emdat.be.",ECCD,Climate Related Disasters Frequency,"Environment, Climate Change, Adaptation, Climate Related Disasters Frequency",,,1.0,,,,,1.0,,1.0,1.0,1.0,1.0,,,2.0,,1.0,1.0,1.0,1.0,2.0,3.0,2.0,,3.0,2.0,5.0,1.0,,1.0,3.0,4.0,1.0,,3.0,1.0,1.0,3.0,3.0,1.0,1.0,4.0,2.0
Malaysia,MY,MYS,"Climate related disasters frequency, Number of Disasters: Drought",Number of,"The Emergency Events Database (EM-DAT) , Centre for Research on the Epidemiology of Disasters (CRED) / Université catholique de Louvain (UCLouvain), Brussels, Belgium – www.emdat.be.",ECCD,Climate Related Disasters Frequency,"Environment, Climate Change, Adaptation, Climate Related Disasters Frequency",,,,,,,,,,,,,,,,,,,1.0,,,,,,,,,,,,,,,,1.0,,,,,,,,,
Malaysia,MY,MYS,"Climate related disasters frequency, Number of Disasters: Flood",Number of,"The Emergency Events Database (EM-DAT) , Centre for Research on the Epidemiology of Disasters (CRED) / Université catholique de Louvain (UCLouvain), Brussels, Belgium – www.emdat.be.",ECCD,Climate Related Disasters Frequency,"Environment, Climate Change, Adaptation, Climate Related Disasters Frequency",,,,1.0,,,1.0,1.0,1.0,,,,,1.0,,,1.0,,1.0,1.0,1.0,4.0,,3.0,3.0,2.0,4.0,2.0,2.0,2.0,,1.0,,1.0,1.0,1.0,4.0,3.0,2.0,4.0,5.0,8.0,5.0,4.0
Malaysia,MY,MYS,"Climate related disasters frequency, Number of Disasters: Landslide",Number of,"The Emergency Events Database (EM-DAT) , Centre for Research on the Epidemiology of Disasters (CRED) / Université catholique de Louvain (UCLouvain), Brussels, Belgium – www.emdat.be.",ECCD,Climate Related Disasters Frequency,"Environment, Climate Change, Adaptation, Climate Related Disasters Frequency",,,,,,,,,,,,,,,,1.0,1.0,,,,,,1.0,,,,,,,,,1.0,,,,,,,,,,,1.0,
Malaysia,MY,MYS,"Climate related disasters frequency, Number of Disasters: Storm",Number of,"The Emergency Events Database (EM-DAT) , Centre for Research on the Epidemiology of Disasters (CRED) / Université catholique de Louvain (UCLouvain), Brussels, Belgium – www.emdat.be.",ECCD,Climate Related Disasters Frequency,"Environment, Climate Change, Adaptation, Climate Related Disasters Frequency",,,,,,,,,,,,,,,,,1.0,1.0,,,1.0,,1.0,,2.0,,,,,,,,,,,,,1.0,,,,,,
Malaysia,MY,MYS,"Climate related disasters frequency, Number of Disasters: TOTAL",Number of,"The Emergency Events Database (EM-DAT) , Centre for Research on the Epidemiology of Disasters (CRED) / Université catholique de Louvain (UCLouvain), Brussels, Belgium – www.emdat.be.",ECCD,Climate Related Disasters Frequency,"Environment, Climate Change, Adaptation, Climate Related Disasters Frequency",,,,1.0,,,1.0,1.0,1.0,,,,,1.0,,2.0,3.0,2.0,3.0,1.0,2.0,4.0,2.0,3.0,5.0,3.0,4.0,2.0,2.0,2.0,,2.0,,1.0,2.0,1.0,4.0,4.0,2.0,4.0,5.0,8.0,6.0,4.0
Malaysia,MY,MYS,"Climate related disasters frequency, Number of Disasters: Wildfire",Number of,"The Emergency Events Database (EM-DAT) , Centre for Research on the Epidemiology of Disasters (CRED) / Université catholique de Louvain (UCLouvain), Brussels, Belgium – www.emdat.be.",ECCD,Climate Related Disasters Frequency,"Environment, Climate Change, Adaptation, Climate Related Disasters Frequency",,,,,,,,,,,,,,,,1.0,,1.0,1.0,,,,,,,1.0,,,,,,,,,,,,,,,,,,
Maldives,MV,MDV,"Climate related disasters frequency, Number of Disasters: Flood",Number of,"The Emergency Events Database (EM-DAT) , Centre for Research on the Epidemiology of Disasters (CRED) / Université catholique de Louvain (UCLouvain), Brussels, Belgium – www.emdat.be.",ECCD,Climate Related Disasters Frequency,"Environment, Climate Change, Adaptation, Climate Related Disasters Frequency",,,,,,,,1.0,,,,,,,,,,,,,,,,,,,,1.0,,,,,,,,,,,,1.0,,,,
Maldives,MV,MDV,"Climate related disasters frequency, Number of Disasters: Storm",Number of,"The Emergency Events Database (EM-DAT) , Centre for Research on the Epidemiology of Disasters (CRED) / Université catholique de Louvain (UCLouvain), Brussels, Belgium – www.emdat.be.",ECCD,Climate Related Disasters Frequency,"Environment, Climate Change, Adaptation, Climate Related Disasters Frequency",,,,,,,,,,,,1.0,,,,,,,,,,,,,,,,,,,,,,,,,,,,,,1.0,,
Maldives,MV,MDV,"Climate related disasters frequency, Number of Disasters: TOTAL",Number of,"The Emergency Events Database (EM-DAT) , Centre for Research on the Epidemiology of Disasters (CRED) / Université catholique de Louvain (UCLouvain), Brussels, Belgium – www.emdat.be.",ECCD,Climate Related Disasters Frequency,"Environment, Climate Change, Adaptation, Climate Related Disasters Frequency",,,,,,,,1.0,,,,1.0,,,,,,,,,,,,,,,,1.0,,,,,,,,,,,,1.0,,1.0,,
Mali,ML,MLI,"Climate related disasters frequency, Number of Disasters: Drought",Number of,"The Emergency Events Database (EM-DAT) , Centre for Research on the Epidemiology of Disasters (CRED) / Université catholique de Louvain (UCLouvain), Brussels, Belgium – www.emdat.be.",ECCD,Climate Related Disasters Frequency,"Environment, Climate Change, Adaptation, Climate Related Disasters Frequency",1.0,,,,,,,,,,,1.0,,,,,,,,,,1.0,,,,1.0,1.0,,,,1.0,1.0,,,,,,,,,1.0,,1.0,
Mali,ML,MLI,"Climate related disasters frequency, Number of Disasters: Flood",Number of,"The Emergency Events Database (EM-DAT) , Centre for Research on the Epidemiology of Disasters (CRED) / Université catholique de Louvain (UCLouvain), Brussels, Belgium – www.emdat.be.",ECCD,Climate Related Disasters Frequency,"Environment, Climate Change, Adaptation, Climate Related Disasters Frequency",,,,,,,,,1.0,1.0,,,,,,,,,2.0,1.0,1.0,1.0,1.0,1.0,,2.0,1.0,2.0,1.0,1.0,2.0,1.0,,2.0,,1.0,1.0,,1.0,2.0,,,1.0,
Mali,ML,MLI,"Climate related disasters frequency, Number of Disasters: TOTAL",Number of,"The Emergency Events Database (EM-DAT) , Centre for Research on the Epidemiology of Disasters (CRED) / Université catholique de Louvain (UCLouvain), Brussels, Belgium – www.emdat.be.",ECCD,Climate Related Disasters Frequency,"Environment, Climate Change, Adaptation, Climate Related Disasters Frequency",1.0,,,,,,,,1.0,1.0,,1.0,,,,,,,2.0,1.0,1.0,2.0,1.0,1.0,,3.0,2.0,2.0,1.0,1.0,3.0,2.0,,2.0,,1.0,1.0,,1.0,2.0,1.0,,2.0,
"Marshall Islands, Rep. of the",MH,MHL,"Climate related disasters frequency, Number of Disasters: Drought",Number of,"The Emergency Events Database (EM-DAT) , Centre for Research on the Epidemiology of Disasters (CRED) / Université catholique de Louvain (UCLouvain), Brussels, Belgium – www.emdat.be.",ECCD,Climate Related Disasters Frequency,"Environment, Climate Change, Adaptation, Climate Related Disasters Frequency",,,,,,,,,,,,,,,,,,,,,,,,,,,,,,,,,,1.0,,1.0,,,,,,,1.0,
"Marshall Islands, Rep. of the",MH,MHL,"Climate related disasters frequency, Number of Disasters: Flood",Number of,"The Emergency Events Database (EM-DAT) , Centre for Research on the Epidemiology of Disasters (CRED) / Université catholique de Louvain (UCLouvain), Brussels, Belgium – www.emdat.be.",ECCD,Climate Related Disasters Frequency,"Environment, Climate Change, Adaptation, Climate Related Disasters Frequency",,,,,,,,,,,,,,,,,,,,,,,,,,,,,1.0,,,,,,1.0,,,,,,,,,
"Marshall Islands, Rep. of the",MH,MHL,"Climate related disasters frequency, Number of Disasters: Storm",Number of,"The Emergency Events Database (EM-DAT) , Centre for Research on the Epidemiology of Disasters (CRED) / Université catholique de Louvain (UCLouvain), Brussels, Belgium – www.emdat.be.",ECCD,Climate Related Disasters Frequency,"Environment, Climate Change, Adaptation, Climate Related Disasters Frequency",,,,,,,,,,,,1.0,,,,,,,,,,,,,,,,,,,,,,,,,,,1.0,,,,,
"Marshall Islands, Rep. of the",MH,MHL,"Climate related disasters frequency, Number of Disasters: TOTAL",Number of,"The Emergency Events Database (EM-DAT) , Centre for Research on the Epidemiology of Disasters (CRED) / Université catholique de Louvain (UCLouvain), Brussels, Belgium – www.emdat.be.",ECCD,Climate Related Disasters Frequency,"Environment, Climate Change, Adaptation, Climate Related Disasters Frequency",,,,,,,,,,,,1.0,,,,,,,,,,,,,,,,,1.0,,,,,1.0,1.0,1.0,,,1.0,,,,1.0,
"Mauritania, Islamic Rep. of",MR,MRT,"Climate related disasters frequency, Number of Disasters: Drought",Number of,"The Emergency Events Database (EM-DAT) , Centre for Research on the Epidemiology of Disasters (CRED) / Université catholique de Louvain (UCLouvain), Brussels, Belgium – www.emdat.be.",ECCD,Climate Related Disasters Frequency,"Environment, Climate Change, Adaptation, Climate Related Disasters Frequency",1.0,,,,,,,,,,,,,1.0,,,,1.0,,,,1.0,,,,,,,,,1.0,1.0,,,,,,1.0,1.0,,1.0,,,
"Mauritania, Islamic Rep. of",MR,MRT,"Climate related disasters frequency, Number of Disasters: Flood",Number of,"The Emergency Events Database (EM-DAT) , Centre for Research on the Epidemiology of Disasters (CRED) / Université catholique de Louvain (UCLouvain), Brussels, Belgium – www.emdat.be.",ECCD,Climate Related Disasters Frequency,"Environment, Climate Change, Adaptation, Climate Related Disasters Frequency",,,,,1.0,1.0,,,,,,,,,,1.0,,,,2.0,,1.0,1.0,1.0,,1.0,2.0,2.0,,1.0,1.0,,,1.0,,,,,,1.0,2.0,,1.0,1.0
"Mauritania, Islamic Rep. of",MR,MRT,"Climate related disasters frequency, Number of Disasters: Storm",Number of,"The Emergency Events Database (EM-DAT) , Centre for Research on the Epidemiology of Disasters (CRED) / Université catholique de Louvain (UCLouvain), Brussels, Belgium – www.emdat.be.",ECCD,Climate Related Disasters Frequency,"Environment, Climate Change, Adaptation, Climate Related Disasters Frequency",,,,,,,,,,,,1.0,,,,,,,,1.0,,,,,,,,,,,,,,,,,,1.0,,,,,,
"Mauritania, Islamic Rep. of",MR,MRT,"Climate related disasters frequency, Number of Disasters: TOTAL",Number of,"The Emergency Events Database (EM-DAT) , Centre for Research on the Epidemiology of Disasters (CRED) / Université catholique de Louvain (UCLouvain), Brussels, Belgium – www.emdat.be.",ECCD,Climate Related Disasters Frequency,"Environment, Climate Change, Adaptation, Climate Related Disasters Frequency",1.0,,,,1.0,1.0,,,,,,1.0,,1.0,,1.0,,1.0,,3.0,,2.0,1.0,1.0,,1.0,2.0,2.0,,1.0,2.0,1.0,,1.0,,,,2.0,1.0,1.0,3.0,,1.0,1.0
Mauritius,MU,MUS,"Climate related disasters frequency, Number of Disasters: Drought",Number of,"The Emergency Events Database (EM-DAT) , Centre for Research on the Epidemiology of Disasters (CRED) / Université catholique de Louvain (UCLouvain), Brussels, Belgium – www.emdat.be.",ECCD,Climate Related Disasters Frequency,"Environment, Climate Change, Adaptation, Climate Related Disasters Frequency",,,,,,,,,,,,,,,,,,,,1.0,,,,,,,,,,,,,,,,,,,,,,,,
Mauritius,MU,MUS,"Climate related disasters frequency, Number of Disasters: Flood",Number of,"The Emergency Events Database (EM-DAT) , Centre for Research on the Epidemiology of Disasters (CRED) / Université catholique de Louvain (UCLouvain), Brussels, Belgium – www.emdat.be.",ECCD,Climate Related Disasters Frequency,"Environment, Climate Change, Adaptation, Climate Related Disasters Frequency",,,,,,,,,,,,,,,,,,,,,,,,,,,,,,,,,,1.0,,,,,,,,,,
Mauritius,MU,MUS,"Climate related disasters frequency, Number of Disasters: Storm",Number of,"The Emergency Events Database (EM-DAT) , Centre for Research on the Epidemiology of Disasters (CRED) / Université catholique de Louvain (UCLouvain), Brussels, Belgium – www.emdat.be.",ECCD,Climate Related Disasters Frequency,"Environment, Climate Change, Adaptation, Climate Related Disasters Frequency",,,2.0,1.0,,,,,,1.0,,1.0,,,1.0,,1.0,,,1.0,,,1.0,,,,,1.0,,,,,,,,,,,1.0,,,,1.0,2.0
Mauritius,MU,MUS,"Climate related disasters frequency, Number of Disasters: TOTAL",Number of,"The Emergency Events Database (EM-DAT) , Centre for Research on the Epidemiology of Disasters (CRED) / Université catholique de Louvain (UCLouvain), Brussels, Belgium – www.emdat.be.",ECCD,Climate Related Disasters Frequency,"Environment, Climate Change, Adaptation, Climate Related Disasters Frequency",,,2.0,1.0,,,,,,1.0,,1.0,,,1.0,,1.0,,,2.0,,,1.0,,,,,1.0,,,,,,1.0,,,,,1.0,,,,1.0,2.0
Mexico,MX,MEX,"Climate related disasters frequency, Number of Disasters: Drought",Number of,"The Emergency Events Database (EM-DAT) , Centre for Research on the Epidemiology of Disasters (CRED) / Université catholique de Louvain (UCLouvain), Brussels, Belgium – www.emdat.be.",ECCD,Climate Related Disasters Frequency,"Environment, Climate Change, Adaptation, Climate Related Disasters Frequency",,,,,,,,,1.0,,,,,,,1.0,1.0,,,1.0,,,1.0,,,,,,,,,1.0,,,,,,,,,,,,
Mexico,MX,MEX,"Climate related disasters frequency, Number of Disasters: Extreme temperature",Number of,"The Emergency Events Database (EM-DAT) , Centre for Research on the Epidemiology of Disasters (CRED) / Université catholique de Louvain (UCLouvain), Brussels, Belgium – www.emdat.be.",ECCD,Climate Related Disasters Frequency,"Environment, Climate Change, Adaptation, Climate Related Disasters Frequency",,,,,,,,,1.0,,1.0,,2.0,,,1.0,,2.0,1.0,1.0,1.0,,1.0,1.0,1.0,,1.0,,,,,1.0,,,,,,,,,,,,
Mexico,MX,MEX,"Climate related disasters frequency, Number of Disasters: Flood",Number of,"The Emergency Events Database (EM-DAT) , Centre for Research on the Epidemiology of Disasters (CRED) / Université catholique de Louvain (UCLouvain), Brussels, Belgium – www.emdat.be.",ECCD,Climate Related Disasters Frequency,"Environment, Climate Change, Adaptation, Climate Related Disasters Frequency",2.0,,2.0,,1.0,,1.0,2.0,,1.0,1.0,2.0,,2.0,,,1.0,,2.0,4.0,3.0,1.0,2.0,3.0,2.0,3.0,1.0,2.0,1.0,5.0,2.0,3.0,,1.0,,1.0,5.0,1.0,1.0,3.0,2.0,3.0,2.0,1.0
Mexico,MX,MEX,"Climate related disasters frequency, Number of Disasters: Landslide",Number of,"The Emergency Events Database (EM-DAT) , Centre for Research on the Epidemiology of Disasters (CRED) / Université catholique de Louvain (UCLouvain), Brussels, Belgium – www.emdat.be.",ECCD,Climate Related Disasters Frequency,"Environment, Climate Change, Adaptation, Climate Related Disasters Frequency",,,,1.0,,,,,,,,,,,,,,1.0,1.0,,,,,1.0,,,2.0,1.0,1.0,,2.0,,,,,,,,,,,,,
Mexico,MX,MEX,"Climate related disasters frequency, Number of Disasters: Storm",Number of,"The Emergency Events Database (EM-DAT) , Centre for Research on the Epidemiology of Disasters (CRED) / Université catholique de Louvain (UCLouvain), Brussels, Belgium – www.emdat.be.",ECCD,Climate Related Disasters Frequency,"Environment, Climate Change, Adaptation, Climate Related Disasters Frequency",,1.0,1.0,2.0,1.0,,,,3.0,,1.0,1.0,1.0,5.0,,5.0,4.0,3.0,4.0,1.0,2.0,5.0,3.0,2.0,,4.0,3.0,4.0,1.0,2.0,4.0,5.0,2.0,4.0,6.0,3.0,2.0,4.0,2.0,3.0,5.0,7.0,3.0,1.0
Mexico,MX,MEX,"Climate related disasters frequency, Number of Disasters: TOTAL",Number of,"The Emergency Events Database (EM-DAT) , Centre for Research on the Epidemiology of Disasters (CRED) / Université catholique de Louvain (UCLouvain), Brussels, Belgium – www.emdat.be.",ECCD,Climate Related Disasters Frequency,"Environment, Climate Change, Adaptation, Climate Related Disasters Frequency",2.0,1.0,3.0,3.0,2.0,,1.0,2.0,5.0,2.0,3.0,3.0,3.0,7.0,,7.0,6.0,6.0,9.0,7.0,6.0,6.0,7.0,8.0,3.0,7.0,7.0,7.0,3.0,7.0,8.0,11.0,2.0,5.0,6.0,4.0,7.0,5.0,3.0,6.0,7.0,10.0,5.0,2.0
Mexico,MX,MEX,"Climate related disasters frequency, Number of Disasters: Wildfire",Number of,"The Emergency Events Database (EM-DAT) , Centre for Research on the Epidemiology of Disasters (CRED) / Université catholique de Louvain (UCLouvain), Brussels, Belgium – www.emdat.be.",ECCD,Climate Related Disasters Frequency,"Environment, Climate Change, Adaptation, Climate Related Disasters Frequency",,,,,,,,,,1.0,,,,,,,,,1.0,,,,,1.0,,,,,,,,1.0,,,,,,,,,,,,
"Micronesia, Federated States of",FM,FSM,"Climate related disasters frequency, Number of Disasters: Drought",Number of,"The Emergency Events Database (EM-DAT) , Centre for Research on the Epidemiology of Disasters (CRED) / Université catholique de Louvain (UCLouvain), Brussels, Belgium – www.emdat.be.",ECCD,Climate Related Disasters Frequency,"Environment, Climate Change, Adaptation, Climate Related Disasters Frequency",,,,,,,,,,,,,,,,,,,1.0,,,,,,,,,,,,,,,,,,1.0,,,,,,,1.0
"Micronesia, Federated States of",FM,FSM,"Climate related disasters frequency, Number of Disasters: Flood",Number of,"The Emergency Events Database (EM-DAT) , Centre for Research on the Epidemiology of Disasters (CRED) / Université catholique de Louvain (UCLouvain), Brussels, Belgium – www.emdat.be.",ECCD,Climate Related Disasters Frequency,"Environment, Climate Change, Adaptation, Climate Related Disasters Frequency",,,,,,,,,,,,,,,,,,,,,,,,,,,,,1.0,,,,,,,,,,,,,,,
"Micronesia, Federated States of",FM,FSM,"Climate related disasters frequency, Number of Disasters: Storm",Number of,"The Emergency Events Database (EM-DAT) , Centre for Research on the Epidemiology of Disasters (CRED) / Université catholique de Louvain (UCLouvain), Brussels, Belgium – www.emdat.be.",ECCD,Climate Related Disasters Frequency,"Environment, Climate Change, Adaptation, Climate Related Disasters Frequency",,,,,,,,1.0,,,,,,,,,,,,,,,2.0,1.0,1.0,,,,,,,,,,,1.0,,,,1.0,,,,
"Micronesia, Federated States of",FM,FSM,"Climate related disasters frequency, Number of Disasters: TOTAL",Number of,"The Emergency Events Database (EM-DAT) , Centre for Research on the Epidemiology of Disasters (CRED) / Université catholique de Louvain (UCLouvain), Brussels, Belgium – www.emdat.be.",ECCD,Climate Related Disasters Frequency,"Environment, Climate Change, Adaptation, Climate Related Disasters Frequency",,,,,,,,1.0,,,,,,,,,,,1.0,,,,2.0,1.0,1.0,,,,1.0,,,,,,,1.0,1.0,,,1.0,,,,1.0
"Moldova, Rep. of",MD,MDA,"Climate related disasters frequency, Number of Disasters: Drought",Number of,"The Emergency Events Database (EM-DAT) , Centre for Research on the Epidemiology of Disasters (CRED) / Université catholique de Louvain (UCLouvain), Brussels, Belgium – www.emdat.be.",ECCD,Climate Related Disasters Frequency,"Environment, Climate Change, Adaptation, Climate Related Disasters Frequency",,,,,,,,,,,,,,,,,,,,,1.0,,,,,,,1.0,,,,,1.0,,,,,,,,,,,
"Moldova, Rep. of",MD,MDA,"Climate related disasters frequency, Number of Disasters: Extreme temperature",Number of,"The Emergency Events Database (EM-DAT) , Centre for Research on the Epidemiology of Disasters (CRED) / Université catholique de Louvain (UCLouvain), Brussels, Belgium – www.emdat.be.",ECCD,Climate Related Disasters Frequency,"Environment, Climate Change, Adaptation, Climate Related Disasters Frequency",,,,,,,,,,,,,,,,,,,,,,,,,,1.0,,,,,,,1.0,,,,,,,1.0,,,,
"Moldova, Rep. of",MD,MDA,"Climate related disasters frequency, Number of Disasters: Flood",Number of,"The Emergency Events Database (EM-DAT) , Centre for Research on the Epidemiology of Disasters (CRED) / Université catholique de Louvain (UCLouvain), Brussels, Belgium – www.emdat.be.",ECCD,Climate Related Disasters Frequency,"Environment, Climate Change, Adaptation, Climate Related Disasters Frequency",,,,,,,,,,,,,,,1.0,,,1.0,,1.0,,,1.0,,,1.0,,,1.0,,1.0,,,,,,,,,,,,,
"Moldova, Rep. of",MD,MDA,"Climate related disasters frequency, Number of Disasters: Storm",Number of,"The Emergency Events Database (EM-DAT) , Centre for Research on the Epidemiology of Disasters (CRED) / Université catholique de Louvain (UCLouvain), Brussels, Belgium – www.emdat.be.",ECCD,Climate Related Disasters Frequency,"Environment, Climate Change, Adaptation, Climate Related Disasters Frequency",,,,,,,,,,,,,,,1.0,,,,,,1.0,,,,,,,,,,,,,,,,,,,,,,,1.0
"Moldova, Rep. of",MD,MDA,"Climate related disasters frequency, Number of Disasters: TOTAL",Number of,"The Emergency Events Database (EM-DAT) , Centre for Research on the Epidemiology of Disasters (CRED) / Université catholique de Louvain (UCLouvain), Brussels, Belgium – www.emdat.be.",ECCD,Climate Related Disasters Frequency,"Environment, Climate Change, Adaptation, Climate Related Disasters Frequency",,,,,,,,,,,,,,,2.0,,,1.0,,1.0,2.0,,1.0,,,2.0,,1.0,1.0,,1.0,,2.0,,,,,,,1.0,,,,1.0
Mongolia,MN,MNG,"Climate related disasters frequency, Number of Disasters: Drought",Number of,"The Emergency Events Database (EM-DAT) , Centre for Research on the Epidemiology of Disasters (CRED) / Université catholique de Louvain (UCLouvain), Brussels, Belgium – www.emdat.be.",ECCD,Climate Related Disasters Frequency,"Environment, Climate Change, Adaptation, Climate Related Disasters Frequency",,,,,,,,,,,,,,,,,,,,,1.0,,,,,,,,,,,,,,,,,,,,,,,
Mongolia,MN,MNG,"Climate related disasters frequency, Number of Disasters: Extreme temperature",Number of,"The Emergency Events Database (EM-DAT) , Centre for Research on the Epidemiology of Disasters (CRED) / Université catholique de Louvain (UCLouvain), Brussels, Belgium – www.emdat.be.",ECCD,Climate Related Disasters Frequency,"Environment, Climate Change, Adaptation, Climate Related Disasters Frequency",,,,,,,,,,,,,,,,,,,,,,,,,,,,,,1.0,,,,,,1.0,1.0,,1.0,1.0,,,1.0,1.0
Mongolia,MN,MNG,"Climate related disasters frequency, Number of Disasters: Flood",Number of,"The Emergency Events Database (EM-DAT) , Centre for Research on the Epidemiology of Disasters (CRED) / Université catholique de Louvain (UCLouvain), Brussels, Belgium – www.emdat.be.",ECCD,Climate Related Disasters Frequency,"Environment, Climate Change, Adaptation, Climate Related Disasters Frequency",,,1.0,,,,,,,,,,,,1.0,,1.0,,,,,,,1.0,,,,,,1.0,,,,,,,,,1.0,1.0,3.0,1.0,1.0,2.0
Mongolia,MN,MNG,"Climate related disasters frequency, Number of Disasters: Landslide",Number of,"The Emergency Events Database (EM-DAT) , Centre for Research on the Epidemiology of Disasters (CRED) / Université catholique de Louvain (UCLouvain), Brussels, Belgium – www.emdat.be.",ECCD,Climate Related Disasters Frequency,"Environment, Climate Change, Adaptation, Climate Related Disasters Frequency",,,,,,,,,,,,,,,,,,,,,,,,,,,,,,,,,,,,,,1.0,,,,,,
Mongolia,MN,MNG,"Climate related disasters frequency, Number of Disasters: Storm",Number of,"The Emergency Events Database (EM-DAT) , Centre for Research on the Epidemiology of Disasters (CRED) / Université catholique de Louvain (UCLouvain), Brussels, Belgium – www.emdat.be.",ECCD,Climate Related Disasters Frequency,"Environment, Climate Change, Adaptation, Climate Related Disasters Frequency",,,,,,,,,,,1.0,1.0,,1.0,,,,,,,2.0,1.0,2.0,,,,,,1.0,,,,,,,,,,1.0,1.0,1.0,1.0,,1.0
Mongolia,MN,MNG,"Climate related disasters frequency, Number of Disasters: TOTAL",Number of,"The Emergency Events Database (EM-DAT) , Centre for Research on the Epidemiology of Disasters (CRED) / Université catholique de Louvain (UCLouvain), Brussels, Belgium – www.emdat.be.",ECCD,Climate Related Disasters Frequency,"Environment, Climate Change, Adaptation, Climate Related Disasters Frequency",,,1.0,,,,1.0,,,,2.0,1.0,,1.0,1.0,,2.0,,,,3.0,1.0,2.0,1.0,,,,,1.0,2.0,,,,,,1.0,1.0,1.0,3.0,3.0,4.0,2.0,2.0,4.0
Mongolia,MN,MNG,"Climate related disasters frequency, Number of Disasters: Wildfire",Number of,"The Emergency Events Database (EM-DAT) , Centre for Research on the Epidemiology of Disasters (CRED) / Université catholique de Louvain (UCLouvain), Brussels, Belgium – www.emdat.be.",ECCD,Climate Related Disasters Frequency,"Environment, Climate Change, Adaptation, Climate Related Disasters Frequency",,,,,,,1.0,,,,1.0,,,,,,1.0,,,,,,,,,,,,,,,,,,,,,,,,,,,
Montenegro,ME,MNE,"Climate related disasters frequency, Number of Disasters: Extreme temperature",Number of,"The Emergency Events Database (EM-DAT) , Centre for Research on the Epidemiology of Disasters (CRED) / Université catholique de Louvain (UCLouvain), Brussels, Belgium – www.emdat.be.",ECCD,Climate Related Disasters Frequency,"Environment, Climate Change, Adaptation, Climate Related Disasters Frequency",,,,,,,,,,,,,,,,,,,,,,,,,,,,,,,,,1.0,,,,,,,,,,,
Montenegro,ME,MNE,"Climate related disasters frequency, Number of Disasters: Flood",Number of,"The Emergency Events Database (EM-DAT) , Centre for Research on the Epidemiology of Disasters (CRED) / Université catholique de Louvain (UCLouvain), Brussels, Belgium – www.emdat.be.",ECCD,Climate Related Disasters Frequency,"Environment, Climate Change, Adaptation, Climate Related Disasters Frequency",,,,,,,,,,,,,,,,,,,,,,,,,,,,1.0,,1.0,2.0,,,,,,,,,,,,,
Montenegro,ME,MNE,"Climate related disasters frequency, Number of Disasters: TOTAL",Number of,"The Emergency Events Database (EM-DAT) , Centre for Research on the Epidemiology of Disasters (CRED) / Université catholique de Louvain (UCLouvain), Brussels, Belgium – www.emdat.be.",ECCD,Climate Related Disasters Frequency,"Environment, Climate Change, Adaptation, Climate Related Disasters Frequency",,,,,,,,,,,,,,,,,,,,,,,,,,,,1.0,,1.0,2.0,,1.0,,,,,1.0,,,,,,
Montenegro,ME,MNE,"Climate related disasters frequency, Number of Disasters: Wildfire",Number of,"The Emergency Events Database (EM-DAT) , Centre for Research on the Epidemiology of Disasters (CRED) / Université catholique de Louvain (UCLouvain), Brussels, Belgium – www.emdat.be.",ECCD,Climate Related Disasters Frequency,"Environment, Climate Change, Adaptation, Climate Related Disasters Frequency",,,,,,,,,,,,,,,,,,,,,,,,,,,,,,,,,,,,,,1.0,,,,,,
Montserrat,MS,MSR,"Climate related disasters frequency, Number of Disasters: Storm",Number of,"The Emergency Events Database (EM-DAT) , Centre for Research on the Epidemiology of Disasters (CRED) / Université catholique de Louvain (UCLouvain), Brussels, Belgium – www.emdat.be.",ECCD,Climate Related Disasters Frequency,"Environment, Climate Change, Adaptation, Climate Related Disasters Frequency",,,,,,,,,,1.0,1.0,,,,,1.0,,,,,,,,,,,,,,,,,,,,,,,,,,,,
Montserrat,MS,MSR,"Climate related disasters frequency, Number of Disasters: TOTAL",Number of,"The Emergency Events Database (EM-DAT) , Centre for Research on the Epidemiology of Disasters (CRED) / Université catholique de Louvain (UCLouvain), Brussels, Belgium – www.emdat.be.",ECCD,Climate Related Disasters Frequency,"Environment, Climate Change, Adaptation, Climate Related Disasters Frequency",,,,,,,,,,1.0,1.0,,,,,1.0,,,,,,,,,,,,,,,,,,,,,,,,,,,,
Morocco,MA,MAR,"Climate related disasters frequency, Number of Disasters: Drought",Number of,"The Emergency Events Database (EM-DAT) , Centre for Research on the Epidemiology of Disasters (CRED) / Université catholique de Louvain (UCLouvain), Brussels, Belgium – www.emdat.be.",ECCD,Climate Related Disasters Frequency,"Environment, Climate Change, Adaptation, Climate Related Disasters Frequency",,,,1.0,1.0,,,,,,,,,,,,,,,1.0,,,,,,,,,,,,,,,,,,,,,,,,
Morocco,MA,MAR,"Climate related disasters frequency, Number of Disasters: Extreme temperature",Number of,"The Emergency Events Database (EM-DAT) , Centre for Research on the Epidemiology of Disasters (CRED) / Université catholique de Louvain (UCLouvain), Brussels, Belgium – www.emdat.be.",ECCD,Climate Related Disasters Frequency,"Environment, Climate Change, Adaptation, Climate Related Disasters Frequency",,,,,,,,,,,,,,,,,,,,,1.0,,,,,,,,,,,,1.0,,,,1.0,2.0,1.0,,,,,
Morocco,MA,MAR,"Climate related disasters frequency, Number of Disasters: Flood",Number of,"The Emergency Events Database (EM-DAT) , Centre for Research on the Epidemiology of Disasters (CRED) / Université catholique de Louvain (UCLouvain), Brussels, Belgium – www.emdat.be.",ECCD,Climate Related Disasters Frequency,"Environment, Climate Change, Adaptation, Climate Related Disasters Frequency",,,,,,,,,,,,,,,,3.0,1.0,1.0,,,2.0,1.0,1.0,1.0,,,3.0,,2.0,2.0,2.0,,,,1.0,,,,,2.0,,2.0,,
Morocco,MA,MAR,"Climate related disasters frequency, Number of Disasters: Landslide",Number of,"The Emergency Events Database (EM-DAT) , Centre for Research on the Epidemiology of Disasters (CRED) / Université catholique de Louvain (UCLouvain), Brussels, Belgium – www.emdat.be.",ECCD,Climate Related Disasters Frequency,"Environment, Climate Change, Adaptation, Climate Related Disasters Frequency",,,1.0,,,,,,,,,,,,,,,,,,,,,,,,,,,,,,,,,,,,,1.0,,,,
Morocco,MA,MAR,"Climate related disasters frequency, Number of Disasters: Storm",Number of,"The Emergency Events Database (EM-DAT) , Centre for Research on the Epidemiology of Disasters (CRED) / Université catholique de Louvain (UCLouvain), Brussels, Belgium – www.emdat.be.",ECCD,Climate Related Disasters Frequency,"Environment, Climate Change, Adaptation, Climate Related Disasters Frequency",,,,,,,,,,,,,,,,,1.0,,,,,,,,,1.0,,,,,,,,,2.0,,,,,,,,,
Morocco,MA,MAR,"Climate related disasters frequency, Number of Disasters: TOTAL",Number of,"The Emergency Events Database (EM-DAT) , Centre for Research on the Epidemiology of Disasters (CRED) / Université catholique de Louvain (UCLouvain), Brussels, Belgium – www.emdat.be.",ECCD,Climate Related Disasters Frequency,"Environment, Climate Change, Adaptation, Climate Related Disasters Frequency",,,1.0,1.0,1.0,,,,,,,,,,,3.0,2.0,1.0,,1.0,3.0,1.0,1.0,1.0,,1.0,3.0,,2.0,2.0,2.0,,1.0,,3.0,,1.0,2.0,1.0,3.0,,2.0,,
"Mozambique, Rep. of",MZ,MOZ,"Climate related disasters frequency, Number of Disasters: Drought",Number of,"The Emergency Events Database (EM-DAT) , Centre for Research on the Epidemiology of Disasters (CRED) / Université catholique de Louvain (UCLouvain), Brussels, Belgium – www.emdat.be.",ECCD,Climate Related Disasters Frequency,"Environment, Climate Change, Adaptation, Climate Related Disasters Frequency",,1.0,,,,,,1.0,,,1.0,,,,,,,,1.0,,,2.0,,1.0,,1.0,,1.0,1.0,,1.0,,,,,,1.0,,,,1.0,1.0,,
"Mozambique, Rep. of",MZ,MOZ,"Climate related disasters frequency, Number of Disasters: Flood",Number of,"The Emergency Events Database (EM-DAT) , Centre for Research on the Epidemiology of Disasters (CRED) / Université catholique de Louvain (UCLouvain), Brussels, Belgium – www.emdat.be.",ECCD,Climate Related Disasters Frequency,"Environment, Climate Change, Adaptation, Climate Related Disasters Frequency",,1.0,,,,1.0,,,,1.0,,,,,,,,1.0,,1.0,1.0,2.0,1.0,3.0,,2.0,,4.0,1.0,1.0,1.0,2.0,,1.0,2.0,1.0,2.0,,1.0,3.0,2.0,1.0,1.0,2.0
"Mozambique, Rep. of",MZ,MOZ,"Climate related disasters frequency, Number of Disasters: Landslide",Number of,"The Emergency Events Database (EM-DAT) , Centre for Research on the Epidemiology of Disasters (CRED) / Université catholique de Louvain (UCLouvain), Brussels, Belgium – www.emdat.be.",ECCD,Climate Related Disasters Frequency,"Environment, Climate Change, Adaptation, Climate Related Disasters Frequency",,,,,,,,,,,,,,,,,,,1.0,,,,,,,,,,,,,,,,,,,,1.0,,,,,
"Mozambique, Rep. of",MZ,MOZ,"Climate related disasters frequency, Number of Disasters: Storm",Number of,"The Emergency Events Database (EM-DAT) , Centre for Research on the Epidemiology of Disasters (CRED) / Université catholique de Louvain (UCLouvain), Brussels, Belgium – www.emdat.be.",ECCD,Climate Related Disasters Frequency,"Environment, Climate Change, Adaptation, Climate Related Disasters Frequency",,,,,1.0,1.0,,,1.0,,,,,,1.0,,1.0,1.0,,,4.0,,1.0,1.0,,,,1.0,1.0,1.0,,1.0,3.0,,,,1.0,1.0,,2.0,,1.0,3.0,2.0
"Mozambique, Rep. of",MZ,MOZ,"Climate related disasters frequency, Number of Disasters: TOTAL",Number of,"The Emergency Events Database (EM-DAT) , Centre for Research on the Epidemiology of Disasters (CRED) / Université catholique de Louvain (UCLouvain), Brussels, Belgium – www.emdat.be.",ECCD,Climate Related Disasters Frequency,"Environment, Climate Change, Adaptation, Climate Related Disasters Frequency",,2.0,,,1.0,2.0,,1.0,1.0,1.0,1.0,,,,1.0,,1.0,2.0,2.0,1.0,5.0,4.0,2.0,5.0,,3.0,,6.0,4.0,2.0,2.0,3.0,3.0,1.0,2.0,1.0,4.0,1.0,2.0,5.0,3.0,3.0,4.0,4.0
"Mozambique, Rep. of",MZ,MOZ,"Climate related disasters frequency, Number of Disasters: Wildfire",Number of,"The Emergency Events Database (EM-DAT) , Centre for Research on the Epidemiology of Disasters (CRED) / Université catholique de Louvain (UCLouvain), Brussels, Belgium – www.emdat.be.",ECCD,Climate Related Disasters Frequency,"Environment, Climate Change, Adaptation, Climate Related Disasters Frequency",,,,,,,,,,,,,,,,,,,,,,,,,,,,,1.0,,,,,,,,,,,,,,,
Myanmar,MM,MMR,"Climate related disasters frequency, Number of Disasters: Flood",Number of,"The Emergency Events Database (EM-DAT) , Centre for Research on the Epidemiology of Disasters (CRED) / Université catholique de Louvain (UCLouvain), Brussels, Belgium – www.emdat.be.",ECCD,Climate Related Disasters Frequency,"Environment, Climate Change, Adaptation, Climate Related Disasters Frequency",,,,,,,,,,,,1.0,1.0,,,1.0,,1.0,,1.0,,1.0,1.0,,,,1.0,4.0,,,,1.0,1.0,1.0,2.0,3.0,2.0,1.0,3.0,2.0,1.0,1.0,,2.0
Myanmar,MM,MMR,"Climate related disasters frequency, Number of Disasters: Landslide",Number of,"The Emergency Events Database (EM-DAT) , Centre for Research on the Epidemiology of Disasters (CRED) / Université catholique de Louvain (UCLouvain), Brussels, Belgium – www.emdat.be.",ECCD,Climate Related Disasters Frequency,"Environment, Climate Change, Adaptation, Climate Related Disasters Frequency",,,,,,,,,,,,,,,,,,,,,,,,,,1.0,,,,1.0,1.0,,,1.0,,2.0,1.0,,1.0,1.0,1.0,,,
Myanmar,MM,MMR,"Climate related disasters frequency, Number of Disasters: Storm",Number of,"The Emergency Events Database (EM-DAT) , Centre for Research on the Epidemiology of Disasters (CRED) / Université catholique de Louvain (UCLouvain), Brussels, Belgium – www.emdat.be.",ECCD,Climate Related Disasters Frequency,"Environment, Climate Change, Adaptation, Climate Related Disasters Frequency",,,1.0,,,,,,,,,,,,1.0,,,,,,,,,,1.0,,1.0,,1.0,,1.0,,,,,1.0,2.0,1.0,,,,,,2.0
Myanmar,MM,MMR,"Climate related disasters frequency, Number of Disasters: TOTAL",Number of,"The Emergency Events Database (EM-DAT) , Centre for Research on the Epidemiology of Disasters (CRED) / Université catholique de Louvain (UCLouvain), Brussels, Belgium – www.emdat.be.",ECCD,Climate Related Disasters Frequency,"Environment, Climate Change, Adaptation, Climate Related Disasters Frequency",,1.0,1.0,,,,,,,,,1.0,1.0,,1.0,1.0,,1.0,,1.0,,1.0,1.0,,1.0,1.0,2.0,4.0,1.0,1.0,2.0,1.0,1.0,2.0,2.0,6.0,5.0,2.0,4.0,3.0,2.0,1.0,,4.0
Myanmar,MM,MMR,"Climate related disasters frequency, Number of Disasters: Wildfire",Number of,"The Emergency Events Database (EM-DAT) , Centre for Research on the Epidemiology of Disasters (CRED) / Université catholique de Louvain (UCLouvain), Brussels, Belgium – www.emdat.be.",ECCD,Climate Related Disasters Frequency,"Environment, Climate Change, Adaptation, Climate Related Disasters Frequency",,1.0,,,,,,,,,,,,,,,,,,,,,,,,,,,,,,,,,,,,,,,,,,
Namibia,NA,NAM,"Climate related disasters frequency, Number of Disasters: Drought",Number of,"The Emergency Events Database (EM-DAT) , Centre for Research on the Epidemiology of Disasters (CRED) / Université catholique de Louvain (UCLouvain), Brussels, Belgium – www.emdat.be.",ECCD,Climate Related Disasters Frequency,"Environment, Climate Change, Adaptation, Climate Related Disasters Frequency",,1.0,,,,,,,,,1.0,,,,,1.0,,,1.0,,,1.0,1.0,,,,,,,,,,,1.0,,1.0,,,1.0,,,,,
Namibia,NA,NAM,"Climate related disasters frequency, Number of Disasters: Flood",Number of,"The Emergency Events Database (EM-DAT) , Centre for Research on the Epidemiology of Disasters (CRED) / Université catholique de Louvain (UCLouvain), Brussels, Belgium – www.emdat.be.",ECCD,Climate Related Disasters Frequency,"Environment, Climate Change, Adaptation, Climate Related Disasters Frequency",,,,,,,,,,,,,,,,,,,,,1.0,,,1.0,2.0,,2.0,1.0,1.0,1.0,1.0,1.0,1.0,1.0,,,,1.0,,,1.0,1.0,,2.0
Namibia,NA,NAM,"Climate related disasters frequency, Number of Disasters: TOTAL",Number of,"The Emergency Events Database (EM-DAT) , Centre for Research on the Epidemiology of Disasters (CRED) / Université catholique de Louvain (UCLouvain), Brussels, Belgium – www.emdat.be.",ECCD,Climate Related Disasters Frequency,"Environment, Climate Change, Adaptation, Climate Related Disasters Frequency",,1.0,,,,,,,,,1.0,,,,,1.0,,,1.0,,1.0,1.0,1.0,1.0,2.0,,2.0,1.0,1.0,1.0,1.0,1.0,1.0,2.0,,1.0,,1.0,1.0,,1.0,1.0,,2.0
Nepal,NP,NPL,"Climate related disasters frequency, Number of Disasters: Drought",Number of,"The Emergency Events Database (EM-DAT) , Centre for Research on the Epidemiology of Disasters (CRED) / Université catholique de Louvain (UCLouvain), Brussels, Belgium – www.emdat.be.",ECCD,Climate Related Disasters Frequency,"Environment, Climate Change, Adaptation, Climate Related Disasters Frequency",,,,,,,,,,,,,,,,,,,,,,,,,,,1.0,,,1.0,,,,,,,,,,,,,,
Nepal,NP,NPL,"Climate related disasters frequency, Number of Disasters: Extreme temperature",Number of,"The Emergency Events Database (EM-DAT) , Centre for Research on the Epidemiology of Disasters (CRED) / Université catholique de Louvain (UCLouvain), Brussels, Belgium – www.emdat.be.",ECCD,Climate Related Disasters Frequency,"Environment, Climate Change, Adaptation, Climate Related Disasters Frequency",,,,,,,,,,,,,,,,,,,,,,,1.0,1.0,,,,,,1.0,,2.0,1.0,,,,,,1.0,,,,,
Nepal,NP,NPL,"Climate related disasters frequency, Number of Disasters: Flood",Number of,"The Emergency Events Database (EM-DAT) , Centre for Research on the Epidemiology of Disasters (CRED) / Université catholique de Louvain (UCLouvain), Brussels, Belgium – www.emdat.be.",ECCD,Climate Related Disasters Frequency,"Environment, Climate Change, Adaptation, Climate Related Disasters Frequency",,2.0,1.0,1.0,1.0,1.0,1.0,1.0,1.0,,1.0,1.0,,1.0,,1.0,2.0,,2.0,1.0,1.0,,,1.0,1.0,2.0,1.0,1.0,2.0,2.0,2.0,2.0,1.0,2.0,3.0,,2.0,2.0,1.0,1.0,1.0,4.0,2.0,1.0
Nepal,NP,NPL,"Climate related disasters frequency, Number of Disasters: Landslide",Number of,"The Emergency Events Database (EM-DAT) , Centre for Research on the Epidemiology of Disasters (CRED) / Université catholique de Louvain (UCLouvain), Brussels, Belgium – www.emdat.be.",ECCD,Climate Related Disasters Frequency,"Environment, Climate Change, Adaptation, Climate Related Disasters Frequency",,,,1.0,,,,,1.0,1.0,,,,1.0,,2.0,,1.0,,,,1.0,1.0,,,1.0,2.0,,,1.0,,2.0,1.0,,2.0,2.0,,1.0,,,,,1.0,
Nepal,NP,NPL,"Climate related disasters frequency, Number of Disasters: Storm",Number of,"The Emergency Events Database (EM-DAT) , Centre for Research on the Epidemiology of Disasters (CRED) / Université catholique de Louvain (UCLouvain), Brussels, Belgium – www.emdat.be.",ECCD,Climate Related Disasters Frequency,"Environment, Climate Change, Adaptation, Climate Related Disasters Frequency",,,,,,,1.0,,1.0,,,1.0,,,,,1.0,,,,,,,,,,,,,,,,,,1.0,,,,,1.0,,,1.0,
Nepal,NP,NPL,"Climate related disasters frequency, Number of Disasters: TOTAL",Number of,"The Emergency Events Database (EM-DAT) , Centre for Research on the Epidemiology of Disasters (CRED) / Université catholique de Louvain (UCLouvain), Brussels, Belgium – www.emdat.be.",ECCD,Climate Related Disasters Frequency,"Environment, Climate Change, Adaptation, Climate Related Disasters Frequency",,2.0,1.0,2.0,1.0,1.0,2.0,1.0,3.0,1.0,1.0,2.0,1.0,2.0,,3.0,3.0,1.0,2.0,2.0,1.0,1.0,2.0,2.0,1.0,3.0,4.0,1.0,2.0,5.0,2.0,6.0,3.0,2.0,6.0,2.0,3.0,3.0,2.0,2.0,1.0,4.0,4.0,1.0
Nepal,NP,NPL,"Climate related disasters frequency, Number of Disasters: Wildfire",Number of,"The Emergency Events Database (EM-DAT) , Centre for Research on the Epidemiology of Disasters (CRED) / Université catholique de Louvain (UCLouvain), Brussels, Belgium – www.emdat.be.",ECCD,Climate Related Disasters Frequency,"Environment, Climate Change, Adaptation, Climate Related Disasters Frequency",,,,,,,,,,,,,1.0,,,,,,,1.0,,,,,,,,,,,,,,,,,1.0,,,,,,,
Netherlands Antilles,AN,ANT,"Climate related disasters frequency, Number of Disasters: Storm",Number of,"The Emergency Events Database (EM-DAT) , Centre for Research on the Epidemiology of Disasters (CRED) / Université catholique de Louvain (UCLouvain), Brussels, Belgium – www.emdat.be.",ECCD,Climate Related Disasters Frequency,"Environment, Climate Change, Adaptation, Climate Related Disasters Frequency",,,,,,,,,,1.0,,,,,,1.0,,,,,,,,,,,,,,,,,,,,,,,,,,,,
Netherlands Antilles,AN,ANT,"Climate related disasters frequency, Number of Disasters: TOTAL",Number of,"The Emergency Events Database (EM-DAT) , Centre for Research on the Epidemiology of Disasters (CRED) / Université catholique de Louvain (UCLouvain), Brussels, Belgium – www.emdat.be.",ECCD,Climate Related Disasters Frequency,"Environment, Climate Change, Adaptation, Climate Related Disasters Frequency",,,,,,,,,,1.0,,,,,,1.0,,,,,,,,,,,,,,,,,,,,,,,,,,,,
"Netherlands, The",NL,NLD,"Climate related disasters frequency, Number of Disasters: Extreme temperature",Number of,"The Emergency Events Database (EM-DAT) , Centre for Research on the Epidemiology of Disasters (CRED) / Université catholique de Louvain (UCLouvain), Brussels, Belgium – www.emdat.be.",ECCD,Climate Related Disasters Frequency,"Environment, Climate Change, Adaptation, Climate Related Disasters Frequency",,,,,,,,,,,,,,,,,,,,,,,,1.0,,2.0,1.0,,,,,,1.0,,,,,,1.0,1.0,1.0,,,
"Netherlands, The",NL,NLD,"Climate related disasters frequency, Number of Disasters: Flood",Number of,"The Emergency Events Database (EM-DAT) , Centre for Research on the Epidemiology of Disasters (CRED) / Université catholique de Louvain (UCLouvain), Brussels, Belgium – www.emdat.be.",ECCD,Climate Related Disasters Frequency,"Environment, Climate Change, Adaptation, Climate Related Disasters Frequency",,,,,,,,,,,,,1.0,1.0,,,,,1.0,,,,,,,,,,,,,,,,,,,,,,,1.0,,
"Netherlands, The",NL,NLD,"Climate related disasters frequency, Number of Disasters: Storm",Number of,"The Emergency Events Database (EM-DAT) , Centre for Research on the Epidemiology of Disasters (CRED) / Université catholique de Louvain (UCLouvain), Brussels, Belgium – www.emdat.be.",ECCD,Climate Related Disasters Frequency,"Environment, Climate Change, Adaptation, Climate Related Disasters Frequency",,,,,1.0,1.0,1.0,,,,6.0,,,,1.0,1.0,,1.0,1.0,,,,1.0,,,1.0,,1.0,1.0,,1.0,,,3.0,,,1.0,,1.0,,,1.0,1.0,1.0
"Netherlands, The",NL,NLD,"Climate related disasters frequency, Number of Disasters: TOTAL",Number of,"The Emergency Events Database (EM-DAT) , Centre for Research on the Epidemiology of Disasters (CRED) / Université catholique de Louvain (UCLouvain), Brussels, Belgium – www.emdat.be.",ECCD,Climate Related Disasters Frequency,"Environment, Climate Change, Adaptation, Climate Related Disasters Frequency",,,,,1.0,1.0,1.0,,,,6.0,,1.0,1.0,1.0,1.0,,1.0,2.0,,,,1.0,1.0,,3.0,1.0,1.0,1.0,,1.0,,1.0,3.0,,,1.0,,2.0,1.0,1.0,2.0,1.0,1.0
New Caledonia,NC,NCL,"Climate related disasters frequency, Number of Disasters: Storm",Number of,"The Emergency Events Database (EM-DAT) , Centre for Research on the Epidemiology of Disasters (CRED) / Université catholique de Louvain (UCLouvain), Brussels, Belgium – www.emdat.be.",ECCD,Climate Related Disasters Frequency,"Environment, Climate Change, Adaptation, Climate Related Disasters Frequency",,3.0,,,,,,,,,,,,,,,,,,1.0,,,,1.0,,,,,,,,,,,,,,,,,,1.0,,
New Caledonia,NC,NCL,"Climate related disasters frequency, Number of Disasters: TOTAL",Number of,"The Emergency Events Database (EM-DAT) , Centre for Research on the Epidemiology of Disasters (CRED) / Université catholique de Louvain (UCLouvain), Brussels, Belgium – www.emdat.be.",ECCD,Climate Related Disasters Frequency,"Environment, Climate Change, Adaptation, Climate Related Disasters Frequency",,3.0,,,,,,,,,,,,,,,,,,1.0,,,,1.0,,,,,,,,,,,,,,,,,,1.0,,
New Zealand,NZ,NZL,"Climate related disasters frequency, Number of Disasters: Drought",Number of,"The Emergency Events Database (EM-DAT) , Centre for Research on the Epidemiology of Disasters (CRED) / Université catholique de Louvain (UCLouvain), Brussels, Belgium – www.emdat.be.",ECCD,Climate Related Disasters Frequency,"Environment, Climate Change, Adaptation, Climate Related Disasters Frequency",,,,,,,,,,,,,1.0,,,,,,,,,,,,,,,,,,,,,1.0,,,,,,,,,,
New Zealand,NZ,NZL,"Climate related disasters frequency, Number of Disasters: Extreme temperature",Number of,"The Emergency Events Database (EM-DAT) , Centre for Research on the Epidemiology of Disasters (CRED) / Université catholique de Louvain (UCLouvain), Brussels, Belgium – www.emdat.be.",ECCD,Climate Related Disasters Frequency,"Environment, Climate Change, Adaptation, Climate Related Disasters Frequency",,,,,,,,,,,,,,,,,,,,,,1.0,,,,,,,,,,,,,,,,,,,,,,
New Zealand,NZ,NZL,"Climate related disasters frequency, Number of Disasters: Flood",Number of,"The Emergency Events Database (EM-DAT) , Centre for Research on the Epidemiology of Disasters (CRED) / Université catholique de Louvain (UCLouvain), Brussels, Belgium – www.emdat.be.",ECCD,Climate Related Disasters Frequency,"Environment, Climate Change, Adaptation, Climate Related Disasters Frequency",2.0,1.0,,1.0,1.0,2.0,3.0,1.0,3.0,1.0,,1.0,,,1.0,,,1.0,1.0,1.0,1.0,,1.0,,2.0,1.0,1.0,,,,,,,,,2.0,1.0,1.0,1.0,,2.0,3.0,,2.0
New Zealand,NZ,NZL,"Climate related disasters frequency, Number of Disasters: Storm",Number of,"The Emergency Events Database (EM-DAT) , Centre for Research on the Epidemiology of Disasters (CRED) / Université catholique de Louvain (UCLouvain), Brussels, Belgium – www.emdat.be.",ECCD,Climate Related Disasters Frequency,"Environment, Climate Change, Adaptation, Climate Related Disasters Frequency",,,,,,,,,1.0,,,,2.0,,,,1.0,1.0,,,1.0,,,1.0,,1.0,,1.0,,,,,1.0,1.0,,,,1.0,,,,1.0,1.0,3.0
New Zealand,NZ,NZL,"Climate related disasters frequency, Number of Disasters: TOTAL",Number of,"The Emergency Events Database (EM-DAT) , Centre for Research on the Epidemiology of Disasters (CRED) / Université catholique de Louvain (UCLouvain), Brussels, Belgium – www.emdat.be.",ECCD,Climate Related Disasters Frequency,"Environment, Climate Change, Adaptation, Climate Related Disasters Frequency",2.0,1.0,,1.0,1.0,2.0,3.0,2.0,4.0,1.0,,1.0,3.0,,1.0,,1.0,2.0,1.0,1.0,2.0,1.0,1.0,1.0,2.0,2.0,1.0,1.0,,,,,1.0,2.0,,2.0,1.0,2.0,1.0,,3.0,4.0,1.0,5.0
New Zealand,NZ,NZL,"Climate related disasters frequency, Number of Disasters: Wildfire",Number of,"The Emergency Events Database (EM-DAT) , Centre for Research on the Epidemiology of Disasters (CRED) / Université catholique de Louvain (UCLouvain), Brussels, Belgium – www.emdat.be.",ECCD,Climate Related Disasters Frequency,"Environment, Climate Change, Adaptation, Climate Related Disasters Frequency",,,,,,,,1.0,,,,,,,,,,,,,,,,,,,,,,,,,,,,,,,,,1.0,,,
Nicaragua,NI,NIC,"Climate related disasters frequency, Number of Disasters: Drought",Number of,"The Emergency Events Database (EM-DAT) , Centre for Research on the Epidemiology of Disasters (CRED) / Université catholique de Louvain (UCLouvain), Brussels, Belgium – www.emdat.be.",ECCD,Climate Related Disasters Frequency,"Environment, Climate Change, Adaptation, Climate Related Disasters Frequency",,,,,,,,,,,,,,,1.0,,,1.0,,,1.0,1.0,,,,,,,,,,,,,1.0,,,,1.0,,,,,
Nicaragua,NI,NIC,"Climate related disasters frequency, Number of Disasters: Flood",Number of,"The Emergency Events Database (EM-DAT) , Centre for Research on the Epidemiology of Disasters (CRED) / Université catholique de Louvain (UCLouvain), Brussels, Belgium – www.emdat.be.",ECCD,Climate Related Disasters Frequency,"Environment, Climate Change, Adaptation, Climate Related Disasters Frequency",1.0,,,,,,,,,,1.0,,,,,,,,,1.0,1.0,,1.0,,,,,1.0,2.0,2.0,2.0,1.0,1.0,1.0,1.0,1.0,,1.0,1.0,,,,,
Nicaragua,NI,NIC,"Climate related disasters frequency, Number of Disasters: Landslide",Number of,"The Emergency Events Database (EM-DAT) , Centre for Research on the Epidemiology of Disasters (CRED) / Université catholique de Louvain (UCLouvain), Brussels, Belgium – www.emdat.be.",ECCD,Climate Related Disasters Frequency,"Environment, Climate Change, Adaptation, Climate Related Disasters Frequency",,,,,,,,,,,,,,,,,,,,,,,,,1.0,,,,,,,,,,,,,,,,,,,
Nicaragua,NI,NIC,"Climate related disasters frequency, Number of Disasters: Storm",Number of,"The Emergency Events Database (EM-DAT) , Centre for Research on the Epidemiology of Disasters (CRED) / Université catholique de Louvain (UCLouvain), Brussels, Belgium – www.emdat.be.",ECCD,Climate Related Disasters Frequency,"Environment, Climate Change, Adaptation, Climate Related Disasters Frequency",,,1.0,,,,,,1.0,,,,,1.0,,1.0,2.0,,1.0,,2.0,1.0,1.0,,1.0,2.0,,1.0,1.0,1.0,2.0,,,,,,1.0,1.0,,,2.0,,2.0,
Nicaragua,NI,NIC,"Climate related disasters frequency, Number of Disasters: TOTAL",Number of,"The Emergency Events Database (EM-DAT) , Centre for Research on the Epidemiology of Disasters (CRED) / Université catholique de Louvain (UCLouvain), Brussels, Belgium – www.emdat.be.",ECCD,Climate Related Disasters Frequency,"Environment, Climate Change, Adaptation, Climate Related Disasters Frequency",1.0,,1.0,,,,,,1.0,,1.0,1.0,,1.0,1.0,1.0,2.0,1.0,1.0,2.0,4.0,2.0,3.0,,2.0,2.0,,2.0,3.0,3.0,4.0,1.0,1.0,1.0,2.0,1.0,1.0,2.0,2.0,,2.0,,2.0,
Nicaragua,NI,NIC,"Climate related disasters frequency, Number of Disasters: Wildfire",Number of,"The Emergency Events Database (EM-DAT) , Centre for Research on the Epidemiology of Disasters (CRED) / Université catholique de Louvain (UCLouvain), Brussels, Belgium – www.emdat.be.",ECCD,Climate Related Disasters Frequency,"Environment, Climate Change, Adaptation, Climate Related Disasters Frequency",,,,,,,,,,,,1.0,,,,,,,,1.0,,,1.0,,,,,,,,,,,,,,,,,,,,,
Niger,NE,NER,"Climate related disasters frequency, Number of Disasters: Drought",Number of,"The Emergency Events Database (EM-DAT) , Centre for Research on the Epidemiology of Disasters (CRED) / Université catholique de Louvain (UCLouvain), Brussels, Belgium – www.emdat.be.",ECCD,Climate Related Disasters Frequency,"Environment, Climate Change, Adaptation, Climate Related Disasters Frequency",1.0,,,,,,,,1.0,,1.0,,,,,,,1.0,,,,1.0,,,,1.0,,,,1.0,,1.0,,,,1.0,,1.0,,,1.0,,1.0,
Niger,NE,NER,"Climate related disasters frequency, Number of Disasters: Flood",Number of,"The Emergency Events Database (EM-DAT) , Centre for Research on the Epidemiology of Disasters (CRED) / Université catholique de Louvain (UCLouvain), Brussels, Belgium – www.emdat.be.",ECCD,Climate Related Disasters Frequency,"Environment, Climate Change, Adaptation, Climate Related Disasters Frequency",,,,,,,,,1.0,,,,,,1.0,,,,1.0,2.0,1.0,1.0,,1.0,,,1.0,1.0,1.0,1.0,2.0,2.0,1.0,2.0,1.0,1.0,2.0,2.0,1.0,2.0,2.0,1.0,1.0,1.0
Niger,NE,NER,"Climate related disasters frequency, Number of Disasters: Storm",Number of,"The Emergency Events Database (EM-DAT) , Centre for Research on the Epidemiology of Disasters (CRED) / Université catholique de Louvain (UCLouvain), Brussels, Belgium – www.emdat.be.",ECCD,Climate Related Disasters Frequency,"Environment, Climate Change, Adaptation, Climate Related Disasters Frequency",,,,,,,,,,,,,,,,,,,,,,,1.0,,,,,,,,,,,,,,,,,,,,,
Niger,NE,NER,"Climate related disasters frequency, Number of Disasters: TOTAL",Number of,"The Emergency Events Database (EM-DAT) , Centre for Research on the Epidemiology of Disasters (CRED) / Université catholique de Louvain (UCLouvain), Brussels, Belgium – www.emdat.be.",ECCD,Climate Related Disasters Frequency,"Environment, Climate Change, Adaptation, Climate Related Disasters Frequency",1.0,,,,,,,,2.0,,1.0,,,,1.0,,,1.0,1.0,2.0,1.0,2.0,1.0,1.0,,1.0,1.0,1.0,1.0,2.0,2.0,3.0,1.0,2.0,1.0,2.0,2.0,3.0,1.0,2.0,3.0,1.0,2.0,1.0
Nigeria,NG,NGA,"Climate related disasters frequency, Number of Disasters: Drought",Number of,"The Emergency Events Database (EM-DAT) , Centre for Research on the Epidemiology of Disasters (CRED) / Université catholique de Louvain (UCLouvain), Brussels, Belgium – www.emdat.be.",ECCD,Climate Related Disasters Frequency,"Environment, Climate Change, Adaptation, Climate Related Disasters Frequency",,1.0,,,,,,,,,,,,,,,,,,,,,,,,,,,,,,,,,,,,,,,,,1.0,
Nigeria,NG,NGA,"Climate related disasters frequency, Number of Disasters: Extreme temperature",Number of,"The Emergency Events Database (EM-DAT) , Centre for Research on the Epidemiology of Disasters (CRED) / Université catholique de Louvain (UCLouvain), Brussels, Belgium – www.emdat.be.",ECCD,Climate Related Disasters Frequency,"Environment, Climate Change, Adaptation, Climate Related Disasters Frequency",,,,,,,,,,,,,1.0,,,,,,,,,,1.0,,,,,,,,,,,,,,,,,,,,,
Nigeria,NG,NGA,"Climate related disasters frequency, Number of Disasters: Flood",Number of,"The Emergency Events Database (EM-DAT) , Centre for Research on the Epidemiology of Disasters (CRED) / Université catholique de Louvain (UCLouvain), Brussels, Belgium – www.emdat.be.",ECCD,Climate Related Disasters Frequency,"Environment, Climate Change, Adaptation, Climate Related Disasters Frequency",,,,,,1.0,,,1.0,,,,,,1.0,,,,2.0,3.0,6.0,3.0,1.0,1.0,5.0,2.0,3.0,3.0,,2.0,1.0,4.0,1.0,1.0,1.0,1.0,1.0,2.0,2.0,2.0,3.0,2.0,1.0,2.0
Nigeria,NG,NGA,"Climate related disasters frequency, Number of Disasters: Landslide",Number of,"The Emergency Events Database (EM-DAT) , Centre for Research on the Epidemiology of Disasters (CRED) / Université catholique de Louvain (UCLouvain), Brussels, Belgium – www.emdat.be.",ECCD,Climate Related Disasters Frequency,"Environment, Climate Change, Adaptation, Climate Related Disasters Frequency",,,,,,,,,1.0,,,,,,,,,,,,2.0,,,,,,,,,,,,,,,,,,,,,,,
Nigeria,NG,NGA,"Climate related disasters frequency, Number of Disasters: Storm",Number of,"The Emergency Events Database (EM-DAT) , Centre for Research on the Epidemiology of Disasters (CRED) / Université catholique de Louvain (UCLouvain), Brussels, Belgium – www.emdat.be.",ECCD,Climate Related Disasters Frequency,"Environment, Climate Change, Adaptation, Climate Related Disasters Frequency",,,,,,,,,,,,,,,,,,,,1.0,1.0,,,,,,,,,,,1.0,1.0,,,,1.0,,,,,,1.0,
Nigeria,NG,NGA,"Climate related disasters frequency, Number of Disasters: TOTAL",Number of,"The Emergency Events Database (EM-DAT) , Centre for Research on the Epidemiology of Disasters (CRED) / Université catholique de Louvain (UCLouvain), Brussels, Belgium – www.emdat.be.",ECCD,Climate Related Disasters Frequency,"Environment, Climate Change, Adaptation, Climate Related Disasters Frequency",,1.0,,,,1.0,,,2.0,,,,1.0,,1.0,,,,2.0,4.0,9.0,3.0,2.0,1.0,5.0,2.0,3.0,3.0,,2.0,1.0,5.0,2.0,1.0,1.0,1.0,2.0,2.0,2.0,2.0,3.0,2.0,3.0,2.0
"North Macedonia, Republic of ",MK,MKD,"Climate related disasters frequency, Number of Disasters: Drought",Number of,"The Emergency Events Database (EM-DAT) , Centre for Research on the Epidemiology of Disasters (CRED) / Université catholique de Louvain (UCLouvain), Brussels, Belgium – www.emdat.be.",ECCD,Climate Related Disasters Frequency,"Environment, Climate Change, Adaptation, Climate Related Disasters Frequency",,,,,,,,,,,,,,1.0,,,,,,,,,,,,,,,,,,,,,,,,,,,,,,
"North Macedonia, Republic of ",MK,MKD,"Climate related disasters frequency, Number of Disasters: Extreme temperature",Number of,"The Emergency Events Database (EM-DAT) , Centre for Research on the Epidemiology of Disasters (CRED) / Université catholique de Louvain (UCLouvain), Brussels, Belgium – www.emdat.be.",ECCD,Climate Related Disasters Frequency,"Environment, Climate Change, Adaptation, Climate Related Disasters Frequency",,,,,,,,,,,,,,,,,,,,,,1.0,,,1.0,,,1.0,,,,,1.0,,1.0,,,1.0,,,,,,
"North Macedonia, Republic of ",MK,MKD,"Climate related disasters frequency, Number of Disasters: Flood",Number of,"The Emergency Events Database (EM-DAT) , Centre for Research on the Epidemiology of Disasters (CRED) / Université catholique de Louvain (UCLouvain), Brussels, Belgium – www.emdat.be.",ECCD,Climate Related Disasters Frequency,"Environment, Climate Change, Adaptation, Climate Related Disasters Frequency",,,,,,,,,,,,,,,,1.0,,,,,,,1.0,2.0,1.0,1.0,1.0,,,,,,,1.0,,2.0,1.0,,,,,,,
"North Macedonia, Republic of ",MK,MKD,"Climate related disasters frequency, Number of Disasters: Storm",Number of,"The Emergency Events Database (EM-DAT) , Centre for Research on the Epidemiology of Disasters (CRED) / Université catholique de Louvain (UCLouvain), Brussels, Belgium – www.emdat.be.",ECCD,Climate Related Disasters Frequency,"Environment, Climate Change, Adaptation, Climate Related Disasters Frequency",,,,,,,,,,,,,,,,,,,,,,,,,,1.0,,,,,,,,,,,,,,,,,,
"North Macedonia, Republic of ",MK,MKD,"Climate related disasters frequency, Number of Disasters: TOTAL",Number of,"The Emergency Events Database (EM-DAT) , Centre for Research on the Epidemiology of Disasters (CRED) / Université catholique de Louvain (UCLouvain), Brussels, Belgium – www.emdat.be.",ECCD,Climate Related Disasters Frequency,"Environment, Climate Change, Adaptation, Climate Related Disasters Frequency",,,,,,,,,,,,,,1.0,,1.0,,,,,1.0,1.0,1.0,2.0,2.0,2.0,1.0,2.0,,,,,1.0,1.0,1.0,2.0,1.0,1.0,,,,1.0,,
"North Macedonia, Republic of ",MK,MKD,"Climate related disasters frequency, Number of Disasters: Wildfire",Number of,"The Emergency Events Database (EM-DAT) , Centre for Research on the Epidemiology of Disasters (CRED) / Université catholique de Louvain (UCLouvain), Brussels, Belgium – www.emdat.be.",ECCD,Climate Related Disasters Frequency,"Environment, Climate Change, Adaptation, Climate Related Disasters Frequency",,,,,,,,,,,,,,,,,,,,,1.0,,,,,,,1.0,,,,,,,,,,,,,,1.0,,
Northern Mariana Islands,MP,MNP,"Climate related disasters frequency, Number of Disasters: Storm",Number of,"The Emergency Events Database (EM-DAT) , Centre for Research on the Epidemiology of Disasters (CRED) / Université catholique de Louvain (UCLouvain), Brussels, Belgium – www.emdat.be.",ECCD,Climate Related Disasters Frequency,"Environment, Climate Change, Adaptation, Climate Related Disasters Frequency",,,,,,,,,,,,,,,,,,,,,,,1.0,,1.0,,,,,,,,,,,1.0,,,1.0,,,,,
Northern Mariana Islands,MP,MNP,"Climate related disasters frequency, Number of Disasters: TOTAL",Number of,"The Emergency Events Database (EM-DAT) , Centre for Research on the Epidemiology of Disasters (CRED) / Université catholique de Louvain (UCLouvain), Brussels, Belgium – www.emdat.be.",ECCD,Climate Related Disasters Frequency,"Environment, Climate Change, Adaptation, Climate Related Disasters Frequency",,,,,,,,,,,,,,,,,,,,,,,1.0,,1.0,,,,,,,,,,,1.0,,,1.0,,,,,
Norway,NO,NOR,"Climate related disasters frequency, Number of Disasters: Flood",Number of,"The Emergency Events Database (EM-DAT) , Centre for Research on the Epidemiology of Disasters (CRED) / Université catholique de Louvain (UCLouvain), Brussels, Belgium – www.emdat.be.",ECCD,Climate Related Disasters Frequency,"Environment, Climate Change, Adaptation, Climate Related Disasters Frequency",,,,,,,,,,,,,,,,1.0,,,,,1.0,1.0,,,,,,,,,,,,,,,,,,,,,,
Norway,NO,NOR,"Climate related disasters frequency, Number of Disasters: Landslide",Number of,"The Emergency Events Database (EM-DAT) , Centre for Research on the Epidemiology of Disasters (CRED) / Université catholique de Louvain (UCLouvain), Brussels, Belgium – www.emdat.be.",ECCD,Climate Related Disasters Frequency,"Environment, Climate Change, Adaptation, Climate Related Disasters Frequency",,,,,,,,,,,,,,,,,,,,,,,,,,,,,,,,,,,,,,,,1.0,1.0,,,
Norway,NO,NOR,"Climate related disasters frequency, Number of Disasters: Storm",Number of,"The Emergency Events Database (EM-DAT) , Centre for Research on the Epidemiology of Disasters (CRED) / Université catholique de Louvain (UCLouvain), Brussels, Belgium – www.emdat.be.",ECCD,Climate Related Disasters Frequency,"Environment, Climate Change, Adaptation, Climate Related Disasters Frequency",,,,,,,,,,,2.0,,1.0,1.0,,,,,,,,,,,,1.0,,,1.0,,,1.0,,,,,,,,,,,1.0,
Norway,NO,NOR,"Climate related disasters frequency, Number of Disasters: TOTAL",Number of,"The Emergency Events Database (EM-DAT) , Centre for Research on the Epidemiology of Disasters (CRED) / Université catholique de Louvain (UCLouvain), Brussels, Belgium – www.emdat.be.",ECCD,Climate Related Disasters Frequency,"Environment, Climate Change, Adaptation, Climate Related Disasters Frequency",,,,,,,,,,,2.0,,1.0,1.0,,1.0,,,,,1.0,1.0,,,,1.0,,,1.0,,,1.0,,,,,,,,1.0,1.0,,1.0,
Oman,OM,OMN,"Climate related disasters frequency, Number of Disasters: Flood",Number of,"The Emergency Events Database (EM-DAT) , Centre for Research on the Epidemiology of Disasters (CRED) / Université catholique de Louvain (UCLouvain), Brussels, Belgium – www.emdat.be.",ECCD,Climate Related Disasters Frequency,"Environment, Climate Change, Adaptation, Climate Related Disasters Frequency",,,,,,,,,,,,,,,,,,,,,,,,,,,,,,,,,,,,,1.0,1.0,,1.0,1.0,,,
Oman,OM,OMN,"Climate related disasters frequency, Number of Disasters: Storm",Number of,"The Emergency Events Database (EM-DAT) , Centre for Research on the Epidemiology of Disasters (CRED) / Université catholique de Louvain (UCLouvain), Brussels, Belgium – www.emdat.be.",ECCD,Climate Related Disasters Frequency,"Environment, Climate Change, Adaptation, Climate Related Disasters Frequency",,1.0,,,,,,,,,,,,,,,,,,,,,1.0,1.0,,,,1.0,,,1.0,1.0,,,,1.0,,,2.0,,,2.0,,
Oman,OM,OMN,"Climate related disasters frequency, Number of Disasters: TOTAL",Number of,"The Emergency Events Database (EM-DAT) , Centre for Research on the Epidemiology of Disasters (CRED) / Université catholique de Louvain (UCLouvain), Brussels, Belgium – www.emdat.be.",ECCD,Climate Related Disasters Frequency,"Environment, Climate Change, Adaptation, Climate Related Disasters Frequency",,1.0,,,,,,,,,,,,,,,,,,,,,1.0,1.0,,,,1.0,,,1.0,1.0,,,,1.0,1.0,1.0,2.0,1.0,1.0,2.0,,
Pakistan,PK,PAK,"Climate related disasters frequency, Number of Disasters: Drought",Number of,"The Emergency Events Database (EM-DAT) , Centre for Research on the Epidemiology of Disasters (CRED) / Université catholique de Louvain (UCLouvain), Brussels, Belgium – www.emdat.be.",ECCD,Climate Related Disasters Frequency,"Environment, Climate Change, Adaptation, Climate Related Disasters Frequency",,,,,,,,,,,,,,,,,,,,1.0,,,,,,,,,,,,,,,,,,,,1.0,,,,
Pakistan,PK,PAK,"Climate related disasters frequency, Number of Disasters: Extreme temperature",Number of,"The Emergency Events Database (EM-DAT) , Centre for Research on the Epidemiology of Disasters (CRED) / Université catholique de Louvain (UCLouvain), Brussels, Belgium – www.emdat.be.",ECCD,Climate Related Disasters Frequency,"Environment, Climate Change, Adaptation, Climate Related Disasters Frequency",,,,,,,,,,,1.0,1.0,,,,,1.0,1.0,,1.0,1.0,1.0,2.0,1.0,,1.0,1.0,,,,,,,,1.0,1.0,,,1.0,,,,1.0,1.0
Pakistan,PK,PAK,"Climate related disasters frequency, Number of Disasters: Flood",Number of,"The Emergency Events Database (EM-DAT) , Centre for Research on the Epidemiology of Disasters (CRED) / Université catholique de Louvain (UCLouvain), Brussels, Belgium – www.emdat.be.",ECCD,Climate Related Disasters Frequency,"Environment, Climate Change, Adaptation, Climate Related Disasters Frequency",1.0,1.0,1.0,1.0,1.0,,,,1.0,1.0,,1.0,2.0,1.0,1.0,3.0,1.0,2.0,1.0,2.0,,1.0,3.0,3.0,2.0,5.0,7.0,6.0,3.0,3.0,4.0,1.0,3.0,2.0,1.0,6.0,7.0,2.0,1.0,8.0,4.0,4.0,1.0,10.0
Pakistan,PK,PAK,"Climate related disasters frequency, Number of Disasters: Landslide",Number of,"The Emergency Events Database (EM-DAT) , Centre for Research on the Epidemiology of Disasters (CRED) / Université catholique de Louvain (UCLouvain), Brussels, Belgium – www.emdat.be.",ECCD,Climate Related Disasters Frequency,"Environment, Climate Change, Adaptation, Climate Related Disasters Frequency",,,,2.0,,,,,,,,1.0,1.0,2.0,,,1.0,,1.0,,,2.0,,1.0,,1.0,1.0,3.0,,,2.0,,2.0,,,,,1.0,,,1.0,,,
Pakistan,PK,PAK,"Climate related disasters frequency, Number of Disasters: Storm",Number of,"The Emergency Events Database (EM-DAT) , Centre for Research on the Epidemiology of Disasters (CRED) / Université catholique de Louvain (UCLouvain), Brussels, Belgium – www.emdat.be.",ECCD,Climate Related Disasters Frequency,"Environment, Climate Change, Adaptation, Climate Related Disasters Frequency",1.0,1.0,,,,,1.0,,1.0,,,,,1.0,2.0,,,2.0,1.0,2.0,,1.0,1.0,1.0,,1.0,,1.0,,,1.0,,,,1.0,,1.0,2.0,,1.0,1.0,2.0,1.0,1.0
Pakistan,PK,PAK,"Climate related disasters frequency, Number of Disasters: TOTAL",Number of,"The Emergency Events Database (EM-DAT) , Centre for Research on the Epidemiology of Disasters (CRED) / Université catholique de Louvain (UCLouvain), Brussels, Belgium – www.emdat.be.",ECCD,Climate Related Disasters Frequency,"Environment, Climate Change, Adaptation, Climate Related Disasters Frequency",2.0,2.0,1.0,3.0,1.0,,1.0,,2.0,1.0,1.0,3.0,3.0,4.0,3.0,3.0,3.0,5.0,3.0,6.0,1.0,5.0,6.0,6.0,2.0,8.0,9.0,10.0,3.0,3.0,7.0,1.0,5.0,2.0,3.0,7.0,8.0,5.0,2.0,10.0,6.0,6.0,4.0,12.0
Pakistan,PK,PAK,"Climate related disasters frequency, Number of Disasters: Wildfire",Number of,"The Emergency Events Database (EM-DAT) , Centre for Research on the Epidemiology of Disasters (CRED) / Université catholique de Louvain (UCLouvain), Brussels, Belgium – www.emdat.be.",ECCD,Climate Related Disasters Frequency,"Environment, Climate Change, Adaptation, Climate Related Disasters Frequency",,,,,,,,,,,,,,,,,,,,,,,,,,,,,,,,,,,,,,,,,,,1.0,
"Palau, Rep. of",PW,PLW,"Climate related disasters frequency, Number of Disasters: Drought",Number of,"The Emergency Events Database (EM-DAT) , Centre for Research on the Epidemiology of Disasters (CRED) / Université catholique de Louvain (UCLouvain), Brussels, Belgium – www.emdat.be.",ECCD,Climate Related Disasters Frequency,"Environment, Climate Change, Adaptation, Climate Related Disasters Frequency",,,,,,,,,,,,,,,,,,,,,,,,,,,,,,,,,,,,1.0,,,,,,,,
"Palau, Rep. of",PW,PLW,"Climate related disasters frequency, Number of Disasters: Storm",Number of,"The Emergency Events Database (EM-DAT) , Centre for Research on the Epidemiology of Disasters (CRED) / Université catholique de Louvain (UCLouvain), Brussels, Belgium – www.emdat.be.",ECCD,Climate Related Disasters Frequency,"Environment, Climate Change, Adaptation, Climate Related Disasters Frequency",,,,,,,,,,,,,,,,,,,,,,,,,,,,,,,,,1.0,1.0,,,,,,,,1.0,,
"Palau, Rep. of",PW,PLW,"Climate related disasters frequency, Number of Disasters: TOTAL",Number of,"The Emergency Events Database (EM-DAT) , Centre for Research on the Epidemiology of Disasters (CRED) / Université catholique de Louvain (UCLouvain), Brussels, Belgium – www.emdat.be.",ECCD,Climate Related Disasters Frequency,"Environment, Climate Change, Adaptation, Climate Related Disasters Frequency",,,,,,,,,,,,,,,,,,,,,,,,,,,,,,,,,1.0,1.0,,1.0,,,,,,1.0,,
Panama,PA,PAN,"Climate related disasters frequency, Number of Disasters: Drought",Number of,"The Emergency Events Database (EM-DAT) , Centre for Research on the Epidemiology of Disasters (CRED) / Université catholique de Louvain (UCLouvain), Brussels, Belgium – www.emdat.be.",ECCD,Climate Related Disasters Frequency,"Environment, Climate Change, Adaptation, Climate Related Disasters Frequency",,,,1.0,,,,,,,,,,,,,,,,,,,,,,,,,,,,,,1.0,,1.0,,,1.0,,,,,
Panama,PA,PAN,"Climate related disasters frequency, Number of Disasters: Flood",Number of,"The Emergency Events Database (EM-DAT) , Centre for Research on the Epidemiology of Disasters (CRED) / Université catholique de Louvain (UCLouvain), Brussels, Belgium – www.emdat.be.",ECCD,Climate Related Disasters Frequency,"Environment, Climate Change, Adaptation, Climate Related Disasters Frequency",,,,,1.0,,1.0,,,,,1.0,,,,1.0,,,,2.0,1.0,1.0,2.0,1.0,3.0,1.0,2.0,1.0,2.0,1.0,4.0,2.0,2.0,,1.0,1.0,,,,,1.0,2.0,1.0,
Panama,PA,PAN,"Climate related disasters frequency, Number of Disasters: Storm",Number of,"The Emergency Events Database (EM-DAT) , Centre for Research on the Epidemiology of Disasters (CRED) / Université catholique de Louvain (UCLouvain), Brussels, Belgium – www.emdat.be.",ECCD,Climate Related Disasters Frequency,"Environment, Climate Change, Adaptation, Climate Related Disasters Frequency",,,,,,,,,1.0,,,,1.0,,,,,,1.0,,,,,,,,,,,,,,,,,,1.0,1.0,,,2.0,,,
Panama,PA,PAN,"Climate related disasters frequency, Number of Disasters: TOTAL",Number of,"The Emergency Events Database (EM-DAT) , Centre for Research on the Epidemiology of Disasters (CRED) / Université catholique de Louvain (UCLouvain), Brussels, Belgium – www.emdat.be.",ECCD,Climate Related Disasters Frequency,"Environment, Climate Change, Adaptation, Climate Related Disasters Frequency",,,,1.0,1.0,,1.0,,1.0,,,1.0,1.0,,,1.0,,,1.0,2.0,1.0,1.0,2.0,1.0,3.0,1.0,3.0,1.0,2.0,1.0,4.0,2.0,2.0,1.0,1.0,2.0,1.0,1.0,1.0,,3.0,2.0,1.0,
Panama,PA,PAN,"Climate related disasters frequency, Number of Disasters: Wildfire",Number of,"The Emergency Events Database (EM-DAT) , Centre for Research on the Epidemiology of Disasters (CRED) / Université catholique de Louvain (UCLouvain), Brussels, Belgium – www.emdat.be.",ECCD,Climate Related Disasters Frequency,"Environment, Climate Change, Adaptation, Climate Related Disasters Frequency",,,,,,,,,,,,,,,,,,,,,,,,,,,1.0,,,,,,,,,,,,,,,,,
Papua New Guinea,PG,PNG,"Climate related disasters frequency, Number of Disasters: Drought",Number of,"The Emergency Events Database (EM-DAT) , Centre for Research on the Epidemiology of Disasters (CRED) / Université catholique de Louvain (UCLouvain), Brussels, Belgium – www.emdat.be.",ECCD,Climate Related Disasters Frequency,"Environment, Climate Change, Adaptation, Climate Related Disasters Frequency",1.0,,,,,,,,,,,,,,,,,1.0,,,,,,,,,,,,,,,,,,1.0,,,,,,,,
Papua New Guinea,PG,PNG,"Climate related disasters frequency, Number of Disasters: Flood",Number of,"The Emergency Events Database (EM-DAT) , Centre for Research on the Epidemiology of Disasters (CRED) / Université catholique de Louvain (UCLouvain), Brussels, Belgium – www.emdat.be.",ECCD,Climate Related Disasters Frequency,"Environment, Climate Change, Adaptation, Climate Related Disasters Frequency",,,,2.0,,,,,,,,,1.0,1.0,,,,,,1.0,,,,,1.0,1.0,2.0,,2.0,,,,1.0,1.0,1.0,1.0,1.0,,,1.0,3.0,,,
Papua New Guinea,PG,PNG,"Climate related disasters frequency, Number of Disasters: Landslide",Number of,"The Emergency Events Database (EM-DAT) , Centre for Research on the Epidemiology of Disasters (CRED) / Université catholique de Louvain (UCLouvain), Brussels, Belgium – www.emdat.be.",ECCD,Climate Related Disasters Frequency,"Environment, Climate Change, Adaptation, Climate Related Disasters Frequency",,,,,,,,,,,,1.0,,,,,1.0,,,,,,1.0,2.0,,,2.0,,,1.0,,,1.0,,,,,,,1.0,2.0,,,
Papua New Guinea,PG,PNG,"Climate related disasters frequency, Number of Disasters: Storm",Number of,"The Emergency Events Database (EM-DAT) , Centre for Research on the Epidemiology of Disasters (CRED) / Université catholique de Louvain (UCLouvain), Brussels, Belgium – www.emdat.be.",ECCD,Climate Related Disasters Frequency,"Environment, Climate Change, Adaptation, Climate Related Disasters Frequency",,,,,,,,,,,,,,1.0,,,,1.0,,,,,,,,,,1.0,,,,1.0,,,1.0,1.0,,,,,,,,
Papua New Guinea,PG,PNG,"Climate related disasters frequency, Number of Disasters: TOTAL",Number of,"The Emergency Events Database (EM-DAT) , Centre for Research on the Epidemiology of Disasters (CRED) / Université catholique de Louvain (UCLouvain), Brussels, Belgium – www.emdat.be.",ECCD,Climate Related Disasters Frequency,"Environment, Climate Change, Adaptation, Climate Related Disasters Frequency",1.0,,,2.0,,,,,,,,1.0,1.0,2.0,,,1.0,3.0,,1.0,,,1.0,2.0,1.0,1.0,4.0,1.0,2.0,1.0,,1.0,2.0,1.0,2.0,3.0,1.0,,,2.0,5.0,,,
Papua New Guinea,PG,PNG,"Climate related disasters frequency, Number of Disasters: Wildfire",Number of,"The Emergency Events Database (EM-DAT) , Centre for Research on the Epidemiology of Disasters (CRED) / Université catholique de Louvain (UCLouvain), Brussels, Belgium – www.emdat.be.",ECCD,Climate Related Disasters Frequency,"Environment, Climate Change, Adaptation, Climate Related Disasters Frequency",,,,,,,,,,,,,,,,,,1.0,,,,,,,,,,,,,,,,,,,,,,,,,,
Paraguay,PY,PRY,"Climate related disasters frequency, Number of Disasters: Drought",Number of,"The Emergency Events Database (EM-DAT) , Centre for Research on the Epidemiology of Disasters (CRED) / Université catholique de Louvain (UCLouvain), Brussels, Belgium – www.emdat.be.",ECCD,Climate Related Disasters Frequency,"Environment, Climate Change, Adaptation, Climate Related Disasters Frequency",,,,1.0,,,,,,,,,,,,,,,,1.0,,,,,,1.0,,,1.0,1.0,,,1.0,1.0,,,1.0,,,,,,,
Paraguay,PY,PRY,"Climate related disasters frequency, Number of Disasters: Extreme temperature",Number of,"The Emergency Events Database (EM-DAT) , Centre for Research on the Epidemiology of Disasters (CRED) / Université catholique de Louvain (UCLouvain), Brussels, Belgium – www.emdat.be.",ECCD,Climate Related Disasters Frequency,"Environment, Climate Change, Adaptation, Climate Related Disasters Frequency",,,,,,,,,,,,,,,,,,,,,1.0,,,,1.0,,,,,,1.0,,,,,,,,,,,,,
Paraguay,PY,PRY,"Climate related disasters frequency, Number of Disasters: Flood",Number of,"The Emergency Events Database (EM-DAT) , Centre for Research on the Epidemiology of Disasters (CRED) / Université catholique de Louvain (UCLouvain), Brussels, Belgium – www.emdat.be.",ECCD,Climate Related Disasters Frequency,"Environment, Climate Change, Adaptation, Climate Related Disasters Frequency",,,1.0,1.0,,,,,1.0,,1.0,,1.0,,,2.0,,1.0,1.0,,,,1.0,,,,,,,1.0,,,1.0,1.0,2.0,2.0,,,2.0,3.0,,2.0,,3.0
Paraguay,PY,PRY,"Climate related disasters frequency, Number of Disasters: Storm",Number of,"The Emergency Events Database (EM-DAT) , Centre for Research on the Epidemiology of Disasters (CRED) / Université catholique de Louvain (UCLouvain), Brussels, Belgium – www.emdat.be.",ECCD,Climate Related Disasters Frequency,"Environment, Climate Change, Adaptation, Climate Related Disasters Frequency",,,,,,,,,,,,,,,,,,1.0,,,,,1.0,,,,,,1.0,1.0,,1.0,1.0,1.0,,1.0,,,,,,,,
Paraguay,PY,PRY,"Climate related disasters frequency, Number of Disasters: TOTAL",Number of,"The Emergency Events Database (EM-DAT) , Centre for Research on the Epidemiology of Disasters (CRED) / Université catholique de Louvain (UCLouvain), Brussels, Belgium – www.emdat.be.",ECCD,Climate Related Disasters Frequency,"Environment, Climate Change, Adaptation, Climate Related Disasters Frequency",,,1.0,2.0,,,,,1.0,,1.0,,1.0,,,2.0,,2.0,1.0,1.0,1.0,,2.0,,1.0,1.0,,1.0,2.0,3.0,1.0,1.0,3.0,3.0,2.0,3.0,1.0,,2.0,4.0,,2.0,,3.0
Paraguay,PY,PRY,"Climate related disasters frequency, Number of Disasters: Wildfire",Number of,"The Emergency Events Database (EM-DAT) , Centre for Research on the Epidemiology of Disasters (CRED) / Université catholique de Louvain (UCLouvain), Brussels, Belgium – www.emdat.be.",ECCD,Climate Related Disasters Frequency,"Environment, Climate Change, Adaptation, Climate Related Disasters Frequency",,,,,,,,,,,,,,,,,,,,,,,,,,,,1.0,,,,,,,,,,,,1.0,,,,
Peru,PE,PER,"Climate related disasters frequency, Number of Disasters: Drought",Number of,"The Emergency Events Database (EM-DAT) , Centre for Research on the Epidemiology of Disasters (CRED) / Université catholique de Louvain (UCLouvain), Brussels, Belgium – www.emdat.be.",ECCD,Climate Related Disasters Frequency,"Environment, Climate Change, Adaptation, Climate Related Disasters Frequency",,,,1.0,,,,,,,1.0,,1.0,,,,,,,,,,1.0,,1.0,,1.0,,,,,,,,,,,,,,,,,
Peru,PE,PER,"Climate related disasters frequency, Number of Disasters: Extreme temperature",Number of,"The Emergency Events Database (EM-DAT) , Centre for Research on the Epidemiology of Disasters (CRED) / Université catholique de Louvain (UCLouvain), Brussels, Belgium – www.emdat.be.",ECCD,Climate Related Disasters Frequency,"Environment, Climate Change, Adaptation, Climate Related Disasters Frequency",,,,1.0,,,,,,,,1.0,,,,,,,,,,,,1.0,1.0,,,1.0,,1.0,1.0,1.0,1.0,1.0,1.0,1.0,,,,,,,,
Peru,PE,PER,"Climate related disasters frequency, Number of Disasters: Flood",Number of,"The Emergency Events Database (EM-DAT) , Centre for Research on the Epidemiology of Disasters (CRED) / Université catholique de Louvain (UCLouvain), Brussels, Belgium – www.emdat.be.",ECCD,Climate Related Disasters Frequency,"Environment, Climate Change, Adaptation, Climate Related Disasters Frequency",1.0,1.0,2.0,,,,1.0,2.0,1.0,1.0,3.0,,1.0,1.0,2.0,,,,,2.0,1.0,3.0,3.0,2.0,1.0,,1.0,1.0,1.0,1.0,1.0,3.0,1.0,2.0,3.0,2.0,1.0,3.0,,3.0,3.0,8.0,1.0,2.0
Peru,PE,PER,"Climate related disasters frequency, Number of Disasters: Landslide",Number of,"The Emergency Events Database (EM-DAT) , Centre for Research on the Epidemiology of Disasters (CRED) / Université catholique de Louvain (UCLouvain), Brussels, Belgium – www.emdat.be.",ECCD,Climate Related Disasters Frequency,"Environment, Climate Change, Adaptation, Climate Related Disasters Frequency",,1.0,1.0,2.0,1.0,2.0,1.0,2.0,1.0,,1.0,,,,,1.0,,1.0,2.0,1.0,1.0,1.0,,,1.0,,,,,4.0,1.0,,1.0,,,,,,,1.0,1.0,,1.0,2.0
Peru,PE,PER,"Climate related disasters frequency, Number of Disasters: Storm",Number of,"The Emergency Events Database (EM-DAT) , Centre for Research on the Epidemiology of Disasters (CRED) / Université catholique de Louvain (UCLouvain), Brussels, Belgium – www.emdat.be.",ECCD,Climate Related Disasters Frequency,"Environment, Climate Change, Adaptation, Climate Related Disasters Frequency",,,,,,,,,,,,,,,,,,1.0,,,,,1.0,,,,,,,,,1.0,,,,,,,,,,,,1.0
Peru,PE,PER,"Climate related disasters frequency, Number of Disasters: TOTAL",Number of,"The Emergency Events Database (EM-DAT) , Centre for Research on the Epidemiology of Disasters (CRED) / Université catholique de Louvain (UCLouvain), Brussels, Belgium – www.emdat.be.",ECCD,Climate Related Disasters Frequency,"Environment, Climate Change, Adaptation, Climate Related Disasters Frequency",1.0,2.0,3.0,4.0,1.0,2.0,2.0,4.0,2.0,1.0,5.0,1.0,2.0,1.0,2.0,1.0,,3.0,2.0,3.0,2.0,4.0,5.0,3.0,4.0,,2.0,2.0,1.0,6.0,3.0,5.0,3.0,3.0,4.0,3.0,1.0,3.0,,5.0,4.0,8.0,2.0,5.0
Peru,PE,PER,"Climate related disasters frequency, Number of Disasters: Wildfire",Number of,"The Emergency Events Database (EM-DAT) , Centre for Research on the Epidemiology of Disasters (CRED) / Université catholique de Louvain (UCLouvain), Brussels, Belgium – www.emdat.be.",ECCD,Climate Related Disasters Frequency,"Environment, Climate Change, Adaptation, Climate Related Disasters Frequency",,,,,,,,,,,,,,,,,,1.0,,,,,,,,,,,,,,,,,,,,,,1.0,,,,
Philippines,PH,PHL,"Climate related disasters frequency, Number of Disasters: Drought",Number of,"The Emergency Events Database (EM-DAT) , Centre for Research on the Epidemiology of Disasters (CRED) / Université catholique de Louvain (UCLouvain), Brussels, Belgium – www.emdat.be.",ECCD,Climate Related Disasters Frequency,"Environment, Climate Change, Adaptation, Climate Related Disasters Frequency",1.0,,,1.0,,,,1.0,,,1.0,,,,,,,,1.0,,,,1.0,,,,,1.0,,,,,,,,1.0,,,,1.0,,,,
Philippines,PH,PHL,"Climate related disasters frequency, Number of Disasters: Flood",Number of,"The Emergency Events Database (EM-DAT) , Centre for Research on the Epidemiology of Disasters (CRED) / Université catholique de Louvain (UCLouvain), Brussels, Belgium – www.emdat.be.",ECCD,Climate Related Disasters Frequency,"Environment, Climate Change, Adaptation, Climate Related Disasters Frequency",1.0,3.0,4.0,1.0,,2.0,1.0,,,2.0,3.0,3.0,3.0,3.0,4.0,6.0,1.0,1.0,,4.0,3.0,3.0,4.0,1.0,3.0,2.0,6.0,5.0,8.0,8.0,9.0,15.0,8.0,5.0,3.0,5.0,2.0,3.0,1.0,1.0,,5.0,2.0,6.0
Philippines,PH,PHL,"Climate related disasters frequency, Number of Disasters: Landslide",Number of,"The Emergency Events Database (EM-DAT) , Centre for Research on the Epidemiology of Disasters (CRED) / Université catholique de Louvain (UCLouvain), Brussels, Belgium – www.emdat.be.",ECCD,Climate Related Disasters Frequency,"Environment, Climate Change, Adaptation, Climate Related Disasters Frequency",,1.0,,,,,,,2.0,3.0,,,,1.0,2.0,,2.0,,,4.0,1.0,,,1.0,1.0,,3.0,,1.0,1.0,1.0,3.0,1.0,,,,,,,,1.0,,1.0,
Philippines,PH,PHL,"Climate related disasters frequency, Number of Disasters: Storm",Number of,"The Emergency Events Database (EM-DAT) , Centre for Research on the Epidemiology of Disasters (CRED) / Université catholique de Louvain (UCLouvain), Brussels, Belgium – www.emdat.be.",ECCD,Climate Related Disasters Frequency,"Environment, Climate Change, Adaptation, Climate Related Disasters Frequency",6.0,8.0,9.0,4.0,4.0,3.0,6.0,5.0,6.0,7.0,5.0,6.0,4.0,6.0,11.0,7.0,2.0,3.0,4.0,8.0,6.0,6.0,6.0,8.0,8.0,2.0,10.0,8.0,11.0,14.0,3.0,12.0,9.0,8.0,9.0,10.0,8.0,8.0,7.0,7.0,6.0,8.0,6.0,7.0
Philippines,PH,PHL,"Climate related disasters frequency, Number of Disasters: TOTAL",Number of,"The Emergency Events Database (EM-DAT) , Centre for Research on the Epidemiology of Disasters (CRED) / Université catholique de Louvain (UCLouvain), Brussels, Belgium – www.emdat.be.",ECCD,Climate Related Disasters Frequency,"Environment, Climate Change, Adaptation, Climate Related Disasters Frequency",8.0,12.0,13.0,6.0,4.0,5.0,7.0,6.0,8.0,12.0,9.0,9.0,7.0,10.0,17.0,13.0,5.0,4.0,6.0,16.0,10.0,9.0,11.0,10.0,12.0,4.0,19.0,14.0,20.0,23.0,13.0,30.0,18.0,13.0,12.0,16.0,10.0,11.0,8.0,9.0,7.0,13.0,9.0,13.0
Philippines,PH,PHL,"Climate related disasters frequency, Number of Disasters: Wildfire",Number of,"The Emergency Events Database (EM-DAT) , Centre for Research on the Epidemiology of Disasters (CRED) / Université catholique de Louvain (UCLouvain), Brussels, Belgium – www.emdat.be.",ECCD,Climate Related Disasters Frequency,"Environment, Climate Change, Adaptation, Climate Related Disasters Frequency",,,,,,,,,,,,,,,,,,,1.0,,,,,,,,,,,,,,,,,,,,,,,,,
"Poland, Rep. of",PL,POL,"Climate related disasters frequency, Number of Disasters: Drought",Number of,"The Emergency Events Database (EM-DAT) , Centre for Research on the Epidemiology of Disasters (CRED) / Université catholique de Louvain (UCLouvain), Brussels, Belgium – www.emdat.be.",ECCD,Climate Related Disasters Frequency,"Environment, Climate Change, Adaptation, Climate Related Disasters Frequency",,,,,,,,,,,,,,,,,,,,,,,,,,,,,,,,,,,,,,,1.0,,,,,
"Poland, Rep. of",PL,POL,"Climate related disasters frequency, Number of Disasters: Extreme temperature",Number of,"The Emergency Events Database (EM-DAT) , Centre for Research on the Epidemiology of Disasters (CRED) / Université catholique de Louvain (UCLouvain), Brussels, Belgium – www.emdat.be.",ECCD,Climate Related Disasters Frequency,"Environment, Climate Change, Adaptation, Climate Related Disasters Frequency",,,,,,,,,,,,,,,,,,1.0,1.0,1.0,1.0,1.0,1.0,,,1.0,,,1.0,1.0,1.0,1.0,3.0,1.0,1.0,1.0,1.0,,1.0,,,,,
"Poland, Rep. of",PL,POL,"Climate related disasters frequency, Number of Disasters: Flood",Number of,"The Emergency Events Database (EM-DAT) , Centre for Research on the Epidemiology of Disasters (CRED) / Université catholique de Louvain (UCLouvain), Brussels, Belgium – www.emdat.be.",ECCD,Climate Related Disasters Frequency,"Environment, Climate Change, Adaptation, Climate Related Disasters Frequency",1.0,,1.0,,,,,1.0,,,,,,,,,,1.0,1.0,,,1.0,,,1.0,1.0,1.0,,,1.0,2.0,,,,,,1.0,,,,1.0,1.0,,
"Poland, Rep. of",PL,POL,"Climate related disasters frequency, Number of Disasters: Storm",Number of,"The Emergency Events Database (EM-DAT) , Centre for Research on the Epidemiology of Disasters (CRED) / Université catholique de Louvain (UCLouvain), Brussels, Belgium – www.emdat.be.",ECCD,Climate Related Disasters Frequency,"Environment, Climate Change, Adaptation, Climate Related Disasters Frequency",,,,1.0,,,,,,,1.0,,,,1.0,,,,,1.0,,,2.0,,,2.0,,2.0,1.0,1.0,,,1.0,1.0,,1.0,,1.0,,1.0,1.0,2.0,3.0,
"Poland, Rep. of",PL,POL,"Climate related disasters frequency, Number of Disasters: TOTAL",Number of,"The Emergency Events Database (EM-DAT) , Centre for Research on the Epidemiology of Disasters (CRED) / Université catholique de Louvain (UCLouvain), Brussels, Belgium – www.emdat.be.",ECCD,Climate Related Disasters Frequency,"Environment, Climate Change, Adaptation, Climate Related Disasters Frequency",1.0,,1.0,2.0,,,,1.0,,,1.0,,1.0,,1.0,,,2.0,2.0,2.0,1.0,2.0,3.0,,1.0,4.0,1.0,2.0,2.0,3.0,3.0,1.0,4.0,2.0,1.0,2.0,2.0,1.0,2.0,1.0,2.0,3.0,3.0,
"Poland, Rep. of",PL,POL,"Climate related disasters frequency, Number of Disasters: Wildfire",Number of,"The Emergency Events Database (EM-DAT) , Centre for Research on the Epidemiology of Disasters (CRED) / Université catholique de Louvain (UCLouvain), Brussels, Belgium – www.emdat.be.",ECCD,Climate Related Disasters Frequency,"Environment, Climate Change, Adaptation, Climate Related Disasters Frequency",,,,1.0,,,,,,,,,1.0,,,,,,,,,,,,,,,,,,,,,,,,,,,,,,,
Portugal,PT,PRT,"Climate related disasters frequency, Number of Disasters: Drought",Number of,"The Emergency Events Database (EM-DAT) , Centre for Research on the Epidemiology of Disasters (CRED) / Université catholique de Louvain (UCLouvain), Brussels, Belgium – www.emdat.be.",ECCD,Climate Related Disasters Frequency,"Environment, Climate Change, Adaptation, Climate Related Disasters Frequency",,,,1.0,,,,,,,,,,,,,,1.0,,,,,,,1.0,,,,,,,,,,,,,,,,,,1.0,
Portugal,PT,PRT,"Climate related disasters frequency, Number of Disasters: Extreme temperature",Number of,"The Emergency Events Database (EM-DAT) , Centre for Research on the Epidemiology of Disasters (CRED) / Université catholique de Louvain (UCLouvain), Brussels, Belgium – www.emdat.be.",ECCD,Climate Related Disasters Frequency,"Environment, Climate Change, Adaptation, Climate Related Disasters Frequency",,,,,,,,,,,,,,,,,,,,,,,,1.0,,1.0,1.0,,1.0,,1.0,,,,,,,,1.0,,,,1.0,
Portugal,PT,PRT,"Climate related disasters frequency, Number of Disasters: Flood",Number of,"The Emergency Events Database (EM-DAT) , Centre for Research on the Epidemiology of Disasters (CRED) / Université catholique de Louvain (UCLouvain), Brussels, Belgium – www.emdat.be.",ECCD,Climate Related Disasters Frequency,"Environment, Climate Change, Adaptation, Climate Related Disasters Frequency",,1.0,,1.0,,,,,,,,,,,,,2.0,,,,,1.0,1.0,1.0,,,1.0,,1.0,,1.0,,,,,1.0,,,,,,,,
Portugal,PT,PRT,"Climate related disasters frequency, Number of Disasters: Storm",Number of,"The Emergency Events Database (EM-DAT) , Centre for Research on the Epidemiology of Disasters (CRED) / Université catholique de Louvain (UCLouvain), Brussels, Belgium – www.emdat.be.",ECCD,Climate Related Disasters Frequency,"Environment, Climate Change, Adaptation, Climate Related Disasters Frequency",,,,,,,,,,1.0,,,,,,,,1.0,,,1.0,,,,,,,,,,1.0,,,2.0,2.0,,,,1.0,1.0,,,,
Portugal,PT,PRT,"Climate related disasters frequency, Number of Disasters: TOTAL",Number of,"The Emergency Events Database (EM-DAT) , Centre for Research on the Epidemiology of Disasters (CRED) / Université catholique de Louvain (UCLouvain), Brussels, Belgium – www.emdat.be.",ECCD,Climate Related Disasters Frequency,"Environment, Climate Change, Adaptation, Climate Related Disasters Frequency",,1.0,,3.0,,1.0,1.0,,,1.0,,1.0,,,,,2.0,2.0,,,1.0,2.0,1.0,3.0,2.0,2.0,2.0,,2.0,,3.0,,,3.0,2.0,1.0,1.0,2.0,3.0,1.0,,,3.0,1.0
Portugal,PT,PRT,"Climate related disasters frequency, Number of Disasters: Wildfire",Number of,"The Emergency Events Database (EM-DAT) , Centre for Research on the Epidemiology of Disasters (CRED) / Université catholique de Louvain (UCLouvain), Brussels, Belgium – www.emdat.be.",ECCD,Climate Related Disasters Frequency,"Environment, Climate Change, Adaptation, Climate Related Disasters Frequency",,,,1.0,,1.0,1.0,,,,,1.0,,,,,,,,,,1.0,,1.0,1.0,1.0,,,,,,,,1.0,,,1.0,2.0,1.0,,,,1.0,1.0
Qatar,QA,QAT,"Climate related disasters frequency, Number of Disasters: Flood",Number of,"The Emergency Events Database (EM-DAT) , Centre for Research on the Epidemiology of Disasters (CRED) / Université catholique de Louvain (UCLouvain), Brussels, Belgium – www.emdat.be.",ECCD,Climate Related Disasters Frequency,"Environment, Climate Change, Adaptation, Climate Related Disasters Frequency",,,,,,,,,,,,,,,,,,,,,,,,,,,,,,,,,,,,,,,1.0,,,,,
Qatar,QA,QAT,"Climate related disasters frequency, Number of Disasters: TOTAL",Number of,"The Emergency Events Database (EM-DAT) , Centre for Research on the Epidemiology of Disasters (CRED) / Université catholique de Louvain (UCLouvain), Brussels, Belgium – www.emdat.be.",ECCD,Climate Related Disasters Frequency,"Environment, Climate Change, Adaptation, Climate Related Disasters Frequency",,,,,,,,,,,,,,,,,,,,,,,,,,,,,,,,,,,,,,,1.0,,,,,
Romania,RO,ROU,"Climate related disasters frequency, Number of Disasters: Drought",Number of,"The Emergency Events Database (EM-DAT) , Centre for Research on the Epidemiology of Disasters (CRED) / Université catholique de Louvain (UCLouvain), Brussels, Belgium – www.emdat.be.",ECCD,Climate Related Disasters Frequency,"Environment, Climate Change, Adaptation, Climate Related Disasters Frequency",,,,1.0,,,,,,,,,,,,,,,,,1.0,,,,,,,,,,,,,,,,,,,,,,,
Romania,RO,ROU,"Climate related disasters frequency, Number of Disasters: Extreme temperature",Number of,"The Emergency Events Database (EM-DAT) , Centre for Research on the Epidemiology of Disasters (CRED) / Université catholique de Louvain (UCLouvain), Brussels, Belgium – www.emdat.be.",ECCD,Climate Related Disasters Frequency,"Environment, Climate Change, Adaptation, Climate Related Disasters Frequency",,,,,,,,,,,,,,,1.0,,1.0,,2.0,,1.0,1.0,1.0,,1.0,2.0,1.0,2.0,1.0,1.0,1.0,,1.0,,1.0,,,,1.0,,,,,
Romania,RO,ROU,"Climate related disasters frequency, Number of Disasters: Flood",Number of,"The Emergency Events Database (EM-DAT) , Centre for Research on the Epidemiology of Disasters (CRED) / Université catholique de Louvain (UCLouvain), Brussels, Belgium – www.emdat.be.",ECCD,Climate Related Disasters Frequency,"Environment, Climate Change, Adaptation, Climate Related Disasters Frequency",,,,,1.0,,,,,,,1.0,,,1.0,1.0,,1.0,1.0,2.0,2.0,2.0,3.0,2.0,2.0,6.0,6.0,4.0,1.0,2.0,1.0,,,1.0,2.0,1.0,2.0,,2.0,1.0,1.0,1.0,,
Romania,RO,ROU,"Climate related disasters frequency, Number of Disasters: Landslide",Number of,"The Emergency Events Database (EM-DAT) , Centre for Research on the Epidemiology of Disasters (CRED) / Université catholique de Louvain (UCLouvain), Brussels, Belgium – www.emdat.be.",ECCD,Climate Related Disasters Frequency,"Environment, Climate Change, Adaptation, Climate Related Disasters Frequency",,,,,,,,,,,,,,,,,,,,1.0,,,,,,,,,,,,,,,,,,,,,,,,
Romania,RO,ROU,"Climate related disasters frequency, Number of Disasters: Storm",Number of,"The Emergency Events Database (EM-DAT) , Centre for Research on the Epidemiology of Disasters (CRED) / Université catholique de Louvain (UCLouvain), Brussels, Belgium – www.emdat.be.",ECCD,Climate Related Disasters Frequency,"Environment, Climate Change, Adaptation, Climate Related Disasters Frequency",,,,,,,,,,,,,,1.0,1.0,,,1.0,,,1.0,,,,3.0,1.0,,,1.0,,,,,,,,,1.0,,,,,,2.0
Romania,RO,ROU,"Climate related disasters frequency, Number of Disasters: TOTAL",Number of,"The Emergency Events Database (EM-DAT) , Centre for Research on the Epidemiology of Disasters (CRED) / Université catholique de Louvain (UCLouvain), Brussels, Belgium – www.emdat.be.",ECCD,Climate Related Disasters Frequency,"Environment, Climate Change, Adaptation, Climate Related Disasters Frequency",,,,1.0,1.0,,,,,,,1.0,,1.0,3.0,1.0,1.0,2.0,3.0,3.0,5.0,3.0,4.0,2.0,6.0,9.0,7.0,6.0,3.0,3.0,2.0,,1.0,1.0,3.0,1.0,2.0,1.0,3.0,1.0,1.0,1.0,,2.0
Russian Federation,RU,RUS,"Climate related disasters frequency, Number of Disasters: Drought",Number of,"The Emergency Events Database (EM-DAT) , Centre for Research on the Epidemiology of Disasters (CRED) / Université catholique de Louvain (UCLouvain), Brussels, Belgium – www.emdat.be.",ECCD,Climate Related Disasters Frequency,"Environment, Climate Change, Adaptation, Climate Related Disasters Frequency",,,,,,,,,,,,,,1.0,,,,,1.0,,,,,1.0,,,,,,,1.0,,1.0,,,,,,,,,,,
Russian Federation,RU,RUS,"Climate related disasters frequency, Number of Disasters: Extreme temperature",Number of,"The Emergency Events Database (EM-DAT) , Centre for Research on the Epidemiology of Disasters (CRED) / Université catholique de Louvain (UCLouvain), Brussels, Belgium – www.emdat.be.",ECCD,Climate Related Disasters Frequency,"Environment, Climate Change, Adaptation, Climate Related Disasters Frequency",,,,,,,,,,,,,,1.0,1.0,2.0,,1.0,1.0,2.0,3.0,3.0,1.0,,,1.0,,,,,3.0,,2.0,,,,,,,,,,,
Russian Federation,RU,RUS,"Climate related disasters frequency, Number of Disasters: Flood",Number of,"The Emergency Events Database (EM-DAT) , Centre for Research on the Epidemiology of Disasters (CRED) / Université catholique de Louvain (UCLouvain), Brussels, Belgium – www.emdat.be.",ECCD,Climate Related Disasters Frequency,"Environment, Climate Change, Adaptation, Climate Related Disasters Frequency",,,,,,,,,,,,,1.0,2.0,5.0,,2.0,1.0,4.0,1.0,8.0,3.0,4.0,1.0,3.0,5.0,3.0,1.0,,,2.0,2.0,4.0,2.0,1.0,1.0,3.0,1.0,2.0,4.0,,3.0,1.0,
Russian Federation,RU,RUS,"Climate related disasters frequency, Number of Disasters: Landslide",Number of,"The Emergency Events Database (EM-DAT) , Centre for Research on the Epidemiology of Disasters (CRED) / Université catholique de Louvain (UCLouvain), Brussels, Belgium – www.emdat.be.",ECCD,Climate Related Disasters Frequency,"Environment, Climate Change, Adaptation, Climate Related Disasters Frequency",,,,,,,,,,,,,1.0,2.0,,1.0,1.0,,,,2.0,,1.0,,,1.0,,,,,,,,,,,,,,,,1.0,,
Russian Federation,RU,RUS,"Climate related disasters frequency, Number of Disasters: Storm",Number of,"The Emergency Events Database (EM-DAT) , Centre for Research on the Epidemiology of Disasters (CRED) / Université catholique de Louvain (UCLouvain), Brussels, Belgium – www.emdat.be.",ECCD,Climate Related Disasters Frequency,"Environment, Climate Change, Adaptation, Climate Related Disasters Frequency",,,,,,,,,,,,,,,2.0,3.0,,,1.0,1.0,1.0,2.0,2.0,1.0,3.0,2.0,,1.0,,,,1.0,,,,,,1.0,,,,,1.0,3.0
Russian Federation,RU,RUS,"Climate related disasters frequency, Number of Disasters: TOTAL",Number of,"The Emergency Events Database (EM-DAT) , Centre for Research on the Epidemiology of Disasters (CRED) / Université catholique de Louvain (UCLouvain), Brussels, Belgium – www.emdat.be.",ECCD,Climate Related Disasters Frequency,"Environment, Climate Change, Adaptation, Climate Related Disasters Frequency",,,,,,,,,,,,,3.0,6.0,8.0,6.0,4.0,3.0,8.0,5.0,19.0,10.0,11.0,4.0,7.0,9.0,3.0,2.0,,,8.0,3.0,8.0,2.0,1.0,2.0,3.0,2.0,2.0,5.0,,5.0,3.0,4.0
Russian Federation,RU,RUS,"Climate related disasters frequency, Number of Disasters: Wildfire",Number of,"The Emergency Events Database (EM-DAT) , Centre for Research on the Epidemiology of Disasters (CRED) / Université catholique de Louvain (UCLouvain), Brussels, Belgium – www.emdat.be.",ECCD,Climate Related Disasters Frequency,"Environment, Climate Change, Adaptation, Climate Related Disasters Frequency",,,,,,,,,,,,,1.0,,,,1.0,1.0,1.0,1.0,5.0,2.0,3.0,1.0,1.0,,,,,,2.0,,1.0,,,1.0,,,,1.0,,1.0,1.0,1.0
Rwanda,RW,RWA,"Climate related disasters frequency, Number of Disasters: Drought",Number of,"The Emergency Events Database (EM-DAT) , Centre for Research on the Epidemiology of Disasters (CRED) / Université catholique de Louvain (UCLouvain), Brussels, Belgium – www.emdat.be.",ECCD,Climate Related Disasters Frequency,"Environment, Climate Change, Adaptation, Climate Related Disasters Frequency",,,,,1.0,,,,,1.0,,,,,,,1.0,,,1.0,,,,1.0,,,,,,,,,,,,,,,,,,,,
Rwanda,RW,RWA,"Climate related disasters frequency, Number of Disasters: Flood",Number of,"The Emergency Events Database (EM-DAT) , Centre for Research on the Epidemiology of Disasters (CRED) / Université catholique de Louvain (UCLouvain), Brussels, Belgium – www.emdat.be.",ECCD,Climate Related Disasters Frequency,"Environment, Climate Change, Adaptation, Climate Related Disasters Frequency",,,,,,,,,1.0,,,,,,,,,,,,,2.0,1.0,1.0,,,,2.0,1.0,,,1.0,1.0,,,1.0,1.0,,3.0,2.0,5.0,1.0,3.0,1.0
Rwanda,RW,RWA,"Climate related disasters frequency, Number of Disasters: Landslide",Number of,"The Emergency Events Database (EM-DAT) , Centre for Research on the Epidemiology of Disasters (CRED) / Université catholique de Louvain (UCLouvain), Brussels, Belgium – www.emdat.be.",ECCD,Climate Related Disasters Frequency,"Environment, Climate Change, Adaptation, Climate Related Disasters Frequency",,,,,,,,,,,,,,,,,,,,,,,,,,,1.0,,,,2.0,,,,,,1.0,,1.0,,,,,
Rwanda,RW,RWA,"Climate related disasters frequency, Number of Disasters: Storm",Number of,"The Emergency Events Database (EM-DAT) , Centre for Research on the Epidemiology of Disasters (CRED) / Université catholique de Louvain (UCLouvain), Brussels, Belgium – www.emdat.be.",ECCD,Climate Related Disasters Frequency,"Environment, Climate Change, Adaptation, Climate Related Disasters Frequency",,,,,,,,,,,,,,,,,,,,,,,,,,,,,,,,,,,,,,2.0,,,,,,
Rwanda,RW,RWA,"Climate related disasters frequency, Number of Disasters: TOTAL",Number of,"The Emergency Events Database (EM-DAT) , Centre for Research on the Epidemiology of Disasters (CRED) / Université catholique de Louvain (UCLouvain), Brussels, Belgium – www.emdat.be.",ECCD,Climate Related Disasters Frequency,"Environment, Climate Change, Adaptation, Climate Related Disasters Frequency",,,,,1.0,,,,1.0,1.0,,,,,,,1.0,,,1.0,,2.0,1.0,2.0,,,1.0,2.0,1.0,,2.0,1.0,1.0,,,1.0,2.0,2.0,4.0,2.0,5.0,1.0,3.0,1.0
Saint Barthélemy,,BLM,"Climate related disasters frequency, Number of Disasters: Storm",Number of,"The Emergency Events Database (EM-DAT) , Centre for Research on the Epidemiology of Disasters (CRED) / Université catholique de Louvain (UCLouvain), Brussels, Belgium – www.emdat.be.",ECCD,Climate Related Disasters Frequency,"Environment, Climate Change, Adaptation, Climate Related Disasters Frequency",,,,,,,,,,,,,,,,,,,,,,,,,,,,,,,,,,,,,,1.0,,,,,,
Saint Barthélemy,,BLM,"Climate related disasters frequency, Number of Disasters: TOTAL",Number of,"The Emergency Events Database (EM-DAT) , Centre for Research on the Epidemiology of Disasters (CRED) / Université catholique de Louvain (UCLouvain), Brussels, Belgium – www.emdat.be.",ECCD,Climate Related Disasters Frequency,"Environment, Climate Change, Adaptation, Climate Related Disasters Frequency",,,,,,,,,,,,,,,,,,,,,,,,,,,,,,,,,,,,,,1.0,,,,,,
Saint Helena,SH,SHN,"Climate related disasters frequency, Number of Disasters: Storm",Number of,"The Emergency Events Database (EM-DAT) , Centre for Research on the Epidemiology of Disasters (CRED) / Université catholique de Louvain (UCLouvain), Brussels, Belgium – www.emdat.be.",ECCD,Climate Related Disasters Frequency,"Environment, Climate Change, Adaptation, Climate Related Disasters Frequency",,,,,,,,,,,,,,,,,,,,,,1.0,,,,,,,,,,,,,,,,,,,,,,
Saint Helena,SH,SHN,"Climate related disasters frequency, Number of Disasters: TOTAL",Number of,"The Emergency Events Database (EM-DAT) , Centre for Research on the Epidemiology of Disasters (CRED) / Université catholique de Louvain (UCLouvain), Brussels, Belgium – www.emdat.be.",ECCD,Climate Related Disasters Frequency,"Environment, Climate Change, Adaptation, Climate Related Disasters Frequency",,,,,,,,,,,,,,,,,,,,,,1.0,,,,,,,,,,,,,,,,,,,,,,
Saint Martin (French Part),,MAF,"Climate related disasters frequency, Number of Disasters: Storm",Number of,"The Emergency Events Database (EM-DAT) , Centre for Research on the Epidemiology of Disasters (CRED) / Université catholique de Louvain (UCLouvain), Brussels, Belgium – www.emdat.be.",ECCD,Climate Related Disasters Frequency,"Environment, Climate Change, Adaptation, Climate Related Disasters Frequency",,,,,,,,,,,,,,,,,,,,,,,,,,,,,,,,,,,,,,1.0,,,,,,
Saint Martin (French Part),,MAF,"Climate related disasters frequency, Number of Disasters: TOTAL",Number of,"The Emergency Events Database (EM-DAT) , Centre for Research on the Epidemiology of Disasters (CRED) / Université catholique de Louvain (UCLouvain), Brussels, Belgium – www.emdat.be.",ECCD,Climate Related Disasters Frequency,"Environment, Climate Change, Adaptation, Climate Related Disasters Frequency",,,,,,,,,,,,,,,,,,,,,,,,,,,,,,,,,,,,,,1.0,,,,,,
Samoa,WS,WSM,"Climate related disasters frequency, Number of Disasters: Drought",Number of,"The Emergency Events Database (EM-DAT) , Centre for Research on the Epidemiology of Disasters (CRED) / Université catholique de Louvain (UCLouvain), Brussels, Belgium – www.emdat.be.",ECCD,Climate Related Disasters Frequency,"Environment, Climate Change, Adaptation, Climate Related Disasters Frequency",,,,,,,,,,,,,,,,,,,,,,,,,,,,,,,,,,,,1.0,,,,,,,,
Samoa,WS,WSM,"Climate related disasters frequency, Number of Disasters: Flood",Number of,"The Emergency Events Database (EM-DAT) , Centre for Research on the Epidemiology of Disasters (CRED) / Université catholique de Louvain (UCLouvain), Brussels, Belgium – www.emdat.be.",ECCD,Climate Related Disasters Frequency,"Environment, Climate Change, Adaptation, Climate Related Disasters Frequency",,,,,,,,,,,,,,,,,,,,,,1.0,,,,,,,,,,,,,,,,,,,,,,
Samoa,WS,WSM,"Climate related disasters frequency, Number of Disasters: Storm",Number of,"The Emergency Events Database (EM-DAT) , Centre for Research on the Epidemiology of Disasters (CRED) / Université catholique de Louvain (UCLouvain), Brussels, Belgium – www.emdat.be.",ECCD,Climate Related Disasters Frequency,"Environment, Climate Change, Adaptation, Climate Related Disasters Frequency",,,,1.0,,,,,,1.0,1.0,1.0,,,,,,,,,,,,,1.0,1.0,,,,,,,1.0,,,,,,1.0,,,,,
Samoa,WS,WSM,"Climate related disasters frequency, Number of Disasters: TOTAL",Number of,"The Emergency Events Database (EM-DAT) , Centre for Research on the Epidemiology of Disasters (CRED) / Université catholique de Louvain (UCLouvain), Brussels, Belgium – www.emdat.be.",ECCD,Climate Related Disasters Frequency,"Environment, Climate Change, Adaptation, Climate Related Disasters Frequency",,,,2.0,,,,,,1.0,1.0,1.0,,,,,,,,,,1.0,,,1.0,1.0,,,,,,,1.0,,,1.0,,,1.0,,,,,
Samoa,WS,WSM,"Climate related disasters frequency, Number of Disasters: Wildfire",Number of,"The Emergency Events Database (EM-DAT) , Centre for Research on the Epidemiology of Disasters (CRED) / Université catholique de Louvain (UCLouvain), Brussels, Belgium – www.emdat.be.",ECCD,Climate Related Disasters Frequency,"Environment, Climate Change, Adaptation, Climate Related Disasters Frequency",,,,1.0,,,,,,,,,,,,,,,,,,,,,,,,,,,,,,,,,,,,,,,,
"São Tomé and Príncipe, Dem. Rep. of",ST,STP,"Climate related disasters frequency, Number of Disasters: Drought",Number of,"The Emergency Events Database (EM-DAT) , Centre for Research on the Epidemiology of Disasters (CRED) / Université catholique de Louvain (UCLouvain), Brussels, Belgium – www.emdat.be.",ECCD,Climate Related Disasters Frequency,"Environment, Climate Change, Adaptation, Climate Related Disasters Frequency",,,,1.0,,,,,,,,,,,,,,,,,,,,,,,,,,,,,,,,,,,,,,,,
"São Tomé and Príncipe, Dem. Rep. of",ST,STP,"Climate related disasters frequency, Number of Disasters: Flood",Number of,"The Emergency Events Database (EM-DAT) , Centre for Research on the Epidemiology of Disasters (CRED) / Université catholique de Louvain (UCLouvain), Brussels, Belgium – www.emdat.be.",ECCD,Climate Related Disasters Frequency,"Environment, Climate Change, Adaptation, Climate Related Disasters Frequency",,,,,,,,,,,,,,,,,,,,,,,,,,,,,,,,,,,,,,,,,,1.0,,
"São Tomé and Príncipe, Dem. Rep. of",ST,STP,"Climate related disasters frequency, Number of Disasters: TOTAL",Number of,"The Emergency Events Database (EM-DAT) , Centre for Research on the Epidemiology of Disasters (CRED) / Université catholique de Louvain (UCLouvain), Brussels, Belgium – www.emdat.be.",ECCD,Climate Related Disasters Frequency,"Environment, Climate Change, Adaptation, Climate Related Disasters Frequency",,,,1.0,,,,,,,,,,,,,,,,,,,,,,,,,,,,,,,,,,,,,,1.0,,
Saudi Arabia,SA,SAU,"Climate related disasters frequency, Number of Disasters: Flood",Number of,"The Emergency Events Database (EM-DAT) , Centre for Research on the Epidemiology of Disasters (CRED) / Université catholique de Louvain (UCLouvain), Brussels, Belgium – www.emdat.be.",ECCD,Climate Related Disasters Frequency,"Environment, Climate Change, Adaptation, Climate Related Disasters Frequency",,,,,,1.0,,,,,,,,,,,,,,,,,1.0,2.0,1.0,2.0,,,,1.0,2.0,1.0,1.0,2.0,,2.0,2.0,1.0,,3.0,1.0,,,
Saudi Arabia,SA,SAU,"Climate related disasters frequency, Number of Disasters: Storm",Number of,"The Emergency Events Database (EM-DAT) , Centre for Research on the Epidemiology of Disasters (CRED) / Université catholique de Louvain (UCLouvain), Brussels, Belgium – www.emdat.be.",ECCD,Climate Related Disasters Frequency,"Environment, Climate Change, Adaptation, Climate Related Disasters Frequency",,,1.0,,,,,,,,,,,,,,,,,,,,,,,,,,,,,,,,,,1.0,,,,,,,
Saudi Arabia,SA,SAU,"Climate related disasters frequency, Number of Disasters: TOTAL",Number of,"The Emergency Events Database (EM-DAT) , Centre for Research on the Epidemiology of Disasters (CRED) / Université catholique de Louvain (UCLouvain), Brussels, Belgium – www.emdat.be.",ECCD,Climate Related Disasters Frequency,"Environment, Climate Change, Adaptation, Climate Related Disasters Frequency",,,1.0,,,1.0,,,,,,,,,,,,,,,,,1.0,2.0,1.0,2.0,,,,1.0,2.0,1.0,1.0,2.0,,2.0,3.0,1.0,,3.0,1.0,,,
Senegal,SN,SEN,"Climate related disasters frequency, Number of Disasters: Drought",Number of,"The Emergency Events Database (EM-DAT) , Centre for Research on the Epidemiology of Disasters (CRED) / Université catholique de Louvain (UCLouvain), Brussels, Belgium – www.emdat.be.",ECCD,Climate Related Disasters Frequency,"Environment, Climate Change, Adaptation, Climate Related Disasters Frequency",1.0,,,,,,,,,,,,,,,,,,,,,,1.0,,,,,,,,,1.0,,,1.0,,,,1.0,,,,,
Senegal,SN,SEN,"Climate related disasters frequency, Number of Disasters: Flood",Number of,"The Emergency Events Database (EM-DAT) , Centre for Research on the Epidemiology of Disasters (CRED) / Université catholique de Louvain (UCLouvain), Brussels, Belgium – www.emdat.be.",ECCD,Climate Related Disasters Frequency,"Environment, Climate Change, Adaptation, Climate Related Disasters Frequency",,,,1.0,,1.0,,,1.0,,,,,1.0,1.0,,,,1.0,,1.0,,1.0,1.0,,1.0,,1.0,1.0,1.0,2.0,1.0,1.0,1.0,,,1.0,,,1.0,1.0,,1.0,
Senegal,SN,SEN,"Climate related disasters frequency, Number of Disasters: Storm",Number of,"The Emergency Events Database (EM-DAT) , Centre for Research on the Epidemiology of Disasters (CRED) / Université catholique de Louvain (UCLouvain), Brussels, Belgium – www.emdat.be.",ECCD,Climate Related Disasters Frequency,"Environment, Climate Change, Adaptation, Climate Related Disasters Frequency",,,,,,,,,,,,,,,,,,,,2.0,,,,,1.0,,,,,,,,,,,,,,,,,,,
Senegal,SN,SEN,"Climate related disasters frequency, Number of Disasters: TOTAL",Number of,"The Emergency Events Database (EM-DAT) , Centre for Research on the Epidemiology of Disasters (CRED) / Université catholique de Louvain (UCLouvain), Brussels, Belgium – www.emdat.be.",ECCD,Climate Related Disasters Frequency,"Environment, Climate Change, Adaptation, Climate Related Disasters Frequency",1.0,,,1.0,,1.0,,,1.0,,,,,1.0,1.0,,,,1.0,2.0,1.0,,2.0,1.0,1.0,1.0,,1.0,1.0,1.0,2.0,2.0,1.0,1.0,1.0,,1.0,,1.0,1.0,1.0,,1.0,
Serbia and Montenegro,CS,SCG,"Climate related disasters frequency, Number of Disasters: Extreme temperature",Number of,"The Emergency Events Database (EM-DAT) , Centre for Research on the Epidemiology of Disasters (CRED) / Université catholique de Louvain (UCLouvain), Brussels, Belgium – www.emdat.be.",ECCD,Climate Related Disasters Frequency,"Environment, Climate Change, Adaptation, Climate Related Disasters Frequency",,,,,,,,,,,,,,,,,,,,,1.0,,,,,1.0,,,,,,,,,,,,,,,,,,
Serbia and Montenegro,CS,SCG,"Climate related disasters frequency, Number of Disasters: Flood",Number of,"The Emergency Events Database (EM-DAT) , Centre for Research on the Epidemiology of Disasters (CRED) / Université catholique de Louvain (UCLouvain), Brussels, Belgium – www.emdat.be.",ECCD,Climate Related Disasters Frequency,"Environment, Climate Change, Adaptation, Climate Related Disasters Frequency",,,,,,,,,,,,,1.0,,,,,,,2.0,2.0,,1.0,,,1.0,2.0,,,,,,,,,,,,,,,,,
Serbia and Montenegro,CS,SCG,"Climate related disasters frequency, Number of Disasters: Storm",Number of,"The Emergency Events Database (EM-DAT) , Centre for Research on the Epidemiology of Disasters (CRED) / Université catholique de Louvain (UCLouvain), Brussels, Belgium – www.emdat.be.",ECCD,Climate Related Disasters Frequency,"Environment, Climate Change, Adaptation, Climate Related Disasters Frequency",,,,,,,,,,,,,,,,,,,,,,,,,,1.0,,,,,,,,,,,,,,,,,,
Serbia and Montenegro,CS,SCG,"Climate related disasters frequency, Number of Disasters: TOTAL",Number of,"The Emergency Events Database (EM-DAT) , Centre for Research on the Epidemiology of Disasters (CRED) / Université catholique de Louvain (UCLouvain), Brussels, Belgium – www.emdat.be.",ECCD,Climate Related Disasters Frequency,"Environment, Climate Change, Adaptation, Climate Related Disasters Frequency",,,,,,,,,,,,,1.0,,,,,,,2.0,4.0,,1.0,,,3.0,2.0,,,,,,,,,,,,,,,,,
Serbia and Montenegro,CS,SCG,"Climate related disasters frequency, Number of Disasters: Wildfire",Number of,"The Emergency Events Database (EM-DAT) , Centre for Research on the Epidemiology of Disasters (CRED) / Université catholique de Louvain (UCLouvain), Brussels, Belgium – www.emdat.be.",ECCD,Climate Related Disasters Frequency,"Environment, Climate Change, Adaptation, Climate Related Disasters Frequency",,,,,,,,,,,,,,,,,,,,,1.0,,,,,,,,,,,,,,,,,,,,,,,
"Serbia, Rep. of",RS,SRB,"Climate related disasters frequency, Number of Disasters: Extreme temperature",Number of,"The Emergency Events Database (EM-DAT) , Centre for Research on the Epidemiology of Disasters (CRED) / Université catholique de Louvain (UCLouvain), Brussels, Belgium – www.emdat.be.",ECCD,Climate Related Disasters Frequency,"Environment, Climate Change, Adaptation, Climate Related Disasters Frequency",,,,,,,,,,,,,,,,,,,,,,,,,,,,1.0,,1.0,2.0,,3.0,,1.0,,,1.0,,,,,,
"Serbia, Rep. of",RS,SRB,"Climate related disasters frequency, Number of Disasters: Flood",Number of,"The Emergency Events Database (EM-DAT) , Centre for Research on the Epidemiology of Disasters (CRED) / Université catholique de Louvain (UCLouvain), Brussels, Belgium – www.emdat.be.",ECCD,Climate Related Disasters Frequency,"Environment, Climate Change, Adaptation, Climate Related Disasters Frequency",,,,,,,,,,,,,,,,,,,,,,,,,,,,1.0,,1.0,3.0,,,2.0,4.0,,2.0,,1.0,1.0,1.0,1.0,,2.0
"Serbia, Rep. of",RS,SRB,"Climate related disasters frequency, Number of Disasters: Storm",Number of,"The Emergency Events Database (EM-DAT) , Centre for Research on the Epidemiology of Disasters (CRED) / Université catholique de Louvain (UCLouvain), Brussels, Belgium – www.emdat.be.",ECCD,Climate Related Disasters Frequency,"Environment, Climate Change, Adaptation, Climate Related Disasters Frequency",,,,,,,,,,,,,,,,,,,,,,,,,,,,,,,,,,,,,,,,,,,,2.0
"Serbia, Rep. of",RS,SRB,"Climate related disasters frequency, Number of Disasters: TOTAL",Number of,"The Emergency Events Database (EM-DAT) , Centre for Research on the Epidemiology of Disasters (CRED) / Université catholique de Louvain (UCLouvain), Brussels, Belgium – www.emdat.be.",ECCD,Climate Related Disasters Frequency,"Environment, Climate Change, Adaptation, Climate Related Disasters Frequency",,,,,,,,,,,,,,,,,,,,,,,,,,,,2.0,,2.0,5.0,,3.0,2.0,5.0,,2.0,1.0,1.0,1.0,1.0,1.0,,4.0
Seychelles,SC,SYC,"Climate related disasters frequency, Number of Disasters: Flood",Number of,"The Emergency Events Database (EM-DAT) , Centre for Research on the Epidemiology of Disasters (CRED) / Université catholique de Louvain (UCLouvain), Brussels, Belgium – www.emdat.be.",ECCD,Climate Related Disasters Frequency,"Environment, Climate Change, Adaptation, Climate Related Disasters Frequency",,,,,,,,,,,,,,,,,,1.0,,,,,,,,,,,,,,,,,1.0,,,,,,,,,
Seychelles,SC,SYC,"Climate related disasters frequency, Number of Disasters: Storm",Number of,"The Emergency Events Database (EM-DAT) , Centre for Research on the Epidemiology of Disasters (CRED) / Université catholique de Louvain (UCLouvain), Brussels, Belgium – www.emdat.be.",ECCD,Climate Related Disasters Frequency,"Environment, Climate Change, Adaptation, Climate Related Disasters Frequency",,,,,,,,,,,,,,,,,,,,,,,1.0,,,,,,,,,,,1.0,,,,,,,,,,
Seychelles,SC,SYC,"Climate related disasters frequency, Number of Disasters: TOTAL",Number of,"The Emergency Events Database (EM-DAT) , Centre for Research on the Epidemiology of Disasters (CRED) / Université catholique de Louvain (UCLouvain), Brussels, Belgium – www.emdat.be.",ECCD,Climate Related Disasters Frequency,"Environment, Climate Change, Adaptation, Climate Related Disasters Frequency",,,,,,,,,,,,,,,,,,1.0,,,,,1.0,,,,,,,,,,,1.0,1.0,,,,,,,,,
Sierra Leone,SL,SLE,"Climate related disasters frequency, Number of Disasters: Flood",Number of,"The Emergency Events Database (EM-DAT) , Centre for Research on the Epidemiology of Disasters (CRED) / Université catholique de Louvain (UCLouvain), Brussels, Belgium – www.emdat.be.",ECCD,Climate Related Disasters Frequency,"Environment, Climate Change, Adaptation, Climate Related Disasters Frequency",,,,,,,,,,,,,,,,,1.0,,,,,,,,1.0,1.0,,1.0,,1.0,1.0,1.0,,,,1.0,,,,2.0,,,1.0,
Sierra Leone,SL,SLE,"Climate related disasters frequency, Number of Disasters: Landslide",Number of,"The Emergency Events Database (EM-DAT) , Centre for Research on the Epidemiology of Disasters (CRED) / Université catholique de Louvain (UCLouvain), Brussels, Belgium – www.emdat.be.",ECCD,Climate Related Disasters Frequency,"Environment, Climate Change, Adaptation, Climate Related Disasters Frequency",,,,,,,,,,,,,,,,,,,,,,,,,,,,,,,1.0,,,,,,,1.0,,,,,,
Sierra Leone,SL,SLE,"Climate related disasters frequency, Number of Disasters: Storm",Number of,"The Emergency Events Database (EM-DAT) , Centre for Research on the Epidemiology of Disasters (CRED) / Université catholique de Louvain (UCLouvain), Brussels, Belgium – www.emdat.be.",ECCD,Climate Related Disasters Frequency,"Environment, Climate Change, Adaptation, Climate Related Disasters Frequency",,,,,1.0,,,,,,,,,,,,,,,1.0,,,,,,,,,,,,,,,,,,,,,,,,1.0
Sierra Leone,SL,SLE,"Climate related disasters frequency, Number of Disasters: TOTAL",Number of,"The Emergency Events Database (EM-DAT) , Centre for Research on the Epidemiology of Disasters (CRED) / Université catholique de Louvain (UCLouvain), Brussels, Belgium – www.emdat.be.",ECCD,Climate Related Disasters Frequency,"Environment, Climate Change, Adaptation, Climate Related Disasters Frequency",,,,,1.0,,,,,,,,,,,,1.0,,,1.0,,,,,1.0,1.0,,1.0,,1.0,2.0,1.0,,1.0,,1.0,,1.0,,2.0,,,1.0,1.0
Sierra Leone,SL,SLE,"Climate related disasters frequency, Number of Disasters: Wildfire",Number of,"The Emergency Events Database (EM-DAT) , Centre for Research on the Epidemiology of Disasters (CRED) / Université catholique de Louvain (UCLouvain), Brussels, Belgium – www.emdat.be.",ECCD,Climate Related Disasters Frequency,"Environment, Climate Change, Adaptation, Climate Related Disasters Frequency",,,,,,,,,,,,,,,,,,,,,,,,,,,,,,,,,,1.0,,,,,,,,,,
"Sint Maarten, Kingdom of the Netherlands",SX,SXM,"Climate related disasters frequency, Number of Disasters: Storm",Number of,"The Emergency Events Database (EM-DAT) , Centre for Research on the Epidemiology of Disasters (CRED) / Université catholique de Louvain (UCLouvain), Brussels, Belgium – www.emdat.be.",ECCD,Climate Related Disasters Frequency,"Environment, Climate Change, Adaptation, Climate Related Disasters Frequency",,,,,,,,,,,,,,,,,,,,,,,,,,,,,,,,,,,,,,1.0,,,,,,
"Sint Maarten, Kingdom of the Netherlands",SX,SXM,"Climate related disasters frequency, Number of Disasters: TOTAL",Number of,"The Emergency Events Database (EM-DAT) , Centre for Research on the Epidemiology of Disasters (CRED) / Université catholique de Louvain (UCLouvain), Brussels, Belgium – www.emdat.be.",ECCD,Climate Related Disasters Frequency,"Environment, Climate Change, Adaptation, Climate Related Disasters Frequency",,,,,,,,,,,,,,,,,,,,,,,,,,,,,,,,,,,,,,1.0,,,,,,
Slovak Rep.,SK,SVK,"Climate related disasters frequency, Number of Disasters: Extreme temperature",Number of,"The Emergency Events Database (EM-DAT) , Centre for Research on the Epidemiology of Disasters (CRED) / Université catholique de Louvain (UCLouvain), Brussels, Belgium – www.emdat.be.",ECCD,Climate Related Disasters Frequency,"Environment, Climate Change, Adaptation, Climate Related Disasters Frequency",,,,,,,,,,,,,,,,,,,,,,,,1.0,,1.0,,1.0,,,1.0,,1.0,,,,,,,,,,,
Slovak Rep.,SK,SVK,"Climate related disasters frequency, Number of Disasters: Flood",Number of,"The Emergency Events Database (EM-DAT) , Centre for Research on the Epidemiology of Disasters (CRED) / Université catholique de Louvain (UCLouvain), Brussels, Belgium – www.emdat.be.",ECCD,Climate Related Disasters Frequency,"Environment, Climate Change, Adaptation, Climate Related Disasters Frequency",,,,,,,,,,,,,,,,,,1.0,1.0,1.0,,1.0,1.0,,1.0,1.0,2.0,,,,2.0,,,1.0,,,,,,,1.0,1.0,,
Slovak Rep.,SK,SVK,"Climate related disasters frequency, Number of Disasters: Storm",Number of,"The Emergency Events Database (EM-DAT) , Centre for Research on the Epidemiology of Disasters (CRED) / Université catholique de Louvain (UCLouvain), Brussels, Belgium – www.emdat.be.",ECCD,Climate Related Disasters Frequency,"Environment, Climate Change, Adaptation, Climate Related Disasters Frequency",,,,,,,,,,,,,,,,,,,,,,,,,1.0,,,,,,,,,,,,,1.0,,1.0,,,,1.0
Slovak Rep.,SK,SVK,"Climate related disasters frequency, Number of Disasters: TOTAL",Number of,"The Emergency Events Database (EM-DAT) , Centre for Research on the Epidemiology of Disasters (CRED) / Université catholique de Louvain (UCLouvain), Brussels, Belgium – www.emdat.be.",ECCD,Climate Related Disasters Frequency,"Environment, Climate Change, Adaptation, Climate Related Disasters Frequency",,,,,,,,,,,,,,,,,,1.0,1.0,1.0,1.0,1.0,1.0,1.0,2.0,2.0,2.0,1.0,,,3.0,,1.0,1.0,,,,1.0,,1.0,1.0,1.0,,1.0
Slovak Rep.,SK,SVK,"Climate related disasters frequency, Number of Disasters: Wildfire",Number of,"The Emergency Events Database (EM-DAT) , Centre for Research on the Epidemiology of Disasters (CRED) / Université catholique de Louvain (UCLouvain), Brussels, Belgium – www.emdat.be.",ECCD,Climate Related Disasters Frequency,"Environment, Climate Change, Adaptation, Climate Related Disasters Frequency",,,,,,,,,,,,,,,,,,,,,1.0,,,,,,,,,,,,,,,,,,,,,,,
"Slovenia, Rep. of",SI,SVN,"Climate related disasters frequency, Number of Disasters: Extreme temperature",Number of,"The Emergency Events Database (EM-DAT) , Centre for Research on the Epidemiology of Disasters (CRED) / Université catholique de Louvain (UCLouvain), Brussels, Belgium – www.emdat.be.",ECCD,Climate Related Disasters Frequency,"Environment, Climate Change, Adaptation, Climate Related Disasters Frequency",,,,,,,,,,,,,,,,,,,,,,,,1.0,,,,,,,,,,,1.0,,,,,,,,,
"Slovenia, Rep. of",SI,SVN,"Climate related disasters frequency, Number of Disasters: Flood",Number of,"The Emergency Events Database (EM-DAT) , Centre for Research on the Epidemiology of Disasters (CRED) / Université catholique de Louvain (UCLouvain), Brussels, Belgium – www.emdat.be.",ECCD,Climate Related Disasters Frequency,"Environment, Climate Change, Adaptation, Climate Related Disasters Frequency",,,,,,,,,,,,,,,,,,,,,,,,,,1.0,,,,,,,1.0,,1.0,,,,,,,1.0,,1.0
"Slovenia, Rep. of",SI,SVN,"Climate related disasters frequency, Number of Disasters: Storm",Number of,"The Emergency Events Database (EM-DAT) , Centre for Research on the Epidemiology of Disasters (CRED) / Université catholique de Louvain (UCLouvain), Brussels, Belgium – www.emdat.be.",ECCD,Climate Related Disasters Frequency,"Environment, Climate Change, Adaptation, Climate Related Disasters Frequency",,,,,,,,,,,,,,,,,,,,,,,,,,,,2.0,,,,,,,,,,,,,1.0,,,1.0
"Slovenia, Rep. of",SI,SVN,"Climate related disasters frequency, Number of Disasters: TOTAL",Number of,"The Emergency Events Database (EM-DAT) , Centre for Research on the Epidemiology of Disasters (CRED) / Université catholique de Louvain (UCLouvain), Brussels, Belgium – www.emdat.be.",ECCD,Climate Related Disasters Frequency,"Environment, Climate Change, Adaptation, Climate Related Disasters Frequency",,,,,,,,,,,,,,,,,,,,,,,,1.0,,1.0,,2.0,,,,,1.0,,2.0,,,,,,1.0,1.0,,2.0
Solomon Islands,SB,SLB,"Climate related disasters frequency, Number of Disasters: Drought",Number of,"The Emergency Events Database (EM-DAT) , Centre for Research on the Epidemiology of Disasters (CRED) / Université catholique de Louvain (UCLouvain), Brussels, Belgium – www.emdat.be.",ECCD,Climate Related Disasters Frequency,"Environment, Climate Change, Adaptation, Climate Related Disasters Frequency",,,,,,,,,,,,,,,,,,1.0,1.0,,,,,,,,,,,,,,,,,1.0,,,,,,,,
Solomon Islands,SB,SLB,"Climate related disasters frequency, Number of Disasters: Flood",Number of,"The Emergency Events Database (EM-DAT) , Centre for Research on the Epidemiology of Disasters (CRED) / Université catholique de Louvain (UCLouvain), Brussels, Belgium – www.emdat.be.",ECCD,Climate Related Disasters Frequency,"Environment, Climate Change, Adaptation, Climate Related Disasters Frequency",,,,,,,,,,,,,,,,,,,,,,,,,,,,,,1.0,1.0,,1.0,1.0,1.0,,,,,,,,,
Solomon Islands,SB,SLB,"Climate related disasters frequency, Number of Disasters: Storm",Number of,"The Emergency Events Database (EM-DAT) , Centre for Research on the Epidemiology of Disasters (CRED) / Université catholique de Louvain (UCLouvain), Brussels, Belgium – www.emdat.be.",ECCD,Climate Related Disasters Frequency,"Environment, Climate Change, Adaptation, Climate Related Disasters Frequency",,,1.0,,,1.0,1.0,,,,,,1.0,1.0,,,,,,,,,1.0,2.0,,,,,,,1.0,1.0,,,,2.0,,,1.0,,1.0,,,1.0
Solomon Islands,SB,SLB,"Climate related disasters frequency, Number of Disasters: TOTAL",Number of,"The Emergency Events Database (EM-DAT) , Centre for Research on the Epidemiology of Disasters (CRED) / Université catholique de Louvain (UCLouvain), Brussels, Belgium – www.emdat.be.",ECCD,Climate Related Disasters Frequency,"Environment, Climate Change, Adaptation, Climate Related Disasters Frequency",,,1.0,,,1.0,1.0,,,,,,1.0,1.0,,,,1.0,1.0,,,,1.0,2.0,,,,,,1.0,2.0,1.0,1.0,1.0,1.0,3.0,,,1.0,,1.0,,,1.0
Somalia,SO,SOM,"Climate related disasters frequency, Number of Disasters: Drought",Number of,"The Emergency Events Database (EM-DAT) , Centre for Research on the Epidemiology of Disasters (CRED) / Université catholique de Louvain (UCLouvain), Brussels, Belgium – www.emdat.be.",ECCD,Climate Related Disasters Frequency,"Environment, Climate Change, Adaptation, Climate Related Disasters Frequency",1.0,,,1.0,,,,1.0,1.0,,,,,,,,,,,1.0,,,,,1.0,1.0,,,1.0,,1.0,1.0,,,1.0,1.0,,,,1.0,1.0,,,
Somalia,SO,SOM,"Climate related disasters frequency, Number of Disasters: Flood",Number of,"The Emergency Events Database (EM-DAT) , Centre for Research on the Epidemiology of Disasters (CRED) / Université catholique de Louvain (UCLouvain), Brussels, Belgium – www.emdat.be.",ECCD,Climate Related Disasters Frequency,"Environment, Climate Change, Adaptation, Climate Related Disasters Frequency",,1.0,,,,,,1.0,,2.0,,,,,1.0,1.0,1.0,2.0,,,3.0,1.0,1.0,2.0,1.0,2.0,5.0,2.0,1.0,1.0,2.0,1.0,2.0,2.0,1.0,2.0,1.0,,1.0,1.0,2.0,1.0,1.0,4.0
Somalia,SO,SOM,"Climate related disasters frequency, Number of Disasters: Storm",Number of,"The Emergency Events Database (EM-DAT) , Centre for Research on the Epidemiology of Disasters (CRED) / Université catholique de Louvain (UCLouvain), Brussels, Belgium – www.emdat.be.",ECCD,Climate Related Disasters Frequency,"Environment, Climate Change, Adaptation, Climate Related Disasters Frequency",,,,,,,,,,,,,,,1.0,,,,,,,,,,,,,,,,,,,1.0,,2.0,,,1.0,1.0,1.0,,,
Somalia,SO,SOM,"Climate related disasters frequency, Number of Disasters: TOTAL",Number of,"The Emergency Events Database (EM-DAT) , Centre for Research on the Epidemiology of Disasters (CRED) / Université catholique de Louvain (UCLouvain), Brussels, Belgium – www.emdat.be.",ECCD,Climate Related Disasters Frequency,"Environment, Climate Change, Adaptation, Climate Related Disasters Frequency",1.0,1.0,,1.0,,,,2.0,1.0,2.0,,,,,2.0,1.0,1.0,2.0,,1.0,3.0,1.0,1.0,2.0,2.0,3.0,5.0,2.0,2.0,1.0,3.0,2.0,2.0,3.0,2.0,5.0,1.0,,2.0,3.0,4.0,1.0,1.0,4.0
South Africa,ZA,ZAF,"Climate related disasters frequency, Number of Disasters: Drought",Number of,"The Emergency Events Database (EM-DAT) , Centre for Research on the Epidemiology of Disasters (CRED) / Université catholique de Louvain (UCLouvain), Brussels, Belgium – www.emdat.be.",ECCD,Climate Related Disasters Frequency,"Environment, Climate Change, Adaptation, Climate Related Disasters Frequency",1.0,1.0,,,,,1.0,,1.0,,1.0,,,,,1.0,,,,,,,,,1.0,,,,,,,,,,,1.0,,1.0,,1.0,,1.0,,
South Africa,ZA,ZAF,"Climate related disasters frequency, Number of Disasters: Extreme temperature",Number of,"The Emergency Events Database (EM-DAT) , Centre for Research on the Epidemiology of Disasters (CRED) / Université catholique de Louvain (UCLouvain), Brussels, Belgium – www.emdat.be.",ECCD,Climate Related Disasters Frequency,"Environment, Climate Change, Adaptation, Climate Related Disasters Frequency",,,,,,,,,,,,,,,,,1.0,,,,,,,,,,,1.0,,,,,,,,,1.0,,,,,,,
South Africa,ZA,ZAF,"Climate related disasters frequency, Number of Disasters: Flood",Number of,"The Emergency Events Database (EM-DAT) , Centre for Research on the Epidemiology of Disasters (CRED) / Université catholique de Louvain (UCLouvain), Brussels, Belgium – www.emdat.be.",ECCD,Climate Related Disasters Frequency,"Environment, Climate Change, Adaptation, Climate Related Disasters Frequency",,1.0,,,,,,1.0,1.0,,,,,1.0,1.0,1.0,2.0,1.0,,2.0,3.0,2.0,1.0,1.0,1.0,,2.0,1.0,1.0,2.0,,1.0,1.0,,1.0,,2.0,1.0,,4.0,1.0,1.0,8.0,5.0
South Africa,ZA,ZAF,"Climate related disasters frequency, Number of Disasters: Landslide",Number of,"The Emergency Events Database (EM-DAT) , Centre for Research on the Epidemiology of Disasters (CRED) / Université catholique de Louvain (UCLouvain), Brussels, Belgium – www.emdat.be.",ECCD,Climate Related Disasters Frequency,"Environment, Climate Change, Adaptation, Climate Related Disasters Frequency",,,,,,,,,,,,,,,,,1.0,,,,,,,,,,,,,,,,,,,,,,,,,,,
South Africa,ZA,ZAF,"Climate related disasters frequency, Number of Disasters: Storm",Number of,"The Emergency Events Database (EM-DAT) , Centre for Research on the Epidemiology of Disasters (CRED) / Université catholique de Louvain (UCLouvain), Brussels, Belgium – www.emdat.be.",ECCD,Climate Related Disasters Frequency,"Environment, Climate Change, Adaptation, Climate Related Disasters Frequency",,,,1.0,2.0,,,,,,1.0,,,1.0,1.0,,,,1.0,2.0,1.0,2.0,4.0,1.0,,,,,1.0,2.0,1.0,2.0,1.0,1.0,,,,2.0,,1.0,1.0,2.0,,2.0
South Africa,ZA,ZAF,"Climate related disasters frequency, Number of Disasters: TOTAL",Number of,"The Emergency Events Database (EM-DAT) , Centre for Research on the Epidemiology of Disasters (CRED) / Université catholique de Louvain (UCLouvain), Brussels, Belgium – www.emdat.be.",ECCD,Climate Related Disasters Frequency,"Environment, Climate Change, Adaptation, Climate Related Disasters Frequency",1.0,2.0,,1.0,2.0,,1.0,1.0,2.0,,2.0,1.0,,2.0,2.0,2.0,4.0,1.0,2.0,5.0,5.0,6.0,6.0,2.0,2.0,,2.0,3.0,3.0,4.0,1.0,3.0,2.0,1.0,1.0,1.0,3.0,5.0,,6.0,2.0,4.0,8.0,7.0
South Africa,ZA,ZAF,"Climate related disasters frequency, Number of Disasters: Wildfire",Number of,"The Emergency Events Database (EM-DAT) , Centre for Research on the Epidemiology of Disasters (CRED) / Université catholique de Louvain (UCLouvain), Brussels, Belgium – www.emdat.be.",ECCD,Climate Related Disasters Frequency,"Environment, Climate Change, Adaptation, Climate Related Disasters Frequency",,,,,,,,,,,,1.0,,,,,,,1.0,1.0,1.0,2.0,1.0,,,,,1.0,1.0,,,,,,,,,1.0,,,,,,
"South Sudan, Rep. of",SS,SSD,"Climate related disasters frequency, Number of Disasters: Drought",Number of,"The Emergency Events Database (EM-DAT) , Centre for Research on the Epidemiology of Disasters (CRED) / Université catholique de Louvain (UCLouvain), Brussels, Belgium – www.emdat.be.",ECCD,Climate Related Disasters Frequency,"Environment, Climate Change, Adaptation, Climate Related Disasters Frequency",,,,,,,,,,,,,,,,,,,,,,,,,,,,,,1.0,,,,,,,1.0,,,,,1.0,,
"South Sudan, Rep. of",SS,SSD,"Climate related disasters frequency, Number of Disasters: Flood",Number of,"The Emergency Events Database (EM-DAT) , Centre for Research on the Epidemiology of Disasters (CRED) / Université catholique de Louvain (UCLouvain), Brussels, Belgium – www.emdat.be.",ECCD,Climate Related Disasters Frequency,"Environment, Climate Change, Adaptation, Climate Related Disasters Frequency",,,,,,,,,,,,,,,,,,,,,,,,,,,,,3.0,,2.0,,2.0,2.0,,,1.0,,,2.0,1.0,1.0,1.0,
"South Sudan, Rep. of",SS,SSD,"Climate related disasters frequency, Number of Disasters: TOTAL",Number of,"The Emergency Events Database (EM-DAT) , Centre for Research on the Epidemiology of Disasters (CRED) / Université catholique de Louvain (UCLouvain), Brussels, Belgium – www.emdat.be.",ECCD,Climate Related Disasters Frequency,"Environment, Climate Change, Adaptation, Climate Related Disasters Frequency",,,,,,,,,,,,,,,,,,,,,,,,,,,,,3.0,1.0,2.0,,2.0,2.0,,,2.0,,,3.0,1.0,2.0,1.0,
"South Sudan, Rep. of",SS,SSD,"Climate related disasters frequency, Number of Disasters: Wildfire",Number of,"The Emergency Events Database (EM-DAT) , Centre for Research on the Epidemiology of Disasters (CRED) / Université catholique de Louvain (UCLouvain), Brussels, Belgium – www.emdat.be.",ECCD,Climate Related Disasters Frequency,"Environment, Climate Change, Adaptation, Climate Related Disasters Frequency",,,,,,,,,,,,,,,,,,,,,,,,,,,,,,,,,,,,,,,,1.0,,,,
Soviet Union (former),,SUN,"Climate related disasters frequency, Number of Disasters: Flood",Number of,"The Emergency Events Database (EM-DAT) , Centre for Research on the Epidemiology of Disasters (CRED) / Université catholique de Louvain (UCLouvain), Brussels, Belgium – www.emdat.be.",ECCD,Climate Related Disasters Frequency,"Environment, Climate Change, Adaptation, Climate Related Disasters Frequency",,1.0,2.0,2.0,2.0,2.0,,1.0,1.0,1.0,4.0,2.0,,,,,,,,,,,,,,,,,,,,,,,,,,,,,,,,
Soviet Union (former),,SUN,"Climate related disasters frequency, Number of Disasters: Landslide",Number of,"The Emergency Events Database (EM-DAT) , Centre for Research on the Epidemiology of Disasters (CRED) / Université catholique de Louvain (UCLouvain), Brussels, Belgium – www.emdat.be.",ECCD,Climate Related Disasters Frequency,"Environment, Climate Change, Adaptation, Climate Related Disasters Frequency",,,,,,,,2.0,,2.0,1.0,,,,,,,,,,,,,,,,,,,,,,,,,,,,,,,,,
Soviet Union (former),,SUN,"Climate related disasters frequency, Number of Disasters: Storm",Number of,"The Emergency Events Database (EM-DAT) , Centre for Research on the Epidemiology of Disasters (CRED) / Université catholique de Louvain (UCLouvain), Brussels, Belgium – www.emdat.be.",ECCD,Climate Related Disasters Frequency,"Environment, Climate Change, Adaptation, Climate Related Disasters Frequency",,1.0,,1.0,1.0,,,,,,,1.0,,,,,,,,,,,,,,,,,,,,,,,,,,,,,,,,
Soviet Union (former),,SUN,"Climate related disasters frequency, Number of Disasters: TOTAL",Number of,"The Emergency Events Database (EM-DAT) , Centre for Research on the Epidemiology of Disasters (CRED) / Université catholique de Louvain (UCLouvain), Brussels, Belgium – www.emdat.be.",ECCD,Climate Related Disasters Frequency,"Environment, Climate Change, Adaptation, Climate Related Disasters Frequency",,2.0,2.0,3.0,3.0,2.0,,4.0,1.0,3.0,5.0,3.0,,,,,,,,,,,,,,,,,,,,,,,,,,,,,,,,
Soviet Union (former),,SUN,"Climate related disasters frequency, Number of Disasters: Wildfire",Number of,"The Emergency Events Database (EM-DAT) , Centre for Research on the Epidemiology of Disasters (CRED) / Université catholique de Louvain (UCLouvain), Brussels, Belgium – www.emdat.be.",ECCD,Climate Related Disasters Frequency,"Environment, Climate Change, Adaptation, Climate Related Disasters Frequency",,,,,,,,1.0,,,,,,,,,,,,,,,,,,,,,,,,,,,,,,,,,,,,
Spain,ES,ESP,"Climate related disasters frequency, Number of Disasters: Drought",Number of,"The Emergency Events Database (EM-DAT) , Centre for Research on the Epidemiology of Disasters (CRED) / Université catholique de Louvain (UCLouvain), Brussels, Belgium – www.emdat.be.",ECCD,Climate Related Disasters Frequency,"Environment, Climate Change, Adaptation, Climate Related Disasters Frequency",1.0,1.0,,,,,,,,,1.0,,,,,,,,,1.0,,,,,,,,,,,,,,,,,,,,,,,,1.0
Spain,ES,ESP,"Climate related disasters frequency, Number of Disasters: Extreme temperature",Number of,"The Emergency Events Database (EM-DAT) , Centre for Research on the Epidemiology of Disasters (CRED) / Université catholique de Louvain (UCLouvain), Brussels, Belgium – www.emdat.be.",ECCD,Climate Related Disasters Frequency,"Environment, Climate Change, Adaptation, Climate Related Disasters Frequency",,,,,,1.0,,,,,,,,,,2.0,,,,,,,,1.0,1.0,1.0,1.0,,,,,,,,,,,,1.0,1.0,,,1.0,
Spain,ES,ESP,"Climate related disasters frequency, Number of Disasters: Flood",Number of,"The Emergency Events Database (EM-DAT) , Centre for Research on the Epidemiology of Disasters (CRED) / Université catholique de Louvain (UCLouvain), Brussels, Belgium – www.emdat.be.",ECCD,Climate Related Disasters Frequency,"Environment, Climate Change, Adaptation, Climate Related Disasters Frequency",,,2.0,2.0,,,,1.0,,1.0,,,,,1.0,,1.0,1.0,,,2.0,,1.0,,1.0,,1.0,3.0,,,1.0,1.0,1.0,1.0,,2.0,1.0,,1.0,4.0,,2.0,,1.0
Spain,ES,ESP,"Climate related disasters frequency, Number of Disasters: Landslide",Number of,"The Emergency Events Database (EM-DAT) , Centre for Research on the Epidemiology of Disasters (CRED) / Université catholique de Louvain (UCLouvain), Brussels, Belgium – www.emdat.be.",ECCD,Climate Related Disasters Frequency,"Environment, Climate Change, Adaptation, Climate Related Disasters Frequency",,,,,,,,,,,,,,,,,1.0,,,,,,,,,,,,,,,,,,,,,,,,,,,
Spain,ES,ESP,"Climate related disasters frequency, Number of Disasters: Storm",Number of,"The Emergency Events Database (EM-DAT) , Centre for Research on the Epidemiology of Disasters (CRED) / Université catholique de Louvain (UCLouvain), Brussels, Belgium – www.emdat.be.",ECCD,Climate Related Disasters Frequency,"Environment, Climate Change, Adaptation, Climate Related Disasters Frequency",,,,,2.0,,,1.0,,2.0,2.0,,,,1.0,,,1.0,1.0,1.0,2.0,1.0,,,,,,1.0,,1.0,1.0,,,1.0,1.0,,,,1.0,3.0,1.0,1.0,,2.0
Spain,ES,ESP,"Climate related disasters frequency, Number of Disasters: TOTAL",Number of,"The Emergency Events Database (EM-DAT) , Centre for Research on the Epidemiology of Disasters (CRED) / Université catholique de Louvain (UCLouvain), Brussels, Belgium – www.emdat.be.",ECCD,Climate Related Disasters Frequency,"Environment, Climate Change, Adaptation, Climate Related Disasters Frequency",1.0,1.0,2.0,2.0,3.0,3.0,,2.0,,3.0,3.0,1.0,,,4.0,2.0,2.0,2.0,2.0,2.0,5.0,1.0,1.0,2.0,3.0,2.0,3.0,4.0,,2.0,2.0,1.0,2.0,2.0,1.0,2.0,1.0,2.0,4.0,8.0,1.0,3.0,2.0,5.0
Spain,ES,ESP,"Climate related disasters frequency, Number of Disasters: Wildfire",Number of,"The Emergency Events Database (EM-DAT) , Centre for Research on the Epidemiology of Disasters (CRED) / Université catholique de Louvain (UCLouvain), Brussels, Belgium – www.emdat.be.",ECCD,Climate Related Disasters Frequency,"Environment, Climate Change, Adaptation, Climate Related Disasters Frequency",,,,,1.0,2.0,,,,,,1.0,,,2.0,,,,1.0,,1.0,,,1.0,1.0,1.0,1.0,,,1.0,,,1.0,,,,,2.0,1.0,,,,1.0,1.0
Sri Lanka,LK,LKA,"Climate related disasters frequency, Number of Disasters: Drought",Number of,"The Emergency Events Database (EM-DAT) , Centre for Research on the Epidemiology of Disasters (CRED) / Université catholique de Louvain (UCLouvain), Brussels, Belgium – www.emdat.be.",ECCD,Climate Related Disasters Frequency,"Environment, Climate Change, Adaptation, Climate Related Disasters Frequency",1.0,1.0,1.0,,,,,1.0,1.0,,,,,,,,,,,,,1.0,,,,,,,,,,,1.0,,1.0,,1.0,,,1.0,,,,
Sri Lanka,LK,LKA,"Climate related disasters frequency, Number of Disasters: Flood",Number of,"The Emergency Events Database (EM-DAT) , Centre for Research on the Epidemiology of Disasters (CRED) / Université catholique de Louvain (UCLouvain), Brussels, Belgium – www.emdat.be.",ECCD,Climate Related Disasters Frequency,"Environment, Climate Change, Adaptation, Climate Related Disasters Frequency",,1.0,2.0,1.0,4.0,,1.0,,,1.0,2.0,1.0,2.0,2.0,3.0,1.0,1.0,1.0,2.0,1.0,2.0,1.0,1.0,1.0,1.0,1.0,1.0,3.0,3.0,3.0,2.0,3.0,1.0,2.0,3.0,2.0,1.0,2.0,3.0,5.0,2.0,4.0,3.0,1.0
Sri Lanka,LK,LKA,"Climate related disasters frequency, Number of Disasters: Landslide",Number of,"The Emergency Events Database (EM-DAT) , Centre for Research on the Epidemiology of Disasters (CRED) / Université catholique de Louvain (UCLouvain), Brussels, Belgium – www.emdat.be.",ECCD,Climate Related Disasters Frequency,"Environment, Climate Change, Adaptation, Climate Related Disasters Frequency",,,,,,,,,,,,,,1.0,,,,,,,,,,,,,,,,,,,,,3.0,,,,,,,,,
Sri Lanka,LK,LKA,"Climate related disasters frequency, Number of Disasters: Storm",Number of,"The Emergency Events Database (EM-DAT) , Centre for Research on the Epidemiology of Disasters (CRED) / Université catholique de Louvain (UCLouvain), Brussels, Belgium – www.emdat.be.",ECCD,Climate Related Disasters Frequency,"Environment, Climate Change, Adaptation, Climate Related Disasters Frequency",,,,,,1.0,,,,,,,,,,,,,,,1.0,,,,,,,,1.0,,,1.0,1.0,1.0,,,,1.0,,,1.0,1.0,2.0,4.0
Sri Lanka,LK,LKA,"Climate related disasters frequency, Number of Disasters: TOTAL",Number of,"The Emergency Events Database (EM-DAT) , Centre for Research on the Epidemiology of Disasters (CRED) / Université catholique de Louvain (UCLouvain), Brussels, Belgium – www.emdat.be.",ECCD,Climate Related Disasters Frequency,"Environment, Climate Change, Adaptation, Climate Related Disasters Frequency",1.0,2.0,3.0,1.0,4.0,1.0,1.0,1.0,1.0,1.0,2.0,1.0,2.0,3.0,3.0,1.0,1.0,1.0,2.0,1.0,3.0,2.0,1.0,1.0,1.0,1.0,1.0,3.0,4.0,3.0,2.0,4.0,3.0,3.0,7.0,2.0,2.0,3.0,3.0,6.0,3.0,5.0,5.0,5.0
St. Kitts and Nevis,KN,KNA,"Climate related disasters frequency, Number of Disasters: Flood",Number of,"The Emergency Events Database (EM-DAT) , Centre for Research on the Epidemiology of Disasters (CRED) / Université catholique de Louvain (UCLouvain), Brussels, Belgium – www.emdat.be.",ECCD,Climate Related Disasters Frequency,"Environment, Climate Change, Adaptation, Climate Related Disasters Frequency",,,,,,,,1.0,,,,,,,,,,,,,,,,,,,,,,,,,,,,,,,,,,,,
St. Kitts and Nevis,KN,KNA,"Climate related disasters frequency, Number of Disasters: Storm",Number of,"The Emergency Events Database (EM-DAT) , Centre for Research on the Epidemiology of Disasters (CRED) / Université catholique de Louvain (UCLouvain), Brussels, Belgium – www.emdat.be.",ECCD,Climate Related Disasters Frequency,"Environment, Climate Change, Adaptation, Climate Related Disasters Frequency",,,,,1.0,,,,,1.0,1.0,,,,,1.0,,,1.0,1.0,,,,,,,,,1.0,,,,,,,,,1.0,,,,,,
St. Kitts and Nevis,KN,KNA,"Climate related disasters frequency, Number of Disasters: TOTAL",Number of,"The Emergency Events Database (EM-DAT) , Centre for Research on the Epidemiology of Disasters (CRED) / Université catholique de Louvain (UCLouvain), Brussels, Belgium – www.emdat.be.",ECCD,Climate Related Disasters Frequency,"Environment, Climate Change, Adaptation, Climate Related Disasters Frequency",,,,,1.0,,,1.0,,1.0,1.0,,,,,1.0,,,1.0,1.0,,,,,,,,,1.0,,,,,,,,,1.0,,,,,,
St. Lucia,LC,LCA,"Climate related disasters frequency, Number of Disasters: Drought",Number of,"The Emergency Events Database (EM-DAT) , Centre for Research on the Epidemiology of Disasters (CRED) / Université catholique de Louvain (UCLouvain), Brussels, Belgium – www.emdat.be.",ECCD,Climate Related Disasters Frequency,"Environment, Climate Change, Adaptation, Climate Related Disasters Frequency",,,,,,,,,,,,,,,,,,,,,,,,,,,,,,,1.0,,,,,,,,,,,,,
St. Lucia,LC,LCA,"Climate related disasters frequency, Number of Disasters: Flood",Number of,"The Emergency Events Database (EM-DAT) , Centre for Research on the Epidemiology of Disasters (CRED) / Université catholique de Louvain (UCLouvain), Brussels, Belgium – www.emdat.be.",ECCD,Climate Related Disasters Frequency,"Environment, Climate Change, Adaptation, Climate Related Disasters Frequency",,,,,,,,,,,,,,,,,,,,,,,,,,,,,,,1.0,,,1.0,,,,,,,,,1.0,
St. Lucia,LC,LCA,"Climate related disasters frequency, Number of Disasters: Landslide",Number of,"The Emergency Events Database (EM-DAT) , Centre for Research on the Epidemiology of Disasters (CRED) / Université catholique de Louvain (UCLouvain), Brussels, Belgium – www.emdat.be.",ECCD,Climate Related Disasters Frequency,"Environment, Climate Change, Adaptation, Climate Related Disasters Frequency",,,,,,,,,,,,,,,,,1.0,,,,,,,,,,,,,,,,,,,,,,,,,,,
St. Lucia,LC,LCA,"Climate related disasters frequency, Number of Disasters: Storm",Number of,"The Emergency Events Database (EM-DAT) , Centre for Research on the Epidemiology of Disasters (CRED) / Université catholique de Louvain (UCLouvain), Brussels, Belgium – www.emdat.be.",ECCD,Climate Related Disasters Frequency,"Environment, Climate Change, Adaptation, Climate Related Disasters Frequency",1.0,,,1.0,,,1.0,1.0,1.0,,,,,,1.0,,,,,1.0,,,,,1.0,,,1.0,,,1.0,,,,,,1.0,,,,,1.0,,
St. Lucia,LC,LCA,"Climate related disasters frequency, Number of Disasters: TOTAL",Number of,"The Emergency Events Database (EM-DAT) , Centre for Research on the Epidemiology of Disasters (CRED) / Université catholique de Louvain (UCLouvain), Brussels, Belgium – www.emdat.be.",ECCD,Climate Related Disasters Frequency,"Environment, Climate Change, Adaptation, Climate Related Disasters Frequency",1.0,,,1.0,,,1.0,1.0,1.0,,,,,,1.0,,1.0,,,1.0,,,,,1.0,,,1.0,,,3.0,,,1.0,,,1.0,,,,,1.0,1.0,
St. Vincent and the Grenadines,VC,VCT,"Climate related disasters frequency, Number of Disasters: Drought",Number of,"The Emergency Events Database (EM-DAT) , Centre for Research on the Epidemiology of Disasters (CRED) / Université catholique de Louvain (UCLouvain), Brussels, Belgium – www.emdat.be.",ECCD,Climate Related Disasters Frequency,"Environment, Climate Change, Adaptation, Climate Related Disasters Frequency",,,,,,,,,,,,,,,,,,,,,,,,,,,,,,,1.0,,,,,,,,,,,,,
St. Vincent and the Grenadines,VC,VCT,"Climate related disasters frequency, Number of Disasters: Flood",Number of,"The Emergency Events Database (EM-DAT) , Centre for Research on the Epidemiology of Disasters (CRED) / Université catholique de Louvain (UCLouvain), Brussels, Belgium – www.emdat.be.",ECCD,Climate Related Disasters Frequency,"Environment, Climate Change, Adaptation, Climate Related Disasters Frequency",,,,,,,1.0,1.0,,,,,1.0,,,,,,,,,,,,,,,,,,,1.0,,1.0,,,1.0,,,,,,,
St. Vincent and the Grenadines,VC,VCT,"Climate related disasters frequency, Number of Disasters: Storm",Number of,"The Emergency Events Database (EM-DAT) , Centre for Research on the Epidemiology of Disasters (CRED) / Université catholique de Louvain (UCLouvain), Brussels, Belgium – www.emdat.be.",ECCD,Climate Related Disasters Frequency,"Environment, Climate Change, Adaptation, Climate Related Disasters Frequency",1.0,,,,,,,1.0,,,,,,,,,,,,1.0,,,1.0,,1.0,1.0,,,,,1.0,,,,,,1.0,,,,,1.0,,1.0
St. Vincent and the Grenadines,VC,VCT,"Climate related disasters frequency, Number of Disasters: TOTAL",Number of,"The Emergency Events Database (EM-DAT) , Centre for Research on the Epidemiology of Disasters (CRED) / Université catholique de Louvain (UCLouvain), Brussels, Belgium – www.emdat.be.",ECCD,Climate Related Disasters Frequency,"Environment, Climate Change, Adaptation, Climate Related Disasters Frequency",1.0,,,,,,1.0,2.0,,,,,1.0,,,,,,,1.0,,,1.0,,1.0,1.0,,,,,2.0,1.0,,1.0,,,2.0,,,,,1.0,,1.0
Sudan,SD,SDN,"Climate related disasters frequency, Number of Disasters: Drought",Number of,"The Emergency Events Database (EM-DAT) , Centre for Research on the Epidemiology of Disasters (CRED) / Université catholique de Louvain (UCLouvain), Brussels, Belgium – www.emdat.be.",ECCD,Climate Related Disasters Frequency,"Environment, Climate Change, Adaptation, Climate Related Disasters Frequency",1.0,,,1.0,,,,1.0,,,1.0,1.0,,,,,1.0,,,1.0,,,,,,,,,,,,1.0,,,,1.0,,,,,,,1.0,
Sudan,SD,SDN,"Climate related disasters frequency, Number of Disasters: Extreme temperature",Number of,"The Emergency Events Database (EM-DAT) , Centre for Research on the Epidemiology of Disasters (CRED) / Université catholique de Louvain (UCLouvain), Brussels, Belgium – www.emdat.be.",ECCD,Climate Related Disasters Frequency,"Environment, Climate Change, Adaptation, Climate Related Disasters Frequency",,,,,,,,,,,,,,,,,,,,,,,,,,,,,,,,,,,,1.0,,,,,,,,
Sudan,SD,SDN,"Climate related disasters frequency, Number of Disasters: Flood",Number of,"The Emergency Events Database (EM-DAT) , Centre for Research on the Epidemiology of Disasters (CRED) / Université catholique de Louvain (UCLouvain), Brussels, Belgium – www.emdat.be.",ECCD,Climate Related Disasters Frequency,"Environment, Climate Change, Adaptation, Climate Related Disasters Frequency",,,,2.0,,,,,1.0,,,,,1.0,1.0,,3.0,1.0,1.0,4.0,,1.0,1.0,1.0,,2.0,3.0,1.0,,1.0,2.0,,1.0,1.0,1.0,1.0,1.0,1.0,3.0,2.0,1.0,1.0,1.0,
Sudan,SD,SDN,"Climate related disasters frequency, Number of Disasters: Storm",Number of,"The Emergency Events Database (EM-DAT) , Centre for Research on the Epidemiology of Disasters (CRED) / Université catholique de Louvain (UCLouvain), Brussels, Belgium – www.emdat.be.",ECCD,Climate Related Disasters Frequency,"Environment, Climate Change, Adaptation, Climate Related Disasters Frequency",,,,,,,,,,,,,,,,,,,,,,,1.0,,,,,,,,,1.0,,,,,,,,,,1.0,,
Sudan,SD,SDN,"Climate related disasters frequency, Number of Disasters: TOTAL",Number of,"The Emergency Events Database (EM-DAT) , Centre for Research on the Epidemiology of Disasters (CRED) / Université catholique de Louvain (UCLouvain), Brussels, Belgium – www.emdat.be.",ECCD,Climate Related Disasters Frequency,"Environment, Climate Change, Adaptation, Climate Related Disasters Frequency",1.0,,,3.0,,,,1.0,1.0,,1.0,1.0,,1.0,1.0,,4.0,1.0,2.0,5.0,,1.0,2.0,1.0,,2.0,3.0,1.0,,1.0,2.0,2.0,1.0,1.0,1.0,3.0,1.0,1.0,3.0,2.0,1.0,2.0,2.0,
Sudan,SD,SDN,"Climate related disasters frequency, Number of Disasters: Wildfire",Number of,"The Emergency Events Database (EM-DAT) , Centre for Research on the Epidemiology of Disasters (CRED) / Université catholique de Louvain (UCLouvain), Brussels, Belgium – www.emdat.be.",ECCD,Climate Related Disasters Frequency,"Environment, Climate Change, Adaptation, Climate Related Disasters Frequency",,,,,,,,,,,,,,,,,,,1.0,,,,,,,,,,,,,,,,,,,,,,,,,
Suriname,SR,SUR,"Climate related disasters frequency, Number of Disasters: Flood",Number of,"The Emergency Events Database (EM-DAT) , Centre for Research on the Epidemiology of Disasters (CRED) / Université catholique de Louvain (UCLouvain), Brussels, Belgium – www.emdat.be.",ECCD,Climate Related Disasters Frequency,"Environment, Climate Change, Adaptation, Climate Related Disasters Frequency",,,,,,,,,,,,,,,,,,,,,,,,,,,1.0,,1.0,,,,,,,,,,,,,1.0,1.0,
Suriname,SR,SUR,"Climate related disasters frequency, Number of Disasters: TOTAL",Number of,"The Emergency Events Database (EM-DAT) , Centre for Research on the Epidemiology of Disasters (CRED) / Université catholique de Louvain (UCLouvain), Brussels, Belgium – www.emdat.be.",ECCD,Climate Related Disasters Frequency,"Environment, Climate Change, Adaptation, Climate Related Disasters Frequency",,,,,,,,,,,,,,,,,,,,,,,,,,,1.0,,1.0,,,,,,,,,,,,,1.0,1.0,
Sweden,SE,SWE,"Climate related disasters frequency, Number of Disasters: Extreme temperature",Number of,"The Emergency Events Database (EM-DAT) , Centre for Research on the Epidemiology of Disasters (CRED) / Université catholique de Louvain (UCLouvain), Brussels, Belgium – www.emdat.be.",ECCD,Climate Related Disasters Frequency,"Environment, Climate Change, Adaptation, Climate Related Disasters Frequency",,,,,,,,,,,,,,,,,,,,,,,,,,1.0,,,,,,,,,,,,,,,,,,
Sweden,SE,SWE,"Climate related disasters frequency, Number of Disasters: Flood",Number of,"The Emergency Events Database (EM-DAT) , Centre for Research on the Epidemiology of Disasters (CRED) / Université catholique de Louvain (UCLouvain), Brussels, Belgium – www.emdat.be.",ECCD,Climate Related Disasters Frequency,"Environment, Climate Change, Adaptation, Climate Related Disasters Frequency",,,,,,1.0,,,,,,,,,,,,,,,,,,,,,,,,,,,,,,,,,,,,1.0,,
Sweden,SE,SWE,"Climate related disasters frequency, Number of Disasters: Storm",Number of,"The Emergency Events Database (EM-DAT) , Centre for Research on the Epidemiology of Disasters (CRED) / Université catholique de Louvain (UCLouvain), Brussels, Belgium – www.emdat.be.",ECCD,Climate Related Disasters Frequency,"Environment, Climate Change, Adaptation, Climate Related Disasters Frequency",,,,,,,,,,,2.0,,,,,,,,,1.0,,,1.0,,,1.0,,,,,,,,1.0,,,,,,,1.0,,,
Sweden,SE,SWE,"Climate related disasters frequency, Number of Disasters: TOTAL",Number of,"The Emergency Events Database (EM-DAT) , Centre for Research on the Epidemiology of Disasters (CRED) / Université catholique de Louvain (UCLouvain), Brussels, Belgium – www.emdat.be.",ECCD,Climate Related Disasters Frequency,"Environment, Climate Change, Adaptation, Climate Related Disasters Frequency",,,,,,1.0,,,,,2.0,,,,,,,,,1.0,,,1.0,,,2.0,,,,,,,,1.0,,,,,1.0,,1.0,1.0,,
Sweden,SE,SWE,"Climate related disasters frequency, Number of Disasters: Wildfire",Number of,"The Emergency Events Database (EM-DAT) , Centre for Research on the Epidemiology of Disasters (CRED) / Université catholique de Louvain (UCLouvain), Brussels, Belgium – www.emdat.be.",ECCD,Climate Related Disasters Frequency,"Environment, Climate Change, Adaptation, Climate Related Disasters Frequency",,,,,,,,,,,,,,,,,,,,,,,,,,,,,,,,,,,,,,,1.0,,,,,
Switzerland,CH,CHE,"Climate related disasters frequency, Number of Disasters: Extreme temperature",Number of,"The Emergency Events Database (EM-DAT) , Centre for Research on the Epidemiology of Disasters (CRED) / Université catholique de Louvain (UCLouvain), Brussels, Belgium – www.emdat.be.",ECCD,Climate Related Disasters Frequency,"Environment, Climate Change, Adaptation, Climate Related Disasters Frequency",,,,,,,,,,,,,,,,,,,,,,1.0,,1.0,,1.0,,,,,1.0,,2.0,,,,,,,,,,,
Switzerland,CH,CHE,"Climate related disasters frequency, Number of Disasters: Flood",Number of,"The Emergency Events Database (EM-DAT) , Centre for Research on the Epidemiology of Disasters (CRED) / Université catholique de Louvain (UCLouvain), Brussels, Belgium – www.emdat.be.",ECCD,Climate Related Disasters Frequency,"Environment, Climate Change, Adaptation, Climate Related Disasters Frequency",,,,1.0,,,,1.0,,,,,,,,,,1.0,,1.0,,,,,,1.0,1.0,1.0,,,,,,,,,,,,,,1.0,,
Switzerland,CH,CHE,"Climate related disasters frequency, Number of Disasters: Landslide",Number of,"The Emergency Events Database (EM-DAT) , Centre for Research on the Epidemiology of Disasters (CRED) / Université catholique de Louvain (UCLouvain), Brussels, Belgium – www.emdat.be.",ECCD,Climate Related Disasters Frequency,"Environment, Climate Change, Adaptation, Climate Related Disasters Frequency",,,,,,,,,1.0,,,,,,,,,,,1.0,1.0,,2.0,,,,,,,,,,,,,,,,,,,1.0,,
Switzerland,CH,CHE,"Climate related disasters frequency, Number of Disasters: Storm",Number of,"The Emergency Events Database (EM-DAT) , Centre for Research on the Epidemiology of Disasters (CRED) / Université catholique de Louvain (UCLouvain), Brussels, Belgium – www.emdat.be.",ECCD,Climate Related Disasters Frequency,"Environment, Climate Change, Adaptation, Climate Related Disasters Frequency",,,1.0,2.0,1.0,1.0,2.0,1.0,,,4.0,,,3.0,1.0,,,,1.0,1.0,,,1.0,1.0,,,1.0,2.0,,1.0,1.0,1.0,,2.0,1.0,,,,1.0,1.0,1.0,1.0,,1.0
Switzerland,CH,CHE,"Climate related disasters frequency, Number of Disasters: TOTAL",Number of,"The Emergency Events Database (EM-DAT) , Centre for Research on the Epidemiology of Disasters (CRED) / Université catholique de Louvain (UCLouvain), Brussels, Belgium – www.emdat.be.",ECCD,Climate Related Disasters Frequency,"Environment, Climate Change, Adaptation, Climate Related Disasters Frequency",,,1.0,3.0,1.0,1.0,2.0,2.0,1.0,,4.0,,,3.0,1.0,,,1.0,1.0,3.0,1.0,1.0,3.0,2.0,,2.0,2.0,3.0,,1.0,2.0,1.0,2.0,2.0,1.0,,,,1.0,1.0,1.0,3.0,,1.0
Syrian Arab Rep.,SY,SYR,"Climate related disasters frequency, Number of Disasters: Drought",Number of,"The Emergency Events Database (EM-DAT) , Centre for Research on the Epidemiology of Disasters (CRED) / Université catholique de Louvain (UCLouvain), Brussels, Belgium – www.emdat.be.",ECCD,Climate Related Disasters Frequency,"Environment, Climate Change, Adaptation, Climate Related Disasters Frequency",,,,,,,,,,,,,,,,,,,,1.0,,,,,,,,,1.0,,,,,,,,,,,,,1.0,,
Syrian Arab Rep.,SY,SYR,"Climate related disasters frequency, Number of Disasters: Flood",Number of,"The Emergency Events Database (EM-DAT) , Centre for Research on the Epidemiology of Disasters (CRED) / Université catholique de Louvain (UCLouvain), Brussels, Belgium – www.emdat.be.",ECCD,Climate Related Disasters Frequency,"Environment, Climate Change, Adaptation, Climate Related Disasters Frequency",,,,,,,,,,,,,,,,,,,,,,,,,,,1.0,,,,,,,,,,,,,1.0,,1.0,,
Syrian Arab Rep.,SY,SYR,"Climate related disasters frequency, Number of Disasters: Landslide",Number of,"The Emergency Events Database (EM-DAT) , Centre for Research on the Epidemiology of Disasters (CRED) / Université catholique de Louvain (UCLouvain), Brussels, Belgium – www.emdat.be.",ECCD,Climate Related Disasters Frequency,"Environment, Climate Change, Adaptation, Climate Related Disasters Frequency",,,,,,,,,,,,,,,,,,,,,,,1.0,,,,,,,,,,,,,,,,,,,,,
Syrian Arab Rep.,SY,SYR,"Climate related disasters frequency, Number of Disasters: Storm",Number of,"The Emergency Events Database (EM-DAT) , Centre for Research on the Epidemiology of Disasters (CRED) / Université catholique de Louvain (UCLouvain), Brussels, Belgium – www.emdat.be.",ECCD,Climate Related Disasters Frequency,"Environment, Climate Change, Adaptation, Climate Related Disasters Frequency",,,,,,,,,,,,,,,,,,,,,,1.0,,,1.0,,,,,,,,,,,2.0,,,,,,,1.0,
Syrian Arab Rep.,SY,SYR,"Climate related disasters frequency, Number of Disasters: TOTAL",Number of,"The Emergency Events Database (EM-DAT) , Centre for Research on the Epidemiology of Disasters (CRED) / Université catholique de Louvain (UCLouvain), Brussels, Belgium – www.emdat.be.",ECCD,Climate Related Disasters Frequency,"Environment, Climate Change, Adaptation, Climate Related Disasters Frequency",,,,,,,,,,,,,,,,,,,,1.0,,1.0,1.0,,1.0,,1.0,,1.0,,,,,,,2.0,,,,1.0,1.0,2.0,1.0,
Syrian Arab Rep.,SY,SYR,"Climate related disasters frequency, Number of Disasters: Wildfire",Number of,"The Emergency Events Database (EM-DAT) , Centre for Research on the Epidemiology of Disasters (CRED) / Université catholique de Louvain (UCLouvain), Brussels, Belgium – www.emdat.be.",ECCD,Climate Related Disasters Frequency,"Environment, Climate Change, Adaptation, Climate Related Disasters Frequency",,,,,,,,,,,,,,,,,,,,,,,,,,,,,,,,,,,,,,,,,1.0,,,
Taiwan Province of China,TW,TWN,"Climate related disasters frequency, Number of Disasters: Extreme temperature",Number of,"The Emergency Events Database (EM-DAT) , Centre for Research on the Epidemiology of Disasters (CRED) / Université catholique de Louvain (UCLouvain), Brussels, Belgium – www.emdat.be.",ECCD,Climate Related Disasters Frequency,"Environment, Climate Change, Adaptation, Climate Related Disasters Frequency",,,,,,,,,,,,,,,,,,,,,,,,,,,,,,,,,,,,,1.0,,,,,,,
Taiwan Province of China,TW,TWN,"Climate related disasters frequency, Number of Disasters: Flood",Number of,"The Emergency Events Database (EM-DAT) , Centre for Research on the Epidemiology of Disasters (CRED) / Université catholique de Louvain (UCLouvain), Brussels, Belgium – www.emdat.be.",ECCD,Climate Related Disasters Frequency,"Environment, Climate Change, Adaptation, Climate Related Disasters Frequency",,,,,1.0,,,,,,,,,,,,,1.0,1.0,,,,,,,1.0,1.0,,,,,,1.0,,,,,1.0,,,,,,
Taiwan Province of China,TW,TWN,"Climate related disasters frequency, Number of Disasters: Landslide",Number of,"The Emergency Events Database (EM-DAT) , Centre for Research on the Epidemiology of Disasters (CRED) / Université catholique de Louvain (UCLouvain), Brussels, Belgium – www.emdat.be.",ECCD,Climate Related Disasters Frequency,"Environment, Climate Change, Adaptation, Climate Related Disasters Frequency",,,,,,,1.0,,,,,,,,,,,,,,,,,,,,,,,,,,,,,,,,,,,,,
Taiwan Province of China,TW,TWN,"Climate related disasters frequency, Number of Disasters: Storm",Number of,"The Emergency Events Database (EM-DAT) , Centre for Research on the Epidemiology of Disasters (CRED) / Université catholique de Louvain (UCLouvain), Brussels, Belgium – www.emdat.be.",ECCD,Climate Related Disasters Frequency,"Environment, Climate Change, Adaptation, Climate Related Disasters Frequency",,1.0,,1.0,,,2.0,1.0,,1.0,2.0,1.0,1.0,,5.0,,2.0,1.0,2.0,,2.0,5.0,2.0,1.0,5.0,4.0,2.0,2.0,5.0,1.0,2.0,,2.0,3.0,2.0,3.0,3.0,1.0,1.0,1.0,1.0,2.0,1.0,3.0
Taiwan Province of China,TW,TWN,"Climate related disasters frequency, Number of Disasters: TOTAL",Number of,"The Emergency Events Database (EM-DAT) , Centre for Research on the Epidemiology of Disasters (CRED) / Université catholique de Louvain (UCLouvain), Brussels, Belgium – www.emdat.be.",ECCD,Climate Related Disasters Frequency,"Environment, Climate Change, Adaptation, Climate Related Disasters Frequency",,1.0,,1.0,1.0,,3.0,1.0,,1.0,2.0,1.0,1.0,,5.0,,2.0,2.0,3.0,,2.0,5.0,2.0,1.0,5.0,5.0,3.0,2.0,5.0,1.0,2.0,,3.0,3.0,2.0,3.0,4.0,2.0,1.0,1.0,1.0,2.0,1.0,3.0
"Tajikistan, Rep. of",TJ,TJK,"Climate related disasters frequency, Number of Disasters: Drought",Number of,"The Emergency Events Database (EM-DAT) , Centre for Research on the Epidemiology of Disasters (CRED) / Université catholique de Louvain (UCLouvain), Brussels, Belgium – www.emdat.be.",ECCD,Climate Related Disasters Frequency,"Environment, Climate Change, Adaptation, Climate Related Disasters Frequency",,,,,,,,,,,,,,,,,,,,,1.0,,,,,,,,1.0,,,,,,,,,,,,,,,
"Tajikistan, Rep. of",TJ,TJK,"Climate related disasters frequency, Number of Disasters: Extreme temperature",Number of,"The Emergency Events Database (EM-DAT) , Centre for Research on the Epidemiology of Disasters (CRED) / Université catholique de Louvain (UCLouvain), Brussels, Belgium – www.emdat.be.",ECCD,Climate Related Disasters Frequency,"Environment, Climate Change, Adaptation, Climate Related Disasters Frequency",,,,,,,,,,,,,,,,,,,,,,,,,,,,,1.0,,,,1.0,1.0,,,,,,,,,,
"Tajikistan, Rep. of",TJ,TJK,"Climate related disasters frequency, Number of Disasters: Flood",Number of,"The Emergency Events Database (EM-DAT) , Centre for Research on the Epidemiology of Disasters (CRED) / Université catholique de Louvain (UCLouvain), Brussels, Belgium – www.emdat.be.",ECCD,Climate Related Disasters Frequency,"Environment, Climate Change, Adaptation, Climate Related Disasters Frequency",,,,,,,,,,,,,1.0,,1.0,,1.0,,2.0,1.0,,1.0,4.0,1.0,1.0,2.0,,2.0,,1.0,2.0,1.0,1.0,,2.0,2.0,1.0,1.0,1.0,1.0,1.0,1.0,,1.0
"Tajikistan, Rep. of",TJ,TJK,"Climate related disasters frequency, Number of Disasters: Landslide",Number of,"The Emergency Events Database (EM-DAT) , Centre for Research on the Epidemiology of Disasters (CRED) / Université catholique de Louvain (UCLouvain), Brussels, Belgium – www.emdat.be.",ECCD,Climate Related Disasters Frequency,"Environment, Climate Change, Adaptation, Climate Related Disasters Frequency",,,,,,,,,,,,,1.0,1.0,,,,1.0,1.0,,,1.0,,2.0,,1.0,2.0,1.0,,,,,,,,1.0,,1.0,,,,1.0,,
"Tajikistan, Rep. of",TJ,TJK,"Climate related disasters frequency, Number of Disasters: Storm",Number of,"The Emergency Events Database (EM-DAT) , Centre for Research on the Epidemiology of Disasters (CRED) / Université catholique de Louvain (UCLouvain), Brussels, Belgium – www.emdat.be.",ECCD,Climate Related Disasters Frequency,"Environment, Climate Change, Adaptation, Climate Related Disasters Frequency",,,,,,,,,,,,,,,,,,,,1.0,,1.0,,,,,,,,,,,,,,,,,,,,,,
"Tajikistan, Rep. of",TJ,TJK,"Climate related disasters frequency, Number of Disasters: TOTAL",Number of,"The Emergency Events Database (EM-DAT) , Centre for Research on the Epidemiology of Disasters (CRED) / Université catholique de Louvain (UCLouvain), Brussels, Belgium – www.emdat.be.",ECCD,Climate Related Disasters Frequency,"Environment, Climate Change, Adaptation, Climate Related Disasters Frequency",,,,,,,,,,,,,2.0,1.0,1.0,,1.0,1.0,3.0,2.0,1.0,3.0,4.0,3.0,1.0,3.0,2.0,3.0,2.0,1.0,2.0,1.0,2.0,1.0,2.0,3.0,1.0,2.0,1.0,1.0,1.0,2.0,,1.0
"Tanzania, United Rep. of",TZ,TZA,"Climate related disasters frequency, Number of Disasters: Drought",Number of,"The Emergency Events Database (EM-DAT) , Centre for Research on the Epidemiology of Disasters (CRED) / Université catholique de Louvain (UCLouvain), Brussels, Belgium – www.emdat.be.",ECCD,Climate Related Disasters Frequency,"Environment, Climate Change, Adaptation, Climate Related Disasters Frequency",,,,,1.0,,,,1.0,,1.0,,,,,,1.0,,,,,,,1.0,1.0,,1.0,,,,,1.0,,,,,,,,,,1.0,,
"Tanzania, United Rep. of",TZ,TZA,"Climate related disasters frequency, Number of Disasters: Flood",Number of,"The Emergency Events Database (EM-DAT) , Centre for Research on the Epidemiology of Disasters (CRED) / Université catholique de Louvain (UCLouvain), Brussels, Belgium – www.emdat.be.",ECCD,Climate Related Disasters Frequency,"Environment, Climate Change, Adaptation, Climate Related Disasters Frequency",,,1.0,,,,1.0,,1.0,1.0,2.0,,,2.0,1.0,2.0,,2.0,2.0,,1.0,1.0,1.0,1.0,,1.0,2.0,,2.0,2.0,,3.0,1.0,,2.0,1.0,3.0,1.0,1.0,4.0,4.0,1.0,1.0,3.0
"Tanzania, United Rep. of",TZ,TZA,"Climate related disasters frequency, Number of Disasters: Landslide",Number of,"The Emergency Events Database (EM-DAT) , Centre for Research on the Epidemiology of Disasters (CRED) / Université catholique de Louvain (UCLouvain), Brussels, Belgium – www.emdat.be.",ECCD,Climate Related Disasters Frequency,"Environment, Climate Change, Adaptation, Climate Related Disasters Frequency",,,,,,,,,,,,,,,,,,,,,,1.0,,,,,,,,,,,,,,,,,,,,,,
"Tanzania, United Rep. of",TZ,TZA,"Climate related disasters frequency, Number of Disasters: Storm",Number of,"The Emergency Events Database (EM-DAT) , Centre for Research on the Epidemiology of Disasters (CRED) / Université catholique de Louvain (UCLouvain), Brussels, Belgium – www.emdat.be.",ECCD,Climate Related Disasters Frequency,"Environment, Climate Change, Adaptation, Climate Related Disasters Frequency",,,,,,,,,,,,,,,1.0,,,,,,,,,,,,,,2.0,1.0,,,,,,1.0,,,,1.0,,1.0,,
"Tanzania, United Rep. of",TZ,TZA,"Climate related disasters frequency, Number of Disasters: TOTAL",Number of,"The Emergency Events Database (EM-DAT) , Centre for Research on the Epidemiology of Disasters (CRED) / Université catholique de Louvain (UCLouvain), Brussels, Belgium – www.emdat.be.",ECCD,Climate Related Disasters Frequency,"Environment, Climate Change, Adaptation, Climate Related Disasters Frequency",,,1.0,,1.0,,1.0,,2.0,1.0,3.0,,,2.0,2.0,2.0,1.0,3.0,2.0,,1.0,2.0,1.0,2.0,1.0,1.0,3.0,,4.0,3.0,,4.0,1.0,,2.0,2.0,3.0,1.0,1.0,5.0,4.0,3.0,1.0,3.0
"Tanzania, United Rep. of",TZ,TZA,"Climate related disasters frequency, Number of Disasters: Wildfire",Number of,"The Emergency Events Database (EM-DAT) , Centre for Research on the Epidemiology of Disasters (CRED) / Université catholique de Louvain (UCLouvain), Brussels, Belgium – www.emdat.be.",ECCD,Climate Related Disasters Frequency,"Environment, Climate Change, Adaptation, Climate Related Disasters Frequency",,,,,,,,,,,,,,,,,,1.0,,,,,,,,,,,,,,,,,,,,,,,,,,
Thailand,TH,THA,"Climate related disasters frequency, Number of Disasters: Drought",Number of,"The Emergency Events Database (EM-DAT) , Centre for Research on the Epidemiology of Disasters (CRED) / Université catholique de Louvain (UCLouvain), Brussels, Belgium – www.emdat.be.",ECCD,Climate Related Disasters Frequency,"Environment, Climate Change, Adaptation, Climate Related Disasters Frequency",,,,,,,,,,,,1.0,,1.0,,,,,,1.0,,,1.0,,,1.0,,,1.0,,1.0,1.0,1.0,,1.0,1.0,,,,1.0,,,,
Thailand,TH,THA,"Climate related disasters frequency, Number of Disasters: Extreme temperature",Number of,"The Emergency Events Database (EM-DAT) , Centre for Research on the Epidemiology of Disasters (CRED) / Université catholique de Louvain (UCLouvain), Brussels, Belgium – www.emdat.be.",ECCD,Climate Related Disasters Frequency,"Environment, Climate Change, Adaptation, Climate Related Disasters Frequency",,,,,,,,,,,,,,,,,,,,,,,,,,,,,,,,,,,1.0,,1.0,,,,,,,
Thailand,TH,THA,"Climate related disasters frequency, Number of Disasters: Flood",Number of,"The Emergency Events Database (EM-DAT) , Centre for Research on the Epidemiology of Disasters (CRED) / Université catholique de Louvain (UCLouvain), Brussels, Belgium – www.emdat.be.",ECCD,Climate Related Disasters Frequency,"Environment, Climate Change, Adaptation, Climate Related Disasters Frequency",1.0,,,1.0,2.0,1.0,1.0,1.0,1.0,,,2.0,,3.0,3.0,1.0,1.0,1.0,,6.0,4.0,5.0,2.0,3.0,3.0,2.0,3.0,5.0,3.0,1.0,1.0,2.0,1.0,3.0,4.0,,3.0,4.0,,1.0,3.0,5.0,9.0,2.0
Thailand,TH,THA,"Climate related disasters frequency, Number of Disasters: Landslide",Number of,"The Emergency Events Database (EM-DAT) , Centre for Research on the Epidemiology of Disasters (CRED) / Université catholique de Louvain (UCLouvain), Brussels, Belgium – www.emdat.be.",ECCD,Climate Related Disasters Frequency,"Environment, Climate Change, Adaptation, Climate Related Disasters Frequency",,,,,,,,,,,,,,,1.0,,,,,,,,1.0,,1.0,,,,,,,,,,,,,,,,,,,
Thailand,TH,THA,"Climate related disasters frequency, Number of Disasters: Storm",Number of,"The Emergency Events Database (EM-DAT) , Centre for Research on the Epidemiology of Disasters (CRED) / Université catholique de Louvain (UCLouvain), Brussels, Belgium – www.emdat.be.",ECCD,Climate Related Disasters Frequency,"Environment, Climate Change, Adaptation, Climate Related Disasters Frequency",,2.0,,,,,,,,1.0,1.0,1.0,4.0,2.0,3.0,1.0,1.0,2.0,,,1.0,1.0,2.0,1.0,2.0,2.0,,,2.0,,,1.0,,,1.0,1.0,,2.0,,1.0,4.0,1.0,2.0,1.0
Thailand,TH,THA,"Climate related disasters frequency, Number of Disasters: TOTAL",Number of,"The Emergency Events Database (EM-DAT) , Centre for Research on the Epidemiology of Disasters (CRED) / Université catholique de Louvain (UCLouvain), Brussels, Belgium – www.emdat.be.",ECCD,Climate Related Disasters Frequency,"Environment, Climate Change, Adaptation, Climate Related Disasters Frequency",1.0,2.0,,1.0,2.0,1.0,1.0,1.0,1.0,1.0,1.0,4.0,4.0,6.0,7.0,2.0,2.0,3.0,,7.0,5.0,6.0,6.0,4.0,6.0,6.0,3.0,5.0,6.0,1.0,2.0,4.0,2.0,3.0,7.0,2.0,4.0,6.0,,3.0,7.0,6.0,11.0,3.0
Thailand,TH,THA,"Climate related disasters frequency, Number of Disasters: Wildfire",Number of,"The Emergency Events Database (EM-DAT) , Centre for Research on the Epidemiology of Disasters (CRED) / Université catholique de Louvain (UCLouvain), Brussels, Belgium – www.emdat.be.",ECCD,Climate Related Disasters Frequency,"Environment, Climate Change, Adaptation, Climate Related Disasters Frequency",,,,,,,,,,,,,,,,,,,,,,,,,,1.0,,,,,,,,,,,,,,,,,,
"Timor-Leste, Dem. Rep. of",TL,TLS,"Climate related disasters frequency, Number of Disasters: Drought",Number of,"The Emergency Events Database (EM-DAT) , Centre for Research on the Epidemiology of Disasters (CRED) / Université catholique de Louvain (UCLouvain), Brussels, Belgium – www.emdat.be.",ECCD,Climate Related Disasters Frequency,"Environment, Climate Change, Adaptation, Climate Related Disasters Frequency",,,,,,,,,,,,,,,,,,,,,,,,,,,,1.0,,,,,,,,,1.0,,,,,,,
"Timor-Leste, Dem. Rep. of",TL,TLS,"Climate related disasters frequency, Number of Disasters: Flood",Number of,"The Emergency Events Database (EM-DAT) , Centre for Research on the Epidemiology of Disasters (CRED) / Université catholique de Louvain (UCLouvain), Brussels, Belgium – www.emdat.be.",ECCD,Climate Related Disasters Frequency,"Environment, Climate Change, Adaptation, Climate Related Disasters Frequency",,,,,,,,,,,,,,,,,,,,,,1.0,,2.0,,,,2.0,,,,,,,,,,,,,1.0,,,
"Timor-Leste, Dem. Rep. of",TL,TLS,"Climate related disasters frequency, Number of Disasters: Storm",Number of,"The Emergency Events Database (EM-DAT) , Centre for Research on the Epidemiology of Disasters (CRED) / Université catholique de Louvain (UCLouvain), Brussels, Belgium – www.emdat.be.",ECCD,Climate Related Disasters Frequency,"Environment, Climate Change, Adaptation, Climate Related Disasters Frequency",,,,,,,,,,,,,,,,,,,,,,,,,,,1.0,,,,,,,,,,,,,,,1.0,,
"Timor-Leste, Dem. Rep. of",TL,TLS,"Climate related disasters frequency, Number of Disasters: TOTAL",Number of,"The Emergency Events Database (EM-DAT) , Centre for Research on the Epidemiology of Disasters (CRED) / Université catholique de Louvain (UCLouvain), Brussels, Belgium – www.emdat.be.",ECCD,Climate Related Disasters Frequency,"Environment, Climate Change, Adaptation, Climate Related Disasters Frequency",,,,,,,,,,,,,,,,,,,,,,1.0,,2.0,,,1.0,3.0,,,,,,,,,1.0,,,,1.0,1.0,,
Togo,TG,TGO,"Climate related disasters frequency, Number of Disasters: Drought",Number of,"The Emergency Events Database (EM-DAT) , Centre for Research on the Epidemiology of Disasters (CRED) / Université catholique de Louvain (UCLouvain), Brussels, Belgium – www.emdat.be.",ECCD,Climate Related Disasters Frequency,"Environment, Climate Change, Adaptation, Climate Related Disasters Frequency",1.0,,,,,,,,,1.0,,,,,,,,,,,,,,,,,,,,,,,,,,,,,,,,,,
Togo,TG,TGO,"Climate related disasters frequency, Number of Disasters: Flood",Number of,"The Emergency Events Database (EM-DAT) , Centre for Research on the Epidemiology of Disasters (CRED) / Université catholique de Louvain (UCLouvain), Brussels, Belgium – www.emdat.be.",ECCD,Climate Related Disasters Frequency,"Environment, Climate Change, Adaptation, Climate Related Disasters Frequency",,,,,,,,,,,,,,,1.0,2.0,,,1.0,1.0,,,,,,,1.0,1.0,1.0,1.0,2.0,,,,,,,1.0,,,1.0,,1.0,
Togo,TG,TGO,"Climate related disasters frequency, Number of Disasters: TOTAL",Number of,"The Emergency Events Database (EM-DAT) , Centre for Research on the Epidemiology of Disasters (CRED) / Université catholique de Louvain (UCLouvain), Brussels, Belgium – www.emdat.be.",ECCD,Climate Related Disasters Frequency,"Environment, Climate Change, Adaptation, Climate Related Disasters Frequency",1.0,,,,,,,,,1.0,,,,,1.0,2.0,,,1.0,1.0,,,,,,,1.0,1.0,1.0,1.0,2.0,,,,,,,1.0,,,1.0,,1.0,
Tokelau,TK,TKL,"Climate related disasters frequency, Number of Disasters: Storm",Number of,"The Emergency Events Database (EM-DAT) , Centre for Research on the Epidemiology of Disasters (CRED) / Université catholique de Louvain (UCLouvain), Brussels, Belgium – www.emdat.be.",ECCD,Climate Related Disasters Frequency,"Environment, Climate Change, Adaptation, Climate Related Disasters Frequency",,,,,,,,1.0,,,1.0,,,,,,,,,,,,,,,1.0,,,,,,,,,,,,,,,,,,
Tokelau,TK,TKL,"Climate related disasters frequency, Number of Disasters: TOTAL",Number of,"The Emergency Events Database (EM-DAT) , Centre for Research on the Epidemiology of Disasters (CRED) / Université catholique de Louvain (UCLouvain), Brussels, Belgium – www.emdat.be.",ECCD,Climate Related Disasters Frequency,"Environment, Climate Change, Adaptation, Climate Related Disasters Frequency",,,,,,,,1.0,,,1.0,,,,,,,,,,,,,,,1.0,,,,,,,,,,,,,,,,,,
Tonga,TO,TON,"Climate related disasters frequency, Number of Disasters: Drought",Number of,"The Emergency Events Database (EM-DAT) , Centre for Research on the Epidemiology of Disasters (CRED) / Université catholique de Louvain (UCLouvain), Brussels, Belgium – www.emdat.be.",ECCD,Climate Related Disasters Frequency,"Environment, Climate Change, Adaptation, Climate Related Disasters Frequency",,,,,,,,,,,,,,,,,,,,,,,,,,,,,,,,,,,,1.0,,,,,,,,
Tonga,TO,TON,"Climate related disasters frequency, Number of Disasters: Storm",Number of,"The Emergency Events Database (EM-DAT) , Centre for Research on the Epidemiology of Disasters (CRED) / Université catholique de Louvain (UCLouvain), Brussels, Belgium – www.emdat.be.",ECCD,Climate Related Disasters Frequency,"Environment, Climate Change, Adaptation, Climate Related Disasters Frequency",,,2.0,,,,,,,,1.0,,,,,,,1.0,2.0,,,1.0,,,1.0,,,,,,,1.0,,,1.0,,3.0,,1.0,,1.0,,,
Tonga,TO,TON,"Climate related disasters frequency, Number of Disasters: TOTAL",Number of,"The Emergency Events Database (EM-DAT) , Centre for Research on the Epidemiology of Disasters (CRED) / Université catholique de Louvain (UCLouvain), Brussels, Belgium – www.emdat.be.",ECCD,Climate Related Disasters Frequency,"Environment, Climate Change, Adaptation, Climate Related Disasters Frequency",,,2.0,,,,,,,,1.0,,,,,,,1.0,2.0,,,1.0,,,1.0,,,,,,,1.0,,,1.0,1.0,3.0,,1.0,,1.0,,,
Trinidad and Tobago,TT,TTO,"Climate related disasters frequency, Number of Disasters: Drought",Number of,"The Emergency Events Database (EM-DAT) , Centre for Research on the Epidemiology of Disasters (CRED) / Université catholique de Louvain (UCLouvain), Brussels, Belgium – www.emdat.be.",ECCD,Climate Related Disasters Frequency,"Environment, Climate Change, Adaptation, Climate Related Disasters Frequency",,,,,,,,,,,,,,,,,,,,,,,,,,,,,,,1.0,,,,,,,,,,,,,
Trinidad and Tobago,TT,TTO,"Climate related disasters frequency, Number of Disasters: Flood",Number of,"The Emergency Events Database (EM-DAT) , Centre for Research on the Epidemiology of Disasters (CRED) / Université catholique de Louvain (UCLouvain), Brussels, Belgium – www.emdat.be.",ECCD,Climate Related Disasters Frequency,"Environment, Climate Change, Adaptation, Climate Related Disasters Frequency",,,,,,,,,,,,,,1.0,,,1.0,,,,,,,,,,,,,,,,,,,,,,1.0,,,,1.0,
Trinidad and Tobago,TT,TTO,"Climate related disasters frequency, Number of Disasters: Landslide",Number of,"The Emergency Events Database (EM-DAT) , Centre for Research on the Epidemiology of Disasters (CRED) / Université catholique de Louvain (UCLouvain), Brussels, Belgium – www.emdat.be.",ECCD,Climate Related Disasters Frequency,"Environment, Climate Change, Adaptation, Climate Related Disasters Frequency",,,,,,,,,,,,,,,,,,,,,,,,,1.0,,,,,,,,,,,,,,,,,,,
Trinidad and Tobago,TT,TTO,"Climate related disasters frequency, Number of Disasters: Storm",Number of,"The Emergency Events Database (EM-DAT) , Centre for Research on the Epidemiology of Disasters (CRED) / Université catholique de Louvain (UCLouvain), Brussels, Belgium – www.emdat.be.",ECCD,Climate Related Disasters Frequency,"Environment, Climate Change, Adaptation, Climate Related Disasters Frequency",,,,,,,,,,,1.0,,,,,,,,,,,,,,1.0,1.0,,,,,,,,,,,,,,,,,,
Trinidad and Tobago,TT,TTO,"Climate related disasters frequency, Number of Disasters: TOTAL",Number of,"The Emergency Events Database (EM-DAT) , Centre for Research on the Epidemiology of Disasters (CRED) / Université catholique de Louvain (UCLouvain), Brussels, Belgium – www.emdat.be.",ECCD,Climate Related Disasters Frequency,"Environment, Climate Change, Adaptation, Climate Related Disasters Frequency",,,,,,,,,,,1.0,,,1.0,,,1.0,,,,,,,,2.0,1.0,,,,,1.0,,,,,,,,1.0,,,,1.0,
Tunisia,TN,TUN,"Climate related disasters frequency, Number of Disasters: Drought",Number of,"The Emergency Events Database (EM-DAT) , Centre for Research on the Epidemiology of Disasters (CRED) / Université catholique de Louvain (UCLouvain), Brussels, Belgium – www.emdat.be.",ECCD,Climate Related Disasters Frequency,"Environment, Climate Change, Adaptation, Climate Related Disasters Frequency",,,,,,,,,1.0,,,,,,,,,,,,,,,,,,,,,,,,,,,,,,,,,,,
Tunisia,TN,TUN,"Climate related disasters frequency, Number of Disasters: Flood",Number of,"The Emergency Events Database (EM-DAT) , Centre for Research on the Epidemiology of Disasters (CRED) / Université catholique de Louvain (UCLouvain), Brussels, Belgium – www.emdat.be.",ECCD,Climate Related Disasters Frequency,"Environment, Climate Change, Adaptation, Climate Related Disasters Frequency",,,1.0,,,,1.0,,,,1.0,,,,,,,,,,,,,2.0,,,,2.0,,1.0,,,,,,,,,2.0,,1.0,1.0,1.0,
Tunisia,TN,TUN,"Climate related disasters frequency, Number of Disasters: TOTAL",Number of,"The Emergency Events Database (EM-DAT) , Centre for Research on the Epidemiology of Disasters (CRED) / Université catholique de Louvain (UCLouvain), Brussels, Belgium – www.emdat.be.",ECCD,Climate Related Disasters Frequency,"Environment, Climate Change, Adaptation, Climate Related Disasters Frequency",,,1.0,,,,1.0,,1.0,,1.0,,,,,,,,,,,,,2.0,,,,2.0,,1.0,,,,,,,,1.0,2.0,,1.0,2.0,1.0,
Tunisia,TN,TUN,"Climate related disasters frequency, Number of Disasters: Wildfire",Number of,"The Emergency Events Database (EM-DAT) , Centre for Research on the Epidemiology of Disasters (CRED) / Université catholique de Louvain (UCLouvain), Brussels, Belgium – www.emdat.be.",ECCD,Climate Related Disasters Frequency,"Environment, Climate Change, Adaptation, Climate Related Disasters Frequency",,,,,,,,,,,,,,,,,,,,,,,,,,,,,,,,,,,,,,1.0,,,,1.0,,
"Türkiye, Rep. of",TR,TUR,"Climate related disasters frequency, Number of Disasters: Extreme temperature",Number of,"The Emergency Events Database (EM-DAT) , Centre for Research on the Epidemiology of Disasters (CRED) / Université catholique de Louvain (UCLouvain), Brussels, Belgium – www.emdat.be.",ECCD,Climate Related Disasters Frequency,"Environment, Climate Change, Adaptation, Climate Related Disasters Frequency",,,,,,,,1.0,,,,,,,1.0,,,,,,1.0,1.0,,,1.0,1.0,,1.0,,,,,,,,,,,,,,,,
"Türkiye, Rep. of",TR,TUR,"Climate related disasters frequency, Number of Disasters: Flood",Number of,"The Emergency Events Database (EM-DAT) , Centre for Research on the Epidemiology of Disasters (CRED) / Université catholique de Louvain (UCLouvain), Brussels, Belgium – www.emdat.be.",ECCD,Climate Related Disasters Frequency,"Environment, Climate Change, Adaptation, Climate Related Disasters Frequency",1.0,1.0,,,1.0,,,,1.0,,2.0,1.0,,,,2.0,,,3.0,,1.0,3.0,1.0,1.0,3.0,2.0,2.0,3.0,,2.0,,1.0,1.0,,,2.0,,,,3.0,3.0,2.0,3.0,1.0
"Türkiye, Rep. of",TR,TUR,"Climate related disasters frequency, Number of Disasters: Landslide",Number of,"The Emergency Events Database (EM-DAT) , Centre for Research on the Epidemiology of Disasters (CRED) / Université catholique de Louvain (UCLouvain), Brussels, Belgium – www.emdat.be.",ECCD,Climate Related Disasters Frequency,"Environment, Climate Change, Adaptation, Climate Related Disasters Frequency",1.0,,,,,,,,1.0,,,,,1.0,,1.0,,,,,,1.0,,,,1.0,,,,2.0,1.0,,,1.0,,,,,1.0,,1.0,,,
"Türkiye, Rep. of",TR,TUR,"Climate related disasters frequency, Number of Disasters: Storm",Number of,"The Emergency Events Database (EM-DAT) , Centre for Research on the Epidemiology of Disasters (CRED) / Université catholique de Louvain (UCLouvain), Brussels, Belgium – www.emdat.be.",ECCD,Climate Related Disasters Frequency,"Environment, Climate Change, Adaptation, Climate Related Disasters Frequency",,,,,,,,,,,,1.0,,,1.0,,,,,,,,1.0,,3.0,1.0,,,,,,,,,,,,1.0,,,1.0,,,3.0
"Türkiye, Rep. of",TR,TUR,"Climate related disasters frequency, Number of Disasters: TOTAL",Number of,"The Emergency Events Database (EM-DAT) , Centre for Research on the Epidemiology of Disasters (CRED) / Université catholique de Louvain (UCLouvain), Brussels, Belgium – www.emdat.be.",ECCD,Climate Related Disasters Frequency,"Environment, Climate Change, Adaptation, Climate Related Disasters Frequency",2.0,1.0,,,1.0,1.0,,1.0,2.0,,2.0,2.0,,1.0,2.0,3.0,1.0,,3.0,,4.0,5.0,2.0,1.0,7.0,5.0,2.0,4.0,1.0,4.0,1.0,1.0,1.0,1.0,,2.0,,1.0,1.0,3.0,5.0,3.0,3.0,4.0
"Türkiye, Rep. of",TR,TUR,"Climate related disasters frequency, Number of Disasters: Wildfire",Number of,"The Emergency Events Database (EM-DAT) , Centre for Research on the Epidemiology of Disasters (CRED) / Université catholique de Louvain (UCLouvain), Brussels, Belgium – www.emdat.be.",ECCD,Climate Related Disasters Frequency,"Environment, Climate Change, Adaptation, Climate Related Disasters Frequency",,,,,,1.0,,,,,,,,,,,1.0,,,,2.0,,,,,,,,1.0,,,,,,,,,,,,,1.0,,
Turkmenistan,TM,TKM,"Climate related disasters frequency, Number of Disasters: Flood",Number of,"The Emergency Events Database (EM-DAT) , Centre for Research on the Epidemiology of Disasters (CRED) / Université catholique de Louvain (UCLouvain), Brussels, Belgium – www.emdat.be.",ECCD,Climate Related Disasters Frequency,"Environment, Climate Change, Adaptation, Climate Related Disasters Frequency",,,,,,,,,,,,,,1.0,,,,,,,,,,,,,,,,,,,,,,,,,,,,,,
Turkmenistan,TM,TKM,"Climate related disasters frequency, Number of Disasters: TOTAL",Number of,"The Emergency Events Database (EM-DAT) , Centre for Research on the Epidemiology of Disasters (CRED) / Université catholique de Louvain (UCLouvain), Brussels, Belgium – www.emdat.be.",ECCD,Climate Related Disasters Frequency,"Environment, Climate Change, Adaptation, Climate Related Disasters Frequency",,,,,,,,,,,,,,1.0,,,,,,,,,,,,,,,,,,,,,,,,,,,,,,
Turks and Caicos Islands,TC,TCA,"Climate related disasters frequency, Number of Disasters: Storm",Number of,"The Emergency Events Database (EM-DAT) , Centre for Research on the Epidemiology of Disasters (CRED) / Université catholique de Louvain (UCLouvain), Brussels, Belgium – www.emdat.be.",ECCD,Climate Related Disasters Frequency,"Environment, Climate Change, Adaptation, Climate Related Disasters Frequency",,,,,,1.0,,,,,1.0,,,,,,,,,,,,,,1.0,,,,3.0,,,,,,,,,1.0,,,,,,
Turks and Caicos Islands,TC,TCA,"Climate related disasters frequency, Number of Disasters: TOTAL",Number of,"The Emergency Events Database (EM-DAT) , Centre for Research on the Epidemiology of Disasters (CRED) / Université catholique de Louvain (UCLouvain), Brussels, Belgium – www.emdat.be.",ECCD,Climate Related Disasters Frequency,"Environment, Climate Change, Adaptation, Climate Related Disasters Frequency",,,,,,1.0,,,,,1.0,,,,,,,,,,,,,,1.0,,,,3.0,,,,,,,,,1.0,,,,,,
Tuvalu,TV,TUV,"Climate related disasters frequency, Number of Disasters: Drought",Number of,"The Emergency Events Database (EM-DAT) , Centre for Research on the Epidemiology of Disasters (CRED) / Université catholique de Louvain (UCLouvain), Brussels, Belgium – www.emdat.be.",ECCD,Climate Related Disasters Frequency,"Environment, Climate Change, Adaptation, Climate Related Disasters Frequency",,,,,,,,,,,,,,,,,,,,,,,,,,,,,,,,1.0,,,,,,,,,,1.0,,
Tuvalu,TV,TUV,"Climate related disasters frequency, Number of Disasters: Storm",Number of,"The Emergency Events Database (EM-DAT) , Centre for Research on the Epidemiology of Disasters (CRED) / Université catholique de Louvain (UCLouvain), Brussels, Belgium – www.emdat.be.",ECCD,Climate Related Disasters Frequency,"Environment, Climate Change, Adaptation, Climate Related Disasters Frequency",,,,,1.0,,,1.0,,,1.0,,,1.0,,,,,,,,,,,,,,,,,,,,,,1.0,,,,,1.0,,,
Tuvalu,TV,TUV,"Climate related disasters frequency, Number of Disasters: TOTAL",Number of,"The Emergency Events Database (EM-DAT) , Centre for Research on the Epidemiology of Disasters (CRED) / Université catholique de Louvain (UCLouvain), Brussels, Belgium – www.emdat.be.",ECCD,Climate Related Disasters Frequency,"Environment, Climate Change, Adaptation, Climate Related Disasters Frequency",,,,,1.0,,,1.0,,,1.0,,,1.0,,,,,,,,,,,,,,,,,,1.0,,,,1.0,,,,,1.0,1.0,,
Uganda,UG,UGA,"Climate related disasters frequency, Number of Disasters: Drought",Number of,"The Emergency Events Database (EM-DAT) , Centre for Research on the Epidemiology of Disasters (CRED) / Université catholique de Louvain (UCLouvain), Brussels, Belgium – www.emdat.be.",ECCD,Climate Related Disasters Frequency,"Environment, Climate Change, Adaptation, Climate Related Disasters Frequency",,,,,,,,1.0,,,,,,,,,,,1.0,1.0,,,1.0,,,1.0,,,1.0,,1.0,,,,,,,,,,,,1.0,
Uganda,UG,UGA,"Climate related disasters frequency, Number of Disasters: Flood",Number of,"The Emergency Events Database (EM-DAT) , Centre for Research on the Epidemiology of Disasters (CRED) / Université catholique de Louvain (UCLouvain), Brussels, Belgium – www.emdat.be.",ECCD,Climate Related Disasters Frequency,"Environment, Climate Change, Adaptation, Climate Related Disasters Frequency",,,,,,,,,,,,,,,,,,1.0,1.0,,,2.0,2.0,2.0,2.0,,2.0,2.0,1.0,,,1.0,1.0,1.0,,,1.0,1.0,,5.0,5.0,3.0,3.0,1.0
Uganda,UG,UGA,"Climate related disasters frequency, Number of Disasters: Landslide",Number of,"The Emergency Events Database (EM-DAT) , Centre for Research on the Epidemiology of Disasters (CRED) / Université catholique de Louvain (UCLouvain), Brussels, Belgium – www.emdat.be.",ECCD,Climate Related Disasters Frequency,"Environment, Climate Change, Adaptation, Climate Related Disasters Frequency",,,,,,,,,,,,,,,,,,1.0,,,,1.0,,,,,,,,,1.0,,1.0,,,,1.0,,1.0,3.0,,,1.0,
Uganda,UG,UGA,"Climate related disasters frequency, Number of Disasters: Storm",Number of,"The Emergency Events Database (EM-DAT) , Centre for Research on the Epidemiology of Disasters (CRED) / Université catholique de Louvain (UCLouvain), Brussels, Belgium – www.emdat.be.",ECCD,Climate Related Disasters Frequency,"Environment, Climate Change, Adaptation, Climate Related Disasters Frequency",,,,,,,,,,,,,,,,,,,,,2.0,,1.0,,,,,,,,,1.0,,,,,,,,,1.0,,,
Uganda,UG,UGA,"Climate related disasters frequency, Number of Disasters: TOTAL",Number of,"The Emergency Events Database (EM-DAT) , Centre for Research on the Epidemiology of Disasters (CRED) / Université catholique de Louvain (UCLouvain), Brussels, Belgium – www.emdat.be.",ECCD,Climate Related Disasters Frequency,"Environment, Climate Change, Adaptation, Climate Related Disasters Frequency",,,,,,,,1.0,,,,,,,,,,2.0,2.0,1.0,2.0,3.0,4.0,2.0,2.0,1.0,2.0,2.0,2.0,,2.0,2.0,2.0,1.0,,,2.0,1.0,1.0,8.0,6.0,3.0,5.0,1.0
Ukraine,UA,UKR,"Climate related disasters frequency, Number of Disasters: Drought",Number of,"The Emergency Events Database (EM-DAT) , Centre for Research on the Epidemiology of Disasters (CRED) / Université catholique de Louvain (UCLouvain), Brussels, Belgium – www.emdat.be.",ECCD,Climate Related Disasters Frequency,"Environment, Climate Change, Adaptation, Climate Related Disasters Frequency",,,,,,,,,,,,,,,,,,,,,,,,,,,,,,,,,1.0,,,,,,,,,,,
Ukraine,UA,UKR,"Climate related disasters frequency, Number of Disasters: Extreme temperature",Number of,"The Emergency Events Database (EM-DAT) , Centre for Research on the Epidemiology of Disasters (CRED) / Université catholique de Louvain (UCLouvain), Brussels, Belgium – www.emdat.be.",ECCD,Climate Related Disasters Frequency,"Environment, Climate Change, Adaptation, Climate Related Disasters Frequency",,,,,,,,,,,,,,,,,,,,,1.0,,,,,1.0,,,1.0,1.0,,,2.0,,,,1.0,1.0,,,,,,
Ukraine,UA,UKR,"Climate related disasters frequency, Number of Disasters: Flood",Number of,"The Emergency Events Database (EM-DAT) , Centre for Research on the Epidemiology of Disasters (CRED) / Université catholique de Louvain (UCLouvain), Brussels, Belgium – www.emdat.be.",ECCD,Climate Related Disasters Frequency,"Environment, Climate Change, Adaptation, Climate Related Disasters Frequency",,,,,,,,,,,,,,2.0,,1.0,1.0,1.0,1.0,,,1.0,,1.0,,1.0,2.0,,1.0,,1.0,,,1.0,,,1.0,,,,1.0,,,1.0
Ukraine,UA,UKR,"Climate related disasters frequency, Number of Disasters: Storm",Number of,"The Emergency Events Database (EM-DAT) , Centre for Research on the Epidemiology of Disasters (CRED) / Université catholique de Louvain (UCLouvain), Brussels, Belgium – www.emdat.be.",ECCD,Climate Related Disasters Frequency,"Environment, Climate Change, Adaptation, Climate Related Disasters Frequency",,,,,,,,,,,,,1.0,,,,,1.0,,,3.0,,,,,,,2.0,,,,,,,,,,,1.0,,,1.0,,1.0
Ukraine,UA,UKR,"Climate related disasters frequency, Number of Disasters: TOTAL",Number of,"The Emergency Events Database (EM-DAT) , Centre for Research on the Epidemiology of Disasters (CRED) / Université catholique de Louvain (UCLouvain), Brussels, Belgium – www.emdat.be.",ECCD,Climate Related Disasters Frequency,"Environment, Climate Change, Adaptation, Climate Related Disasters Frequency",,,,,,,,,,,,,1.0,2.0,,1.0,1.0,2.0,1.0,,4.0,1.0,,1.0,,2.0,2.0,2.0,2.0,1.0,1.0,,3.0,1.0,,,2.0,1.0,1.0,,3.0,1.0,,2.0
Ukraine,UA,UKR,"Climate related disasters frequency, Number of Disasters: Wildfire",Number of,"The Emergency Events Database (EM-DAT) , Centre for Research on the Epidemiology of Disasters (CRED) / Université catholique de Louvain (UCLouvain), Brussels, Belgium – www.emdat.be.",ECCD,Climate Related Disasters Frequency,"Environment, Climate Change, Adaptation, Climate Related Disasters Frequency",,,,,,,,,,,,,,,,,,,,,,,,,,,,,,,,,,,,,,,,,2.0,,,
United Arab Emirates,AE,ARE,"Climate related disasters frequency, Number of Disasters: Flood",Number of,"The Emergency Events Database (EM-DAT) , Centre for Research on the Epidemiology of Disasters (CRED) / Université catholique de Louvain (UCLouvain), Brussels, Belgium – www.emdat.be.",ECCD,Climate Related Disasters Frequency,"Environment, Climate Change, Adaptation, Climate Related Disasters Frequency",,,,,,,,,,,,,,,,,,,,,,,,,,,,,,,,,,,,,,1.0,,,,,,
United Arab Emirates,AE,ARE,"Climate related disasters frequency, Number of Disasters: TOTAL",Number of,"The Emergency Events Database (EM-DAT) , Centre for Research on the Epidemiology of Disasters (CRED) / Université catholique de Louvain (UCLouvain), Brussels, Belgium – www.emdat.be.",ECCD,Climate Related Disasters Frequency,"Environment, Climate Change, Adaptation, Climate Related Disasters Frequency",,,,,,,,,,,,,,,,,,,,,,,,,,,,,,,,,,,,,,1.0,,,,,,
United Kingdom,GB,GBR,"Climate related disasters frequency, Number of Disasters: Drought",Number of,"The Emergency Events Database (EM-DAT) , Centre for Research on the Epidemiology of Disasters (CRED) / Université catholique de Louvain (UCLouvain), Brussels, Belgium – www.emdat.be.",ECCD,Climate Related Disasters Frequency,"Environment, Climate Change, Adaptation, Climate Related Disasters Frequency",,,,,,,,,,,,,,,,,,,,,,,,,,,,,,,,,,,,,,,,,,,1.0,
United Kingdom,GB,GBR,"Climate related disasters frequency, Number of Disasters: Extreme temperature",Number of,"The Emergency Events Database (EM-DAT) , Centre for Research on the Epidemiology of Disasters (CRED) / Université catholique de Louvain (UCLouvain), Brussels, Belgium – www.emdat.be.",ECCD,Climate Related Disasters Frequency,"Environment, Climate Change, Adaptation, Climate Related Disasters Frequency",,,,,,,,,,,,1.0,,,,,,1.0,,,,,,1.0,,2.0,,,,1.0,1.0,,,1.0,,,,,1.0,2.0,1.0,,1.0,
United Kingdom,GB,GBR,"Climate related disasters frequency, Number of Disasters: Flood",Number of,"The Emergency Events Database (EM-DAT) , Centre for Research on the Epidemiology of Disasters (CRED) / Université catholique de Louvain (UCLouvain), Brussels, Belgium – www.emdat.be.",ECCD,Climate Related Disasters Frequency,"Environment, Climate Change, Adaptation, Climate Related Disasters Frequency",,,,,,,,,,,,,,2.0,2.0,,,2.0,1.0,1.0,3.0,2.0,3.0,,1.0,,,3.0,2.0,1.0,,,5.0,1.0,1.0,1.0,,1.0,,1.0,1.0,,,
United Kingdom,GB,GBR,"Climate related disasters frequency, Number of Disasters: Storm",Number of,"The Emergency Events Database (EM-DAT) , Centre for Research on the Epidemiology of Disasters (CRED) / Université catholique de Louvain (UCLouvain), Brussels, Belgium – www.emdat.be.",ECCD,Climate Related Disasters Frequency,"Environment, Climate Change, Adaptation, Climate Related Disasters Frequency",,1.0,,1.0,1.0,,1.0,1.0,,1.0,7.0,1.0,,,,1.0,1.0,,3.0,2.0,3.0,,2.0,,,2.0,,1.0,1.0,1.0,1.0,,,3.0,1.0,1.0,,,1.0,,1.0,1.0,3.0,1.0
United Kingdom,GB,GBR,"Climate related disasters frequency, Number of Disasters: TOTAL",Number of,"The Emergency Events Database (EM-DAT) , Centre for Research on the Epidemiology of Disasters (CRED) / Université catholique de Louvain (UCLouvain), Brussels, Belgium – www.emdat.be.",ECCD,Climate Related Disasters Frequency,"Environment, Climate Change, Adaptation, Climate Related Disasters Frequency",,1.0,,1.0,1.0,,1.0,1.0,,1.0,7.0,2.0,,2.0,2.0,1.0,1.0,3.0,4.0,3.0,6.0,2.0,5.0,1.0,1.0,4.0,,4.0,3.0,3.0,2.0,,5.0,5.0,2.0,2.0,,1.0,2.0,3.0,3.0,1.0,5.0,1.0
United States,US,USA,"Climate related disasters frequency, Number of Disasters: Drought",Number of,"The Emergency Events Database (EM-DAT) , Centre for Research on the Epidemiology of Disasters (CRED) / Université catholique de Louvain (UCLouvain), Brussels, Belgium – www.emdat.be.",ECCD,Climate Related Disasters Frequency,"Environment, Climate Change, Adaptation, Climate Related Disasters Frequency",,,,,,,,,1.0,,,2.0,,,,,,,,1.0,2.0,,1.0,,,,,1.0,,,,1.0,2.0,,1.0,1.0,,1.0,1.0,,1.0,1.0,1.0,1.0
United States,US,USA,"Climate related disasters frequency, Number of Disasters: Extreme temperature",Number of,"The Emergency Events Database (EM-DAT) , Centre for Research on the Epidemiology of Disasters (CRED) / Université catholique de Louvain (UCLouvain), Brussels, Belgium – www.emdat.be.",ECCD,Climate Related Disasters Frequency,"Environment, Climate Change, Adaptation, Climate Related Disasters Frequency",1.0,,,1.0,,,1.0,1.0,,1.0,2.0,,,1.0,,2.0,,,1.0,1.0,1.0,1.0,1.0,,1.0,1.0,2.0,,1.0,1.0,,1.0,1.0,1.0,1.0,,,,,,,1.0,,1.0
United States,US,USA,"Climate related disasters frequency, Number of Disasters: Flood",Number of,"The Emergency Events Database (EM-DAT) , Centre for Research on the Epidemiology of Disasters (CRED) / Université catholique de Louvain (UCLouvain), Brussels, Belgium – www.emdat.be.",ECCD,Climate Related Disasters Frequency,"Environment, Climate Change, Adaptation, Climate Related Disasters Frequency",3.0,1.0,2.0,2.0,3.0,5.0,3.0,,3.0,,4.0,14.0,,6.0,1.0,5.0,4.0,8.0,7.0,1.0,8.0,5.0,4.0,4.0,4.0,6.0,11.0,6.0,4.0,4.0,3.0,4.0,1.0,7.0,2.0,5.0,6.0,3.0,3.0,4.0,2.0,12.0,3.0,4.0
United States,US,USA,"Climate related disasters frequency, Number of Disasters: Landslide",Number of,"The Emergency Events Database (EM-DAT) , Centre for Research on the Epidemiology of Disasters (CRED) / Université catholique de Louvain (UCLouvain), Brussels, Belgium – www.emdat.be.",ECCD,Climate Related Disasters Frequency,"Environment, Climate Change, Adaptation, Climate Related Disasters Frequency",,,,,,,,,,,,,,,1.0,,,,,,,,,1.0,,,,,,,,,,,1.0,,,,1.0,,,,,
United States,US,USA,"Climate related disasters frequency, Number of Disasters: Storm",Number of,"The Emergency Events Database (EM-DAT) , Centre for Research on the Epidemiology of Disasters (CRED) / Université catholique de Louvain (UCLouvain), Brussels, Belgium – www.emdat.be.",ECCD,Climate Related Disasters Frequency,"Environment, Climate Change, Adaptation, Climate Related Disasters Frequency",3.0,3.0,11.0,6.0,11.0,10.0,2.0,8.0,18.0,16.0,15.0,17.0,27.0,20.0,9.0,10.0,9.0,23.0,20.0,16.0,12.0,17.0,15.0,14.0,12.0,8.0,12.0,13.0,14.0,10.0,12.0,14.0,19.0,15.0,13.0,19.0,16.0,17.0,11.0,14.0,19.0,23.0,17.0,16.0
United States,US,USA,"Climate related disasters frequency, Number of Disasters: TOTAL",Number of,"The Emergency Events Database (EM-DAT) , Centre for Research on the Epidemiology of Disasters (CRED) / Université catholique de Louvain (UCLouvain), Brussels, Belgium – www.emdat.be.",ECCD,Climate Related Disasters Frequency,"Environment, Climate Change, Adaptation, Climate Related Disasters Frequency",7.0,4.0,13.0,9.0,14.0,15.0,6.0,9.0,22.0,17.0,21.0,35.0,29.0,28.0,14.0,17.0,14.0,33.0,32.0,22.0,30.0,26.0,29.0,22.0,20.0,16.0,28.0,23.0,21.0,17.0,15.0,23.0,25.0,28.0,19.0,29.0,26.0,24.0,19.0,20.0,23.0,43.0,25.0,24.0
United States,US,USA,"Climate related disasters frequency, Number of Disasters: Wildfire",Number of,"The Emergency Events Database (EM-DAT) , Centre for Research on the Epidemiology of Disasters (CRED) / Université catholique de Louvain (UCLouvain), Brussels, Belgium – www.emdat.be.",ECCD,Climate Related Disasters Frequency,"Environment, Climate Change, Adaptation, Climate Related Disasters Frequency",,,,,,,,,,,,2.0,2.0,1.0,3.0,,1.0,2.0,4.0,3.0,7.0,3.0,8.0,3.0,3.0,1.0,3.0,3.0,2.0,2.0,,3.0,2.0,5.0,1.0,4.0,4.0,3.0,3.0,2.0,1.0,6.0,4.0,2.0
United States Virgin Islands,VI,VIR,"Climate related disasters frequency, Number of Disasters: Storm",Number of,"The Emergency Events Database (EM-DAT) , Centre for Research on the Epidemiology of Disasters (CRED) / Université catholique de Louvain (UCLouvain), Brussels, Belgium – www.emdat.be.",ECCD,Climate Related Disasters Frequency,"Environment, Climate Change, Adaptation, Climate Related Disasters Frequency",,,,,,,,,,1.0,,,,,,2.0,,,1.0,1.0,,,,,1.0,,,,,,,,,,,,,2.0,,,,,,
United States Virgin Islands,VI,VIR,"Climate related disasters frequency, Number of Disasters: TOTAL",Number of,"The Emergency Events Database (EM-DAT) , Centre for Research on the Epidemiology of Disasters (CRED) / Université catholique de Louvain (UCLouvain), Brussels, Belgium – www.emdat.be.",ECCD,Climate Related Disasters Frequency,"Environment, Climate Change, Adaptation, Climate Related Disasters Frequency",,,,,,,,,,1.0,,,,,,2.0,,,1.0,1.0,,,,,1.0,,,,,,,,,,,,,2.0,,,,,,
Uruguay,UY,URY,"Climate related disasters frequency, Number of Disasters: Drought",Number of,"The Emergency Events Database (EM-DAT) , Centre for Research on the Epidemiology of Disasters (CRED) / Université catholique de Louvain (UCLouvain), Brussels, Belgium – www.emdat.be.",ECCD,Climate Related Disasters Frequency,"Environment, Climate Change, Adaptation, Climate Related Disasters Frequency",,,,,,,,,,,,,,,,,,,,1.0,,,,,,,,,,,,,,,,,,,1.0,,,,,1.0
Uruguay,UY,URY,"Climate related disasters frequency, Number of Disasters: Extreme temperature",Number of,"The Emergency Events Database (EM-DAT) , Centre for Research on the Epidemiology of Disasters (CRED) / Université catholique de Louvain (UCLouvain), Brussels, Belgium – www.emdat.be.",ECCD,Climate Related Disasters Frequency,"Environment, Climate Change, Adaptation, Climate Related Disasters Frequency",,,,,,,,,,,,,,,,,,,,,1.0,,,,1.0,,,1.0,,,1.0,,,,,,,,,,,,,
Uruguay,UY,URY,"Climate related disasters frequency, Number of Disasters: Flood",Number of,"The Emergency Events Database (EM-DAT) , Centre for Research on the Epidemiology of Disasters (CRED) / Université catholique de Louvain (UCLouvain), Brussels, Belgium – www.emdat.be.",ECCD,Climate Related Disasters Frequency,"Environment, Climate Change, Adaptation, Climate Related Disasters Frequency",,,,,,,1.0,,,,,1.0,1.0,,,,,,1.0,,1.0,1.0,1.0,1.0,,,,2.0,,1.0,,,,,,3.0,1.0,1.0,,3.0,1.0,,1.0,1.0
Uruguay,UY,URY,"Climate related disasters frequency, Number of Disasters: Storm",Number of,"The Emergency Events Database (EM-DAT) , Centre for Research on the Epidemiology of Disasters (CRED) / Université catholique de Louvain (UCLouvain), Brussels, Belgium – www.emdat.be.",ECCD,Climate Related Disasters Frequency,"Environment, Climate Change, Adaptation, Climate Related Disasters Frequency",,,,,,,,,,,,,,1.0,,,,1.0,,1.0,1.0,,1.0,,,1.0,,,,,,,,,,,,,,,1.0,,,1.0
Uruguay,UY,URY,"Climate related disasters frequency, Number of Disasters: TOTAL",Number of,"The Emergency Events Database (EM-DAT) , Centre for Research on the Epidemiology of Disasters (CRED) / Université catholique de Louvain (UCLouvain), Brussels, Belgium – www.emdat.be.",ECCD,Climate Related Disasters Frequency,"Environment, Climate Change, Adaptation, Climate Related Disasters Frequency",,,,,,,1.0,,,,,1.0,1.0,1.0,,,,1.0,1.0,2.0,3.0,1.0,2.0,1.0,1.0,1.0,,3.0,,1.0,1.0,,,,,3.0,1.0,1.0,1.0,3.0,2.0,,1.0,3.0
"Uzbekistan, Rep. of",UZ,UZB,"Climate related disasters frequency, Number of Disasters: Drought",Number of,"The Emergency Events Database (EM-DAT) , Centre for Research on the Epidemiology of Disasters (CRED) / Université catholique de Louvain (UCLouvain), Brussels, Belgium – www.emdat.be.",ECCD,Climate Related Disasters Frequency,"Environment, Climate Change, Adaptation, Climate Related Disasters Frequency",,,,,,,,,,,,,,,,,,,,,1.0,,,,,,,,,,,,,,,,,,,,,,,
"Uzbekistan, Rep. of",UZ,UZB,"Climate related disasters frequency, Number of Disasters: Flood",Number of,"The Emergency Events Database (EM-DAT) , Centre for Research on the Epidemiology of Disasters (CRED) / Université catholique de Louvain (UCLouvain), Brussels, Belgium – www.emdat.be.",ECCD,Climate Related Disasters Frequency,"Environment, Climate Change, Adaptation, Climate Related Disasters Frequency",,,,,,,,,,,,,,,,,,,,,,,,,,1.0,,,,,,,,,,,,,,,1.0,,1.0,
"Uzbekistan, Rep. of",UZ,UZB,"Climate related disasters frequency, Number of Disasters: Landslide",Number of,"The Emergency Events Database (EM-DAT) , Centre for Research on the Epidemiology of Disasters (CRED) / Université catholique de Louvain (UCLouvain), Brussels, Belgium – www.emdat.be.",ECCD,Climate Related Disasters Frequency,"Environment, Climate Change, Adaptation, Climate Related Disasters Frequency",,,,,,,,,,,,,,,,,,,,1.0,,,,,,,,,,,,,,,,,,,,,,1.0,,
"Uzbekistan, Rep. of",UZ,UZB,"Climate related disasters frequency, Number of Disasters: TOTAL",Number of,"The Emergency Events Database (EM-DAT) , Centre for Research on the Epidemiology of Disasters (CRED) / Université catholique de Louvain (UCLouvain), Brussels, Belgium – www.emdat.be.",ECCD,Climate Related Disasters Frequency,"Environment, Climate Change, Adaptation, Climate Related Disasters Frequency",,,,,,,,,,,,,,,,,,,,1.0,1.0,,,,,1.0,,,,,,,,,,,,,,,1.0,1.0,1.0,
Vanuatu,VU,VUT,"Climate related disasters frequency, Number of Disasters: Flood",Number of,"The Emergency Events Database (EM-DAT) , Centre for Research on the Epidemiology of Disasters (CRED) / Université catholique de Louvain (UCLouvain), Brussels, Belgium – www.emdat.be.",ECCD,Climate Related Disasters Frequency,"Environment, Climate Change, Adaptation, Climate Related Disasters Frequency",,,,,,,,,,,,,,,,,,,,,,,1.0,,,,,,,1.0,,,,,,,,,,,,,,
Vanuatu,VU,VUT,"Climate related disasters frequency, Number of Disasters: Landslide",Number of,"The Emergency Events Database (EM-DAT) , Centre for Research on the Epidemiology of Disasters (CRED) / Université catholique de Louvain (UCLouvain), Brussels, Belgium – www.emdat.be.",ECCD,Climate Related Disasters Frequency,"Environment, Climate Change, Adaptation, Climate Related Disasters Frequency",,,,,,,,,1.0,,,,,,,,,,,,,,,,,,,,,,,,,,,,,,,,,,,
Vanuatu,VU,VUT,"Climate related disasters frequency, Number of Disasters: Storm",Number of,"The Emergency Events Database (EM-DAT) , Centre for Research on the Epidemiology of Disasters (CRED) / Université catholique de Louvain (UCLouvain), Brussels, Belgium – www.emdat.be.",ECCD,Climate Related Disasters Frequency,"Environment, Climate Change, Adaptation, Climate Related Disasters Frequency",,2.0,,,,1.0,,1.0,2.0,,,,2.0,1.0,,,,,1.0,1.0,,2.0,,,1.0,,,,,,,2.0,,,1.0,1.0,,1.0,,,1.0,,,3.0
Vanuatu,VU,VUT,"Climate related disasters frequency, Number of Disasters: TOTAL",Number of,"The Emergency Events Database (EM-DAT) , Centre for Research on the Epidemiology of Disasters (CRED) / Université catholique de Louvain (UCLouvain), Brussels, Belgium – www.emdat.be.",ECCD,Climate Related Disasters Frequency,"Environment, Climate Change, Adaptation, Climate Related Disasters Frequency",,2.0,,,,1.0,,1.0,3.0,,,,2.0,1.0,,,,,1.0,1.0,,2.0,1.0,,1.0,,,,,1.0,,2.0,,,1.0,1.0,,1.0,,,1.0,,,3.0
"Venezuela, Rep. Bolivariana de",VE,VEN,"Climate related disasters frequency, Number of Disasters: Drought",Number of,"The Emergency Events Database (EM-DAT) , Centre for Research on the Epidemiology of Disasters (CRED) / Université catholique de Louvain (UCLouvain), Brussels, Belgium – www.emdat.be.",ECCD,Climate Related Disasters Frequency,"Environment, Climate Change, Adaptation, Climate Related Disasters Frequency",,,,,,,,,,,,,,,,,,,,,,,,,,,,,,1.0,,,,,,,,,,,,,,
"Venezuela, Rep. Bolivariana de",VE,VEN,"Climate related disasters frequency, Number of Disasters: Flood",Number of,"The Emergency Events Database (EM-DAT) , Centre for Research on the Epidemiology of Disasters (CRED) / Université catholique de Louvain (UCLouvain), Brussels, Belgium – www.emdat.be.",ECCD,Climate Related Disasters Frequency,"Environment, Climate Change, Adaptation, Climate Related Disasters Frequency",,,,,,1.0,,1.0,2.0,,,,,,1.0,,2.0,1.0,,3.0,2.0,,1.0,2.0,1.0,4.0,1.0,,1.0,,1.0,3.0,1.0,,,1.0,1.0,,2.0,1.0,1.0,2.0,5.0,1.0
"Venezuela, Rep. Bolivariana de",VE,VEN,"Climate related disasters frequency, Number of Disasters: Landslide",Number of,"The Emergency Events Database (EM-DAT) , Centre for Research on the Epidemiology of Disasters (CRED) / Université catholique de Louvain (UCLouvain), Brussels, Belgium – www.emdat.be.",ECCD,Climate Related Disasters Frequency,"Environment, Climate Change, Adaptation, Climate Related Disasters Frequency",,1.0,,,,,,1.0,,,,,,,1.0,,,,,,,,,,,,,,,,,,,,,,,,,,,,2.0,
"Venezuela, Rep. Bolivariana de",VE,VEN,"Climate related disasters frequency, Number of Disasters: Storm",Number of,"The Emergency Events Database (EM-DAT) , Centre for Research on the Epidemiology of Disasters (CRED) / Université catholique de Louvain (UCLouvain), Brussels, Belgium – www.emdat.be.",ECCD,Climate Related Disasters Frequency,"Environment, Climate Change, Adaptation, Climate Related Disasters Frequency",,,,,,,,,1.0,,,,,1.0,,,,,,,,,,,1.0,,,,,,1.0,,,,,,,,,,,,1.0,
"Venezuela, Rep. Bolivariana de",VE,VEN,"Climate related disasters frequency, Number of Disasters: TOTAL",Number of,"The Emergency Events Database (EM-DAT) , Centre for Research on the Epidemiology of Disasters (CRED) / Université catholique de Louvain (UCLouvain), Brussels, Belgium – www.emdat.be.",ECCD,Climate Related Disasters Frequency,"Environment, Climate Change, Adaptation, Climate Related Disasters Frequency",,1.0,,,,1.0,,2.0,3.0,,,,,1.0,2.0,,2.0,1.0,,3.0,2.0,,1.0,2.0,2.0,4.0,1.0,,1.0,1.0,2.0,3.0,1.0,,,1.0,1.0,,2.0,1.0,1.0,2.0,8.0,1.0
Vietnam,VN,VNM,"Climate related disasters frequency, Number of Disasters: Drought",Number of,"The Emergency Events Database (EM-DAT) , Centre for Research on the Epidemiology of Disasters (CRED) / Université catholique de Louvain (UCLouvain), Brussels, Belgium – www.emdat.be.",ECCD,Climate Related Disasters Frequency,"Environment, Climate Change, Adaptation, Climate Related Disasters Frequency",,,,,,,,1.0,,,,,,,,,,1.0,,1.0,,,1.0,,,1.0,,,,,,,,,,1.0,,,,1.0,,,,
Vietnam,VN,VNM,"Climate related disasters frequency, Number of Disasters: Flood",Number of,"The Emergency Events Database (EM-DAT) , Centre for Research on the Epidemiology of Disasters (CRED) / Université catholique de Louvain (UCLouvain), Brussels, Belgium – www.emdat.be.",ECCD,Climate Related Disasters Frequency,"Environment, Climate Change, Adaptation, Climate Related Disasters Frequency",1.0,,,,1.0,1.0,1.0,,,,1.0,3.0,2.0,1.0,1.0,1.0,2.0,,1.0,3.0,2.0,4.0,3.0,3.0,3.0,5.0,5.0,5.0,5.0,2.0,4.0,3.0,1.0,6.0,,2.0,4.0,5.0,3.0,5.0,1.0,3.0,5.0,4.0
Vietnam,VN,VNM,"Climate related disasters frequency, Number of Disasters: Landslide",Number of,"The Emergency Events Database (EM-DAT) , Centre for Research on the Epidemiology of Disasters (CRED) / Université catholique de Louvain (UCLouvain), Brussels, Belgium – www.emdat.be.",ECCD,Climate Related Disasters Frequency,"Environment, Climate Change, Adaptation, Climate Related Disasters Frequency",,,,,,,,,,,,,1.0,,1.0,,,,,,2.0,,,,1.0,,,,,1.0,,,,,,,,,,,,,,
Vietnam,VN,VNM,"Climate related disasters frequency, Number of Disasters: Storm",Number of,"The Emergency Events Database (EM-DAT) , Centre for Research on the Epidemiology of Disasters (CRED) / Université catholique de Louvain (UCLouvain), Brussels, Belgium – www.emdat.be.",ECCD,Climate Related Disasters Frequency,"Environment, Climate Change, Adaptation, Climate Related Disasters Frequency",2.0,,1.0,3.0,2.0,1.0,1.0,2.0,2.0,3.0,3.0,4.0,2.0,3.0,1.0,1.0,4.0,3.0,3.0,1.0,7.0,3.0,1.0,1.0,2.0,4.0,6.0,1.0,5.0,3.0,3.0,2.0,3.0,4.0,3.0,2.0,4.0,4.0,4.0,2.0,10.0,5.0,3.0,2.0
Vietnam,VN,VNM,"Climate related disasters frequency, Number of Disasters: TOTAL",Number of,"The Emergency Events Database (EM-DAT) , Centre for Research on the Epidemiology of Disasters (CRED) / Université catholique de Louvain (UCLouvain), Brussels, Belgium – www.emdat.be.",ECCD,Climate Related Disasters Frequency,"Environment, Climate Change, Adaptation, Climate Related Disasters Frequency",3.0,,1.0,3.0,3.0,2.0,2.0,3.0,2.0,3.0,4.0,7.0,5.0,4.0,3.0,2.0,6.0,4.0,4.0,5.0,11.0,7.0,6.0,4.0,6.0,10.0,11.0,6.0,10.0,6.0,7.0,5.0,4.0,10.0,3.0,5.0,8.0,9.0,7.0,8.0,11.0,8.0,8.0,6.0
Vietnam,VN,VNM,"Climate related disasters frequency, Number of Disasters: Wildfire",Number of,"The Emergency Events Database (EM-DAT) , Centre for Research on the Epidemiology of Disasters (CRED) / Université catholique de Louvain (UCLouvain), Brussels, Belgium – www.emdat.be.",ECCD,Climate Related Disasters Frequency,"Environment, Climate Change, Adaptation, Climate Related Disasters Frequency",,,,,,,,,,,,,,,,,,,,,,,1.0,,,,,,,,,,,,,,,,,,,,,
Wallis and Futuna Islands,WF,WLF,"Climate related disasters frequency, Number of Disasters: Storm",Number of,"The Emergency Events Database (EM-DAT) , Centre for Research on the Epidemiology of Disasters (CRED) / Université catholique de Louvain (UCLouvain), Brussels, Belgium – www.emdat.be.",ECCD,Climate Related Disasters Frequency,"Environment, Climate Change, Adaptation, Climate Related Disasters Frequency",,,,,,,1.0,,,,,,,,,,,,,,,,,,,,,,,,,,1.0,,,,,,,,,,,
Wallis and Futuna Islands,WF,WLF,"Climate related disasters frequency, Number of Disasters: TOTAL",Number of,"The Emergency Events Database (EM-DAT) , Centre for Research on the Epidemiology of Disasters (CRED) / Université catholique de Louvain (UCLouvain), Brussels, Belgium – www.emdat.be.",ECCD,Climate Related Disasters Frequency,"Environment, Climate Change, Adaptation, Climate Related Disasters Frequency",,,,,,,1.0,,,,,,,,,,,,,,,,,,,,,,,,,,1.0,,,,,,,,,,,
West Bank and Gaza,PS,PSE,"Climate related disasters frequency, Number of Disasters: Extreme temperature",Number of,"The Emergency Events Database (EM-DAT) , Centre for Research on the Epidemiology of Disasters (CRED) / Université catholique de Louvain (UCLouvain), Brussels, Belgium – www.emdat.be.",ECCD,Climate Related Disasters Frequency,"Environment, Climate Change, Adaptation, Climate Related Disasters Frequency",,,,,,,,,,,,,,,,,,,,,,,,,,,,,,,,,,,,,,,,,1.0,,1.0,
West Bank and Gaza,PS,PSE,"Climate related disasters frequency, Number of Disasters: Flood",Number of,"The Emergency Events Database (EM-DAT) , Centre for Research on the Epidemiology of Disasters (CRED) / Université catholique de Louvain (UCLouvain), Brussels, Belgium – www.emdat.be.",ECCD,Climate Related Disasters Frequency,"Environment, Climate Change, Adaptation, Climate Related Disasters Frequency",,,,,,,,,,,,,,,,,,,,,,,,,,,,,1.0,,1.0,,1.0,1.0,,,,,,,,,,
West Bank and Gaza,PS,PSE,"Climate related disasters frequency, Number of Disasters: Storm",Number of,"The Emergency Events Database (EM-DAT) , Centre for Research on the Epidemiology of Disasters (CRED) / Université catholique de Louvain (UCLouvain), Brussels, Belgium – www.emdat.be.",ECCD,Climate Related Disasters Frequency,"Environment, Climate Change, Adaptation, Climate Related Disasters Frequency",,,,,,,,,,,,,,,,,,,,,,,,,,,,,,,,,,1.0,,2.0,,,,,,,,
West Bank and Gaza,PS,PSE,"Climate related disasters frequency, Number of Disasters: TOTAL",Number of,"The Emergency Events Database (EM-DAT) , Centre for Research on the Epidemiology of Disasters (CRED) / Université catholique de Louvain (UCLouvain), Brussels, Belgium – www.emdat.be.",ECCD,Climate Related Disasters Frequency,"Environment, Climate Change, Adaptation, Climate Related Disasters Frequency",,,,,,,,,,,,,,,,,,,,,,,,,,,,,1.0,,1.0,,1.0,2.0,,2.0,,,,,1.0,,1.0,
"Yemen, Rep. of",YE,YEM,"Climate related disasters frequency, Number of Disasters: Flood",Number of,"The Emergency Events Database (EM-DAT) , Centre for Research on the Epidemiology of Disasters (CRED) / Université catholique de Louvain (UCLouvain), Brussels, Belgium – www.emdat.be.",ECCD,Climate Related Disasters Frequency,"Environment, Climate Change, Adaptation, Climate Related Disasters Frequency",,,,,,,,,,,,1.0,,1.0,,,2.0,,2.0,1.0,,1.0,4.0,1.0,,2.0,2.0,3.0,1.0,,2.0,,,1.0,,,1.0,1.0,,3.0,5.0,2.0,3.0,1.0
"Yemen, Rep. of",YE,YEM,"Climate related disasters frequency, Number of Disasters: Landslide",Number of,"The Emergency Events Database (EM-DAT) , Centre for Research on the Epidemiology of Disasters (CRED) / Université catholique de Louvain (UCLouvain), Brussels, Belgium – www.emdat.be.",ECCD,Climate Related Disasters Frequency,"Environment, Climate Change, Adaptation, Climate Related Disasters Frequency",,,,,,,,,,,,,,,,,,,,,,,,,,1.0,,,,1.0,,,,,,,1.0,,,,,,,
"Yemen, Rep. of",YE,YEM,"Climate related disasters frequency, Number of Disasters: Storm",Number of,"The Emergency Events Database (EM-DAT) , Centre for Research on the Epidemiology of Disasters (CRED) / Université catholique de Louvain (UCLouvain), Brussels, Belgium – www.emdat.be.",ECCD,Climate Related Disasters Frequency,"Environment, Climate Change, Adaptation, Climate Related Disasters Frequency",,,,,,,,,,,,,,,,,,,,,,2.0,,,,,,,,,,,,,,2.0,,,2.0,,,,,1.0
"Yemen, Rep. of",YE,YEM,"Climate related disasters frequency, Number of Disasters: TOTAL",Number of,"The Emergency Events Database (EM-DAT) , Centre for Research on the Epidemiology of Disasters (CRED) / Université catholique de Louvain (UCLouvain), Brussels, Belgium – www.emdat.be.",ECCD,Climate Related Disasters Frequency,"Environment, Climate Change, Adaptation, Climate Related Disasters Frequency",,,,,,,,,,,,1.0,,1.0,,,2.0,,2.0,1.0,,3.0,4.0,1.0,,3.0,2.0,3.0,1.0,1.0,2.0,,,1.0,,2.0,2.0,1.0,2.0,3.0,5.0,2.0,3.0,2.0
Zambia,ZM,ZMB,"Climate related disasters frequency, Number of Disasters: Drought",Number of,"The Emergency Events Database (EM-DAT) , Centre for Research on the Epidemiology of Disasters (CRED) / Université catholique de Louvain (UCLouvain), Brussels, Belgium – www.emdat.be.",ECCD,Climate Related Disasters Frequency,"Environment, Climate Change, Adaptation, Climate Related Disasters Frequency",,1.0,,1.0,,,,,,,1.0,,,,,1.0,,,,,,,,,,1.0,,,,,,,,,,,,,,1.0,,1.0,,
Zambia,ZM,ZMB,"Climate related disasters frequency, Number of Disasters: Flood",Number of,"The Emergency Events Database (EM-DAT) , Centre for Research on the Epidemiology of Disasters (CRED) / Université catholique de Louvain (UCLouvain), Brussels, Belgium – www.emdat.be.",ECCD,Climate Related Disasters Frequency,"Environment, Climate Change, Adaptation, Climate Related Disasters Frequency",,,,,,,,,,1.0,,,,,,,,,1.0,,1.0,1.0,,2.0,1.0,1.0,,3.0,1.0,1.0,1.0,1.0,,1.0,1.0,,,,,1.0,3.0,,1.0,4.0
Zambia,ZM,ZMB,"Climate related disasters frequency, Number of Disasters: Landslide",Number of,"The Emergency Events Database (EM-DAT) , Centre for Research on the Epidemiology of Disasters (CRED) / Université catholique de Louvain (UCLouvain), Brussels, Belgium – www.emdat.be.",ECCD,Climate Related Disasters Frequency,"Environment, Climate Change, Adaptation, Climate Related Disasters Frequency",,,,,,,,,,,,,,,,,,,,,,,,,,,,,,,1.0,,,,,,,,,,,,,
Zambia,ZM,ZMB,"Climate related disasters frequency, Number of Disasters: TOTAL",Number of,"The Emergency Events Database (EM-DAT) , Centre for Research on the Epidemiology of Disasters (CRED) / Université catholique de Louvain (UCLouvain), Brussels, Belgium – www.emdat.be.",ECCD,Climate Related Disasters Frequency,"Environment, Climate Change, Adaptation, Climate Related Disasters Frequency",,1.0,,1.0,,,,,,1.0,1.0,,,,,1.0,,,1.0,,1.0,1.0,,2.0,1.0,2.0,,3.0,1.0,1.0,2.0,1.0,,1.0,1.0,,,,,2.0,3.0,1.0,1.0,4.0
Zimbabwe,ZW,ZWE,"Climate related disasters frequency, Number of Disasters: Drought",Number of,"The Emergency Events Database (EM-DAT) , Centre for Research on the Epidemiology of Disasters (CRED) / Université catholique de Louvain (UCLouvain), Brussels, Belgium – www.emdat.be.",ECCD,Climate Related Disasters Frequency,"Environment, Climate Change, Adaptation, Climate Related Disasters Frequency",,1.0,,,,,,,,,1.0,,,,,,,,1.0,,,1.0,,,,,,1.0,,,1.0,,,1.0,,,,1.0,,,,1.0,,
Zimbabwe,ZW,ZWE,"Climate related disasters frequency, Number of Disasters: Flood",Number of,"The Emergency Events Database (EM-DAT) , Centre for Research on the Epidemiology of Disasters (CRED) / Université catholique de Louvain (UCLouvain), Brussels, Belgium – www.emdat.be.",ECCD,Climate Related Disasters Frequency,"Environment, Climate Change, Adaptation, Climate Related Disasters Frequency",,,,,,,,,,,,,,,,,,,1.0,,1.0,1.0,,1.0,,,,2.0,,,1.0,1.0,,1.0,2.0,,,,,1.0,,,1.0,
Zimbabwe,ZW,ZWE,"Climate related disasters frequency, Number of Disasters: Storm",Number of,"The Emergency Events Database (EM-DAT) , Centre for Research on the Epidemiology of Disasters (CRED) / Université catholique de Louvain (UCLouvain), Brussels, Belgium – www.emdat.be.",ECCD,Climate Related Disasters Frequency,"Environment, Climate Change, Adaptation, Climate Related Disasters Frequency",,,,,,,,,,,,,,,,,,,,,,,,1.0,,,,1.0,,,,,,,,1.0,1.0,1.0,,1.0,,1.0,1.0,2.0
Zimbabwe,ZW,ZWE,"Climate related disasters frequency, Number of Disasters: TOTAL",Number of,"The Emergency Events Database (EM-DAT) , Centre for Research on the Epidemiology of Disasters (CRED) / Université catholique de Louvain (UCLouvain), Brussels, Belgium – www.emdat.be.",ECCD,Climate Related Disasters Frequency,"Environment, Climate Change, Adaptation, Climate Related Disasters Frequency",,1.0,,,,,,,,,1.0,,,,,,,,2.0,,1.0,2.0,,2.0,,,,4.0,,,2.0,1.0,,2.0,2.0,1.0,1.0,2.0,,2.0,,2.0,2.0,2.0
