Country,ISO2,ISO3,Indicator,Unit,Source,CTS Code,CTS Name,CTS Full Descriptor,Type of Issuer,Use of Proceed,Principal Currency,1985,1986,1987,1990,1991,1992,1993,1994,1999,2000,2002,2003,2004,2007,2008,2009,2010,2011,2012,2013,2014,2015,2016,2017,2018,2019,2020,2021,2022
Argentina,AR,ARG,Green Bond Issuances by Country,Billion US Dollars,Refinitiv; Country authorities; IMF staff calculations.,ECFFI,Green Bonds Issuances,"Environment, Climate Change, Financial and Physical and Transition Risk Indicators, Green Bonds, Green Bonds Issuances ",Not Applicable,Not Applicable,Not Applicable,,,,,,,,,,,,,,,,,,,,,,,,0.9739174,,,0.0500487,0.9158416,0.2074699
Australia,AU,AUS,Green Bond Issuances by Country,Billion US Dollars,Refinitiv; Country authorities; IMF staff calculations.,ECFFI,Green Bonds Issuances,"Environment, Climate Change, Financial and Physical and Transition Risk Indicators, Green Bonds, Green Bonds Issuances ",Not Applicable,Not Applicable,Not Applicable,,,,,,,,,,,,,,,,,,,,,0.5255386,0.4125611,0.5306805,2.533322,2.221139,1.982164,2.861953,4.764745,4.272656
Austria,AT,AUT,Green Bond Issuances by Country,Billion US Dollars,Refinitiv; Country authorities; IMF staff calculations.,ECFFI,Green Bonds Issuances,"Environment, Climate Change, Financial and Physical and Transition Risk Indicators, Green Bonds, Green Bonds Issuances ",Not Applicable,Not Applicable,Not Applicable,,,,,,,,,,,,,,,,,,,,,0.5303521,,1.4,0.5195428,0.5354638,2.219848,1.657231,2.703838,7.486359
Austria,AT,AUT,Sovereign Green Bond Issuances,Billion US Dollars,Refinitiv; Country authorities; IMF staff calculations.,ECFF,Green Bonds,"Environment, Climate Change, Financial and Physical and Transition Risk Indicators, Green Bonds",Not Applicable,Not Applicable,Not Applicable,,,,,,,,,,,,,,,,,,,,,,,,,,,,,5.297413
Bangladesh,BD,BGD,Green Bond Issuances by Country,Billion US Dollars,Refinitiv; Country authorities; IMF staff calculations.,ECFFI,Green Bonds Issuances,"Environment, Climate Change, Financial and Physical and Transition Risk Indicators, Green Bonds, Green Bonds Issuances ",Not Applicable,Not Applicable,Not Applicable,,,,,,,,,,,,,,,,,,,,,,,,,,,,0.3870968,
"Belarus, Rep. of",BY,BLR,Green Bond Issuances by Country,Billion US Dollars,Refinitiv; Country authorities; IMF staff calculations.,ECFFI,Green Bonds Issuances,"Environment, Climate Change, Financial and Physical and Transition Risk Indicators, Green Bonds, Green Bonds Issuances ",Not Applicable,Not Applicable,Not Applicable,,,,,,,,,,,,,,,,,,,,,,,,,,,,,0.0667374
"Belarus, Rep. of",BY,BLR,Sovereign Green Bond Issuances,Billion US Dollars,Refinitiv; Country authorities; IMF staff calculations.,ECFF,Green Bonds,"Environment, Climate Change, Financial and Physical and Transition Risk Indicators, Green Bonds",Not Applicable,Not Applicable,Not Applicable,,,,,,,,,,,,,,,,,,,,,,,,,,,,,0.0667374
Belgium,BE,BEL,Green Bond Issuances by Country,Billion US Dollars,Refinitiv; Country authorities; IMF staff calculations.,ECFFI,Green Bonds Issuances,"Environment, Climate Change, Financial and Physical and Transition Risk Indicators, Green Bonds, Green Bonds Issuances ",Not Applicable,Not Applicable,Not Applicable,,,,,,,,,,,,0.0299397,,,,,,,,,,,0.0583387,,11.8067,,1.397478,3.157627,7.239031
Belgium,BE,BEL,Sovereign Green Bond Issuances,Billion US Dollars,Refinitiv; Country authorities; IMF staff calculations.,ECFF,Green Bonds,"Environment, Climate Change, Financial and Physical and Transition Risk Indicators, Green Bonds",Not Applicable,Not Applicable,Not Applicable,,,,,,,,,,,,,,,,,,,,,,,,,11.27635,,,,4.773169
Bermuda,BM,BMU,Green Bond Issuances by Country,Billion US Dollars,Refinitiv; Country authorities; IMF staff calculations.,ECFFI,Green Bonds Issuances,"Environment, Climate Change, Financial and Physical and Transition Risk Indicators, Green Bonds, Green Bonds Issuances ",Not Applicable,Not Applicable,Not Applicable,,,,,,,,,,,,,,,,,,,,,,,0.097708,0.1175261,0.957612,0.45,2.96,1.95,
Brazil,BR,BRA,Green Bond Issuances by Country,Billion US Dollars,Refinitiv; Country authorities; IMF staff calculations.,ECFFI,Green Bonds Issuances,"Environment, Climate Change, Financial and Physical and Transition Risk Indicators, Green Bonds, Green Bonds Issuances ",Not Applicable,Not Applicable,Not Applicable,,,,,,,,,,,,,,,,,,,,,,1.07375,0.0385186,2.085408,0.153888,1.025393,0.5711668,1.079534,0.4528748
British Virgin Islands,VG,VGB,Green Bond Issuances by Country,Billion US Dollars,Refinitiv; Country authorities; IMF staff calculations.,ECFFI,Green Bonds Issuances,"Environment, Climate Change, Financial and Physical and Transition Risk Indicators, Green Bonds, Green Bonds Issuances ",Not Applicable,Not Applicable,Not Applicable,,,,,,,,,,,,,,,,,,,0.2948765,,,,0.4,0.5,2.451411,1.457547,1.42895,5.093422,2.98
Canada,CA,CAN,Green Bond Issuances by Country,Billion US Dollars,Refinitiv; Country authorities; IMF staff calculations.,ECFFI,Green Bonds Issuances,"Environment, Climate Change, Financial and Physical and Transition Risk Indicators, Green Bonds, Green Bonds Issuances ",Not Applicable,Not Applicable,Not Applicable,,,,,,,,,,,,,,,,,,,,,1.211356,0.4657459,1.152331,2.837185,6.268877,6.405915,9.819804,16.11716,12.82072
Canada,CA,CAN,Sovereign Green Bond Issuances,Billion US Dollars,Refinitiv; Country authorities; IMF staff calculations.,ECFF,Green Bonds,"Environment, Climate Change, Financial and Physical and Transition Risk Indicators, Green Bonds",Not Applicable,Not Applicable,Not Applicable,,,,,,,,,,,,,,,,,,,,,,,,,,,,,3.683241
Cayman Islands,KY,CYM,Green Bond Issuances by Country,Billion US Dollars,Refinitiv; Country authorities; IMF staff calculations.,ECFFI,Green Bonds Issuances,"Environment, Climate Change, Financial and Physical and Transition Risk Indicators, Green Bonds, Green Bonds Issuances ",Not Applicable,Not Applicable,Not Applicable,,,,,,,,,,,,,,,,,,,,,0.3,,1.6,1.766812,1.25816,3.293132,6.266627,10.15805,6.345672
Chile,CL,CHL,Green Bond Issuances by Country,Billion US Dollars,Refinitiv; Country authorities; IMF staff calculations.,ECFFI,Green Bonds Issuances,"Environment, Climate Change, Financial and Physical and Transition Risk Indicators, Green Bonds, Green Bonds Issuances ",Not Applicable,Not Applicable,Not Applicable,,,,,,,,,,,,,,,,,,,,,,,,1.0,0.0643395,6.00925,2.846052,5.8718,1.043945
Chile,CL,CHL,Sovereign Green Bond Issuances,Billion US Dollars,Refinitiv; Country authorities; IMF staff calculations.,ECFF,Green Bonds,"Environment, Climate Change, Financial and Physical and Transition Risk Indicators, Green Bonds",Not Applicable,Not Applicable,Not Applicable,,,,,,,,,,,,,,,,,,,,,,,,,,4.391699,2.846052,,
"China, P.R.: Hong Kong",HK,HKG,Green Bond Issuances by Country,Billion US Dollars,Refinitiv; Country authorities; IMF staff calculations.,ECFFI,Green Bonds Issuances,"Environment, Climate Change, Financial and Physical and Transition Risk Indicators, Green Bonds, Green Bonds Issuances ",Not Applicable,Not Applicable,Not Applicable,,,,,,,,,,,,,,,,,,,,0.3,,0.3,,0.9646181,3.126572,7.712471,4.436486,17.18132,11.37862
"China, P.R.: Hong Kong",HK,HKG,Sovereign Green Bond Issuances,Billion US Dollars,Refinitiv; Country authorities; IMF staff calculations.,ECFF,Green Bonds,"Environment, Climate Change, Financial and Physical and Transition Risk Indicators, Green Bonds",Not Applicable,Not Applicable,Not Applicable,,,,,,,,,,,,,,,,,,,,,,,,,,2.0,,8.576382,2.54972
"China, P.R.: Macao",MO,MAC,Green Bond Issuances by Country,Billion US Dollars,Refinitiv; Country authorities; IMF staff calculations.,ECFFI,Green Bonds Issuances,"Environment, Climate Change, Financial and Physical and Transition Risk Indicators, Green Bonds, Green Bonds Issuances ",Not Applicable,Not Applicable,Not Applicable,,,,,,,,,,,,,,,,,,,,,,,,,,0.9605008,0.4366812,1.015363,1.0
"China, P.R.: Mainland",CN,CHN,Green Bond Issuances by Country,Billion US Dollars,Refinitiv; Country authorities; IMF staff calculations.,ECFFI,Green Bonds Issuances,"Environment, Climate Change, Financial and Physical and Transition Risk Indicators, Green Bonds, Green Bonds Issuances ",Not Applicable,Not Applicable,Not Applicable,,,,,,,,,,,,,,,,,,,,,0.1455604,0.9879572,29.15121,29.09822,29.61857,37.87586,27.44941,71.35065,99.42887
Colombia,CO,COL,Green Bond Issuances by Country,Billion US Dollars,Refinitiv; Country authorities; IMF staff calculations.,ECFFI,Green Bonds Issuances,"Environment, Climate Change, Financial and Physical and Transition Risk Indicators, Green Bonds, Green Bonds Issuances ",Not Applicable,Not Applicable,Not Applicable,,,,,,,,,,,,,,,,,,,,,,,,0.043573,0.1068708,,0.0627189,0.5756093,
Colombia,CO,COL,Sovereign Green Bond Issuances,Billion US Dollars,Refinitiv; Country authorities; IMF staff calculations.,ECFF,Green Bonds,"Environment, Climate Change, Financial and Physical and Transition Risk Indicators, Green Bonds",Not Applicable,Not Applicable,Not Applicable,,,,,,,,,,,,,,,,,,,,,,,,,,,,0.4502116,
Costa Rica,CR,CRI,Green Bond Issuances by Country,Billion US Dollars,Refinitiv; Country authorities; IMF staff calculations.,ECFFI,Green Bonds Issuances,"Environment, Climate Change, Financial and Physical and Transition Risk Indicators, Green Bonds, Green Bonds Issuances ",Not Applicable,Not Applicable,Not Applicable,,,,,,,,,,,,,,,,,,,,,,,1.0,,,,,,
Cyprus,CY,CYP,Green Bond Issuances by Country,Billion US Dollars,Refinitiv; Country authorities; IMF staff calculations.,ECFFI,Green Bonds Issuances,"Environment, Climate Change, Financial and Physical and Transition Risk Indicators, Green Bonds, Green Bonds Issuances ",Not Applicable,Not Applicable,Not Applicable,,,,,,,,,,,,,,,,,,,,,,,,,,,,0.3182112,
Czech Rep.,CZ,CZE,Green Bond Issuances by Country,Billion US Dollars,Refinitiv; Country authorities; IMF staff calculations.,ECFFI,Green Bonds Issuances,"Environment, Climate Change, Financial and Physical and Transition Risk Indicators, Green Bonds, Green Bonds Issuances ",Not Applicable,Not Applicable,Not Applicable,,,,,,,,,,,,,,,,,,,,,,,,,,,,0.9015985,0.5303521
Denmark,DK,DNK,Green Bond Issuances by Country,Billion US Dollars,Refinitiv; Country authorities; IMF staff calculations.,ECFFI,Green Bonds Issuances,"Environment, Climate Change, Financial and Physical and Transition Risk Indicators, Green Bonds, Green Bonds Issuances ",Not Applicable,Not Applicable,Not Applicable,,,,,,,,,,,,,,,,,,,,,,0.6114811,,1.856232,0.7955281,11.41994,1.692171,9.808958,13.85476
Denmark,DK,DNK,Sovereign Green Bond Issuances,Billion US Dollars,Refinitiv; Country authorities; IMF staff calculations.,ECFF,Green Bonds,"Environment, Climate Change, Financial and Physical and Transition Risk Indicators, Green Bonds",Not Applicable,Not Applicable,Not Applicable,,,,,,,,,,,,,,,,,,,,,,,,,,,,,2.314775
"Egypt, Arab Rep. of",EG,EGY,Green Bond Issuances by Country,Billion US Dollars,Refinitiv; Country authorities; IMF staff calculations.,ECFFI,Green Bonds Issuances,"Environment, Climate Change, Financial and Physical and Transition Risk Indicators, Green Bonds, Green Bonds Issuances ",Not Applicable,Not Applicable,Not Applicable,,,,,,,,,,,,,,,,,,,,,,,,,,,1.5,,
"Egypt, Arab Rep. of",EG,EGY,Sovereign Green Bond Issuances,Billion US Dollars,Refinitiv; Country authorities; IMF staff calculations.,ECFF,Green Bonds,"Environment, Climate Change, Financial and Physical and Transition Risk Indicators, Green Bonds",Not Applicable,Not Applicable,Not Applicable,,,,,,,,,,,,,,,,,,,,,,,,,,,1.5,,
"Estonia, Rep. of",EE,EST,Green Bond Issuances by Country,Billion US Dollars,Refinitiv; Country authorities; IMF staff calculations.,ECFFI,Green Bonds Issuances,"Environment, Climate Change, Financial and Physical and Transition Risk Indicators, Green Bonds, Green Bonds Issuances ",Not Applicable,Not Applicable,Not Applicable,,,,,,,,,,,,,,,,,,,,,,0.0680448,,,,,,,
"Fiji, Rep. of",FJ,FJI,Green Bond Issuances by Country,Billion US Dollars,Refinitiv; Country authorities; IMF staff calculations.,ECFFI,Green Bonds Issuances,"Environment, Climate Change, Financial and Physical and Transition Risk Indicators, Green Bonds, Green Bonds Issuances ",Not Applicable,Not Applicable,Not Applicable,,,,,,,,,,,,,,,,,,,,,,,,0.0445,,,,,
"Fiji, Rep. of",FJ,FJI,Sovereign Green Bond Issuances,Billion US Dollars,Refinitiv; Country authorities; IMF staff calculations.,ECFF,Green Bonds,"Environment, Climate Change, Financial and Physical and Transition Risk Indicators, Green Bonds",Not Applicable,Not Applicable,Not Applicable,,,,,,,,,,,,,,,,,,,,,,,,0.0445,,,,,
Finland,FI,FIN,Green Bond Issuances by Country,Billion US Dollars,Refinitiv; Country authorities; IMF staff calculations.,ECFFI,Green Bonds Issuances,"Environment, Climate Change, Financial and Physical and Transition Risk Indicators, Green Bonds, Green Bonds Issuances ",Not Applicable,Not Applicable,Not Applicable,,,,,,,,,,,,,,,,,,,,,,,1.0,1.20974,0.1054596,2.831166,2.897028,3.837522,5.409591
France,FR,FRA,Green Bond Issuances by Country,Billion US Dollars,Refinitiv; Country authorities; IMF staff calculations.,ECFFI,Green Bonds Issuances,"Environment, Climate Change, Financial and Physical and Transition Risk Indicators, Green Bonds, Green Bonds Issuances ",Not Applicable,Not Applicable,Not Applicable,,0.3,,0.0,,,,,,,,,,,,,,,0.6093745,2.065394,5.886817,8.654325,5.938198,24.67717,14.70901,29.13774,35.08056,57.60014,27.96652
France,FR,FRA,Sovereign Green Bond Issuances,Billion US Dollars,Refinitiv; Country authorities; IMF staff calculations.,ECFF,Green Bonds,"Environment, Climate Change, Financial and Physical and Transition Risk Indicators, Green Bonds",Not Applicable,Not Applicable,Not Applicable,,,,,,,,,,,,,,,,,,,,,,,,11.62551,6.109475,,7.045797,28.48142,5.34701
Georgia,GE,GEO,Green Bond Issuances by Country,Billion US Dollars,Refinitiv; Country authorities; IMF staff calculations.,ECFFI,Green Bonds Issuances,"Environment, Climate Change, Financial and Physical and Transition Risk Indicators, Green Bonds, Green Bonds Issuances ",Not Applicable,Not Applicable,Not Applicable,,,,,,,,,,,,,,,,,,,,,,,,,,,0.5,1.0,
Germany,DE,DEU,Green Bond Issuances by Country,Billion US Dollars,Refinitiv; Country authorities; IMF staff calculations.,ECFFI,Green Bonds Issuances,"Environment, Climate Change, Financial and Physical and Transition Risk Indicators, Green Bonds, Green Bonds Issuances ",Not Applicable,Not Applicable,Not Applicable,,,,,0.0291793,0.0350152,0.0175076,,,0.0272179,,0.3497523,,,0.1060704,,,,,0.3237888,3.665206,6.763669,4.25597,8.028337,6.297859,20.82321,43.61738,74.3857,83.84019
Germany,DE,DEU,Sovereign Green Bond Issuances,Billion US Dollars,Refinitiv; Country authorities; IMF staff calculations.,ECFF,Green Bonds,"Environment, Climate Change, Financial and Physical and Transition Risk Indicators, Green Bonds",Not Applicable,Not Applicable,Not Applicable,,,,,,,,,,,,,,,,,,,,,,,,,,,16.97127,20.15338,5.30352
Greece,GR,GRC,Green Bond Issuances by Country,Billion US Dollars,Refinitiv; Country authorities; IMF staff calculations.,ECFFI,Green Bonds Issuances,"Environment, Climate Change, Financial and Physical and Transition Risk Indicators, Green Bonds, Green Bonds Issuances ",Not Applicable,Not Applicable,Not Applicable,,,,,,,,,,,,,,,,,,,,,,,,,,0.1591056,0.5303521,1.5062,0.2439619
Guernsey,GG,GGY,Green Bond Issuances by Country,Billion US Dollars,Refinitiv; Country authorities; IMF staff calculations.,ECFFI,Green Bonds Issuances,"Environment, Climate Change, Financial and Physical and Transition Risk Indicators, Green Bonds, Green Bonds Issuances ",Not Applicable,Not Applicable,Not Applicable,,,,,,,,,,,,,,,,,,,,,,,,,,0.0237296,0.5361484,0.0506776,
Hungary,HU,HUN,Green Bond Issuances by Country,Billion US Dollars,Refinitiv; Country authorities; IMF staff calculations.,ECFFI,Green Bonds Issuances,"Environment, Climate Change, Financial and Physical and Transition Risk Indicators, Green Bonds, Green Bonds Issuances ",Not Applicable,Not Applicable,Not Applicable,,,,,,,,,,,,,,,,,,,,,,,,,,,2.02082,0.9449615,3.300555
Hungary,HU,HUN,Sovereign Green Bond Issuances,Billion US Dollars,Refinitiv; Country authorities; IMF staff calculations.,ECFF,Green Bonds,"Environment, Climate Change, Financial and Physical and Transition Risk Indicators, Green Bonds",Not Applicable,Not Applicable,Not Applicable,,,,,,,,,,,,,,,,,,,,,,,,,,,1.737899,0.5151408,2.358886
Iceland,IS,ISL,Green Bond Issuances by Country,Billion US Dollars,Refinitiv; Country authorities; IMF staff calculations.,ECFFI,Green Bonds Issuances,"Environment, Climate Change, Financial and Physical and Transition Risk Indicators, Green Bonds, Green Bonds Issuances ",Not Applicable,Not Applicable,Not Applicable,,,,,,,,,,,,,,,,,,,,,,,,,,,0.6934966,0.9546337,0.3182112
India,IN,IND,Green Bond Issuances by Country,Billion US Dollars,Refinitiv; Country authorities; IMF staff calculations.,ECFFI,Green Bonds Issuances,"Environment, Climate Change, Financial and Physical and Transition Risk Indicators, Green Bonds, Green Bonds Issuances ",Not Applicable,Not Applicable,Not Applicable,,,,,,,,,,,,,,,,,,,,,,0.7316662,0.5884005,1.952423,,3.537979,0.9358982,5.167678,1.241435
Indonesia,ID,IDN,Green Bond Issuances by Country,Billion US Dollars,Refinitiv; Country authorities; IMF staff calculations.,ECFFI,Green Bonds Issuances,"Environment, Climate Change, Financial and Physical and Transition Risk Indicators, Green Bonds, Green Bonds Issuances ",Not Applicable,Not Applicable,Not Applicable,,,,,,,,,,,,,,,,,,,,,,,,,2.532542,1.594399,1.85055,2.127547,5.026204
Ireland,IE,IRL,Green Bond Issuances by Country,Billion US Dollars,Refinitiv; Country authorities; IMF staff calculations.,ECFFI,Green Bonds Issuances,"Environment, Climate Change, Financial and Physical and Transition Risk Indicators, Green Bonds, Green Bonds Issuances ",Not Applicable,Not Applicable,Not Applicable,,,,,,,,,,,,,0.1085305,,,,,,,,,,,,7.264566,1.272845,2.168772,9.150518,5.683268
Ireland,IE,IRL,Sovereign Green Bond Issuances,Billion US Dollars,Refinitiv; Country authorities; IMF staff calculations.,ECFF,Green Bonds,"Environment, Climate Change, Financial and Physical and Transition Risk Indicators, Green Bonds",Not Applicable,Not Applicable,Not Applicable,,,,,,,,,,,,,,,,,,,,,,,,,7.263797,,,,
Israel,IL,ISR,Green Bond Issuances by Country,Billion US Dollars,Refinitiv; Country authorities; IMF staff calculations.,ECFFI,Green Bonds Issuances,"Environment, Climate Change, Financial and Physical and Transition Risk Indicators, Green Bonds, Green Bonds Issuances ",Not Applicable,Not Applicable,Not Applicable,,,,,,,,,,,,,,,,,,,,,,,,,,,,1.0,
Italy,IT,ITA,Green Bond Issuances by Country,Billion US Dollars,Refinitiv; Country authorities; IMF staff calculations.,ECFFI,Green Bonds Issuances,"Environment, Climate Change, Financial and Physical and Transition Risk Indicators, Green Bonds, Green Bonds Issuances ",Not Applicable,Not Applicable,Not Applicable,,,,,,,,,0.0481737,0.0261028,,,,,,,,,,,0.5453959,,0.397764,1.784517,2.127103,6.153104,6.171103,23.6191,19.03811
Italy,IT,ITA,Sovereign Green Bond Issuances,Billion US Dollars,Refinitiv; Country authorities; IMF staff calculations.,ECFF,Green Bonds,"Environment, Climate Change, Financial and Physical and Transition Risk Indicators, Green Bonds",Not Applicable,Not Applicable,Not Applicable,,,,,,,,,,,,,,,,,,,,,,,,,,,,14.31951,8.485633
Japan,JP,JPN,Green Bond Issuances by Country,Billion US Dollars,Refinitiv; Country authorities; IMF staff calculations.,ECFFI,Green Bonds Issuances,"Environment, Climate Change, Financial and Physical and Transition Risk Indicators, Green Bonds, Green Bonds Issuances ",Not Applicable,Not Applicable,Not Applicable,,,,,,,,,,,,,,,,,,,,,0.269824,0.8237888,1.073421,1.354258,3.819505,7.269915,8.098198,16.06945,22.97434
Jersey,JE,JEY,Green Bond Issuances by Country,Billion US Dollars,Refinitiv; Country authorities; IMF staff calculations.,ECFFI,Green Bonds Issuances,"Environment, Climate Change, Financial and Physical and Transition Risk Indicators, Green Bonds, Green Bonds Issuances ",Not Applicable,Not Applicable,Not Applicable,,,,,,,,,,,,,,,,,,,,,,,,,,1.060704,0.115,0.3712464,
"Korea, Rep. of",KR,KOR,Green Bond Issuances by Country,Billion US Dollars,Refinitiv; Country authorities; IMF staff calculations.,ECFFI,Green Bonds Issuances,"Environment, Climate Change, Financial and Physical and Transition Risk Indicators, Green Bonds, Green Bonds Issuances ",Not Applicable,Not Applicable,Not Applicable,,,,,,,,,,,,,,,,,,,,0.5,,,1.4,0.3778532,3.791831,7.938034,3.741888,25.59142,16.30687
"Korea, Rep. of",KR,KOR,Sovereign Green Bond Issuances,Billion US Dollars,Refinitiv; Country authorities; IMF staff calculations.,ECFF,Green Bonds,"Environment, Climate Change, Financial and Physical and Transition Risk Indicators, Green Bonds",Not Applicable,Not Applicable,Not Applicable,,,,,,,,,,,,,,,,,,,,,,,,,,1.0,,0.7424929,
Lao People's Dem. Rep.,LA,LAO,Green Bond Issuances by Country,Billion US Dollars,Refinitiv; Country authorities; IMF staff calculations.,ECFFI,Green Bonds Issuances,"Environment, Climate Change, Financial and Physical and Transition Risk Indicators, Green Bonds, Green Bonds Issuances ",Not Applicable,Not Applicable,Not Applicable,,,,,,,,,,,,,,,,,,,,,,,,,,,,,0.2461845
Latvia,LV,LVA,Green Bond Issuances by Country,Billion US Dollars,Refinitiv; Country authorities; IMF staff calculations.,ECFFI,Green Bonds Issuances,"Environment, Climate Change, Financial and Physical and Transition Risk Indicators, Green Bonds, Green Bonds Issuances ",Not Applicable,Not Applicable,Not Applicable,,,,,,,,,,,,,,,,,,,,,,0.1054596,0.0263649,0.0212141,,,,0.1584948,0.1060704
Liechtenstein,LI,LIE,Green Bond Issuances by Country,Billion US Dollars,Refinitiv; Country authorities; IMF staff calculations.,ECFFI,Green Bonds Issuances,"Environment, Climate Change, Financial and Physical and Transition Risk Indicators, Green Bonds, Green Bonds Issuances ",Not Applicable,Not Applicable,Not Applicable,,,,,,,,,,,,,,,,,,,,,,,,,,0.1062925,0.1062925,0.6364225,
Lithuania,LT,LTU,Green Bond Issuances by Country,Billion US Dollars,Refinitiv; Country authorities; IMF staff calculations.,ECFFI,Green Bonds Issuances,"Environment, Climate Change, Financial and Physical and Transition Risk Indicators, Green Bonds, Green Bonds Issuances ",Not Applicable,Not Applicable,Not Applicable,,,,,,,,,,,,,,,,,,,,,,,,0.3182112,0.3903391,0.0212141,,0.037261,
Lithuania,LT,LTU,Sovereign Green Bond Issuances,Billion US Dollars,Refinitiv; Country authorities; IMF staff calculations.,ECFF,Green Bonds,"Environment, Climate Change, Financial and Physical and Transition Risk Indicators, Green Bonds",Not Applicable,Not Applicable,Not Applicable,,,,,,,,,,,,,,,,,,,,,,,,,0.0721279,,,,
Luxembourg,LU,LUX,Green Bond Issuances by Country,Billion US Dollars,Refinitiv; Country authorities; IMF staff calculations.,ECFFI,Green Bonds Issuances,"Environment, Climate Change, Financial and Physical and Transition Risk Indicators, Green Bonds, Green Bonds Issuances ",Not Applicable,Not Applicable,Not Applicable,,,,,,,,,,,,0.011359,,,,,,,,,,,2.789648,3.037225,1.17607,1.999048,4.504428,10.17977,6.620316
Malaysia,MY,MYS,Green Bond Issuances by Country,Billion US Dollars,Refinitiv; Country authorities; IMF staff calculations.,ECFFI,Green Bonds Issuances,"Environment, Climate Change, Financial and Physical and Transition Risk Indicators, Green Bonds, Green Bonds Issuances ",Not Applicable,Not Applicable,Not Applicable,,,,,,,,,,,,,,,,,,,,,,,,0.4436854,0.1982857,0.4660403,0.1162894,0.286007,0.2010724
"Marshall Islands, Rep. of the",MH,MHL,Green Bond Issuances by Country,Billion US Dollars,Refinitiv; Country authorities; IMF staff calculations.,ECFFI,Green Bonds Issuances,"Environment, Climate Change, Financial and Physical and Transition Risk Indicators, Green Bonds, Green Bonds Issuances ",Not Applicable,Not Applicable,Not Applicable,,,,,,,,,,,,,,,,,,,,,,,,,,0.2,,1.5,
Mauritius,MU,MUS,Green Bond Issuances by Country,Billion US Dollars,Refinitiv; Country authorities; IMF staff calculations.,ECFFI,Green Bonds Issuances,"Environment, Climate Change, Financial and Physical and Transition Risk Indicators, Green Bonds, Green Bonds Issuances ",Not Applicable,Not Applicable,Not Applicable,,,,,,,,,,,,,,,,,,,,,,,1.0,1.95,,2.770202,0.65,6.042,2.3
Mexico,MX,MEX,Green Bond Issuances by Country,Billion US Dollars,Refinitiv; Country authorities; IMF staff calculations.,ECFFI,Green Bonds Issuances,"Environment, Climate Change, Financial and Physical and Transition Risk Indicators, Green Bonds, Green Bonds Issuances ",Not Applicable,Not Applicable,Not Applicable,,,,,,,,,,,,,,,,,,,,,,1.0,4.185977,8.626432,0.4072435,0.1362323,1.678597,0.1517439,0.5034902
Morocco,MA,MAR,Green Bond Issuances by Country,Billion US Dollars,Refinitiv; Country authorities; IMF staff calculations.,ECFFI,Green Bonds Issuances,"Environment, Climate Change, Financial and Physical and Transition Risk Indicators, Green Bonds, Green Bonds Issuances ",Not Applicable,Not Applicable,Not Applicable,,,,,,,,,,,,,,,,,,,,,,,,0.0133439,,,,,
Namibia,NA,NAM,Green Bond Issuances by Country,Billion US Dollars,Refinitiv; Country authorities; IMF staff calculations.,ECFFI,Green Bonds Issuances,"Environment, Climate Change, Financial and Physical and Transition Risk Indicators, Green Bonds, Green Bonds Issuances ",Not Applicable,Not Applicable,Not Applicable,,,,,,,,,,,,,,,,,,,,,,,,,0.0038124,,,,
"Netherlands, The",NL,NLD,Green Bond Issuances by Country,Billion US Dollars,Refinitiv; Country authorities; IMF staff calculations.,ECFFI,Green Bonds Issuances,"Environment, Climate Change, Financial and Physical and Transition Risk Indicators, Green Bonds, Green Bonds Issuances ",Not Applicable,Not Applicable,Not Applicable,,,0.0751202,,,,,,,,,,,,,,,,,,1.338098,4.866954,7.31676,10.9189,11.26703,28.66942,24.9159,33.40031,32.47046
"Netherlands, The",NL,NLD,Sovereign Green Bond Issuances,Billion US Dollars,Refinitiv; Country authorities; IMF staff calculations.,ECFF,Green Bonds,"Environment, Climate Change, Financial and Physical and Transition Risk Indicators, Green Bonds",Not Applicable,Not Applicable,Not Applicable,,,,,,,,,,,,,,,,,,,,,,,,,,16.64284,,,
New Zealand,NZ,NZL,Green Bond Issuances by Country,Billion US Dollars,Refinitiv; Country authorities; IMF staff calculations.,ECFFI,Green Bonds Issuances,"Environment, Climate Change, Financial and Physical and Transition Risk Indicators, Green Bonds, Green Bonds Issuances ",Not Applicable,Not Applicable,Not Applicable,,,,,,,,,,,,,,,,,,,0.03106,0.031445,0.1396156,0.0943349,0.0924898,0.1554899,0.2466395,0.2774695,0.6628438,1.297046,3.314287
New Zealand,NZ,NZL,Sovereign Green Bond Issuances,Billion US Dollars,Refinitiv; Country authorities; IMF staff calculations.,ECFF,Green Bonds,"Environment, Climate Change, Financial and Physical and Transition Risk Indicators, Green Bonds",Not Applicable,Not Applicable,Not Applicable,,,,,,,,,,,,,,,,,,,,,,,,,,,,,2.127266
Nigeria,NG,NGA,Green Bond Issuances by Country,Billion US Dollars,Refinitiv; Country authorities; IMF staff calculations.,ECFFI,Green Bonds Issuances,"Environment, Climate Change, Financial and Physical and Transition Risk Indicators, Green Bonds, Green Bonds Issuances ",Not Applicable,Not Applicable,Not Applicable,,,,,,,,,,,,,,,,,,,,,,,,0.0232422,,0.0652252,,0.0022539,0.05
Nigeria,NG,NGA,Sovereign Green Bond Issuances,Billion US Dollars,Refinitiv; Country authorities; IMF staff calculations.,ECFF,Green Bonds,"Environment, Climate Change, Financial and Physical and Transition Risk Indicators, Green Bonds",Not Applicable,Not Applicable,Not Applicable,,,,,,,,,,,,,,,,,,,,,,,,0.0232422,,0.0326122,,,
Norway,NO,NOR,Green Bond Issuances by Country,Billion US Dollars,Refinitiv; Country authorities; IMF staff calculations.,ECFFI,Green Bonds Issuances,"Environment, Climate Change, Financial and Physical and Transition Risk Indicators, Green Bonds, Green Bonds Issuances ",Not Applicable,Not Applicable,Not Applicable,0.03,,,,,,,,,,0.0396237,,,,,,0.1077903,0.0155407,,1.0,0.3578327,2.293151,1.116078,0.5835931,3.102144,5.368201,6.183681,13.4614,13.08658
Pakistan,PK,PAK,Green Bond Issuances by Country,Billion US Dollars,Refinitiv; Country authorities; IMF staff calculations.,ECFFI,Green Bonds Issuances,"Environment, Climate Change, Financial and Physical and Transition Risk Indicators, Green Bonds, Green Bonds Issuances ",Not Applicable,Not Applicable,Not Applicable,,,,,,,,,,,,,,,,,,,,,,,,,,,,0.5,
Panama,PA,PAN,Green Bond Issuances by Country,Billion US Dollars,Refinitiv; Country authorities; IMF staff calculations.,ECFFI,Green Bonds Issuances,"Environment, Climate Change, Financial and Physical and Transition Risk Indicators, Green Bonds, Green Bonds Issuances ",Not Applicable,Not Applicable,Not Applicable,,,,,,,,,,,,,,,,,,,0.037,,,,,,,0.042,0.535328,,
Peru,PE,PER,Green Bond Issuances by Country,Billion US Dollars,Refinitiv; Country authorities; IMF staff calculations.,ECFFI,Green Bonds Issuances,"Environment, Climate Change, Financial and Physical and Transition Risk Indicators, Green Bonds, Green Bonds Issuances ",Not Applicable,Not Applicable,Not Applicable,,,,,,,,,,,,,,,,,,,,,0.408,,,,0.0261855,1.278889,0.2,,0.03
Philippines,PH,PHL,Green Bond Issuances by Country,Billion US Dollars,Refinitiv; Country authorities; IMF staff calculations.,ECFFI,Green Bonds Issuances,"Environment, Climate Change, Financial and Physical and Transition Risk Indicators, Green Bonds, Green Bonds Issuances ",Not Applicable,Not Applicable,Not Applicable,,,,,,,,,,,,,,,,,,,,,,,,,,0.6646443,0.5540443,0.0900739,
"Poland, Rep. of",PL,POL,Green Bond Issuances by Country,Billion US Dollars,Refinitiv; Country authorities; IMF staff calculations.,ECFFI,Green Bonds Issuances,"Environment, Climate Change, Financial and Physical and Transition Risk Indicators, Green Bonds, Green Bonds Issuances ",Not Applicable,Not Applicable,Not Applicable,,,,,,,,,,,,,,,,,,,,,,,0.7909473,,1.060704,2.323413,0.2251796,1.094481,0.5303521
"Poland, Rep. of",PL,POL,Sovereign Green Bond Issuances,Billion US Dollars,Refinitiv; Country authorities; IMF staff calculations.,ECFF,Green Bonds,"Environment, Climate Change, Financial and Physical and Transition Risk Indicators, Green Bonds",Not Applicable,Not Applicable,Not Applicable,,,,,,,,,,,,,,,,,,,,,,,0.7909473,,1.060704,2.121408,,,
Portugal,PT,PRT,Green Bond Issuances by Country,Billion US Dollars,Refinitiv; Country authorities; IMF staff calculations.,ECFFI,Green Bonds Issuances,"Environment, Climate Change, Financial and Physical and Transition Risk Indicators, Green Bonds, Green Bonds Issuances ",Not Applicable,Not Applicable,Not Applicable,,,,,,,,,,,,,,,,,,,,,,,,,,1.177076,1.591056,2.227479,1.006753
Romania,RO,ROU,Green Bond Issuances by Country,Billion US Dollars,Refinitiv; Country authorities; IMF staff calculations.,ECFFI,Green Bonds Issuances,"Environment, Climate Change, Financial and Physical and Transition Risk Indicators, Green Bonds, Green Bonds Issuances ",Not Applicable,Not Applicable,Not Applicable,,,,,,,,,,,,,,,,,,,,,,,,,,,,0.4527997,0.1514041
Russian Federation,RU,RUS,Green Bond Issuances by Country,Billion US Dollars,Refinitiv; Country authorities; IMF staff calculations.,ECFFI,Green Bonds Issuances,"Environment, Climate Change, Financial and Physical and Transition Risk Indicators, Green Bonds, Green Bonds Issuances ",Not Applicable,Not Applicable,Not Applicable,,,,,,,,,,,,,,,,,,,,,,,,,,0.0040601,1.334748,1.588684,0.8606164
"Serbia, Rep. of",RS,SRB,Green Bond Issuances by Country,Billion US Dollars,Refinitiv; Country authorities; IMF staff calculations.,ECFFI,Green Bonds Issuances,"Environment, Climate Change, Financial and Physical and Transition Risk Indicators, Green Bonds, Green Bonds Issuances ",Not Applicable,Not Applicable,Not Applicable,,,,,,,,,,,,,,,,,,,,,,,,,,,,2.121408,
"Serbia, Rep. of",RS,SRB,Sovereign Green Bond Issuances,Billion US Dollars,Refinitiv; Country authorities; IMF staff calculations.,ECFF,Green Bonds,"Environment, Climate Change, Financial and Physical and Transition Risk Indicators, Green Bonds",Not Applicable,Not Applicable,Not Applicable,,,,,,,,,,,,,,,,,,,,,,,,,,,,2.121408,
Seychelles,SC,SYC,Green Bond Issuances by Country,Billion US Dollars,Refinitiv; Country authorities; IMF staff calculations.,ECFFI,Green Bonds Issuances,"Environment, Climate Change, Financial and Physical and Transition Risk Indicators, Green Bonds, Green Bonds Issuances ",Not Applicable,Not Applicable,Not Applicable,,,,,,,,,,,,,,,,,,,,,,,,,0.015,,,,
Seychelles,SC,SYC,Sovereign Green Bond Issuances,Billion US Dollars,Refinitiv; Country authorities; IMF staff calculations.,ECFF,Green Bonds,"Environment, Climate Change, Financial and Physical and Transition Risk Indicators, Green Bonds",Not Applicable,Not Applicable,Not Applicable,,,,,,,,,,,,,,,,,,,,,,,,,0.015,,,,
Singapore,SG,SGP,Green Bond Issuances by Country,Billion US Dollars,Refinitiv; Country authorities; IMF staff calculations.,ECFFI,Green Bonds Issuances,"Environment, Climate Change, Financial and Physical and Transition Risk Indicators, Green Bonds, Green Bonds Issuances ",Not Applicable,Not Applicable,Not Applicable,,,,,,,,,,,,,,,,,,,,,,,,1.072743,0.0499223,2.646986,1.3683,5.855066,6.721348
Singapore,SG,SGP,Sovereign Green Bond Issuances,Billion US Dollars,Refinitiv; Country authorities; IMF staff calculations.,ECFF,Green Bonds,"Environment, Climate Change, Financial and Physical and Transition Risk Indicators, Green Bonds",Not Applicable,Not Applicable,Not Applicable,,,,,,,,,,,,,,,,,,,,,,,,,,,,,1.782134
Slovak Rep.,SK,SVK,Green Bond Issuances by Country,Billion US Dollars,Refinitiv; Country authorities; IMF staff calculations.,ECFFI,Green Bonds Issuances,"Environment, Climate Change, Financial and Physical and Transition Risk Indicators, Green Bonds, Green Bonds Issuances ",Not Applicable,Not Applicable,Not Applicable,,,,,,,,,,,,,,,,,,,,,,,,,,,,0.4242816,0.908893
"Slovenia, Rep. of",SI,SVN,Green Bond Issuances by Country,Billion US Dollars,Refinitiv; Country authorities; IMF staff calculations.,ECFFI,Green Bonds Issuances,"Environment, Climate Change, Financial and Physical and Transition Risk Indicators, Green Bonds, Green Bonds Issuances ",Not Applicable,Not Applicable,Not Applicable,,,,,,,,,,,,,,,,,,,,,,,,,0.0795528,,,,
South Africa,ZA,ZAF,Green Bond Issuances by Country,Billion US Dollars,Refinitiv; Country authorities; IMF staff calculations.,ECFFI,Green Bonds Issuances,"Environment, Climate Change, Financial and Physical and Transition Risk Indicators, Green Bonds, Green Bonds Issuances ",Not Applicable,Not Applicable,Not Applicable,,,,,,,,,,,,,,,,,,,,,0.0792241,,,0.0543375,0.0597712,0.1491384,0.2,0.06602,0.6101584
Spain,ES,ESP,Green Bond Issuances by Country,Billion US Dollars,Refinitiv; Country authorities; IMF staff calculations.,ECFFI,Green Bonds Issuances,"Environment, Climate Change, Financial and Physical and Transition Risk Indicators, Green Bonds, Green Bonds Issuances ",Not Applicable,Not Applicable,Not Applicable,,,,,,,,,,,,,,,,,,,,,1.158936,,3.277045,4.758106,4.076645,7.246918,9.730041,22.31164,13.16332
Spain,ES,ESP,Sovereign Green Bond Issuances,Billion US Dollars,Refinitiv; Country authorities; IMF staff calculations.,ECFF,Green Bonds,"Environment, Climate Change, Financial and Physical and Transition Risk Indicators, Green Bonds",Not Applicable,Not Applicable,Not Applicable,,,,,,,,,,,,,,,,,,,,,,,,,,,,8.705315,
Sweden,SE,SWE,Green Bond Issuances by Country,Billion US Dollars,Refinitiv; Country authorities; IMF staff calculations.,ECFFI,Green Bonds Issuances,"Environment, Climate Change, Financial and Physical and Transition Risk Indicators, Green Bonds, Green Bonds Issuances ",Not Applicable,Not Applicable,Not Applicable,,,,,,,,,,,,,,,,,,,,0.171308,1.251038,1.510763,3.413522,4.370183,6.457836,12.59613,14.02406,16.98899,15.77147
Sweden,SE,SWE,Sovereign Green Bond Issuances,Billion US Dollars,Refinitiv; Country authorities; IMF staff calculations.,ECFF,Green Bonds,"Environment, Climate Change, Financial and Physical and Transition Risk Indicators, Green Bonds",Not Applicable,Not Applicable,Not Applicable,,,,,,,,,,,,,,,,,,,,,,,,,,,3.849078,,
Switzerland,CH,CHE,Green Bond Issuances by Country,Billion US Dollars,Refinitiv; Country authorities; IMF staff calculations.,ECFFI,Green Bonds Issuances,"Environment, Climate Change, Financial and Physical and Transition Risk Indicators, Green Bonds, Green Bonds Issuances ",Not Applicable,Not Applicable,Not Applicable,,,,,,0.1085305,0.1681426,0.1097454,,,0.1080614,,,,,,,,,,,0.1603249,0.8550663,0.7436262,0.718365,2.627311,1.104104,2.110945,2.891872
Switzerland,CH,CHE,Sovereign Green Bond Issuances,Billion US Dollars,Refinitiv; Country authorities; IMF staff calculations.,ECFF,Green Bonds,"Environment, Climate Change, Financial and Physical and Transition Risk Indicators, Green Bonds",Not Applicable,Not Applicable,Not Applicable,,,,,,,,,,,,,,,,,,,,,,,,,,,,,1.139429
Taiwan Province of China,TW,TWN,Green Bond Issuances by Country,Billion US Dollars,Refinitiv; Country authorities; IMF staff calculations.,ECFFI,Green Bonds Issuances,"Environment, Climate Change, Financial and Physical and Transition Risk Indicators, Green Bonds, Green Bonds Issuances ",Not Applicable,Not Applicable,Not Applicable,,,,,,,,,,,,,,,,,,,,,,,,0.5328262,0.7074085,0.8806769,1.356076,0.8217786,2.075102
Thailand,TH,THA,Green Bond Issuances by Country,Billion US Dollars,Refinitiv; Country authorities; IMF staff calculations.,ECFFI,Green Bonds Issuances,"Environment, Climate Change, Financial and Physical and Transition Risk Indicators, Green Bonds, Green Bonds Issuances ",Not Applicable,Not Applicable,Not Applicable,,,,,,,,,,,,,,,,,,,,,,,,,0.0957143,0.6580137,0.6745148,0.8207527,0.7936478
"Türkiye, Rep. of",TR,TUR,Green Bond Issuances by Country,Billion US Dollars,Refinitiv; Country authorities; IMF staff calculations.,ECFFI,Green Bonds Issuances,"Environment, Climate Change, Financial and Physical and Transition Risk Indicators, Green Bonds, Green Bonds Issuances ",Not Applicable,Not Applicable,Not Applicable,,,,,,,,,,,,,,,,,,,,,,,,,,0.1,0.1,1.884246,0.0132502
Ukraine,UA,UKR,Green Bond Issuances by Country,Billion US Dollars,Refinitiv; Country authorities; IMF staff calculations.,ECFFI,Green Bonds Issuances,"Environment, Climate Change, Financial and Physical and Transition Risk Indicators, Green Bonds, Green Bonds Issuances ",Not Applicable,Not Applicable,Not Applicable,,,,,,,,,,,,,,,,,,,,,,,,,,,,1.65,
United Arab Emirates,AE,ARE,Green Bond Issuances by Country,Billion US Dollars,Refinitiv; Country authorities; IMF staff calculations.,ECFFI,Green Bonds Issuances,"Environment, Climate Change, Financial and Physical and Transition Risk Indicators, Green Bonds, Green Bonds Issuances ",Not Applicable,Not Applicable,Not Applicable,,,,,,,,,,,,,,,,,,,,,,0.35,1.0,0.587,,0.07,0.0956145,0.5800425,3.653779
United Kingdom,GB,GBR,Green Bond Issuances by Country,Billion US Dollars,Refinitiv; Country authorities; IMF staff calculations.,ECFFI,Green Bonds Issuances,"Environment, Climate Change, Financial and Physical and Transition Risk Indicators, Green Bonds, Green Bonds Issuances ",Not Applicable,Not Applicable,Not Applicable,,,,,,,,,,,,,,,,,,,,0.3680598,0.3015499,0.7876346,0.80155,2.101579,7.767468,3.968181,4.808441,55.19447,7.899904
United Kingdom,GB,GBR,Sovereign Green Bond Issuances,Billion US Dollars,Refinitiv; Country authorities; IMF staff calculations.,ECFF,Green Bonds,"Environment, Climate Change, Financial and Physical and Transition Risk Indicators, Green Bonds",Not Applicable,Not Applicable,Not Applicable,,,,,,,,,,,,,,,,,,,,,,,,,,,,37.80954,
United States,US,USA,Green Bond Issuances by Country,Billion US Dollars,Refinitiv; Country authorities; IMF staff calculations.,ECFFI,Green Bonds Issuances,"Environment, Climate Change, Financial and Physical and Transition Risk Indicators, Green Bonds, Green Bonds Issuances ",Not Applicable,Not Applicable,Not Applicable,0.025,,,,,,,,,,,0.013609,,,,,,,,0.5,2.1438,8.262994,5.989511,5.46376,8.877655,25.258,30.58385,56.52536,28.51972
Vietnam,VN,VNM,Green Bond Issuances by Country,Billion US Dollars,Refinitiv; Country authorities; IMF staff calculations.,ECFFI,Green Bonds Issuances,"Environment, Climate Change, Financial and Physical and Transition Risk Indicators, Green Bonds, Green Bonds Issuances ",Not Applicable,Not Applicable,Not Applicable,,,,,,,,,,,,,,,,,,,,,,,0.1496367,,,,,0.2,
World,,WLD,Green Bond Issuances,Billion US Dollars,Refinitiv; Country authorities; IMF staff calculations.,ECFF,Green Bonds,"Environment, Climate Change, Financial and Physical and Transition Risk Indicators, Green Bonds",Not Applicable,Not Applicable,Not Applicable,0.055,0.3,0.0751202,0.0,0.0291793,0.1435457,0.1856502,0.1097454,0.0481737,0.0533208,0.1476851,0.40466,0.1085305,1.464115,0.4772156,0.8899977,2.648601,0.7783703,2.417071,12.43554,30.77104,47.59378,99.57473,139.1618,163.8557,284.1636,302.4334,652.9819,540.9196
World,,WLD,Cumulative Green Bond Issuances by Type of Currency,Share,Refinitiv; Country authorities; IMF staff calculations.,ECFF,Green Bonds,"Environment, Climate Change, Financial and Physical and Transition Risk Indicators, Green Bonds",Not Applicable,Not Applicable,Argentinian Peso,,,,,,,,,,,,,,,,,,,,,,,,,,,,,1.05e-05
World,,WLD,Cumulative Green Bond Issuances by Type of Currency,Billion US Dollars,Refinitiv; Country authorities; IMF staff calculations.,ECFF,Green Bonds,"Environment, Climate Change, Financial and Physical and Transition Risk Indicators, Green Bonds",Not Applicable,Not Applicable,Argentinian Peso,,,,,,,,,,,,,,,,,,,,,,,,,,,,,0.0240006
World,,WLD,Cumulative Green Bond Issuances by Type of Currency,Share,Refinitiv; Country authorities; IMF staff calculations.,ECFF,Green Bonds,"Environment, Climate Change, Financial and Physical and Transition Risk Indicators, Green Bonds",Not Applicable,Not Applicable,Argentinian Unidades de Valor Adquisitivo,,,,,,,,,,,,,,,,,,,,,,,,,,,,,0.0
World,,WLD,Cumulative Green Bond Issuances by Type of Currency,Billion US Dollars,Refinitiv; Country authorities; IMF staff calculations.,ECFF,Green Bonds,"Environment, Climate Change, Financial and Physical and Transition Risk Indicators, Green Bonds",Not Applicable,Not Applicable,Argentinian Unidades de Valor Adquisitivo,,,,,,,,,,,,,,,,,,,,,,,,,,,,,0.0
World,,WLD,Cumulative Green Bond Issuances by Type of Currency,Share,Refinitiv; Country authorities; IMF staff calculations.,ECFF,Green Bonds,"Environment, Climate Change, Financial and Physical and Transition Risk Indicators, Green Bonds",Not Applicable,Not Applicable,Australian Dollar,,,,,,,,,,,,,,,,,,,,,,,,,,,,,0.0121833
World,,WLD,Cumulative Green Bond Issuances by Type of Currency,Billion US Dollars,Refinitiv; Country authorities; IMF staff calculations.,ECFF,Green Bonds,"Environment, Climate Change, Financial and Physical and Transition Risk Indicators, Green Bonds",Not Applicable,Not Applicable,Australian Dollar,,,,,,,,,,,,,,,,,,,,,,,,,,,,,27.82952
World,,WLD,Cumulative Green Bond Issuances by Type of Currency,Share,Refinitiv; Country authorities; IMF staff calculations.,ECFF,Green Bonds,"Environment, Climate Change, Financial and Physical and Transition Risk Indicators, Green Bonds",Not Applicable,Not Applicable,Bangladeshi Taka,,,,,,,,,,,,,,,,,,,,,,,,,,,,,0.0001695
World,,WLD,Cumulative Green Bond Issuances by Type of Currency,Billion US Dollars,Refinitiv; Country authorities; IMF staff calculations.,ECFF,Green Bonds,"Environment, Climate Change, Financial and Physical and Transition Risk Indicators, Green Bonds",Not Applicable,Not Applicable,Bangladeshi Taka,,,,,,,,,,,,,,,,,,,,,,,,,,,,,0.3870968
World,,WLD,Cumulative Green Bond Issuances by Type of Currency,Share,Refinitiv; Country authorities; IMF staff calculations.,ECFF,Green Bonds,"Environment, Climate Change, Financial and Physical and Transition Risk Indicators, Green Bonds",Not Applicable,Not Applicable,Brazilian Real,,,,,,,,,,,,,,,,,,,,,,,,,,,,,0.0021394
World,,WLD,Cumulative Green Bond Issuances by Type of Currency,Billion US Dollars,Refinitiv; Country authorities; IMF staff calculations.,ECFF,Green Bonds,"Environment, Climate Change, Financial and Physical and Transition Risk Indicators, Green Bonds",Not Applicable,Not Applicable,Brazilian Real,,,,,,,,,,,,,,,,,,,,,,,,,,,,,4.886899
World,,WLD,Cumulative Green Bond Issuances by Type of Currency,Share,Refinitiv; Country authorities; IMF staff calculations.,ECFF,Green Bonds,"Environment, Climate Change, Financial and Physical and Transition Risk Indicators, Green Bonds",Not Applicable,Not Applicable,British Pound,,,,,,,,,,,,,,,,,,,,,,,,,,,,,0.0320588
World,,WLD,Cumulative Green Bond Issuances by Type of Currency,Billion US Dollars,Refinitiv; Country authorities; IMF staff calculations.,ECFF,Green Bonds,"Environment, Climate Change, Financial and Physical and Transition Risk Indicators, Green Bonds",Not Applicable,Not Applicable,British Pound,,,,,,,,,,,,,,,,,,,,,,,,,,,,,73.22969
World,,WLD,Cumulative Green Bond Issuances by Type of Currency,Share,Refinitiv; Country authorities; IMF staff calculations.,ECFF,Green Bonds,"Environment, Climate Change, Financial and Physical and Transition Risk Indicators, Green Bonds",Not Applicable,Not Applicable,Canadian Dollar,,,,,,,,,,,,,,,,,,,,,,,,,,,,,0.0232483
World,,WLD,Cumulative Green Bond Issuances by Type of Currency,Billion US Dollars,Refinitiv; Country authorities; IMF staff calculations.,ECFF,Green Bonds,"Environment, Climate Change, Financial and Physical and Transition Risk Indicators, Green Bonds",Not Applicable,Not Applicable,Canadian Dollar,,,,,,,,,,,,,,,,,,,,,,,,,,,,,53.10439
World,,WLD,Cumulative Green Bond Issuances by Type of Currency,Share,Refinitiv; Country authorities; IMF staff calculations.,ECFF,Green Bonds,"Environment, Climate Change, Financial and Physical and Transition Risk Indicators, Green Bonds",Not Applicable,Not Applicable,Chilean Peso,,,,,,,,,,,,,,,,,,,,,,,,,,,,,1.36e-05
World,,WLD,Cumulative Green Bond Issuances by Type of Currency,Billion US Dollars,Refinitiv; Country authorities; IMF staff calculations.,ECFF,Green Bonds,"Environment, Climate Change, Financial and Physical and Transition Risk Indicators, Green Bonds",Not Applicable,Not Applicable,Chilean Peso,,,,,,,,,,,,,,,,,,,,,,,,,,,,,0.0311282
World,,WLD,Cumulative Green Bond Issuances by Type of Currency,Share,Refinitiv; Country authorities; IMF staff calculations.,ECFF,Green Bonds,"Environment, Climate Change, Financial and Physical and Transition Risk Indicators, Green Bonds",Not Applicable,Not Applicable,Chilean Unidad de Fomento,,,,,,,,,,,,,,,,,,,,,,,,,,,,,9.39e-05
World,,WLD,Cumulative Green Bond Issuances by Type of Currency,Billion US Dollars,Refinitiv; Country authorities; IMF staff calculations.,ECFF,Green Bonds,"Environment, Climate Change, Financial and Physical and Transition Risk Indicators, Green Bonds",Not Applicable,Not Applicable,Chilean Unidad de Fomento,,,,,,,,,,,,,,,,,,,,,,,,,,,,,0.214465
World,,WLD,Cumulative Green Bond Issuances by Type of Currency,Share,Refinitiv; Country authorities; IMF staff calculations.,ECFF,Green Bonds,"Environment, Climate Change, Financial and Physical and Transition Risk Indicators, Green Bonds",Not Applicable,Not Applicable,Chinese Yuan,,,,,,,,,,,,,,,,,,,,,,,,,,,,,0.1424429
World,,WLD,Cumulative Green Bond Issuances by Type of Currency,Billion US Dollars,Refinitiv; Country authorities; IMF staff calculations.,ECFF,Green Bonds,"Environment, Climate Change, Financial and Physical and Transition Risk Indicators, Green Bonds",Not Applicable,Not Applicable,Chinese Yuan,,,,,,,,,,,,,,,,,,,,,,,,,,,,,325.3719
World,,WLD,Cumulative Green Bond Issuances by Type of Currency,Share,Refinitiv; Country authorities; IMF staff calculations.,ECFF,Green Bonds,"Environment, Climate Change, Financial and Physical and Transition Risk Indicators, Green Bonds",Not Applicable,Not Applicable,Colombian Peso,,,,,,,,,,,,,,,,,,,,,,,,,,,,,0.0004137
World,,WLD,Cumulative Green Bond Issuances by Type of Currency,Billion US Dollars,Refinitiv; Country authorities; IMF staff calculations.,ECFF,Green Bonds,"Environment, Climate Change, Financial and Physical and Transition Risk Indicators, Green Bonds",Not Applicable,Not Applicable,Colombian Peso,,,,,,,,,,,,,,,,,,,,,,,,,,,,,0.9448879
World,,WLD,Cumulative Green Bond Issuances by Type of Currency,Share,Refinitiv; Country authorities; IMF staff calculations.,ECFF,Green Bonds,"Environment, Climate Change, Financial and Physical and Transition Risk Indicators, Green Bonds",Not Applicable,Not Applicable,Czech Koruna,,,,,,,,,,,,,,,,,,,,,,,,,,,,,3.36e-05
World,,WLD,Cumulative Green Bond Issuances by Type of Currency,Billion US Dollars,Refinitiv; Country authorities; IMF staff calculations.,ECFF,Green Bonds,"Environment, Climate Change, Financial and Physical and Transition Risk Indicators, Green Bonds",Not Applicable,Not Applicable,Czech Koruna,,,,,,,,,,,,,,,,,,,,,,,,,,,,,0.0766765
World,,WLD,Cumulative Green Bond Issuances by Type of Currency,Share,Refinitiv; Country authorities; IMF staff calculations.,ECFF,Green Bonds,"Environment, Climate Change, Financial and Physical and Transition Risk Indicators, Green Bonds",Not Applicable,Not Applicable,Danish Krone,,,,,,,,,,,,,,,,,,,,,,,,,,,,,0.0088779
World,,WLD,Cumulative Green Bond Issuances by Type of Currency,Billion US Dollars,Refinitiv; Country authorities; IMF staff calculations.,ECFF,Green Bonds,"Environment, Climate Change, Financial and Physical and Transition Risk Indicators, Green Bonds",Not Applicable,Not Applicable,Danish Krone,,,,,,,,,,,,,,,,,,,,,,,,,,,,,20.2791
World,,WLD,Cumulative Green Bond Issuances by Type of Currency,Share,Refinitiv; Country authorities; IMF staff calculations.,ECFF,Green Bonds,"Environment, Climate Change, Financial and Physical and Transition Risk Indicators, Green Bonds",Not Applicable,Not Applicable,Deutsche Mark,,,,,,,,,,,,,,,,,,,,,,,,,,,,,3.58e-05
World,,WLD,Cumulative Green Bond Issuances by Type of Currency,Billion US Dollars,Refinitiv; Country authorities; IMF staff calculations.,ECFF,Green Bonds,"Environment, Climate Change, Financial and Physical and Transition Risk Indicators, Green Bonds",Not Applicable,Not Applicable,Deutsche Mark,,,,,,,,,,,,,,,,,,,,,,,,,,,,,0.0817021
World,,WLD,Cumulative Green Bond Issuances by Type of Currency,Share,Refinitiv; Country authorities; IMF staff calculations.,ECFF,Green Bonds,"Environment, Climate Change, Financial and Physical and Transition Risk Indicators, Green Bonds",Not Applicable,Not Applicable,Euro,,,,,,,,,,,,,,,,,,,,,,,,,,,,,0.4273384
World,,WLD,Cumulative Green Bond Issuances by Type of Currency,Billion US Dollars,Refinitiv; Country authorities; IMF staff calculations.,ECFF,Green Bonds,"Environment, Climate Change, Financial and Physical and Transition Risk Indicators, Green Bonds",Not Applicable,Not Applicable,Euro,,,,,,,,,,,,,,,,,,,,,,,,,,,,,976.1378
World,,WLD,Cumulative Green Bond Issuances by Type of Currency,Share,Refinitiv; Country authorities; IMF staff calculations.,ECFF,Green Bonds,"Environment, Climate Change, Financial and Physical and Transition Risk Indicators, Green Bonds",Not Applicable,Not Applicable,European Currency Unit,,,,,,,,,,,,,,,,,,,,,,,,,,,,,0.0
World,,WLD,Cumulative Green Bond Issuances by Type of Currency,Billion US Dollars,Refinitiv; Country authorities; IMF staff calculations.,ECFF,Green Bonds,"Environment, Climate Change, Financial and Physical and Transition Risk Indicators, Green Bonds",Not Applicable,Not Applicable,European Currency Unit,,,,,,,,,,,,,,,,,,,,,,,,,,,,,0.0
World,,WLD,Cumulative Green Bond Issuances by Type of Currency,Share,Refinitiv; Country authorities; IMF staff calculations.,ECFF,Green Bonds,"Environment, Climate Change, Financial and Physical and Transition Risk Indicators, Green Bonds",Not Applicable,Not Applicable,Fijian Dollar,,,,,,,,,,,,,,,,,,,,,,,,,,,,,1.95e-05
World,,WLD,Cumulative Green Bond Issuances by Type of Currency,Billion US Dollars,Refinitiv; Country authorities; IMF staff calculations.,ECFF,Green Bonds,"Environment, Climate Change, Financial and Physical and Transition Risk Indicators, Green Bonds",Not Applicable,Not Applicable,Fijian Dollar,,,,,,,,,,,,,,,,,,,,,,,,,,,,,0.0445
World,,WLD,Cumulative Green Bond Issuances by Type of Currency,Share,Refinitiv; Country authorities; IMF staff calculations.,ECFF,Green Bonds,"Environment, Climate Change, Financial and Physical and Transition Risk Indicators, Green Bonds",Not Applicable,Not Applicable,Hong Kong Dollar,,,,,,,,,,,,,,,,,,,,,,,,,,,,,0.0033748
World,,WLD,Cumulative Green Bond Issuances by Type of Currency,Billion US Dollars,Refinitiv; Country authorities; IMF staff calculations.,ECFF,Green Bonds,"Environment, Climate Change, Financial and Physical and Transition Risk Indicators, Green Bonds",Not Applicable,Not Applicable,Hong Kong Dollar,,,,,,,,,,,,,,,,,,,,,,,,,,,,,7.708855
World,,WLD,Cumulative Green Bond Issuances by Type of Currency,Share,Refinitiv; Country authorities; IMF staff calculations.,ECFF,Green Bonds,"Environment, Climate Change, Financial and Physical and Transition Risk Indicators, Green Bonds",Not Applicable,Not Applicable,Hungarian Forint,,,,,,,,,,,,,,,,,,,,,,,,,,,,,0.0009425
World,,WLD,Cumulative Green Bond Issuances by Type of Currency,Billion US Dollars,Refinitiv; Country authorities; IMF staff calculations.,ECFF,Green Bonds,"Environment, Climate Change, Financial and Physical and Transition Risk Indicators, Green Bonds",Not Applicable,Not Applicable,Hungarian Forint,,,,,,,,,,,,,,,,,,,,,,,,,,,,,2.152793
World,,WLD,Cumulative Green Bond Issuances by Type of Currency,Share,Refinitiv; Country authorities; IMF staff calculations.,ECFF,Green Bonds,"Environment, Climate Change, Financial and Physical and Transition Risk Indicators, Green Bonds",Not Applicable,Not Applicable,Icelandic Krona,,,,,,,,,,,,,,,,,,,,,,,,,,,,,0.0003036
World,,WLD,Cumulative Green Bond Issuances by Type of Currency,Billion US Dollars,Refinitiv; Country authorities; IMF staff calculations.,ECFF,Green Bonds,"Environment, Climate Change, Financial and Physical and Transition Risk Indicators, Green Bonds",Not Applicable,Not Applicable,Icelandic Krona,,,,,,,,,,,,,,,,,,,,,,,,,,,,,0.6934966
World,,WLD,Cumulative Green Bond Issuances by Type of Currency,Share,Refinitiv; Country authorities; IMF staff calculations.,ECFF,Green Bonds,"Environment, Climate Change, Financial and Physical and Transition Risk Indicators, Green Bonds",Not Applicable,Not Applicable,Indian Rupee,,,,,,,,,,,,,,,,,,,,,,,,,,,,,0.0014351
World,,WLD,Cumulative Green Bond Issuances by Type of Currency,Billion US Dollars,Refinitiv; Country authorities; IMF staff calculations.,ECFF,Green Bonds,"Environment, Climate Change, Financial and Physical and Transition Risk Indicators, Green Bonds",Not Applicable,Not Applicable,Indian Rupee,,,,,,,,,,,,,,,,,,,,,,,,,,,,,3.278168
World,,WLD,Cumulative Green Bond Issuances by Type of Currency,Share,Refinitiv; Country authorities; IMF staff calculations.,ECFF,Green Bonds,"Environment, Climate Change, Financial and Physical and Transition Risk Indicators, Green Bonds",Not Applicable,Not Applicable,Indonesian Rupiah,,,,,,,,,,,,,,,,,,,,,,,,,,,,,0.0015041
World,,WLD,Cumulative Green Bond Issuances by Type of Currency,Billion US Dollars,Refinitiv; Country authorities; IMF staff calculations.,ECFF,Green Bonds,"Environment, Climate Change, Financial and Physical and Transition Risk Indicators, Green Bonds",Not Applicable,Not Applicable,Indonesian Rupiah,,,,,,,,,,,,,,,,,,,,,,,,,,,,,3.435756
World,,WLD,Cumulative Green Bond Issuances by Type of Currency,Share,Refinitiv; Country authorities; IMF staff calculations.,ECFF,Green Bonds,"Environment, Climate Change, Financial and Physical and Transition Risk Indicators, Green Bonds",Not Applicable,Not Applicable,Japanese Yen,,,,,,,,,,,,,,,,,,,,,,,,,,,,,0.0147984
World,,WLD,Cumulative Green Bond Issuances by Type of Currency,Billion US Dollars,Refinitiv; Country authorities; IMF staff calculations.,ECFF,Green Bonds,"Environment, Climate Change, Financial and Physical and Transition Risk Indicators, Green Bonds",Not Applicable,Not Applicable,Japanese Yen,,,,,,,,,,,,,,,,,,,,,,,,,,,,,33.80284
World,,WLD,Cumulative Green Bond Issuances by Type of Currency,Share,Refinitiv; Country authorities; IMF staff calculations.,ECFF,Green Bonds,"Environment, Climate Change, Financial and Physical and Transition Risk Indicators, Green Bonds",Not Applicable,Not Applicable,Kazakhstani Tenge,,,,,,,,,,,,,,,,,,,,,,,,,,,,,1.7e-05
World,,WLD,Cumulative Green Bond Issuances by Type of Currency,Billion US Dollars,Refinitiv; Country authorities; IMF staff calculations.,ECFF,Green Bonds,"Environment, Climate Change, Financial and Physical and Transition Risk Indicators, Green Bonds",Not Applicable,Not Applicable,Kazakhstani Tenge,,,,,,,,,,,,,,,,,,,,,,,,,,,,,0.0388662
World,,WLD,Cumulative Green Bond Issuances by Type of Currency,Share,Refinitiv; Country authorities; IMF staff calculations.,ECFF,Green Bonds,"Environment, Climate Change, Financial and Physical and Transition Risk Indicators, Green Bonds",Not Applicable,Not Applicable,Macanese Pataca,,,,,,,,,,,,,,,,,,,,,,,,,,,,,0.0001626
World,,WLD,Cumulative Green Bond Issuances by Type of Currency,Billion US Dollars,Refinitiv; Country authorities; IMF staff calculations.,ECFF,Green Bonds,"Environment, Climate Change, Financial and Physical and Transition Risk Indicators, Green Bonds",Not Applicable,Not Applicable,Macanese Pataca,,,,,,,,,,,,,,,,,,,,,,,,,,,,,0.3713331
World,,WLD,Cumulative Green Bond Issuances by Type of Currency,Share,Refinitiv; Country authorities; IMF staff calculations.,ECFF,Green Bonds,"Environment, Climate Change, Financial and Physical and Transition Risk Indicators, Green Bonds",Not Applicable,Not Applicable,Malaysian Ringgit,,,,,,,,,,,,,,,,,,,,,,,,,,,,,0.0007586
World,,WLD,Cumulative Green Bond Issuances by Type of Currency,Billion US Dollars,Refinitiv; Country authorities; IMF staff calculations.,ECFF,Green Bonds,"Environment, Climate Change, Financial and Physical and Transition Risk Indicators, Green Bonds",Not Applicable,Not Applicable,Malaysian Ringgit,,,,,,,,,,,,,,,,,,,,,,,,,,,,,1.732825
World,,WLD,Cumulative Green Bond Issuances by Type of Currency,Share,Refinitiv; Country authorities; IMF staff calculations.,ECFF,Green Bonds,"Environment, Climate Change, Financial and Physical and Transition Risk Indicators, Green Bonds",Not Applicable,Not Applicable,Mexican Peso,,,,,,,,,,,,,,,,,,,,,,,,,,,,,0.0014486
World,,WLD,Cumulative Green Bond Issuances by Type of Currency,Billion US Dollars,Refinitiv; Country authorities; IMF staff calculations.,ECFF,Green Bonds,"Environment, Climate Change, Financial and Physical and Transition Risk Indicators, Green Bonds",Not Applicable,Not Applicable,Mexican Peso,,,,,,,,,,,,,,,,,,,,,,,,,,,,,3.309021
World,,WLD,Cumulative Green Bond Issuances by Type of Currency,Share,Refinitiv; Country authorities; IMF staff calculations.,ECFF,Green Bonds,"Environment, Climate Change, Financial and Physical and Transition Risk Indicators, Green Bonds",Not Applicable,Not Applicable,Mexican Unidad de Inversion,,,,,,,,,,,,,,,,,,,,,,,,,,,,,0.0001192
World,,WLD,Cumulative Green Bond Issuances by Type of Currency,Billion US Dollars,Refinitiv; Country authorities; IMF staff calculations.,ECFF,Green Bonds,"Environment, Climate Change, Financial and Physical and Transition Risk Indicators, Green Bonds",Not Applicable,Not Applicable,Mexican Unidad de Inversion,,,,,,,,,,,,,,,,,,,,,,,,,,,,,0.2723767
World,,WLD,Cumulative Green Bond Issuances by Type of Currency,Share,Refinitiv; Country authorities; IMF staff calculations.,ECFF,Green Bonds,"Environment, Climate Change, Financial and Physical and Transition Risk Indicators, Green Bonds",Not Applicable,Not Applicable,Moroccan Dirham,,,,,,,,,,,,,,,,,,,,,,,,,,,,,5.84e-06
World,,WLD,Cumulative Green Bond Issuances by Type of Currency,Billion US Dollars,Refinitiv; Country authorities; IMF staff calculations.,ECFF,Green Bonds,"Environment, Climate Change, Financial and Physical and Transition Risk Indicators, Green Bonds",Not Applicable,Not Applicable,Moroccan Dirham,,,,,,,,,,,,,,,,,,,,,,,,,,,,,0.0133439
World,,WLD,Cumulative Green Bond Issuances by Type of Currency,Share,Refinitiv; Country authorities; IMF staff calculations.,ECFF,Green Bonds,"Environment, Climate Change, Financial and Physical and Transition Risk Indicators, Green Bonds",Not Applicable,Not Applicable,Namibian Dollar,,,,,,,,,,,,,,,,,,,,,,,,,,,,,1.67e-06
World,,WLD,Cumulative Green Bond Issuances by Type of Currency,Billion US Dollars,Refinitiv; Country authorities; IMF staff calculations.,ECFF,Green Bonds,"Environment, Climate Change, Financial and Physical and Transition Risk Indicators, Green Bonds",Not Applicable,Not Applicable,Namibian Dollar,,,,,,,,,,,,,,,,,,,,,,,,,,,,,0.0038124
World,,WLD,Cumulative Green Bond Issuances by Type of Currency,Share,Refinitiv; Country authorities; IMF staff calculations.,ECFF,Green Bonds,"Environment, Climate Change, Financial and Physical and Transition Risk Indicators, Green Bonds",Not Applicable,Not Applicable,New Zealand Dollar,,,,,,,,,,,,,,,,,,,,,,,,,,,,,0.0027818
World,,WLD,Cumulative Green Bond Issuances by Type of Currency,Billion US Dollars,Refinitiv; Country authorities; IMF staff calculations.,ECFF,Green Bonds,"Environment, Climate Change, Financial and Physical and Transition Risk Indicators, Green Bonds",Not Applicable,Not Applicable,New Zealand Dollar,,,,,,,,,,,,,,,,,,,,,,,,,,,,,6.354366
World,,WLD,Cumulative Green Bond Issuances by Type of Currency,Share,Refinitiv; Country authorities; IMF staff calculations.,ECFF,Green Bonds,"Environment, Climate Change, Financial and Physical and Transition Risk Indicators, Green Bonds",Not Applicable,Not Applicable,Nigerian Naira,,,,,,,,,,,,,,,,,,,,,,,,,,,,,3.97e-05
World,,WLD,Cumulative Green Bond Issuances by Type of Currency,Billion US Dollars,Refinitiv; Country authorities; IMF staff calculations.,ECFF,Green Bonds,"Environment, Climate Change, Financial and Physical and Transition Risk Indicators, Green Bonds",Not Applicable,Not Applicable,Nigerian Naira,,,,,,,,,,,,,,,,,,,,,,,,,,,,,0.0907213
World,,WLD,Cumulative Green Bond Issuances by Type of Currency,Share,Refinitiv; Country authorities; IMF staff calculations.,ECFF,Green Bonds,"Environment, Climate Change, Financial and Physical and Transition Risk Indicators, Green Bonds",Not Applicable,Not Applicable,Norwegian Krone,,,,,,,,,,,,,,,,,,,,,,,,,,,,,0.0086785
World,,WLD,Cumulative Green Bond Issuances by Type of Currency,Billion US Dollars,Refinitiv; Country authorities; IMF staff calculations.,ECFF,Green Bonds,"Environment, Climate Change, Financial and Physical and Transition Risk Indicators, Green Bonds",Not Applicable,Not Applicable,Norwegian Krone,,,,,,,,,,,,,,,,,,,,,,,,,,,,,19.82355
World,,WLD,Cumulative Green Bond Issuances by Type of Currency,Share,Refinitiv; Country authorities; IMF staff calculations.,ECFF,Green Bonds,"Environment, Climate Change, Financial and Physical and Transition Risk Indicators, Green Bonds",Not Applicable,Not Applicable,Peruvian Sol,,,,,,,,,,,,,,,,,,,,,,,,,,,,,5.96e-05
World,,WLD,Cumulative Green Bond Issuances by Type of Currency,Billion US Dollars,Refinitiv; Country authorities; IMF staff calculations.,ECFF,Green Bonds,"Environment, Climate Change, Financial and Physical and Transition Risk Indicators, Green Bonds",Not Applicable,Not Applicable,Peruvian Sol,,,,,,,,,,,,,,,,,,,,,,,,,,,,,0.136177
World,,WLD,Cumulative Green Bond Issuances by Type of Currency,Share,Refinitiv; Country authorities; IMF staff calculations.,ECFF,Green Bonds,"Environment, Climate Change, Financial and Physical and Transition Risk Indicators, Green Bonds",Not Applicable,Not Applicable,Philippine Peso,,,,,,,,,,,,,,,,,,,,,,,,,,,,,0.0001837
World,,WLD,Cumulative Green Bond Issuances by Type of Currency,Billion US Dollars,Refinitiv; Country authorities; IMF staff calculations.,ECFF,Green Bonds,"Environment, Climate Change, Financial and Physical and Transition Risk Indicators, Green Bonds",Not Applicable,Not Applicable,Philippine Peso,,,,,,,,,,,,,,,,,,,,,,,,,,,,,0.4196968
World,,WLD,Cumulative Green Bond Issuances by Type of Currency,Share,Refinitiv; Country authorities; IMF staff calculations.,ECFF,Green Bonds,"Environment, Climate Change, Financial and Physical and Transition Risk Indicators, Green Bonds",Not Applicable,Not Applicable,Polish Zloty,,,,,,,,,,,,,,,,,,,,,,,,,,,,,0.0007037
World,,WLD,Cumulative Green Bond Issuances by Type of Currency,Billion US Dollars,Refinitiv; Country authorities; IMF staff calculations.,ECFF,Green Bonds,"Environment, Climate Change, Financial and Physical and Transition Risk Indicators, Green Bonds",Not Applicable,Not Applicable,Polish Zloty,,,,,,,,,,,,,,,,,,,,,,,,,,,,,1.60748
World,,WLD,Cumulative Green Bond Issuances by Type of Currency,Share,Refinitiv; Country authorities; IMF staff calculations.,ECFF,Green Bonds,"Environment, Climate Change, Financial and Physical and Transition Risk Indicators, Green Bonds",Not Applicable,Not Applicable,Romanian Leu,,,,,,,,,,,,,,,,,,,,,,,,,,,,,0.00028
World,,WLD,Cumulative Green Bond Issuances by Type of Currency,Billion US Dollars,Refinitiv; Country authorities; IMF staff calculations.,ECFF,Green Bonds,"Environment, Climate Change, Financial and Physical and Transition Risk Indicators, Green Bonds",Not Applicable,Not Applicable,Romanian Leu,,,,,,,,,,,,,,,,,,,,,,,,,,,,,0.639671
World,,WLD,Cumulative Green Bond Issuances by Type of Currency,Share,Refinitiv; Country authorities; IMF staff calculations.,ECFF,Green Bonds,"Environment, Climate Change, Financial and Physical and Transition Risk Indicators, Green Bonds",Not Applicable,Not Applicable,Russian Ruble,,,,,,,,,,,,,,,,,,,,,,,,,,,,,0.0018991
World,,WLD,Cumulative Green Bond Issuances by Type of Currency,Billion US Dollars,Refinitiv; Country authorities; IMF staff calculations.,ECFF,Green Bonds,"Environment, Climate Change, Financial and Physical and Transition Risk Indicators, Green Bonds",Not Applicable,Not Applicable,Russian Ruble,,,,,,,,,,,,,,,,,,,,,,,,,,,,,4.337879
World,,WLD,Cumulative Green Bond Issuances by Type of Currency,Share,Refinitiv; Country authorities; IMF staff calculations.,ECFF,Green Bonds,"Environment, Climate Change, Financial and Physical and Transition Risk Indicators, Green Bonds",Not Applicable,Not Applicable,Singapore Dollar,,,,,,,,,,,,,,,,,,,,,,,,,,,,,0.0037566
World,,WLD,Cumulative Green Bond Issuances by Type of Currency,Billion US Dollars,Refinitiv; Country authorities; IMF staff calculations.,ECFF,Green Bonds,"Environment, Climate Change, Financial and Physical and Transition Risk Indicators, Green Bonds",Not Applicable,Not Applicable,Singapore Dollar,,,,,,,,,,,,,,,,,,,,,,,,,,,,,8.580949
World,,WLD,Cumulative Green Bond Issuances by Type of Currency,Share,Refinitiv; Country authorities; IMF staff calculations.,ECFF,Green Bonds,"Environment, Climate Change, Financial and Physical and Transition Risk Indicators, Green Bonds",Not Applicable,Not Applicable,South African Rand,,,,,,,,,,,,,,,,,,,,,,,,,,,,,0.000734
World,,WLD,Cumulative Green Bond Issuances by Type of Currency,Billion US Dollars,Refinitiv; Country authorities; IMF staff calculations.,ECFF,Green Bonds,"Environment, Climate Change, Financial and Physical and Transition Risk Indicators, Green Bonds",Not Applicable,Not Applicable,South African Rand,,,,,,,,,,,,,,,,,,,,,,,,,,,,,1.676632
World,,WLD,Cumulative Green Bond Issuances by Type of Currency,Share,Refinitiv; Country authorities; IMF staff calculations.,ECFF,Green Bonds,"Environment, Climate Change, Financial and Physical and Transition Risk Indicators, Green Bonds",Not Applicable,Not Applicable,South Korean Won,,,,,,,,,,,,,,,,,,,,,,,,,,,,,0.0067118
World,,WLD,Cumulative Green Bond Issuances by Type of Currency,Billion US Dollars,Refinitiv; Country authorities; IMF staff calculations.,ECFF,Green Bonds,"Environment, Climate Change, Financial and Physical and Transition Risk Indicators, Green Bonds",Not Applicable,Not Applicable,South Korean Won,,,,,,,,,,,,,,,,,,,,,,,,,,,,,15.33138
World,,WLD,Cumulative Green Bond Issuances by Type of Currency,Share,Refinitiv; Country authorities; IMF staff calculations.,ECFF,Green Bonds,"Environment, Climate Change, Financial and Physical and Transition Risk Indicators, Green Bonds",Not Applicable,Not Applicable,Sri Lankan Rupee,,,,,,,,,,,,,,,,,,,,,,,,,,,,,1.75e-06
World,,WLD,Cumulative Green Bond Issuances by Type of Currency,Billion US Dollars,Refinitiv; Country authorities; IMF staff calculations.,ECFF,Green Bonds,"Environment, Climate Change, Financial and Physical and Transition Risk Indicators, Green Bonds",Not Applicable,Not Applicable,Sri Lankan Rupee,,,,,,,,,,,,,,,,,,,,,,,,,,,,,0.0039937
World,,WLD,Cumulative Green Bond Issuances by Type of Currency,Share,Refinitiv; Country authorities; IMF staff calculations.,ECFF,Green Bonds,"Environment, Climate Change, Financial and Physical and Transition Risk Indicators, Green Bonds",Not Applicable,Not Applicable,Swedish Krona,,,,,,,,,,,,,,,,,,,,,,,,,,,,,0.0320843
World,,WLD,Cumulative Green Bond Issuances by Type of Currency,Billion US Dollars,Refinitiv; Country authorities; IMF staff calculations.,ECFF,Green Bonds,"Environment, Climate Change, Financial and Physical and Transition Risk Indicators, Green Bonds",Not Applicable,Not Applicable,Swedish Krona,,,,,,,,,,,,,,,,,,,,,,,,,,,,,73.28773
World,,WLD,Cumulative Green Bond Issuances by Type of Currency,Share,Refinitiv; Country authorities; IMF staff calculations.,ECFF,Green Bonds,"Environment, Climate Change, Financial and Physical and Transition Risk Indicators, Green Bonds",Not Applicable,Not Applicable,Swiss Franc,,,,,,,,,,,,,,,,,,,,,,,,,,,,,0.0098143
World,,WLD,Cumulative Green Bond Issuances by Type of Currency,Billion US Dollars,Refinitiv; Country authorities; IMF staff calculations.,ECFF,Green Bonds,"Environment, Climate Change, Financial and Physical and Transition Risk Indicators, Green Bonds",Not Applicable,Not Applicable,Swiss Franc,,,,,,,,,,,,,,,,,,,,,,,,,,,,,22.4182
World,,WLD,Cumulative Green Bond Issuances by Type of Currency,Share,Refinitiv; Country authorities; IMF staff calculations.,ECFF,Green Bonds,"Environment, Climate Change, Financial and Physical and Transition Risk Indicators, Green Bonds",Not Applicable,Not Applicable,Taiwanese Dollar,,,,,,,,,,,,,,,,,,,,,,,,,,,,,0.0029853
World,,WLD,Cumulative Green Bond Issuances by Type of Currency,Billion US Dollars,Refinitiv; Country authorities; IMF staff calculations.,ECFF,Green Bonds,"Environment, Climate Change, Financial and Physical and Transition Risk Indicators, Green Bonds",Not Applicable,Not Applicable,Taiwanese Dollar,,,,,,,,,,,,,,,,,,,,,,,,,,,,,6.818996
World,,WLD,Cumulative Green Bond Issuances by Type of Currency,Share,Refinitiv; Country authorities; IMF staff calculations.,ECFF,Green Bonds,"Environment, Climate Change, Financial and Physical and Transition Risk Indicators, Green Bonds",Not Applicable,Not Applicable,Thai Baht,,,,,,,,,,,,,,,,,,,,,,,,,,,,,0.0014398
World,,WLD,Cumulative Green Bond Issuances by Type of Currency,Billion US Dollars,Refinitiv; Country authorities; IMF staff calculations.,ECFF,Green Bonds,"Environment, Climate Change, Financial and Physical and Transition Risk Indicators, Green Bonds",Not Applicable,Not Applicable,Thai Baht,,,,,,,,,,,,,,,,,,,,,,,,,,,,,3.288828
World,,WLD,Cumulative Green Bond Issuances by Type of Currency,Share,Refinitiv; Country authorities; IMF staff calculations.,ECFF,Green Bonds,"Environment, Climate Change, Financial and Physical and Transition Risk Indicators, Green Bonds",Not Applicable,Not Applicable,Turkish Lira,,,,,,,,,,,,,,,,,,,,,,,,,,,,,9.02e-05
World,,WLD,Cumulative Green Bond Issuances by Type of Currency,Billion US Dollars,Refinitiv; Country authorities; IMF staff calculations.,ECFF,Green Bonds,"Environment, Climate Change, Financial and Physical and Transition Risk Indicators, Green Bonds",Not Applicable,Not Applicable,Turkish Lira,,,,,,,,,,,,,,,,,,,,,,,,,,,,,0.2059512
World,,WLD,Cumulative Green Bond Issuances by Type of Currency,Share,Refinitiv; Country authorities; IMF staff calculations.,ECFF,Green Bonds,"Environment, Climate Change, Financial and Physical and Transition Risk Indicators, Green Bonds",Not Applicable,Not Applicable,Ukrainian Hryvnia,,,,,,,,,,,,,,,,,,,,,,,,,,,,,6.82e-06
World,,WLD,Cumulative Green Bond Issuances by Type of Currency,Billion US Dollars,Refinitiv; Country authorities; IMF staff calculations.,ECFF,Green Bonds,"Environment, Climate Change, Financial and Physical and Transition Risk Indicators, Green Bonds",Not Applicable,Not Applicable,Ukrainian Hryvnia,,,,,,,,,,,,,,,,,,,,,,,,,,,,,0.0155707
World,,WLD,Cumulative Green Bond Issuances by Type of Currency,Share,Refinitiv; Country authorities; IMF staff calculations.,ECFF,Green Bonds,"Environment, Climate Change, Financial and Physical and Transition Risk Indicators, Green Bonds",Not Applicable,Not Applicable,US Dollar,,,,,,,,,,,,,,,,,,,,,,,,,,,,,0.2537281
World,,WLD,Cumulative Green Bond Issuances by Type of Currency,Billion US Dollars,Refinitiv; Country authorities; IMF staff calculations.,ECFF,Green Bonds,"Environment, Climate Change, Financial and Physical and Transition Risk Indicators, Green Bonds",Not Applicable,Not Applicable,US Dollar,,,,,,,,,,,,,,,,,,,,,,,,,,,,,579.5726
World,,WLD,Cumulative Green Bond Issuances by Type of Currency,Share,Refinitiv; Country authorities; IMF staff calculations.,ECFF,Green Bonds,"Environment, Climate Change, Financial and Physical and Transition Risk Indicators, Green Bonds",Not Applicable,Not Applicable,Vietnamese Dong,,,,,,,,,,,,,,,,,,,,,,,,,,,,,6.98e-05
World,,WLD,Cumulative Green Bond Issuances by Type of Currency,Billion US Dollars,Refinitiv; Country authorities; IMF staff calculations.,ECFF,Green Bonds,"Environment, Climate Change, Financial and Physical and Transition Risk Indicators, Green Bonds",Not Applicable,Not Applicable,Vietnamese Dong,,,,,,,,,,,,,,,,,,,,,,,,,,,,,0.1594656
World,,WLD,Cumulative Green Bond Issuances by Use of Proceeds,Share,Refinitiv; Country authorities; IMF staff calculations.,ECFF,Green Bonds,"Environment, Climate Change, Financial and Physical and Transition Risk Indicators, Green Bonds",Not Applicable,Access to Essential Services,Not Applicable,,,,,,,,,,,,,,,,,,,,,,,,,,,,,0.0056156
World,,WLD,Cumulative Green Bond Issuances by Use of Proceeds,Billion US Dollars,Refinitiv; Country authorities; IMF staff calculations.,ECFF,Green Bonds,"Environment, Climate Change, Financial and Physical and Transition Risk Indicators, Green Bonds",Not Applicable,Access to Essential Services,Not Applicable,,,,,,,,,,,,,,,,,,,,,,,,,,,,,12.82738
World,,WLD,Cumulative Green Bond Issuances by Use of Proceeds,Share,Refinitiv; Country authorities; IMF staff calculations.,ECFF,Green Bonds,"Environment, Climate Change, Financial and Physical and Transition Risk Indicators, Green Bonds",Not Applicable,Acquiring and distribution of vaccine,Not Applicable,,,,,,,,,,,,,,,,,,,,,,,,,,,,,0.0001751
World,,WLD,Cumulative Green Bond Issuances by Use of Proceeds,Billion US Dollars,Refinitiv; Country authorities; IMF staff calculations.,ECFF,Green Bonds,"Environment, Climate Change, Financial and Physical and Transition Risk Indicators, Green Bonds",Not Applicable,Acquiring and distribution of vaccine,Not Applicable,,,,,,,,,,,,,,,,,,,,,,,,,,,,,0.4
World,,WLD,Cumulative Green Bond Issuances by Use of Proceeds,Share,Refinitiv; Country authorities; IMF staff calculations.,ECFF,Green Bonds,"Environment, Climate Change, Financial and Physical and Transition Risk Indicators, Green Bonds",Not Applicable,Acquisition,Not Applicable,,,,,,,,,,,,,,,,,,,,,,,,,,,,,0.0032373
World,,WLD,Cumulative Green Bond Issuances by Use of Proceeds,Billion US Dollars,Refinitiv; Country authorities; IMF staff calculations.,ECFF,Green Bonds,"Environment, Climate Change, Financial and Physical and Transition Risk Indicators, Green Bonds",Not Applicable,Acquisition,Not Applicable,,,,,,,,,,,,,,,,,,,,,,,,,,,,,7.394673
World,,WLD,Cumulative Green Bond Issuances by Use of Proceeds,Share,Refinitiv; Country authorities; IMF staff calculations.,ECFF,Green Bonds,"Environment, Climate Change, Financial and Physical and Transition Risk Indicators, Green Bonds",Not Applicable,Affordable Basic Infrastructure,Not Applicable,,,,,,,,,,,,,,,,,,,,,,,,,,,,,1.87e-05
World,,WLD,Cumulative Green Bond Issuances by Use of Proceeds,Billion US Dollars,Refinitiv; Country authorities; IMF staff calculations.,ECFF,Green Bonds,"Environment, Climate Change, Financial and Physical and Transition Risk Indicators, Green Bonds",Not Applicable,Affordable Basic Infrastructure,Not Applicable,,,,,,,,,,,,,,,,,,,,,,,,,,,,,0.0428026
World,,WLD,Cumulative Green Bond Issuances by Use of Proceeds,Share,Refinitiv; Country authorities; IMF staff calculations.,ECFF,Green Bonds,"Environment, Climate Change, Financial and Physical and Transition Risk Indicators, Green Bonds",Not Applicable,Agriculture,Not Applicable,,,,,,,,,,,,,,,,,,,,,,,,,,,,,0.0002201
World,,WLD,Cumulative Green Bond Issuances by Use of Proceeds,Billion US Dollars,Refinitiv; Country authorities; IMF staff calculations.,ECFF,Green Bonds,"Environment, Climate Change, Financial and Physical and Transition Risk Indicators, Green Bonds",Not Applicable,Agriculture,Not Applicable,,,,,,,,,,,,,,,,,,,,,,,,,,,,,0.5027738
World,,WLD,Cumulative Green Bond Issuances by Use of Proceeds,Share,Refinitiv; Country authorities; IMF staff calculations.,ECFF,Green Bonds,"Environment, Climate Change, Financial and Physical and Transition Risk Indicators, Green Bonds",Not Applicable,Alternative Energy,Not Applicable,,,,,,,,,,,,,,,,,,,,,,,,,,,,,0.0112562
World,,WLD,Cumulative Green Bond Issuances by Use of Proceeds,Billion US Dollars,Refinitiv; Country authorities; IMF staff calculations.,ECFF,Green Bonds,"Environment, Climate Change, Financial and Physical and Transition Risk Indicators, Green Bonds",Not Applicable,Alternative Energy,Not Applicable,,,,,,,,,,,,,,,,,,,,,,,,,,,,,25.71169
World,,WLD,Cumulative Green Bond Issuances by Use of Proceeds,Share,Refinitiv; Country authorities; IMF staff calculations.,ECFF,Green Bonds,"Environment, Climate Change, Financial and Physical and Transition Risk Indicators, Green Bonds",Not Applicable,Aquatic Biodiversity Conservation,Not Applicable,,,,,,,,,,,,,,,,,,,,,,,,,,,,,0.0331341
World,,WLD,Cumulative Green Bond Issuances by Use of Proceeds,Billion US Dollars,Refinitiv; Country authorities; IMF staff calculations.,ECFF,Green Bonds,"Environment, Climate Change, Financial and Physical and Transition Risk Indicators, Green Bonds",Not Applicable,Aquatic Biodiversity Conservation,Not Applicable,,,,,,,,,,,,,,,,,,,,,,,,,,,,,75.6857
World,,WLD,Cumulative Green Bond Issuances by Use of Proceeds,Share,Refinitiv; Country authorities; IMF staff calculations.,ECFF,Green Bonds,"Environment, Climate Change, Financial and Physical and Transition Risk Indicators, Green Bonds",Not Applicable,Capital expenditure,Not Applicable,,,,,,,,,,,,,,,,,,,,,,,,,,,,,0.0006567
World,,WLD,Cumulative Green Bond Issuances by Use of Proceeds,Billion US Dollars,Refinitiv; Country authorities; IMF staff calculations.,ECFF,Green Bonds,"Environment, Climate Change, Financial and Physical and Transition Risk Indicators, Green Bonds",Not Applicable,Capital expenditure,Not Applicable,,,,,,,,,,,,,,,,,,,,,,,,,,,,,1.5
World,,WLD,Cumulative Green Bond Issuances by Use of Proceeds,Share,Refinitiv; Country authorities; IMF staff calculations.,ECFF,Green Bonds,"Environment, Climate Change, Financial and Physical and Transition Risk Indicators, Green Bonds",Not Applicable,Capital expenditure/Financing expenses,Not Applicable,,,,,,,,,,,,,,,,,,,,,,,,,,,,,0.0007941
World,,WLD,Cumulative Green Bond Issuances by Use of Proceeds,Billion US Dollars,Refinitiv; Country authorities; IMF staff calculations.,ECFF,Green Bonds,"Environment, Climate Change, Financial and Physical and Transition Risk Indicators, Green Bonds",Not Applicable,Capital expenditure/Financing expenses,Not Applicable,,,,,,,,,,,,,,,,,,,,,,,,,,,,,1.813805
World,,WLD,Cumulative Green Bond Issuances by Use of Proceeds,Share,Refinitiv; Country authorities; IMF staff calculations.,ECFF,Green Bonds,"Environment, Climate Change, Financial and Physical and Transition Risk Indicators, Green Bonds",Not Applicable,Carbon reduction through reforestation and avoided deforestation,Not Applicable,,,,,,,,,,,,,,,,,,,,,,,,,,,,,0.0021804
World,,WLD,Cumulative Green Bond Issuances by Use of Proceeds,Billion US Dollars,Refinitiv; Country authorities; IMF staff calculations.,ECFF,Green Bonds,"Environment, Climate Change, Financial and Physical and Transition Risk Indicators, Green Bonds",Not Applicable,Carbon reduction through reforestation and avoided deforestation,Not Applicable,,,,,,,,,,,,,,,,,,,,,,,,,,,,,4.980629
World,,WLD,Cumulative Green Bond Issuances by Use of Proceeds,Share,Refinitiv; Country authorities; IMF staff calculations.,ECFF,Green Bonds,"Environment, Climate Change, Financial and Physical and Transition Risk Indicators, Green Bonds",Not Applicable,China Urban Construction,Not Applicable,,,,,,,,,,,,,,,,,,,,,,,,,,,,,0.001464
World,,WLD,Cumulative Green Bond Issuances by Use of Proceeds,Billion US Dollars,Refinitiv; Country authorities; IMF staff calculations.,ECFF,Green Bonds,"Environment, Climate Change, Financial and Physical and Transition Risk Indicators, Green Bonds",Not Applicable,China Urban Construction,Not Applicable,,,,,,,,,,,,,,,,,,,,,,,,,,,,,3.344133
World,,WLD,Cumulative Green Bond Issuances by Use of Proceeds,Share,Refinitiv; Country authorities; IMF staff calculations.,ECFF,Green Bonds,"Environment, Climate Change, Financial and Physical and Transition Risk Indicators, Green Bonds",Not Applicable,"Circular Economy Adapted/Eco-efficient Products, Production Technologies/Processes",Not Applicable,,,,,,,,,,,,,,,,,,,,,,,,,,,,,0.01469
World,,WLD,Cumulative Green Bond Issuances by Use of Proceeds,Billion US Dollars,Refinitiv; Country authorities; IMF staff calculations.,ECFF,Green Bonds,"Environment, Climate Change, Financial and Physical and Transition Risk Indicators, Green Bonds",Not Applicable,"Circular Economy Adapted/Eco-efficient Products, Production Technologies/Processes",Not Applicable,,,,,,,,,,,,,,,,,,,,,,,,,,,,,33.55537
World,,WLD,Cumulative Green Bond Issuances by Use of Proceeds,Share,Refinitiv; Country authorities; IMF staff calculations.,ECFF,Green Bonds,"Environment, Climate Change, Financial and Physical and Transition Risk Indicators, Green Bonds",Not Applicable,Clean Transport,Not Applicable,,,,,,,,,,,,,,,,,,,,,,,,,,,,,0.3648469
World,,WLD,Cumulative Green Bond Issuances by Use of Proceeds,Billion US Dollars,Refinitiv; Country authorities; IMF staff calculations.,ECFF,Green Bonds,"Environment, Climate Change, Financial and Physical and Transition Risk Indicators, Green Bonds",Not Applicable,Clean Transport,Not Applicable,,,,,,,,,,,,,,,,,,,,,,,,,,,,,833.3931
World,,WLD,Cumulative Green Bond Issuances by Use of Proceeds,Share,Refinitiv; Country authorities; IMF staff calculations.,ECFF,Green Bonds,"Environment, Climate Change, Financial and Physical and Transition Risk Indicators, Green Bonds",Not Applicable,Climate Change Adaptation,Not Applicable,,,,,,,,,,,,,,,,,,,,,,,,,,,,,0.1212421
World,,WLD,Cumulative Green Bond Issuances by Use of Proceeds,Billion US Dollars,Refinitiv; Country authorities; IMF staff calculations.,ECFF,Green Bonds,"Environment, Climate Change, Financial and Physical and Transition Risk Indicators, Green Bonds",Not Applicable,Climate Change Adaptation,Not Applicable,,,,,,,,,,,,,,,,,,,,,,,,,,,,,276.9445
World,,WLD,Cumulative Green Bond Issuances by Use of Proceeds,Share,Refinitiv; Country authorities; IMF staff calculations.,ECFF,Green Bonds,"Environment, Climate Change, Financial and Physical and Transition Risk Indicators, Green Bonds",Not Applicable,E-education programs - Education Projects,Not Applicable,,,,,,,,,,,,,,,,,,,,,,,,,,,,,0.0002322
World,,WLD,Cumulative Green Bond Issuances by Use of Proceeds,Billion US Dollars,Refinitiv; Country authorities; IMF staff calculations.,ECFF,Green Bonds,"Environment, Climate Change, Financial and Physical and Transition Risk Indicators, Green Bonds",Not Applicable,E-education programs - Education Projects,Not Applicable,,,,,,,,,,,,,,,,,,,,,,,,,,,,,0.5303521
World,,WLD,Cumulative Green Bond Issuances by Use of Proceeds,Share,Refinitiv; Country authorities; IMF staff calculations.,ECFF,Green Bonds,"Environment, Climate Change, Financial and Physical and Transition Risk Indicators, Green Bonds",Not Applicable,Economic Development,Not Applicable,,,,,,,,,,,,,,,,,,,,,,,,,,,,,6.43e-05
World,,WLD,Cumulative Green Bond Issuances by Use of Proceeds,Billion US Dollars,Refinitiv; Country authorities; IMF staff calculations.,ECFF,Green Bonds,"Environment, Climate Change, Financial and Physical and Transition Risk Indicators, Green Bonds",Not Applicable,Economic Development,Not Applicable,,,,,,,,,,,,,,,,,,,,,,,,,,,,,0.1468429
World,,WLD,Cumulative Green Bond Issuances by Use of Proceeds,Share,Refinitiv; Country authorities; IMF staff calculations.,ECFF,Green Bonds,"Environment, Climate Change, Financial and Physical and Transition Risk Indicators, Green Bonds",Not Applicable,Electric & Public Power,Not Applicable,,,,,,,,,,,,,,,,,,,,,,,,,,,,,0.0007937
World,,WLD,Cumulative Green Bond Issuances by Use of Proceeds,Billion US Dollars,Refinitiv; Country authorities; IMF staff calculations.,ECFF,Green Bonds,"Environment, Climate Change, Financial and Physical and Transition Risk Indicators, Green Bonds",Not Applicable,Electric & Public Power,Not Applicable,,,,,,,,,,,,,,,,,,,,,,,,,,,,,1.813023
World,,WLD,Cumulative Green Bond Issuances by Use of Proceeds,Share,Refinitiv; Country authorities; IMF staff calculations.,ECFF,Green Bonds,"Environment, Climate Change, Financial and Physical and Transition Risk Indicators, Green Bonds",Not Applicable,Eligible Green Projects,Not Applicable,,,,,,,,,,,,,,,,,,,,,,,,,,,,,0.0893121
World,,WLD,Cumulative Green Bond Issuances by Use of Proceeds,Billion US Dollars,Refinitiv; Country authorities; IMF staff calculations.,ECFF,Green Bonds,"Environment, Climate Change, Financial and Physical and Transition Risk Indicators, Green Bonds",Not Applicable,Eligible Green Projects,Not Applicable,,,,,,,,,,,,,,,,,,,,,,,,,,,,,204.0091
World,,WLD,Cumulative Green Bond Issuances by Use of Proceeds,Share,Refinitiv; Country authorities; IMF staff calculations.,ECFF,Green Bonds,"Environment, Climate Change, Financial and Physical and Transition Risk Indicators, Green Bonds",Not Applicable,Employee stock ownership plan,Not Applicable,,,,,,,,,,,,,,,,,,,,,,,,,,,,,9.07e-05
World,,WLD,Cumulative Green Bond Issuances by Use of Proceeds,Billion US Dollars,Refinitiv; Country authorities; IMF staff calculations.,ECFF,Green Bonds,"Environment, Climate Change, Financial and Physical and Transition Risk Indicators, Green Bonds",Not Applicable,Employee stock ownership plan,Not Applicable,,,,,,,,,,,,,,,,,,,,,,,,,,,,,0.2071852
World,,WLD,Cumulative Green Bond Issuances by Use of Proceeds,Share,Refinitiv; Country authorities; IMF staff calculations.,ECFF,Green Bonds,"Environment, Climate Change, Financial and Physical and Transition Risk Indicators, Green Bonds",Not Applicable,Energy Efficiency,Not Applicable,,,,,,,,,,,,,,,,,,,,,,,,,,,,,0.2100855
World,,WLD,Cumulative Green Bond Issuances by Use of Proceeds,Billion US Dollars,Refinitiv; Country authorities; IMF staff calculations.,ECFF,Green Bonds,"Environment, Climate Change, Financial and Physical and Transition Risk Indicators, Green Bonds",Not Applicable,Energy Efficiency,Not Applicable,,,,,,,,,,,,,,,,,,,,,,,,,,,,,479.883
World,,WLD,Cumulative Green Bond Issuances by Use of Proceeds,Share,Refinitiv; Country authorities; IMF staff calculations.,ECFF,Green Bonds,"Environment, Climate Change, Financial and Physical and Transition Risk Indicators, Green Bonds",Not Applicable,Environmental Protection Projects,Not Applicable,,,,,,,,,,,,,,,,,,,,,,,,,,,,,0.001825
World,,WLD,Cumulative Green Bond Issuances by Use of Proceeds,Billion US Dollars,Refinitiv; Country authorities; IMF staff calculations.,ECFF,Green Bonds,"Environment, Climate Change, Financial and Physical and Transition Risk Indicators, Green Bonds",Not Applicable,Environmental Protection Projects,Not Applicable,,,,,,,,,,,,,,,,,,,,,,,,,,,,,4.168824
World,,WLD,Cumulative Green Bond Issuances by Use of Proceeds,Share,Refinitiv; Country authorities; IMF staff calculations.,ECFF,Green Bonds,"Environment, Climate Change, Financial and Physical and Transition Risk Indicators, Green Bonds",Not Applicable,Environmentally Sustainable Products,Not Applicable,,,,,,,,,,,,,,,,,,,,,,,,,,,,,0.0007233
World,,WLD,Cumulative Green Bond Issuances by Use of Proceeds,Billion US Dollars,Refinitiv; Country authorities; IMF staff calculations.,ECFF,Green Bonds,"Environment, Climate Change, Financial and Physical and Transition Risk Indicators, Green Bonds",Not Applicable,Environmentally Sustainable Products,Not Applicable,,,,,,,,,,,,,,,,,,,,,,,,,,,,,1.65215
World,,WLD,Cumulative Green Bond Issuances by Use of Proceeds,Share,Refinitiv; Country authorities; IMF staff calculations.,ECFF,Green Bonds,"Environment, Climate Change, Financial and Physical and Transition Risk Indicators, Green Bonds",Not Applicable,Equipment Upgrade/Construction,Not Applicable,,,,,,,,,,,,,,,,,,,,,,,,,,,,,0.0002185
World,,WLD,Cumulative Green Bond Issuances by Use of Proceeds,Billion US Dollars,Refinitiv; Country authorities; IMF staff calculations.,ECFF,Green Bonds,"Environment, Climate Change, Financial and Physical and Transition Risk Indicators, Green Bonds",Not Applicable,Equipment Upgrade/Construction,Not Applicable,,,,,,,,,,,,,,,,,,,,,,,,,,,,,0.4991167
World,,WLD,Cumulative Green Bond Issuances by Use of Proceeds,Share,Refinitiv; Country authorities; IMF staff calculations.,ECFF,Green Bonds,"Environment, Climate Change, Financial and Physical and Transition Risk Indicators, Green Bonds",Not Applicable,Financing of Subordinated Loan,Not Applicable,,,,,,,,,,,,,,,,,,,,,,,,,,,,,0.0001959
World,,WLD,Cumulative Green Bond Issuances by Use of Proceeds,Billion US Dollars,Refinitiv; Country authorities; IMF staff calculations.,ECFF,Green Bonds,"Environment, Climate Change, Financial and Physical and Transition Risk Indicators, Green Bonds",Not Applicable,Financing of Subordinated Loan,Not Applicable,,,,,,,,,,,,,,,,,,,,,,,,,,,,,0.4475129
World,,WLD,Cumulative Green Bond Issuances by Use of Proceeds,Share,Refinitiv; Country authorities; IMF staff calculations.,ECFF,Green Bonds,"Environment, Climate Change, Financial and Physical and Transition Risk Indicators, Green Bonds",Not Applicable,Funding new technologies to reduce GHS emissions,Not Applicable,,,,,,,,,,,,,,,,,,,,,,,,,,,,,0.0001697
World,,WLD,Cumulative Green Bond Issuances by Use of Proceeds,Billion US Dollars,Refinitiv; Country authorities; IMF staff calculations.,ECFF,Green Bonds,"Environment, Climate Change, Financial and Physical and Transition Risk Indicators, Green Bonds",Not Applicable,Funding new technologies to reduce GHS emissions,Not Applicable,,,,,,,,,,,,,,,,,,,,,,,,,,,,,0.3875396
World,,WLD,Cumulative Green Bond Issuances by Use of Proceeds,Share,Refinitiv; Country authorities; IMF staff calculations.,ECFF,Green Bonds,"Environment, Climate Change, Financial and Physical and Transition Risk Indicators, Green Bonds",Not Applicable,Gas,Not Applicable,,,,,,,,,,,,,,,,,,,,,,,,,,,,,0.0002774
World,,WLD,Cumulative Green Bond Issuances by Use of Proceeds,Billion US Dollars,Refinitiv; Country authorities; IMF staff calculations.,ECFF,Green Bonds,"Environment, Climate Change, Financial and Physical and Transition Risk Indicators, Green Bonds",Not Applicable,Gas,Not Applicable,,,,,,,,,,,,,,,,,,,,,,,,,,,,,0.6337318
World,,WLD,Cumulative Green Bond Issuances by Use of Proceeds,Share,Refinitiv; Country authorities; IMF staff calculations.,ECFF,Green Bonds,"Environment, Climate Change, Financial and Physical and Transition Risk Indicators, Green Bonds",Not Applicable,General Purpose,Not Applicable,,,,,,,,,,,,,,,,,,,,,,,,,,,,,0.0041381
World,,WLD,Cumulative Green Bond Issuances by Use of Proceeds,Billion US Dollars,Refinitiv; Country authorities; IMF staff calculations.,ECFF,Green Bonds,"Environment, Climate Change, Financial and Physical and Transition Risk Indicators, Green Bonds",Not Applicable,General Purpose,Not Applicable,,,,,,,,,,,,,,,,,,,,,,,,,,,,,9.452381
World,,WLD,Cumulative Green Bond Issuances by Use of Proceeds,Share,Refinitiv; Country authorities; IMF staff calculations.,ECFF,Green Bonds,"Environment, Climate Change, Financial and Physical and Transition Risk Indicators, Green Bonds",Not Applicable,General Purpose/Acquisition,Not Applicable,,,,,,,,,,,,,,,,,,,,,,,,,,,,,5.24e-07
World,,WLD,Cumulative Green Bond Issuances by Use of Proceeds,Billion US Dollars,Refinitiv; Country authorities; IMF staff calculations.,ECFF,Green Bonds,"Environment, Climate Change, Financial and Physical and Transition Risk Indicators, Green Bonds",Not Applicable,General Purpose/Acquisition,Not Applicable,,,,,,,,,,,,,,,,,,,,,,,,,,,,,0.001197
World,,WLD,Cumulative Green Bond Issuances by Use of Proceeds,Share,Refinitiv; Country authorities; IMF staff calculations.,ECFF,Green Bonds,"Environment, Climate Change, Financial and Physical and Transition Risk Indicators, Green Bonds",Not Applicable,General Purpose/Refinance,Not Applicable,,,,,,,,,,,,,,,,,,,,,,,,,,,,,0.0004268
World,,WLD,Cumulative Green Bond Issuances by Use of Proceeds,Billion US Dollars,Refinitiv; Country authorities; IMF staff calculations.,ECFF,Green Bonds,"Environment, Climate Change, Financial and Physical and Transition Risk Indicators, Green Bonds",Not Applicable,General Purpose/Refinance,Not Applicable,,,,,,,,,,,,,,,,,,,,,,,,,,,,,0.974993
World,,WLD,Cumulative Green Bond Issuances by Use of Proceeds,Share,Refinitiv; Country authorities; IMF staff calculations.,ECFF,Green Bonds,"Environment, Climate Change, Financial and Physical and Transition Risk Indicators, Green Bonds",Not Applicable,General Purpose/Working Capital,Not Applicable,,,,,,,,,,,,,,,,,,,,,,,,,,,,,6.7e-05
World,,WLD,Cumulative Green Bond Issuances by Use of Proceeds,Billion US Dollars,Refinitiv; Country authorities; IMF staff calculations.,ECFF,Green Bonds,"Environment, Climate Change, Financial and Physical and Transition Risk Indicators, Green Bonds",Not Applicable,General Purpose/Working Capital,Not Applicable,,,,,,,,,,,,,,,,,,,,,,,,,,,,,0.1529794
World,,WLD,Cumulative Green Bond Issuances by Use of Proceeds,Share,Refinitiv; Country authorities; IMF staff calculations.,ECFF,Green Bonds,"Environment, Climate Change, Financial and Physical and Transition Risk Indicators, Green Bonds",Not Applicable,Green Construction/Buildings,Not Applicable,,,,,,,,,,,,,,,,,,,,,,,,,,,,,0.055702
World,,WLD,Cumulative Green Bond Issuances by Use of Proceeds,Billion US Dollars,Refinitiv; Country authorities; IMF staff calculations.,ECFF,Green Bonds,"Environment, Climate Change, Financial and Physical and Transition Risk Indicators, Green Bonds",Not Applicable,Green Construction/Buildings,Not Applicable,,,,,,,,,,,,,,,,,,,,,,,,,,,,,127.236
World,,WLD,Cumulative Green Bond Issuances by Use of Proceeds,Share,Refinitiv; Country authorities; IMF staff calculations.,ECFF,Green Bonds,"Environment, Climate Change, Financial and Physical and Transition Risk Indicators, Green Bonds",Not Applicable,Higher Education,Not Applicable,,,,,,,,,,,,,,,,,,,,,,,,,,,,,6.63e-05
World,,WLD,Cumulative Green Bond Issuances by Use of Proceeds,Billion US Dollars,Refinitiv; Country authorities; IMF staff calculations.,ECFF,Green Bonds,"Environment, Climate Change, Financial and Physical and Transition Risk Indicators, Green Bonds",Not Applicable,Higher Education,Not Applicable,,,,,,,,,,,,,,,,,,,,,,,,,,,,,0.1514041
World,,WLD,Cumulative Green Bond Issuances by Use of Proceeds,Share,Refinitiv; Country authorities; IMF staff calculations.,ECFF,Green Bonds,"Environment, Climate Change, Financial and Physical and Transition Risk Indicators, Green Bonds",Not Applicable,Industrial Development,Not Applicable,,,,,,,,,,,,,,,,,,,,,,,,,,,,,2.72e-05
World,,WLD,Cumulative Green Bond Issuances by Use of Proceeds,Billion US Dollars,Refinitiv; Country authorities; IMF staff calculations.,ECFF,Green Bonds,"Environment, Climate Change, Financial and Physical and Transition Risk Indicators, Green Bonds",Not Applicable,Industrial Development,Not Applicable,,,,,,,,,,,,,,,,,,,,,,,,,,,,,0.0622269
World,,WLD,Cumulative Green Bond Issuances by Use of Proceeds,Share,Refinitiv; Country authorities; IMF staff calculations.,ECFF,Green Bonds,"Environment, Climate Change, Financial and Physical and Transition Risk Indicators, Green Bonds",Not Applicable,Infrastructure,Not Applicable,,,,,,,,,,,,,,,,,,,,,,,,,,,,,0.0006245
World,,WLD,Cumulative Green Bond Issuances by Use of Proceeds,Billion US Dollars,Refinitiv; Country authorities; IMF staff calculations.,ECFF,Green Bonds,"Environment, Climate Change, Financial and Physical and Transition Risk Indicators, Green Bonds",Not Applicable,Infrastructure,Not Applicable,,,,,,,,,,,,,,,,,,,,,,,,,,,,,1.426406
World,,WLD,Cumulative Green Bond Issuances by Use of Proceeds,Share,Refinitiv; Country authorities; IMF staff calculations.,ECFF,Green Bonds,"Environment, Climate Change, Financial and Physical and Transition Risk Indicators, Green Bonds",Not Applicable,Land Preservation,Not Applicable,,,,,,,,,,,,,,,,,,,,,,,,,,,,,0.0002412
World,,WLD,Cumulative Green Bond Issuances by Use of Proceeds,Billion US Dollars,Refinitiv; Country authorities; IMF staff calculations.,ECFF,Green Bonds,"Environment, Climate Change, Financial and Physical and Transition Risk Indicators, Green Bonds",Not Applicable,Land Preservation,Not Applicable,,,,,,,,,,,,,,,,,,,,,,,,,,,,,0.5509531
World,,WLD,Cumulative Green Bond Issuances by Use of Proceeds,Share,Refinitiv; Country authorities; IMF staff calculations.,ECFF,Green Bonds,"Environment, Climate Change, Financial and Physical and Transition Risk Indicators, Green Bonds",Not Applicable,Merger or Acquisition,Not Applicable,,,,,,,,,,,,,,,,,,,,,,,,,,,,,0.0005208
World,,WLD,Cumulative Green Bond Issuances by Use of Proceeds,Billion US Dollars,Refinitiv; Country authorities; IMF staff calculations.,ECFF,Green Bonds,"Environment, Climate Change, Financial and Physical and Transition Risk Indicators, Green Bonds",Not Applicable,Merger or Acquisition,Not Applicable,,,,,,,,,,,,,,,,,,,,,,,,,,,,,1.189538
World,,WLD,Cumulative Green Bond Issuances by Use of Proceeds,Share,Refinitiv; Country authorities; IMF staff calculations.,ECFF,Green Bonds,"Environment, Climate Change, Financial and Physical and Transition Risk Indicators, Green Bonds",Not Applicable,Other,Not Applicable,,,,,,,,,,,,,,,,,,,,,,,,,,,,,0.0001341
World,,WLD,Cumulative Green Bond Issuances by Use of Proceeds,Billion US Dollars,Refinitiv; Country authorities; IMF staff calculations.,ECFF,Green Bonds,"Environment, Climate Change, Financial and Physical and Transition Risk Indicators, Green Bonds",Not Applicable,Other,Not Applicable,,,,,,,,,,,,,,,,,,,,,,,,,,,,,0.3063186
World,,WLD,Cumulative Green Bond Issuances by Use of Proceeds,Share,Refinitiv; Country authorities; IMF staff calculations.,ECFF,Green Bonds,"Environment, Climate Change, Financial and Physical and Transition Risk Indicators, Green Bonds",Not Applicable,Other Education,Not Applicable,,,,,,,,,,,,,,,,,,,,,,,,,,,,,0.0032345
World,,WLD,Cumulative Green Bond Issuances by Use of Proceeds,Billion US Dollars,Refinitiv; Country authorities; IMF staff calculations.,ECFF,Green Bonds,"Environment, Climate Change, Financial and Physical and Transition Risk Indicators, Green Bonds",Not Applicable,Other Education,Not Applicable,,,,,,,,,,,,,,,,,,,,,,,,,,,,,7.388283
World,,WLD,Cumulative Green Bond Issuances by Use of Proceeds,Share,Refinitiv; Country authorities; IMF staff calculations.,ECFF,Green Bonds,"Environment, Climate Change, Financial and Physical and Transition Risk Indicators, Green Bonds",Not Applicable,Other Housing,Not Applicable,,,,,,,,,,,,,,,,,,,,,,,,,,,,,0.0007138
World,,WLD,Cumulative Green Bond Issuances by Use of Proceeds,Billion US Dollars,Refinitiv; Country authorities; IMF staff calculations.,ECFF,Green Bonds,"Environment, Climate Change, Financial and Physical and Transition Risk Indicators, Green Bonds",Not Applicable,Other Housing,Not Applicable,,,,,,,,,,,,,,,,,,,,,,,,,,,,,1.630424
World,,WLD,Cumulative Green Bond Issuances by Use of Proceeds,Share,Refinitiv; Country authorities; IMF staff calculations.,ECFF,Green Bonds,"Environment, Climate Change, Financial and Physical and Transition Risk Indicators, Green Bonds",Not Applicable,Other Public Service,Not Applicable,,,,,,,,,,,,,,,,,,,,,,,,,,,,,0.0003159
World,,WLD,Cumulative Green Bond Issuances by Use of Proceeds,Billion US Dollars,Refinitiv; Country authorities; IMF staff calculations.,ECFF,Green Bonds,"Environment, Climate Change, Financial and Physical and Transition Risk Indicators, Green Bonds",Not Applicable,Other Public Service,Not Applicable,,,,,,,,,,,,,,,,,,,,,,,,,,,,,0.721544
World,,WLD,Cumulative Green Bond Issuances by Use of Proceeds,Share,Refinitiv; Country authorities; IMF staff calculations.,ECFF,Green Bonds,"Environment, Climate Change, Financial and Physical and Transition Risk Indicators, Green Bonds",Not Applicable,Other Transportation,Not Applicable,,,,,,,,,,,,,,,,,,,,,,,,,,,,,0.0001895
World,,WLD,Cumulative Green Bond Issuances by Use of Proceeds,Billion US Dollars,Refinitiv; Country authorities; IMF staff calculations.,ECFF,Green Bonds,"Environment, Climate Change, Financial and Physical and Transition Risk Indicators, Green Bonds",Not Applicable,Other Transportation,Not Applicable,,,,,,,,,,,,,,,,,,,,,,,,,,,,,0.4328551
World,,WLD,Cumulative Green Bond Issuances by Use of Proceeds,Share,Refinitiv; Country authorities; IMF staff calculations.,ECFF,Green Bonds,"Environment, Climate Change, Financial and Physical and Transition Risk Indicators, Green Bonds",Not Applicable,Pandemic,Not Applicable,,,,,,,,,,,,,,,,,,,,,,,,,,,,,3.19e-05
World,,WLD,Cumulative Green Bond Issuances by Use of Proceeds,Billion US Dollars,Refinitiv; Country authorities; IMF staff calculations.,ECFF,Green Bonds,"Environment, Climate Change, Financial and Physical and Transition Risk Indicators, Green Bonds",Not Applicable,Pandemic,Not Applicable,,,,,,,,,,,,,,,,,,,,,,,,,,,,,0.0727802
World,,WLD,Cumulative Green Bond Issuances by Use of Proceeds,Share,Refinitiv; Country authorities; IMF staff calculations.,ECFF,Green Bonds,"Environment, Climate Change, Financial and Physical and Transition Risk Indicators, Green Bonds",Not Applicable,Pollution Control,Not Applicable,,,,,,,,,,,,,,,,,,,,,,,,,,,,,0.0001009
World,,WLD,Cumulative Green Bond Issuances by Use of Proceeds,Billion US Dollars,Refinitiv; Country authorities; IMF staff calculations.,ECFF,Green Bonds,"Environment, Climate Change, Financial and Physical and Transition Risk Indicators, Green Bonds",Not Applicable,Pollution Control,Not Applicable,,,,,,,,,,,,,,,,,,,,,,,,,,,,,0.2305721
World,,WLD,Cumulative Green Bond Issuances by Use of Proceeds,Share,Refinitiv; Country authorities; IMF staff calculations.,ECFF,Green Bonds,"Environment, Climate Change, Financial and Physical and Transition Risk Indicators, Green Bonds",Not Applicable,Pollution Prevention & Control,Not Applicable,,,,,,,,,,,,,,,,,,,,,,,,,,,,,0.0048788
World,,WLD,Cumulative Green Bond Issuances by Use of Proceeds,Billion US Dollars,Refinitiv; Country authorities; IMF staff calculations.,ECFF,Green Bonds,"Environment, Climate Change, Financial and Physical and Transition Risk Indicators, Green Bonds",Not Applicable,Pollution Prevention & Control,Not Applicable,,,,,,,,,,,,,,,,,,,,,,,,,,,,,11.14432
World,,WLD,Cumulative Green Bond Issuances by Use of Proceeds,Share,Refinitiv; Country authorities; IMF staff calculations.,ECFF,Green Bonds,"Environment, Climate Change, Financial and Physical and Transition Risk Indicators, Green Bonds",Not Applicable,Production/Supply of Cannabis,Not Applicable,,,,,,,,,,,,,,,,,,,,,,,,,,,,,4.25e-05
World,,WLD,Cumulative Green Bond Issuances by Use of Proceeds,Billion US Dollars,Refinitiv; Country authorities; IMF staff calculations.,ECFF,Green Bonds,"Environment, Climate Change, Financial and Physical and Transition Risk Indicators, Green Bonds",Not Applicable,Production/Supply of Cannabis,Not Applicable,,,,,,,,,,,,,,,,,,,,,,,,,,,,,0.0971005
World,,WLD,Cumulative Green Bond Issuances by Use of Proceeds,Share,Refinitiv; Country authorities; IMF staff calculations.,ECFF,Green Bonds,"Environment, Climate Change, Financial and Physical and Transition Risk Indicators, Green Bonds",Not Applicable,Project Finance,Not Applicable,,,,,,,,,,,,,,,,,,,,,,,,,,,,,0.0003444
World,,WLD,Cumulative Green Bond Issuances by Use of Proceeds,Billion US Dollars,Refinitiv; Country authorities; IMF staff calculations.,ECFF,Green Bonds,"Environment, Climate Change, Financial and Physical and Transition Risk Indicators, Green Bonds",Not Applicable,Project Finance,Not Applicable,,,,,,,,,,,,,,,,,,,,,,,,,,,,,0.786726
World,,WLD,Cumulative Green Bond Issuances by Use of Proceeds,Share,Refinitiv; Country authorities; IMF staff calculations.,ECFF,Green Bonds,"Environment, Climate Change, Financial and Physical and Transition Risk Indicators, Green Bonds",Not Applicable,Property Expendit (acquisit/development),Not Applicable,,,,,,,,,,,,,,,,,,,,,,,,,,,,,1.39e-05
World,,WLD,Cumulative Green Bond Issuances by Use of Proceeds,Billion US Dollars,Refinitiv; Country authorities; IMF staff calculations.,ECFF,Green Bonds,"Environment, Climate Change, Financial and Physical and Transition Risk Indicators, Green Bonds",Not Applicable,Property Expendit (acquisit/development),Not Applicable,,,,,,,,,,,,,,,,,,,,,,,,,,,,,0.0317249
World,,WLD,Cumulative Green Bond Issuances by Use of Proceeds,Share,Refinitiv; Country authorities; IMF staff calculations.,ECFF,Green Bonds,"Environment, Climate Change, Financial and Physical and Transition Risk Indicators, Green Bonds",Not Applicable,Redeem Existing Bonds or Securities,Not Applicable,,,,,,,,,,,,,,,,,,,,,,,,,,,,,0.0015463
World,,WLD,Cumulative Green Bond Issuances by Use of Proceeds,Billion US Dollars,Refinitiv; Country authorities; IMF staff calculations.,ECFF,Green Bonds,"Environment, Climate Change, Financial and Physical and Transition Risk Indicators, Green Bonds",Not Applicable,Redeem Existing Bonds or Securities,Not Applicable,,,,,,,,,,,,,,,,,,,,,,,,,,,,,3.532168
World,,WLD,Cumulative Green Bond Issuances by Use of Proceeds,Share,Refinitiv; Country authorities; IMF staff calculations.,ECFF,Green Bonds,"Environment, Climate Change, Financial and Physical and Transition Risk Indicators, Green Bonds",Not Applicable,Refinance/Financing expenses,Not Applicable,,,,,,,,,,,,,,,,,,,,,,,,,,,,,0.0012495
World,,WLD,Cumulative Green Bond Issuances by Use of Proceeds,Billion US Dollars,Refinitiv; Country authorities; IMF staff calculations.,ECFF,Green Bonds,"Environment, Climate Change, Financial and Physical and Transition Risk Indicators, Green Bonds",Not Applicable,Refinance/Financing expenses,Not Applicable,,,,,,,,,,,,,,,,,,,,,,,,,,,,,2.854121
World,,WLD,Cumulative Green Bond Issuances by Use of Proceeds,Share,Refinitiv; Country authorities; IMF staff calculations.,ECFF,Green Bonds,"Environment, Climate Change, Financial and Physical and Transition Risk Indicators, Green Bonds",Not Applicable,Renewable Energy Projects,Not Applicable,,,,,,,,,,,,,,,,,,,,,,,,,,,,,0.0474398
World,,WLD,Cumulative Green Bond Issuances by Use of Proceeds,Billion US Dollars,Refinitiv; Country authorities; IMF staff calculations.,ECFF,Green Bonds,"Environment, Climate Change, Financial and Physical and Transition Risk Indicators, Green Bonds",Not Applicable,Renewable Energy Projects,Not Applicable,,,,,,,,,,,,,,,,,,,,,,,,,,,,,108.3633
World,,WLD,Cumulative Green Bond Issuances by Use of Proceeds,Share,Refinitiv; Country authorities; IMF staff calculations.,ECFF,Green Bonds,"Environment, Climate Change, Financial and Physical and Transition Risk Indicators, Green Bonds",Not Applicable,Repay Bank Loan or Bridge Financing,Not Applicable,,,,,,,,,,,,,,,,,,,,,,,,,,,,,0.0001792
World,,WLD,Cumulative Green Bond Issuances by Use of Proceeds,Billion US Dollars,Refinitiv; Country authorities; IMF staff calculations.,ECFF,Green Bonds,"Environment, Climate Change, Financial and Physical and Transition Risk Indicators, Green Bonds",Not Applicable,Repay Bank Loan or Bridge Financing,Not Applicable,,,,,,,,,,,,,,,,,,,,,,,,,,,,,0.4093557
World,,WLD,Cumulative Green Bond Issuances by Use of Proceeds,Share,Refinitiv; Country authorities; IMF staff calculations.,ECFF,Green Bonds,"Environment, Climate Change, Financial and Physical and Transition Risk Indicators, Green Bonds",Not Applicable,Repay Intercompany Debt,Not Applicable,,,,,,,,,,,,,,,,,,,,,,,,,,,,,8.74e-05
World,,WLD,Cumulative Green Bond Issuances by Use of Proceeds,Billion US Dollars,Refinitiv; Country authorities; IMF staff calculations.,ECFF,Green Bonds,"Environment, Climate Change, Financial and Physical and Transition Risk Indicators, Green Bonds",Not Applicable,Repay Intercompany Debt,Not Applicable,,,,,,,,,,,,,,,,,,,,,,,,,,,,,0.1996697
World,,WLD,Cumulative Green Bond Issuances by Use of Proceeds,Share,Refinitiv; Country authorities; IMF staff calculations.,ECFF,Green Bonds,"Environment, Climate Change, Financial and Physical and Transition Risk Indicators, Green Bonds",Not Applicable,Ship finance,Not Applicable,,,,,,,,,,,,,,,,,,,,,,,,,,,,,6.29e-05
World,,WLD,Cumulative Green Bond Issuances by Use of Proceeds,Billion US Dollars,Refinitiv; Country authorities; IMF staff calculations.,ECFF,Green Bonds,"Environment, Climate Change, Financial and Physical and Transition Risk Indicators, Green Bonds",Not Applicable,Ship finance,Not Applicable,,,,,,,,,,,,,,,,,,,,,,,,,,,,,0.1435662
World,,WLD,Cumulative Green Bond Issuances by Use of Proceeds,Share,Refinitiv; Country authorities; IMF staff calculations.,ECFF,Green Bonds,"Environment, Climate Change, Financial and Physical and Transition Risk Indicators, Green Bonds",Not Applicable,Social Housing/Affordable Housing,Not Applicable,,,,,,,,,,,,,,,,,,,,,,,,,,,,,0.0001286
World,,WLD,Cumulative Green Bond Issuances by Use of Proceeds,Billion US Dollars,Refinitiv; Country authorities; IMF staff calculations.,ECFF,Green Bonds,"Environment, Climate Change, Financial and Physical and Transition Risk Indicators, Green Bonds",Not Applicable,Social Housing/Affordable Housing,Not Applicable,,,,,,,,,,,,,,,,,,,,,,,,,,,,,0.2936858
World,,WLD,Cumulative Green Bond Issuances by Use of Proceeds,Share,Refinitiv; Country authorities; IMF staff calculations.,ECFF,Green Bonds,"Environment, Climate Change, Financial and Physical and Transition Risk Indicators, Green Bonds",Not Applicable,Socioeconomic Advancement And Empowerment,Not Applicable,,,,,,,,,,,,,,,,,,,,,,,,,,,,,6.31e-05
World,,WLD,Cumulative Green Bond Issuances by Use of Proceeds,Billion US Dollars,Refinitiv; Country authorities; IMF staff calculations.,ECFF,Green Bonds,"Environment, Climate Change, Financial and Physical and Transition Risk Indicators, Green Bonds",Not Applicable,Socioeconomic Advancement And Empowerment,Not Applicable,,,,,,,,,,,,,,,,,,,,,,,,,,,,,0.1440299
World,,WLD,Cumulative Green Bond Issuances by Use of Proceeds,Share,Refinitiv; Country authorities; IMF staff calculations.,ECFF,Green Bonds,"Environment, Climate Change, Financial and Physical and Transition Risk Indicators, Green Bonds",Not Applicable,Solar projects,Not Applicable,,,,,,,,,,,,,,,,,,,,,,,,,,,,,0.0002345
World,,WLD,Cumulative Green Bond Issuances by Use of Proceeds,Billion US Dollars,Refinitiv; Country authorities; IMF staff calculations.,ECFF,Green Bonds,"Environment, Climate Change, Financial and Physical and Transition Risk Indicators, Green Bonds",Not Applicable,Solar projects,Not Applicable,,,,,,,,,,,,,,,,,,,,,,,,,,,,,0.5357654
World,,WLD,Cumulative Green Bond Issuances by Use of Proceeds,Share,Refinitiv; Country authorities; IMF staff calculations.,ECFF,Green Bonds,"Environment, Climate Change, Financial and Physical and Transition Risk Indicators, Green Bonds",Not Applicable,Sustainable Development Projects,Not Applicable,,,,,,,,,,,,,,,,,,,,,,,,,,,,,0.0012557
World,,WLD,Cumulative Green Bond Issuances by Use of Proceeds,Billion US Dollars,Refinitiv; Country authorities; IMF staff calculations.,ECFF,Green Bonds,"Environment, Climate Change, Financial and Physical and Transition Risk Indicators, Green Bonds",Not Applicable,Sustainable Development Projects,Not Applicable,,,,,,,,,,,,,,,,,,,,,,,,,,,,,2.868305
World,,WLD,Cumulative Green Bond Issuances by Use of Proceeds,Share,Refinitiv; Country authorities; IMF staff calculations.,ECFF,Green Bonds,"Environment, Climate Change, Financial and Physical and Transition Risk Indicators, Green Bonds",Not Applicable,Sustainable Economic Growth,Not Applicable,,,,,,,,,,,,,,,,,,,,,,,,,,,,,6.31e-05
World,,WLD,Cumulative Green Bond Issuances by Use of Proceeds,Billion US Dollars,Refinitiv; Country authorities; IMF staff calculations.,ECFF,Green Bonds,"Environment, Climate Change, Financial and Physical and Transition Risk Indicators, Green Bonds",Not Applicable,Sustainable Economic Growth,Not Applicable,,,,,,,,,,,,,,,,,,,,,,,,,,,,,0.1440299
World,,WLD,Cumulative Green Bond Issuances by Use of Proceeds,Share,Refinitiv; Country authorities; IMF staff calculations.,ECFF,Green Bonds,"Environment, Climate Change, Financial and Physical and Transition Risk Indicators, Green Bonds",Not Applicable,Sustainable Forestry,Not Applicable,,,,,,,,,,,,,,,,,,,,,,,,,,,,,1.09e-07
World,,WLD,Cumulative Green Bond Issuances by Use of Proceeds,Billion US Dollars,Refinitiv; Country authorities; IMF staff calculations.,ECFF,Green Bonds,"Environment, Climate Change, Financial and Physical and Transition Risk Indicators, Green Bonds",Not Applicable,Sustainable Forestry,Not Applicable,,,,,,,,,,,,,,,,,,,,,,,,,,,,,0.0002493
World,,WLD,Cumulative Green Bond Issuances by Use of Proceeds,Share,Refinitiv; Country authorities; IMF staff calculations.,ECFF,Green Bonds,"Environment, Climate Change, Financial and Physical and Transition Risk Indicators, Green Bonds",Not Applicable,Sustainable Management of Land Use,Not Applicable,,,,,,,,,,,,,,,,,,,,,,,,,,,,,0.0008096
World,,WLD,Cumulative Green Bond Issuances by Use of Proceeds,Billion US Dollars,Refinitiv; Country authorities; IMF staff calculations.,ECFF,Green Bonds,"Environment, Climate Change, Financial and Physical and Transition Risk Indicators, Green Bonds",Not Applicable,Sustainable Management of Land Use,Not Applicable,,,,,,,,,,,,,,,,,,,,,,,,,,,,,1.849317
World,,WLD,Cumulative Green Bond Issuances by Use of Proceeds,Share,Refinitiv; Country authorities; IMF staff calculations.,ECFF,Green Bonds,"Environment, Climate Change, Financial and Physical and Transition Risk Indicators, Green Bonds",Not Applicable,Sustainable Management of Living Natural Resources,Not Applicable,,,,,,,,,,,,,,,,,,,,,,,,,,,,,0.0001198
World,,WLD,Cumulative Green Bond Issuances by Use of Proceeds,Billion US Dollars,Refinitiv; Country authorities; IMF staff calculations.,ECFF,Green Bonds,"Environment, Climate Change, Financial and Physical and Transition Risk Indicators, Green Bonds",Not Applicable,Sustainable Management of Living Natural Resources,Not Applicable,,,,,,,,,,,,,,,,,,,,,,,,,,,,,0.2736569
World,,WLD,Cumulative Green Bond Issuances by Use of Proceeds,Share,Refinitiv; Country authorities; IMF staff calculations.,ECFF,Green Bonds,"Environment, Climate Change, Financial and Physical and Transition Risk Indicators, Green Bonds",Not Applicable,Sustainable Transport,Not Applicable,,,,,,,,,,,,,,,,,,,,,,,,,,,,,3.15e-05
World,,WLD,Cumulative Green Bond Issuances by Use of Proceeds,Billion US Dollars,Refinitiv; Country authorities; IMF staff calculations.,ECFF,Green Bonds,"Environment, Climate Change, Financial and Physical and Transition Risk Indicators, Green Bonds",Not Applicable,Sustainable Transport,Not Applicable,,,,,,,,,,,,,,,,,,,,,,,,,,,,,0.072015
World,,WLD,Cumulative Green Bond Issuances by Use of Proceeds,Share,Refinitiv; Country authorities; IMF staff calculations.,ECFF,Green Bonds,"Environment, Climate Change, Financial and Physical and Transition Risk Indicators, Green Bonds",Not Applicable,Sustainable Water or Wastewater management,Not Applicable,,,,,,,,,,,,,,,,,,,,,,,,,,,,,0.0077332
World,,WLD,Cumulative Green Bond Issuances by Use of Proceeds,Billion US Dollars,Refinitiv; Country authorities; IMF staff calculations.,ECFF,Green Bonds,"Environment, Climate Change, Financial and Physical and Transition Risk Indicators, Green Bonds",Not Applicable,Sustainable Water or Wastewater management,Not Applicable,,,,,,,,,,,,,,,,,,,,,,,,,,,,,17.66449
World,,WLD,Cumulative Green Bond Issuances by Use of Proceeds,Share,Refinitiv; Country authorities; IMF staff calculations.,ECFF,Green Bonds,"Environment, Climate Change, Financial and Physical and Transition Risk Indicators, Green Bonds",Not Applicable,Terrestrial Biodiversity Conservation,Not Applicable,,,,,,,,,,,,,,,,,,,,,,,,,,,,,1.33e-05
World,,WLD,Cumulative Green Bond Issuances by Use of Proceeds,Billion US Dollars,Refinitiv; Country authorities; IMF staff calculations.,ECFF,Green Bonds,"Environment, Climate Change, Financial and Physical and Transition Risk Indicators, Green Bonds",Not Applicable,Terrestrial Biodiversity Conservation,Not Applicable,,,,,,,,,,,,,,,,,,,,,,,,,,,,,0.0303628
World,,WLD,Cumulative Green Bond Issuances by Use of Proceeds,Share,Refinitiv; Country authorities; IMF staff calculations.,ECFF,Green Bonds,"Environment, Climate Change, Financial and Physical and Transition Risk Indicators, Green Bonds",Not Applicable,The Belt and Road Initiative,Not Applicable,,,,,,,,,,,,,,,,,,,,,,,,,,,,,0.0009689
World,,WLD,Cumulative Green Bond Issuances by Use of Proceeds,Billion US Dollars,Refinitiv; Country authorities; IMF staff calculations.,ECFF,Green Bonds,"Environment, Climate Change, Financial and Physical and Transition Risk Indicators, Green Bonds",Not Applicable,The Belt and Road Initiative,Not Applicable,,,,,,,,,,,,,,,,,,,,,,,,,,,,,2.213212
World,,WLD,Cumulative Green Bond Issuances by Use of Proceeds,Share,Refinitiv; Country authorities; IMF staff calculations.,ECFF,Green Bonds,"Environment, Climate Change, Financial and Physical and Transition Risk Indicators, Green Bonds",Not Applicable,Waste Management,Not Applicable,,,,,,,,,,,,,,,,,,,,,,,,,,,,,0.0003896
World,,WLD,Cumulative Green Bond Issuances by Use of Proceeds,Billion US Dollars,Refinitiv; Country authorities; IMF staff calculations.,ECFF,Green Bonds,"Environment, Climate Change, Financial and Physical and Transition Risk Indicators, Green Bonds",Not Applicable,Waste Management,Not Applicable,,,,,,,,,,,,,,,,,,,,,,,,,,,,,0.8899682
World,,WLD,Cumulative Green Bond Issuances by Use of Proceeds,Share,Refinitiv; Country authorities; IMF staff calculations.,ECFF,Green Bonds,"Environment, Climate Change, Financial and Physical and Transition Risk Indicators, Green Bonds",Not Applicable,Water & Sewer,Not Applicable,,,,,,,,,,,,,,,,,,,,,,,,,,,,,0.000389
World,,WLD,Cumulative Green Bond Issuances by Use of Proceeds,Billion US Dollars,Refinitiv; Country authorities; IMF staff calculations.,ECFF,Green Bonds,"Environment, Climate Change, Financial and Physical and Transition Risk Indicators, Green Bonds",Not Applicable,Water & Sewer,Not Applicable,,,,,,,,,,,,,,,,,,,,,,,,,,,,,0.8885831
World,,WLD,Cumulative Green Bond Issuances by Use of Proceeds,Share,Refinitiv; Country authorities; IMF staff calculations.,ECFF,Green Bonds,"Environment, Climate Change, Financial and Physical and Transition Risk Indicators, Green Bonds",Not Applicable,Wind projects,Not Applicable,,,,,,,,,,,,,,,,,,,,,,,,,,,,,0.0001575
World,,WLD,Cumulative Green Bond Issuances by Use of Proceeds,Billion US Dollars,Refinitiv; Country authorities; IMF staff calculations.,ECFF,Green Bonds,"Environment, Climate Change, Financial and Physical and Transition Risk Indicators, Green Bonds",Not Applicable,Wind projects,Not Applicable,,,,,,,,,,,,,,,,,,,,,,,,,,,,,0.3598732
World,,WLD,Cumulative Green Bond Issuances by Use of Proceeds,Share,Refinitiv; Country authorities; IMF staff calculations.,ECFF,Green Bonds,"Environment, Climate Change, Financial and Physical and Transition Risk Indicators, Green Bonds",Not Applicable,Working capital,Not Applicable,,,,,,,,,,,,,,,,,,,,,,,,,,,,,9.22e-05
World,,WLD,Cumulative Green Bond Issuances by Use of Proceeds,Billion US Dollars,Refinitiv; Country authorities; IMF staff calculations.,ECFF,Green Bonds,"Environment, Climate Change, Financial and Physical and Transition Risk Indicators, Green Bonds",Not Applicable,Working capital,Not Applicable,,,,,,,,,,,,,,,,,,,,,,,,,,,,,0.210639
World,,WLD,Green Bond Issuances by Type of Issuers,Billion US Dollars,Refinitiv; Country authorities; IMF staff calculations.,ECFFI,Green Bonds Issuances,"Environment, Climate Change, Financial and Physical and Transition Risk Indicators, Green Bonds, Green Bonds Issuances ",Banks,Not Applicable,Not Applicable,0.03,0.3,0.0751202,0.0,,,,,0.0481737,0.0533208,0.1476851,0.01,0.1085305,,,,,,,0.7570286,1.097335,7.825377,31.95834,27.82559,45.45303,43.45735,37.72816,92.80257,153.8838
World,,WLD,Green Bond Issuances by Type of Issuers,Billion US Dollars,Refinitiv; Country authorities; IMF staff calculations.,ECFFI,Green Bonds Issuances,"Environment, Climate Change, Financial and Physical and Transition Risk Indicators, Green Bonds, Green Bonds Issuances ",International Organization,Not Applicable,Not Applicable,,,,,,,,,,,,,,1.464115,0.3711452,0.8899977,2.540811,0.7628296,1.44476,7.17554,10.5129,7.269178,16.68759,9.661158,17.05889,19.7789,20.73603,35.59305,35.58775
World,,WLD,Green Bond Issuances by Type of Issuers,Billion US Dollars,Refinitiv; Country authorities; IMF staff calculations.,ECFFI,Green Bonds Issuances,"Environment, Climate Change, Financial and Physical and Transition Risk Indicators, Green Bonds, Green Bonds Issuances ",Local and state Government,Not Applicable,Not Applicable,,,,,0.0291793,0.1435457,0.0175076,0.1097454,,,,,,,,,,,0.6093745,0.0474572,1.580308,1.372506,2.514179,2.953449,4.401853,3.105994,6.361379,10.58099,5.467345
World,,WLD,Green Bond Issuances by Type of Issuers,Billion US Dollars,Refinitiv; Country authorities; IMF staff calculations.,ECFFI,Green Bonds Issuances,"Environment, Climate Change, Financial and Physical and Transition Risk Indicators, Green Bonds, Green Bonds Issuances ",Nonfinancial corporations,Not Applicable,Not Applicable,0.025,,,,,,0.1681426,,,0.0,,0.1716472,,,,,,,0.06806,2.01351,8.315138,13.14292,21.36806,35.10693,36.48579,82.83667,101.3969,201.3463,156.5737
World,,WLD,Green Bond Issuances by Type of Issuers,Billion US Dollars,Refinitiv; Country authorities; IMF staff calculations.,ECFFI,Green Bonds Issuances,"Environment, Climate Change, Financial and Physical and Transition Risk Indicators, Green Bonds, Green Bonds Issuances ",Other financial corporations,Not Applicable,Not Applicable,,,,,,,,,,,,0.1230128,,,,,,,0.2948765,0.6182112,3.356182,6.326837,11.77326,26.27349,17.53551,67.61608,56.91029,125.9451,90.92062
World,,WLD,Green Bond Issuances by Type of Issuers,Billion US Dollars,Refinitiv; Country authorities; IMF staff calculations.,ECFFI,Green Bonds Issuances,"Environment, Climate Change, Financial and Physical and Transition Risk Indicators, Green Bonds, Green Bonds Issuances ",Sovereign,Not Applicable,Not Applicable,,,,,,,,,,,,,,,,,,,,,,,0.7909473,11.69325,25.79745,26.18856,33.95009,121.8748,45.22893
World,,WLD,Green Bond Issuances by Type of Issuers,Billion US Dollars,Refinitiv; Country authorities; IMF staff calculations.,ECFFI,Green Bonds Issuances,"Environment, Climate Change, Financial and Physical and Transition Risk Indicators, Green Bonds, Green Bonds Issuances ",State owned entities,Not Applicable,Not Applicable,,,,,,,,,,,,0.1,,,0.1060704,,0.1077903,0.0155407,,1.823789,5.909182,11.65697,14.48235,25.64796,17.12316,41.18008,45.35052,64.83916,53.25744
World,,WLD,Green Bond Outstanding,Billion US Dollars,Refinitiv; Country authorities; IMF staff calculations.,,,,Not Applicable,Not Applicable,Not Applicable,0.055,0.355,0.4301202,0.4301202,0.4592995,0.6028452,0.7884954,0.8982408,0.4345922,0.487913,0.510044,0.4099462,0.4141347,1.5863277,2.0635433,2.953541,5.602142,6.3805123,6.4976653,18.9332053,47.3642623,94.9580423,186.2892613,321.2722593,476.1803763,723.2476863,980.0894563,1551.013276,1991.388576
World,,WLD,Sustainabilty-Linked Bonds,Billion US Dollars,Refinitiv; Country authorities; IMF staff calculations.,,,,Not Applicable,Not Applicable,Not Applicable,,,,,,,,,,,,,,,,,,,,,,,,,,4.19,8.621619368,96.68081251,71.36748264
