Country,ISO2,ISO3,Indicator,Unit,Source,CTS Code,CTS Name,CTS Full Descriptor,Date,Value
World,,WLD,Monthly Atmospheric Carbon Dioxide Concentrations,Parts Per Million,"Dr. Pieter Tans, National Oceanic and Atmospheric Administration (NOAA). Global Monitoring Laboratory, Trends in Atmospheric Carbon Dioxide Data (https://gml.noaa.gov/ccgg/trends/) and Dr. Ralph Keeling, Scripps Institution of Oceanography, Carbon Dioxide Measurements (https://scrippsco2.ucsd.edu/).",ECCA,Atmospheric Carbon Dioxide Concentrations,"Environment, Climate Change, Climate and Weather, Atmospheric Carbon Dioxide Concentrations",1958M03,315.71
World,,WLD,Monthly Atmospheric Carbon Dioxide Concentrations,Parts Per Million,"Dr. Pieter Tans, National Oceanic and Atmospheric Administration (NOAA). Global Monitoring Laboratory, Trends in Atmospheric Carbon Dioxide Data (https://gml.noaa.gov/ccgg/trends/) and Dr. Ralph Keeling, Scripps Institution of Oceanography, Carbon Dioxide Measurements (https://scrippsco2.ucsd.edu/).",ECCA,Atmospheric Carbon Dioxide Concentrations,"Environment, Climate Change, Climate and Weather, Atmospheric Carbon Dioxide Concentrations",1958M04,317.45
World,,WLD,Monthly Atmospheric Carbon Dioxide Concentrations,Parts Per Million,"Dr. Pieter Tans, National Oceanic and Atmospheric Administration (NOAA). Global Monitoring Laboratory, Trends in Atmospheric Carbon Dioxide Data (https://gml.noaa.gov/ccgg/trends/) and Dr. Ralph Keeling, Scripps Institution of Oceanography, Carbon Dioxide Measurements (https://scrippsco2.ucsd.edu/).",ECCA,Atmospheric Carbon Dioxide Concentrations,"Environment, Climate Change, Climate and Weather, Atmospheric Carbon Dioxide Concentrations",1958M05,317.51
World,,WLD,Monthly Atmospheric Carbon Dioxide Concentrations,Parts Per Million,"Dr. Pieter Tans, National Oceanic and Atmospheric Administration (NOAA). Global Monitoring Laboratory, Trends in Atmospheric Carbon Dioxide Data (https://gml.noaa.gov/ccgg/trends/) and Dr. Ralph Keeling, Scripps Institution of Oceanography, Carbon Dioxide Measurements (https://scrippsco2.ucsd.edu/).",ECCA,Atmospheric Carbon Dioxide Concentrations,"Environment, Climate Change, Climate and Weather, Atmospheric Carbon Dioxide Concentrations",1958M06,317.27
World,,WLD,Monthly Atmospheric Carbon Dioxide Concentrations,Parts Per Million,"Dr. Pieter Tans, National Oceanic and Atmospheric Administration (NOAA). Global Monitoring Laboratory, Trends in Atmospheric Carbon Dioxide Data (https://gml.noaa.gov/ccgg/trends/) and Dr. Ralph Keeling, Scripps Institution of Oceanography, Carbon Dioxide Measurements (https://scrippsco2.ucsd.edu/).",ECCA,Atmospheric Carbon Dioxide Concentrations,"Environment, Climate Change, Climate and Weather, Atmospheric Carbon Dioxide Concentrations",1958M07,315.87
World,,WLD,Monthly Atmospheric Carbon Dioxide Concentrations,Parts Per Million,"Dr. Pieter Tans, National Oceanic and Atmospheric Administration (NOAA). Global Monitoring Laboratory, Trends in Atmospheric Carbon Dioxide Data (https://gml.noaa.gov/ccgg/trends/) and Dr. Ralph Keeling, Scripps Institution of Oceanography, Carbon Dioxide Measurements (https://scrippsco2.ucsd.edu/).",ECCA,Atmospheric Carbon Dioxide Concentrations,"Environment, Climate Change, Climate and Weather, Atmospheric Carbon Dioxide Concentrations",1958M08,314.93
World,,WLD,Monthly Atmospheric Carbon Dioxide Concentrations,Parts Per Million,"Dr. Pieter Tans, National Oceanic and Atmospheric Administration (NOAA). Global Monitoring Laboratory, Trends in Atmospheric Carbon Dioxide Data (https://gml.noaa.gov/ccgg/trends/) and Dr. Ralph Keeling, Scripps Institution of Oceanography, Carbon Dioxide Measurements (https://scrippsco2.ucsd.edu/).",ECCA,Atmospheric Carbon Dioxide Concentrations,"Environment, Climate Change, Climate and Weather, Atmospheric Carbon Dioxide Concentrations",1958M09,313.21
World,,WLD,Monthly Atmospheric Carbon Dioxide Concentrations,Parts Per Million,"Dr. Pieter Tans, National Oceanic and Atmospheric Administration (NOAA). Global Monitoring Laboratory, Trends in Atmospheric Carbon Dioxide Data (https://gml.noaa.gov/ccgg/trends/) and Dr. Ralph Keeling, Scripps Institution of Oceanography, Carbon Dioxide Measurements (https://scrippsco2.ucsd.edu/).",ECCA,Atmospheric Carbon Dioxide Concentrations,"Environment, Climate Change, Climate and Weather, Atmospheric Carbon Dioxide Concentrations",1958M10,312.42
World,,WLD,Monthly Atmospheric Carbon Dioxide Concentrations,Parts Per Million,"Dr. Pieter Tans, National Oceanic and Atmospheric Administration (NOAA). Global Monitoring Laboratory, Trends in Atmospheric Carbon Dioxide Data (https://gml.noaa.gov/ccgg/trends/) and Dr. Ralph Keeling, Scripps Institution of Oceanography, Carbon Dioxide Measurements (https://scrippsco2.ucsd.edu/).",ECCA,Atmospheric Carbon Dioxide Concentrations,"Environment, Climate Change, Climate and Weather, Atmospheric Carbon Dioxide Concentrations",1958M11,313.33
World,,WLD,Monthly Atmospheric Carbon Dioxide Concentrations,Parts Per Million,"Dr. Pieter Tans, National Oceanic and Atmospheric Administration (NOAA). Global Monitoring Laboratory, Trends in Atmospheric Carbon Dioxide Data (https://gml.noaa.gov/ccgg/trends/) and Dr. Ralph Keeling, Scripps Institution of Oceanography, Carbon Dioxide Measurements (https://scrippsco2.ucsd.edu/).",ECCA,Atmospheric Carbon Dioxide Concentrations,"Environment, Climate Change, Climate and Weather, Atmospheric Carbon Dioxide Concentrations",1958M12,314.67
World,,WLD,Monthly Atmospheric Carbon Dioxide Concentrations,Parts Per Million,"Dr. Pieter Tans, National Oceanic and Atmospheric Administration (NOAA). Global Monitoring Laboratory, Trends in Atmospheric Carbon Dioxide Data (https://gml.noaa.gov/ccgg/trends/) and Dr. Ralph Keeling, Scripps Institution of Oceanography, Carbon Dioxide Measurements (https://scrippsco2.ucsd.edu/).",ECCA,Atmospheric Carbon Dioxide Concentrations,"Environment, Climate Change, Climate and Weather, Atmospheric Carbon Dioxide Concentrations",1959M01,315.58
World,,WLD,Monthly Atmospheric Carbon Dioxide Concentrations,Parts Per Million,"Dr. Pieter Tans, National Oceanic and Atmospheric Administration (NOAA). Global Monitoring Laboratory, Trends in Atmospheric Carbon Dioxide Data (https://gml.noaa.gov/ccgg/trends/) and Dr. Ralph Keeling, Scripps Institution of Oceanography, Carbon Dioxide Measurements (https://scrippsco2.ucsd.edu/).",ECCA,Atmospheric Carbon Dioxide Concentrations,"Environment, Climate Change, Climate and Weather, Atmospheric Carbon Dioxide Concentrations",1959M02,316.49
World,,WLD,Monthly Atmospheric Carbon Dioxide Concentrations,Parts Per Million,"Dr. Pieter Tans, National Oceanic and Atmospheric Administration (NOAA). Global Monitoring Laboratory, Trends in Atmospheric Carbon Dioxide Data (https://gml.noaa.gov/ccgg/trends/) and Dr. Ralph Keeling, Scripps Institution of Oceanography, Carbon Dioxide Measurements (https://scrippsco2.ucsd.edu/).",ECCA,Atmospheric Carbon Dioxide Concentrations,"Environment, Climate Change, Climate and Weather, Atmospheric Carbon Dioxide Concentrations",1959M03,316.65
World,,WLD,"Monthly Atmospheric Carbon Dioxide Concentrations, Year on Year Percentage Change",Percent,"Dr. Pieter Tans, National Oceanic and Atmospheric Administration (NOAA). Global Monitoring Laboratory, Trends in Atmospheric Carbon Dioxide Data (https://gml.noaa.gov/ccgg/trends/) and Dr. Ralph Keeling, Scripps Institution of Oceanography, Carbon Dioxide Measurements (https://scrippsco2.ucsd.edu/).",ECCA,Atmospheric Carbon Dioxide Concentrations,"Environment, Climate Change, Climate and Weather, Atmospheric Carbon Dioxide Concentrations",1959M03,0.3
World,,WLD,Monthly Atmospheric Carbon Dioxide Concentrations,Parts Per Million,"Dr. Pieter Tans, National Oceanic and Atmospheric Administration (NOAA). Global Monitoring Laboratory, Trends in Atmospheric Carbon Dioxide Data (https://gml.noaa.gov/ccgg/trends/) and Dr. Ralph Keeling, Scripps Institution of Oceanography, Carbon Dioxide Measurements (https://scrippsco2.ucsd.edu/).",ECCA,Atmospheric Carbon Dioxide Concentrations,"Environment, Climate Change, Climate and Weather, Atmospheric Carbon Dioxide Concentrations",1959M04,317.72
World,,WLD,"Monthly Atmospheric Carbon Dioxide Concentrations, Year on Year Percentage Change",Percent,"Dr. Pieter Tans, National Oceanic and Atmospheric Administration (NOAA). Global Monitoring Laboratory, Trends in Atmospheric Carbon Dioxide Data (https://gml.noaa.gov/ccgg/trends/) and Dr. Ralph Keeling, Scripps Institution of Oceanography, Carbon Dioxide Measurements (https://scrippsco2.ucsd.edu/).",ECCA,Atmospheric Carbon Dioxide Concentrations,"Environment, Climate Change, Climate and Weather, Atmospheric Carbon Dioxide Concentrations",1959M04,0.09
World,,WLD,Monthly Atmospheric Carbon Dioxide Concentrations,Parts Per Million,"Dr. Pieter Tans, National Oceanic and Atmospheric Administration (NOAA). Global Monitoring Laboratory, Trends in Atmospheric Carbon Dioxide Data (https://gml.noaa.gov/ccgg/trends/) and Dr. Ralph Keeling, Scripps Institution of Oceanography, Carbon Dioxide Measurements (https://scrippsco2.ucsd.edu/).",ECCA,Atmospheric Carbon Dioxide Concentrations,"Environment, Climate Change, Climate and Weather, Atmospheric Carbon Dioxide Concentrations",1959M05,318.29
World,,WLD,"Monthly Atmospheric Carbon Dioxide Concentrations, Year on Year Percentage Change",Percent,"Dr. Pieter Tans, National Oceanic and Atmospheric Administration (NOAA). Global Monitoring Laboratory, Trends in Atmospheric Carbon Dioxide Data (https://gml.noaa.gov/ccgg/trends/) and Dr. Ralph Keeling, Scripps Institution of Oceanography, Carbon Dioxide Measurements (https://scrippsco2.ucsd.edu/).",ECCA,Atmospheric Carbon Dioxide Concentrations,"Environment, Climate Change, Climate and Weather, Atmospheric Carbon Dioxide Concentrations",1959M05,0.25
World,,WLD,Monthly Atmospheric Carbon Dioxide Concentrations,Parts Per Million,"Dr. Pieter Tans, National Oceanic and Atmospheric Administration (NOAA). Global Monitoring Laboratory, Trends in Atmospheric Carbon Dioxide Data (https://gml.noaa.gov/ccgg/trends/) and Dr. Ralph Keeling, Scripps Institution of Oceanography, Carbon Dioxide Measurements (https://scrippsco2.ucsd.edu/).",ECCA,Atmospheric Carbon Dioxide Concentrations,"Environment, Climate Change, Climate and Weather, Atmospheric Carbon Dioxide Concentrations",1959M06,318.15
World,,WLD,"Monthly Atmospheric Carbon Dioxide Concentrations, Year on Year Percentage Change",Percent,"Dr. Pieter Tans, National Oceanic and Atmospheric Administration (NOAA). Global Monitoring Laboratory, Trends in Atmospheric Carbon Dioxide Data (https://gml.noaa.gov/ccgg/trends/) and Dr. Ralph Keeling, Scripps Institution of Oceanography, Carbon Dioxide Measurements (https://scrippsco2.ucsd.edu/).",ECCA,Atmospheric Carbon Dioxide Concentrations,"Environment, Climate Change, Climate and Weather, Atmospheric Carbon Dioxide Concentrations",1959M06,0.28
World,,WLD,Monthly Atmospheric Carbon Dioxide Concentrations,Parts Per Million,"Dr. Pieter Tans, National Oceanic and Atmospheric Administration (NOAA). Global Monitoring Laboratory, Trends in Atmospheric Carbon Dioxide Data (https://gml.noaa.gov/ccgg/trends/) and Dr. Ralph Keeling, Scripps Institution of Oceanography, Carbon Dioxide Measurements (https://scrippsco2.ucsd.edu/).",ECCA,Atmospheric Carbon Dioxide Concentrations,"Environment, Climate Change, Climate and Weather, Atmospheric Carbon Dioxide Concentrations",1959M07,316.54
World,,WLD,"Monthly Atmospheric Carbon Dioxide Concentrations, Year on Year Percentage Change",Percent,"Dr. Pieter Tans, National Oceanic and Atmospheric Administration (NOAA). Global Monitoring Laboratory, Trends in Atmospheric Carbon Dioxide Data (https://gml.noaa.gov/ccgg/trends/) and Dr. Ralph Keeling, Scripps Institution of Oceanography, Carbon Dioxide Measurements (https://scrippsco2.ucsd.edu/).",ECCA,Atmospheric Carbon Dioxide Concentrations,"Environment, Climate Change, Climate and Weather, Atmospheric Carbon Dioxide Concentrations",1959M07,0.21
World,,WLD,Monthly Atmospheric Carbon Dioxide Concentrations,Parts Per Million,"Dr. Pieter Tans, National Oceanic and Atmospheric Administration (NOAA). Global Monitoring Laboratory, Trends in Atmospheric Carbon Dioxide Data (https://gml.noaa.gov/ccgg/trends/) and Dr. Ralph Keeling, Scripps Institution of Oceanography, Carbon Dioxide Measurements (https://scrippsco2.ucsd.edu/).",ECCA,Atmospheric Carbon Dioxide Concentrations,"Environment, Climate Change, Climate and Weather, Atmospheric Carbon Dioxide Concentrations",1959M08,314.8
World,,WLD,"Monthly Atmospheric Carbon Dioxide Concentrations, Year on Year Percentage Change",Percent,"Dr. Pieter Tans, National Oceanic and Atmospheric Administration (NOAA). Global Monitoring Laboratory, Trends in Atmospheric Carbon Dioxide Data (https://gml.noaa.gov/ccgg/trends/) and Dr. Ralph Keeling, Scripps Institution of Oceanography, Carbon Dioxide Measurements (https://scrippsco2.ucsd.edu/).",ECCA,Atmospheric Carbon Dioxide Concentrations,"Environment, Climate Change, Climate and Weather, Atmospheric Carbon Dioxide Concentrations",1959M08,-0.04
World,,WLD,Monthly Atmospheric Carbon Dioxide Concentrations,Parts Per Million,"Dr. Pieter Tans, National Oceanic and Atmospheric Administration (NOAA). Global Monitoring Laboratory, Trends in Atmospheric Carbon Dioxide Data (https://gml.noaa.gov/ccgg/trends/) and Dr. Ralph Keeling, Scripps Institution of Oceanography, Carbon Dioxide Measurements (https://scrippsco2.ucsd.edu/).",ECCA,Atmospheric Carbon Dioxide Concentrations,"Environment, Climate Change, Climate and Weather, Atmospheric Carbon Dioxide Concentrations",1959M09,313.84
World,,WLD,"Monthly Atmospheric Carbon Dioxide Concentrations, Year on Year Percentage Change",Percent,"Dr. Pieter Tans, National Oceanic and Atmospheric Administration (NOAA). Global Monitoring Laboratory, Trends in Atmospheric Carbon Dioxide Data (https://gml.noaa.gov/ccgg/trends/) and Dr. Ralph Keeling, Scripps Institution of Oceanography, Carbon Dioxide Measurements (https://scrippsco2.ucsd.edu/).",ECCA,Atmospheric Carbon Dioxide Concentrations,"Environment, Climate Change, Climate and Weather, Atmospheric Carbon Dioxide Concentrations",1959M09,0.2
World,,WLD,Monthly Atmospheric Carbon Dioxide Concentrations,Parts Per Million,"Dr. Pieter Tans, National Oceanic and Atmospheric Administration (NOAA). Global Monitoring Laboratory, Trends in Atmospheric Carbon Dioxide Data (https://gml.noaa.gov/ccgg/trends/) and Dr. Ralph Keeling, Scripps Institution of Oceanography, Carbon Dioxide Measurements (https://scrippsco2.ucsd.edu/).",ECCA,Atmospheric Carbon Dioxide Concentrations,"Environment, Climate Change, Climate and Weather, Atmospheric Carbon Dioxide Concentrations",1959M10,313.33
World,,WLD,"Monthly Atmospheric Carbon Dioxide Concentrations, Year on Year Percentage Change",Percent,"Dr. Pieter Tans, National Oceanic and Atmospheric Administration (NOAA). Global Monitoring Laboratory, Trends in Atmospheric Carbon Dioxide Data (https://gml.noaa.gov/ccgg/trends/) and Dr. Ralph Keeling, Scripps Institution of Oceanography, Carbon Dioxide Measurements (https://scrippsco2.ucsd.edu/).",ECCA,Atmospheric Carbon Dioxide Concentrations,"Environment, Climate Change, Climate and Weather, Atmospheric Carbon Dioxide Concentrations",1959M10,0.29
World,,WLD,Monthly Atmospheric Carbon Dioxide Concentrations,Parts Per Million,"Dr. Pieter Tans, National Oceanic and Atmospheric Administration (NOAA). Global Monitoring Laboratory, Trends in Atmospheric Carbon Dioxide Data (https://gml.noaa.gov/ccgg/trends/) and Dr. Ralph Keeling, Scripps Institution of Oceanography, Carbon Dioxide Measurements (https://scrippsco2.ucsd.edu/).",ECCA,Atmospheric Carbon Dioxide Concentrations,"Environment, Climate Change, Climate and Weather, Atmospheric Carbon Dioxide Concentrations",1959M11,314.81
World,,WLD,"Monthly Atmospheric Carbon Dioxide Concentrations, Year on Year Percentage Change",Percent,"Dr. Pieter Tans, National Oceanic and Atmospheric Administration (NOAA). Global Monitoring Laboratory, Trends in Atmospheric Carbon Dioxide Data (https://gml.noaa.gov/ccgg/trends/) and Dr. Ralph Keeling, Scripps Institution of Oceanography, Carbon Dioxide Measurements (https://scrippsco2.ucsd.edu/).",ECCA,Atmospheric Carbon Dioxide Concentrations,"Environment, Climate Change, Climate and Weather, Atmospheric Carbon Dioxide Concentrations",1959M11,0.47
World,,WLD,Monthly Atmospheric Carbon Dioxide Concentrations,Parts Per Million,"Dr. Pieter Tans, National Oceanic and Atmospheric Administration (NOAA). Global Monitoring Laboratory, Trends in Atmospheric Carbon Dioxide Data (https://gml.noaa.gov/ccgg/trends/) and Dr. Ralph Keeling, Scripps Institution of Oceanography, Carbon Dioxide Measurements (https://scrippsco2.ucsd.edu/).",ECCA,Atmospheric Carbon Dioxide Concentrations,"Environment, Climate Change, Climate and Weather, Atmospheric Carbon Dioxide Concentrations",1959M12,315.58
World,,WLD,"Monthly Atmospheric Carbon Dioxide Concentrations, Year on Year Percentage Change",Percent,"Dr. Pieter Tans, National Oceanic and Atmospheric Administration (NOAA). Global Monitoring Laboratory, Trends in Atmospheric Carbon Dioxide Data (https://gml.noaa.gov/ccgg/trends/) and Dr. Ralph Keeling, Scripps Institution of Oceanography, Carbon Dioxide Measurements (https://scrippsco2.ucsd.edu/).",ECCA,Atmospheric Carbon Dioxide Concentrations,"Environment, Climate Change, Climate and Weather, Atmospheric Carbon Dioxide Concentrations",1959M12,0.29
World,,WLD,Monthly Atmospheric Carbon Dioxide Concentrations,Parts Per Million,"Dr. Pieter Tans, National Oceanic and Atmospheric Administration (NOAA). Global Monitoring Laboratory, Trends in Atmospheric Carbon Dioxide Data (https://gml.noaa.gov/ccgg/trends/) and Dr. Ralph Keeling, Scripps Institution of Oceanography, Carbon Dioxide Measurements (https://scrippsco2.ucsd.edu/).",ECCA,Atmospheric Carbon Dioxide Concentrations,"Environment, Climate Change, Climate and Weather, Atmospheric Carbon Dioxide Concentrations",1960M01,316.43
World,,WLD,"Monthly Atmospheric Carbon Dioxide Concentrations, Year on Year Percentage Change",Percent,"Dr. Pieter Tans, National Oceanic and Atmospheric Administration (NOAA). Global Monitoring Laboratory, Trends in Atmospheric Carbon Dioxide Data (https://gml.noaa.gov/ccgg/trends/) and Dr. Ralph Keeling, Scripps Institution of Oceanography, Carbon Dioxide Measurements (https://scrippsco2.ucsd.edu/).",ECCA,Atmospheric Carbon Dioxide Concentrations,"Environment, Climate Change, Climate and Weather, Atmospheric Carbon Dioxide Concentrations",1960M01,0.27
World,,WLD,Monthly Atmospheric Carbon Dioxide Concentrations,Parts Per Million,"Dr. Pieter Tans, National Oceanic and Atmospheric Administration (NOAA). Global Monitoring Laboratory, Trends in Atmospheric Carbon Dioxide Data (https://gml.noaa.gov/ccgg/trends/) and Dr. Ralph Keeling, Scripps Institution of Oceanography, Carbon Dioxide Measurements (https://scrippsco2.ucsd.edu/).",ECCA,Atmospheric Carbon Dioxide Concentrations,"Environment, Climate Change, Climate and Weather, Atmospheric Carbon Dioxide Concentrations",1960M02,316.98
World,,WLD,"Monthly Atmospheric Carbon Dioxide Concentrations, Year on Year Percentage Change",Percent,"Dr. Pieter Tans, National Oceanic and Atmospheric Administration (NOAA). Global Monitoring Laboratory, Trends in Atmospheric Carbon Dioxide Data (https://gml.noaa.gov/ccgg/trends/) and Dr. Ralph Keeling, Scripps Institution of Oceanography, Carbon Dioxide Measurements (https://scrippsco2.ucsd.edu/).",ECCA,Atmospheric Carbon Dioxide Concentrations,"Environment, Climate Change, Climate and Weather, Atmospheric Carbon Dioxide Concentrations",1960M02,0.15
World,,WLD,Monthly Atmospheric Carbon Dioxide Concentrations,Parts Per Million,"Dr. Pieter Tans, National Oceanic and Atmospheric Administration (NOAA). Global Monitoring Laboratory, Trends in Atmospheric Carbon Dioxide Data (https://gml.noaa.gov/ccgg/trends/) and Dr. Ralph Keeling, Scripps Institution of Oceanography, Carbon Dioxide Measurements (https://scrippsco2.ucsd.edu/).",ECCA,Atmospheric Carbon Dioxide Concentrations,"Environment, Climate Change, Climate and Weather, Atmospheric Carbon Dioxide Concentrations",1960M03,317.58
World,,WLD,"Monthly Atmospheric Carbon Dioxide Concentrations, Year on Year Percentage Change",Percent,"Dr. Pieter Tans, National Oceanic and Atmospheric Administration (NOAA). Global Monitoring Laboratory, Trends in Atmospheric Carbon Dioxide Data (https://gml.noaa.gov/ccgg/trends/) and Dr. Ralph Keeling, Scripps Institution of Oceanography, Carbon Dioxide Measurements (https://scrippsco2.ucsd.edu/).",ECCA,Atmospheric Carbon Dioxide Concentrations,"Environment, Climate Change, Climate and Weather, Atmospheric Carbon Dioxide Concentrations",1960M03,0.29
World,,WLD,Monthly Atmospheric Carbon Dioxide Concentrations,Parts Per Million,"Dr. Pieter Tans, National Oceanic and Atmospheric Administration (NOAA). Global Monitoring Laboratory, Trends in Atmospheric Carbon Dioxide Data (https://gml.noaa.gov/ccgg/trends/) and Dr. Ralph Keeling, Scripps Institution of Oceanography, Carbon Dioxide Measurements (https://scrippsco2.ucsd.edu/).",ECCA,Atmospheric Carbon Dioxide Concentrations,"Environment, Climate Change, Climate and Weather, Atmospheric Carbon Dioxide Concentrations",1960M04,319.03
World,,WLD,"Monthly Atmospheric Carbon Dioxide Concentrations, Year on Year Percentage Change",Percent,"Dr. Pieter Tans, National Oceanic and Atmospheric Administration (NOAA). Global Monitoring Laboratory, Trends in Atmospheric Carbon Dioxide Data (https://gml.noaa.gov/ccgg/trends/) and Dr. Ralph Keeling, Scripps Institution of Oceanography, Carbon Dioxide Measurements (https://scrippsco2.ucsd.edu/).",ECCA,Atmospheric Carbon Dioxide Concentrations,"Environment, Climate Change, Climate and Weather, Atmospheric Carbon Dioxide Concentrations",1960M04,0.41
World,,WLD,Monthly Atmospheric Carbon Dioxide Concentrations,Parts Per Million,"Dr. Pieter Tans, National Oceanic and Atmospheric Administration (NOAA). Global Monitoring Laboratory, Trends in Atmospheric Carbon Dioxide Data (https://gml.noaa.gov/ccgg/trends/) and Dr. Ralph Keeling, Scripps Institution of Oceanography, Carbon Dioxide Measurements (https://scrippsco2.ucsd.edu/).",ECCA,Atmospheric Carbon Dioxide Concentrations,"Environment, Climate Change, Climate and Weather, Atmospheric Carbon Dioxide Concentrations",1960M05,320.03
World,,WLD,"Monthly Atmospheric Carbon Dioxide Concentrations, Year on Year Percentage Change",Percent,"Dr. Pieter Tans, National Oceanic and Atmospheric Administration (NOAA). Global Monitoring Laboratory, Trends in Atmospheric Carbon Dioxide Data (https://gml.noaa.gov/ccgg/trends/) and Dr. Ralph Keeling, Scripps Institution of Oceanography, Carbon Dioxide Measurements (https://scrippsco2.ucsd.edu/).",ECCA,Atmospheric Carbon Dioxide Concentrations,"Environment, Climate Change, Climate and Weather, Atmospheric Carbon Dioxide Concentrations",1960M05,0.55
World,,WLD,Monthly Atmospheric Carbon Dioxide Concentrations,Parts Per Million,"Dr. Pieter Tans, National Oceanic and Atmospheric Administration (NOAA). Global Monitoring Laboratory, Trends in Atmospheric Carbon Dioxide Data (https://gml.noaa.gov/ccgg/trends/) and Dr. Ralph Keeling, Scripps Institution of Oceanography, Carbon Dioxide Measurements (https://scrippsco2.ucsd.edu/).",ECCA,Atmospheric Carbon Dioxide Concentrations,"Environment, Climate Change, Climate and Weather, Atmospheric Carbon Dioxide Concentrations",1960M06,319.58
World,,WLD,"Monthly Atmospheric Carbon Dioxide Concentrations, Year on Year Percentage Change",Percent,"Dr. Pieter Tans, National Oceanic and Atmospheric Administration (NOAA). Global Monitoring Laboratory, Trends in Atmospheric Carbon Dioxide Data (https://gml.noaa.gov/ccgg/trends/) and Dr. Ralph Keeling, Scripps Institution of Oceanography, Carbon Dioxide Measurements (https://scrippsco2.ucsd.edu/).",ECCA,Atmospheric Carbon Dioxide Concentrations,"Environment, Climate Change, Climate and Weather, Atmospheric Carbon Dioxide Concentrations",1960M06,0.45
World,,WLD,Monthly Atmospheric Carbon Dioxide Concentrations,Parts Per Million,"Dr. Pieter Tans, National Oceanic and Atmospheric Administration (NOAA). Global Monitoring Laboratory, Trends in Atmospheric Carbon Dioxide Data (https://gml.noaa.gov/ccgg/trends/) and Dr. Ralph Keeling, Scripps Institution of Oceanography, Carbon Dioxide Measurements (https://scrippsco2.ucsd.edu/).",ECCA,Atmospheric Carbon Dioxide Concentrations,"Environment, Climate Change, Climate and Weather, Atmospheric Carbon Dioxide Concentrations",1960M07,318.18
World,,WLD,"Monthly Atmospheric Carbon Dioxide Concentrations, Year on Year Percentage Change",Percent,"Dr. Pieter Tans, National Oceanic and Atmospheric Administration (NOAA). Global Monitoring Laboratory, Trends in Atmospheric Carbon Dioxide Data (https://gml.noaa.gov/ccgg/trends/) and Dr. Ralph Keeling, Scripps Institution of Oceanography, Carbon Dioxide Measurements (https://scrippsco2.ucsd.edu/).",ECCA,Atmospheric Carbon Dioxide Concentrations,"Environment, Climate Change, Climate and Weather, Atmospheric Carbon Dioxide Concentrations",1960M07,0.52
World,,WLD,Monthly Atmospheric Carbon Dioxide Concentrations,Parts Per Million,"Dr. Pieter Tans, National Oceanic and Atmospheric Administration (NOAA). Global Monitoring Laboratory, Trends in Atmospheric Carbon Dioxide Data (https://gml.noaa.gov/ccgg/trends/) and Dr. Ralph Keeling, Scripps Institution of Oceanography, Carbon Dioxide Measurements (https://scrippsco2.ucsd.edu/).",ECCA,Atmospheric Carbon Dioxide Concentrations,"Environment, Climate Change, Climate and Weather, Atmospheric Carbon Dioxide Concentrations",1960M08,315.9
World,,WLD,"Monthly Atmospheric Carbon Dioxide Concentrations, Year on Year Percentage Change",Percent,"Dr. Pieter Tans, National Oceanic and Atmospheric Administration (NOAA). Global Monitoring Laboratory, Trends in Atmospheric Carbon Dioxide Data (https://gml.noaa.gov/ccgg/trends/) and Dr. Ralph Keeling, Scripps Institution of Oceanography, Carbon Dioxide Measurements (https://scrippsco2.ucsd.edu/).",ECCA,Atmospheric Carbon Dioxide Concentrations,"Environment, Climate Change, Climate and Weather, Atmospheric Carbon Dioxide Concentrations",1960M08,0.35
World,,WLD,Monthly Atmospheric Carbon Dioxide Concentrations,Parts Per Million,"Dr. Pieter Tans, National Oceanic and Atmospheric Administration (NOAA). Global Monitoring Laboratory, Trends in Atmospheric Carbon Dioxide Data (https://gml.noaa.gov/ccgg/trends/) and Dr. Ralph Keeling, Scripps Institution of Oceanography, Carbon Dioxide Measurements (https://scrippsco2.ucsd.edu/).",ECCA,Atmospheric Carbon Dioxide Concentrations,"Environment, Climate Change, Climate and Weather, Atmospheric Carbon Dioxide Concentrations",1960M09,314.17
World,,WLD,"Monthly Atmospheric Carbon Dioxide Concentrations, Year on Year Percentage Change",Percent,"Dr. Pieter Tans, National Oceanic and Atmospheric Administration (NOAA). Global Monitoring Laboratory, Trends in Atmospheric Carbon Dioxide Data (https://gml.noaa.gov/ccgg/trends/) and Dr. Ralph Keeling, Scripps Institution of Oceanography, Carbon Dioxide Measurements (https://scrippsco2.ucsd.edu/).",ECCA,Atmospheric Carbon Dioxide Concentrations,"Environment, Climate Change, Climate and Weather, Atmospheric Carbon Dioxide Concentrations",1960M09,0.11
World,,WLD,Monthly Atmospheric Carbon Dioxide Concentrations,Parts Per Million,"Dr. Pieter Tans, National Oceanic and Atmospheric Administration (NOAA). Global Monitoring Laboratory, Trends in Atmospheric Carbon Dioxide Data (https://gml.noaa.gov/ccgg/trends/) and Dr. Ralph Keeling, Scripps Institution of Oceanography, Carbon Dioxide Measurements (https://scrippsco2.ucsd.edu/).",ECCA,Atmospheric Carbon Dioxide Concentrations,"Environment, Climate Change, Climate and Weather, Atmospheric Carbon Dioxide Concentrations",1960M10,313.83
World,,WLD,"Monthly Atmospheric Carbon Dioxide Concentrations, Year on Year Percentage Change",Percent,"Dr. Pieter Tans, National Oceanic and Atmospheric Administration (NOAA). Global Monitoring Laboratory, Trends in Atmospheric Carbon Dioxide Data (https://gml.noaa.gov/ccgg/trends/) and Dr. Ralph Keeling, Scripps Institution of Oceanography, Carbon Dioxide Measurements (https://scrippsco2.ucsd.edu/).",ECCA,Atmospheric Carbon Dioxide Concentrations,"Environment, Climate Change, Climate and Weather, Atmospheric Carbon Dioxide Concentrations",1960M10,0.16
World,,WLD,Monthly Atmospheric Carbon Dioxide Concentrations,Parts Per Million,"Dr. Pieter Tans, National Oceanic and Atmospheric Administration (NOAA). Global Monitoring Laboratory, Trends in Atmospheric Carbon Dioxide Data (https://gml.noaa.gov/ccgg/trends/) and Dr. Ralph Keeling, Scripps Institution of Oceanography, Carbon Dioxide Measurements (https://scrippsco2.ucsd.edu/).",ECCA,Atmospheric Carbon Dioxide Concentrations,"Environment, Climate Change, Climate and Weather, Atmospheric Carbon Dioxide Concentrations",1960M11,315.0
World,,WLD,"Monthly Atmospheric Carbon Dioxide Concentrations, Year on Year Percentage Change",Percent,"Dr. Pieter Tans, National Oceanic and Atmospheric Administration (NOAA). Global Monitoring Laboratory, Trends in Atmospheric Carbon Dioxide Data (https://gml.noaa.gov/ccgg/trends/) and Dr. Ralph Keeling, Scripps Institution of Oceanography, Carbon Dioxide Measurements (https://scrippsco2.ucsd.edu/).",ECCA,Atmospheric Carbon Dioxide Concentrations,"Environment, Climate Change, Climate and Weather, Atmospheric Carbon Dioxide Concentrations",1960M11,0.06
World,,WLD,Monthly Atmospheric Carbon Dioxide Concentrations,Parts Per Million,"Dr. Pieter Tans, National Oceanic and Atmospheric Administration (NOAA). Global Monitoring Laboratory, Trends in Atmospheric Carbon Dioxide Data (https://gml.noaa.gov/ccgg/trends/) and Dr. Ralph Keeling, Scripps Institution of Oceanography, Carbon Dioxide Measurements (https://scrippsco2.ucsd.edu/).",ECCA,Atmospheric Carbon Dioxide Concentrations,"Environment, Climate Change, Climate and Weather, Atmospheric Carbon Dioxide Concentrations",1960M12,316.19
World,,WLD,"Monthly Atmospheric Carbon Dioxide Concentrations, Year on Year Percentage Change",Percent,"Dr. Pieter Tans, National Oceanic and Atmospheric Administration (NOAA). Global Monitoring Laboratory, Trends in Atmospheric Carbon Dioxide Data (https://gml.noaa.gov/ccgg/trends/) and Dr. Ralph Keeling, Scripps Institution of Oceanography, Carbon Dioxide Measurements (https://scrippsco2.ucsd.edu/).",ECCA,Atmospheric Carbon Dioxide Concentrations,"Environment, Climate Change, Climate and Weather, Atmospheric Carbon Dioxide Concentrations",1960M12,0.19
World,,WLD,Monthly Atmospheric Carbon Dioxide Concentrations,Parts Per Million,"Dr. Pieter Tans, National Oceanic and Atmospheric Administration (NOAA). Global Monitoring Laboratory, Trends in Atmospheric Carbon Dioxide Data (https://gml.noaa.gov/ccgg/trends/) and Dr. Ralph Keeling, Scripps Institution of Oceanography, Carbon Dioxide Measurements (https://scrippsco2.ucsd.edu/).",ECCA,Atmospheric Carbon Dioxide Concentrations,"Environment, Climate Change, Climate and Weather, Atmospheric Carbon Dioxide Concentrations",1961M01,316.89
World,,WLD,"Monthly Atmospheric Carbon Dioxide Concentrations, Year on Year Percentage Change",Percent,"Dr. Pieter Tans, National Oceanic and Atmospheric Administration (NOAA). Global Monitoring Laboratory, Trends in Atmospheric Carbon Dioxide Data (https://gml.noaa.gov/ccgg/trends/) and Dr. Ralph Keeling, Scripps Institution of Oceanography, Carbon Dioxide Measurements (https://scrippsco2.ucsd.edu/).",ECCA,Atmospheric Carbon Dioxide Concentrations,"Environment, Climate Change, Climate and Weather, Atmospheric Carbon Dioxide Concentrations",1961M01,0.15
World,,WLD,Monthly Atmospheric Carbon Dioxide Concentrations,Parts Per Million,"Dr. Pieter Tans, National Oceanic and Atmospheric Administration (NOAA). Global Monitoring Laboratory, Trends in Atmospheric Carbon Dioxide Data (https://gml.noaa.gov/ccgg/trends/) and Dr. Ralph Keeling, Scripps Institution of Oceanography, Carbon Dioxide Measurements (https://scrippsco2.ucsd.edu/).",ECCA,Atmospheric Carbon Dioxide Concentrations,"Environment, Climate Change, Climate and Weather, Atmospheric Carbon Dioxide Concentrations",1961M02,317.7
World,,WLD,"Monthly Atmospheric Carbon Dioxide Concentrations, Year on Year Percentage Change",Percent,"Dr. Pieter Tans, National Oceanic and Atmospheric Administration (NOAA). Global Monitoring Laboratory, Trends in Atmospheric Carbon Dioxide Data (https://gml.noaa.gov/ccgg/trends/) and Dr. Ralph Keeling, Scripps Institution of Oceanography, Carbon Dioxide Measurements (https://scrippsco2.ucsd.edu/).",ECCA,Atmospheric Carbon Dioxide Concentrations,"Environment, Climate Change, Climate and Weather, Atmospheric Carbon Dioxide Concentrations",1961M02,0.23
World,,WLD,Monthly Atmospheric Carbon Dioxide Concentrations,Parts Per Million,"Dr. Pieter Tans, National Oceanic and Atmospheric Administration (NOAA). Global Monitoring Laboratory, Trends in Atmospheric Carbon Dioxide Data (https://gml.noaa.gov/ccgg/trends/) and Dr. Ralph Keeling, Scripps Institution of Oceanography, Carbon Dioxide Measurements (https://scrippsco2.ucsd.edu/).",ECCA,Atmospheric Carbon Dioxide Concentrations,"Environment, Climate Change, Climate and Weather, Atmospheric Carbon Dioxide Concentrations",1961M03,318.54
World,,WLD,"Monthly Atmospheric Carbon Dioxide Concentrations, Year on Year Percentage Change",Percent,"Dr. Pieter Tans, National Oceanic and Atmospheric Administration (NOAA). Global Monitoring Laboratory, Trends in Atmospheric Carbon Dioxide Data (https://gml.noaa.gov/ccgg/trends/) and Dr. Ralph Keeling, Scripps Institution of Oceanography, Carbon Dioxide Measurements (https://scrippsco2.ucsd.edu/).",ECCA,Atmospheric Carbon Dioxide Concentrations,"Environment, Climate Change, Climate and Weather, Atmospheric Carbon Dioxide Concentrations",1961M03,0.3
World,,WLD,Monthly Atmospheric Carbon Dioxide Concentrations,Parts Per Million,"Dr. Pieter Tans, National Oceanic and Atmospheric Administration (NOAA). Global Monitoring Laboratory, Trends in Atmospheric Carbon Dioxide Data (https://gml.noaa.gov/ccgg/trends/) and Dr. Ralph Keeling, Scripps Institution of Oceanography, Carbon Dioxide Measurements (https://scrippsco2.ucsd.edu/).",ECCA,Atmospheric Carbon Dioxide Concentrations,"Environment, Climate Change, Climate and Weather, Atmospheric Carbon Dioxide Concentrations",1961M04,319.48
World,,WLD,"Monthly Atmospheric Carbon Dioxide Concentrations, Year on Year Percentage Change",Percent,"Dr. Pieter Tans, National Oceanic and Atmospheric Administration (NOAA). Global Monitoring Laboratory, Trends in Atmospheric Carbon Dioxide Data (https://gml.noaa.gov/ccgg/trends/) and Dr. Ralph Keeling, Scripps Institution of Oceanography, Carbon Dioxide Measurements (https://scrippsco2.ucsd.edu/).",ECCA,Atmospheric Carbon Dioxide Concentrations,"Environment, Climate Change, Climate and Weather, Atmospheric Carbon Dioxide Concentrations",1961M04,0.14
World,,WLD,Monthly Atmospheric Carbon Dioxide Concentrations,Parts Per Million,"Dr. Pieter Tans, National Oceanic and Atmospheric Administration (NOAA). Global Monitoring Laboratory, Trends in Atmospheric Carbon Dioxide Data (https://gml.noaa.gov/ccgg/trends/) and Dr. Ralph Keeling, Scripps Institution of Oceanography, Carbon Dioxide Measurements (https://scrippsco2.ucsd.edu/).",ECCA,Atmospheric Carbon Dioxide Concentrations,"Environment, Climate Change, Climate and Weather, Atmospheric Carbon Dioxide Concentrations",1961M05,320.58
World,,WLD,"Monthly Atmospheric Carbon Dioxide Concentrations, Year on Year Percentage Change",Percent,"Dr. Pieter Tans, National Oceanic and Atmospheric Administration (NOAA). Global Monitoring Laboratory, Trends in Atmospheric Carbon Dioxide Data (https://gml.noaa.gov/ccgg/trends/) and Dr. Ralph Keeling, Scripps Institution of Oceanography, Carbon Dioxide Measurements (https://scrippsco2.ucsd.edu/).",ECCA,Atmospheric Carbon Dioxide Concentrations,"Environment, Climate Change, Climate and Weather, Atmospheric Carbon Dioxide Concentrations",1961M05,0.17
World,,WLD,Monthly Atmospheric Carbon Dioxide Concentrations,Parts Per Million,"Dr. Pieter Tans, National Oceanic and Atmospheric Administration (NOAA). Global Monitoring Laboratory, Trends in Atmospheric Carbon Dioxide Data (https://gml.noaa.gov/ccgg/trends/) and Dr. Ralph Keeling, Scripps Institution of Oceanography, Carbon Dioxide Measurements (https://scrippsco2.ucsd.edu/).",ECCA,Atmospheric Carbon Dioxide Concentrations,"Environment, Climate Change, Climate and Weather, Atmospheric Carbon Dioxide Concentrations",1961M06,319.77
World,,WLD,"Monthly Atmospheric Carbon Dioxide Concentrations, Year on Year Percentage Change",Percent,"Dr. Pieter Tans, National Oceanic and Atmospheric Administration (NOAA). Global Monitoring Laboratory, Trends in Atmospheric Carbon Dioxide Data (https://gml.noaa.gov/ccgg/trends/) and Dr. Ralph Keeling, Scripps Institution of Oceanography, Carbon Dioxide Measurements (https://scrippsco2.ucsd.edu/).",ECCA,Atmospheric Carbon Dioxide Concentrations,"Environment, Climate Change, Climate and Weather, Atmospheric Carbon Dioxide Concentrations",1961M06,0.06
World,,WLD,Monthly Atmospheric Carbon Dioxide Concentrations,Parts Per Million,"Dr. Pieter Tans, National Oceanic and Atmospheric Administration (NOAA). Global Monitoring Laboratory, Trends in Atmospheric Carbon Dioxide Data (https://gml.noaa.gov/ccgg/trends/) and Dr. Ralph Keeling, Scripps Institution of Oceanography, Carbon Dioxide Measurements (https://scrippsco2.ucsd.edu/).",ECCA,Atmospheric Carbon Dioxide Concentrations,"Environment, Climate Change, Climate and Weather, Atmospheric Carbon Dioxide Concentrations",1961M07,318.56
World,,WLD,"Monthly Atmospheric Carbon Dioxide Concentrations, Year on Year Percentage Change",Percent,"Dr. Pieter Tans, National Oceanic and Atmospheric Administration (NOAA). Global Monitoring Laboratory, Trends in Atmospheric Carbon Dioxide Data (https://gml.noaa.gov/ccgg/trends/) and Dr. Ralph Keeling, Scripps Institution of Oceanography, Carbon Dioxide Measurements (https://scrippsco2.ucsd.edu/).",ECCA,Atmospheric Carbon Dioxide Concentrations,"Environment, Climate Change, Climate and Weather, Atmospheric Carbon Dioxide Concentrations",1961M07,0.12
World,,WLD,Monthly Atmospheric Carbon Dioxide Concentrations,Parts Per Million,"Dr. Pieter Tans, National Oceanic and Atmospheric Administration (NOAA). Global Monitoring Laboratory, Trends in Atmospheric Carbon Dioxide Data (https://gml.noaa.gov/ccgg/trends/) and Dr. Ralph Keeling, Scripps Institution of Oceanography, Carbon Dioxide Measurements (https://scrippsco2.ucsd.edu/).",ECCA,Atmospheric Carbon Dioxide Concentrations,"Environment, Climate Change, Climate and Weather, Atmospheric Carbon Dioxide Concentrations",1961M08,316.79
World,,WLD,"Monthly Atmospheric Carbon Dioxide Concentrations, Year on Year Percentage Change",Percent,"Dr. Pieter Tans, National Oceanic and Atmospheric Administration (NOAA). Global Monitoring Laboratory, Trends in Atmospheric Carbon Dioxide Data (https://gml.noaa.gov/ccgg/trends/) and Dr. Ralph Keeling, Scripps Institution of Oceanography, Carbon Dioxide Measurements (https://scrippsco2.ucsd.edu/).",ECCA,Atmospheric Carbon Dioxide Concentrations,"Environment, Climate Change, Climate and Weather, Atmospheric Carbon Dioxide Concentrations",1961M08,0.28
World,,WLD,Monthly Atmospheric Carbon Dioxide Concentrations,Parts Per Million,"Dr. Pieter Tans, National Oceanic and Atmospheric Administration (NOAA). Global Monitoring Laboratory, Trends in Atmospheric Carbon Dioxide Data (https://gml.noaa.gov/ccgg/trends/) and Dr. Ralph Keeling, Scripps Institution of Oceanography, Carbon Dioxide Measurements (https://scrippsco2.ucsd.edu/).",ECCA,Atmospheric Carbon Dioxide Concentrations,"Environment, Climate Change, Climate and Weather, Atmospheric Carbon Dioxide Concentrations",1961M09,314.99
World,,WLD,"Monthly Atmospheric Carbon Dioxide Concentrations, Year on Year Percentage Change",Percent,"Dr. Pieter Tans, National Oceanic and Atmospheric Administration (NOAA). Global Monitoring Laboratory, Trends in Atmospheric Carbon Dioxide Data (https://gml.noaa.gov/ccgg/trends/) and Dr. Ralph Keeling, Scripps Institution of Oceanography, Carbon Dioxide Measurements (https://scrippsco2.ucsd.edu/).",ECCA,Atmospheric Carbon Dioxide Concentrations,"Environment, Climate Change, Climate and Weather, Atmospheric Carbon Dioxide Concentrations",1961M09,0.26
World,,WLD,Monthly Atmospheric Carbon Dioxide Concentrations,Parts Per Million,"Dr. Pieter Tans, National Oceanic and Atmospheric Administration (NOAA). Global Monitoring Laboratory, Trends in Atmospheric Carbon Dioxide Data (https://gml.noaa.gov/ccgg/trends/) and Dr. Ralph Keeling, Scripps Institution of Oceanography, Carbon Dioxide Measurements (https://scrippsco2.ucsd.edu/).",ECCA,Atmospheric Carbon Dioxide Concentrations,"Environment, Climate Change, Climate and Weather, Atmospheric Carbon Dioxide Concentrations",1961M10,315.31
World,,WLD,"Monthly Atmospheric Carbon Dioxide Concentrations, Year on Year Percentage Change",Percent,"Dr. Pieter Tans, National Oceanic and Atmospheric Administration (NOAA). Global Monitoring Laboratory, Trends in Atmospheric Carbon Dioxide Data (https://gml.noaa.gov/ccgg/trends/) and Dr. Ralph Keeling, Scripps Institution of Oceanography, Carbon Dioxide Measurements (https://scrippsco2.ucsd.edu/).",ECCA,Atmospheric Carbon Dioxide Concentrations,"Environment, Climate Change, Climate and Weather, Atmospheric Carbon Dioxide Concentrations",1961M10,0.47
World,,WLD,Monthly Atmospheric Carbon Dioxide Concentrations,Parts Per Million,"Dr. Pieter Tans, National Oceanic and Atmospheric Administration (NOAA). Global Monitoring Laboratory, Trends in Atmospheric Carbon Dioxide Data (https://gml.noaa.gov/ccgg/trends/) and Dr. Ralph Keeling, Scripps Institution of Oceanography, Carbon Dioxide Measurements (https://scrippsco2.ucsd.edu/).",ECCA,Atmospheric Carbon Dioxide Concentrations,"Environment, Climate Change, Climate and Weather, Atmospheric Carbon Dioxide Concentrations",1961M11,316.1
World,,WLD,"Monthly Atmospheric Carbon Dioxide Concentrations, Year on Year Percentage Change",Percent,"Dr. Pieter Tans, National Oceanic and Atmospheric Administration (NOAA). Global Monitoring Laboratory, Trends in Atmospheric Carbon Dioxide Data (https://gml.noaa.gov/ccgg/trends/) and Dr. Ralph Keeling, Scripps Institution of Oceanography, Carbon Dioxide Measurements (https://scrippsco2.ucsd.edu/).",ECCA,Atmospheric Carbon Dioxide Concentrations,"Environment, Climate Change, Climate and Weather, Atmospheric Carbon Dioxide Concentrations",1961M11,0.35
World,,WLD,Monthly Atmospheric Carbon Dioxide Concentrations,Parts Per Million,"Dr. Pieter Tans, National Oceanic and Atmospheric Administration (NOAA). Global Monitoring Laboratory, Trends in Atmospheric Carbon Dioxide Data (https://gml.noaa.gov/ccgg/trends/) and Dr. Ralph Keeling, Scripps Institution of Oceanography, Carbon Dioxide Measurements (https://scrippsco2.ucsd.edu/).",ECCA,Atmospheric Carbon Dioxide Concentrations,"Environment, Climate Change, Climate and Weather, Atmospheric Carbon Dioxide Concentrations",1961M12,317.01
World,,WLD,"Monthly Atmospheric Carbon Dioxide Concentrations, Year on Year Percentage Change",Percent,"Dr. Pieter Tans, National Oceanic and Atmospheric Administration (NOAA). Global Monitoring Laboratory, Trends in Atmospheric Carbon Dioxide Data (https://gml.noaa.gov/ccgg/trends/) and Dr. Ralph Keeling, Scripps Institution of Oceanography, Carbon Dioxide Measurements (https://scrippsco2.ucsd.edu/).",ECCA,Atmospheric Carbon Dioxide Concentrations,"Environment, Climate Change, Climate and Weather, Atmospheric Carbon Dioxide Concentrations",1961M12,0.26
World,,WLD,Monthly Atmospheric Carbon Dioxide Concentrations,Parts Per Million,"Dr. Pieter Tans, National Oceanic and Atmospheric Administration (NOAA). Global Monitoring Laboratory, Trends in Atmospheric Carbon Dioxide Data (https://gml.noaa.gov/ccgg/trends/) and Dr. Ralph Keeling, Scripps Institution of Oceanography, Carbon Dioxide Measurements (https://scrippsco2.ucsd.edu/).",ECCA,Atmospheric Carbon Dioxide Concentrations,"Environment, Climate Change, Climate and Weather, Atmospheric Carbon Dioxide Concentrations",1962M01,317.94
World,,WLD,"Monthly Atmospheric Carbon Dioxide Concentrations, Year on Year Percentage Change",Percent,"Dr. Pieter Tans, National Oceanic and Atmospheric Administration (NOAA). Global Monitoring Laboratory, Trends in Atmospheric Carbon Dioxide Data (https://gml.noaa.gov/ccgg/trends/) and Dr. Ralph Keeling, Scripps Institution of Oceanography, Carbon Dioxide Measurements (https://scrippsco2.ucsd.edu/).",ECCA,Atmospheric Carbon Dioxide Concentrations,"Environment, Climate Change, Climate and Weather, Atmospheric Carbon Dioxide Concentrations",1962M01,0.33
World,,WLD,Monthly Atmospheric Carbon Dioxide Concentrations,Parts Per Million,"Dr. Pieter Tans, National Oceanic and Atmospheric Administration (NOAA). Global Monitoring Laboratory, Trends in Atmospheric Carbon Dioxide Data (https://gml.noaa.gov/ccgg/trends/) and Dr. Ralph Keeling, Scripps Institution of Oceanography, Carbon Dioxide Measurements (https://scrippsco2.ucsd.edu/).",ECCA,Atmospheric Carbon Dioxide Concentrations,"Environment, Climate Change, Climate and Weather, Atmospheric Carbon Dioxide Concentrations",1962M02,318.55
World,,WLD,"Monthly Atmospheric Carbon Dioxide Concentrations, Year on Year Percentage Change",Percent,"Dr. Pieter Tans, National Oceanic and Atmospheric Administration (NOAA). Global Monitoring Laboratory, Trends in Atmospheric Carbon Dioxide Data (https://gml.noaa.gov/ccgg/trends/) and Dr. Ralph Keeling, Scripps Institution of Oceanography, Carbon Dioxide Measurements (https://scrippsco2.ucsd.edu/).",ECCA,Atmospheric Carbon Dioxide Concentrations,"Environment, Climate Change, Climate and Weather, Atmospheric Carbon Dioxide Concentrations",1962M02,0.27
World,,WLD,Monthly Atmospheric Carbon Dioxide Concentrations,Parts Per Million,"Dr. Pieter Tans, National Oceanic and Atmospheric Administration (NOAA). Global Monitoring Laboratory, Trends in Atmospheric Carbon Dioxide Data (https://gml.noaa.gov/ccgg/trends/) and Dr. Ralph Keeling, Scripps Institution of Oceanography, Carbon Dioxide Measurements (https://scrippsco2.ucsd.edu/).",ECCA,Atmospheric Carbon Dioxide Concentrations,"Environment, Climate Change, Climate and Weather, Atmospheric Carbon Dioxide Concentrations",1962M03,319.68
World,,WLD,"Monthly Atmospheric Carbon Dioxide Concentrations, Year on Year Percentage Change",Percent,"Dr. Pieter Tans, National Oceanic and Atmospheric Administration (NOAA). Global Monitoring Laboratory, Trends in Atmospheric Carbon Dioxide Data (https://gml.noaa.gov/ccgg/trends/) and Dr. Ralph Keeling, Scripps Institution of Oceanography, Carbon Dioxide Measurements (https://scrippsco2.ucsd.edu/).",ECCA,Atmospheric Carbon Dioxide Concentrations,"Environment, Climate Change, Climate and Weather, Atmospheric Carbon Dioxide Concentrations",1962M03,0.36
World,,WLD,Monthly Atmospheric Carbon Dioxide Concentrations,Parts Per Million,"Dr. Pieter Tans, National Oceanic and Atmospheric Administration (NOAA). Global Monitoring Laboratory, Trends in Atmospheric Carbon Dioxide Data (https://gml.noaa.gov/ccgg/trends/) and Dr. Ralph Keeling, Scripps Institution of Oceanography, Carbon Dioxide Measurements (https://scrippsco2.ucsd.edu/).",ECCA,Atmospheric Carbon Dioxide Concentrations,"Environment, Climate Change, Climate and Weather, Atmospheric Carbon Dioxide Concentrations",1962M04,320.57
World,,WLD,"Monthly Atmospheric Carbon Dioxide Concentrations, Year on Year Percentage Change",Percent,"Dr. Pieter Tans, National Oceanic and Atmospheric Administration (NOAA). Global Monitoring Laboratory, Trends in Atmospheric Carbon Dioxide Data (https://gml.noaa.gov/ccgg/trends/) and Dr. Ralph Keeling, Scripps Institution of Oceanography, Carbon Dioxide Measurements (https://scrippsco2.ucsd.edu/).",ECCA,Atmospheric Carbon Dioxide Concentrations,"Environment, Climate Change, Climate and Weather, Atmospheric Carbon Dioxide Concentrations",1962M04,0.34
World,,WLD,Monthly Atmospheric Carbon Dioxide Concentrations,Parts Per Million,"Dr. Pieter Tans, National Oceanic and Atmospheric Administration (NOAA). Global Monitoring Laboratory, Trends in Atmospheric Carbon Dioxide Data (https://gml.noaa.gov/ccgg/trends/) and Dr. Ralph Keeling, Scripps Institution of Oceanography, Carbon Dioxide Measurements (https://scrippsco2.ucsd.edu/).",ECCA,Atmospheric Carbon Dioxide Concentrations,"Environment, Climate Change, Climate and Weather, Atmospheric Carbon Dioxide Concentrations",1962M05,321.02
World,,WLD,"Monthly Atmospheric Carbon Dioxide Concentrations, Year on Year Percentage Change",Percent,"Dr. Pieter Tans, National Oceanic and Atmospheric Administration (NOAA). Global Monitoring Laboratory, Trends in Atmospheric Carbon Dioxide Data (https://gml.noaa.gov/ccgg/trends/) and Dr. Ralph Keeling, Scripps Institution of Oceanography, Carbon Dioxide Measurements (https://scrippsco2.ucsd.edu/).",ECCA,Atmospheric Carbon Dioxide Concentrations,"Environment, Climate Change, Climate and Weather, Atmospheric Carbon Dioxide Concentrations",1962M05,0.14
World,,WLD,Monthly Atmospheric Carbon Dioxide Concentrations,Parts Per Million,"Dr. Pieter Tans, National Oceanic and Atmospheric Administration (NOAA). Global Monitoring Laboratory, Trends in Atmospheric Carbon Dioxide Data (https://gml.noaa.gov/ccgg/trends/) and Dr. Ralph Keeling, Scripps Institution of Oceanography, Carbon Dioxide Measurements (https://scrippsco2.ucsd.edu/).",ECCA,Atmospheric Carbon Dioxide Concentrations,"Environment, Climate Change, Climate and Weather, Atmospheric Carbon Dioxide Concentrations",1962M06,320.62
World,,WLD,"Monthly Atmospheric Carbon Dioxide Concentrations, Year on Year Percentage Change",Percent,"Dr. Pieter Tans, National Oceanic and Atmospheric Administration (NOAA). Global Monitoring Laboratory, Trends in Atmospheric Carbon Dioxide Data (https://gml.noaa.gov/ccgg/trends/) and Dr. Ralph Keeling, Scripps Institution of Oceanography, Carbon Dioxide Measurements (https://scrippsco2.ucsd.edu/).",ECCA,Atmospheric Carbon Dioxide Concentrations,"Environment, Climate Change, Climate and Weather, Atmospheric Carbon Dioxide Concentrations",1962M06,0.27
World,,WLD,Monthly Atmospheric Carbon Dioxide Concentrations,Parts Per Million,"Dr. Pieter Tans, National Oceanic and Atmospheric Administration (NOAA). Global Monitoring Laboratory, Trends in Atmospheric Carbon Dioxide Data (https://gml.noaa.gov/ccgg/trends/) and Dr. Ralph Keeling, Scripps Institution of Oceanography, Carbon Dioxide Measurements (https://scrippsco2.ucsd.edu/).",ECCA,Atmospheric Carbon Dioxide Concentrations,"Environment, Climate Change, Climate and Weather, Atmospheric Carbon Dioxide Concentrations",1962M07,319.61
World,,WLD,"Monthly Atmospheric Carbon Dioxide Concentrations, Year on Year Percentage Change",Percent,"Dr. Pieter Tans, National Oceanic and Atmospheric Administration (NOAA). Global Monitoring Laboratory, Trends in Atmospheric Carbon Dioxide Data (https://gml.noaa.gov/ccgg/trends/) and Dr. Ralph Keeling, Scripps Institution of Oceanography, Carbon Dioxide Measurements (https://scrippsco2.ucsd.edu/).",ECCA,Atmospheric Carbon Dioxide Concentrations,"Environment, Climate Change, Climate and Weather, Atmospheric Carbon Dioxide Concentrations",1962M07,0.33
World,,WLD,Monthly Atmospheric Carbon Dioxide Concentrations,Parts Per Million,"Dr. Pieter Tans, National Oceanic and Atmospheric Administration (NOAA). Global Monitoring Laboratory, Trends in Atmospheric Carbon Dioxide Data (https://gml.noaa.gov/ccgg/trends/) and Dr. Ralph Keeling, Scripps Institution of Oceanography, Carbon Dioxide Measurements (https://scrippsco2.ucsd.edu/).",ECCA,Atmospheric Carbon Dioxide Concentrations,"Environment, Climate Change, Climate and Weather, Atmospheric Carbon Dioxide Concentrations",1962M08,317.4
World,,WLD,"Monthly Atmospheric Carbon Dioxide Concentrations, Year on Year Percentage Change",Percent,"Dr. Pieter Tans, National Oceanic and Atmospheric Administration (NOAA). Global Monitoring Laboratory, Trends in Atmospheric Carbon Dioxide Data (https://gml.noaa.gov/ccgg/trends/) and Dr. Ralph Keeling, Scripps Institution of Oceanography, Carbon Dioxide Measurements (https://scrippsco2.ucsd.edu/).",ECCA,Atmospheric Carbon Dioxide Concentrations,"Environment, Climate Change, Climate and Weather, Atmospheric Carbon Dioxide Concentrations",1962M08,0.19
World,,WLD,Monthly Atmospheric Carbon Dioxide Concentrations,Parts Per Million,"Dr. Pieter Tans, National Oceanic and Atmospheric Administration (NOAA). Global Monitoring Laboratory, Trends in Atmospheric Carbon Dioxide Data (https://gml.noaa.gov/ccgg/trends/) and Dr. Ralph Keeling, Scripps Institution of Oceanography, Carbon Dioxide Measurements (https://scrippsco2.ucsd.edu/).",ECCA,Atmospheric Carbon Dioxide Concentrations,"Environment, Climate Change, Climate and Weather, Atmospheric Carbon Dioxide Concentrations",1962M09,316.24
World,,WLD,"Monthly Atmospheric Carbon Dioxide Concentrations, Year on Year Percentage Change",Percent,"Dr. Pieter Tans, National Oceanic and Atmospheric Administration (NOAA). Global Monitoring Laboratory, Trends in Atmospheric Carbon Dioxide Data (https://gml.noaa.gov/ccgg/trends/) and Dr. Ralph Keeling, Scripps Institution of Oceanography, Carbon Dioxide Measurements (https://scrippsco2.ucsd.edu/).",ECCA,Atmospheric Carbon Dioxide Concentrations,"Environment, Climate Change, Climate and Weather, Atmospheric Carbon Dioxide Concentrations",1962M09,0.4
World,,WLD,Monthly Atmospheric Carbon Dioxide Concentrations,Parts Per Million,"Dr. Pieter Tans, National Oceanic and Atmospheric Administration (NOAA). Global Monitoring Laboratory, Trends in Atmospheric Carbon Dioxide Data (https://gml.noaa.gov/ccgg/trends/) and Dr. Ralph Keeling, Scripps Institution of Oceanography, Carbon Dioxide Measurements (https://scrippsco2.ucsd.edu/).",ECCA,Atmospheric Carbon Dioxide Concentrations,"Environment, Climate Change, Climate and Weather, Atmospheric Carbon Dioxide Concentrations",1962M10,315.42
World,,WLD,"Monthly Atmospheric Carbon Dioxide Concentrations, Year on Year Percentage Change",Percent,"Dr. Pieter Tans, National Oceanic and Atmospheric Administration (NOAA). Global Monitoring Laboratory, Trends in Atmospheric Carbon Dioxide Data (https://gml.noaa.gov/ccgg/trends/) and Dr. Ralph Keeling, Scripps Institution of Oceanography, Carbon Dioxide Measurements (https://scrippsco2.ucsd.edu/).",ECCA,Atmospheric Carbon Dioxide Concentrations,"Environment, Climate Change, Climate and Weather, Atmospheric Carbon Dioxide Concentrations",1962M10,0.03
World,,WLD,Monthly Atmospheric Carbon Dioxide Concentrations,Parts Per Million,"Dr. Pieter Tans, National Oceanic and Atmospheric Administration (NOAA). Global Monitoring Laboratory, Trends in Atmospheric Carbon Dioxide Data (https://gml.noaa.gov/ccgg/trends/) and Dr. Ralph Keeling, Scripps Institution of Oceanography, Carbon Dioxide Measurements (https://scrippsco2.ucsd.edu/).",ECCA,Atmospheric Carbon Dioxide Concentrations,"Environment, Climate Change, Climate and Weather, Atmospheric Carbon Dioxide Concentrations",1962M11,316.69
World,,WLD,"Monthly Atmospheric Carbon Dioxide Concentrations, Year on Year Percentage Change",Percent,"Dr. Pieter Tans, National Oceanic and Atmospheric Administration (NOAA). Global Monitoring Laboratory, Trends in Atmospheric Carbon Dioxide Data (https://gml.noaa.gov/ccgg/trends/) and Dr. Ralph Keeling, Scripps Institution of Oceanography, Carbon Dioxide Measurements (https://scrippsco2.ucsd.edu/).",ECCA,Atmospheric Carbon Dioxide Concentrations,"Environment, Climate Change, Climate and Weather, Atmospheric Carbon Dioxide Concentrations",1962M11,0.19
World,,WLD,Monthly Atmospheric Carbon Dioxide Concentrations,Parts Per Million,"Dr. Pieter Tans, National Oceanic and Atmospheric Administration (NOAA). Global Monitoring Laboratory, Trends in Atmospheric Carbon Dioxide Data (https://gml.noaa.gov/ccgg/trends/) and Dr. Ralph Keeling, Scripps Institution of Oceanography, Carbon Dioxide Measurements (https://scrippsco2.ucsd.edu/).",ECCA,Atmospheric Carbon Dioxide Concentrations,"Environment, Climate Change, Climate and Weather, Atmospheric Carbon Dioxide Concentrations",1962M12,317.7
World,,WLD,"Monthly Atmospheric Carbon Dioxide Concentrations, Year on Year Percentage Change",Percent,"Dr. Pieter Tans, National Oceanic and Atmospheric Administration (NOAA). Global Monitoring Laboratory, Trends in Atmospheric Carbon Dioxide Data (https://gml.noaa.gov/ccgg/trends/) and Dr. Ralph Keeling, Scripps Institution of Oceanography, Carbon Dioxide Measurements (https://scrippsco2.ucsd.edu/).",ECCA,Atmospheric Carbon Dioxide Concentrations,"Environment, Climate Change, Climate and Weather, Atmospheric Carbon Dioxide Concentrations",1962M12,0.22
World,,WLD,Monthly Atmospheric Carbon Dioxide Concentrations,Parts Per Million,"Dr. Pieter Tans, National Oceanic and Atmospheric Administration (NOAA). Global Monitoring Laboratory, Trends in Atmospheric Carbon Dioxide Data (https://gml.noaa.gov/ccgg/trends/) and Dr. Ralph Keeling, Scripps Institution of Oceanography, Carbon Dioxide Measurements (https://scrippsco2.ucsd.edu/).",ECCA,Atmospheric Carbon Dioxide Concentrations,"Environment, Climate Change, Climate and Weather, Atmospheric Carbon Dioxide Concentrations",1963M01,318.74
World,,WLD,"Monthly Atmospheric Carbon Dioxide Concentrations, Year on Year Percentage Change",Percent,"Dr. Pieter Tans, National Oceanic and Atmospheric Administration (NOAA). Global Monitoring Laboratory, Trends in Atmospheric Carbon Dioxide Data (https://gml.noaa.gov/ccgg/trends/) and Dr. Ralph Keeling, Scripps Institution of Oceanography, Carbon Dioxide Measurements (https://scrippsco2.ucsd.edu/).",ECCA,Atmospheric Carbon Dioxide Concentrations,"Environment, Climate Change, Climate and Weather, Atmospheric Carbon Dioxide Concentrations",1963M01,0.25
World,,WLD,Monthly Atmospheric Carbon Dioxide Concentrations,Parts Per Million,"Dr. Pieter Tans, National Oceanic and Atmospheric Administration (NOAA). Global Monitoring Laboratory, Trends in Atmospheric Carbon Dioxide Data (https://gml.noaa.gov/ccgg/trends/) and Dr. Ralph Keeling, Scripps Institution of Oceanography, Carbon Dioxide Measurements (https://scrippsco2.ucsd.edu/).",ECCA,Atmospheric Carbon Dioxide Concentrations,"Environment, Climate Change, Climate and Weather, Atmospheric Carbon Dioxide Concentrations",1963M02,319.07
World,,WLD,"Monthly Atmospheric Carbon Dioxide Concentrations, Year on Year Percentage Change",Percent,"Dr. Pieter Tans, National Oceanic and Atmospheric Administration (NOAA). Global Monitoring Laboratory, Trends in Atmospheric Carbon Dioxide Data (https://gml.noaa.gov/ccgg/trends/) and Dr. Ralph Keeling, Scripps Institution of Oceanography, Carbon Dioxide Measurements (https://scrippsco2.ucsd.edu/).",ECCA,Atmospheric Carbon Dioxide Concentrations,"Environment, Climate Change, Climate and Weather, Atmospheric Carbon Dioxide Concentrations",1963M02,0.16
World,,WLD,Monthly Atmospheric Carbon Dioxide Concentrations,Parts Per Million,"Dr. Pieter Tans, National Oceanic and Atmospheric Administration (NOAA). Global Monitoring Laboratory, Trends in Atmospheric Carbon Dioxide Data (https://gml.noaa.gov/ccgg/trends/) and Dr. Ralph Keeling, Scripps Institution of Oceanography, Carbon Dioxide Measurements (https://scrippsco2.ucsd.edu/).",ECCA,Atmospheric Carbon Dioxide Concentrations,"Environment, Climate Change, Climate and Weather, Atmospheric Carbon Dioxide Concentrations",1963M03,319.86
World,,WLD,"Monthly Atmospheric Carbon Dioxide Concentrations, Year on Year Percentage Change",Percent,"Dr. Pieter Tans, National Oceanic and Atmospheric Administration (NOAA). Global Monitoring Laboratory, Trends in Atmospheric Carbon Dioxide Data (https://gml.noaa.gov/ccgg/trends/) and Dr. Ralph Keeling, Scripps Institution of Oceanography, Carbon Dioxide Measurements (https://scrippsco2.ucsd.edu/).",ECCA,Atmospheric Carbon Dioxide Concentrations,"Environment, Climate Change, Climate and Weather, Atmospheric Carbon Dioxide Concentrations",1963M03,0.06
World,,WLD,Monthly Atmospheric Carbon Dioxide Concentrations,Parts Per Million,"Dr. Pieter Tans, National Oceanic and Atmospheric Administration (NOAA). Global Monitoring Laboratory, Trends in Atmospheric Carbon Dioxide Data (https://gml.noaa.gov/ccgg/trends/) and Dr. Ralph Keeling, Scripps Institution of Oceanography, Carbon Dioxide Measurements (https://scrippsco2.ucsd.edu/).",ECCA,Atmospheric Carbon Dioxide Concentrations,"Environment, Climate Change, Climate and Weather, Atmospheric Carbon Dioxide Concentrations",1963M04,321.38
World,,WLD,"Monthly Atmospheric Carbon Dioxide Concentrations, Year on Year Percentage Change",Percent,"Dr. Pieter Tans, National Oceanic and Atmospheric Administration (NOAA). Global Monitoring Laboratory, Trends in Atmospheric Carbon Dioxide Data (https://gml.noaa.gov/ccgg/trends/) and Dr. Ralph Keeling, Scripps Institution of Oceanography, Carbon Dioxide Measurements (https://scrippsco2.ucsd.edu/).",ECCA,Atmospheric Carbon Dioxide Concentrations,"Environment, Climate Change, Climate and Weather, Atmospheric Carbon Dioxide Concentrations",1963M04,0.25
World,,WLD,Monthly Atmospheric Carbon Dioxide Concentrations,Parts Per Million,"Dr. Pieter Tans, National Oceanic and Atmospheric Administration (NOAA). Global Monitoring Laboratory, Trends in Atmospheric Carbon Dioxide Data (https://gml.noaa.gov/ccgg/trends/) and Dr. Ralph Keeling, Scripps Institution of Oceanography, Carbon Dioxide Measurements (https://scrippsco2.ucsd.edu/).",ECCA,Atmospheric Carbon Dioxide Concentrations,"Environment, Climate Change, Climate and Weather, Atmospheric Carbon Dioxide Concentrations",1963M05,322.24
World,,WLD,"Monthly Atmospheric Carbon Dioxide Concentrations, Year on Year Percentage Change",Percent,"Dr. Pieter Tans, National Oceanic and Atmospheric Administration (NOAA). Global Monitoring Laboratory, Trends in Atmospheric Carbon Dioxide Data (https://gml.noaa.gov/ccgg/trends/) and Dr. Ralph Keeling, Scripps Institution of Oceanography, Carbon Dioxide Measurements (https://scrippsco2.ucsd.edu/).",ECCA,Atmospheric Carbon Dioxide Concentrations,"Environment, Climate Change, Climate and Weather, Atmospheric Carbon Dioxide Concentrations",1963M05,0.38
World,,WLD,Monthly Atmospheric Carbon Dioxide Concentrations,Parts Per Million,"Dr. Pieter Tans, National Oceanic and Atmospheric Administration (NOAA). Global Monitoring Laboratory, Trends in Atmospheric Carbon Dioxide Data (https://gml.noaa.gov/ccgg/trends/) and Dr. Ralph Keeling, Scripps Institution of Oceanography, Carbon Dioxide Measurements (https://scrippsco2.ucsd.edu/).",ECCA,Atmospheric Carbon Dioxide Concentrations,"Environment, Climate Change, Climate and Weather, Atmospheric Carbon Dioxide Concentrations",1963M06,321.49
World,,WLD,"Monthly Atmospheric Carbon Dioxide Concentrations, Year on Year Percentage Change",Percent,"Dr. Pieter Tans, National Oceanic and Atmospheric Administration (NOAA). Global Monitoring Laboratory, Trends in Atmospheric Carbon Dioxide Data (https://gml.noaa.gov/ccgg/trends/) and Dr. Ralph Keeling, Scripps Institution of Oceanography, Carbon Dioxide Measurements (https://scrippsco2.ucsd.edu/).",ECCA,Atmospheric Carbon Dioxide Concentrations,"Environment, Climate Change, Climate and Weather, Atmospheric Carbon Dioxide Concentrations",1963M06,0.27
World,,WLD,Monthly Atmospheric Carbon Dioxide Concentrations,Parts Per Million,"Dr. Pieter Tans, National Oceanic and Atmospheric Administration (NOAA). Global Monitoring Laboratory, Trends in Atmospheric Carbon Dioxide Data (https://gml.noaa.gov/ccgg/trends/) and Dr. Ralph Keeling, Scripps Institution of Oceanography, Carbon Dioxide Measurements (https://scrippsco2.ucsd.edu/).",ECCA,Atmospheric Carbon Dioxide Concentrations,"Environment, Climate Change, Climate and Weather, Atmospheric Carbon Dioxide Concentrations",1963M07,319.74
World,,WLD,"Monthly Atmospheric Carbon Dioxide Concentrations, Year on Year Percentage Change",Percent,"Dr. Pieter Tans, National Oceanic and Atmospheric Administration (NOAA). Global Monitoring Laboratory, Trends in Atmospheric Carbon Dioxide Data (https://gml.noaa.gov/ccgg/trends/) and Dr. Ralph Keeling, Scripps Institution of Oceanography, Carbon Dioxide Measurements (https://scrippsco2.ucsd.edu/).",ECCA,Atmospheric Carbon Dioxide Concentrations,"Environment, Climate Change, Climate and Weather, Atmospheric Carbon Dioxide Concentrations",1963M07,0.04
World,,WLD,Monthly Atmospheric Carbon Dioxide Concentrations,Parts Per Million,"Dr. Pieter Tans, National Oceanic and Atmospheric Administration (NOAA). Global Monitoring Laboratory, Trends in Atmospheric Carbon Dioxide Data (https://gml.noaa.gov/ccgg/trends/) and Dr. Ralph Keeling, Scripps Institution of Oceanography, Carbon Dioxide Measurements (https://scrippsco2.ucsd.edu/).",ECCA,Atmospheric Carbon Dioxide Concentrations,"Environment, Climate Change, Climate and Weather, Atmospheric Carbon Dioxide Concentrations",1963M08,317.77
World,,WLD,"Monthly Atmospheric Carbon Dioxide Concentrations, Year on Year Percentage Change",Percent,"Dr. Pieter Tans, National Oceanic and Atmospheric Administration (NOAA). Global Monitoring Laboratory, Trends in Atmospheric Carbon Dioxide Data (https://gml.noaa.gov/ccgg/trends/) and Dr. Ralph Keeling, Scripps Institution of Oceanography, Carbon Dioxide Measurements (https://scrippsco2.ucsd.edu/).",ECCA,Atmospheric Carbon Dioxide Concentrations,"Environment, Climate Change, Climate and Weather, Atmospheric Carbon Dioxide Concentrations",1963M08,0.12
World,,WLD,Monthly Atmospheric Carbon Dioxide Concentrations,Parts Per Million,"Dr. Pieter Tans, National Oceanic and Atmospheric Administration (NOAA). Global Monitoring Laboratory, Trends in Atmospheric Carbon Dioxide Data (https://gml.noaa.gov/ccgg/trends/) and Dr. Ralph Keeling, Scripps Institution of Oceanography, Carbon Dioxide Measurements (https://scrippsco2.ucsd.edu/).",ECCA,Atmospheric Carbon Dioxide Concentrations,"Environment, Climate Change, Climate and Weather, Atmospheric Carbon Dioxide Concentrations",1963M09,316.21
World,,WLD,"Monthly Atmospheric Carbon Dioxide Concentrations, Year on Year Percentage Change",Percent,"Dr. Pieter Tans, National Oceanic and Atmospheric Administration (NOAA). Global Monitoring Laboratory, Trends in Atmospheric Carbon Dioxide Data (https://gml.noaa.gov/ccgg/trends/) and Dr. Ralph Keeling, Scripps Institution of Oceanography, Carbon Dioxide Measurements (https://scrippsco2.ucsd.edu/).",ECCA,Atmospheric Carbon Dioxide Concentrations,"Environment, Climate Change, Climate and Weather, Atmospheric Carbon Dioxide Concentrations",1963M09,-0.01
World,,WLD,Monthly Atmospheric Carbon Dioxide Concentrations,Parts Per Million,"Dr. Pieter Tans, National Oceanic and Atmospheric Administration (NOAA). Global Monitoring Laboratory, Trends in Atmospheric Carbon Dioxide Data (https://gml.noaa.gov/ccgg/trends/) and Dr. Ralph Keeling, Scripps Institution of Oceanography, Carbon Dioxide Measurements (https://scrippsco2.ucsd.edu/).",ECCA,Atmospheric Carbon Dioxide Concentrations,"Environment, Climate Change, Climate and Weather, Atmospheric Carbon Dioxide Concentrations",1963M10,315.99
World,,WLD,"Monthly Atmospheric Carbon Dioxide Concentrations, Year on Year Percentage Change",Percent,"Dr. Pieter Tans, National Oceanic and Atmospheric Administration (NOAA). Global Monitoring Laboratory, Trends in Atmospheric Carbon Dioxide Data (https://gml.noaa.gov/ccgg/trends/) and Dr. Ralph Keeling, Scripps Institution of Oceanography, Carbon Dioxide Measurements (https://scrippsco2.ucsd.edu/).",ECCA,Atmospheric Carbon Dioxide Concentrations,"Environment, Climate Change, Climate and Weather, Atmospheric Carbon Dioxide Concentrations",1963M10,0.18
World,,WLD,Monthly Atmospheric Carbon Dioxide Concentrations,Parts Per Million,"Dr. Pieter Tans, National Oceanic and Atmospheric Administration (NOAA). Global Monitoring Laboratory, Trends in Atmospheric Carbon Dioxide Data (https://gml.noaa.gov/ccgg/trends/) and Dr. Ralph Keeling, Scripps Institution of Oceanography, Carbon Dioxide Measurements (https://scrippsco2.ucsd.edu/).",ECCA,Atmospheric Carbon Dioxide Concentrations,"Environment, Climate Change, Climate and Weather, Atmospheric Carbon Dioxide Concentrations",1963M11,317.07
World,,WLD,"Monthly Atmospheric Carbon Dioxide Concentrations, Year on Year Percentage Change",Percent,"Dr. Pieter Tans, National Oceanic and Atmospheric Administration (NOAA). Global Monitoring Laboratory, Trends in Atmospheric Carbon Dioxide Data (https://gml.noaa.gov/ccgg/trends/) and Dr. Ralph Keeling, Scripps Institution of Oceanography, Carbon Dioxide Measurements (https://scrippsco2.ucsd.edu/).",ECCA,Atmospheric Carbon Dioxide Concentrations,"Environment, Climate Change, Climate and Weather, Atmospheric Carbon Dioxide Concentrations",1963M11,0.12
World,,WLD,Monthly Atmospheric Carbon Dioxide Concentrations,Parts Per Million,"Dr. Pieter Tans, National Oceanic and Atmospheric Administration (NOAA). Global Monitoring Laboratory, Trends in Atmospheric Carbon Dioxide Data (https://gml.noaa.gov/ccgg/trends/) and Dr. Ralph Keeling, Scripps Institution of Oceanography, Carbon Dioxide Measurements (https://scrippsco2.ucsd.edu/).",ECCA,Atmospheric Carbon Dioxide Concentrations,"Environment, Climate Change, Climate and Weather, Atmospheric Carbon Dioxide Concentrations",1963M12,318.35
World,,WLD,"Monthly Atmospheric Carbon Dioxide Concentrations, Year on Year Percentage Change",Percent,"Dr. Pieter Tans, National Oceanic and Atmospheric Administration (NOAA). Global Monitoring Laboratory, Trends in Atmospheric Carbon Dioxide Data (https://gml.noaa.gov/ccgg/trends/) and Dr. Ralph Keeling, Scripps Institution of Oceanography, Carbon Dioxide Measurements (https://scrippsco2.ucsd.edu/).",ECCA,Atmospheric Carbon Dioxide Concentrations,"Environment, Climate Change, Climate and Weather, Atmospheric Carbon Dioxide Concentrations",1963M12,0.2
World,,WLD,Monthly Atmospheric Carbon Dioxide Concentrations,Parts Per Million,"Dr. Pieter Tans, National Oceanic and Atmospheric Administration (NOAA). Global Monitoring Laboratory, Trends in Atmospheric Carbon Dioxide Data (https://gml.noaa.gov/ccgg/trends/) and Dr. Ralph Keeling, Scripps Institution of Oceanography, Carbon Dioxide Measurements (https://scrippsco2.ucsd.edu/).",ECCA,Atmospheric Carbon Dioxide Concentrations,"Environment, Climate Change, Climate and Weather, Atmospheric Carbon Dioxide Concentrations",1964M01,319.57
World,,WLD,"Monthly Atmospheric Carbon Dioxide Concentrations, Year on Year Percentage Change",Percent,"Dr. Pieter Tans, National Oceanic and Atmospheric Administration (NOAA). Global Monitoring Laboratory, Trends in Atmospheric Carbon Dioxide Data (https://gml.noaa.gov/ccgg/trends/) and Dr. Ralph Keeling, Scripps Institution of Oceanography, Carbon Dioxide Measurements (https://scrippsco2.ucsd.edu/).",ECCA,Atmospheric Carbon Dioxide Concentrations,"Environment, Climate Change, Climate and Weather, Atmospheric Carbon Dioxide Concentrations",1964M01,0.26
World,,WLD,Monthly Atmospheric Carbon Dioxide Concentrations,Parts Per Million,"Dr. Pieter Tans, National Oceanic and Atmospheric Administration (NOAA). Global Monitoring Laboratory, Trends in Atmospheric Carbon Dioxide Data (https://gml.noaa.gov/ccgg/trends/) and Dr. Ralph Keeling, Scripps Institution of Oceanography, Carbon Dioxide Measurements (https://scrippsco2.ucsd.edu/).",ECCA,Atmospheric Carbon Dioxide Concentrations,"Environment, Climate Change, Climate and Weather, Atmospheric Carbon Dioxide Concentrations",1964M02,320.04
World,,WLD,"Monthly Atmospheric Carbon Dioxide Concentrations, Year on Year Percentage Change",Percent,"Dr. Pieter Tans, National Oceanic and Atmospheric Administration (NOAA). Global Monitoring Laboratory, Trends in Atmospheric Carbon Dioxide Data (https://gml.noaa.gov/ccgg/trends/) and Dr. Ralph Keeling, Scripps Institution of Oceanography, Carbon Dioxide Measurements (https://scrippsco2.ucsd.edu/).",ECCA,Atmospheric Carbon Dioxide Concentrations,"Environment, Climate Change, Climate and Weather, Atmospheric Carbon Dioxide Concentrations",1964M02,0.3
World,,WLD,Monthly Atmospheric Carbon Dioxide Concentrations,Parts Per Million,"Dr. Pieter Tans, National Oceanic and Atmospheric Administration (NOAA). Global Monitoring Laboratory, Trends in Atmospheric Carbon Dioxide Data (https://gml.noaa.gov/ccgg/trends/) and Dr. Ralph Keeling, Scripps Institution of Oceanography, Carbon Dioxide Measurements (https://scrippsco2.ucsd.edu/).",ECCA,Atmospheric Carbon Dioxide Concentrations,"Environment, Climate Change, Climate and Weather, Atmospheric Carbon Dioxide Concentrations",1964M03,320.75
World,,WLD,"Monthly Atmospheric Carbon Dioxide Concentrations, Year on Year Percentage Change",Percent,"Dr. Pieter Tans, National Oceanic and Atmospheric Administration (NOAA). Global Monitoring Laboratory, Trends in Atmospheric Carbon Dioxide Data (https://gml.noaa.gov/ccgg/trends/) and Dr. Ralph Keeling, Scripps Institution of Oceanography, Carbon Dioxide Measurements (https://scrippsco2.ucsd.edu/).",ECCA,Atmospheric Carbon Dioxide Concentrations,"Environment, Climate Change, Climate and Weather, Atmospheric Carbon Dioxide Concentrations",1964M03,0.28
World,,WLD,Monthly Atmospheric Carbon Dioxide Concentrations,Parts Per Million,"Dr. Pieter Tans, National Oceanic and Atmospheric Administration (NOAA). Global Monitoring Laboratory, Trends in Atmospheric Carbon Dioxide Data (https://gml.noaa.gov/ccgg/trends/) and Dr. Ralph Keeling, Scripps Institution of Oceanography, Carbon Dioxide Measurements (https://scrippsco2.ucsd.edu/).",ECCA,Atmospheric Carbon Dioxide Concentrations,"Environment, Climate Change, Climate and Weather, Atmospheric Carbon Dioxide Concentrations",1964M04,321.84
World,,WLD,"Monthly Atmospheric Carbon Dioxide Concentrations, Year on Year Percentage Change",Percent,"Dr. Pieter Tans, National Oceanic and Atmospheric Administration (NOAA). Global Monitoring Laboratory, Trends in Atmospheric Carbon Dioxide Data (https://gml.noaa.gov/ccgg/trends/) and Dr. Ralph Keeling, Scripps Institution of Oceanography, Carbon Dioxide Measurements (https://scrippsco2.ucsd.edu/).",ECCA,Atmospheric Carbon Dioxide Concentrations,"Environment, Climate Change, Climate and Weather, Atmospheric Carbon Dioxide Concentrations",1964M04,0.14
World,,WLD,Monthly Atmospheric Carbon Dioxide Concentrations,Parts Per Million,"Dr. Pieter Tans, National Oceanic and Atmospheric Administration (NOAA). Global Monitoring Laboratory, Trends in Atmospheric Carbon Dioxide Data (https://gml.noaa.gov/ccgg/trends/) and Dr. Ralph Keeling, Scripps Institution of Oceanography, Carbon Dioxide Measurements (https://scrippsco2.ucsd.edu/).",ECCA,Atmospheric Carbon Dioxide Concentrations,"Environment, Climate Change, Climate and Weather, Atmospheric Carbon Dioxide Concentrations",1964M05,322.25
World,,WLD,"Monthly Atmospheric Carbon Dioxide Concentrations, Year on Year Percentage Change",Percent,"Dr. Pieter Tans, National Oceanic and Atmospheric Administration (NOAA). Global Monitoring Laboratory, Trends in Atmospheric Carbon Dioxide Data (https://gml.noaa.gov/ccgg/trends/) and Dr. Ralph Keeling, Scripps Institution of Oceanography, Carbon Dioxide Measurements (https://scrippsco2.ucsd.edu/).",ECCA,Atmospheric Carbon Dioxide Concentrations,"Environment, Climate Change, Climate and Weather, Atmospheric Carbon Dioxide Concentrations",1964M05,0.0
World,,WLD,Monthly Atmospheric Carbon Dioxide Concentrations,Parts Per Million,"Dr. Pieter Tans, National Oceanic and Atmospheric Administration (NOAA). Global Monitoring Laboratory, Trends in Atmospheric Carbon Dioxide Data (https://gml.noaa.gov/ccgg/trends/) and Dr. Ralph Keeling, Scripps Institution of Oceanography, Carbon Dioxide Measurements (https://scrippsco2.ucsd.edu/).",ECCA,Atmospheric Carbon Dioxide Concentrations,"Environment, Climate Change, Climate and Weather, Atmospheric Carbon Dioxide Concentrations",1964M06,321.89
World,,WLD,"Monthly Atmospheric Carbon Dioxide Concentrations, Year on Year Percentage Change",Percent,"Dr. Pieter Tans, National Oceanic and Atmospheric Administration (NOAA). Global Monitoring Laboratory, Trends in Atmospheric Carbon Dioxide Data (https://gml.noaa.gov/ccgg/trends/) and Dr. Ralph Keeling, Scripps Institution of Oceanography, Carbon Dioxide Measurements (https://scrippsco2.ucsd.edu/).",ECCA,Atmospheric Carbon Dioxide Concentrations,"Environment, Climate Change, Climate and Weather, Atmospheric Carbon Dioxide Concentrations",1964M06,0.12
World,,WLD,Monthly Atmospheric Carbon Dioxide Concentrations,Parts Per Million,"Dr. Pieter Tans, National Oceanic and Atmospheric Administration (NOAA). Global Monitoring Laboratory, Trends in Atmospheric Carbon Dioxide Data (https://gml.noaa.gov/ccgg/trends/) and Dr. Ralph Keeling, Scripps Institution of Oceanography, Carbon Dioxide Measurements (https://scrippsco2.ucsd.edu/).",ECCA,Atmospheric Carbon Dioxide Concentrations,"Environment, Climate Change, Climate and Weather, Atmospheric Carbon Dioxide Concentrations",1964M07,320.44
World,,WLD,"Monthly Atmospheric Carbon Dioxide Concentrations, Year on Year Percentage Change",Percent,"Dr. Pieter Tans, National Oceanic and Atmospheric Administration (NOAA). Global Monitoring Laboratory, Trends in Atmospheric Carbon Dioxide Data (https://gml.noaa.gov/ccgg/trends/) and Dr. Ralph Keeling, Scripps Institution of Oceanography, Carbon Dioxide Measurements (https://scrippsco2.ucsd.edu/).",ECCA,Atmospheric Carbon Dioxide Concentrations,"Environment, Climate Change, Climate and Weather, Atmospheric Carbon Dioxide Concentrations",1964M07,0.22
World,,WLD,Monthly Atmospheric Carbon Dioxide Concentrations,Parts Per Million,"Dr. Pieter Tans, National Oceanic and Atmospheric Administration (NOAA). Global Monitoring Laboratory, Trends in Atmospheric Carbon Dioxide Data (https://gml.noaa.gov/ccgg/trends/) and Dr. Ralph Keeling, Scripps Institution of Oceanography, Carbon Dioxide Measurements (https://scrippsco2.ucsd.edu/).",ECCA,Atmospheric Carbon Dioxide Concentrations,"Environment, Climate Change, Climate and Weather, Atmospheric Carbon Dioxide Concentrations",1964M08,318.69
World,,WLD,"Monthly Atmospheric Carbon Dioxide Concentrations, Year on Year Percentage Change",Percent,"Dr. Pieter Tans, National Oceanic and Atmospheric Administration (NOAA). Global Monitoring Laboratory, Trends in Atmospheric Carbon Dioxide Data (https://gml.noaa.gov/ccgg/trends/) and Dr. Ralph Keeling, Scripps Institution of Oceanography, Carbon Dioxide Measurements (https://scrippsco2.ucsd.edu/).",ECCA,Atmospheric Carbon Dioxide Concentrations,"Environment, Climate Change, Climate and Weather, Atmospheric Carbon Dioxide Concentrations",1964M08,0.29
World,,WLD,Monthly Atmospheric Carbon Dioxide Concentrations,Parts Per Million,"Dr. Pieter Tans, National Oceanic and Atmospheric Administration (NOAA). Global Monitoring Laboratory, Trends in Atmospheric Carbon Dioxide Data (https://gml.noaa.gov/ccgg/trends/) and Dr. Ralph Keeling, Scripps Institution of Oceanography, Carbon Dioxide Measurements (https://scrippsco2.ucsd.edu/).",ECCA,Atmospheric Carbon Dioxide Concentrations,"Environment, Climate Change, Climate and Weather, Atmospheric Carbon Dioxide Concentrations",1964M09,316.71
World,,WLD,"Monthly Atmospheric Carbon Dioxide Concentrations, Year on Year Percentage Change",Percent,"Dr. Pieter Tans, National Oceanic and Atmospheric Administration (NOAA). Global Monitoring Laboratory, Trends in Atmospheric Carbon Dioxide Data (https://gml.noaa.gov/ccgg/trends/) and Dr. Ralph Keeling, Scripps Institution of Oceanography, Carbon Dioxide Measurements (https://scrippsco2.ucsd.edu/).",ECCA,Atmospheric Carbon Dioxide Concentrations,"Environment, Climate Change, Climate and Weather, Atmospheric Carbon Dioxide Concentrations",1964M09,0.16
World,,WLD,Monthly Atmospheric Carbon Dioxide Concentrations,Parts Per Million,"Dr. Pieter Tans, National Oceanic and Atmospheric Administration (NOAA). Global Monitoring Laboratory, Trends in Atmospheric Carbon Dioxide Data (https://gml.noaa.gov/ccgg/trends/) and Dr. Ralph Keeling, Scripps Institution of Oceanography, Carbon Dioxide Measurements (https://scrippsco2.ucsd.edu/).",ECCA,Atmospheric Carbon Dioxide Concentrations,"Environment, Climate Change, Climate and Weather, Atmospheric Carbon Dioxide Concentrations",1964M10,316.87
World,,WLD,"Monthly Atmospheric Carbon Dioxide Concentrations, Year on Year Percentage Change",Percent,"Dr. Pieter Tans, National Oceanic and Atmospheric Administration (NOAA). Global Monitoring Laboratory, Trends in Atmospheric Carbon Dioxide Data (https://gml.noaa.gov/ccgg/trends/) and Dr. Ralph Keeling, Scripps Institution of Oceanography, Carbon Dioxide Measurements (https://scrippsco2.ucsd.edu/).",ECCA,Atmospheric Carbon Dioxide Concentrations,"Environment, Climate Change, Climate and Weather, Atmospheric Carbon Dioxide Concentrations",1964M10,0.28
World,,WLD,Monthly Atmospheric Carbon Dioxide Concentrations,Parts Per Million,"Dr. Pieter Tans, National Oceanic and Atmospheric Administration (NOAA). Global Monitoring Laboratory, Trends in Atmospheric Carbon Dioxide Data (https://gml.noaa.gov/ccgg/trends/) and Dr. Ralph Keeling, Scripps Institution of Oceanography, Carbon Dioxide Measurements (https://scrippsco2.ucsd.edu/).",ECCA,Atmospheric Carbon Dioxide Concentrations,"Environment, Climate Change, Climate and Weather, Atmospheric Carbon Dioxide Concentrations",1964M11,317.68
World,,WLD,"Monthly Atmospheric Carbon Dioxide Concentrations, Year on Year Percentage Change",Percent,"Dr. Pieter Tans, National Oceanic and Atmospheric Administration (NOAA). Global Monitoring Laboratory, Trends in Atmospheric Carbon Dioxide Data (https://gml.noaa.gov/ccgg/trends/) and Dr. Ralph Keeling, Scripps Institution of Oceanography, Carbon Dioxide Measurements (https://scrippsco2.ucsd.edu/).",ECCA,Atmospheric Carbon Dioxide Concentrations,"Environment, Climate Change, Climate and Weather, Atmospheric Carbon Dioxide Concentrations",1964M11,0.19
World,,WLD,Monthly Atmospheric Carbon Dioxide Concentrations,Parts Per Million,"Dr. Pieter Tans, National Oceanic and Atmospheric Administration (NOAA). Global Monitoring Laboratory, Trends in Atmospheric Carbon Dioxide Data (https://gml.noaa.gov/ccgg/trends/) and Dr. Ralph Keeling, Scripps Institution of Oceanography, Carbon Dioxide Measurements (https://scrippsco2.ucsd.edu/).",ECCA,Atmospheric Carbon Dioxide Concentrations,"Environment, Climate Change, Climate and Weather, Atmospheric Carbon Dioxide Concentrations",1964M12,318.71
World,,WLD,"Monthly Atmospheric Carbon Dioxide Concentrations, Year on Year Percentage Change",Percent,"Dr. Pieter Tans, National Oceanic and Atmospheric Administration (NOAA). Global Monitoring Laboratory, Trends in Atmospheric Carbon Dioxide Data (https://gml.noaa.gov/ccgg/trends/) and Dr. Ralph Keeling, Scripps Institution of Oceanography, Carbon Dioxide Measurements (https://scrippsco2.ucsd.edu/).",ECCA,Atmospheric Carbon Dioxide Concentrations,"Environment, Climate Change, Climate and Weather, Atmospheric Carbon Dioxide Concentrations",1964M12,0.11
World,,WLD,Monthly Atmospheric Carbon Dioxide Concentrations,Parts Per Million,"Dr. Pieter Tans, National Oceanic and Atmospheric Administration (NOAA). Global Monitoring Laboratory, Trends in Atmospheric Carbon Dioxide Data (https://gml.noaa.gov/ccgg/trends/) and Dr. Ralph Keeling, Scripps Institution of Oceanography, Carbon Dioxide Measurements (https://scrippsco2.ucsd.edu/).",ECCA,Atmospheric Carbon Dioxide Concentrations,"Environment, Climate Change, Climate and Weather, Atmospheric Carbon Dioxide Concentrations",1965M01,319.44
World,,WLD,"Monthly Atmospheric Carbon Dioxide Concentrations, Year on Year Percentage Change",Percent,"Dr. Pieter Tans, National Oceanic and Atmospheric Administration (NOAA). Global Monitoring Laboratory, Trends in Atmospheric Carbon Dioxide Data (https://gml.noaa.gov/ccgg/trends/) and Dr. Ralph Keeling, Scripps Institution of Oceanography, Carbon Dioxide Measurements (https://scrippsco2.ucsd.edu/).",ECCA,Atmospheric Carbon Dioxide Concentrations,"Environment, Climate Change, Climate and Weather, Atmospheric Carbon Dioxide Concentrations",1965M01,-0.04
World,,WLD,Monthly Atmospheric Carbon Dioxide Concentrations,Parts Per Million,"Dr. Pieter Tans, National Oceanic and Atmospheric Administration (NOAA). Global Monitoring Laboratory, Trends in Atmospheric Carbon Dioxide Data (https://gml.noaa.gov/ccgg/trends/) and Dr. Ralph Keeling, Scripps Institution of Oceanography, Carbon Dioxide Measurements (https://scrippsco2.ucsd.edu/).",ECCA,Atmospheric Carbon Dioxide Concentrations,"Environment, Climate Change, Climate and Weather, Atmospheric Carbon Dioxide Concentrations",1965M02,320.44
World,,WLD,"Monthly Atmospheric Carbon Dioxide Concentrations, Year on Year Percentage Change",Percent,"Dr. Pieter Tans, National Oceanic and Atmospheric Administration (NOAA). Global Monitoring Laboratory, Trends in Atmospheric Carbon Dioxide Data (https://gml.noaa.gov/ccgg/trends/) and Dr. Ralph Keeling, Scripps Institution of Oceanography, Carbon Dioxide Measurements (https://scrippsco2.ucsd.edu/).",ECCA,Atmospheric Carbon Dioxide Concentrations,"Environment, Climate Change, Climate and Weather, Atmospheric Carbon Dioxide Concentrations",1965M02,0.12
World,,WLD,Monthly Atmospheric Carbon Dioxide Concentrations,Parts Per Million,"Dr. Pieter Tans, National Oceanic and Atmospheric Administration (NOAA). Global Monitoring Laboratory, Trends in Atmospheric Carbon Dioxide Data (https://gml.noaa.gov/ccgg/trends/) and Dr. Ralph Keeling, Scripps Institution of Oceanography, Carbon Dioxide Measurements (https://scrippsco2.ucsd.edu/).",ECCA,Atmospheric Carbon Dioxide Concentrations,"Environment, Climate Change, Climate and Weather, Atmospheric Carbon Dioxide Concentrations",1965M03,320.89
World,,WLD,"Monthly Atmospheric Carbon Dioxide Concentrations, Year on Year Percentage Change",Percent,"Dr. Pieter Tans, National Oceanic and Atmospheric Administration (NOAA). Global Monitoring Laboratory, Trends in Atmospheric Carbon Dioxide Data (https://gml.noaa.gov/ccgg/trends/) and Dr. Ralph Keeling, Scripps Institution of Oceanography, Carbon Dioxide Measurements (https://scrippsco2.ucsd.edu/).",ECCA,Atmospheric Carbon Dioxide Concentrations,"Environment, Climate Change, Climate and Weather, Atmospheric Carbon Dioxide Concentrations",1965M03,0.04
World,,WLD,Monthly Atmospheric Carbon Dioxide Concentrations,Parts Per Million,"Dr. Pieter Tans, National Oceanic and Atmospheric Administration (NOAA). Global Monitoring Laboratory, Trends in Atmospheric Carbon Dioxide Data (https://gml.noaa.gov/ccgg/trends/) and Dr. Ralph Keeling, Scripps Institution of Oceanography, Carbon Dioxide Measurements (https://scrippsco2.ucsd.edu/).",ECCA,Atmospheric Carbon Dioxide Concentrations,"Environment, Climate Change, Climate and Weather, Atmospheric Carbon Dioxide Concentrations",1965M04,322.14
World,,WLD,"Monthly Atmospheric Carbon Dioxide Concentrations, Year on Year Percentage Change",Percent,"Dr. Pieter Tans, National Oceanic and Atmospheric Administration (NOAA). Global Monitoring Laboratory, Trends in Atmospheric Carbon Dioxide Data (https://gml.noaa.gov/ccgg/trends/) and Dr. Ralph Keeling, Scripps Institution of Oceanography, Carbon Dioxide Measurements (https://scrippsco2.ucsd.edu/).",ECCA,Atmospheric Carbon Dioxide Concentrations,"Environment, Climate Change, Climate and Weather, Atmospheric Carbon Dioxide Concentrations",1965M04,0.09
World,,WLD,Monthly Atmospheric Carbon Dioxide Concentrations,Parts Per Million,"Dr. Pieter Tans, National Oceanic and Atmospheric Administration (NOAA). Global Monitoring Laboratory, Trends in Atmospheric Carbon Dioxide Data (https://gml.noaa.gov/ccgg/trends/) and Dr. Ralph Keeling, Scripps Institution of Oceanography, Carbon Dioxide Measurements (https://scrippsco2.ucsd.edu/).",ECCA,Atmospheric Carbon Dioxide Concentrations,"Environment, Climate Change, Climate and Weather, Atmospheric Carbon Dioxide Concentrations",1965M05,322.17
World,,WLD,"Monthly Atmospheric Carbon Dioxide Concentrations, Year on Year Percentage Change",Percent,"Dr. Pieter Tans, National Oceanic and Atmospheric Administration (NOAA). Global Monitoring Laboratory, Trends in Atmospheric Carbon Dioxide Data (https://gml.noaa.gov/ccgg/trends/) and Dr. Ralph Keeling, Scripps Institution of Oceanography, Carbon Dioxide Measurements (https://scrippsco2.ucsd.edu/).",ECCA,Atmospheric Carbon Dioxide Concentrations,"Environment, Climate Change, Climate and Weather, Atmospheric Carbon Dioxide Concentrations",1965M05,-0.02
World,,WLD,Monthly Atmospheric Carbon Dioxide Concentrations,Parts Per Million,"Dr. Pieter Tans, National Oceanic and Atmospheric Administration (NOAA). Global Monitoring Laboratory, Trends in Atmospheric Carbon Dioxide Data (https://gml.noaa.gov/ccgg/trends/) and Dr. Ralph Keeling, Scripps Institution of Oceanography, Carbon Dioxide Measurements (https://scrippsco2.ucsd.edu/).",ECCA,Atmospheric Carbon Dioxide Concentrations,"Environment, Climate Change, Climate and Weather, Atmospheric Carbon Dioxide Concentrations",1965M06,321.87
World,,WLD,"Monthly Atmospheric Carbon Dioxide Concentrations, Year on Year Percentage Change",Percent,"Dr. Pieter Tans, National Oceanic and Atmospheric Administration (NOAA). Global Monitoring Laboratory, Trends in Atmospheric Carbon Dioxide Data (https://gml.noaa.gov/ccgg/trends/) and Dr. Ralph Keeling, Scripps Institution of Oceanography, Carbon Dioxide Measurements (https://scrippsco2.ucsd.edu/).",ECCA,Atmospheric Carbon Dioxide Concentrations,"Environment, Climate Change, Climate and Weather, Atmospheric Carbon Dioxide Concentrations",1965M06,-0.01
World,,WLD,Monthly Atmospheric Carbon Dioxide Concentrations,Parts Per Million,"Dr. Pieter Tans, National Oceanic and Atmospheric Administration (NOAA). Global Monitoring Laboratory, Trends in Atmospheric Carbon Dioxide Data (https://gml.noaa.gov/ccgg/trends/) and Dr. Ralph Keeling, Scripps Institution of Oceanography, Carbon Dioxide Measurements (https://scrippsco2.ucsd.edu/).",ECCA,Atmospheric Carbon Dioxide Concentrations,"Environment, Climate Change, Climate and Weather, Atmospheric Carbon Dioxide Concentrations",1965M07,321.21
World,,WLD,"Monthly Atmospheric Carbon Dioxide Concentrations, Year on Year Percentage Change",Percent,"Dr. Pieter Tans, National Oceanic and Atmospheric Administration (NOAA). Global Monitoring Laboratory, Trends in Atmospheric Carbon Dioxide Data (https://gml.noaa.gov/ccgg/trends/) and Dr. Ralph Keeling, Scripps Institution of Oceanography, Carbon Dioxide Measurements (https://scrippsco2.ucsd.edu/).",ECCA,Atmospheric Carbon Dioxide Concentrations,"Environment, Climate Change, Climate and Weather, Atmospheric Carbon Dioxide Concentrations",1965M07,0.24
World,,WLD,Monthly Atmospheric Carbon Dioxide Concentrations,Parts Per Million,"Dr. Pieter Tans, National Oceanic and Atmospheric Administration (NOAA). Global Monitoring Laboratory, Trends in Atmospheric Carbon Dioxide Data (https://gml.noaa.gov/ccgg/trends/) and Dr. Ralph Keeling, Scripps Institution of Oceanography, Carbon Dioxide Measurements (https://scrippsco2.ucsd.edu/).",ECCA,Atmospheric Carbon Dioxide Concentrations,"Environment, Climate Change, Climate and Weather, Atmospheric Carbon Dioxide Concentrations",1965M08,318.87
World,,WLD,"Monthly Atmospheric Carbon Dioxide Concentrations, Year on Year Percentage Change",Percent,"Dr. Pieter Tans, National Oceanic and Atmospheric Administration (NOAA). Global Monitoring Laboratory, Trends in Atmospheric Carbon Dioxide Data (https://gml.noaa.gov/ccgg/trends/) and Dr. Ralph Keeling, Scripps Institution of Oceanography, Carbon Dioxide Measurements (https://scrippsco2.ucsd.edu/).",ECCA,Atmospheric Carbon Dioxide Concentrations,"Environment, Climate Change, Climate and Weather, Atmospheric Carbon Dioxide Concentrations",1965M08,0.06
World,,WLD,Monthly Atmospheric Carbon Dioxide Concentrations,Parts Per Million,"Dr. Pieter Tans, National Oceanic and Atmospheric Administration (NOAA). Global Monitoring Laboratory, Trends in Atmospheric Carbon Dioxide Data (https://gml.noaa.gov/ccgg/trends/) and Dr. Ralph Keeling, Scripps Institution of Oceanography, Carbon Dioxide Measurements (https://scrippsco2.ucsd.edu/).",ECCA,Atmospheric Carbon Dioxide Concentrations,"Environment, Climate Change, Climate and Weather, Atmospheric Carbon Dioxide Concentrations",1965M09,317.82
World,,WLD,"Monthly Atmospheric Carbon Dioxide Concentrations, Year on Year Percentage Change",Percent,"Dr. Pieter Tans, National Oceanic and Atmospheric Administration (NOAA). Global Monitoring Laboratory, Trends in Atmospheric Carbon Dioxide Data (https://gml.noaa.gov/ccgg/trends/) and Dr. Ralph Keeling, Scripps Institution of Oceanography, Carbon Dioxide Measurements (https://scrippsco2.ucsd.edu/).",ECCA,Atmospheric Carbon Dioxide Concentrations,"Environment, Climate Change, Climate and Weather, Atmospheric Carbon Dioxide Concentrations",1965M09,0.35
World,,WLD,Monthly Atmospheric Carbon Dioxide Concentrations,Parts Per Million,"Dr. Pieter Tans, National Oceanic and Atmospheric Administration (NOAA). Global Monitoring Laboratory, Trends in Atmospheric Carbon Dioxide Data (https://gml.noaa.gov/ccgg/trends/) and Dr. Ralph Keeling, Scripps Institution of Oceanography, Carbon Dioxide Measurements (https://scrippsco2.ucsd.edu/).",ECCA,Atmospheric Carbon Dioxide Concentrations,"Environment, Climate Change, Climate and Weather, Atmospheric Carbon Dioxide Concentrations",1965M10,317.3
World,,WLD,"Monthly Atmospheric Carbon Dioxide Concentrations, Year on Year Percentage Change",Percent,"Dr. Pieter Tans, National Oceanic and Atmospheric Administration (NOAA). Global Monitoring Laboratory, Trends in Atmospheric Carbon Dioxide Data (https://gml.noaa.gov/ccgg/trends/) and Dr. Ralph Keeling, Scripps Institution of Oceanography, Carbon Dioxide Measurements (https://scrippsco2.ucsd.edu/).",ECCA,Atmospheric Carbon Dioxide Concentrations,"Environment, Climate Change, Climate and Weather, Atmospheric Carbon Dioxide Concentrations",1965M10,0.14
World,,WLD,Monthly Atmospheric Carbon Dioxide Concentrations,Parts Per Million,"Dr. Pieter Tans, National Oceanic and Atmospheric Administration (NOAA). Global Monitoring Laboratory, Trends in Atmospheric Carbon Dioxide Data (https://gml.noaa.gov/ccgg/trends/) and Dr. Ralph Keeling, Scripps Institution of Oceanography, Carbon Dioxide Measurements (https://scrippsco2.ucsd.edu/).",ECCA,Atmospheric Carbon Dioxide Concentrations,"Environment, Climate Change, Climate and Weather, Atmospheric Carbon Dioxide Concentrations",1965M11,318.87
World,,WLD,"Monthly Atmospheric Carbon Dioxide Concentrations, Year on Year Percentage Change",Percent,"Dr. Pieter Tans, National Oceanic and Atmospheric Administration (NOAA). Global Monitoring Laboratory, Trends in Atmospheric Carbon Dioxide Data (https://gml.noaa.gov/ccgg/trends/) and Dr. Ralph Keeling, Scripps Institution of Oceanography, Carbon Dioxide Measurements (https://scrippsco2.ucsd.edu/).",ECCA,Atmospheric Carbon Dioxide Concentrations,"Environment, Climate Change, Climate and Weather, Atmospheric Carbon Dioxide Concentrations",1965M11,0.37
World,,WLD,Monthly Atmospheric Carbon Dioxide Concentrations,Parts Per Million,"Dr. Pieter Tans, National Oceanic and Atmospheric Administration (NOAA). Global Monitoring Laboratory, Trends in Atmospheric Carbon Dioxide Data (https://gml.noaa.gov/ccgg/trends/) and Dr. Ralph Keeling, Scripps Institution of Oceanography, Carbon Dioxide Measurements (https://scrippsco2.ucsd.edu/).",ECCA,Atmospheric Carbon Dioxide Concentrations,"Environment, Climate Change, Climate and Weather, Atmospheric Carbon Dioxide Concentrations",1965M12,319.42
World,,WLD,"Monthly Atmospheric Carbon Dioxide Concentrations, Year on Year Percentage Change",Percent,"Dr. Pieter Tans, National Oceanic and Atmospheric Administration (NOAA). Global Monitoring Laboratory, Trends in Atmospheric Carbon Dioxide Data (https://gml.noaa.gov/ccgg/trends/) and Dr. Ralph Keeling, Scripps Institution of Oceanography, Carbon Dioxide Measurements (https://scrippsco2.ucsd.edu/).",ECCA,Atmospheric Carbon Dioxide Concentrations,"Environment, Climate Change, Climate and Weather, Atmospheric Carbon Dioxide Concentrations",1965M12,0.22
World,,WLD,Monthly Atmospheric Carbon Dioxide Concentrations,Parts Per Million,"Dr. Pieter Tans, National Oceanic and Atmospheric Administration (NOAA). Global Monitoring Laboratory, Trends in Atmospheric Carbon Dioxide Data (https://gml.noaa.gov/ccgg/trends/) and Dr. Ralph Keeling, Scripps Institution of Oceanography, Carbon Dioxide Measurements (https://scrippsco2.ucsd.edu/).",ECCA,Atmospheric Carbon Dioxide Concentrations,"Environment, Climate Change, Climate and Weather, Atmospheric Carbon Dioxide Concentrations",1966M01,320.62
World,,WLD,"Monthly Atmospheric Carbon Dioxide Concentrations, Year on Year Percentage Change",Percent,"Dr. Pieter Tans, National Oceanic and Atmospheric Administration (NOAA). Global Monitoring Laboratory, Trends in Atmospheric Carbon Dioxide Data (https://gml.noaa.gov/ccgg/trends/) and Dr. Ralph Keeling, Scripps Institution of Oceanography, Carbon Dioxide Measurements (https://scrippsco2.ucsd.edu/).",ECCA,Atmospheric Carbon Dioxide Concentrations,"Environment, Climate Change, Climate and Weather, Atmospheric Carbon Dioxide Concentrations",1966M01,0.37
World,,WLD,Monthly Atmospheric Carbon Dioxide Concentrations,Parts Per Million,"Dr. Pieter Tans, National Oceanic and Atmospheric Administration (NOAA). Global Monitoring Laboratory, Trends in Atmospheric Carbon Dioxide Data (https://gml.noaa.gov/ccgg/trends/) and Dr. Ralph Keeling, Scripps Institution of Oceanography, Carbon Dioxide Measurements (https://scrippsco2.ucsd.edu/).",ECCA,Atmospheric Carbon Dioxide Concentrations,"Environment, Climate Change, Climate and Weather, Atmospheric Carbon Dioxide Concentrations",1966M02,321.6
World,,WLD,"Monthly Atmospheric Carbon Dioxide Concentrations, Year on Year Percentage Change",Percent,"Dr. Pieter Tans, National Oceanic and Atmospheric Administration (NOAA). Global Monitoring Laboratory, Trends in Atmospheric Carbon Dioxide Data (https://gml.noaa.gov/ccgg/trends/) and Dr. Ralph Keeling, Scripps Institution of Oceanography, Carbon Dioxide Measurements (https://scrippsco2.ucsd.edu/).",ECCA,Atmospheric Carbon Dioxide Concentrations,"Environment, Climate Change, Climate and Weather, Atmospheric Carbon Dioxide Concentrations",1966M02,0.36
World,,WLD,Monthly Atmospheric Carbon Dioxide Concentrations,Parts Per Million,"Dr. Pieter Tans, National Oceanic and Atmospheric Administration (NOAA). Global Monitoring Laboratory, Trends in Atmospheric Carbon Dioxide Data (https://gml.noaa.gov/ccgg/trends/) and Dr. Ralph Keeling, Scripps Institution of Oceanography, Carbon Dioxide Measurements (https://scrippsco2.ucsd.edu/).",ECCA,Atmospheric Carbon Dioxide Concentrations,"Environment, Climate Change, Climate and Weather, Atmospheric Carbon Dioxide Concentrations",1966M03,322.39
World,,WLD,"Monthly Atmospheric Carbon Dioxide Concentrations, Year on Year Percentage Change",Percent,"Dr. Pieter Tans, National Oceanic and Atmospheric Administration (NOAA). Global Monitoring Laboratory, Trends in Atmospheric Carbon Dioxide Data (https://gml.noaa.gov/ccgg/trends/) and Dr. Ralph Keeling, Scripps Institution of Oceanography, Carbon Dioxide Measurements (https://scrippsco2.ucsd.edu/).",ECCA,Atmospheric Carbon Dioxide Concentrations,"Environment, Climate Change, Climate and Weather, Atmospheric Carbon Dioxide Concentrations",1966M03,0.47
World,,WLD,Monthly Atmospheric Carbon Dioxide Concentrations,Parts Per Million,"Dr. Pieter Tans, National Oceanic and Atmospheric Administration (NOAA). Global Monitoring Laboratory, Trends in Atmospheric Carbon Dioxide Data (https://gml.noaa.gov/ccgg/trends/) and Dr. Ralph Keeling, Scripps Institution of Oceanography, Carbon Dioxide Measurements (https://scrippsco2.ucsd.edu/).",ECCA,Atmospheric Carbon Dioxide Concentrations,"Environment, Climate Change, Climate and Weather, Atmospheric Carbon Dioxide Concentrations",1966M04,323.7
World,,WLD,"Monthly Atmospheric Carbon Dioxide Concentrations, Year on Year Percentage Change",Percent,"Dr. Pieter Tans, National Oceanic and Atmospheric Administration (NOAA). Global Monitoring Laboratory, Trends in Atmospheric Carbon Dioxide Data (https://gml.noaa.gov/ccgg/trends/) and Dr. Ralph Keeling, Scripps Institution of Oceanography, Carbon Dioxide Measurements (https://scrippsco2.ucsd.edu/).",ECCA,Atmospheric Carbon Dioxide Concentrations,"Environment, Climate Change, Climate and Weather, Atmospheric Carbon Dioxide Concentrations",1966M04,0.48
World,,WLD,Monthly Atmospheric Carbon Dioxide Concentrations,Parts Per Million,"Dr. Pieter Tans, National Oceanic and Atmospheric Administration (NOAA). Global Monitoring Laboratory, Trends in Atmospheric Carbon Dioxide Data (https://gml.noaa.gov/ccgg/trends/) and Dr. Ralph Keeling, Scripps Institution of Oceanography, Carbon Dioxide Measurements (https://scrippsco2.ucsd.edu/).",ECCA,Atmospheric Carbon Dioxide Concentrations,"Environment, Climate Change, Climate and Weather, Atmospheric Carbon Dioxide Concentrations",1966M05,324.08
World,,WLD,"Monthly Atmospheric Carbon Dioxide Concentrations, Year on Year Percentage Change",Percent,"Dr. Pieter Tans, National Oceanic and Atmospheric Administration (NOAA). Global Monitoring Laboratory, Trends in Atmospheric Carbon Dioxide Data (https://gml.noaa.gov/ccgg/trends/) and Dr. Ralph Keeling, Scripps Institution of Oceanography, Carbon Dioxide Measurements (https://scrippsco2.ucsd.edu/).",ECCA,Atmospheric Carbon Dioxide Concentrations,"Environment, Climate Change, Climate and Weather, Atmospheric Carbon Dioxide Concentrations",1966M05,0.59
World,,WLD,Monthly Atmospheric Carbon Dioxide Concentrations,Parts Per Million,"Dr. Pieter Tans, National Oceanic and Atmospheric Administration (NOAA). Global Monitoring Laboratory, Trends in Atmospheric Carbon Dioxide Data (https://gml.noaa.gov/ccgg/trends/) and Dr. Ralph Keeling, Scripps Institution of Oceanography, Carbon Dioxide Measurements (https://scrippsco2.ucsd.edu/).",ECCA,Atmospheric Carbon Dioxide Concentrations,"Environment, Climate Change, Climate and Weather, Atmospheric Carbon Dioxide Concentrations",1966M06,323.75
World,,WLD,"Monthly Atmospheric Carbon Dioxide Concentrations, Year on Year Percentage Change",Percent,"Dr. Pieter Tans, National Oceanic and Atmospheric Administration (NOAA). Global Monitoring Laboratory, Trends in Atmospheric Carbon Dioxide Data (https://gml.noaa.gov/ccgg/trends/) and Dr. Ralph Keeling, Scripps Institution of Oceanography, Carbon Dioxide Measurements (https://scrippsco2.ucsd.edu/).",ECCA,Atmospheric Carbon Dioxide Concentrations,"Environment, Climate Change, Climate and Weather, Atmospheric Carbon Dioxide Concentrations",1966M06,0.58
World,,WLD,Monthly Atmospheric Carbon Dioxide Concentrations,Parts Per Million,"Dr. Pieter Tans, National Oceanic and Atmospheric Administration (NOAA). Global Monitoring Laboratory, Trends in Atmospheric Carbon Dioxide Data (https://gml.noaa.gov/ccgg/trends/) and Dr. Ralph Keeling, Scripps Institution of Oceanography, Carbon Dioxide Measurements (https://scrippsco2.ucsd.edu/).",ECCA,Atmospheric Carbon Dioxide Concentrations,"Environment, Climate Change, Climate and Weather, Atmospheric Carbon Dioxide Concentrations",1966M07,322.37
World,,WLD,"Monthly Atmospheric Carbon Dioxide Concentrations, Year on Year Percentage Change",Percent,"Dr. Pieter Tans, National Oceanic and Atmospheric Administration (NOAA). Global Monitoring Laboratory, Trends in Atmospheric Carbon Dioxide Data (https://gml.noaa.gov/ccgg/trends/) and Dr. Ralph Keeling, Scripps Institution of Oceanography, Carbon Dioxide Measurements (https://scrippsco2.ucsd.edu/).",ECCA,Atmospheric Carbon Dioxide Concentrations,"Environment, Climate Change, Climate and Weather, Atmospheric Carbon Dioxide Concentrations",1966M07,0.36
World,,WLD,Monthly Atmospheric Carbon Dioxide Concentrations,Parts Per Million,"Dr. Pieter Tans, National Oceanic and Atmospheric Administration (NOAA). Global Monitoring Laboratory, Trends in Atmospheric Carbon Dioxide Data (https://gml.noaa.gov/ccgg/trends/) and Dr. Ralph Keeling, Scripps Institution of Oceanography, Carbon Dioxide Measurements (https://scrippsco2.ucsd.edu/).",ECCA,Atmospheric Carbon Dioxide Concentrations,"Environment, Climate Change, Climate and Weather, Atmospheric Carbon Dioxide Concentrations",1966M08,320.36
World,,WLD,"Monthly Atmospheric Carbon Dioxide Concentrations, Year on Year Percentage Change",Percent,"Dr. Pieter Tans, National Oceanic and Atmospheric Administration (NOAA). Global Monitoring Laboratory, Trends in Atmospheric Carbon Dioxide Data (https://gml.noaa.gov/ccgg/trends/) and Dr. Ralph Keeling, Scripps Institution of Oceanography, Carbon Dioxide Measurements (https://scrippsco2.ucsd.edu/).",ECCA,Atmospheric Carbon Dioxide Concentrations,"Environment, Climate Change, Climate and Weather, Atmospheric Carbon Dioxide Concentrations",1966M08,0.47
World,,WLD,Monthly Atmospheric Carbon Dioxide Concentrations,Parts Per Million,"Dr. Pieter Tans, National Oceanic and Atmospheric Administration (NOAA). Global Monitoring Laboratory, Trends in Atmospheric Carbon Dioxide Data (https://gml.noaa.gov/ccgg/trends/) and Dr. Ralph Keeling, Scripps Institution of Oceanography, Carbon Dioxide Measurements (https://scrippsco2.ucsd.edu/).",ECCA,Atmospheric Carbon Dioxide Concentrations,"Environment, Climate Change, Climate and Weather, Atmospheric Carbon Dioxide Concentrations",1966M09,318.64
World,,WLD,"Monthly Atmospheric Carbon Dioxide Concentrations, Year on Year Percentage Change",Percent,"Dr. Pieter Tans, National Oceanic and Atmospheric Administration (NOAA). Global Monitoring Laboratory, Trends in Atmospheric Carbon Dioxide Data (https://gml.noaa.gov/ccgg/trends/) and Dr. Ralph Keeling, Scripps Institution of Oceanography, Carbon Dioxide Measurements (https://scrippsco2.ucsd.edu/).",ECCA,Atmospheric Carbon Dioxide Concentrations,"Environment, Climate Change, Climate and Weather, Atmospheric Carbon Dioxide Concentrations",1966M09,0.26
World,,WLD,Monthly Atmospheric Carbon Dioxide Concentrations,Parts Per Million,"Dr. Pieter Tans, National Oceanic and Atmospheric Administration (NOAA). Global Monitoring Laboratory, Trends in Atmospheric Carbon Dioxide Data (https://gml.noaa.gov/ccgg/trends/) and Dr. Ralph Keeling, Scripps Institution of Oceanography, Carbon Dioxide Measurements (https://scrippsco2.ucsd.edu/).",ECCA,Atmospheric Carbon Dioxide Concentrations,"Environment, Climate Change, Climate and Weather, Atmospheric Carbon Dioxide Concentrations",1966M10,318.1
World,,WLD,"Monthly Atmospheric Carbon Dioxide Concentrations, Year on Year Percentage Change",Percent,"Dr. Pieter Tans, National Oceanic and Atmospheric Administration (NOAA). Global Monitoring Laboratory, Trends in Atmospheric Carbon Dioxide Data (https://gml.noaa.gov/ccgg/trends/) and Dr. Ralph Keeling, Scripps Institution of Oceanography, Carbon Dioxide Measurements (https://scrippsco2.ucsd.edu/).",ECCA,Atmospheric Carbon Dioxide Concentrations,"Environment, Climate Change, Climate and Weather, Atmospheric Carbon Dioxide Concentrations",1966M10,0.25
World,,WLD,Monthly Atmospheric Carbon Dioxide Concentrations,Parts Per Million,"Dr. Pieter Tans, National Oceanic and Atmospheric Administration (NOAA). Global Monitoring Laboratory, Trends in Atmospheric Carbon Dioxide Data (https://gml.noaa.gov/ccgg/trends/) and Dr. Ralph Keeling, Scripps Institution of Oceanography, Carbon Dioxide Measurements (https://scrippsco2.ucsd.edu/).",ECCA,Atmospheric Carbon Dioxide Concentrations,"Environment, Climate Change, Climate and Weather, Atmospheric Carbon Dioxide Concentrations",1966M11,319.78
World,,WLD,"Monthly Atmospheric Carbon Dioxide Concentrations, Year on Year Percentage Change",Percent,"Dr. Pieter Tans, National Oceanic and Atmospheric Administration (NOAA). Global Monitoring Laboratory, Trends in Atmospheric Carbon Dioxide Data (https://gml.noaa.gov/ccgg/trends/) and Dr. Ralph Keeling, Scripps Institution of Oceanography, Carbon Dioxide Measurements (https://scrippsco2.ucsd.edu/).",ECCA,Atmospheric Carbon Dioxide Concentrations,"Environment, Climate Change, Climate and Weather, Atmospheric Carbon Dioxide Concentrations",1966M11,0.29
World,,WLD,Monthly Atmospheric Carbon Dioxide Concentrations,Parts Per Million,"Dr. Pieter Tans, National Oceanic and Atmospheric Administration (NOAA). Global Monitoring Laboratory, Trends in Atmospheric Carbon Dioxide Data (https://gml.noaa.gov/ccgg/trends/) and Dr. Ralph Keeling, Scripps Institution of Oceanography, Carbon Dioxide Measurements (https://scrippsco2.ucsd.edu/).",ECCA,Atmospheric Carbon Dioxide Concentrations,"Environment, Climate Change, Climate and Weather, Atmospheric Carbon Dioxide Concentrations",1966M12,321.02
World,,WLD,"Monthly Atmospheric Carbon Dioxide Concentrations, Year on Year Percentage Change",Percent,"Dr. Pieter Tans, National Oceanic and Atmospheric Administration (NOAA). Global Monitoring Laboratory, Trends in Atmospheric Carbon Dioxide Data (https://gml.noaa.gov/ccgg/trends/) and Dr. Ralph Keeling, Scripps Institution of Oceanography, Carbon Dioxide Measurements (https://scrippsco2.ucsd.edu/).",ECCA,Atmospheric Carbon Dioxide Concentrations,"Environment, Climate Change, Climate and Weather, Atmospheric Carbon Dioxide Concentrations",1966M12,0.5
World,,WLD,Monthly Atmospheric Carbon Dioxide Concentrations,Parts Per Million,"Dr. Pieter Tans, National Oceanic and Atmospheric Administration (NOAA). Global Monitoring Laboratory, Trends in Atmospheric Carbon Dioxide Data (https://gml.noaa.gov/ccgg/trends/) and Dr. Ralph Keeling, Scripps Institution of Oceanography, Carbon Dioxide Measurements (https://scrippsco2.ucsd.edu/).",ECCA,Atmospheric Carbon Dioxide Concentrations,"Environment, Climate Change, Climate and Weather, Atmospheric Carbon Dioxide Concentrations",1967M01,322.33
World,,WLD,"Monthly Atmospheric Carbon Dioxide Concentrations, Year on Year Percentage Change",Percent,"Dr. Pieter Tans, National Oceanic and Atmospheric Administration (NOAA). Global Monitoring Laboratory, Trends in Atmospheric Carbon Dioxide Data (https://gml.noaa.gov/ccgg/trends/) and Dr. Ralph Keeling, Scripps Institution of Oceanography, Carbon Dioxide Measurements (https://scrippsco2.ucsd.edu/).",ECCA,Atmospheric Carbon Dioxide Concentrations,"Environment, Climate Change, Climate and Weather, Atmospheric Carbon Dioxide Concentrations",1967M01,0.53
World,,WLD,Monthly Atmospheric Carbon Dioxide Concentrations,Parts Per Million,"Dr. Pieter Tans, National Oceanic and Atmospheric Administration (NOAA). Global Monitoring Laboratory, Trends in Atmospheric Carbon Dioxide Data (https://gml.noaa.gov/ccgg/trends/) and Dr. Ralph Keeling, Scripps Institution of Oceanography, Carbon Dioxide Measurements (https://scrippsco2.ucsd.edu/).",ECCA,Atmospheric Carbon Dioxide Concentrations,"Environment, Climate Change, Climate and Weather, Atmospheric Carbon Dioxide Concentrations",1967M02,322.5
World,,WLD,"Monthly Atmospheric Carbon Dioxide Concentrations, Year on Year Percentage Change",Percent,"Dr. Pieter Tans, National Oceanic and Atmospheric Administration (NOAA). Global Monitoring Laboratory, Trends in Atmospheric Carbon Dioxide Data (https://gml.noaa.gov/ccgg/trends/) and Dr. Ralph Keeling, Scripps Institution of Oceanography, Carbon Dioxide Measurements (https://scrippsco2.ucsd.edu/).",ECCA,Atmospheric Carbon Dioxide Concentrations,"Environment, Climate Change, Climate and Weather, Atmospheric Carbon Dioxide Concentrations",1967M02,0.28
World,,WLD,Monthly Atmospheric Carbon Dioxide Concentrations,Parts Per Million,"Dr. Pieter Tans, National Oceanic and Atmospheric Administration (NOAA). Global Monitoring Laboratory, Trends in Atmospheric Carbon Dioxide Data (https://gml.noaa.gov/ccgg/trends/) and Dr. Ralph Keeling, Scripps Institution of Oceanography, Carbon Dioxide Measurements (https://scrippsco2.ucsd.edu/).",ECCA,Atmospheric Carbon Dioxide Concentrations,"Environment, Climate Change, Climate and Weather, Atmospheric Carbon Dioxide Concentrations",1967M03,323.03
World,,WLD,"Monthly Atmospheric Carbon Dioxide Concentrations, Year on Year Percentage Change",Percent,"Dr. Pieter Tans, National Oceanic and Atmospheric Administration (NOAA). Global Monitoring Laboratory, Trends in Atmospheric Carbon Dioxide Data (https://gml.noaa.gov/ccgg/trends/) and Dr. Ralph Keeling, Scripps Institution of Oceanography, Carbon Dioxide Measurements (https://scrippsco2.ucsd.edu/).",ECCA,Atmospheric Carbon Dioxide Concentrations,"Environment, Climate Change, Climate and Weather, Atmospheric Carbon Dioxide Concentrations",1967M03,0.2
World,,WLD,Monthly Atmospheric Carbon Dioxide Concentrations,Parts Per Million,"Dr. Pieter Tans, National Oceanic and Atmospheric Administration (NOAA). Global Monitoring Laboratory, Trends in Atmospheric Carbon Dioxide Data (https://gml.noaa.gov/ccgg/trends/) and Dr. Ralph Keeling, Scripps Institution of Oceanography, Carbon Dioxide Measurements (https://scrippsco2.ucsd.edu/).",ECCA,Atmospheric Carbon Dioxide Concentrations,"Environment, Climate Change, Climate and Weather, Atmospheric Carbon Dioxide Concentrations",1967M04,324.41
World,,WLD,"Monthly Atmospheric Carbon Dioxide Concentrations, Year on Year Percentage Change",Percent,"Dr. Pieter Tans, National Oceanic and Atmospheric Administration (NOAA). Global Monitoring Laboratory, Trends in Atmospheric Carbon Dioxide Data (https://gml.noaa.gov/ccgg/trends/) and Dr. Ralph Keeling, Scripps Institution of Oceanography, Carbon Dioxide Measurements (https://scrippsco2.ucsd.edu/).",ECCA,Atmospheric Carbon Dioxide Concentrations,"Environment, Climate Change, Climate and Weather, Atmospheric Carbon Dioxide Concentrations",1967M04,0.22
World,,WLD,Monthly Atmospheric Carbon Dioxide Concentrations,Parts Per Million,"Dr. Pieter Tans, National Oceanic and Atmospheric Administration (NOAA). Global Monitoring Laboratory, Trends in Atmospheric Carbon Dioxide Data (https://gml.noaa.gov/ccgg/trends/) and Dr. Ralph Keeling, Scripps Institution of Oceanography, Carbon Dioxide Measurements (https://scrippsco2.ucsd.edu/).",ECCA,Atmospheric Carbon Dioxide Concentrations,"Environment, Climate Change, Climate and Weather, Atmospheric Carbon Dioxide Concentrations",1967M05,325.0
World,,WLD,"Monthly Atmospheric Carbon Dioxide Concentrations, Year on Year Percentage Change",Percent,"Dr. Pieter Tans, National Oceanic and Atmospheric Administration (NOAA). Global Monitoring Laboratory, Trends in Atmospheric Carbon Dioxide Data (https://gml.noaa.gov/ccgg/trends/) and Dr. Ralph Keeling, Scripps Institution of Oceanography, Carbon Dioxide Measurements (https://scrippsco2.ucsd.edu/).",ECCA,Atmospheric Carbon Dioxide Concentrations,"Environment, Climate Change, Climate and Weather, Atmospheric Carbon Dioxide Concentrations",1967M05,0.28
World,,WLD,Monthly Atmospheric Carbon Dioxide Concentrations,Parts Per Million,"Dr. Pieter Tans, National Oceanic and Atmospheric Administration (NOAA). Global Monitoring Laboratory, Trends in Atmospheric Carbon Dioxide Data (https://gml.noaa.gov/ccgg/trends/) and Dr. Ralph Keeling, Scripps Institution of Oceanography, Carbon Dioxide Measurements (https://scrippsco2.ucsd.edu/).",ECCA,Atmospheric Carbon Dioxide Concentrations,"Environment, Climate Change, Climate and Weather, Atmospheric Carbon Dioxide Concentrations",1967M06,324.09
World,,WLD,"Monthly Atmospheric Carbon Dioxide Concentrations, Year on Year Percentage Change",Percent,"Dr. Pieter Tans, National Oceanic and Atmospheric Administration (NOAA). Global Monitoring Laboratory, Trends in Atmospheric Carbon Dioxide Data (https://gml.noaa.gov/ccgg/trends/) and Dr. Ralph Keeling, Scripps Institution of Oceanography, Carbon Dioxide Measurements (https://scrippsco2.ucsd.edu/).",ECCA,Atmospheric Carbon Dioxide Concentrations,"Environment, Climate Change, Climate and Weather, Atmospheric Carbon Dioxide Concentrations",1967M06,0.11
World,,WLD,Monthly Atmospheric Carbon Dioxide Concentrations,Parts Per Million,"Dr. Pieter Tans, National Oceanic and Atmospheric Administration (NOAA). Global Monitoring Laboratory, Trends in Atmospheric Carbon Dioxide Data (https://gml.noaa.gov/ccgg/trends/) and Dr. Ralph Keeling, Scripps Institution of Oceanography, Carbon Dioxide Measurements (https://scrippsco2.ucsd.edu/).",ECCA,Atmospheric Carbon Dioxide Concentrations,"Environment, Climate Change, Climate and Weather, Atmospheric Carbon Dioxide Concentrations",1967M07,322.54
World,,WLD,"Monthly Atmospheric Carbon Dioxide Concentrations, Year on Year Percentage Change",Percent,"Dr. Pieter Tans, National Oceanic and Atmospheric Administration (NOAA). Global Monitoring Laboratory, Trends in Atmospheric Carbon Dioxide Data (https://gml.noaa.gov/ccgg/trends/) and Dr. Ralph Keeling, Scripps Institution of Oceanography, Carbon Dioxide Measurements (https://scrippsco2.ucsd.edu/).",ECCA,Atmospheric Carbon Dioxide Concentrations,"Environment, Climate Change, Climate and Weather, Atmospheric Carbon Dioxide Concentrations",1967M07,0.05
World,,WLD,Monthly Atmospheric Carbon Dioxide Concentrations,Parts Per Million,"Dr. Pieter Tans, National Oceanic and Atmospheric Administration (NOAA). Global Monitoring Laboratory, Trends in Atmospheric Carbon Dioxide Data (https://gml.noaa.gov/ccgg/trends/) and Dr. Ralph Keeling, Scripps Institution of Oceanography, Carbon Dioxide Measurements (https://scrippsco2.ucsd.edu/).",ECCA,Atmospheric Carbon Dioxide Concentrations,"Environment, Climate Change, Climate and Weather, Atmospheric Carbon Dioxide Concentrations",1967M08,320.92
World,,WLD,"Monthly Atmospheric Carbon Dioxide Concentrations, Year on Year Percentage Change",Percent,"Dr. Pieter Tans, National Oceanic and Atmospheric Administration (NOAA). Global Monitoring Laboratory, Trends in Atmospheric Carbon Dioxide Data (https://gml.noaa.gov/ccgg/trends/) and Dr. Ralph Keeling, Scripps Institution of Oceanography, Carbon Dioxide Measurements (https://scrippsco2.ucsd.edu/).",ECCA,Atmospheric Carbon Dioxide Concentrations,"Environment, Climate Change, Climate and Weather, Atmospheric Carbon Dioxide Concentrations",1967M08,0.17
World,,WLD,Monthly Atmospheric Carbon Dioxide Concentrations,Parts Per Million,"Dr. Pieter Tans, National Oceanic and Atmospheric Administration (NOAA). Global Monitoring Laboratory, Trends in Atmospheric Carbon Dioxide Data (https://gml.noaa.gov/ccgg/trends/) and Dr. Ralph Keeling, Scripps Institution of Oceanography, Carbon Dioxide Measurements (https://scrippsco2.ucsd.edu/).",ECCA,Atmospheric Carbon Dioxide Concentrations,"Environment, Climate Change, Climate and Weather, Atmospheric Carbon Dioxide Concentrations",1967M09,319.25
World,,WLD,"Monthly Atmospheric Carbon Dioxide Concentrations, Year on Year Percentage Change",Percent,"Dr. Pieter Tans, National Oceanic and Atmospheric Administration (NOAA). Global Monitoring Laboratory, Trends in Atmospheric Carbon Dioxide Data (https://gml.noaa.gov/ccgg/trends/) and Dr. Ralph Keeling, Scripps Institution of Oceanography, Carbon Dioxide Measurements (https://scrippsco2.ucsd.edu/).",ECCA,Atmospheric Carbon Dioxide Concentrations,"Environment, Climate Change, Climate and Weather, Atmospheric Carbon Dioxide Concentrations",1967M09,0.19
World,,WLD,Monthly Atmospheric Carbon Dioxide Concentrations,Parts Per Million,"Dr. Pieter Tans, National Oceanic and Atmospheric Administration (NOAA). Global Monitoring Laboratory, Trends in Atmospheric Carbon Dioxide Data (https://gml.noaa.gov/ccgg/trends/) and Dr. Ralph Keeling, Scripps Institution of Oceanography, Carbon Dioxide Measurements (https://scrippsco2.ucsd.edu/).",ECCA,Atmospheric Carbon Dioxide Concentrations,"Environment, Climate Change, Climate and Weather, Atmospheric Carbon Dioxide Concentrations",1967M10,319.39
World,,WLD,"Monthly Atmospheric Carbon Dioxide Concentrations, Year on Year Percentage Change",Percent,"Dr. Pieter Tans, National Oceanic and Atmospheric Administration (NOAA). Global Monitoring Laboratory, Trends in Atmospheric Carbon Dioxide Data (https://gml.noaa.gov/ccgg/trends/) and Dr. Ralph Keeling, Scripps Institution of Oceanography, Carbon Dioxide Measurements (https://scrippsco2.ucsd.edu/).",ECCA,Atmospheric Carbon Dioxide Concentrations,"Environment, Climate Change, Climate and Weather, Atmospheric Carbon Dioxide Concentrations",1967M10,0.41
World,,WLD,Monthly Atmospheric Carbon Dioxide Concentrations,Parts Per Million,"Dr. Pieter Tans, National Oceanic and Atmospheric Administration (NOAA). Global Monitoring Laboratory, Trends in Atmospheric Carbon Dioxide Data (https://gml.noaa.gov/ccgg/trends/) and Dr. Ralph Keeling, Scripps Institution of Oceanography, Carbon Dioxide Measurements (https://scrippsco2.ucsd.edu/).",ECCA,Atmospheric Carbon Dioxide Concentrations,"Environment, Climate Change, Climate and Weather, Atmospheric Carbon Dioxide Concentrations",1967M11,320.73
World,,WLD,"Monthly Atmospheric Carbon Dioxide Concentrations, Year on Year Percentage Change",Percent,"Dr. Pieter Tans, National Oceanic and Atmospheric Administration (NOAA). Global Monitoring Laboratory, Trends in Atmospheric Carbon Dioxide Data (https://gml.noaa.gov/ccgg/trends/) and Dr. Ralph Keeling, Scripps Institution of Oceanography, Carbon Dioxide Measurements (https://scrippsco2.ucsd.edu/).",ECCA,Atmospheric Carbon Dioxide Concentrations,"Environment, Climate Change, Climate and Weather, Atmospheric Carbon Dioxide Concentrations",1967M11,0.3
World,,WLD,Monthly Atmospheric Carbon Dioxide Concentrations,Parts Per Million,"Dr. Pieter Tans, National Oceanic and Atmospheric Administration (NOAA). Global Monitoring Laboratory, Trends in Atmospheric Carbon Dioxide Data (https://gml.noaa.gov/ccgg/trends/) and Dr. Ralph Keeling, Scripps Institution of Oceanography, Carbon Dioxide Measurements (https://scrippsco2.ucsd.edu/).",ECCA,Atmospheric Carbon Dioxide Concentrations,"Environment, Climate Change, Climate and Weather, Atmospheric Carbon Dioxide Concentrations",1967M12,321.96
World,,WLD,"Monthly Atmospheric Carbon Dioxide Concentrations, Year on Year Percentage Change",Percent,"Dr. Pieter Tans, National Oceanic and Atmospheric Administration (NOAA). Global Monitoring Laboratory, Trends in Atmospheric Carbon Dioxide Data (https://gml.noaa.gov/ccgg/trends/) and Dr. Ralph Keeling, Scripps Institution of Oceanography, Carbon Dioxide Measurements (https://scrippsco2.ucsd.edu/).",ECCA,Atmospheric Carbon Dioxide Concentrations,"Environment, Climate Change, Climate and Weather, Atmospheric Carbon Dioxide Concentrations",1967M12,0.29
World,,WLD,Monthly Atmospheric Carbon Dioxide Concentrations,Parts Per Million,"Dr. Pieter Tans, National Oceanic and Atmospheric Administration (NOAA). Global Monitoring Laboratory, Trends in Atmospheric Carbon Dioxide Data (https://gml.noaa.gov/ccgg/trends/) and Dr. Ralph Keeling, Scripps Institution of Oceanography, Carbon Dioxide Measurements (https://scrippsco2.ucsd.edu/).",ECCA,Atmospheric Carbon Dioxide Concentrations,"Environment, Climate Change, Climate and Weather, Atmospheric Carbon Dioxide Concentrations",1968M01,322.57
World,,WLD,"Monthly Atmospheric Carbon Dioxide Concentrations, Year on Year Percentage Change",Percent,"Dr. Pieter Tans, National Oceanic and Atmospheric Administration (NOAA). Global Monitoring Laboratory, Trends in Atmospheric Carbon Dioxide Data (https://gml.noaa.gov/ccgg/trends/) and Dr. Ralph Keeling, Scripps Institution of Oceanography, Carbon Dioxide Measurements (https://scrippsco2.ucsd.edu/).",ECCA,Atmospheric Carbon Dioxide Concentrations,"Environment, Climate Change, Climate and Weather, Atmospheric Carbon Dioxide Concentrations",1968M01,0.07
World,,WLD,Monthly Atmospheric Carbon Dioxide Concentrations,Parts Per Million,"Dr. Pieter Tans, National Oceanic and Atmospheric Administration (NOAA). Global Monitoring Laboratory, Trends in Atmospheric Carbon Dioxide Data (https://gml.noaa.gov/ccgg/trends/) and Dr. Ralph Keeling, Scripps Institution of Oceanography, Carbon Dioxide Measurements (https://scrippsco2.ucsd.edu/).",ECCA,Atmospheric Carbon Dioxide Concentrations,"Environment, Climate Change, Climate and Weather, Atmospheric Carbon Dioxide Concentrations",1968M02,323.15
World,,WLD,"Monthly Atmospheric Carbon Dioxide Concentrations, Year on Year Percentage Change",Percent,"Dr. Pieter Tans, National Oceanic and Atmospheric Administration (NOAA). Global Monitoring Laboratory, Trends in Atmospheric Carbon Dioxide Data (https://gml.noaa.gov/ccgg/trends/) and Dr. Ralph Keeling, Scripps Institution of Oceanography, Carbon Dioxide Measurements (https://scrippsco2.ucsd.edu/).",ECCA,Atmospheric Carbon Dioxide Concentrations,"Environment, Climate Change, Climate and Weather, Atmospheric Carbon Dioxide Concentrations",1968M02,0.2
World,,WLD,Monthly Atmospheric Carbon Dioxide Concentrations,Parts Per Million,"Dr. Pieter Tans, National Oceanic and Atmospheric Administration (NOAA). Global Monitoring Laboratory, Trends in Atmospheric Carbon Dioxide Data (https://gml.noaa.gov/ccgg/trends/) and Dr. Ralph Keeling, Scripps Institution of Oceanography, Carbon Dioxide Measurements (https://scrippsco2.ucsd.edu/).",ECCA,Atmospheric Carbon Dioxide Concentrations,"Environment, Climate Change, Climate and Weather, Atmospheric Carbon Dioxide Concentrations",1968M03,323.89
World,,WLD,"Monthly Atmospheric Carbon Dioxide Concentrations, Year on Year Percentage Change",Percent,"Dr. Pieter Tans, National Oceanic and Atmospheric Administration (NOAA). Global Monitoring Laboratory, Trends in Atmospheric Carbon Dioxide Data (https://gml.noaa.gov/ccgg/trends/) and Dr. Ralph Keeling, Scripps Institution of Oceanography, Carbon Dioxide Measurements (https://scrippsco2.ucsd.edu/).",ECCA,Atmospheric Carbon Dioxide Concentrations,"Environment, Climate Change, Climate and Weather, Atmospheric Carbon Dioxide Concentrations",1968M03,0.27
World,,WLD,Monthly Atmospheric Carbon Dioxide Concentrations,Parts Per Million,"Dr. Pieter Tans, National Oceanic and Atmospheric Administration (NOAA). Global Monitoring Laboratory, Trends in Atmospheric Carbon Dioxide Data (https://gml.noaa.gov/ccgg/trends/) and Dr. Ralph Keeling, Scripps Institution of Oceanography, Carbon Dioxide Measurements (https://scrippsco2.ucsd.edu/).",ECCA,Atmospheric Carbon Dioxide Concentrations,"Environment, Climate Change, Climate and Weather, Atmospheric Carbon Dioxide Concentrations",1968M04,325.02
World,,WLD,"Monthly Atmospheric Carbon Dioxide Concentrations, Year on Year Percentage Change",Percent,"Dr. Pieter Tans, National Oceanic and Atmospheric Administration (NOAA). Global Monitoring Laboratory, Trends in Atmospheric Carbon Dioxide Data (https://gml.noaa.gov/ccgg/trends/) and Dr. Ralph Keeling, Scripps Institution of Oceanography, Carbon Dioxide Measurements (https://scrippsco2.ucsd.edu/).",ECCA,Atmospheric Carbon Dioxide Concentrations,"Environment, Climate Change, Climate and Weather, Atmospheric Carbon Dioxide Concentrations",1968M04,0.19
World,,WLD,Monthly Atmospheric Carbon Dioxide Concentrations,Parts Per Million,"Dr. Pieter Tans, National Oceanic and Atmospheric Administration (NOAA). Global Monitoring Laboratory, Trends in Atmospheric Carbon Dioxide Data (https://gml.noaa.gov/ccgg/trends/) and Dr. Ralph Keeling, Scripps Institution of Oceanography, Carbon Dioxide Measurements (https://scrippsco2.ucsd.edu/).",ECCA,Atmospheric Carbon Dioxide Concentrations,"Environment, Climate Change, Climate and Weather, Atmospheric Carbon Dioxide Concentrations",1968M05,325.57
World,,WLD,"Monthly Atmospheric Carbon Dioxide Concentrations, Year on Year Percentage Change",Percent,"Dr. Pieter Tans, National Oceanic and Atmospheric Administration (NOAA). Global Monitoring Laboratory, Trends in Atmospheric Carbon Dioxide Data (https://gml.noaa.gov/ccgg/trends/) and Dr. Ralph Keeling, Scripps Institution of Oceanography, Carbon Dioxide Measurements (https://scrippsco2.ucsd.edu/).",ECCA,Atmospheric Carbon Dioxide Concentrations,"Environment, Climate Change, Climate and Weather, Atmospheric Carbon Dioxide Concentrations",1968M05,0.18
World,,WLD,Monthly Atmospheric Carbon Dioxide Concentrations,Parts Per Million,"Dr. Pieter Tans, National Oceanic and Atmospheric Administration (NOAA). Global Monitoring Laboratory, Trends in Atmospheric Carbon Dioxide Data (https://gml.noaa.gov/ccgg/trends/) and Dr. Ralph Keeling, Scripps Institution of Oceanography, Carbon Dioxide Measurements (https://scrippsco2.ucsd.edu/).",ECCA,Atmospheric Carbon Dioxide Concentrations,"Environment, Climate Change, Climate and Weather, Atmospheric Carbon Dioxide Concentrations",1968M06,325.36
World,,WLD,"Monthly Atmospheric Carbon Dioxide Concentrations, Year on Year Percentage Change",Percent,"Dr. Pieter Tans, National Oceanic and Atmospheric Administration (NOAA). Global Monitoring Laboratory, Trends in Atmospheric Carbon Dioxide Data (https://gml.noaa.gov/ccgg/trends/) and Dr. Ralph Keeling, Scripps Institution of Oceanography, Carbon Dioxide Measurements (https://scrippsco2.ucsd.edu/).",ECCA,Atmospheric Carbon Dioxide Concentrations,"Environment, Climate Change, Climate and Weather, Atmospheric Carbon Dioxide Concentrations",1968M06,0.39
World,,WLD,Monthly Atmospheric Carbon Dioxide Concentrations,Parts Per Million,"Dr. Pieter Tans, National Oceanic and Atmospheric Administration (NOAA). Global Monitoring Laboratory, Trends in Atmospheric Carbon Dioxide Data (https://gml.noaa.gov/ccgg/trends/) and Dr. Ralph Keeling, Scripps Institution of Oceanography, Carbon Dioxide Measurements (https://scrippsco2.ucsd.edu/).",ECCA,Atmospheric Carbon Dioxide Concentrations,"Environment, Climate Change, Climate and Weather, Atmospheric Carbon Dioxide Concentrations",1968M07,324.14
World,,WLD,"Monthly Atmospheric Carbon Dioxide Concentrations, Year on Year Percentage Change",Percent,"Dr. Pieter Tans, National Oceanic and Atmospheric Administration (NOAA). Global Monitoring Laboratory, Trends in Atmospheric Carbon Dioxide Data (https://gml.noaa.gov/ccgg/trends/) and Dr. Ralph Keeling, Scripps Institution of Oceanography, Carbon Dioxide Measurements (https://scrippsco2.ucsd.edu/).",ECCA,Atmospheric Carbon Dioxide Concentrations,"Environment, Climate Change, Climate and Weather, Atmospheric Carbon Dioxide Concentrations",1968M07,0.5
World,,WLD,Monthly Atmospheric Carbon Dioxide Concentrations,Parts Per Million,"Dr. Pieter Tans, National Oceanic and Atmospheric Administration (NOAA). Global Monitoring Laboratory, Trends in Atmospheric Carbon Dioxide Data (https://gml.noaa.gov/ccgg/trends/) and Dr. Ralph Keeling, Scripps Institution of Oceanography, Carbon Dioxide Measurements (https://scrippsco2.ucsd.edu/).",ECCA,Atmospheric Carbon Dioxide Concentrations,"Environment, Climate Change, Climate and Weather, Atmospheric Carbon Dioxide Concentrations",1968M08,322.11
World,,WLD,"Monthly Atmospheric Carbon Dioxide Concentrations, Year on Year Percentage Change",Percent,"Dr. Pieter Tans, National Oceanic and Atmospheric Administration (NOAA). Global Monitoring Laboratory, Trends in Atmospheric Carbon Dioxide Data (https://gml.noaa.gov/ccgg/trends/) and Dr. Ralph Keeling, Scripps Institution of Oceanography, Carbon Dioxide Measurements (https://scrippsco2.ucsd.edu/).",ECCA,Atmospheric Carbon Dioxide Concentrations,"Environment, Climate Change, Climate and Weather, Atmospheric Carbon Dioxide Concentrations",1968M08,0.37
World,,WLD,Monthly Atmospheric Carbon Dioxide Concentrations,Parts Per Million,"Dr. Pieter Tans, National Oceanic and Atmospheric Administration (NOAA). Global Monitoring Laboratory, Trends in Atmospheric Carbon Dioxide Data (https://gml.noaa.gov/ccgg/trends/) and Dr. Ralph Keeling, Scripps Institution of Oceanography, Carbon Dioxide Measurements (https://scrippsco2.ucsd.edu/).",ECCA,Atmospheric Carbon Dioxide Concentrations,"Environment, Climate Change, Climate and Weather, Atmospheric Carbon Dioxide Concentrations",1968M09,320.33
World,,WLD,"Monthly Atmospheric Carbon Dioxide Concentrations, Year on Year Percentage Change",Percent,"Dr. Pieter Tans, National Oceanic and Atmospheric Administration (NOAA). Global Monitoring Laboratory, Trends in Atmospheric Carbon Dioxide Data (https://gml.noaa.gov/ccgg/trends/) and Dr. Ralph Keeling, Scripps Institution of Oceanography, Carbon Dioxide Measurements (https://scrippsco2.ucsd.edu/).",ECCA,Atmospheric Carbon Dioxide Concentrations,"Environment, Climate Change, Climate and Weather, Atmospheric Carbon Dioxide Concentrations",1968M09,0.34
World,,WLD,Monthly Atmospheric Carbon Dioxide Concentrations,Parts Per Million,"Dr. Pieter Tans, National Oceanic and Atmospheric Administration (NOAA). Global Monitoring Laboratory, Trends in Atmospheric Carbon Dioxide Data (https://gml.noaa.gov/ccgg/trends/) and Dr. Ralph Keeling, Scripps Institution of Oceanography, Carbon Dioxide Measurements (https://scrippsco2.ucsd.edu/).",ECCA,Atmospheric Carbon Dioxide Concentrations,"Environment, Climate Change, Climate and Weather, Atmospheric Carbon Dioxide Concentrations",1968M10,320.25
World,,WLD,"Monthly Atmospheric Carbon Dioxide Concentrations, Year on Year Percentage Change",Percent,"Dr. Pieter Tans, National Oceanic and Atmospheric Administration (NOAA). Global Monitoring Laboratory, Trends in Atmospheric Carbon Dioxide Data (https://gml.noaa.gov/ccgg/trends/) and Dr. Ralph Keeling, Scripps Institution of Oceanography, Carbon Dioxide Measurements (https://scrippsco2.ucsd.edu/).",ECCA,Atmospheric Carbon Dioxide Concentrations,"Environment, Climate Change, Climate and Weather, Atmospheric Carbon Dioxide Concentrations",1968M10,0.27
World,,WLD,Monthly Atmospheric Carbon Dioxide Concentrations,Parts Per Million,"Dr. Pieter Tans, National Oceanic and Atmospheric Administration (NOAA). Global Monitoring Laboratory, Trends in Atmospheric Carbon Dioxide Data (https://gml.noaa.gov/ccgg/trends/) and Dr. Ralph Keeling, Scripps Institution of Oceanography, Carbon Dioxide Measurements (https://scrippsco2.ucsd.edu/).",ECCA,Atmospheric Carbon Dioxide Concentrations,"Environment, Climate Change, Climate and Weather, Atmospheric Carbon Dioxide Concentrations",1968M11,321.32
World,,WLD,"Monthly Atmospheric Carbon Dioxide Concentrations, Year on Year Percentage Change",Percent,"Dr. Pieter Tans, National Oceanic and Atmospheric Administration (NOAA). Global Monitoring Laboratory, Trends in Atmospheric Carbon Dioxide Data (https://gml.noaa.gov/ccgg/trends/) and Dr. Ralph Keeling, Scripps Institution of Oceanography, Carbon Dioxide Measurements (https://scrippsco2.ucsd.edu/).",ECCA,Atmospheric Carbon Dioxide Concentrations,"Environment, Climate Change, Climate and Weather, Atmospheric Carbon Dioxide Concentrations",1968M11,0.18
World,,WLD,Monthly Atmospheric Carbon Dioxide Concentrations,Parts Per Million,"Dr. Pieter Tans, National Oceanic and Atmospheric Administration (NOAA). Global Monitoring Laboratory, Trends in Atmospheric Carbon Dioxide Data (https://gml.noaa.gov/ccgg/trends/) and Dr. Ralph Keeling, Scripps Institution of Oceanography, Carbon Dioxide Measurements (https://scrippsco2.ucsd.edu/).",ECCA,Atmospheric Carbon Dioxide Concentrations,"Environment, Climate Change, Climate and Weather, Atmospheric Carbon Dioxide Concentrations",1968M12,322.89
World,,WLD,"Monthly Atmospheric Carbon Dioxide Concentrations, Year on Year Percentage Change",Percent,"Dr. Pieter Tans, National Oceanic and Atmospheric Administration (NOAA). Global Monitoring Laboratory, Trends in Atmospheric Carbon Dioxide Data (https://gml.noaa.gov/ccgg/trends/) and Dr. Ralph Keeling, Scripps Institution of Oceanography, Carbon Dioxide Measurements (https://scrippsco2.ucsd.edu/).",ECCA,Atmospheric Carbon Dioxide Concentrations,"Environment, Climate Change, Climate and Weather, Atmospheric Carbon Dioxide Concentrations",1968M12,0.29
World,,WLD,Monthly Atmospheric Carbon Dioxide Concentrations,Parts Per Million,"Dr. Pieter Tans, National Oceanic and Atmospheric Administration (NOAA). Global Monitoring Laboratory, Trends in Atmospheric Carbon Dioxide Data (https://gml.noaa.gov/ccgg/trends/) and Dr. Ralph Keeling, Scripps Institution of Oceanography, Carbon Dioxide Measurements (https://scrippsco2.ucsd.edu/).",ECCA,Atmospheric Carbon Dioxide Concentrations,"Environment, Climate Change, Climate and Weather, Atmospheric Carbon Dioxide Concentrations",1969M01,324.0
World,,WLD,"Monthly Atmospheric Carbon Dioxide Concentrations, Year on Year Percentage Change",Percent,"Dr. Pieter Tans, National Oceanic and Atmospheric Administration (NOAA). Global Monitoring Laboratory, Trends in Atmospheric Carbon Dioxide Data (https://gml.noaa.gov/ccgg/trends/) and Dr. Ralph Keeling, Scripps Institution of Oceanography, Carbon Dioxide Measurements (https://scrippsco2.ucsd.edu/).",ECCA,Atmospheric Carbon Dioxide Concentrations,"Environment, Climate Change, Climate and Weather, Atmospheric Carbon Dioxide Concentrations",1969M01,0.44
World,,WLD,Monthly Atmospheric Carbon Dioxide Concentrations,Parts Per Million,"Dr. Pieter Tans, National Oceanic and Atmospheric Administration (NOAA). Global Monitoring Laboratory, Trends in Atmospheric Carbon Dioxide Data (https://gml.noaa.gov/ccgg/trends/) and Dr. Ralph Keeling, Scripps Institution of Oceanography, Carbon Dioxide Measurements (https://scrippsco2.ucsd.edu/).",ECCA,Atmospheric Carbon Dioxide Concentrations,"Environment, Climate Change, Climate and Weather, Atmospheric Carbon Dioxide Concentrations",1969M02,324.41
World,,WLD,"Monthly Atmospheric Carbon Dioxide Concentrations, Year on Year Percentage Change",Percent,"Dr. Pieter Tans, National Oceanic and Atmospheric Administration (NOAA). Global Monitoring Laboratory, Trends in Atmospheric Carbon Dioxide Data (https://gml.noaa.gov/ccgg/trends/) and Dr. Ralph Keeling, Scripps Institution of Oceanography, Carbon Dioxide Measurements (https://scrippsco2.ucsd.edu/).",ECCA,Atmospheric Carbon Dioxide Concentrations,"Environment, Climate Change, Climate and Weather, Atmospheric Carbon Dioxide Concentrations",1969M02,0.39
World,,WLD,Monthly Atmospheric Carbon Dioxide Concentrations,Parts Per Million,"Dr. Pieter Tans, National Oceanic and Atmospheric Administration (NOAA). Global Monitoring Laboratory, Trends in Atmospheric Carbon Dioxide Data (https://gml.noaa.gov/ccgg/trends/) and Dr. Ralph Keeling, Scripps Institution of Oceanography, Carbon Dioxide Measurements (https://scrippsco2.ucsd.edu/).",ECCA,Atmospheric Carbon Dioxide Concentrations,"Environment, Climate Change, Climate and Weather, Atmospheric Carbon Dioxide Concentrations",1969M03,325.63
World,,WLD,"Monthly Atmospheric Carbon Dioxide Concentrations, Year on Year Percentage Change",Percent,"Dr. Pieter Tans, National Oceanic and Atmospheric Administration (NOAA). Global Monitoring Laboratory, Trends in Atmospheric Carbon Dioxide Data (https://gml.noaa.gov/ccgg/trends/) and Dr. Ralph Keeling, Scripps Institution of Oceanography, Carbon Dioxide Measurements (https://scrippsco2.ucsd.edu/).",ECCA,Atmospheric Carbon Dioxide Concentrations,"Environment, Climate Change, Climate and Weather, Atmospheric Carbon Dioxide Concentrations",1969M03,0.54
World,,WLD,Monthly Atmospheric Carbon Dioxide Concentrations,Parts Per Million,"Dr. Pieter Tans, National Oceanic and Atmospheric Administration (NOAA). Global Monitoring Laboratory, Trends in Atmospheric Carbon Dioxide Data (https://gml.noaa.gov/ccgg/trends/) and Dr. Ralph Keeling, Scripps Institution of Oceanography, Carbon Dioxide Measurements (https://scrippsco2.ucsd.edu/).",ECCA,Atmospheric Carbon Dioxide Concentrations,"Environment, Climate Change, Climate and Weather, Atmospheric Carbon Dioxide Concentrations",1969M04,326.66
World,,WLD,"Monthly Atmospheric Carbon Dioxide Concentrations, Year on Year Percentage Change",Percent,"Dr. Pieter Tans, National Oceanic and Atmospheric Administration (NOAA). Global Monitoring Laboratory, Trends in Atmospheric Carbon Dioxide Data (https://gml.noaa.gov/ccgg/trends/) and Dr. Ralph Keeling, Scripps Institution of Oceanography, Carbon Dioxide Measurements (https://scrippsco2.ucsd.edu/).",ECCA,Atmospheric Carbon Dioxide Concentrations,"Environment, Climate Change, Climate and Weather, Atmospheric Carbon Dioxide Concentrations",1969M04,0.5
World,,WLD,Monthly Atmospheric Carbon Dioxide Concentrations,Parts Per Million,"Dr. Pieter Tans, National Oceanic and Atmospheric Administration (NOAA). Global Monitoring Laboratory, Trends in Atmospheric Carbon Dioxide Data (https://gml.noaa.gov/ccgg/trends/) and Dr. Ralph Keeling, Scripps Institution of Oceanography, Carbon Dioxide Measurements (https://scrippsco2.ucsd.edu/).",ECCA,Atmospheric Carbon Dioxide Concentrations,"Environment, Climate Change, Climate and Weather, Atmospheric Carbon Dioxide Concentrations",1969M05,327.38
World,,WLD,"Monthly Atmospheric Carbon Dioxide Concentrations, Year on Year Percentage Change",Percent,"Dr. Pieter Tans, National Oceanic and Atmospheric Administration (NOAA). Global Monitoring Laboratory, Trends in Atmospheric Carbon Dioxide Data (https://gml.noaa.gov/ccgg/trends/) and Dr. Ralph Keeling, Scripps Institution of Oceanography, Carbon Dioxide Measurements (https://scrippsco2.ucsd.edu/).",ECCA,Atmospheric Carbon Dioxide Concentrations,"Environment, Climate Change, Climate and Weather, Atmospheric Carbon Dioxide Concentrations",1969M05,0.56
World,,WLD,Monthly Atmospheric Carbon Dioxide Concentrations,Parts Per Million,"Dr. Pieter Tans, National Oceanic and Atmospheric Administration (NOAA). Global Monitoring Laboratory, Trends in Atmospheric Carbon Dioxide Data (https://gml.noaa.gov/ccgg/trends/) and Dr. Ralph Keeling, Scripps Institution of Oceanography, Carbon Dioxide Measurements (https://scrippsco2.ucsd.edu/).",ECCA,Atmospheric Carbon Dioxide Concentrations,"Environment, Climate Change, Climate and Weather, Atmospheric Carbon Dioxide Concentrations",1969M06,326.71
World,,WLD,"Monthly Atmospheric Carbon Dioxide Concentrations, Year on Year Percentage Change",Percent,"Dr. Pieter Tans, National Oceanic and Atmospheric Administration (NOAA). Global Monitoring Laboratory, Trends in Atmospheric Carbon Dioxide Data (https://gml.noaa.gov/ccgg/trends/) and Dr. Ralph Keeling, Scripps Institution of Oceanography, Carbon Dioxide Measurements (https://scrippsco2.ucsd.edu/).",ECCA,Atmospheric Carbon Dioxide Concentrations,"Environment, Climate Change, Climate and Weather, Atmospheric Carbon Dioxide Concentrations",1969M06,0.41
World,,WLD,Monthly Atmospheric Carbon Dioxide Concentrations,Parts Per Million,"Dr. Pieter Tans, National Oceanic and Atmospheric Administration (NOAA). Global Monitoring Laboratory, Trends in Atmospheric Carbon Dioxide Data (https://gml.noaa.gov/ccgg/trends/) and Dr. Ralph Keeling, Scripps Institution of Oceanography, Carbon Dioxide Measurements (https://scrippsco2.ucsd.edu/).",ECCA,Atmospheric Carbon Dioxide Concentrations,"Environment, Climate Change, Climate and Weather, Atmospheric Carbon Dioxide Concentrations",1969M07,325.88
World,,WLD,"Monthly Atmospheric Carbon Dioxide Concentrations, Year on Year Percentage Change",Percent,"Dr. Pieter Tans, National Oceanic and Atmospheric Administration (NOAA). Global Monitoring Laboratory, Trends in Atmospheric Carbon Dioxide Data (https://gml.noaa.gov/ccgg/trends/) and Dr. Ralph Keeling, Scripps Institution of Oceanography, Carbon Dioxide Measurements (https://scrippsco2.ucsd.edu/).",ECCA,Atmospheric Carbon Dioxide Concentrations,"Environment, Climate Change, Climate and Weather, Atmospheric Carbon Dioxide Concentrations",1969M07,0.54
World,,WLD,Monthly Atmospheric Carbon Dioxide Concentrations,Parts Per Million,"Dr. Pieter Tans, National Oceanic and Atmospheric Administration (NOAA). Global Monitoring Laboratory, Trends in Atmospheric Carbon Dioxide Data (https://gml.noaa.gov/ccgg/trends/) and Dr. Ralph Keeling, Scripps Institution of Oceanography, Carbon Dioxide Measurements (https://scrippsco2.ucsd.edu/).",ECCA,Atmospheric Carbon Dioxide Concentrations,"Environment, Climate Change, Climate and Weather, Atmospheric Carbon Dioxide Concentrations",1969M08,323.66
World,,WLD,"Monthly Atmospheric Carbon Dioxide Concentrations, Year on Year Percentage Change",Percent,"Dr. Pieter Tans, National Oceanic and Atmospheric Administration (NOAA). Global Monitoring Laboratory, Trends in Atmospheric Carbon Dioxide Data (https://gml.noaa.gov/ccgg/trends/) and Dr. Ralph Keeling, Scripps Institution of Oceanography, Carbon Dioxide Measurements (https://scrippsco2.ucsd.edu/).",ECCA,Atmospheric Carbon Dioxide Concentrations,"Environment, Climate Change, Climate and Weather, Atmospheric Carbon Dioxide Concentrations",1969M08,0.48
World,,WLD,Monthly Atmospheric Carbon Dioxide Concentrations,Parts Per Million,"Dr. Pieter Tans, National Oceanic and Atmospheric Administration (NOAA). Global Monitoring Laboratory, Trends in Atmospheric Carbon Dioxide Data (https://gml.noaa.gov/ccgg/trends/) and Dr. Ralph Keeling, Scripps Institution of Oceanography, Carbon Dioxide Measurements (https://scrippsco2.ucsd.edu/).",ECCA,Atmospheric Carbon Dioxide Concentrations,"Environment, Climate Change, Climate and Weather, Atmospheric Carbon Dioxide Concentrations",1969M09,322.38
World,,WLD,"Monthly Atmospheric Carbon Dioxide Concentrations, Year on Year Percentage Change",Percent,"Dr. Pieter Tans, National Oceanic and Atmospheric Administration (NOAA). Global Monitoring Laboratory, Trends in Atmospheric Carbon Dioxide Data (https://gml.noaa.gov/ccgg/trends/) and Dr. Ralph Keeling, Scripps Institution of Oceanography, Carbon Dioxide Measurements (https://scrippsco2.ucsd.edu/).",ECCA,Atmospheric Carbon Dioxide Concentrations,"Environment, Climate Change, Climate and Weather, Atmospheric Carbon Dioxide Concentrations",1969M09,0.64
World,,WLD,Monthly Atmospheric Carbon Dioxide Concentrations,Parts Per Million,"Dr. Pieter Tans, National Oceanic and Atmospheric Administration (NOAA). Global Monitoring Laboratory, Trends in Atmospheric Carbon Dioxide Data (https://gml.noaa.gov/ccgg/trends/) and Dr. Ralph Keeling, Scripps Institution of Oceanography, Carbon Dioxide Measurements (https://scrippsco2.ucsd.edu/).",ECCA,Atmospheric Carbon Dioxide Concentrations,"Environment, Climate Change, Climate and Weather, Atmospheric Carbon Dioxide Concentrations",1969M10,321.78
World,,WLD,"Monthly Atmospheric Carbon Dioxide Concentrations, Year on Year Percentage Change",Percent,"Dr. Pieter Tans, National Oceanic and Atmospheric Administration (NOAA). Global Monitoring Laboratory, Trends in Atmospheric Carbon Dioxide Data (https://gml.noaa.gov/ccgg/trends/) and Dr. Ralph Keeling, Scripps Institution of Oceanography, Carbon Dioxide Measurements (https://scrippsco2.ucsd.edu/).",ECCA,Atmospheric Carbon Dioxide Concentrations,"Environment, Climate Change, Climate and Weather, Atmospheric Carbon Dioxide Concentrations",1969M10,0.48
World,,WLD,Monthly Atmospheric Carbon Dioxide Concentrations,Parts Per Million,"Dr. Pieter Tans, National Oceanic and Atmospheric Administration (NOAA). Global Monitoring Laboratory, Trends in Atmospheric Carbon Dioxide Data (https://gml.noaa.gov/ccgg/trends/) and Dr. Ralph Keeling, Scripps Institution of Oceanography, Carbon Dioxide Measurements (https://scrippsco2.ucsd.edu/).",ECCA,Atmospheric Carbon Dioxide Concentrations,"Environment, Climate Change, Climate and Weather, Atmospheric Carbon Dioxide Concentrations",1969M11,322.85
World,,WLD,"Monthly Atmospheric Carbon Dioxide Concentrations, Year on Year Percentage Change",Percent,"Dr. Pieter Tans, National Oceanic and Atmospheric Administration (NOAA). Global Monitoring Laboratory, Trends in Atmospheric Carbon Dioxide Data (https://gml.noaa.gov/ccgg/trends/) and Dr. Ralph Keeling, Scripps Institution of Oceanography, Carbon Dioxide Measurements (https://scrippsco2.ucsd.edu/).",ECCA,Atmospheric Carbon Dioxide Concentrations,"Environment, Climate Change, Climate and Weather, Atmospheric Carbon Dioxide Concentrations",1969M11,0.48
World,,WLD,Monthly Atmospheric Carbon Dioxide Concentrations,Parts Per Million,"Dr. Pieter Tans, National Oceanic and Atmospheric Administration (NOAA). Global Monitoring Laboratory, Trends in Atmospheric Carbon Dioxide Data (https://gml.noaa.gov/ccgg/trends/) and Dr. Ralph Keeling, Scripps Institution of Oceanography, Carbon Dioxide Measurements (https://scrippsco2.ucsd.edu/).",ECCA,Atmospheric Carbon Dioxide Concentrations,"Environment, Climate Change, Climate and Weather, Atmospheric Carbon Dioxide Concentrations",1969M12,324.11
World,,WLD,"Monthly Atmospheric Carbon Dioxide Concentrations, Year on Year Percentage Change",Percent,"Dr. Pieter Tans, National Oceanic and Atmospheric Administration (NOAA). Global Monitoring Laboratory, Trends in Atmospheric Carbon Dioxide Data (https://gml.noaa.gov/ccgg/trends/) and Dr. Ralph Keeling, Scripps Institution of Oceanography, Carbon Dioxide Measurements (https://scrippsco2.ucsd.edu/).",ECCA,Atmospheric Carbon Dioxide Concentrations,"Environment, Climate Change, Climate and Weather, Atmospheric Carbon Dioxide Concentrations",1969M12,0.38
World,,WLD,Monthly Atmospheric Carbon Dioxide Concentrations,Parts Per Million,"Dr. Pieter Tans, National Oceanic and Atmospheric Administration (NOAA). Global Monitoring Laboratory, Trends in Atmospheric Carbon Dioxide Data (https://gml.noaa.gov/ccgg/trends/) and Dr. Ralph Keeling, Scripps Institution of Oceanography, Carbon Dioxide Measurements (https://scrippsco2.ucsd.edu/).",ECCA,Atmospheric Carbon Dioxide Concentrations,"Environment, Climate Change, Climate and Weather, Atmospheric Carbon Dioxide Concentrations",1970M01,325.06
World,,WLD,"Monthly Atmospheric Carbon Dioxide Concentrations, Year on Year Percentage Change",Percent,"Dr. Pieter Tans, National Oceanic and Atmospheric Administration (NOAA). Global Monitoring Laboratory, Trends in Atmospheric Carbon Dioxide Data (https://gml.noaa.gov/ccgg/trends/) and Dr. Ralph Keeling, Scripps Institution of Oceanography, Carbon Dioxide Measurements (https://scrippsco2.ucsd.edu/).",ECCA,Atmospheric Carbon Dioxide Concentrations,"Environment, Climate Change, Climate and Weather, Atmospheric Carbon Dioxide Concentrations",1970M01,0.33
World,,WLD,Monthly Atmospheric Carbon Dioxide Concentrations,Parts Per Million,"Dr. Pieter Tans, National Oceanic and Atmospheric Administration (NOAA). Global Monitoring Laboratory, Trends in Atmospheric Carbon Dioxide Data (https://gml.noaa.gov/ccgg/trends/) and Dr. Ralph Keeling, Scripps Institution of Oceanography, Carbon Dioxide Measurements (https://scrippsco2.ucsd.edu/).",ECCA,Atmospheric Carbon Dioxide Concentrations,"Environment, Climate Change, Climate and Weather, Atmospheric Carbon Dioxide Concentrations",1970M02,325.99
World,,WLD,"Monthly Atmospheric Carbon Dioxide Concentrations, Year on Year Percentage Change",Percent,"Dr. Pieter Tans, National Oceanic and Atmospheric Administration (NOAA). Global Monitoring Laboratory, Trends in Atmospheric Carbon Dioxide Data (https://gml.noaa.gov/ccgg/trends/) and Dr. Ralph Keeling, Scripps Institution of Oceanography, Carbon Dioxide Measurements (https://scrippsco2.ucsd.edu/).",ECCA,Atmospheric Carbon Dioxide Concentrations,"Environment, Climate Change, Climate and Weather, Atmospheric Carbon Dioxide Concentrations",1970M02,0.49
World,,WLD,Monthly Atmospheric Carbon Dioxide Concentrations,Parts Per Million,"Dr. Pieter Tans, National Oceanic and Atmospheric Administration (NOAA). Global Monitoring Laboratory, Trends in Atmospheric Carbon Dioxide Data (https://gml.noaa.gov/ccgg/trends/) and Dr. Ralph Keeling, Scripps Institution of Oceanography, Carbon Dioxide Measurements (https://scrippsco2.ucsd.edu/).",ECCA,Atmospheric Carbon Dioxide Concentrations,"Environment, Climate Change, Climate and Weather, Atmospheric Carbon Dioxide Concentrations",1970M03,326.93
World,,WLD,"Monthly Atmospheric Carbon Dioxide Concentrations, Year on Year Percentage Change",Percent,"Dr. Pieter Tans, National Oceanic and Atmospheric Administration (NOAA). Global Monitoring Laboratory, Trends in Atmospheric Carbon Dioxide Data (https://gml.noaa.gov/ccgg/trends/) and Dr. Ralph Keeling, Scripps Institution of Oceanography, Carbon Dioxide Measurements (https://scrippsco2.ucsd.edu/).",ECCA,Atmospheric Carbon Dioxide Concentrations,"Environment, Climate Change, Climate and Weather, Atmospheric Carbon Dioxide Concentrations",1970M03,0.4
World,,WLD,Monthly Atmospheric Carbon Dioxide Concentrations,Parts Per Million,"Dr. Pieter Tans, National Oceanic and Atmospheric Administration (NOAA). Global Monitoring Laboratory, Trends in Atmospheric Carbon Dioxide Data (https://gml.noaa.gov/ccgg/trends/) and Dr. Ralph Keeling, Scripps Institution of Oceanography, Carbon Dioxide Measurements (https://scrippsco2.ucsd.edu/).",ECCA,Atmospheric Carbon Dioxide Concentrations,"Environment, Climate Change, Climate and Weather, Atmospheric Carbon Dioxide Concentrations",1970M04,328.13
World,,WLD,"Monthly Atmospheric Carbon Dioxide Concentrations, Year on Year Percentage Change",Percent,"Dr. Pieter Tans, National Oceanic and Atmospheric Administration (NOAA). Global Monitoring Laboratory, Trends in Atmospheric Carbon Dioxide Data (https://gml.noaa.gov/ccgg/trends/) and Dr. Ralph Keeling, Scripps Institution of Oceanography, Carbon Dioxide Measurements (https://scrippsco2.ucsd.edu/).",ECCA,Atmospheric Carbon Dioxide Concentrations,"Environment, Climate Change, Climate and Weather, Atmospheric Carbon Dioxide Concentrations",1970M04,0.45
World,,WLD,Monthly Atmospheric Carbon Dioxide Concentrations,Parts Per Million,"Dr. Pieter Tans, National Oceanic and Atmospheric Administration (NOAA). Global Monitoring Laboratory, Trends in Atmospheric Carbon Dioxide Data (https://gml.noaa.gov/ccgg/trends/) and Dr. Ralph Keeling, Scripps Institution of Oceanography, Carbon Dioxide Measurements (https://scrippsco2.ucsd.edu/).",ECCA,Atmospheric Carbon Dioxide Concentrations,"Environment, Climate Change, Climate and Weather, Atmospheric Carbon Dioxide Concentrations",1970M05,328.08
World,,WLD,"Monthly Atmospheric Carbon Dioxide Concentrations, Year on Year Percentage Change",Percent,"Dr. Pieter Tans, National Oceanic and Atmospheric Administration (NOAA). Global Monitoring Laboratory, Trends in Atmospheric Carbon Dioxide Data (https://gml.noaa.gov/ccgg/trends/) and Dr. Ralph Keeling, Scripps Institution of Oceanography, Carbon Dioxide Measurements (https://scrippsco2.ucsd.edu/).",ECCA,Atmospheric Carbon Dioxide Concentrations,"Environment, Climate Change, Climate and Weather, Atmospheric Carbon Dioxide Concentrations",1970M05,0.21
World,,WLD,Monthly Atmospheric Carbon Dioxide Concentrations,Parts Per Million,"Dr. Pieter Tans, National Oceanic and Atmospheric Administration (NOAA). Global Monitoring Laboratory, Trends in Atmospheric Carbon Dioxide Data (https://gml.noaa.gov/ccgg/trends/) and Dr. Ralph Keeling, Scripps Institution of Oceanography, Carbon Dioxide Measurements (https://scrippsco2.ucsd.edu/).",ECCA,Atmospheric Carbon Dioxide Concentrations,"Environment, Climate Change, Climate and Weather, Atmospheric Carbon Dioxide Concentrations",1970M06,327.67
World,,WLD,"Monthly Atmospheric Carbon Dioxide Concentrations, Year on Year Percentage Change",Percent,"Dr. Pieter Tans, National Oceanic and Atmospheric Administration (NOAA). Global Monitoring Laboratory, Trends in Atmospheric Carbon Dioxide Data (https://gml.noaa.gov/ccgg/trends/) and Dr. Ralph Keeling, Scripps Institution of Oceanography, Carbon Dioxide Measurements (https://scrippsco2.ucsd.edu/).",ECCA,Atmospheric Carbon Dioxide Concentrations,"Environment, Climate Change, Climate and Weather, Atmospheric Carbon Dioxide Concentrations",1970M06,0.29
World,,WLD,Monthly Atmospheric Carbon Dioxide Concentrations,Parts Per Million,"Dr. Pieter Tans, National Oceanic and Atmospheric Administration (NOAA). Global Monitoring Laboratory, Trends in Atmospheric Carbon Dioxide Data (https://gml.noaa.gov/ccgg/trends/) and Dr. Ralph Keeling, Scripps Institution of Oceanography, Carbon Dioxide Measurements (https://scrippsco2.ucsd.edu/).",ECCA,Atmospheric Carbon Dioxide Concentrations,"Environment, Climate Change, Climate and Weather, Atmospheric Carbon Dioxide Concentrations",1970M07,326.34
World,,WLD,"Monthly Atmospheric Carbon Dioxide Concentrations, Year on Year Percentage Change",Percent,"Dr. Pieter Tans, National Oceanic and Atmospheric Administration (NOAA). Global Monitoring Laboratory, Trends in Atmospheric Carbon Dioxide Data (https://gml.noaa.gov/ccgg/trends/) and Dr. Ralph Keeling, Scripps Institution of Oceanography, Carbon Dioxide Measurements (https://scrippsco2.ucsd.edu/).",ECCA,Atmospheric Carbon Dioxide Concentrations,"Environment, Climate Change, Climate and Weather, Atmospheric Carbon Dioxide Concentrations",1970M07,0.14
World,,WLD,Monthly Atmospheric Carbon Dioxide Concentrations,Parts Per Million,"Dr. Pieter Tans, National Oceanic and Atmospheric Administration (NOAA). Global Monitoring Laboratory, Trends in Atmospheric Carbon Dioxide Data (https://gml.noaa.gov/ccgg/trends/) and Dr. Ralph Keeling, Scripps Institution of Oceanography, Carbon Dioxide Measurements (https://scrippsco2.ucsd.edu/).",ECCA,Atmospheric Carbon Dioxide Concentrations,"Environment, Climate Change, Climate and Weather, Atmospheric Carbon Dioxide Concentrations",1970M08,324.68
World,,WLD,"Monthly Atmospheric Carbon Dioxide Concentrations, Year on Year Percentage Change",Percent,"Dr. Pieter Tans, National Oceanic and Atmospheric Administration (NOAA). Global Monitoring Laboratory, Trends in Atmospheric Carbon Dioxide Data (https://gml.noaa.gov/ccgg/trends/) and Dr. Ralph Keeling, Scripps Institution of Oceanography, Carbon Dioxide Measurements (https://scrippsco2.ucsd.edu/).",ECCA,Atmospheric Carbon Dioxide Concentrations,"Environment, Climate Change, Climate and Weather, Atmospheric Carbon Dioxide Concentrations",1970M08,0.32
World,,WLD,Monthly Atmospheric Carbon Dioxide Concentrations,Parts Per Million,"Dr. Pieter Tans, National Oceanic and Atmospheric Administration (NOAA). Global Monitoring Laboratory, Trends in Atmospheric Carbon Dioxide Data (https://gml.noaa.gov/ccgg/trends/) and Dr. Ralph Keeling, Scripps Institution of Oceanography, Carbon Dioxide Measurements (https://scrippsco2.ucsd.edu/).",ECCA,Atmospheric Carbon Dioxide Concentrations,"Environment, Climate Change, Climate and Weather, Atmospheric Carbon Dioxide Concentrations",1970M09,323.1
World,,WLD,"Monthly Atmospheric Carbon Dioxide Concentrations, Year on Year Percentage Change",Percent,"Dr. Pieter Tans, National Oceanic and Atmospheric Administration (NOAA). Global Monitoring Laboratory, Trends in Atmospheric Carbon Dioxide Data (https://gml.noaa.gov/ccgg/trends/) and Dr. Ralph Keeling, Scripps Institution of Oceanography, Carbon Dioxide Measurements (https://scrippsco2.ucsd.edu/).",ECCA,Atmospheric Carbon Dioxide Concentrations,"Environment, Climate Change, Climate and Weather, Atmospheric Carbon Dioxide Concentrations",1970M09,0.22
World,,WLD,Monthly Atmospheric Carbon Dioxide Concentrations,Parts Per Million,"Dr. Pieter Tans, National Oceanic and Atmospheric Administration (NOAA). Global Monitoring Laboratory, Trends in Atmospheric Carbon Dioxide Data (https://gml.noaa.gov/ccgg/trends/) and Dr. Ralph Keeling, Scripps Institution of Oceanography, Carbon Dioxide Measurements (https://scrippsco2.ucsd.edu/).",ECCA,Atmospheric Carbon Dioxide Concentrations,"Environment, Climate Change, Climate and Weather, Atmospheric Carbon Dioxide Concentrations",1970M10,323.06
World,,WLD,"Monthly Atmospheric Carbon Dioxide Concentrations, Year on Year Percentage Change",Percent,"Dr. Pieter Tans, National Oceanic and Atmospheric Administration (NOAA). Global Monitoring Laboratory, Trends in Atmospheric Carbon Dioxide Data (https://gml.noaa.gov/ccgg/trends/) and Dr. Ralph Keeling, Scripps Institution of Oceanography, Carbon Dioxide Measurements (https://scrippsco2.ucsd.edu/).",ECCA,Atmospheric Carbon Dioxide Concentrations,"Environment, Climate Change, Climate and Weather, Atmospheric Carbon Dioxide Concentrations",1970M10,0.4
World,,WLD,Monthly Atmospheric Carbon Dioxide Concentrations,Parts Per Million,"Dr. Pieter Tans, National Oceanic and Atmospheric Administration (NOAA). Global Monitoring Laboratory, Trends in Atmospheric Carbon Dioxide Data (https://gml.noaa.gov/ccgg/trends/) and Dr. Ralph Keeling, Scripps Institution of Oceanography, Carbon Dioxide Measurements (https://scrippsco2.ucsd.edu/).",ECCA,Atmospheric Carbon Dioxide Concentrations,"Environment, Climate Change, Climate and Weather, Atmospheric Carbon Dioxide Concentrations",1970M11,324.01
World,,WLD,"Monthly Atmospheric Carbon Dioxide Concentrations, Year on Year Percentage Change",Percent,"Dr. Pieter Tans, National Oceanic and Atmospheric Administration (NOAA). Global Monitoring Laboratory, Trends in Atmospheric Carbon Dioxide Data (https://gml.noaa.gov/ccgg/trends/) and Dr. Ralph Keeling, Scripps Institution of Oceanography, Carbon Dioxide Measurements (https://scrippsco2.ucsd.edu/).",ECCA,Atmospheric Carbon Dioxide Concentrations,"Environment, Climate Change, Climate and Weather, Atmospheric Carbon Dioxide Concentrations",1970M11,0.36
World,,WLD,Monthly Atmospheric Carbon Dioxide Concentrations,Parts Per Million,"Dr. Pieter Tans, National Oceanic and Atmospheric Administration (NOAA). Global Monitoring Laboratory, Trends in Atmospheric Carbon Dioxide Data (https://gml.noaa.gov/ccgg/trends/) and Dr. Ralph Keeling, Scripps Institution of Oceanography, Carbon Dioxide Measurements (https://scrippsco2.ucsd.edu/).",ECCA,Atmospheric Carbon Dioxide Concentrations,"Environment, Climate Change, Climate and Weather, Atmospheric Carbon Dioxide Concentrations",1970M12,325.13
World,,WLD,"Monthly Atmospheric Carbon Dioxide Concentrations, Year on Year Percentage Change",Percent,"Dr. Pieter Tans, National Oceanic and Atmospheric Administration (NOAA). Global Monitoring Laboratory, Trends in Atmospheric Carbon Dioxide Data (https://gml.noaa.gov/ccgg/trends/) and Dr. Ralph Keeling, Scripps Institution of Oceanography, Carbon Dioxide Measurements (https://scrippsco2.ucsd.edu/).",ECCA,Atmospheric Carbon Dioxide Concentrations,"Environment, Climate Change, Climate and Weather, Atmospheric Carbon Dioxide Concentrations",1970M12,0.31
World,,WLD,Monthly Atmospheric Carbon Dioxide Concentrations,Parts Per Million,"Dr. Pieter Tans, National Oceanic and Atmospheric Administration (NOAA). Global Monitoring Laboratory, Trends in Atmospheric Carbon Dioxide Data (https://gml.noaa.gov/ccgg/trends/) and Dr. Ralph Keeling, Scripps Institution of Oceanography, Carbon Dioxide Measurements (https://scrippsco2.ucsd.edu/).",ECCA,Atmospheric Carbon Dioxide Concentrations,"Environment, Climate Change, Climate and Weather, Atmospheric Carbon Dioxide Concentrations",1971M01,326.17
World,,WLD,"Monthly Atmospheric Carbon Dioxide Concentrations, Year on Year Percentage Change",Percent,"Dr. Pieter Tans, National Oceanic and Atmospheric Administration (NOAA). Global Monitoring Laboratory, Trends in Atmospheric Carbon Dioxide Data (https://gml.noaa.gov/ccgg/trends/) and Dr. Ralph Keeling, Scripps Institution of Oceanography, Carbon Dioxide Measurements (https://scrippsco2.ucsd.edu/).",ECCA,Atmospheric Carbon Dioxide Concentrations,"Environment, Climate Change, Climate and Weather, Atmospheric Carbon Dioxide Concentrations",1971M01,0.34
World,,WLD,Monthly Atmospheric Carbon Dioxide Concentrations,Parts Per Million,"Dr. Pieter Tans, National Oceanic and Atmospheric Administration (NOAA). Global Monitoring Laboratory, Trends in Atmospheric Carbon Dioxide Data (https://gml.noaa.gov/ccgg/trends/) and Dr. Ralph Keeling, Scripps Institution of Oceanography, Carbon Dioxide Measurements (https://scrippsco2.ucsd.edu/).",ECCA,Atmospheric Carbon Dioxide Concentrations,"Environment, Climate Change, Climate and Weather, Atmospheric Carbon Dioxide Concentrations",1971M02,326.69
World,,WLD,"Monthly Atmospheric Carbon Dioxide Concentrations, Year on Year Percentage Change",Percent,"Dr. Pieter Tans, National Oceanic and Atmospheric Administration (NOAA). Global Monitoring Laboratory, Trends in Atmospheric Carbon Dioxide Data (https://gml.noaa.gov/ccgg/trends/) and Dr. Ralph Keeling, Scripps Institution of Oceanography, Carbon Dioxide Measurements (https://scrippsco2.ucsd.edu/).",ECCA,Atmospheric Carbon Dioxide Concentrations,"Environment, Climate Change, Climate and Weather, Atmospheric Carbon Dioxide Concentrations",1971M02,0.21
World,,WLD,Monthly Atmospheric Carbon Dioxide Concentrations,Parts Per Million,"Dr. Pieter Tans, National Oceanic and Atmospheric Administration (NOAA). Global Monitoring Laboratory, Trends in Atmospheric Carbon Dioxide Data (https://gml.noaa.gov/ccgg/trends/) and Dr. Ralph Keeling, Scripps Institution of Oceanography, Carbon Dioxide Measurements (https://scrippsco2.ucsd.edu/).",ECCA,Atmospheric Carbon Dioxide Concentrations,"Environment, Climate Change, Climate and Weather, Atmospheric Carbon Dioxide Concentrations",1971M03,327.18
World,,WLD,"Monthly Atmospheric Carbon Dioxide Concentrations, Year on Year Percentage Change",Percent,"Dr. Pieter Tans, National Oceanic and Atmospheric Administration (NOAA). Global Monitoring Laboratory, Trends in Atmospheric Carbon Dioxide Data (https://gml.noaa.gov/ccgg/trends/) and Dr. Ralph Keeling, Scripps Institution of Oceanography, Carbon Dioxide Measurements (https://scrippsco2.ucsd.edu/).",ECCA,Atmospheric Carbon Dioxide Concentrations,"Environment, Climate Change, Climate and Weather, Atmospheric Carbon Dioxide Concentrations",1971M03,0.08
World,,WLD,Monthly Atmospheric Carbon Dioxide Concentrations,Parts Per Million,"Dr. Pieter Tans, National Oceanic and Atmospheric Administration (NOAA). Global Monitoring Laboratory, Trends in Atmospheric Carbon Dioxide Data (https://gml.noaa.gov/ccgg/trends/) and Dr. Ralph Keeling, Scripps Institution of Oceanography, Carbon Dioxide Measurements (https://scrippsco2.ucsd.edu/).",ECCA,Atmospheric Carbon Dioxide Concentrations,"Environment, Climate Change, Climate and Weather, Atmospheric Carbon Dioxide Concentrations",1971M04,327.78
World,,WLD,"Monthly Atmospheric Carbon Dioxide Concentrations, Year on Year Percentage Change",Percent,"Dr. Pieter Tans, National Oceanic and Atmospheric Administration (NOAA). Global Monitoring Laboratory, Trends in Atmospheric Carbon Dioxide Data (https://gml.noaa.gov/ccgg/trends/) and Dr. Ralph Keeling, Scripps Institution of Oceanography, Carbon Dioxide Measurements (https://scrippsco2.ucsd.edu/).",ECCA,Atmospheric Carbon Dioxide Concentrations,"Environment, Climate Change, Climate and Weather, Atmospheric Carbon Dioxide Concentrations",1971M04,-0.11
World,,WLD,Monthly Atmospheric Carbon Dioxide Concentrations,Parts Per Million,"Dr. Pieter Tans, National Oceanic and Atmospheric Administration (NOAA). Global Monitoring Laboratory, Trends in Atmospheric Carbon Dioxide Data (https://gml.noaa.gov/ccgg/trends/) and Dr. Ralph Keeling, Scripps Institution of Oceanography, Carbon Dioxide Measurements (https://scrippsco2.ucsd.edu/).",ECCA,Atmospheric Carbon Dioxide Concentrations,"Environment, Climate Change, Climate and Weather, Atmospheric Carbon Dioxide Concentrations",1971M05,328.93
World,,WLD,"Monthly Atmospheric Carbon Dioxide Concentrations, Year on Year Percentage Change",Percent,"Dr. Pieter Tans, National Oceanic and Atmospheric Administration (NOAA). Global Monitoring Laboratory, Trends in Atmospheric Carbon Dioxide Data (https://gml.noaa.gov/ccgg/trends/) and Dr. Ralph Keeling, Scripps Institution of Oceanography, Carbon Dioxide Measurements (https://scrippsco2.ucsd.edu/).",ECCA,Atmospheric Carbon Dioxide Concentrations,"Environment, Climate Change, Climate and Weather, Atmospheric Carbon Dioxide Concentrations",1971M05,0.26
World,,WLD,Monthly Atmospheric Carbon Dioxide Concentrations,Parts Per Million,"Dr. Pieter Tans, National Oceanic and Atmospheric Administration (NOAA). Global Monitoring Laboratory, Trends in Atmospheric Carbon Dioxide Data (https://gml.noaa.gov/ccgg/trends/) and Dr. Ralph Keeling, Scripps Institution of Oceanography, Carbon Dioxide Measurements (https://scrippsco2.ucsd.edu/).",ECCA,Atmospheric Carbon Dioxide Concentrations,"Environment, Climate Change, Climate and Weather, Atmospheric Carbon Dioxide Concentrations",1971M06,328.57
World,,WLD,"Monthly Atmospheric Carbon Dioxide Concentrations, Year on Year Percentage Change",Percent,"Dr. Pieter Tans, National Oceanic and Atmospheric Administration (NOAA). Global Monitoring Laboratory, Trends in Atmospheric Carbon Dioxide Data (https://gml.noaa.gov/ccgg/trends/) and Dr. Ralph Keeling, Scripps Institution of Oceanography, Carbon Dioxide Measurements (https://scrippsco2.ucsd.edu/).",ECCA,Atmospheric Carbon Dioxide Concentrations,"Environment, Climate Change, Climate and Weather, Atmospheric Carbon Dioxide Concentrations",1971M06,0.27
World,,WLD,Monthly Atmospheric Carbon Dioxide Concentrations,Parts Per Million,"Dr. Pieter Tans, National Oceanic and Atmospheric Administration (NOAA). Global Monitoring Laboratory, Trends in Atmospheric Carbon Dioxide Data (https://gml.noaa.gov/ccgg/trends/) and Dr. Ralph Keeling, Scripps Institution of Oceanography, Carbon Dioxide Measurements (https://scrippsco2.ucsd.edu/).",ECCA,Atmospheric Carbon Dioxide Concentrations,"Environment, Climate Change, Climate and Weather, Atmospheric Carbon Dioxide Concentrations",1971M07,327.36
World,,WLD,"Monthly Atmospheric Carbon Dioxide Concentrations, Year on Year Percentage Change",Percent,"Dr. Pieter Tans, National Oceanic and Atmospheric Administration (NOAA). Global Monitoring Laboratory, Trends in Atmospheric Carbon Dioxide Data (https://gml.noaa.gov/ccgg/trends/) and Dr. Ralph Keeling, Scripps Institution of Oceanography, Carbon Dioxide Measurements (https://scrippsco2.ucsd.edu/).",ECCA,Atmospheric Carbon Dioxide Concentrations,"Environment, Climate Change, Climate and Weather, Atmospheric Carbon Dioxide Concentrations",1971M07,0.31
World,,WLD,Monthly Atmospheric Carbon Dioxide Concentrations,Parts Per Million,"Dr. Pieter Tans, National Oceanic and Atmospheric Administration (NOAA). Global Monitoring Laboratory, Trends in Atmospheric Carbon Dioxide Data (https://gml.noaa.gov/ccgg/trends/) and Dr. Ralph Keeling, Scripps Institution of Oceanography, Carbon Dioxide Measurements (https://scrippsco2.ucsd.edu/).",ECCA,Atmospheric Carbon Dioxide Concentrations,"Environment, Climate Change, Climate and Weather, Atmospheric Carbon Dioxide Concentrations",1971M08,325.43
World,,WLD,"Monthly Atmospheric Carbon Dioxide Concentrations, Year on Year Percentage Change",Percent,"Dr. Pieter Tans, National Oceanic and Atmospheric Administration (NOAA). Global Monitoring Laboratory, Trends in Atmospheric Carbon Dioxide Data (https://gml.noaa.gov/ccgg/trends/) and Dr. Ralph Keeling, Scripps Institution of Oceanography, Carbon Dioxide Measurements (https://scrippsco2.ucsd.edu/).",ECCA,Atmospheric Carbon Dioxide Concentrations,"Environment, Climate Change, Climate and Weather, Atmospheric Carbon Dioxide Concentrations",1971M08,0.23
World,,WLD,Monthly Atmospheric Carbon Dioxide Concentrations,Parts Per Million,"Dr. Pieter Tans, National Oceanic and Atmospheric Administration (NOAA). Global Monitoring Laboratory, Trends in Atmospheric Carbon Dioxide Data (https://gml.noaa.gov/ccgg/trends/) and Dr. Ralph Keeling, Scripps Institution of Oceanography, Carbon Dioxide Measurements (https://scrippsco2.ucsd.edu/).",ECCA,Atmospheric Carbon Dioxide Concentrations,"Environment, Climate Change, Climate and Weather, Atmospheric Carbon Dioxide Concentrations",1971M09,323.36
World,,WLD,"Monthly Atmospheric Carbon Dioxide Concentrations, Year on Year Percentage Change",Percent,"Dr. Pieter Tans, National Oceanic and Atmospheric Administration (NOAA). Global Monitoring Laboratory, Trends in Atmospheric Carbon Dioxide Data (https://gml.noaa.gov/ccgg/trends/) and Dr. Ralph Keeling, Scripps Institution of Oceanography, Carbon Dioxide Measurements (https://scrippsco2.ucsd.edu/).",ECCA,Atmospheric Carbon Dioxide Concentrations,"Environment, Climate Change, Climate and Weather, Atmospheric Carbon Dioxide Concentrations",1971M09,0.08
World,,WLD,Monthly Atmospheric Carbon Dioxide Concentrations,Parts Per Million,"Dr. Pieter Tans, National Oceanic and Atmospheric Administration (NOAA). Global Monitoring Laboratory, Trends in Atmospheric Carbon Dioxide Data (https://gml.noaa.gov/ccgg/trends/) and Dr. Ralph Keeling, Scripps Institution of Oceanography, Carbon Dioxide Measurements (https://scrippsco2.ucsd.edu/).",ECCA,Atmospheric Carbon Dioxide Concentrations,"Environment, Climate Change, Climate and Weather, Atmospheric Carbon Dioxide Concentrations",1971M10,323.56
World,,WLD,"Monthly Atmospheric Carbon Dioxide Concentrations, Year on Year Percentage Change",Percent,"Dr. Pieter Tans, National Oceanic and Atmospheric Administration (NOAA). Global Monitoring Laboratory, Trends in Atmospheric Carbon Dioxide Data (https://gml.noaa.gov/ccgg/trends/) and Dr. Ralph Keeling, Scripps Institution of Oceanography, Carbon Dioxide Measurements (https://scrippsco2.ucsd.edu/).",ECCA,Atmospheric Carbon Dioxide Concentrations,"Environment, Climate Change, Climate and Weather, Atmospheric Carbon Dioxide Concentrations",1971M10,0.15
World,,WLD,Monthly Atmospheric Carbon Dioxide Concentrations,Parts Per Million,"Dr. Pieter Tans, National Oceanic and Atmospheric Administration (NOAA). Global Monitoring Laboratory, Trends in Atmospheric Carbon Dioxide Data (https://gml.noaa.gov/ccgg/trends/) and Dr. Ralph Keeling, Scripps Institution of Oceanography, Carbon Dioxide Measurements (https://scrippsco2.ucsd.edu/).",ECCA,Atmospheric Carbon Dioxide Concentrations,"Environment, Climate Change, Climate and Weather, Atmospheric Carbon Dioxide Concentrations",1971M11,324.8
World,,WLD,"Monthly Atmospheric Carbon Dioxide Concentrations, Year on Year Percentage Change",Percent,"Dr. Pieter Tans, National Oceanic and Atmospheric Administration (NOAA). Global Monitoring Laboratory, Trends in Atmospheric Carbon Dioxide Data (https://gml.noaa.gov/ccgg/trends/) and Dr. Ralph Keeling, Scripps Institution of Oceanography, Carbon Dioxide Measurements (https://scrippsco2.ucsd.edu/).",ECCA,Atmospheric Carbon Dioxide Concentrations,"Environment, Climate Change, Climate and Weather, Atmospheric Carbon Dioxide Concentrations",1971M11,0.24
World,,WLD,Monthly Atmospheric Carbon Dioxide Concentrations,Parts Per Million,"Dr. Pieter Tans, National Oceanic and Atmospheric Administration (NOAA). Global Monitoring Laboratory, Trends in Atmospheric Carbon Dioxide Data (https://gml.noaa.gov/ccgg/trends/) and Dr. Ralph Keeling, Scripps Institution of Oceanography, Carbon Dioxide Measurements (https://scrippsco2.ucsd.edu/).",ECCA,Atmospheric Carbon Dioxide Concentrations,"Environment, Climate Change, Climate and Weather, Atmospheric Carbon Dioxide Concentrations",1971M12,326.01
World,,WLD,"Monthly Atmospheric Carbon Dioxide Concentrations, Year on Year Percentage Change",Percent,"Dr. Pieter Tans, National Oceanic and Atmospheric Administration (NOAA). Global Monitoring Laboratory, Trends in Atmospheric Carbon Dioxide Data (https://gml.noaa.gov/ccgg/trends/) and Dr. Ralph Keeling, Scripps Institution of Oceanography, Carbon Dioxide Measurements (https://scrippsco2.ucsd.edu/).",ECCA,Atmospheric Carbon Dioxide Concentrations,"Environment, Climate Change, Climate and Weather, Atmospheric Carbon Dioxide Concentrations",1971M12,0.27
World,,WLD,Monthly Atmospheric Carbon Dioxide Concentrations,Parts Per Million,"Dr. Pieter Tans, National Oceanic and Atmospheric Administration (NOAA). Global Monitoring Laboratory, Trends in Atmospheric Carbon Dioxide Data (https://gml.noaa.gov/ccgg/trends/) and Dr. Ralph Keeling, Scripps Institution of Oceanography, Carbon Dioxide Measurements (https://scrippsco2.ucsd.edu/).",ECCA,Atmospheric Carbon Dioxide Concentrations,"Environment, Climate Change, Climate and Weather, Atmospheric Carbon Dioxide Concentrations",1972M01,326.77
World,,WLD,"Monthly Atmospheric Carbon Dioxide Concentrations, Year on Year Percentage Change",Percent,"Dr. Pieter Tans, National Oceanic and Atmospheric Administration (NOAA). Global Monitoring Laboratory, Trends in Atmospheric Carbon Dioxide Data (https://gml.noaa.gov/ccgg/trends/) and Dr. Ralph Keeling, Scripps Institution of Oceanography, Carbon Dioxide Measurements (https://scrippsco2.ucsd.edu/).",ECCA,Atmospheric Carbon Dioxide Concentrations,"Environment, Climate Change, Climate and Weather, Atmospheric Carbon Dioxide Concentrations",1972M01,0.18
World,,WLD,Monthly Atmospheric Carbon Dioxide Concentrations,Parts Per Million,"Dr. Pieter Tans, National Oceanic and Atmospheric Administration (NOAA). Global Monitoring Laboratory, Trends in Atmospheric Carbon Dioxide Data (https://gml.noaa.gov/ccgg/trends/) and Dr. Ralph Keeling, Scripps Institution of Oceanography, Carbon Dioxide Measurements (https://scrippsco2.ucsd.edu/).",ECCA,Atmospheric Carbon Dioxide Concentrations,"Environment, Climate Change, Climate and Weather, Atmospheric Carbon Dioxide Concentrations",1972M02,327.63
World,,WLD,"Monthly Atmospheric Carbon Dioxide Concentrations, Year on Year Percentage Change",Percent,"Dr. Pieter Tans, National Oceanic and Atmospheric Administration (NOAA). Global Monitoring Laboratory, Trends in Atmospheric Carbon Dioxide Data (https://gml.noaa.gov/ccgg/trends/) and Dr. Ralph Keeling, Scripps Institution of Oceanography, Carbon Dioxide Measurements (https://scrippsco2.ucsd.edu/).",ECCA,Atmospheric Carbon Dioxide Concentrations,"Environment, Climate Change, Climate and Weather, Atmospheric Carbon Dioxide Concentrations",1972M02,0.29
World,,WLD,Monthly Atmospheric Carbon Dioxide Concentrations,Parts Per Million,"Dr. Pieter Tans, National Oceanic and Atmospheric Administration (NOAA). Global Monitoring Laboratory, Trends in Atmospheric Carbon Dioxide Data (https://gml.noaa.gov/ccgg/trends/) and Dr. Ralph Keeling, Scripps Institution of Oceanography, Carbon Dioxide Measurements (https://scrippsco2.ucsd.edu/).",ECCA,Atmospheric Carbon Dioxide Concentrations,"Environment, Climate Change, Climate and Weather, Atmospheric Carbon Dioxide Concentrations",1972M03,327.75
World,,WLD,"Monthly Atmospheric Carbon Dioxide Concentrations, Year on Year Percentage Change",Percent,"Dr. Pieter Tans, National Oceanic and Atmospheric Administration (NOAA). Global Monitoring Laboratory, Trends in Atmospheric Carbon Dioxide Data (https://gml.noaa.gov/ccgg/trends/) and Dr. Ralph Keeling, Scripps Institution of Oceanography, Carbon Dioxide Measurements (https://scrippsco2.ucsd.edu/).",ECCA,Atmospheric Carbon Dioxide Concentrations,"Environment, Climate Change, Climate and Weather, Atmospheric Carbon Dioxide Concentrations",1972M03,0.17
World,,WLD,Monthly Atmospheric Carbon Dioxide Concentrations,Parts Per Million,"Dr. Pieter Tans, National Oceanic and Atmospheric Administration (NOAA). Global Monitoring Laboratory, Trends in Atmospheric Carbon Dioxide Data (https://gml.noaa.gov/ccgg/trends/) and Dr. Ralph Keeling, Scripps Institution of Oceanography, Carbon Dioxide Measurements (https://scrippsco2.ucsd.edu/).",ECCA,Atmospheric Carbon Dioxide Concentrations,"Environment, Climate Change, Climate and Weather, Atmospheric Carbon Dioxide Concentrations",1972M04,329.72
World,,WLD,"Monthly Atmospheric Carbon Dioxide Concentrations, Year on Year Percentage Change",Percent,"Dr. Pieter Tans, National Oceanic and Atmospheric Administration (NOAA). Global Monitoring Laboratory, Trends in Atmospheric Carbon Dioxide Data (https://gml.noaa.gov/ccgg/trends/) and Dr. Ralph Keeling, Scripps Institution of Oceanography, Carbon Dioxide Measurements (https://scrippsco2.ucsd.edu/).",ECCA,Atmospheric Carbon Dioxide Concentrations,"Environment, Climate Change, Climate and Weather, Atmospheric Carbon Dioxide Concentrations",1972M04,0.59
World,,WLD,Monthly Atmospheric Carbon Dioxide Concentrations,Parts Per Million,"Dr. Pieter Tans, National Oceanic and Atmospheric Administration (NOAA). Global Monitoring Laboratory, Trends in Atmospheric Carbon Dioxide Data (https://gml.noaa.gov/ccgg/trends/) and Dr. Ralph Keeling, Scripps Institution of Oceanography, Carbon Dioxide Measurements (https://scrippsco2.ucsd.edu/).",ECCA,Atmospheric Carbon Dioxide Concentrations,"Environment, Climate Change, Climate and Weather, Atmospheric Carbon Dioxide Concentrations",1972M05,330.07
World,,WLD,"Monthly Atmospheric Carbon Dioxide Concentrations, Year on Year Percentage Change",Percent,"Dr. Pieter Tans, National Oceanic and Atmospheric Administration (NOAA). Global Monitoring Laboratory, Trends in Atmospheric Carbon Dioxide Data (https://gml.noaa.gov/ccgg/trends/) and Dr. Ralph Keeling, Scripps Institution of Oceanography, Carbon Dioxide Measurements (https://scrippsco2.ucsd.edu/).",ECCA,Atmospheric Carbon Dioxide Concentrations,"Environment, Climate Change, Climate and Weather, Atmospheric Carbon Dioxide Concentrations",1972M05,0.35
World,,WLD,Monthly Atmospheric Carbon Dioxide Concentrations,Parts Per Million,"Dr. Pieter Tans, National Oceanic and Atmospheric Administration (NOAA). Global Monitoring Laboratory, Trends in Atmospheric Carbon Dioxide Data (https://gml.noaa.gov/ccgg/trends/) and Dr. Ralph Keeling, Scripps Institution of Oceanography, Carbon Dioxide Measurements (https://scrippsco2.ucsd.edu/).",ECCA,Atmospheric Carbon Dioxide Concentrations,"Environment, Climate Change, Climate and Weather, Atmospheric Carbon Dioxide Concentrations",1972M06,329.09
World,,WLD,"Monthly Atmospheric Carbon Dioxide Concentrations, Year on Year Percentage Change",Percent,"Dr. Pieter Tans, National Oceanic and Atmospheric Administration (NOAA). Global Monitoring Laboratory, Trends in Atmospheric Carbon Dioxide Data (https://gml.noaa.gov/ccgg/trends/) and Dr. Ralph Keeling, Scripps Institution of Oceanography, Carbon Dioxide Measurements (https://scrippsco2.ucsd.edu/).",ECCA,Atmospheric Carbon Dioxide Concentrations,"Environment, Climate Change, Climate and Weather, Atmospheric Carbon Dioxide Concentrations",1972M06,0.16
World,,WLD,Monthly Atmospheric Carbon Dioxide Concentrations,Parts Per Million,"Dr. Pieter Tans, National Oceanic and Atmospheric Administration (NOAA). Global Monitoring Laboratory, Trends in Atmospheric Carbon Dioxide Data (https://gml.noaa.gov/ccgg/trends/) and Dr. Ralph Keeling, Scripps Institution of Oceanography, Carbon Dioxide Measurements (https://scrippsco2.ucsd.edu/).",ECCA,Atmospheric Carbon Dioxide Concentrations,"Environment, Climate Change, Climate and Weather, Atmospheric Carbon Dioxide Concentrations",1972M07,328.04
World,,WLD,"Monthly Atmospheric Carbon Dioxide Concentrations, Year on Year Percentage Change",Percent,"Dr. Pieter Tans, National Oceanic and Atmospheric Administration (NOAA). Global Monitoring Laboratory, Trends in Atmospheric Carbon Dioxide Data (https://gml.noaa.gov/ccgg/trends/) and Dr. Ralph Keeling, Scripps Institution of Oceanography, Carbon Dioxide Measurements (https://scrippsco2.ucsd.edu/).",ECCA,Atmospheric Carbon Dioxide Concentrations,"Environment, Climate Change, Climate and Weather, Atmospheric Carbon Dioxide Concentrations",1972M07,0.21
World,,WLD,Monthly Atmospheric Carbon Dioxide Concentrations,Parts Per Million,"Dr. Pieter Tans, National Oceanic and Atmospheric Administration (NOAA). Global Monitoring Laboratory, Trends in Atmospheric Carbon Dioxide Data (https://gml.noaa.gov/ccgg/trends/) and Dr. Ralph Keeling, Scripps Institution of Oceanography, Carbon Dioxide Measurements (https://scrippsco2.ucsd.edu/).",ECCA,Atmospheric Carbon Dioxide Concentrations,"Environment, Climate Change, Climate and Weather, Atmospheric Carbon Dioxide Concentrations",1972M08,326.32
World,,WLD,"Monthly Atmospheric Carbon Dioxide Concentrations, Year on Year Percentage Change",Percent,"Dr. Pieter Tans, National Oceanic and Atmospheric Administration (NOAA). Global Monitoring Laboratory, Trends in Atmospheric Carbon Dioxide Data (https://gml.noaa.gov/ccgg/trends/) and Dr. Ralph Keeling, Scripps Institution of Oceanography, Carbon Dioxide Measurements (https://scrippsco2.ucsd.edu/).",ECCA,Atmospheric Carbon Dioxide Concentrations,"Environment, Climate Change, Climate and Weather, Atmospheric Carbon Dioxide Concentrations",1972M08,0.27
World,,WLD,Monthly Atmospheric Carbon Dioxide Concentrations,Parts Per Million,"Dr. Pieter Tans, National Oceanic and Atmospheric Administration (NOAA). Global Monitoring Laboratory, Trends in Atmospheric Carbon Dioxide Data (https://gml.noaa.gov/ccgg/trends/) and Dr. Ralph Keeling, Scripps Institution of Oceanography, Carbon Dioxide Measurements (https://scrippsco2.ucsd.edu/).",ECCA,Atmospheric Carbon Dioxide Concentrations,"Environment, Climate Change, Climate and Weather, Atmospheric Carbon Dioxide Concentrations",1972M09,324.84
World,,WLD,"Monthly Atmospheric Carbon Dioxide Concentrations, Year on Year Percentage Change",Percent,"Dr. Pieter Tans, National Oceanic and Atmospheric Administration (NOAA). Global Monitoring Laboratory, Trends in Atmospheric Carbon Dioxide Data (https://gml.noaa.gov/ccgg/trends/) and Dr. Ralph Keeling, Scripps Institution of Oceanography, Carbon Dioxide Measurements (https://scrippsco2.ucsd.edu/).",ECCA,Atmospheric Carbon Dioxide Concentrations,"Environment, Climate Change, Climate and Weather, Atmospheric Carbon Dioxide Concentrations",1972M09,0.46
World,,WLD,Monthly Atmospheric Carbon Dioxide Concentrations,Parts Per Million,"Dr. Pieter Tans, National Oceanic and Atmospheric Administration (NOAA). Global Monitoring Laboratory, Trends in Atmospheric Carbon Dioxide Data (https://gml.noaa.gov/ccgg/trends/) and Dr. Ralph Keeling, Scripps Institution of Oceanography, Carbon Dioxide Measurements (https://scrippsco2.ucsd.edu/).",ECCA,Atmospheric Carbon Dioxide Concentrations,"Environment, Climate Change, Climate and Weather, Atmospheric Carbon Dioxide Concentrations",1972M10,325.2
World,,WLD,"Monthly Atmospheric Carbon Dioxide Concentrations, Year on Year Percentage Change",Percent,"Dr. Pieter Tans, National Oceanic and Atmospheric Administration (NOAA). Global Monitoring Laboratory, Trends in Atmospheric Carbon Dioxide Data (https://gml.noaa.gov/ccgg/trends/) and Dr. Ralph Keeling, Scripps Institution of Oceanography, Carbon Dioxide Measurements (https://scrippsco2.ucsd.edu/).",ECCA,Atmospheric Carbon Dioxide Concentrations,"Environment, Climate Change, Climate and Weather, Atmospheric Carbon Dioxide Concentrations",1972M10,0.51
World,,WLD,Monthly Atmospheric Carbon Dioxide Concentrations,Parts Per Million,"Dr. Pieter Tans, National Oceanic and Atmospheric Administration (NOAA). Global Monitoring Laboratory, Trends in Atmospheric Carbon Dioxide Data (https://gml.noaa.gov/ccgg/trends/) and Dr. Ralph Keeling, Scripps Institution of Oceanography, Carbon Dioxide Measurements (https://scrippsco2.ucsd.edu/).",ECCA,Atmospheric Carbon Dioxide Concentrations,"Environment, Climate Change, Climate and Weather, Atmospheric Carbon Dioxide Concentrations",1972M11,326.5
World,,WLD,"Monthly Atmospheric Carbon Dioxide Concentrations, Year on Year Percentage Change",Percent,"Dr. Pieter Tans, National Oceanic and Atmospheric Administration (NOAA). Global Monitoring Laboratory, Trends in Atmospheric Carbon Dioxide Data (https://gml.noaa.gov/ccgg/trends/) and Dr. Ralph Keeling, Scripps Institution of Oceanography, Carbon Dioxide Measurements (https://scrippsco2.ucsd.edu/).",ECCA,Atmospheric Carbon Dioxide Concentrations,"Environment, Climate Change, Climate and Weather, Atmospheric Carbon Dioxide Concentrations",1972M11,0.52
World,,WLD,Monthly Atmospheric Carbon Dioxide Concentrations,Parts Per Million,"Dr. Pieter Tans, National Oceanic and Atmospheric Administration (NOAA). Global Monitoring Laboratory, Trends in Atmospheric Carbon Dioxide Data (https://gml.noaa.gov/ccgg/trends/) and Dr. Ralph Keeling, Scripps Institution of Oceanography, Carbon Dioxide Measurements (https://scrippsco2.ucsd.edu/).",ECCA,Atmospheric Carbon Dioxide Concentrations,"Environment, Climate Change, Climate and Weather, Atmospheric Carbon Dioxide Concentrations",1972M12,327.55
World,,WLD,"Monthly Atmospheric Carbon Dioxide Concentrations, Year on Year Percentage Change",Percent,"Dr. Pieter Tans, National Oceanic and Atmospheric Administration (NOAA). Global Monitoring Laboratory, Trends in Atmospheric Carbon Dioxide Data (https://gml.noaa.gov/ccgg/trends/) and Dr. Ralph Keeling, Scripps Institution of Oceanography, Carbon Dioxide Measurements (https://scrippsco2.ucsd.edu/).",ECCA,Atmospheric Carbon Dioxide Concentrations,"Environment, Climate Change, Climate and Weather, Atmospheric Carbon Dioxide Concentrations",1972M12,0.47
World,,WLD,Monthly Atmospheric Carbon Dioxide Concentrations,Parts Per Million,"Dr. Pieter Tans, National Oceanic and Atmospheric Administration (NOAA). Global Monitoring Laboratory, Trends in Atmospheric Carbon Dioxide Data (https://gml.noaa.gov/ccgg/trends/) and Dr. Ralph Keeling, Scripps Institution of Oceanography, Carbon Dioxide Measurements (https://scrippsco2.ucsd.edu/).",ECCA,Atmospheric Carbon Dioxide Concentrations,"Environment, Climate Change, Climate and Weather, Atmospheric Carbon Dioxide Concentrations",1973M01,328.55
World,,WLD,"Monthly Atmospheric Carbon Dioxide Concentrations, Year on Year Percentage Change",Percent,"Dr. Pieter Tans, National Oceanic and Atmospheric Administration (NOAA). Global Monitoring Laboratory, Trends in Atmospheric Carbon Dioxide Data (https://gml.noaa.gov/ccgg/trends/) and Dr. Ralph Keeling, Scripps Institution of Oceanography, Carbon Dioxide Measurements (https://scrippsco2.ucsd.edu/).",ECCA,Atmospheric Carbon Dioxide Concentrations,"Environment, Climate Change, Climate and Weather, Atmospheric Carbon Dioxide Concentrations",1973M01,0.54
World,,WLD,Monthly Atmospheric Carbon Dioxide Concentrations,Parts Per Million,"Dr. Pieter Tans, National Oceanic and Atmospheric Administration (NOAA). Global Monitoring Laboratory, Trends in Atmospheric Carbon Dioxide Data (https://gml.noaa.gov/ccgg/trends/) and Dr. Ralph Keeling, Scripps Institution of Oceanography, Carbon Dioxide Measurements (https://scrippsco2.ucsd.edu/).",ECCA,Atmospheric Carbon Dioxide Concentrations,"Environment, Climate Change, Climate and Weather, Atmospheric Carbon Dioxide Concentrations",1973M02,329.57
World,,WLD,"Monthly Atmospheric Carbon Dioxide Concentrations, Year on Year Percentage Change",Percent,"Dr. Pieter Tans, National Oceanic and Atmospheric Administration (NOAA). Global Monitoring Laboratory, Trends in Atmospheric Carbon Dioxide Data (https://gml.noaa.gov/ccgg/trends/) and Dr. Ralph Keeling, Scripps Institution of Oceanography, Carbon Dioxide Measurements (https://scrippsco2.ucsd.edu/).",ECCA,Atmospheric Carbon Dioxide Concentrations,"Environment, Climate Change, Climate and Weather, Atmospheric Carbon Dioxide Concentrations",1973M02,0.59
World,,WLD,Monthly Atmospheric Carbon Dioxide Concentrations,Parts Per Million,"Dr. Pieter Tans, National Oceanic and Atmospheric Administration (NOAA). Global Monitoring Laboratory, Trends in Atmospheric Carbon Dioxide Data (https://gml.noaa.gov/ccgg/trends/) and Dr. Ralph Keeling, Scripps Institution of Oceanography, Carbon Dioxide Measurements (https://scrippsco2.ucsd.edu/).",ECCA,Atmospheric Carbon Dioxide Concentrations,"Environment, Climate Change, Climate and Weather, Atmospheric Carbon Dioxide Concentrations",1973M03,330.3
World,,WLD,"Monthly Atmospheric Carbon Dioxide Concentrations, Year on Year Percentage Change",Percent,"Dr. Pieter Tans, National Oceanic and Atmospheric Administration (NOAA). Global Monitoring Laboratory, Trends in Atmospheric Carbon Dioxide Data (https://gml.noaa.gov/ccgg/trends/) and Dr. Ralph Keeling, Scripps Institution of Oceanography, Carbon Dioxide Measurements (https://scrippsco2.ucsd.edu/).",ECCA,Atmospheric Carbon Dioxide Concentrations,"Environment, Climate Change, Climate and Weather, Atmospheric Carbon Dioxide Concentrations",1973M03,0.78
World,,WLD,Monthly Atmospheric Carbon Dioxide Concentrations,Parts Per Million,"Dr. Pieter Tans, National Oceanic and Atmospheric Administration (NOAA). Global Monitoring Laboratory, Trends in Atmospheric Carbon Dioxide Data (https://gml.noaa.gov/ccgg/trends/) and Dr. Ralph Keeling, Scripps Institution of Oceanography, Carbon Dioxide Measurements (https://scrippsco2.ucsd.edu/).",ECCA,Atmospheric Carbon Dioxide Concentrations,"Environment, Climate Change, Climate and Weather, Atmospheric Carbon Dioxide Concentrations",1973M04,331.5
World,,WLD,"Monthly Atmospheric Carbon Dioxide Concentrations, Year on Year Percentage Change",Percent,"Dr. Pieter Tans, National Oceanic and Atmospheric Administration (NOAA). Global Monitoring Laboratory, Trends in Atmospheric Carbon Dioxide Data (https://gml.noaa.gov/ccgg/trends/) and Dr. Ralph Keeling, Scripps Institution of Oceanography, Carbon Dioxide Measurements (https://scrippsco2.ucsd.edu/).",ECCA,Atmospheric Carbon Dioxide Concentrations,"Environment, Climate Change, Climate and Weather, Atmospheric Carbon Dioxide Concentrations",1973M04,0.54
World,,WLD,Monthly Atmospheric Carbon Dioxide Concentrations,Parts Per Million,"Dr. Pieter Tans, National Oceanic and Atmospheric Administration (NOAA). Global Monitoring Laboratory, Trends in Atmospheric Carbon Dioxide Data (https://gml.noaa.gov/ccgg/trends/) and Dr. Ralph Keeling, Scripps Institution of Oceanography, Carbon Dioxide Measurements (https://scrippsco2.ucsd.edu/).",ECCA,Atmospheric Carbon Dioxide Concentrations,"Environment, Climate Change, Climate and Weather, Atmospheric Carbon Dioxide Concentrations",1973M05,332.48
World,,WLD,"Monthly Atmospheric Carbon Dioxide Concentrations, Year on Year Percentage Change",Percent,"Dr. Pieter Tans, National Oceanic and Atmospheric Administration (NOAA). Global Monitoring Laboratory, Trends in Atmospheric Carbon Dioxide Data (https://gml.noaa.gov/ccgg/trends/) and Dr. Ralph Keeling, Scripps Institution of Oceanography, Carbon Dioxide Measurements (https://scrippsco2.ucsd.edu/).",ECCA,Atmospheric Carbon Dioxide Concentrations,"Environment, Climate Change, Climate and Weather, Atmospheric Carbon Dioxide Concentrations",1973M05,0.73
World,,WLD,Monthly Atmospheric Carbon Dioxide Concentrations,Parts Per Million,"Dr. Pieter Tans, National Oceanic and Atmospheric Administration (NOAA). Global Monitoring Laboratory, Trends in Atmospheric Carbon Dioxide Data (https://gml.noaa.gov/ccgg/trends/) and Dr. Ralph Keeling, Scripps Institution of Oceanography, Carbon Dioxide Measurements (https://scrippsco2.ucsd.edu/).",ECCA,Atmospheric Carbon Dioxide Concentrations,"Environment, Climate Change, Climate and Weather, Atmospheric Carbon Dioxide Concentrations",1973M06,332.07
World,,WLD,"Monthly Atmospheric Carbon Dioxide Concentrations, Year on Year Percentage Change",Percent,"Dr. Pieter Tans, National Oceanic and Atmospheric Administration (NOAA). Global Monitoring Laboratory, Trends in Atmospheric Carbon Dioxide Data (https://gml.noaa.gov/ccgg/trends/) and Dr. Ralph Keeling, Scripps Institution of Oceanography, Carbon Dioxide Measurements (https://scrippsco2.ucsd.edu/).",ECCA,Atmospheric Carbon Dioxide Concentrations,"Environment, Climate Change, Climate and Weather, Atmospheric Carbon Dioxide Concentrations",1973M06,0.91
World,,WLD,Monthly Atmospheric Carbon Dioxide Concentrations,Parts Per Million,"Dr. Pieter Tans, National Oceanic and Atmospheric Administration (NOAA). Global Monitoring Laboratory, Trends in Atmospheric Carbon Dioxide Data (https://gml.noaa.gov/ccgg/trends/) and Dr. Ralph Keeling, Scripps Institution of Oceanography, Carbon Dioxide Measurements (https://scrippsco2.ucsd.edu/).",ECCA,Atmospheric Carbon Dioxide Concentrations,"Environment, Climate Change, Climate and Weather, Atmospheric Carbon Dioxide Concentrations",1973M07,330.87
World,,WLD,"Monthly Atmospheric Carbon Dioxide Concentrations, Year on Year Percentage Change",Percent,"Dr. Pieter Tans, National Oceanic and Atmospheric Administration (NOAA). Global Monitoring Laboratory, Trends in Atmospheric Carbon Dioxide Data (https://gml.noaa.gov/ccgg/trends/) and Dr. Ralph Keeling, Scripps Institution of Oceanography, Carbon Dioxide Measurements (https://scrippsco2.ucsd.edu/).",ECCA,Atmospheric Carbon Dioxide Concentrations,"Environment, Climate Change, Climate and Weather, Atmospheric Carbon Dioxide Concentrations",1973M07,0.86
World,,WLD,Monthly Atmospheric Carbon Dioxide Concentrations,Parts Per Million,"Dr. Pieter Tans, National Oceanic and Atmospheric Administration (NOAA). Global Monitoring Laboratory, Trends in Atmospheric Carbon Dioxide Data (https://gml.noaa.gov/ccgg/trends/) and Dr. Ralph Keeling, Scripps Institution of Oceanography, Carbon Dioxide Measurements (https://scrippsco2.ucsd.edu/).",ECCA,Atmospheric Carbon Dioxide Concentrations,"Environment, Climate Change, Climate and Weather, Atmospheric Carbon Dioxide Concentrations",1973M08,329.31
World,,WLD,"Monthly Atmospheric Carbon Dioxide Concentrations, Year on Year Percentage Change",Percent,"Dr. Pieter Tans, National Oceanic and Atmospheric Administration (NOAA). Global Monitoring Laboratory, Trends in Atmospheric Carbon Dioxide Data (https://gml.noaa.gov/ccgg/trends/) and Dr. Ralph Keeling, Scripps Institution of Oceanography, Carbon Dioxide Measurements (https://scrippsco2.ucsd.edu/).",ECCA,Atmospheric Carbon Dioxide Concentrations,"Environment, Climate Change, Climate and Weather, Atmospheric Carbon Dioxide Concentrations",1973M08,0.92
World,,WLD,Monthly Atmospheric Carbon Dioxide Concentrations,Parts Per Million,"Dr. Pieter Tans, National Oceanic and Atmospheric Administration (NOAA). Global Monitoring Laboratory, Trends in Atmospheric Carbon Dioxide Data (https://gml.noaa.gov/ccgg/trends/) and Dr. Ralph Keeling, Scripps Institution of Oceanography, Carbon Dioxide Measurements (https://scrippsco2.ucsd.edu/).",ECCA,Atmospheric Carbon Dioxide Concentrations,"Environment, Climate Change, Climate and Weather, Atmospheric Carbon Dioxide Concentrations",1973M09,327.52
World,,WLD,"Monthly Atmospheric Carbon Dioxide Concentrations, Year on Year Percentage Change",Percent,"Dr. Pieter Tans, National Oceanic and Atmospheric Administration (NOAA). Global Monitoring Laboratory, Trends in Atmospheric Carbon Dioxide Data (https://gml.noaa.gov/ccgg/trends/) and Dr. Ralph Keeling, Scripps Institution of Oceanography, Carbon Dioxide Measurements (https://scrippsco2.ucsd.edu/).",ECCA,Atmospheric Carbon Dioxide Concentrations,"Environment, Climate Change, Climate and Weather, Atmospheric Carbon Dioxide Concentrations",1973M09,0.83
World,,WLD,Monthly Atmospheric Carbon Dioxide Concentrations,Parts Per Million,"Dr. Pieter Tans, National Oceanic and Atmospheric Administration (NOAA). Global Monitoring Laboratory, Trends in Atmospheric Carbon Dioxide Data (https://gml.noaa.gov/ccgg/trends/) and Dr. Ralph Keeling, Scripps Institution of Oceanography, Carbon Dioxide Measurements (https://scrippsco2.ucsd.edu/).",ECCA,Atmospheric Carbon Dioxide Concentrations,"Environment, Climate Change, Climate and Weather, Atmospheric Carbon Dioxide Concentrations",1973M10,327.19
World,,WLD,"Monthly Atmospheric Carbon Dioxide Concentrations, Year on Year Percentage Change",Percent,"Dr. Pieter Tans, National Oceanic and Atmospheric Administration (NOAA). Global Monitoring Laboratory, Trends in Atmospheric Carbon Dioxide Data (https://gml.noaa.gov/ccgg/trends/) and Dr. Ralph Keeling, Scripps Institution of Oceanography, Carbon Dioxide Measurements (https://scrippsco2.ucsd.edu/).",ECCA,Atmospheric Carbon Dioxide Concentrations,"Environment, Climate Change, Climate and Weather, Atmospheric Carbon Dioxide Concentrations",1973M10,0.61
World,,WLD,Monthly Atmospheric Carbon Dioxide Concentrations,Parts Per Million,"Dr. Pieter Tans, National Oceanic and Atmospheric Administration (NOAA). Global Monitoring Laboratory, Trends in Atmospheric Carbon Dioxide Data (https://gml.noaa.gov/ccgg/trends/) and Dr. Ralph Keeling, Scripps Institution of Oceanography, Carbon Dioxide Measurements (https://scrippsco2.ucsd.edu/).",ECCA,Atmospheric Carbon Dioxide Concentrations,"Environment, Climate Change, Climate and Weather, Atmospheric Carbon Dioxide Concentrations",1973M11,328.17
World,,WLD,"Monthly Atmospheric Carbon Dioxide Concentrations, Year on Year Percentage Change",Percent,"Dr. Pieter Tans, National Oceanic and Atmospheric Administration (NOAA). Global Monitoring Laboratory, Trends in Atmospheric Carbon Dioxide Data (https://gml.noaa.gov/ccgg/trends/) and Dr. Ralph Keeling, Scripps Institution of Oceanography, Carbon Dioxide Measurements (https://scrippsco2.ucsd.edu/).",ECCA,Atmospheric Carbon Dioxide Concentrations,"Environment, Climate Change, Climate and Weather, Atmospheric Carbon Dioxide Concentrations",1973M11,0.51
World,,WLD,Monthly Atmospheric Carbon Dioxide Concentrations,Parts Per Million,"Dr. Pieter Tans, National Oceanic and Atmospheric Administration (NOAA). Global Monitoring Laboratory, Trends in Atmospheric Carbon Dioxide Data (https://gml.noaa.gov/ccgg/trends/) and Dr. Ralph Keeling, Scripps Institution of Oceanography, Carbon Dioxide Measurements (https://scrippsco2.ucsd.edu/).",ECCA,Atmospheric Carbon Dioxide Concentrations,"Environment, Climate Change, Climate and Weather, Atmospheric Carbon Dioxide Concentrations",1973M12,328.65
World,,WLD,"Monthly Atmospheric Carbon Dioxide Concentrations, Year on Year Percentage Change",Percent,"Dr. Pieter Tans, National Oceanic and Atmospheric Administration (NOAA). Global Monitoring Laboratory, Trends in Atmospheric Carbon Dioxide Data (https://gml.noaa.gov/ccgg/trends/) and Dr. Ralph Keeling, Scripps Institution of Oceanography, Carbon Dioxide Measurements (https://scrippsco2.ucsd.edu/).",ECCA,Atmospheric Carbon Dioxide Concentrations,"Environment, Climate Change, Climate and Weather, Atmospheric Carbon Dioxide Concentrations",1973M12,0.34
World,,WLD,Monthly Atmospheric Carbon Dioxide Concentrations,Parts Per Million,"Dr. Pieter Tans, National Oceanic and Atmospheric Administration (NOAA). Global Monitoring Laboratory, Trends in Atmospheric Carbon Dioxide Data (https://gml.noaa.gov/ccgg/trends/) and Dr. Ralph Keeling, Scripps Institution of Oceanography, Carbon Dioxide Measurements (https://scrippsco2.ucsd.edu/).",ECCA,Atmospheric Carbon Dioxide Concentrations,"Environment, Climate Change, Climate and Weather, Atmospheric Carbon Dioxide Concentrations",1974M01,329.36
World,,WLD,"Monthly Atmospheric Carbon Dioxide Concentrations, Year on Year Percentage Change",Percent,"Dr. Pieter Tans, National Oceanic and Atmospheric Administration (NOAA). Global Monitoring Laboratory, Trends in Atmospheric Carbon Dioxide Data (https://gml.noaa.gov/ccgg/trends/) and Dr. Ralph Keeling, Scripps Institution of Oceanography, Carbon Dioxide Measurements (https://scrippsco2.ucsd.edu/).",ECCA,Atmospheric Carbon Dioxide Concentrations,"Environment, Climate Change, Climate and Weather, Atmospheric Carbon Dioxide Concentrations",1974M01,0.25
World,,WLD,Monthly Atmospheric Carbon Dioxide Concentrations,Parts Per Million,"Dr. Pieter Tans, National Oceanic and Atmospheric Administration (NOAA). Global Monitoring Laboratory, Trends in Atmospheric Carbon Dioxide Data (https://gml.noaa.gov/ccgg/trends/) and Dr. Ralph Keeling, Scripps Institution of Oceanography, Carbon Dioxide Measurements (https://scrippsco2.ucsd.edu/).",ECCA,Atmospheric Carbon Dioxide Concentrations,"Environment, Climate Change, Climate and Weather, Atmospheric Carbon Dioxide Concentrations",1974M02,330.71
World,,WLD,"Monthly Atmospheric Carbon Dioxide Concentrations, Year on Year Percentage Change",Percent,"Dr. Pieter Tans, National Oceanic and Atmospheric Administration (NOAA). Global Monitoring Laboratory, Trends in Atmospheric Carbon Dioxide Data (https://gml.noaa.gov/ccgg/trends/) and Dr. Ralph Keeling, Scripps Institution of Oceanography, Carbon Dioxide Measurements (https://scrippsco2.ucsd.edu/).",ECCA,Atmospheric Carbon Dioxide Concentrations,"Environment, Climate Change, Climate and Weather, Atmospheric Carbon Dioxide Concentrations",1974M02,0.35
World,,WLD,Monthly Atmospheric Carbon Dioxide Concentrations,Parts Per Million,"Dr. Pieter Tans, National Oceanic and Atmospheric Administration (NOAA). Global Monitoring Laboratory, Trends in Atmospheric Carbon Dioxide Data (https://gml.noaa.gov/ccgg/trends/) and Dr. Ralph Keeling, Scripps Institution of Oceanography, Carbon Dioxide Measurements (https://scrippsco2.ucsd.edu/).",ECCA,Atmospheric Carbon Dioxide Concentrations,"Environment, Climate Change, Climate and Weather, Atmospheric Carbon Dioxide Concentrations",1974M03,331.49
World,,WLD,"Monthly Atmospheric Carbon Dioxide Concentrations, Year on Year Percentage Change",Percent,"Dr. Pieter Tans, National Oceanic and Atmospheric Administration (NOAA). Global Monitoring Laboratory, Trends in Atmospheric Carbon Dioxide Data (https://gml.noaa.gov/ccgg/trends/) and Dr. Ralph Keeling, Scripps Institution of Oceanography, Carbon Dioxide Measurements (https://scrippsco2.ucsd.edu/).",ECCA,Atmospheric Carbon Dioxide Concentrations,"Environment, Climate Change, Climate and Weather, Atmospheric Carbon Dioxide Concentrations",1974M03,0.36
World,,WLD,Monthly Atmospheric Carbon Dioxide Concentrations,Parts Per Million,"Dr. Pieter Tans, National Oceanic and Atmospheric Administration (NOAA). Global Monitoring Laboratory, Trends in Atmospheric Carbon Dioxide Data (https://gml.noaa.gov/ccgg/trends/) and Dr. Ralph Keeling, Scripps Institution of Oceanography, Carbon Dioxide Measurements (https://scrippsco2.ucsd.edu/).",ECCA,Atmospheric Carbon Dioxide Concentrations,"Environment, Climate Change, Climate and Weather, Atmospheric Carbon Dioxide Concentrations",1974M04,332.65
World,,WLD,"Monthly Atmospheric Carbon Dioxide Concentrations, Year on Year Percentage Change",Percent,"Dr. Pieter Tans, National Oceanic and Atmospheric Administration (NOAA). Global Monitoring Laboratory, Trends in Atmospheric Carbon Dioxide Data (https://gml.noaa.gov/ccgg/trends/) and Dr. Ralph Keeling, Scripps Institution of Oceanography, Carbon Dioxide Measurements (https://scrippsco2.ucsd.edu/).",ECCA,Atmospheric Carbon Dioxide Concentrations,"Environment, Climate Change, Climate and Weather, Atmospheric Carbon Dioxide Concentrations",1974M04,0.35
World,,WLD,Monthly Atmospheric Carbon Dioxide Concentrations,Parts Per Million,"Dr. Pieter Tans, National Oceanic and Atmospheric Administration (NOAA). Global Monitoring Laboratory, Trends in Atmospheric Carbon Dioxide Data (https://gml.noaa.gov/ccgg/trends/) and Dr. Ralph Keeling, Scripps Institution of Oceanography, Carbon Dioxide Measurements (https://scrippsco2.ucsd.edu/).",ECCA,Atmospheric Carbon Dioxide Concentrations,"Environment, Climate Change, Climate and Weather, Atmospheric Carbon Dioxide Concentrations",1974M05,333.19
World,,WLD,"Monthly Atmospheric Carbon Dioxide Concentrations, Year on Year Percentage Change",Percent,"Dr. Pieter Tans, National Oceanic and Atmospheric Administration (NOAA). Global Monitoring Laboratory, Trends in Atmospheric Carbon Dioxide Data (https://gml.noaa.gov/ccgg/trends/) and Dr. Ralph Keeling, Scripps Institution of Oceanography, Carbon Dioxide Measurements (https://scrippsco2.ucsd.edu/).",ECCA,Atmospheric Carbon Dioxide Concentrations,"Environment, Climate Change, Climate and Weather, Atmospheric Carbon Dioxide Concentrations",1974M05,0.21
World,,WLD,Monthly Atmospheric Carbon Dioxide Concentrations,Parts Per Million,"Dr. Pieter Tans, National Oceanic and Atmospheric Administration (NOAA). Global Monitoring Laboratory, Trends in Atmospheric Carbon Dioxide Data (https://gml.noaa.gov/ccgg/trends/) and Dr. Ralph Keeling, Scripps Institution of Oceanography, Carbon Dioxide Measurements (https://scrippsco2.ucsd.edu/).",ECCA,Atmospheric Carbon Dioxide Concentrations,"Environment, Climate Change, Climate and Weather, Atmospheric Carbon Dioxide Concentrations",1974M06,332.2
World,,WLD,"Monthly Atmospheric Carbon Dioxide Concentrations, Year on Year Percentage Change",Percent,"Dr. Pieter Tans, National Oceanic and Atmospheric Administration (NOAA). Global Monitoring Laboratory, Trends in Atmospheric Carbon Dioxide Data (https://gml.noaa.gov/ccgg/trends/) and Dr. Ralph Keeling, Scripps Institution of Oceanography, Carbon Dioxide Measurements (https://scrippsco2.ucsd.edu/).",ECCA,Atmospheric Carbon Dioxide Concentrations,"Environment, Climate Change, Climate and Weather, Atmospheric Carbon Dioxide Concentrations",1974M06,0.04
World,,WLD,Monthly Atmospheric Carbon Dioxide Concentrations,Parts Per Million,"Dr. Pieter Tans, National Oceanic and Atmospheric Administration (NOAA). Global Monitoring Laboratory, Trends in Atmospheric Carbon Dioxide Data (https://gml.noaa.gov/ccgg/trends/) and Dr. Ralph Keeling, Scripps Institution of Oceanography, Carbon Dioxide Measurements (https://scrippsco2.ucsd.edu/).",ECCA,Atmospheric Carbon Dioxide Concentrations,"Environment, Climate Change, Climate and Weather, Atmospheric Carbon Dioxide Concentrations",1974M07,331.07
World,,WLD,"Monthly Atmospheric Carbon Dioxide Concentrations, Year on Year Percentage Change",Percent,"Dr. Pieter Tans, National Oceanic and Atmospheric Administration (NOAA). Global Monitoring Laboratory, Trends in Atmospheric Carbon Dioxide Data (https://gml.noaa.gov/ccgg/trends/) and Dr. Ralph Keeling, Scripps Institution of Oceanography, Carbon Dioxide Measurements (https://scrippsco2.ucsd.edu/).",ECCA,Atmospheric Carbon Dioxide Concentrations,"Environment, Climate Change, Climate and Weather, Atmospheric Carbon Dioxide Concentrations",1974M07,0.06
World,,WLD,Monthly Atmospheric Carbon Dioxide Concentrations,Parts Per Million,"Dr. Pieter Tans, National Oceanic and Atmospheric Administration (NOAA). Global Monitoring Laboratory, Trends in Atmospheric Carbon Dioxide Data (https://gml.noaa.gov/ccgg/trends/) and Dr. Ralph Keeling, Scripps Institution of Oceanography, Carbon Dioxide Measurements (https://scrippsco2.ucsd.edu/).",ECCA,Atmospheric Carbon Dioxide Concentrations,"Environment, Climate Change, Climate and Weather, Atmospheric Carbon Dioxide Concentrations",1974M08,329.15
World,,WLD,"Monthly Atmospheric Carbon Dioxide Concentrations, Year on Year Percentage Change",Percent,"Dr. Pieter Tans, National Oceanic and Atmospheric Administration (NOAA). Global Monitoring Laboratory, Trends in Atmospheric Carbon Dioxide Data (https://gml.noaa.gov/ccgg/trends/) and Dr. Ralph Keeling, Scripps Institution of Oceanography, Carbon Dioxide Measurements (https://scrippsco2.ucsd.edu/).",ECCA,Atmospheric Carbon Dioxide Concentrations,"Environment, Climate Change, Climate and Weather, Atmospheric Carbon Dioxide Concentrations",1974M08,-0.05
World,,WLD,Monthly Atmospheric Carbon Dioxide Concentrations,Parts Per Million,"Dr. Pieter Tans, National Oceanic and Atmospheric Administration (NOAA). Global Monitoring Laboratory, Trends in Atmospheric Carbon Dioxide Data (https://gml.noaa.gov/ccgg/trends/) and Dr. Ralph Keeling, Scripps Institution of Oceanography, Carbon Dioxide Measurements (https://scrippsco2.ucsd.edu/).",ECCA,Atmospheric Carbon Dioxide Concentrations,"Environment, Climate Change, Climate and Weather, Atmospheric Carbon Dioxide Concentrations",1974M09,327.33
World,,WLD,"Monthly Atmospheric Carbon Dioxide Concentrations, Year on Year Percentage Change",Percent,"Dr. Pieter Tans, National Oceanic and Atmospheric Administration (NOAA). Global Monitoring Laboratory, Trends in Atmospheric Carbon Dioxide Data (https://gml.noaa.gov/ccgg/trends/) and Dr. Ralph Keeling, Scripps Institution of Oceanography, Carbon Dioxide Measurements (https://scrippsco2.ucsd.edu/).",ECCA,Atmospheric Carbon Dioxide Concentrations,"Environment, Climate Change, Climate and Weather, Atmospheric Carbon Dioxide Concentrations",1974M09,-0.06
World,,WLD,Monthly Atmospheric Carbon Dioxide Concentrations,Parts Per Million,"Dr. Pieter Tans, National Oceanic and Atmospheric Administration (NOAA). Global Monitoring Laboratory, Trends in Atmospheric Carbon Dioxide Data (https://gml.noaa.gov/ccgg/trends/) and Dr. Ralph Keeling, Scripps Institution of Oceanography, Carbon Dioxide Measurements (https://scrippsco2.ucsd.edu/).",ECCA,Atmospheric Carbon Dioxide Concentrations,"Environment, Climate Change, Climate and Weather, Atmospheric Carbon Dioxide Concentrations",1974M10,327.28
World,,WLD,"Monthly Atmospheric Carbon Dioxide Concentrations, Year on Year Percentage Change",Percent,"Dr. Pieter Tans, National Oceanic and Atmospheric Administration (NOAA). Global Monitoring Laboratory, Trends in Atmospheric Carbon Dioxide Data (https://gml.noaa.gov/ccgg/trends/) and Dr. Ralph Keeling, Scripps Institution of Oceanography, Carbon Dioxide Measurements (https://scrippsco2.ucsd.edu/).",ECCA,Atmospheric Carbon Dioxide Concentrations,"Environment, Climate Change, Climate and Weather, Atmospheric Carbon Dioxide Concentrations",1974M10,0.03
World,,WLD,Monthly Atmospheric Carbon Dioxide Concentrations,Parts Per Million,"Dr. Pieter Tans, National Oceanic and Atmospheric Administration (NOAA). Global Monitoring Laboratory, Trends in Atmospheric Carbon Dioxide Data (https://gml.noaa.gov/ccgg/trends/) and Dr. Ralph Keeling, Scripps Institution of Oceanography, Carbon Dioxide Measurements (https://scrippsco2.ucsd.edu/).",ECCA,Atmospheric Carbon Dioxide Concentrations,"Environment, Climate Change, Climate and Weather, Atmospheric Carbon Dioxide Concentrations",1974M11,328.31
World,,WLD,"Monthly Atmospheric Carbon Dioxide Concentrations, Year on Year Percentage Change",Percent,"Dr. Pieter Tans, National Oceanic and Atmospheric Administration (NOAA). Global Monitoring Laboratory, Trends in Atmospheric Carbon Dioxide Data (https://gml.noaa.gov/ccgg/trends/) and Dr. Ralph Keeling, Scripps Institution of Oceanography, Carbon Dioxide Measurements (https://scrippsco2.ucsd.edu/).",ECCA,Atmospheric Carbon Dioxide Concentrations,"Environment, Climate Change, Climate and Weather, Atmospheric Carbon Dioxide Concentrations",1974M11,0.04
World,,WLD,Monthly Atmospheric Carbon Dioxide Concentrations,Parts Per Million,"Dr. Pieter Tans, National Oceanic and Atmospheric Administration (NOAA). Global Monitoring Laboratory, Trends in Atmospheric Carbon Dioxide Data (https://gml.noaa.gov/ccgg/trends/) and Dr. Ralph Keeling, Scripps Institution of Oceanography, Carbon Dioxide Measurements (https://scrippsco2.ucsd.edu/).",ECCA,Atmospheric Carbon Dioxide Concentrations,"Environment, Climate Change, Climate and Weather, Atmospheric Carbon Dioxide Concentrations",1974M12,329.58
World,,WLD,"Monthly Atmospheric Carbon Dioxide Concentrations, Year on Year Percentage Change",Percent,"Dr. Pieter Tans, National Oceanic and Atmospheric Administration (NOAA). Global Monitoring Laboratory, Trends in Atmospheric Carbon Dioxide Data (https://gml.noaa.gov/ccgg/trends/) and Dr. Ralph Keeling, Scripps Institution of Oceanography, Carbon Dioxide Measurements (https://scrippsco2.ucsd.edu/).",ECCA,Atmospheric Carbon Dioxide Concentrations,"Environment, Climate Change, Climate and Weather, Atmospheric Carbon Dioxide Concentrations",1974M12,0.28
World,,WLD,Monthly Atmospheric Carbon Dioxide Concentrations,Parts Per Million,"Dr. Pieter Tans, National Oceanic and Atmospheric Administration (NOAA). Global Monitoring Laboratory, Trends in Atmospheric Carbon Dioxide Data (https://gml.noaa.gov/ccgg/trends/) and Dr. Ralph Keeling, Scripps Institution of Oceanography, Carbon Dioxide Measurements (https://scrippsco2.ucsd.edu/).",ECCA,Atmospheric Carbon Dioxide Concentrations,"Environment, Climate Change, Climate and Weather, Atmospheric Carbon Dioxide Concentrations",1975M01,330.73
World,,WLD,"Monthly Atmospheric Carbon Dioxide Concentrations, Year on Year Percentage Change",Percent,"Dr. Pieter Tans, National Oceanic and Atmospheric Administration (NOAA). Global Monitoring Laboratory, Trends in Atmospheric Carbon Dioxide Data (https://gml.noaa.gov/ccgg/trends/) and Dr. Ralph Keeling, Scripps Institution of Oceanography, Carbon Dioxide Measurements (https://scrippsco2.ucsd.edu/).",ECCA,Atmospheric Carbon Dioxide Concentrations,"Environment, Climate Change, Climate and Weather, Atmospheric Carbon Dioxide Concentrations",1975M01,0.42
World,,WLD,Monthly Atmospheric Carbon Dioxide Concentrations,Parts Per Million,"Dr. Pieter Tans, National Oceanic and Atmospheric Administration (NOAA). Global Monitoring Laboratory, Trends in Atmospheric Carbon Dioxide Data (https://gml.noaa.gov/ccgg/trends/) and Dr. Ralph Keeling, Scripps Institution of Oceanography, Carbon Dioxide Measurements (https://scrippsco2.ucsd.edu/).",ECCA,Atmospheric Carbon Dioxide Concentrations,"Environment, Climate Change, Climate and Weather, Atmospheric Carbon Dioxide Concentrations",1975M02,331.46
World,,WLD,"Monthly Atmospheric Carbon Dioxide Concentrations, Year on Year Percentage Change",Percent,"Dr. Pieter Tans, National Oceanic and Atmospheric Administration (NOAA). Global Monitoring Laboratory, Trends in Atmospheric Carbon Dioxide Data (https://gml.noaa.gov/ccgg/trends/) and Dr. Ralph Keeling, Scripps Institution of Oceanography, Carbon Dioxide Measurements (https://scrippsco2.ucsd.edu/).",ECCA,Atmospheric Carbon Dioxide Concentrations,"Environment, Climate Change, Climate and Weather, Atmospheric Carbon Dioxide Concentrations",1975M02,0.23
World,,WLD,Monthly Atmospheric Carbon Dioxide Concentrations,Parts Per Million,"Dr. Pieter Tans, National Oceanic and Atmospheric Administration (NOAA). Global Monitoring Laboratory, Trends in Atmospheric Carbon Dioxide Data (https://gml.noaa.gov/ccgg/trends/) and Dr. Ralph Keeling, Scripps Institution of Oceanography, Carbon Dioxide Measurements (https://scrippsco2.ucsd.edu/).",ECCA,Atmospheric Carbon Dioxide Concentrations,"Environment, Climate Change, Climate and Weather, Atmospheric Carbon Dioxide Concentrations",1975M03,331.94
World,,WLD,"Monthly Atmospheric Carbon Dioxide Concentrations, Year on Year Percentage Change",Percent,"Dr. Pieter Tans, National Oceanic and Atmospheric Administration (NOAA). Global Monitoring Laboratory, Trends in Atmospheric Carbon Dioxide Data (https://gml.noaa.gov/ccgg/trends/) and Dr. Ralph Keeling, Scripps Institution of Oceanography, Carbon Dioxide Measurements (https://scrippsco2.ucsd.edu/).",ECCA,Atmospheric Carbon Dioxide Concentrations,"Environment, Climate Change, Climate and Weather, Atmospheric Carbon Dioxide Concentrations",1975M03,0.14
World,,WLD,Monthly Atmospheric Carbon Dioxide Concentrations,Parts Per Million,"Dr. Pieter Tans, National Oceanic and Atmospheric Administration (NOAA). Global Monitoring Laboratory, Trends in Atmospheric Carbon Dioxide Data (https://gml.noaa.gov/ccgg/trends/) and Dr. Ralph Keeling, Scripps Institution of Oceanography, Carbon Dioxide Measurements (https://scrippsco2.ucsd.edu/).",ECCA,Atmospheric Carbon Dioxide Concentrations,"Environment, Climate Change, Climate and Weather, Atmospheric Carbon Dioxide Concentrations",1975M04,333.11
World,,WLD,"Monthly Atmospheric Carbon Dioxide Concentrations, Year on Year Percentage Change",Percent,"Dr. Pieter Tans, National Oceanic and Atmospheric Administration (NOAA). Global Monitoring Laboratory, Trends in Atmospheric Carbon Dioxide Data (https://gml.noaa.gov/ccgg/trends/) and Dr. Ralph Keeling, Scripps Institution of Oceanography, Carbon Dioxide Measurements (https://scrippsco2.ucsd.edu/).",ECCA,Atmospheric Carbon Dioxide Concentrations,"Environment, Climate Change, Climate and Weather, Atmospheric Carbon Dioxide Concentrations",1975M04,0.14
World,,WLD,Monthly Atmospheric Carbon Dioxide Concentrations,Parts Per Million,"Dr. Pieter Tans, National Oceanic and Atmospheric Administration (NOAA). Global Monitoring Laboratory, Trends in Atmospheric Carbon Dioxide Data (https://gml.noaa.gov/ccgg/trends/) and Dr. Ralph Keeling, Scripps Institution of Oceanography, Carbon Dioxide Measurements (https://scrippsco2.ucsd.edu/).",ECCA,Atmospheric Carbon Dioxide Concentrations,"Environment, Climate Change, Climate and Weather, Atmospheric Carbon Dioxide Concentrations",1975M05,333.95
World,,WLD,"Monthly Atmospheric Carbon Dioxide Concentrations, Year on Year Percentage Change",Percent,"Dr. Pieter Tans, National Oceanic and Atmospheric Administration (NOAA). Global Monitoring Laboratory, Trends in Atmospheric Carbon Dioxide Data (https://gml.noaa.gov/ccgg/trends/) and Dr. Ralph Keeling, Scripps Institution of Oceanography, Carbon Dioxide Measurements (https://scrippsco2.ucsd.edu/).",ECCA,Atmospheric Carbon Dioxide Concentrations,"Environment, Climate Change, Climate and Weather, Atmospheric Carbon Dioxide Concentrations",1975M05,0.23
World,,WLD,Monthly Atmospheric Carbon Dioxide Concentrations,Parts Per Million,"Dr. Pieter Tans, National Oceanic and Atmospheric Administration (NOAA). Global Monitoring Laboratory, Trends in Atmospheric Carbon Dioxide Data (https://gml.noaa.gov/ccgg/trends/) and Dr. Ralph Keeling, Scripps Institution of Oceanography, Carbon Dioxide Measurements (https://scrippsco2.ucsd.edu/).",ECCA,Atmospheric Carbon Dioxide Concentrations,"Environment, Climate Change, Climate and Weather, Atmospheric Carbon Dioxide Concentrations",1975M06,333.42
World,,WLD,"Monthly Atmospheric Carbon Dioxide Concentrations, Year on Year Percentage Change",Percent,"Dr. Pieter Tans, National Oceanic and Atmospheric Administration (NOAA). Global Monitoring Laboratory, Trends in Atmospheric Carbon Dioxide Data (https://gml.noaa.gov/ccgg/trends/) and Dr. Ralph Keeling, Scripps Institution of Oceanography, Carbon Dioxide Measurements (https://scrippsco2.ucsd.edu/).",ECCA,Atmospheric Carbon Dioxide Concentrations,"Environment, Climate Change, Climate and Weather, Atmospheric Carbon Dioxide Concentrations",1975M06,0.37
World,,WLD,Monthly Atmospheric Carbon Dioxide Concentrations,Parts Per Million,"Dr. Pieter Tans, National Oceanic and Atmospheric Administration (NOAA). Global Monitoring Laboratory, Trends in Atmospheric Carbon Dioxide Data (https://gml.noaa.gov/ccgg/trends/) and Dr. Ralph Keeling, Scripps Institution of Oceanography, Carbon Dioxide Measurements (https://scrippsco2.ucsd.edu/).",ECCA,Atmospheric Carbon Dioxide Concentrations,"Environment, Climate Change, Climate and Weather, Atmospheric Carbon Dioxide Concentrations",1975M07,331.97
World,,WLD,"Monthly Atmospheric Carbon Dioxide Concentrations, Year on Year Percentage Change",Percent,"Dr. Pieter Tans, National Oceanic and Atmospheric Administration (NOAA). Global Monitoring Laboratory, Trends in Atmospheric Carbon Dioxide Data (https://gml.noaa.gov/ccgg/trends/) and Dr. Ralph Keeling, Scripps Institution of Oceanography, Carbon Dioxide Measurements (https://scrippsco2.ucsd.edu/).",ECCA,Atmospheric Carbon Dioxide Concentrations,"Environment, Climate Change, Climate and Weather, Atmospheric Carbon Dioxide Concentrations",1975M07,0.27
World,,WLD,Monthly Atmospheric Carbon Dioxide Concentrations,Parts Per Million,"Dr. Pieter Tans, National Oceanic and Atmospheric Administration (NOAA). Global Monitoring Laboratory, Trends in Atmospheric Carbon Dioxide Data (https://gml.noaa.gov/ccgg/trends/) and Dr. Ralph Keeling, Scripps Institution of Oceanography, Carbon Dioxide Measurements (https://scrippsco2.ucsd.edu/).",ECCA,Atmospheric Carbon Dioxide Concentrations,"Environment, Climate Change, Climate and Weather, Atmospheric Carbon Dioxide Concentrations",1975M08,329.95
World,,WLD,"Monthly Atmospheric Carbon Dioxide Concentrations, Year on Year Percentage Change",Percent,"Dr. Pieter Tans, National Oceanic and Atmospheric Administration (NOAA). Global Monitoring Laboratory, Trends in Atmospheric Carbon Dioxide Data (https://gml.noaa.gov/ccgg/trends/) and Dr. Ralph Keeling, Scripps Institution of Oceanography, Carbon Dioxide Measurements (https://scrippsco2.ucsd.edu/).",ECCA,Atmospheric Carbon Dioxide Concentrations,"Environment, Climate Change, Climate and Weather, Atmospheric Carbon Dioxide Concentrations",1975M08,0.24
World,,WLD,Monthly Atmospheric Carbon Dioxide Concentrations,Parts Per Million,"Dr. Pieter Tans, National Oceanic and Atmospheric Administration (NOAA). Global Monitoring Laboratory, Trends in Atmospheric Carbon Dioxide Data (https://gml.noaa.gov/ccgg/trends/) and Dr. Ralph Keeling, Scripps Institution of Oceanography, Carbon Dioxide Measurements (https://scrippsco2.ucsd.edu/).",ECCA,Atmospheric Carbon Dioxide Concentrations,"Environment, Climate Change, Climate and Weather, Atmospheric Carbon Dioxide Concentrations",1975M09,328.49
World,,WLD,"Monthly Atmospheric Carbon Dioxide Concentrations, Year on Year Percentage Change",Percent,"Dr. Pieter Tans, National Oceanic and Atmospheric Administration (NOAA). Global Monitoring Laboratory, Trends in Atmospheric Carbon Dioxide Data (https://gml.noaa.gov/ccgg/trends/) and Dr. Ralph Keeling, Scripps Institution of Oceanography, Carbon Dioxide Measurements (https://scrippsco2.ucsd.edu/).",ECCA,Atmospheric Carbon Dioxide Concentrations,"Environment, Climate Change, Climate and Weather, Atmospheric Carbon Dioxide Concentrations",1975M09,0.35
World,,WLD,Monthly Atmospheric Carbon Dioxide Concentrations,Parts Per Million,"Dr. Pieter Tans, National Oceanic and Atmospheric Administration (NOAA). Global Monitoring Laboratory, Trends in Atmospheric Carbon Dioxide Data (https://gml.noaa.gov/ccgg/trends/) and Dr. Ralph Keeling, Scripps Institution of Oceanography, Carbon Dioxide Measurements (https://scrippsco2.ucsd.edu/).",ECCA,Atmospheric Carbon Dioxide Concentrations,"Environment, Climate Change, Climate and Weather, Atmospheric Carbon Dioxide Concentrations",1975M10,328.36
World,,WLD,"Monthly Atmospheric Carbon Dioxide Concentrations, Year on Year Percentage Change",Percent,"Dr. Pieter Tans, National Oceanic and Atmospheric Administration (NOAA). Global Monitoring Laboratory, Trends in Atmospheric Carbon Dioxide Data (https://gml.noaa.gov/ccgg/trends/) and Dr. Ralph Keeling, Scripps Institution of Oceanography, Carbon Dioxide Measurements (https://scrippsco2.ucsd.edu/).",ECCA,Atmospheric Carbon Dioxide Concentrations,"Environment, Climate Change, Climate and Weather, Atmospheric Carbon Dioxide Concentrations",1975M10,0.33
World,,WLD,Monthly Atmospheric Carbon Dioxide Concentrations,Parts Per Million,"Dr. Pieter Tans, National Oceanic and Atmospheric Administration (NOAA). Global Monitoring Laboratory, Trends in Atmospheric Carbon Dioxide Data (https://gml.noaa.gov/ccgg/trends/) and Dr. Ralph Keeling, Scripps Institution of Oceanography, Carbon Dioxide Measurements (https://scrippsco2.ucsd.edu/).",ECCA,Atmospheric Carbon Dioxide Concentrations,"Environment, Climate Change, Climate and Weather, Atmospheric Carbon Dioxide Concentrations",1975M11,329.38
World,,WLD,"Monthly Atmospheric Carbon Dioxide Concentrations, Year on Year Percentage Change",Percent,"Dr. Pieter Tans, National Oceanic and Atmospheric Administration (NOAA). Global Monitoring Laboratory, Trends in Atmospheric Carbon Dioxide Data (https://gml.noaa.gov/ccgg/trends/) and Dr. Ralph Keeling, Scripps Institution of Oceanography, Carbon Dioxide Measurements (https://scrippsco2.ucsd.edu/).",ECCA,Atmospheric Carbon Dioxide Concentrations,"Environment, Climate Change, Climate and Weather, Atmospheric Carbon Dioxide Concentrations",1975M11,0.33
World,,WLD,Monthly Atmospheric Carbon Dioxide Concentrations,Parts Per Million,"Dr. Pieter Tans, National Oceanic and Atmospheric Administration (NOAA). Global Monitoring Laboratory, Trends in Atmospheric Carbon Dioxide Data (https://gml.noaa.gov/ccgg/trends/) and Dr. Ralph Keeling, Scripps Institution of Oceanography, Carbon Dioxide Measurements (https://scrippsco2.ucsd.edu/).",ECCA,Atmospheric Carbon Dioxide Concentrations,"Environment, Climate Change, Climate and Weather, Atmospheric Carbon Dioxide Concentrations",1975M12,330.75
World,,WLD,"Monthly Atmospheric Carbon Dioxide Concentrations, Year on Year Percentage Change",Percent,"Dr. Pieter Tans, National Oceanic and Atmospheric Administration (NOAA). Global Monitoring Laboratory, Trends in Atmospheric Carbon Dioxide Data (https://gml.noaa.gov/ccgg/trends/) and Dr. Ralph Keeling, Scripps Institution of Oceanography, Carbon Dioxide Measurements (https://scrippsco2.ucsd.edu/).",ECCA,Atmospheric Carbon Dioxide Concentrations,"Environment, Climate Change, Climate and Weather, Atmospheric Carbon Dioxide Concentrations",1975M12,0.35
World,,WLD,Monthly Atmospheric Carbon Dioxide Concentrations,Parts Per Million,"Dr. Pieter Tans, National Oceanic and Atmospheric Administration (NOAA). Global Monitoring Laboratory, Trends in Atmospheric Carbon Dioxide Data (https://gml.noaa.gov/ccgg/trends/) and Dr. Ralph Keeling, Scripps Institution of Oceanography, Carbon Dioxide Measurements (https://scrippsco2.ucsd.edu/).",ECCA,Atmospheric Carbon Dioxide Concentrations,"Environment, Climate Change, Climate and Weather, Atmospheric Carbon Dioxide Concentrations",1976M01,331.56
World,,WLD,"Monthly Atmospheric Carbon Dioxide Concentrations, Year on Year Percentage Change",Percent,"Dr. Pieter Tans, National Oceanic and Atmospheric Administration (NOAA). Global Monitoring Laboratory, Trends in Atmospheric Carbon Dioxide Data (https://gml.noaa.gov/ccgg/trends/) and Dr. Ralph Keeling, Scripps Institution of Oceanography, Carbon Dioxide Measurements (https://scrippsco2.ucsd.edu/).",ECCA,Atmospheric Carbon Dioxide Concentrations,"Environment, Climate Change, Climate and Weather, Atmospheric Carbon Dioxide Concentrations",1976M01,0.25
World,,WLD,Monthly Atmospheric Carbon Dioxide Concentrations,Parts Per Million,"Dr. Pieter Tans, National Oceanic and Atmospheric Administration (NOAA). Global Monitoring Laboratory, Trends in Atmospheric Carbon Dioxide Data (https://gml.noaa.gov/ccgg/trends/) and Dr. Ralph Keeling, Scripps Institution of Oceanography, Carbon Dioxide Measurements (https://scrippsco2.ucsd.edu/).",ECCA,Atmospheric Carbon Dioxide Concentrations,"Environment, Climate Change, Climate and Weather, Atmospheric Carbon Dioxide Concentrations",1976M02,332.74
World,,WLD,"Monthly Atmospheric Carbon Dioxide Concentrations, Year on Year Percentage Change",Percent,"Dr. Pieter Tans, National Oceanic and Atmospheric Administration (NOAA). Global Monitoring Laboratory, Trends in Atmospheric Carbon Dioxide Data (https://gml.noaa.gov/ccgg/trends/) and Dr. Ralph Keeling, Scripps Institution of Oceanography, Carbon Dioxide Measurements (https://scrippsco2.ucsd.edu/).",ECCA,Atmospheric Carbon Dioxide Concentrations,"Environment, Climate Change, Climate and Weather, Atmospheric Carbon Dioxide Concentrations",1976M02,0.39
World,,WLD,Monthly Atmospheric Carbon Dioxide Concentrations,Parts Per Million,"Dr. Pieter Tans, National Oceanic and Atmospheric Administration (NOAA). Global Monitoring Laboratory, Trends in Atmospheric Carbon Dioxide Data (https://gml.noaa.gov/ccgg/trends/) and Dr. Ralph Keeling, Scripps Institution of Oceanography, Carbon Dioxide Measurements (https://scrippsco2.ucsd.edu/).",ECCA,Atmospheric Carbon Dioxide Concentrations,"Environment, Climate Change, Climate and Weather, Atmospheric Carbon Dioxide Concentrations",1976M03,333.36
World,,WLD,"Monthly Atmospheric Carbon Dioxide Concentrations, Year on Year Percentage Change",Percent,"Dr. Pieter Tans, National Oceanic and Atmospheric Administration (NOAA). Global Monitoring Laboratory, Trends in Atmospheric Carbon Dioxide Data (https://gml.noaa.gov/ccgg/trends/) and Dr. Ralph Keeling, Scripps Institution of Oceanography, Carbon Dioxide Measurements (https://scrippsco2.ucsd.edu/).",ECCA,Atmospheric Carbon Dioxide Concentrations,"Environment, Climate Change, Climate and Weather, Atmospheric Carbon Dioxide Concentrations",1976M03,0.43
World,,WLD,Monthly Atmospheric Carbon Dioxide Concentrations,Parts Per Million,"Dr. Pieter Tans, National Oceanic and Atmospheric Administration (NOAA). Global Monitoring Laboratory, Trends in Atmospheric Carbon Dioxide Data (https://gml.noaa.gov/ccgg/trends/) and Dr. Ralph Keeling, Scripps Institution of Oceanography, Carbon Dioxide Measurements (https://scrippsco2.ucsd.edu/).",ECCA,Atmospheric Carbon Dioxide Concentrations,"Environment, Climate Change, Climate and Weather, Atmospheric Carbon Dioxide Concentrations",1976M04,334.74
World,,WLD,"Monthly Atmospheric Carbon Dioxide Concentrations, Year on Year Percentage Change",Percent,"Dr. Pieter Tans, National Oceanic and Atmospheric Administration (NOAA). Global Monitoring Laboratory, Trends in Atmospheric Carbon Dioxide Data (https://gml.noaa.gov/ccgg/trends/) and Dr. Ralph Keeling, Scripps Institution of Oceanography, Carbon Dioxide Measurements (https://scrippsco2.ucsd.edu/).",ECCA,Atmospheric Carbon Dioxide Concentrations,"Environment, Climate Change, Climate and Weather, Atmospheric Carbon Dioxide Concentrations",1976M04,0.49
World,,WLD,Monthly Atmospheric Carbon Dioxide Concentrations,Parts Per Million,"Dr. Pieter Tans, National Oceanic and Atmospheric Administration (NOAA). Global Monitoring Laboratory, Trends in Atmospheric Carbon Dioxide Data (https://gml.noaa.gov/ccgg/trends/) and Dr. Ralph Keeling, Scripps Institution of Oceanography, Carbon Dioxide Measurements (https://scrippsco2.ucsd.edu/).",ECCA,Atmospheric Carbon Dioxide Concentrations,"Environment, Climate Change, Climate and Weather, Atmospheric Carbon Dioxide Concentrations",1976M05,334.72
World,,WLD,"Monthly Atmospheric Carbon Dioxide Concentrations, Year on Year Percentage Change",Percent,"Dr. Pieter Tans, National Oceanic and Atmospheric Administration (NOAA). Global Monitoring Laboratory, Trends in Atmospheric Carbon Dioxide Data (https://gml.noaa.gov/ccgg/trends/) and Dr. Ralph Keeling, Scripps Institution of Oceanography, Carbon Dioxide Measurements (https://scrippsco2.ucsd.edu/).",ECCA,Atmospheric Carbon Dioxide Concentrations,"Environment, Climate Change, Climate and Weather, Atmospheric Carbon Dioxide Concentrations",1976M05,0.23
World,,WLD,Monthly Atmospheric Carbon Dioxide Concentrations,Parts Per Million,"Dr. Pieter Tans, National Oceanic and Atmospheric Administration (NOAA). Global Monitoring Laboratory, Trends in Atmospheric Carbon Dioxide Data (https://gml.noaa.gov/ccgg/trends/) and Dr. Ralph Keeling, Scripps Institution of Oceanography, Carbon Dioxide Measurements (https://scrippsco2.ucsd.edu/).",ECCA,Atmospheric Carbon Dioxide Concentrations,"Environment, Climate Change, Climate and Weather, Atmospheric Carbon Dioxide Concentrations",1976M06,333.97
World,,WLD,"Monthly Atmospheric Carbon Dioxide Concentrations, Year on Year Percentage Change",Percent,"Dr. Pieter Tans, National Oceanic and Atmospheric Administration (NOAA). Global Monitoring Laboratory, Trends in Atmospheric Carbon Dioxide Data (https://gml.noaa.gov/ccgg/trends/) and Dr. Ralph Keeling, Scripps Institution of Oceanography, Carbon Dioxide Measurements (https://scrippsco2.ucsd.edu/).",ECCA,Atmospheric Carbon Dioxide Concentrations,"Environment, Climate Change, Climate and Weather, Atmospheric Carbon Dioxide Concentrations",1976M06,0.16
World,,WLD,Monthly Atmospheric Carbon Dioxide Concentrations,Parts Per Million,"Dr. Pieter Tans, National Oceanic and Atmospheric Administration (NOAA). Global Monitoring Laboratory, Trends in Atmospheric Carbon Dioxide Data (https://gml.noaa.gov/ccgg/trends/) and Dr. Ralph Keeling, Scripps Institution of Oceanography, Carbon Dioxide Measurements (https://scrippsco2.ucsd.edu/).",ECCA,Atmospheric Carbon Dioxide Concentrations,"Environment, Climate Change, Climate and Weather, Atmospheric Carbon Dioxide Concentrations",1976M07,333.08
World,,WLD,"Monthly Atmospheric Carbon Dioxide Concentrations, Year on Year Percentage Change",Percent,"Dr. Pieter Tans, National Oceanic and Atmospheric Administration (NOAA). Global Monitoring Laboratory, Trends in Atmospheric Carbon Dioxide Data (https://gml.noaa.gov/ccgg/trends/) and Dr. Ralph Keeling, Scripps Institution of Oceanography, Carbon Dioxide Measurements (https://scrippsco2.ucsd.edu/).",ECCA,Atmospheric Carbon Dioxide Concentrations,"Environment, Climate Change, Climate and Weather, Atmospheric Carbon Dioxide Concentrations",1976M07,0.33
World,,WLD,Monthly Atmospheric Carbon Dioxide Concentrations,Parts Per Million,"Dr. Pieter Tans, National Oceanic and Atmospheric Administration (NOAA). Global Monitoring Laboratory, Trends in Atmospheric Carbon Dioxide Data (https://gml.noaa.gov/ccgg/trends/) and Dr. Ralph Keeling, Scripps Institution of Oceanography, Carbon Dioxide Measurements (https://scrippsco2.ucsd.edu/).",ECCA,Atmospheric Carbon Dioxide Concentrations,"Environment, Climate Change, Climate and Weather, Atmospheric Carbon Dioxide Concentrations",1976M08,330.68
World,,WLD,"Monthly Atmospheric Carbon Dioxide Concentrations, Year on Year Percentage Change",Percent,"Dr. Pieter Tans, National Oceanic and Atmospheric Administration (NOAA). Global Monitoring Laboratory, Trends in Atmospheric Carbon Dioxide Data (https://gml.noaa.gov/ccgg/trends/) and Dr. Ralph Keeling, Scripps Institution of Oceanography, Carbon Dioxide Measurements (https://scrippsco2.ucsd.edu/).",ECCA,Atmospheric Carbon Dioxide Concentrations,"Environment, Climate Change, Climate and Weather, Atmospheric Carbon Dioxide Concentrations",1976M08,0.22
World,,WLD,Monthly Atmospheric Carbon Dioxide Concentrations,Parts Per Million,"Dr. Pieter Tans, National Oceanic and Atmospheric Administration (NOAA). Global Monitoring Laboratory, Trends in Atmospheric Carbon Dioxide Data (https://gml.noaa.gov/ccgg/trends/) and Dr. Ralph Keeling, Scripps Institution of Oceanography, Carbon Dioxide Measurements (https://scrippsco2.ucsd.edu/).",ECCA,Atmospheric Carbon Dioxide Concentrations,"Environment, Climate Change, Climate and Weather, Atmospheric Carbon Dioxide Concentrations",1976M09,328.96
World,,WLD,"Monthly Atmospheric Carbon Dioxide Concentrations, Year on Year Percentage Change",Percent,"Dr. Pieter Tans, National Oceanic and Atmospheric Administration (NOAA). Global Monitoring Laboratory, Trends in Atmospheric Carbon Dioxide Data (https://gml.noaa.gov/ccgg/trends/) and Dr. Ralph Keeling, Scripps Institution of Oceanography, Carbon Dioxide Measurements (https://scrippsco2.ucsd.edu/).",ECCA,Atmospheric Carbon Dioxide Concentrations,"Environment, Climate Change, Climate and Weather, Atmospheric Carbon Dioxide Concentrations",1976M09,0.14
World,,WLD,Monthly Atmospheric Carbon Dioxide Concentrations,Parts Per Million,"Dr. Pieter Tans, National Oceanic and Atmospheric Administration (NOAA). Global Monitoring Laboratory, Trends in Atmospheric Carbon Dioxide Data (https://gml.noaa.gov/ccgg/trends/) and Dr. Ralph Keeling, Scripps Institution of Oceanography, Carbon Dioxide Measurements (https://scrippsco2.ucsd.edu/).",ECCA,Atmospheric Carbon Dioxide Concentrations,"Environment, Climate Change, Climate and Weather, Atmospheric Carbon Dioxide Concentrations",1976M10,328.72
World,,WLD,"Monthly Atmospheric Carbon Dioxide Concentrations, Year on Year Percentage Change",Percent,"Dr. Pieter Tans, National Oceanic and Atmospheric Administration (NOAA). Global Monitoring Laboratory, Trends in Atmospheric Carbon Dioxide Data (https://gml.noaa.gov/ccgg/trends/) and Dr. Ralph Keeling, Scripps Institution of Oceanography, Carbon Dioxide Measurements (https://scrippsco2.ucsd.edu/).",ECCA,Atmospheric Carbon Dioxide Concentrations,"Environment, Climate Change, Climate and Weather, Atmospheric Carbon Dioxide Concentrations",1976M10,0.11
World,,WLD,Monthly Atmospheric Carbon Dioxide Concentrations,Parts Per Million,"Dr. Pieter Tans, National Oceanic and Atmospheric Administration (NOAA). Global Monitoring Laboratory, Trends in Atmospheric Carbon Dioxide Data (https://gml.noaa.gov/ccgg/trends/) and Dr. Ralph Keeling, Scripps Institution of Oceanography, Carbon Dioxide Measurements (https://scrippsco2.ucsd.edu/).",ECCA,Atmospheric Carbon Dioxide Concentrations,"Environment, Climate Change, Climate and Weather, Atmospheric Carbon Dioxide Concentrations",1976M11,330.16
World,,WLD,"Monthly Atmospheric Carbon Dioxide Concentrations, Year on Year Percentage Change",Percent,"Dr. Pieter Tans, National Oceanic and Atmospheric Administration (NOAA). Global Monitoring Laboratory, Trends in Atmospheric Carbon Dioxide Data (https://gml.noaa.gov/ccgg/trends/) and Dr. Ralph Keeling, Scripps Institution of Oceanography, Carbon Dioxide Measurements (https://scrippsco2.ucsd.edu/).",ECCA,Atmospheric Carbon Dioxide Concentrations,"Environment, Climate Change, Climate and Weather, Atmospheric Carbon Dioxide Concentrations",1976M11,0.24
World,,WLD,Monthly Atmospheric Carbon Dioxide Concentrations,Parts Per Million,"Dr. Pieter Tans, National Oceanic and Atmospheric Administration (NOAA). Global Monitoring Laboratory, Trends in Atmospheric Carbon Dioxide Data (https://gml.noaa.gov/ccgg/trends/) and Dr. Ralph Keeling, Scripps Institution of Oceanography, Carbon Dioxide Measurements (https://scrippsco2.ucsd.edu/).",ECCA,Atmospheric Carbon Dioxide Concentrations,"Environment, Climate Change, Climate and Weather, Atmospheric Carbon Dioxide Concentrations",1976M12,331.62
World,,WLD,"Monthly Atmospheric Carbon Dioxide Concentrations, Year on Year Percentage Change",Percent,"Dr. Pieter Tans, National Oceanic and Atmospheric Administration (NOAA). Global Monitoring Laboratory, Trends in Atmospheric Carbon Dioxide Data (https://gml.noaa.gov/ccgg/trends/) and Dr. Ralph Keeling, Scripps Institution of Oceanography, Carbon Dioxide Measurements (https://scrippsco2.ucsd.edu/).",ECCA,Atmospheric Carbon Dioxide Concentrations,"Environment, Climate Change, Climate and Weather, Atmospheric Carbon Dioxide Concentrations",1976M12,0.26
World,,WLD,Monthly Atmospheric Carbon Dioxide Concentrations,Parts Per Million,"Dr. Pieter Tans, National Oceanic and Atmospheric Administration (NOAA). Global Monitoring Laboratory, Trends in Atmospheric Carbon Dioxide Data (https://gml.noaa.gov/ccgg/trends/) and Dr. Ralph Keeling, Scripps Institution of Oceanography, Carbon Dioxide Measurements (https://scrippsco2.ucsd.edu/).",ECCA,Atmospheric Carbon Dioxide Concentrations,"Environment, Climate Change, Climate and Weather, Atmospheric Carbon Dioxide Concentrations",1977M01,332.68
World,,WLD,"Monthly Atmospheric Carbon Dioxide Concentrations, Year on Year Percentage Change",Percent,"Dr. Pieter Tans, National Oceanic and Atmospheric Administration (NOAA). Global Monitoring Laboratory, Trends in Atmospheric Carbon Dioxide Data (https://gml.noaa.gov/ccgg/trends/) and Dr. Ralph Keeling, Scripps Institution of Oceanography, Carbon Dioxide Measurements (https://scrippsco2.ucsd.edu/).",ECCA,Atmospheric Carbon Dioxide Concentrations,"Environment, Climate Change, Climate and Weather, Atmospheric Carbon Dioxide Concentrations",1977M01,0.34
World,,WLD,Monthly Atmospheric Carbon Dioxide Concentrations,Parts Per Million,"Dr. Pieter Tans, National Oceanic and Atmospheric Administration (NOAA). Global Monitoring Laboratory, Trends in Atmospheric Carbon Dioxide Data (https://gml.noaa.gov/ccgg/trends/) and Dr. Ralph Keeling, Scripps Institution of Oceanography, Carbon Dioxide Measurements (https://scrippsco2.ucsd.edu/).",ECCA,Atmospheric Carbon Dioxide Concentrations,"Environment, Climate Change, Climate and Weather, Atmospheric Carbon Dioxide Concentrations",1977M02,333.17
World,,WLD,"Monthly Atmospheric Carbon Dioxide Concentrations, Year on Year Percentage Change",Percent,"Dr. Pieter Tans, National Oceanic and Atmospheric Administration (NOAA). Global Monitoring Laboratory, Trends in Atmospheric Carbon Dioxide Data (https://gml.noaa.gov/ccgg/trends/) and Dr. Ralph Keeling, Scripps Institution of Oceanography, Carbon Dioxide Measurements (https://scrippsco2.ucsd.edu/).",ECCA,Atmospheric Carbon Dioxide Concentrations,"Environment, Climate Change, Climate and Weather, Atmospheric Carbon Dioxide Concentrations",1977M02,0.13
World,,WLD,Monthly Atmospheric Carbon Dioxide Concentrations,Parts Per Million,"Dr. Pieter Tans, National Oceanic and Atmospheric Administration (NOAA). Global Monitoring Laboratory, Trends in Atmospheric Carbon Dioxide Data (https://gml.noaa.gov/ccgg/trends/) and Dr. Ralph Keeling, Scripps Institution of Oceanography, Carbon Dioxide Measurements (https://scrippsco2.ucsd.edu/).",ECCA,Atmospheric Carbon Dioxide Concentrations,"Environment, Climate Change, Climate and Weather, Atmospheric Carbon Dioxide Concentrations",1977M03,334.96
World,,WLD,"Monthly Atmospheric Carbon Dioxide Concentrations, Year on Year Percentage Change",Percent,"Dr. Pieter Tans, National Oceanic and Atmospheric Administration (NOAA). Global Monitoring Laboratory, Trends in Atmospheric Carbon Dioxide Data (https://gml.noaa.gov/ccgg/trends/) and Dr. Ralph Keeling, Scripps Institution of Oceanography, Carbon Dioxide Measurements (https://scrippsco2.ucsd.edu/).",ECCA,Atmospheric Carbon Dioxide Concentrations,"Environment, Climate Change, Climate and Weather, Atmospheric Carbon Dioxide Concentrations",1977M03,0.48
World,,WLD,Monthly Atmospheric Carbon Dioxide Concentrations,Parts Per Million,"Dr. Pieter Tans, National Oceanic and Atmospheric Administration (NOAA). Global Monitoring Laboratory, Trends in Atmospheric Carbon Dioxide Data (https://gml.noaa.gov/ccgg/trends/) and Dr. Ralph Keeling, Scripps Institution of Oceanography, Carbon Dioxide Measurements (https://scrippsco2.ucsd.edu/).",ECCA,Atmospheric Carbon Dioxide Concentrations,"Environment, Climate Change, Climate and Weather, Atmospheric Carbon Dioxide Concentrations",1977M04,336.14
World,,WLD,"Monthly Atmospheric Carbon Dioxide Concentrations, Year on Year Percentage Change",Percent,"Dr. Pieter Tans, National Oceanic and Atmospheric Administration (NOAA). Global Monitoring Laboratory, Trends in Atmospheric Carbon Dioxide Data (https://gml.noaa.gov/ccgg/trends/) and Dr. Ralph Keeling, Scripps Institution of Oceanography, Carbon Dioxide Measurements (https://scrippsco2.ucsd.edu/).",ECCA,Atmospheric Carbon Dioxide Concentrations,"Environment, Climate Change, Climate and Weather, Atmospheric Carbon Dioxide Concentrations",1977M04,0.42
World,,WLD,Monthly Atmospheric Carbon Dioxide Concentrations,Parts Per Million,"Dr. Pieter Tans, National Oceanic and Atmospheric Administration (NOAA). Global Monitoring Laboratory, Trends in Atmospheric Carbon Dioxide Data (https://gml.noaa.gov/ccgg/trends/) and Dr. Ralph Keeling, Scripps Institution of Oceanography, Carbon Dioxide Measurements (https://scrippsco2.ucsd.edu/).",ECCA,Atmospheric Carbon Dioxide Concentrations,"Environment, Climate Change, Climate and Weather, Atmospheric Carbon Dioxide Concentrations",1977M05,336.93
World,,WLD,"Monthly Atmospheric Carbon Dioxide Concentrations, Year on Year Percentage Change",Percent,"Dr. Pieter Tans, National Oceanic and Atmospheric Administration (NOAA). Global Monitoring Laboratory, Trends in Atmospheric Carbon Dioxide Data (https://gml.noaa.gov/ccgg/trends/) and Dr. Ralph Keeling, Scripps Institution of Oceanography, Carbon Dioxide Measurements (https://scrippsco2.ucsd.edu/).",ECCA,Atmospheric Carbon Dioxide Concentrations,"Environment, Climate Change, Climate and Weather, Atmospheric Carbon Dioxide Concentrations",1977M05,0.66
World,,WLD,Monthly Atmospheric Carbon Dioxide Concentrations,Parts Per Million,"Dr. Pieter Tans, National Oceanic and Atmospheric Administration (NOAA). Global Monitoring Laboratory, Trends in Atmospheric Carbon Dioxide Data (https://gml.noaa.gov/ccgg/trends/) and Dr. Ralph Keeling, Scripps Institution of Oceanography, Carbon Dioxide Measurements (https://scrippsco2.ucsd.edu/).",ECCA,Atmospheric Carbon Dioxide Concentrations,"Environment, Climate Change, Climate and Weather, Atmospheric Carbon Dioxide Concentrations",1977M06,336.17
World,,WLD,"Monthly Atmospheric Carbon Dioxide Concentrations, Year on Year Percentage Change",Percent,"Dr. Pieter Tans, National Oceanic and Atmospheric Administration (NOAA). Global Monitoring Laboratory, Trends in Atmospheric Carbon Dioxide Data (https://gml.noaa.gov/ccgg/trends/) and Dr. Ralph Keeling, Scripps Institution of Oceanography, Carbon Dioxide Measurements (https://scrippsco2.ucsd.edu/).",ECCA,Atmospheric Carbon Dioxide Concentrations,"Environment, Climate Change, Climate and Weather, Atmospheric Carbon Dioxide Concentrations",1977M06,0.66
World,,WLD,Monthly Atmospheric Carbon Dioxide Concentrations,Parts Per Million,"Dr. Pieter Tans, National Oceanic and Atmospheric Administration (NOAA). Global Monitoring Laboratory, Trends in Atmospheric Carbon Dioxide Data (https://gml.noaa.gov/ccgg/trends/) and Dr. Ralph Keeling, Scripps Institution of Oceanography, Carbon Dioxide Measurements (https://scrippsco2.ucsd.edu/).",ECCA,Atmospheric Carbon Dioxide Concentrations,"Environment, Climate Change, Climate and Weather, Atmospheric Carbon Dioxide Concentrations",1977M07,334.89
World,,WLD,"Monthly Atmospheric Carbon Dioxide Concentrations, Year on Year Percentage Change",Percent,"Dr. Pieter Tans, National Oceanic and Atmospheric Administration (NOAA). Global Monitoring Laboratory, Trends in Atmospheric Carbon Dioxide Data (https://gml.noaa.gov/ccgg/trends/) and Dr. Ralph Keeling, Scripps Institution of Oceanography, Carbon Dioxide Measurements (https://scrippsco2.ucsd.edu/).",ECCA,Atmospheric Carbon Dioxide Concentrations,"Environment, Climate Change, Climate and Weather, Atmospheric Carbon Dioxide Concentrations",1977M07,0.54
World,,WLD,Monthly Atmospheric Carbon Dioxide Concentrations,Parts Per Million,"Dr. Pieter Tans, National Oceanic and Atmospheric Administration (NOAA). Global Monitoring Laboratory, Trends in Atmospheric Carbon Dioxide Data (https://gml.noaa.gov/ccgg/trends/) and Dr. Ralph Keeling, Scripps Institution of Oceanography, Carbon Dioxide Measurements (https://scrippsco2.ucsd.edu/).",ECCA,Atmospheric Carbon Dioxide Concentrations,"Environment, Climate Change, Climate and Weather, Atmospheric Carbon Dioxide Concentrations",1977M08,332.56
World,,WLD,"Monthly Atmospheric Carbon Dioxide Concentrations, Year on Year Percentage Change",Percent,"Dr. Pieter Tans, National Oceanic and Atmospheric Administration (NOAA). Global Monitoring Laboratory, Trends in Atmospheric Carbon Dioxide Data (https://gml.noaa.gov/ccgg/trends/) and Dr. Ralph Keeling, Scripps Institution of Oceanography, Carbon Dioxide Measurements (https://scrippsco2.ucsd.edu/).",ECCA,Atmospheric Carbon Dioxide Concentrations,"Environment, Climate Change, Climate and Weather, Atmospheric Carbon Dioxide Concentrations",1977M08,0.57
World,,WLD,Monthly Atmospheric Carbon Dioxide Concentrations,Parts Per Million,"Dr. Pieter Tans, National Oceanic and Atmospheric Administration (NOAA). Global Monitoring Laboratory, Trends in Atmospheric Carbon Dioxide Data (https://gml.noaa.gov/ccgg/trends/) and Dr. Ralph Keeling, Scripps Institution of Oceanography, Carbon Dioxide Measurements (https://scrippsco2.ucsd.edu/).",ECCA,Atmospheric Carbon Dioxide Concentrations,"Environment, Climate Change, Climate and Weather, Atmospheric Carbon Dioxide Concentrations",1977M09,331.29
World,,WLD,"Monthly Atmospheric Carbon Dioxide Concentrations, Year on Year Percentage Change",Percent,"Dr. Pieter Tans, National Oceanic and Atmospheric Administration (NOAA). Global Monitoring Laboratory, Trends in Atmospheric Carbon Dioxide Data (https://gml.noaa.gov/ccgg/trends/) and Dr. Ralph Keeling, Scripps Institution of Oceanography, Carbon Dioxide Measurements (https://scrippsco2.ucsd.edu/).",ECCA,Atmospheric Carbon Dioxide Concentrations,"Environment, Climate Change, Climate and Weather, Atmospheric Carbon Dioxide Concentrations",1977M09,0.71
World,,WLD,Monthly Atmospheric Carbon Dioxide Concentrations,Parts Per Million,"Dr. Pieter Tans, National Oceanic and Atmospheric Administration (NOAA). Global Monitoring Laboratory, Trends in Atmospheric Carbon Dioxide Data (https://gml.noaa.gov/ccgg/trends/) and Dr. Ralph Keeling, Scripps Institution of Oceanography, Carbon Dioxide Measurements (https://scrippsco2.ucsd.edu/).",ECCA,Atmospheric Carbon Dioxide Concentrations,"Environment, Climate Change, Climate and Weather, Atmospheric Carbon Dioxide Concentrations",1977M10,331.28
World,,WLD,"Monthly Atmospheric Carbon Dioxide Concentrations, Year on Year Percentage Change",Percent,"Dr. Pieter Tans, National Oceanic and Atmospheric Administration (NOAA). Global Monitoring Laboratory, Trends in Atmospheric Carbon Dioxide Data (https://gml.noaa.gov/ccgg/trends/) and Dr. Ralph Keeling, Scripps Institution of Oceanography, Carbon Dioxide Measurements (https://scrippsco2.ucsd.edu/).",ECCA,Atmospheric Carbon Dioxide Concentrations,"Environment, Climate Change, Climate and Weather, Atmospheric Carbon Dioxide Concentrations",1977M10,0.78
World,,WLD,Monthly Atmospheric Carbon Dioxide Concentrations,Parts Per Million,"Dr. Pieter Tans, National Oceanic and Atmospheric Administration (NOAA). Global Monitoring Laboratory, Trends in Atmospheric Carbon Dioxide Data (https://gml.noaa.gov/ccgg/trends/) and Dr. Ralph Keeling, Scripps Institution of Oceanography, Carbon Dioxide Measurements (https://scrippsco2.ucsd.edu/).",ECCA,Atmospheric Carbon Dioxide Concentrations,"Environment, Climate Change, Climate and Weather, Atmospheric Carbon Dioxide Concentrations",1977M11,332.46
World,,WLD,"Monthly Atmospheric Carbon Dioxide Concentrations, Year on Year Percentage Change",Percent,"Dr. Pieter Tans, National Oceanic and Atmospheric Administration (NOAA). Global Monitoring Laboratory, Trends in Atmospheric Carbon Dioxide Data (https://gml.noaa.gov/ccgg/trends/) and Dr. Ralph Keeling, Scripps Institution of Oceanography, Carbon Dioxide Measurements (https://scrippsco2.ucsd.edu/).",ECCA,Atmospheric Carbon Dioxide Concentrations,"Environment, Climate Change, Climate and Weather, Atmospheric Carbon Dioxide Concentrations",1977M11,0.7
World,,WLD,Monthly Atmospheric Carbon Dioxide Concentrations,Parts Per Million,"Dr. Pieter Tans, National Oceanic and Atmospheric Administration (NOAA). Global Monitoring Laboratory, Trends in Atmospheric Carbon Dioxide Data (https://gml.noaa.gov/ccgg/trends/) and Dr. Ralph Keeling, Scripps Institution of Oceanography, Carbon Dioxide Measurements (https://scrippsco2.ucsd.edu/).",ECCA,Atmospheric Carbon Dioxide Concentrations,"Environment, Climate Change, Climate and Weather, Atmospheric Carbon Dioxide Concentrations",1977M12,333.6
World,,WLD,"Monthly Atmospheric Carbon Dioxide Concentrations, Year on Year Percentage Change",Percent,"Dr. Pieter Tans, National Oceanic and Atmospheric Administration (NOAA). Global Monitoring Laboratory, Trends in Atmospheric Carbon Dioxide Data (https://gml.noaa.gov/ccgg/trends/) and Dr. Ralph Keeling, Scripps Institution of Oceanography, Carbon Dioxide Measurements (https://scrippsco2.ucsd.edu/).",ECCA,Atmospheric Carbon Dioxide Concentrations,"Environment, Climate Change, Climate and Weather, Atmospheric Carbon Dioxide Concentrations",1977M12,0.6
World,,WLD,Monthly Atmospheric Carbon Dioxide Concentrations,Parts Per Million,"Dr. Pieter Tans, National Oceanic and Atmospheric Administration (NOAA). Global Monitoring Laboratory, Trends in Atmospheric Carbon Dioxide Data (https://gml.noaa.gov/ccgg/trends/) and Dr. Ralph Keeling, Scripps Institution of Oceanography, Carbon Dioxide Measurements (https://scrippsco2.ucsd.edu/).",ECCA,Atmospheric Carbon Dioxide Concentrations,"Environment, Climate Change, Climate and Weather, Atmospheric Carbon Dioxide Concentrations",1978M01,334.94
World,,WLD,"Monthly Atmospheric Carbon Dioxide Concentrations, Year on Year Percentage Change",Percent,"Dr. Pieter Tans, National Oceanic and Atmospheric Administration (NOAA). Global Monitoring Laboratory, Trends in Atmospheric Carbon Dioxide Data (https://gml.noaa.gov/ccgg/trends/) and Dr. Ralph Keeling, Scripps Institution of Oceanography, Carbon Dioxide Measurements (https://scrippsco2.ucsd.edu/).",ECCA,Atmospheric Carbon Dioxide Concentrations,"Environment, Climate Change, Climate and Weather, Atmospheric Carbon Dioxide Concentrations",1978M01,0.68
World,,WLD,Monthly Atmospheric Carbon Dioxide Concentrations,Parts Per Million,"Dr. Pieter Tans, National Oceanic and Atmospheric Administration (NOAA). Global Monitoring Laboratory, Trends in Atmospheric Carbon Dioxide Data (https://gml.noaa.gov/ccgg/trends/) and Dr. Ralph Keeling, Scripps Institution of Oceanography, Carbon Dioxide Measurements (https://scrippsco2.ucsd.edu/).",ECCA,Atmospheric Carbon Dioxide Concentrations,"Environment, Climate Change, Climate and Weather, Atmospheric Carbon Dioxide Concentrations",1978M02,335.26
World,,WLD,"Monthly Atmospheric Carbon Dioxide Concentrations, Year on Year Percentage Change",Percent,"Dr. Pieter Tans, National Oceanic and Atmospheric Administration (NOAA). Global Monitoring Laboratory, Trends in Atmospheric Carbon Dioxide Data (https://gml.noaa.gov/ccgg/trends/) and Dr. Ralph Keeling, Scripps Institution of Oceanography, Carbon Dioxide Measurements (https://scrippsco2.ucsd.edu/).",ECCA,Atmospheric Carbon Dioxide Concentrations,"Environment, Climate Change, Climate and Weather, Atmospheric Carbon Dioxide Concentrations",1978M02,0.63
World,,WLD,Monthly Atmospheric Carbon Dioxide Concentrations,Parts Per Million,"Dr. Pieter Tans, National Oceanic and Atmospheric Administration (NOAA). Global Monitoring Laboratory, Trends in Atmospheric Carbon Dioxide Data (https://gml.noaa.gov/ccgg/trends/) and Dr. Ralph Keeling, Scripps Institution of Oceanography, Carbon Dioxide Measurements (https://scrippsco2.ucsd.edu/).",ECCA,Atmospheric Carbon Dioxide Concentrations,"Environment, Climate Change, Climate and Weather, Atmospheric Carbon Dioxide Concentrations",1978M03,336.66
World,,WLD,"Monthly Atmospheric Carbon Dioxide Concentrations, Year on Year Percentage Change",Percent,"Dr. Pieter Tans, National Oceanic and Atmospheric Administration (NOAA). Global Monitoring Laboratory, Trends in Atmospheric Carbon Dioxide Data (https://gml.noaa.gov/ccgg/trends/) and Dr. Ralph Keeling, Scripps Institution of Oceanography, Carbon Dioxide Measurements (https://scrippsco2.ucsd.edu/).",ECCA,Atmospheric Carbon Dioxide Concentrations,"Environment, Climate Change, Climate and Weather, Atmospheric Carbon Dioxide Concentrations",1978M03,0.51
World,,WLD,Monthly Atmospheric Carbon Dioxide Concentrations,Parts Per Million,"Dr. Pieter Tans, National Oceanic and Atmospheric Administration (NOAA). Global Monitoring Laboratory, Trends in Atmospheric Carbon Dioxide Data (https://gml.noaa.gov/ccgg/trends/) and Dr. Ralph Keeling, Scripps Institution of Oceanography, Carbon Dioxide Measurements (https://scrippsco2.ucsd.edu/).",ECCA,Atmospheric Carbon Dioxide Concentrations,"Environment, Climate Change, Climate and Weather, Atmospheric Carbon Dioxide Concentrations",1978M04,337.69
World,,WLD,"Monthly Atmospheric Carbon Dioxide Concentrations, Year on Year Percentage Change",Percent,"Dr. Pieter Tans, National Oceanic and Atmospheric Administration (NOAA). Global Monitoring Laboratory, Trends in Atmospheric Carbon Dioxide Data (https://gml.noaa.gov/ccgg/trends/) and Dr. Ralph Keeling, Scripps Institution of Oceanography, Carbon Dioxide Measurements (https://scrippsco2.ucsd.edu/).",ECCA,Atmospheric Carbon Dioxide Concentrations,"Environment, Climate Change, Climate and Weather, Atmospheric Carbon Dioxide Concentrations",1978M04,0.46
World,,WLD,Monthly Atmospheric Carbon Dioxide Concentrations,Parts Per Million,"Dr. Pieter Tans, National Oceanic and Atmospheric Administration (NOAA). Global Monitoring Laboratory, Trends in Atmospheric Carbon Dioxide Data (https://gml.noaa.gov/ccgg/trends/) and Dr. Ralph Keeling, Scripps Institution of Oceanography, Carbon Dioxide Measurements (https://scrippsco2.ucsd.edu/).",ECCA,Atmospheric Carbon Dioxide Concentrations,"Environment, Climate Change, Climate and Weather, Atmospheric Carbon Dioxide Concentrations",1978M05,338.02
World,,WLD,"Monthly Atmospheric Carbon Dioxide Concentrations, Year on Year Percentage Change",Percent,"Dr. Pieter Tans, National Oceanic and Atmospheric Administration (NOAA). Global Monitoring Laboratory, Trends in Atmospheric Carbon Dioxide Data (https://gml.noaa.gov/ccgg/trends/) and Dr. Ralph Keeling, Scripps Institution of Oceanography, Carbon Dioxide Measurements (https://scrippsco2.ucsd.edu/).",ECCA,Atmospheric Carbon Dioxide Concentrations,"Environment, Climate Change, Climate and Weather, Atmospheric Carbon Dioxide Concentrations",1978M05,0.32
World,,WLD,Monthly Atmospheric Carbon Dioxide Concentrations,Parts Per Million,"Dr. Pieter Tans, National Oceanic and Atmospheric Administration (NOAA). Global Monitoring Laboratory, Trends in Atmospheric Carbon Dioxide Data (https://gml.noaa.gov/ccgg/trends/) and Dr. Ralph Keeling, Scripps Institution of Oceanography, Carbon Dioxide Measurements (https://scrippsco2.ucsd.edu/).",ECCA,Atmospheric Carbon Dioxide Concentrations,"Environment, Climate Change, Climate and Weather, Atmospheric Carbon Dioxide Concentrations",1978M06,338.01
World,,WLD,"Monthly Atmospheric Carbon Dioxide Concentrations, Year on Year Percentage Change",Percent,"Dr. Pieter Tans, National Oceanic and Atmospheric Administration (NOAA). Global Monitoring Laboratory, Trends in Atmospheric Carbon Dioxide Data (https://gml.noaa.gov/ccgg/trends/) and Dr. Ralph Keeling, Scripps Institution of Oceanography, Carbon Dioxide Measurements (https://scrippsco2.ucsd.edu/).",ECCA,Atmospheric Carbon Dioxide Concentrations,"Environment, Climate Change, Climate and Weather, Atmospheric Carbon Dioxide Concentrations",1978M06,0.55
World,,WLD,Monthly Atmospheric Carbon Dioxide Concentrations,Parts Per Million,"Dr. Pieter Tans, National Oceanic and Atmospheric Administration (NOAA). Global Monitoring Laboratory, Trends in Atmospheric Carbon Dioxide Data (https://gml.noaa.gov/ccgg/trends/) and Dr. Ralph Keeling, Scripps Institution of Oceanography, Carbon Dioxide Measurements (https://scrippsco2.ucsd.edu/).",ECCA,Atmospheric Carbon Dioxide Concentrations,"Environment, Climate Change, Climate and Weather, Atmospheric Carbon Dioxide Concentrations",1978M07,336.5
World,,WLD,"Monthly Atmospheric Carbon Dioxide Concentrations, Year on Year Percentage Change",Percent,"Dr. Pieter Tans, National Oceanic and Atmospheric Administration (NOAA). Global Monitoring Laboratory, Trends in Atmospheric Carbon Dioxide Data (https://gml.noaa.gov/ccgg/trends/) and Dr. Ralph Keeling, Scripps Institution of Oceanography, Carbon Dioxide Measurements (https://scrippsco2.ucsd.edu/).",ECCA,Atmospheric Carbon Dioxide Concentrations,"Environment, Climate Change, Climate and Weather, Atmospheric Carbon Dioxide Concentrations",1978M07,0.48
World,,WLD,Monthly Atmospheric Carbon Dioxide Concentrations,Parts Per Million,"Dr. Pieter Tans, National Oceanic and Atmospheric Administration (NOAA). Global Monitoring Laboratory, Trends in Atmospheric Carbon Dioxide Data (https://gml.noaa.gov/ccgg/trends/) and Dr. Ralph Keeling, Scripps Institution of Oceanography, Carbon Dioxide Measurements (https://scrippsco2.ucsd.edu/).",ECCA,Atmospheric Carbon Dioxide Concentrations,"Environment, Climate Change, Climate and Weather, Atmospheric Carbon Dioxide Concentrations",1978M08,334.42
World,,WLD,"Monthly Atmospheric Carbon Dioxide Concentrations, Year on Year Percentage Change",Percent,"Dr. Pieter Tans, National Oceanic and Atmospheric Administration (NOAA). Global Monitoring Laboratory, Trends in Atmospheric Carbon Dioxide Data (https://gml.noaa.gov/ccgg/trends/) and Dr. Ralph Keeling, Scripps Institution of Oceanography, Carbon Dioxide Measurements (https://scrippsco2.ucsd.edu/).",ECCA,Atmospheric Carbon Dioxide Concentrations,"Environment, Climate Change, Climate and Weather, Atmospheric Carbon Dioxide Concentrations",1978M08,0.56
World,,WLD,Monthly Atmospheric Carbon Dioxide Concentrations,Parts Per Million,"Dr. Pieter Tans, National Oceanic and Atmospheric Administration (NOAA). Global Monitoring Laboratory, Trends in Atmospheric Carbon Dioxide Data (https://gml.noaa.gov/ccgg/trends/) and Dr. Ralph Keeling, Scripps Institution of Oceanography, Carbon Dioxide Measurements (https://scrippsco2.ucsd.edu/).",ECCA,Atmospheric Carbon Dioxide Concentrations,"Environment, Climate Change, Climate and Weather, Atmospheric Carbon Dioxide Concentrations",1978M09,332.36
World,,WLD,"Monthly Atmospheric Carbon Dioxide Concentrations, Year on Year Percentage Change",Percent,"Dr. Pieter Tans, National Oceanic and Atmospheric Administration (NOAA). Global Monitoring Laboratory, Trends in Atmospheric Carbon Dioxide Data (https://gml.noaa.gov/ccgg/trends/) and Dr. Ralph Keeling, Scripps Institution of Oceanography, Carbon Dioxide Measurements (https://scrippsco2.ucsd.edu/).",ECCA,Atmospheric Carbon Dioxide Concentrations,"Environment, Climate Change, Climate and Weather, Atmospheric Carbon Dioxide Concentrations",1978M09,0.32
World,,WLD,Monthly Atmospheric Carbon Dioxide Concentrations,Parts Per Million,"Dr. Pieter Tans, National Oceanic and Atmospheric Administration (NOAA). Global Monitoring Laboratory, Trends in Atmospheric Carbon Dioxide Data (https://gml.noaa.gov/ccgg/trends/) and Dr. Ralph Keeling, Scripps Institution of Oceanography, Carbon Dioxide Measurements (https://scrippsco2.ucsd.edu/).",ECCA,Atmospheric Carbon Dioxide Concentrations,"Environment, Climate Change, Climate and Weather, Atmospheric Carbon Dioxide Concentrations",1978M10,332.45
World,,WLD,"Monthly Atmospheric Carbon Dioxide Concentrations, Year on Year Percentage Change",Percent,"Dr. Pieter Tans, National Oceanic and Atmospheric Administration (NOAA). Global Monitoring Laboratory, Trends in Atmospheric Carbon Dioxide Data (https://gml.noaa.gov/ccgg/trends/) and Dr. Ralph Keeling, Scripps Institution of Oceanography, Carbon Dioxide Measurements (https://scrippsco2.ucsd.edu/).",ECCA,Atmospheric Carbon Dioxide Concentrations,"Environment, Climate Change, Climate and Weather, Atmospheric Carbon Dioxide Concentrations",1978M10,0.35
World,,WLD,Monthly Atmospheric Carbon Dioxide Concentrations,Parts Per Million,"Dr. Pieter Tans, National Oceanic and Atmospheric Administration (NOAA). Global Monitoring Laboratory, Trends in Atmospheric Carbon Dioxide Data (https://gml.noaa.gov/ccgg/trends/) and Dr. Ralph Keeling, Scripps Institution of Oceanography, Carbon Dioxide Measurements (https://scrippsco2.ucsd.edu/).",ECCA,Atmospheric Carbon Dioxide Concentrations,"Environment, Climate Change, Climate and Weather, Atmospheric Carbon Dioxide Concentrations",1978M11,333.76
World,,WLD,"Monthly Atmospheric Carbon Dioxide Concentrations, Year on Year Percentage Change",Percent,"Dr. Pieter Tans, National Oceanic and Atmospheric Administration (NOAA). Global Monitoring Laboratory, Trends in Atmospheric Carbon Dioxide Data (https://gml.noaa.gov/ccgg/trends/) and Dr. Ralph Keeling, Scripps Institution of Oceanography, Carbon Dioxide Measurements (https://scrippsco2.ucsd.edu/).",ECCA,Atmospheric Carbon Dioxide Concentrations,"Environment, Climate Change, Climate and Weather, Atmospheric Carbon Dioxide Concentrations",1978M11,0.39
World,,WLD,Monthly Atmospheric Carbon Dioxide Concentrations,Parts Per Million,"Dr. Pieter Tans, National Oceanic and Atmospheric Administration (NOAA). Global Monitoring Laboratory, Trends in Atmospheric Carbon Dioxide Data (https://gml.noaa.gov/ccgg/trends/) and Dr. Ralph Keeling, Scripps Institution of Oceanography, Carbon Dioxide Measurements (https://scrippsco2.ucsd.edu/).",ECCA,Atmospheric Carbon Dioxide Concentrations,"Environment, Climate Change, Climate and Weather, Atmospheric Carbon Dioxide Concentrations",1978M12,334.91
World,,WLD,"Monthly Atmospheric Carbon Dioxide Concentrations, Year on Year Percentage Change",Percent,"Dr. Pieter Tans, National Oceanic and Atmospheric Administration (NOAA). Global Monitoring Laboratory, Trends in Atmospheric Carbon Dioxide Data (https://gml.noaa.gov/ccgg/trends/) and Dr. Ralph Keeling, Scripps Institution of Oceanography, Carbon Dioxide Measurements (https://scrippsco2.ucsd.edu/).",ECCA,Atmospheric Carbon Dioxide Concentrations,"Environment, Climate Change, Climate and Weather, Atmospheric Carbon Dioxide Concentrations",1978M12,0.39
World,,WLD,Monthly Atmospheric Carbon Dioxide Concentrations,Parts Per Million,"Dr. Pieter Tans, National Oceanic and Atmospheric Administration (NOAA). Global Monitoring Laboratory, Trends in Atmospheric Carbon Dioxide Data (https://gml.noaa.gov/ccgg/trends/) and Dr. Ralph Keeling, Scripps Institution of Oceanography, Carbon Dioxide Measurements (https://scrippsco2.ucsd.edu/).",ECCA,Atmospheric Carbon Dioxide Concentrations,"Environment, Climate Change, Climate and Weather, Atmospheric Carbon Dioxide Concentrations",1979M01,336.14
World,,WLD,"Monthly Atmospheric Carbon Dioxide Concentrations, Year on Year Percentage Change",Percent,"Dr. Pieter Tans, National Oceanic and Atmospheric Administration (NOAA). Global Monitoring Laboratory, Trends in Atmospheric Carbon Dioxide Data (https://gml.noaa.gov/ccgg/trends/) and Dr. Ralph Keeling, Scripps Institution of Oceanography, Carbon Dioxide Measurements (https://scrippsco2.ucsd.edu/).",ECCA,Atmospheric Carbon Dioxide Concentrations,"Environment, Climate Change, Climate and Weather, Atmospheric Carbon Dioxide Concentrations",1979M01,0.36
World,,WLD,Monthly Atmospheric Carbon Dioxide Concentrations,Parts Per Million,"Dr. Pieter Tans, National Oceanic and Atmospheric Administration (NOAA). Global Monitoring Laboratory, Trends in Atmospheric Carbon Dioxide Data (https://gml.noaa.gov/ccgg/trends/) and Dr. Ralph Keeling, Scripps Institution of Oceanography, Carbon Dioxide Measurements (https://scrippsco2.ucsd.edu/).",ECCA,Atmospheric Carbon Dioxide Concentrations,"Environment, Climate Change, Climate and Weather, Atmospheric Carbon Dioxide Concentrations",1979M02,336.69
World,,WLD,"Monthly Atmospheric Carbon Dioxide Concentrations, Year on Year Percentage Change",Percent,"Dr. Pieter Tans, National Oceanic and Atmospheric Administration (NOAA). Global Monitoring Laboratory, Trends in Atmospheric Carbon Dioxide Data (https://gml.noaa.gov/ccgg/trends/) and Dr. Ralph Keeling, Scripps Institution of Oceanography, Carbon Dioxide Measurements (https://scrippsco2.ucsd.edu/).",ECCA,Atmospheric Carbon Dioxide Concentrations,"Environment, Climate Change, Climate and Weather, Atmospheric Carbon Dioxide Concentrations",1979M02,0.43
World,,WLD,Monthly Atmospheric Carbon Dioxide Concentrations,Parts Per Million,"Dr. Pieter Tans, National Oceanic and Atmospheric Administration (NOAA). Global Monitoring Laboratory, Trends in Atmospheric Carbon Dioxide Data (https://gml.noaa.gov/ccgg/trends/) and Dr. Ralph Keeling, Scripps Institution of Oceanography, Carbon Dioxide Measurements (https://scrippsco2.ucsd.edu/).",ECCA,Atmospheric Carbon Dioxide Concentrations,"Environment, Climate Change, Climate and Weather, Atmospheric Carbon Dioxide Concentrations",1979M03,338.27
World,,WLD,"Monthly Atmospheric Carbon Dioxide Concentrations, Year on Year Percentage Change",Percent,"Dr. Pieter Tans, National Oceanic and Atmospheric Administration (NOAA). Global Monitoring Laboratory, Trends in Atmospheric Carbon Dioxide Data (https://gml.noaa.gov/ccgg/trends/) and Dr. Ralph Keeling, Scripps Institution of Oceanography, Carbon Dioxide Measurements (https://scrippsco2.ucsd.edu/).",ECCA,Atmospheric Carbon Dioxide Concentrations,"Environment, Climate Change, Climate and Weather, Atmospheric Carbon Dioxide Concentrations",1979M03,0.48
World,,WLD,Monthly Atmospheric Carbon Dioxide Concentrations,Parts Per Million,"Dr. Pieter Tans, National Oceanic and Atmospheric Administration (NOAA). Global Monitoring Laboratory, Trends in Atmospheric Carbon Dioxide Data (https://gml.noaa.gov/ccgg/trends/) and Dr. Ralph Keeling, Scripps Institution of Oceanography, Carbon Dioxide Measurements (https://scrippsco2.ucsd.edu/).",ECCA,Atmospheric Carbon Dioxide Concentrations,"Environment, Climate Change, Climate and Weather, Atmospheric Carbon Dioxide Concentrations",1979M04,338.82
World,,WLD,"Monthly Atmospheric Carbon Dioxide Concentrations, Year on Year Percentage Change",Percent,"Dr. Pieter Tans, National Oceanic and Atmospheric Administration (NOAA). Global Monitoring Laboratory, Trends in Atmospheric Carbon Dioxide Data (https://gml.noaa.gov/ccgg/trends/) and Dr. Ralph Keeling, Scripps Institution of Oceanography, Carbon Dioxide Measurements (https://scrippsco2.ucsd.edu/).",ECCA,Atmospheric Carbon Dioxide Concentrations,"Environment, Climate Change, Climate and Weather, Atmospheric Carbon Dioxide Concentrations",1979M04,0.33
World,,WLD,Monthly Atmospheric Carbon Dioxide Concentrations,Parts Per Million,"Dr. Pieter Tans, National Oceanic and Atmospheric Administration (NOAA). Global Monitoring Laboratory, Trends in Atmospheric Carbon Dioxide Data (https://gml.noaa.gov/ccgg/trends/) and Dr. Ralph Keeling, Scripps Institution of Oceanography, Carbon Dioxide Measurements (https://scrippsco2.ucsd.edu/).",ECCA,Atmospheric Carbon Dioxide Concentrations,"Environment, Climate Change, Climate and Weather, Atmospheric Carbon Dioxide Concentrations",1979M05,339.24
World,,WLD,"Monthly Atmospheric Carbon Dioxide Concentrations, Year on Year Percentage Change",Percent,"Dr. Pieter Tans, National Oceanic and Atmospheric Administration (NOAA). Global Monitoring Laboratory, Trends in Atmospheric Carbon Dioxide Data (https://gml.noaa.gov/ccgg/trends/) and Dr. Ralph Keeling, Scripps Institution of Oceanography, Carbon Dioxide Measurements (https://scrippsco2.ucsd.edu/).",ECCA,Atmospheric Carbon Dioxide Concentrations,"Environment, Climate Change, Climate and Weather, Atmospheric Carbon Dioxide Concentrations",1979M05,0.36
World,,WLD,Monthly Atmospheric Carbon Dioxide Concentrations,Parts Per Million,"Dr. Pieter Tans, National Oceanic and Atmospheric Administration (NOAA). Global Monitoring Laboratory, Trends in Atmospheric Carbon Dioxide Data (https://gml.noaa.gov/ccgg/trends/) and Dr. Ralph Keeling, Scripps Institution of Oceanography, Carbon Dioxide Measurements (https://scrippsco2.ucsd.edu/).",ECCA,Atmospheric Carbon Dioxide Concentrations,"Environment, Climate Change, Climate and Weather, Atmospheric Carbon Dioxide Concentrations",1979M06,339.26
World,,WLD,"Monthly Atmospheric Carbon Dioxide Concentrations, Year on Year Percentage Change",Percent,"Dr. Pieter Tans, National Oceanic and Atmospheric Administration (NOAA). Global Monitoring Laboratory, Trends in Atmospheric Carbon Dioxide Data (https://gml.noaa.gov/ccgg/trends/) and Dr. Ralph Keeling, Scripps Institution of Oceanography, Carbon Dioxide Measurements (https://scrippsco2.ucsd.edu/).",ECCA,Atmospheric Carbon Dioxide Concentrations,"Environment, Climate Change, Climate and Weather, Atmospheric Carbon Dioxide Concentrations",1979M06,0.37
World,,WLD,Monthly Atmospheric Carbon Dioxide Concentrations,Parts Per Million,"Dr. Pieter Tans, National Oceanic and Atmospheric Administration (NOAA). Global Monitoring Laboratory, Trends in Atmospheric Carbon Dioxide Data (https://gml.noaa.gov/ccgg/trends/) and Dr. Ralph Keeling, Scripps Institution of Oceanography, Carbon Dioxide Measurements (https://scrippsco2.ucsd.edu/).",ECCA,Atmospheric Carbon Dioxide Concentrations,"Environment, Climate Change, Climate and Weather, Atmospheric Carbon Dioxide Concentrations",1979M07,337.54
World,,WLD,"Monthly Atmospheric Carbon Dioxide Concentrations, Year on Year Percentage Change",Percent,"Dr. Pieter Tans, National Oceanic and Atmospheric Administration (NOAA). Global Monitoring Laboratory, Trends in Atmospheric Carbon Dioxide Data (https://gml.noaa.gov/ccgg/trends/) and Dr. Ralph Keeling, Scripps Institution of Oceanography, Carbon Dioxide Measurements (https://scrippsco2.ucsd.edu/).",ECCA,Atmospheric Carbon Dioxide Concentrations,"Environment, Climate Change, Climate and Weather, Atmospheric Carbon Dioxide Concentrations",1979M07,0.31
World,,WLD,Monthly Atmospheric Carbon Dioxide Concentrations,Parts Per Million,"Dr. Pieter Tans, National Oceanic and Atmospheric Administration (NOAA). Global Monitoring Laboratory, Trends in Atmospheric Carbon Dioxide Data (https://gml.noaa.gov/ccgg/trends/) and Dr. Ralph Keeling, Scripps Institution of Oceanography, Carbon Dioxide Measurements (https://scrippsco2.ucsd.edu/).",ECCA,Atmospheric Carbon Dioxide Concentrations,"Environment, Climate Change, Climate and Weather, Atmospheric Carbon Dioxide Concentrations",1979M08,335.72
World,,WLD,"Monthly Atmospheric Carbon Dioxide Concentrations, Year on Year Percentage Change",Percent,"Dr. Pieter Tans, National Oceanic and Atmospheric Administration (NOAA). Global Monitoring Laboratory, Trends in Atmospheric Carbon Dioxide Data (https://gml.noaa.gov/ccgg/trends/) and Dr. Ralph Keeling, Scripps Institution of Oceanography, Carbon Dioxide Measurements (https://scrippsco2.ucsd.edu/).",ECCA,Atmospheric Carbon Dioxide Concentrations,"Environment, Climate Change, Climate and Weather, Atmospheric Carbon Dioxide Concentrations",1979M08,0.39
World,,WLD,Monthly Atmospheric Carbon Dioxide Concentrations,Parts Per Million,"Dr. Pieter Tans, National Oceanic and Atmospheric Administration (NOAA). Global Monitoring Laboratory, Trends in Atmospheric Carbon Dioxide Data (https://gml.noaa.gov/ccgg/trends/) and Dr. Ralph Keeling, Scripps Institution of Oceanography, Carbon Dioxide Measurements (https://scrippsco2.ucsd.edu/).",ECCA,Atmospheric Carbon Dioxide Concentrations,"Environment, Climate Change, Climate and Weather, Atmospheric Carbon Dioxide Concentrations",1979M09,333.97
World,,WLD,"Monthly Atmospheric Carbon Dioxide Concentrations, Year on Year Percentage Change",Percent,"Dr. Pieter Tans, National Oceanic and Atmospheric Administration (NOAA). Global Monitoring Laboratory, Trends in Atmospheric Carbon Dioxide Data (https://gml.noaa.gov/ccgg/trends/) and Dr. Ralph Keeling, Scripps Institution of Oceanography, Carbon Dioxide Measurements (https://scrippsco2.ucsd.edu/).",ECCA,Atmospheric Carbon Dioxide Concentrations,"Environment, Climate Change, Climate and Weather, Atmospheric Carbon Dioxide Concentrations",1979M09,0.48
World,,WLD,Monthly Atmospheric Carbon Dioxide Concentrations,Parts Per Million,"Dr. Pieter Tans, National Oceanic and Atmospheric Administration (NOAA). Global Monitoring Laboratory, Trends in Atmospheric Carbon Dioxide Data (https://gml.noaa.gov/ccgg/trends/) and Dr. Ralph Keeling, Scripps Institution of Oceanography, Carbon Dioxide Measurements (https://scrippsco2.ucsd.edu/).",ECCA,Atmospheric Carbon Dioxide Concentrations,"Environment, Climate Change, Climate and Weather, Atmospheric Carbon Dioxide Concentrations",1979M10,334.24
World,,WLD,"Monthly Atmospheric Carbon Dioxide Concentrations, Year on Year Percentage Change",Percent,"Dr. Pieter Tans, National Oceanic and Atmospheric Administration (NOAA). Global Monitoring Laboratory, Trends in Atmospheric Carbon Dioxide Data (https://gml.noaa.gov/ccgg/trends/) and Dr. Ralph Keeling, Scripps Institution of Oceanography, Carbon Dioxide Measurements (https://scrippsco2.ucsd.edu/).",ECCA,Atmospheric Carbon Dioxide Concentrations,"Environment, Climate Change, Climate and Weather, Atmospheric Carbon Dioxide Concentrations",1979M10,0.54
World,,WLD,Monthly Atmospheric Carbon Dioxide Concentrations,Parts Per Million,"Dr. Pieter Tans, National Oceanic and Atmospheric Administration (NOAA). Global Monitoring Laboratory, Trends in Atmospheric Carbon Dioxide Data (https://gml.noaa.gov/ccgg/trends/) and Dr. Ralph Keeling, Scripps Institution of Oceanography, Carbon Dioxide Measurements (https://scrippsco2.ucsd.edu/).",ECCA,Atmospheric Carbon Dioxide Concentrations,"Environment, Climate Change, Climate and Weather, Atmospheric Carbon Dioxide Concentrations",1979M11,335.32
World,,WLD,"Monthly Atmospheric Carbon Dioxide Concentrations, Year on Year Percentage Change",Percent,"Dr. Pieter Tans, National Oceanic and Atmospheric Administration (NOAA). Global Monitoring Laboratory, Trends in Atmospheric Carbon Dioxide Data (https://gml.noaa.gov/ccgg/trends/) and Dr. Ralph Keeling, Scripps Institution of Oceanography, Carbon Dioxide Measurements (https://scrippsco2.ucsd.edu/).",ECCA,Atmospheric Carbon Dioxide Concentrations,"Environment, Climate Change, Climate and Weather, Atmospheric Carbon Dioxide Concentrations",1979M11,0.47
World,,WLD,Monthly Atmospheric Carbon Dioxide Concentrations,Parts Per Million,"Dr. Pieter Tans, National Oceanic and Atmospheric Administration (NOAA). Global Monitoring Laboratory, Trends in Atmospheric Carbon Dioxide Data (https://gml.noaa.gov/ccgg/trends/) and Dr. Ralph Keeling, Scripps Institution of Oceanography, Carbon Dioxide Measurements (https://scrippsco2.ucsd.edu/).",ECCA,Atmospheric Carbon Dioxide Concentrations,"Environment, Climate Change, Climate and Weather, Atmospheric Carbon Dioxide Concentrations",1979M12,336.81
World,,WLD,"Monthly Atmospheric Carbon Dioxide Concentrations, Year on Year Percentage Change",Percent,"Dr. Pieter Tans, National Oceanic and Atmospheric Administration (NOAA). Global Monitoring Laboratory, Trends in Atmospheric Carbon Dioxide Data (https://gml.noaa.gov/ccgg/trends/) and Dr. Ralph Keeling, Scripps Institution of Oceanography, Carbon Dioxide Measurements (https://scrippsco2.ucsd.edu/).",ECCA,Atmospheric Carbon Dioxide Concentrations,"Environment, Climate Change, Climate and Weather, Atmospheric Carbon Dioxide Concentrations",1979M12,0.57
World,,WLD,Monthly Atmospheric Carbon Dioxide Concentrations,Parts Per Million,"Dr. Pieter Tans, National Oceanic and Atmospheric Administration (NOAA). Global Monitoring Laboratory, Trends in Atmospheric Carbon Dioxide Data (https://gml.noaa.gov/ccgg/trends/) and Dr. Ralph Keeling, Scripps Institution of Oceanography, Carbon Dioxide Measurements (https://scrippsco2.ucsd.edu/).",ECCA,Atmospheric Carbon Dioxide Concentrations,"Environment, Climate Change, Climate and Weather, Atmospheric Carbon Dioxide Concentrations",1980M01,337.9
World,,WLD,"Monthly Atmospheric Carbon Dioxide Concentrations, Year on Year Percentage Change",Percent,"Dr. Pieter Tans, National Oceanic and Atmospheric Administration (NOAA). Global Monitoring Laboratory, Trends in Atmospheric Carbon Dioxide Data (https://gml.noaa.gov/ccgg/trends/) and Dr. Ralph Keeling, Scripps Institution of Oceanography, Carbon Dioxide Measurements (https://scrippsco2.ucsd.edu/).",ECCA,Atmospheric Carbon Dioxide Concentrations,"Environment, Climate Change, Climate and Weather, Atmospheric Carbon Dioxide Concentrations",1980M01,0.52
World,,WLD,Monthly Atmospheric Carbon Dioxide Concentrations,Parts Per Million,"Dr. Pieter Tans, National Oceanic and Atmospheric Administration (NOAA). Global Monitoring Laboratory, Trends in Atmospheric Carbon Dioxide Data (https://gml.noaa.gov/ccgg/trends/) and Dr. Ralph Keeling, Scripps Institution of Oceanography, Carbon Dioxide Measurements (https://scrippsco2.ucsd.edu/).",ECCA,Atmospheric Carbon Dioxide Concentrations,"Environment, Climate Change, Climate and Weather, Atmospheric Carbon Dioxide Concentrations",1980M02,338.34
World,,WLD,"Monthly Atmospheric Carbon Dioxide Concentrations, Year on Year Percentage Change",Percent,"Dr. Pieter Tans, National Oceanic and Atmospheric Administration (NOAA). Global Monitoring Laboratory, Trends in Atmospheric Carbon Dioxide Data (https://gml.noaa.gov/ccgg/trends/) and Dr. Ralph Keeling, Scripps Institution of Oceanography, Carbon Dioxide Measurements (https://scrippsco2.ucsd.edu/).",ECCA,Atmospheric Carbon Dioxide Concentrations,"Environment, Climate Change, Climate and Weather, Atmospheric Carbon Dioxide Concentrations",1980M02,0.49
World,,WLD,Monthly Atmospheric Carbon Dioxide Concentrations,Parts Per Million,"Dr. Pieter Tans, National Oceanic and Atmospheric Administration (NOAA). Global Monitoring Laboratory, Trends in Atmospheric Carbon Dioxide Data (https://gml.noaa.gov/ccgg/trends/) and Dr. Ralph Keeling, Scripps Institution of Oceanography, Carbon Dioxide Measurements (https://scrippsco2.ucsd.edu/).",ECCA,Atmospheric Carbon Dioxide Concentrations,"Environment, Climate Change, Climate and Weather, Atmospheric Carbon Dioxide Concentrations",1980M03,340.07
World,,WLD,"Monthly Atmospheric Carbon Dioxide Concentrations, Year on Year Percentage Change",Percent,"Dr. Pieter Tans, National Oceanic and Atmospheric Administration (NOAA). Global Monitoring Laboratory, Trends in Atmospheric Carbon Dioxide Data (https://gml.noaa.gov/ccgg/trends/) and Dr. Ralph Keeling, Scripps Institution of Oceanography, Carbon Dioxide Measurements (https://scrippsco2.ucsd.edu/).",ECCA,Atmospheric Carbon Dioxide Concentrations,"Environment, Climate Change, Climate and Weather, Atmospheric Carbon Dioxide Concentrations",1980M03,0.53
World,,WLD,Monthly Atmospheric Carbon Dioxide Concentrations,Parts Per Million,"Dr. Pieter Tans, National Oceanic and Atmospheric Administration (NOAA). Global Monitoring Laboratory, Trends in Atmospheric Carbon Dioxide Data (https://gml.noaa.gov/ccgg/trends/) and Dr. Ralph Keeling, Scripps Institution of Oceanography, Carbon Dioxide Measurements (https://scrippsco2.ucsd.edu/).",ECCA,Atmospheric Carbon Dioxide Concentrations,"Environment, Climate Change, Climate and Weather, Atmospheric Carbon Dioxide Concentrations",1980M04,340.93
World,,WLD,"Monthly Atmospheric Carbon Dioxide Concentrations, Year on Year Percentage Change",Percent,"Dr. Pieter Tans, National Oceanic and Atmospheric Administration (NOAA). Global Monitoring Laboratory, Trends in Atmospheric Carbon Dioxide Data (https://gml.noaa.gov/ccgg/trends/) and Dr. Ralph Keeling, Scripps Institution of Oceanography, Carbon Dioxide Measurements (https://scrippsco2.ucsd.edu/).",ECCA,Atmospheric Carbon Dioxide Concentrations,"Environment, Climate Change, Climate and Weather, Atmospheric Carbon Dioxide Concentrations",1980M04,0.62
World,,WLD,Monthly Atmospheric Carbon Dioxide Concentrations,Parts Per Million,"Dr. Pieter Tans, National Oceanic and Atmospheric Administration (NOAA). Global Monitoring Laboratory, Trends in Atmospheric Carbon Dioxide Data (https://gml.noaa.gov/ccgg/trends/) and Dr. Ralph Keeling, Scripps Institution of Oceanography, Carbon Dioxide Measurements (https://scrippsco2.ucsd.edu/).",ECCA,Atmospheric Carbon Dioxide Concentrations,"Environment, Climate Change, Climate and Weather, Atmospheric Carbon Dioxide Concentrations",1980M05,341.45
World,,WLD,"Monthly Atmospheric Carbon Dioxide Concentrations, Year on Year Percentage Change",Percent,"Dr. Pieter Tans, National Oceanic and Atmospheric Administration (NOAA). Global Monitoring Laboratory, Trends in Atmospheric Carbon Dioxide Data (https://gml.noaa.gov/ccgg/trends/) and Dr. Ralph Keeling, Scripps Institution of Oceanography, Carbon Dioxide Measurements (https://scrippsco2.ucsd.edu/).",ECCA,Atmospheric Carbon Dioxide Concentrations,"Environment, Climate Change, Climate and Weather, Atmospheric Carbon Dioxide Concentrations",1980M05,0.65
World,,WLD,Monthly Atmospheric Carbon Dioxide Concentrations,Parts Per Million,"Dr. Pieter Tans, National Oceanic and Atmospheric Administration (NOAA). Global Monitoring Laboratory, Trends in Atmospheric Carbon Dioxide Data (https://gml.noaa.gov/ccgg/trends/) and Dr. Ralph Keeling, Scripps Institution of Oceanography, Carbon Dioxide Measurements (https://scrippsco2.ucsd.edu/).",ECCA,Atmospheric Carbon Dioxide Concentrations,"Environment, Climate Change, Climate and Weather, Atmospheric Carbon Dioxide Concentrations",1980M06,341.36
World,,WLD,"Monthly Atmospheric Carbon Dioxide Concentrations, Year on Year Percentage Change",Percent,"Dr. Pieter Tans, National Oceanic and Atmospheric Administration (NOAA). Global Monitoring Laboratory, Trends in Atmospheric Carbon Dioxide Data (https://gml.noaa.gov/ccgg/trends/) and Dr. Ralph Keeling, Scripps Institution of Oceanography, Carbon Dioxide Measurements (https://scrippsco2.ucsd.edu/).",ECCA,Atmospheric Carbon Dioxide Concentrations,"Environment, Climate Change, Climate and Weather, Atmospheric Carbon Dioxide Concentrations",1980M06,0.62
World,,WLD,Monthly Atmospheric Carbon Dioxide Concentrations,Parts Per Million,"Dr. Pieter Tans, National Oceanic and Atmospheric Administration (NOAA). Global Monitoring Laboratory, Trends in Atmospheric Carbon Dioxide Data (https://gml.noaa.gov/ccgg/trends/) and Dr. Ralph Keeling, Scripps Institution of Oceanography, Carbon Dioxide Measurements (https://scrippsco2.ucsd.edu/).",ECCA,Atmospheric Carbon Dioxide Concentrations,"Environment, Climate Change, Climate and Weather, Atmospheric Carbon Dioxide Concentrations",1980M07,339.45
World,,WLD,"Monthly Atmospheric Carbon Dioxide Concentrations, Year on Year Percentage Change",Percent,"Dr. Pieter Tans, National Oceanic and Atmospheric Administration (NOAA). Global Monitoring Laboratory, Trends in Atmospheric Carbon Dioxide Data (https://gml.noaa.gov/ccgg/trends/) and Dr. Ralph Keeling, Scripps Institution of Oceanography, Carbon Dioxide Measurements (https://scrippsco2.ucsd.edu/).",ECCA,Atmospheric Carbon Dioxide Concentrations,"Environment, Climate Change, Climate and Weather, Atmospheric Carbon Dioxide Concentrations",1980M07,0.57
World,,WLD,Monthly Atmospheric Carbon Dioxide Concentrations,Parts Per Million,"Dr. Pieter Tans, National Oceanic and Atmospheric Administration (NOAA). Global Monitoring Laboratory, Trends in Atmospheric Carbon Dioxide Data (https://gml.noaa.gov/ccgg/trends/) and Dr. Ralph Keeling, Scripps Institution of Oceanography, Carbon Dioxide Measurements (https://scrippsco2.ucsd.edu/).",ECCA,Atmospheric Carbon Dioxide Concentrations,"Environment, Climate Change, Climate and Weather, Atmospheric Carbon Dioxide Concentrations",1980M08,337.67
World,,WLD,"Monthly Atmospheric Carbon Dioxide Concentrations, Year on Year Percentage Change",Percent,"Dr. Pieter Tans, National Oceanic and Atmospheric Administration (NOAA). Global Monitoring Laboratory, Trends in Atmospheric Carbon Dioxide Data (https://gml.noaa.gov/ccgg/trends/) and Dr. Ralph Keeling, Scripps Institution of Oceanography, Carbon Dioxide Measurements (https://scrippsco2.ucsd.edu/).",ECCA,Atmospheric Carbon Dioxide Concentrations,"Environment, Climate Change, Climate and Weather, Atmospheric Carbon Dioxide Concentrations",1980M08,0.58
World,,WLD,Monthly Atmospheric Carbon Dioxide Concentrations,Parts Per Million,"Dr. Pieter Tans, National Oceanic and Atmospheric Administration (NOAA). Global Monitoring Laboratory, Trends in Atmospheric Carbon Dioxide Data (https://gml.noaa.gov/ccgg/trends/) and Dr. Ralph Keeling, Scripps Institution of Oceanography, Carbon Dioxide Measurements (https://scrippsco2.ucsd.edu/).",ECCA,Atmospheric Carbon Dioxide Concentrations,"Environment, Climate Change, Climate and Weather, Atmospheric Carbon Dioxide Concentrations",1980M09,336.25
World,,WLD,"Monthly Atmospheric Carbon Dioxide Concentrations, Year on Year Percentage Change",Percent,"Dr. Pieter Tans, National Oceanic and Atmospheric Administration (NOAA). Global Monitoring Laboratory, Trends in Atmospheric Carbon Dioxide Data (https://gml.noaa.gov/ccgg/trends/) and Dr. Ralph Keeling, Scripps Institution of Oceanography, Carbon Dioxide Measurements (https://scrippsco2.ucsd.edu/).",ECCA,Atmospheric Carbon Dioxide Concentrations,"Environment, Climate Change, Climate and Weather, Atmospheric Carbon Dioxide Concentrations",1980M09,0.68
World,,WLD,Monthly Atmospheric Carbon Dioxide Concentrations,Parts Per Million,"Dr. Pieter Tans, National Oceanic and Atmospheric Administration (NOAA). Global Monitoring Laboratory, Trends in Atmospheric Carbon Dioxide Data (https://gml.noaa.gov/ccgg/trends/) and Dr. Ralph Keeling, Scripps Institution of Oceanography, Carbon Dioxide Measurements (https://scrippsco2.ucsd.edu/).",ECCA,Atmospheric Carbon Dioxide Concentrations,"Environment, Climate Change, Climate and Weather, Atmospheric Carbon Dioxide Concentrations",1980M10,336.14
World,,WLD,"Monthly Atmospheric Carbon Dioxide Concentrations, Year on Year Percentage Change",Percent,"Dr. Pieter Tans, National Oceanic and Atmospheric Administration (NOAA). Global Monitoring Laboratory, Trends in Atmospheric Carbon Dioxide Data (https://gml.noaa.gov/ccgg/trends/) and Dr. Ralph Keeling, Scripps Institution of Oceanography, Carbon Dioxide Measurements (https://scrippsco2.ucsd.edu/).",ECCA,Atmospheric Carbon Dioxide Concentrations,"Environment, Climate Change, Climate and Weather, Atmospheric Carbon Dioxide Concentrations",1980M10,0.57
World,,WLD,Monthly Atmospheric Carbon Dioxide Concentrations,Parts Per Million,"Dr. Pieter Tans, National Oceanic and Atmospheric Administration (NOAA). Global Monitoring Laboratory, Trends in Atmospheric Carbon Dioxide Data (https://gml.noaa.gov/ccgg/trends/) and Dr. Ralph Keeling, Scripps Institution of Oceanography, Carbon Dioxide Measurements (https://scrippsco2.ucsd.edu/).",ECCA,Atmospheric Carbon Dioxide Concentrations,"Environment, Climate Change, Climate and Weather, Atmospheric Carbon Dioxide Concentrations",1980M11,337.3
World,,WLD,"Monthly Atmospheric Carbon Dioxide Concentrations, Year on Year Percentage Change",Percent,"Dr. Pieter Tans, National Oceanic and Atmospheric Administration (NOAA). Global Monitoring Laboratory, Trends in Atmospheric Carbon Dioxide Data (https://gml.noaa.gov/ccgg/trends/) and Dr. Ralph Keeling, Scripps Institution of Oceanography, Carbon Dioxide Measurements (https://scrippsco2.ucsd.edu/).",ECCA,Atmospheric Carbon Dioxide Concentrations,"Environment, Climate Change, Climate and Weather, Atmospheric Carbon Dioxide Concentrations",1980M11,0.59
World,,WLD,Monthly Atmospheric Carbon Dioxide Concentrations,Parts Per Million,"Dr. Pieter Tans, National Oceanic and Atmospheric Administration (NOAA). Global Monitoring Laboratory, Trends in Atmospheric Carbon Dioxide Data (https://gml.noaa.gov/ccgg/trends/) and Dr. Ralph Keeling, Scripps Institution of Oceanography, Carbon Dioxide Measurements (https://scrippsco2.ucsd.edu/).",ECCA,Atmospheric Carbon Dioxide Concentrations,"Environment, Climate Change, Climate and Weather, Atmospheric Carbon Dioxide Concentrations",1980M12,338.29
World,,WLD,"Monthly Atmospheric Carbon Dioxide Concentrations, Year on Year Percentage Change",Percent,"Dr. Pieter Tans, National Oceanic and Atmospheric Administration (NOAA). Global Monitoring Laboratory, Trends in Atmospheric Carbon Dioxide Data (https://gml.noaa.gov/ccgg/trends/) and Dr. Ralph Keeling, Scripps Institution of Oceanography, Carbon Dioxide Measurements (https://scrippsco2.ucsd.edu/).",ECCA,Atmospheric Carbon Dioxide Concentrations,"Environment, Climate Change, Climate and Weather, Atmospheric Carbon Dioxide Concentrations",1980M12,0.44
World,,WLD,Monthly Atmospheric Carbon Dioxide Concentrations,Parts Per Million,"Dr. Pieter Tans, National Oceanic and Atmospheric Administration (NOAA). Global Monitoring Laboratory, Trends in Atmospheric Carbon Dioxide Data (https://gml.noaa.gov/ccgg/trends/) and Dr. Ralph Keeling, Scripps Institution of Oceanography, Carbon Dioxide Measurements (https://scrippsco2.ucsd.edu/).",ECCA,Atmospheric Carbon Dioxide Concentrations,"Environment, Climate Change, Climate and Weather, Atmospheric Carbon Dioxide Concentrations",1981M01,339.29
World,,WLD,"Monthly Atmospheric Carbon Dioxide Concentrations, Year on Year Percentage Change",Percent,"Dr. Pieter Tans, National Oceanic and Atmospheric Administration (NOAA). Global Monitoring Laboratory, Trends in Atmospheric Carbon Dioxide Data (https://gml.noaa.gov/ccgg/trends/) and Dr. Ralph Keeling, Scripps Institution of Oceanography, Carbon Dioxide Measurements (https://scrippsco2.ucsd.edu/).",ECCA,Atmospheric Carbon Dioxide Concentrations,"Environment, Climate Change, Climate and Weather, Atmospheric Carbon Dioxide Concentrations",1981M01,0.41
World,,WLD,Monthly Atmospheric Carbon Dioxide Concentrations,Parts Per Million,"Dr. Pieter Tans, National Oceanic and Atmospheric Administration (NOAA). Global Monitoring Laboratory, Trends in Atmospheric Carbon Dioxide Data (https://gml.noaa.gov/ccgg/trends/) and Dr. Ralph Keeling, Scripps Institution of Oceanography, Carbon Dioxide Measurements (https://scrippsco2.ucsd.edu/).",ECCA,Atmospheric Carbon Dioxide Concentrations,"Environment, Climate Change, Climate and Weather, Atmospheric Carbon Dioxide Concentrations",1981M02,340.55
World,,WLD,"Monthly Atmospheric Carbon Dioxide Concentrations, Year on Year Percentage Change",Percent,"Dr. Pieter Tans, National Oceanic and Atmospheric Administration (NOAA). Global Monitoring Laboratory, Trends in Atmospheric Carbon Dioxide Data (https://gml.noaa.gov/ccgg/trends/) and Dr. Ralph Keeling, Scripps Institution of Oceanography, Carbon Dioxide Measurements (https://scrippsco2.ucsd.edu/).",ECCA,Atmospheric Carbon Dioxide Concentrations,"Environment, Climate Change, Climate and Weather, Atmospheric Carbon Dioxide Concentrations",1981M02,0.65
World,,WLD,Monthly Atmospheric Carbon Dioxide Concentrations,Parts Per Million,"Dr. Pieter Tans, National Oceanic and Atmospheric Administration (NOAA). Global Monitoring Laboratory, Trends in Atmospheric Carbon Dioxide Data (https://gml.noaa.gov/ccgg/trends/) and Dr. Ralph Keeling, Scripps Institution of Oceanography, Carbon Dioxide Measurements (https://scrippsco2.ucsd.edu/).",ECCA,Atmospheric Carbon Dioxide Concentrations,"Environment, Climate Change, Climate and Weather, Atmospheric Carbon Dioxide Concentrations",1981M03,341.63
World,,WLD,"Monthly Atmospheric Carbon Dioxide Concentrations, Year on Year Percentage Change",Percent,"Dr. Pieter Tans, National Oceanic and Atmospheric Administration (NOAA). Global Monitoring Laboratory, Trends in Atmospheric Carbon Dioxide Data (https://gml.noaa.gov/ccgg/trends/) and Dr. Ralph Keeling, Scripps Institution of Oceanography, Carbon Dioxide Measurements (https://scrippsco2.ucsd.edu/).",ECCA,Atmospheric Carbon Dioxide Concentrations,"Environment, Climate Change, Climate and Weather, Atmospheric Carbon Dioxide Concentrations",1981M03,0.46
World,,WLD,Monthly Atmospheric Carbon Dioxide Concentrations,Parts Per Million,"Dr. Pieter Tans, National Oceanic and Atmospheric Administration (NOAA). Global Monitoring Laboratory, Trends in Atmospheric Carbon Dioxide Data (https://gml.noaa.gov/ccgg/trends/) and Dr. Ralph Keeling, Scripps Institution of Oceanography, Carbon Dioxide Measurements (https://scrippsco2.ucsd.edu/).",ECCA,Atmospheric Carbon Dioxide Concentrations,"Environment, Climate Change, Climate and Weather, Atmospheric Carbon Dioxide Concentrations",1981M04,342.6
World,,WLD,"Monthly Atmospheric Carbon Dioxide Concentrations, Year on Year Percentage Change",Percent,"Dr. Pieter Tans, National Oceanic and Atmospheric Administration (NOAA). Global Monitoring Laboratory, Trends in Atmospheric Carbon Dioxide Data (https://gml.noaa.gov/ccgg/trends/) and Dr. Ralph Keeling, Scripps Institution of Oceanography, Carbon Dioxide Measurements (https://scrippsco2.ucsd.edu/).",ECCA,Atmospheric Carbon Dioxide Concentrations,"Environment, Climate Change, Climate and Weather, Atmospheric Carbon Dioxide Concentrations",1981M04,0.49
World,,WLD,Monthly Atmospheric Carbon Dioxide Concentrations,Parts Per Million,"Dr. Pieter Tans, National Oceanic and Atmospheric Administration (NOAA). Global Monitoring Laboratory, Trends in Atmospheric Carbon Dioxide Data (https://gml.noaa.gov/ccgg/trends/) and Dr. Ralph Keeling, Scripps Institution of Oceanography, Carbon Dioxide Measurements (https://scrippsco2.ucsd.edu/).",ECCA,Atmospheric Carbon Dioxide Concentrations,"Environment, Climate Change, Climate and Weather, Atmospheric Carbon Dioxide Concentrations",1981M05,343.04
World,,WLD,"Monthly Atmospheric Carbon Dioxide Concentrations, Year on Year Percentage Change",Percent,"Dr. Pieter Tans, National Oceanic and Atmospheric Administration (NOAA). Global Monitoring Laboratory, Trends in Atmospheric Carbon Dioxide Data (https://gml.noaa.gov/ccgg/trends/) and Dr. Ralph Keeling, Scripps Institution of Oceanography, Carbon Dioxide Measurements (https://scrippsco2.ucsd.edu/).",ECCA,Atmospheric Carbon Dioxide Concentrations,"Environment, Climate Change, Climate and Weather, Atmospheric Carbon Dioxide Concentrations",1981M05,0.47
World,,WLD,Monthly Atmospheric Carbon Dioxide Concentrations,Parts Per Million,"Dr. Pieter Tans, National Oceanic and Atmospheric Administration (NOAA). Global Monitoring Laboratory, Trends in Atmospheric Carbon Dioxide Data (https://gml.noaa.gov/ccgg/trends/) and Dr. Ralph Keeling, Scripps Institution of Oceanography, Carbon Dioxide Measurements (https://scrippsco2.ucsd.edu/).",ECCA,Atmospheric Carbon Dioxide Concentrations,"Environment, Climate Change, Climate and Weather, Atmospheric Carbon Dioxide Concentrations",1981M06,342.54
World,,WLD,"Monthly Atmospheric Carbon Dioxide Concentrations, Year on Year Percentage Change",Percent,"Dr. Pieter Tans, National Oceanic and Atmospheric Administration (NOAA). Global Monitoring Laboratory, Trends in Atmospheric Carbon Dioxide Data (https://gml.noaa.gov/ccgg/trends/) and Dr. Ralph Keeling, Scripps Institution of Oceanography, Carbon Dioxide Measurements (https://scrippsco2.ucsd.edu/).",ECCA,Atmospheric Carbon Dioxide Concentrations,"Environment, Climate Change, Climate and Weather, Atmospheric Carbon Dioxide Concentrations",1981M06,0.35
World,,WLD,Monthly Atmospheric Carbon Dioxide Concentrations,Parts Per Million,"Dr. Pieter Tans, National Oceanic and Atmospheric Administration (NOAA). Global Monitoring Laboratory, Trends in Atmospheric Carbon Dioxide Data (https://gml.noaa.gov/ccgg/trends/) and Dr. Ralph Keeling, Scripps Institution of Oceanography, Carbon Dioxide Measurements (https://scrippsco2.ucsd.edu/).",ECCA,Atmospheric Carbon Dioxide Concentrations,"Environment, Climate Change, Climate and Weather, Atmospheric Carbon Dioxide Concentrations",1981M07,340.82
World,,WLD,"Monthly Atmospheric Carbon Dioxide Concentrations, Year on Year Percentage Change",Percent,"Dr. Pieter Tans, National Oceanic and Atmospheric Administration (NOAA). Global Monitoring Laboratory, Trends in Atmospheric Carbon Dioxide Data (https://gml.noaa.gov/ccgg/trends/) and Dr. Ralph Keeling, Scripps Institution of Oceanography, Carbon Dioxide Measurements (https://scrippsco2.ucsd.edu/).",ECCA,Atmospheric Carbon Dioxide Concentrations,"Environment, Climate Change, Climate and Weather, Atmospheric Carbon Dioxide Concentrations",1981M07,0.4
World,,WLD,Monthly Atmospheric Carbon Dioxide Concentrations,Parts Per Million,"Dr. Pieter Tans, National Oceanic and Atmospheric Administration (NOAA). Global Monitoring Laboratory, Trends in Atmospheric Carbon Dioxide Data (https://gml.noaa.gov/ccgg/trends/) and Dr. Ralph Keeling, Scripps Institution of Oceanography, Carbon Dioxide Measurements (https://scrippsco2.ucsd.edu/).",ECCA,Atmospheric Carbon Dioxide Concentrations,"Environment, Climate Change, Climate and Weather, Atmospheric Carbon Dioxide Concentrations",1981M08,338.48
World,,WLD,"Monthly Atmospheric Carbon Dioxide Concentrations, Year on Year Percentage Change",Percent,"Dr. Pieter Tans, National Oceanic and Atmospheric Administration (NOAA). Global Monitoring Laboratory, Trends in Atmospheric Carbon Dioxide Data (https://gml.noaa.gov/ccgg/trends/) and Dr. Ralph Keeling, Scripps Institution of Oceanography, Carbon Dioxide Measurements (https://scrippsco2.ucsd.edu/).",ECCA,Atmospheric Carbon Dioxide Concentrations,"Environment, Climate Change, Climate and Weather, Atmospheric Carbon Dioxide Concentrations",1981M08,0.24
World,,WLD,Monthly Atmospheric Carbon Dioxide Concentrations,Parts Per Million,"Dr. Pieter Tans, National Oceanic and Atmospheric Administration (NOAA). Global Monitoring Laboratory, Trends in Atmospheric Carbon Dioxide Data (https://gml.noaa.gov/ccgg/trends/) and Dr. Ralph Keeling, Scripps Institution of Oceanography, Carbon Dioxide Measurements (https://scrippsco2.ucsd.edu/).",ECCA,Atmospheric Carbon Dioxide Concentrations,"Environment, Climate Change, Climate and Weather, Atmospheric Carbon Dioxide Concentrations",1981M09,336.95
World,,WLD,"Monthly Atmospheric Carbon Dioxide Concentrations, Year on Year Percentage Change",Percent,"Dr. Pieter Tans, National Oceanic and Atmospheric Administration (NOAA). Global Monitoring Laboratory, Trends in Atmospheric Carbon Dioxide Data (https://gml.noaa.gov/ccgg/trends/) and Dr. Ralph Keeling, Scripps Institution of Oceanography, Carbon Dioxide Measurements (https://scrippsco2.ucsd.edu/).",ECCA,Atmospheric Carbon Dioxide Concentrations,"Environment, Climate Change, Climate and Weather, Atmospheric Carbon Dioxide Concentrations",1981M09,0.21
World,,WLD,Monthly Atmospheric Carbon Dioxide Concentrations,Parts Per Million,"Dr. Pieter Tans, National Oceanic and Atmospheric Administration (NOAA). Global Monitoring Laboratory, Trends in Atmospheric Carbon Dioxide Data (https://gml.noaa.gov/ccgg/trends/) and Dr. Ralph Keeling, Scripps Institution of Oceanography, Carbon Dioxide Measurements (https://scrippsco2.ucsd.edu/).",ECCA,Atmospheric Carbon Dioxide Concentrations,"Environment, Climate Change, Climate and Weather, Atmospheric Carbon Dioxide Concentrations",1981M10,337.05
World,,WLD,"Monthly Atmospheric Carbon Dioxide Concentrations, Year on Year Percentage Change",Percent,"Dr. Pieter Tans, National Oceanic and Atmospheric Administration (NOAA). Global Monitoring Laboratory, Trends in Atmospheric Carbon Dioxide Data (https://gml.noaa.gov/ccgg/trends/) and Dr. Ralph Keeling, Scripps Institution of Oceanography, Carbon Dioxide Measurements (https://scrippsco2.ucsd.edu/).",ECCA,Atmospheric Carbon Dioxide Concentrations,"Environment, Climate Change, Climate and Weather, Atmospheric Carbon Dioxide Concentrations",1981M10,0.27
World,,WLD,Monthly Atmospheric Carbon Dioxide Concentrations,Parts Per Million,"Dr. Pieter Tans, National Oceanic and Atmospheric Administration (NOAA). Global Monitoring Laboratory, Trends in Atmospheric Carbon Dioxide Data (https://gml.noaa.gov/ccgg/trends/) and Dr. Ralph Keeling, Scripps Institution of Oceanography, Carbon Dioxide Measurements (https://scrippsco2.ucsd.edu/).",ECCA,Atmospheric Carbon Dioxide Concentrations,"Environment, Climate Change, Climate and Weather, Atmospheric Carbon Dioxide Concentrations",1981M11,338.57
World,,WLD,"Monthly Atmospheric Carbon Dioxide Concentrations, Year on Year Percentage Change",Percent,"Dr. Pieter Tans, National Oceanic and Atmospheric Administration (NOAA). Global Monitoring Laboratory, Trends in Atmospheric Carbon Dioxide Data (https://gml.noaa.gov/ccgg/trends/) and Dr. Ralph Keeling, Scripps Institution of Oceanography, Carbon Dioxide Measurements (https://scrippsco2.ucsd.edu/).",ECCA,Atmospheric Carbon Dioxide Concentrations,"Environment, Climate Change, Climate and Weather, Atmospheric Carbon Dioxide Concentrations",1981M11,0.38
World,,WLD,Monthly Atmospheric Carbon Dioxide Concentrations,Parts Per Million,"Dr. Pieter Tans, National Oceanic and Atmospheric Administration (NOAA). Global Monitoring Laboratory, Trends in Atmospheric Carbon Dioxide Data (https://gml.noaa.gov/ccgg/trends/) and Dr. Ralph Keeling, Scripps Institution of Oceanography, Carbon Dioxide Measurements (https://scrippsco2.ucsd.edu/).",ECCA,Atmospheric Carbon Dioxide Concentrations,"Environment, Climate Change, Climate and Weather, Atmospheric Carbon Dioxide Concentrations",1981M12,339.91
World,,WLD,"Monthly Atmospheric Carbon Dioxide Concentrations, Year on Year Percentage Change",Percent,"Dr. Pieter Tans, National Oceanic and Atmospheric Administration (NOAA). Global Monitoring Laboratory, Trends in Atmospheric Carbon Dioxide Data (https://gml.noaa.gov/ccgg/trends/) and Dr. Ralph Keeling, Scripps Institution of Oceanography, Carbon Dioxide Measurements (https://scrippsco2.ucsd.edu/).",ECCA,Atmospheric Carbon Dioxide Concentrations,"Environment, Climate Change, Climate and Weather, Atmospheric Carbon Dioxide Concentrations",1981M12,0.48
World,,WLD,Monthly Atmospheric Carbon Dioxide Concentrations,Parts Per Million,"Dr. Pieter Tans, National Oceanic and Atmospheric Administration (NOAA). Global Monitoring Laboratory, Trends in Atmospheric Carbon Dioxide Data (https://gml.noaa.gov/ccgg/trends/) and Dr. Ralph Keeling, Scripps Institution of Oceanography, Carbon Dioxide Measurements (https://scrippsco2.ucsd.edu/).",ECCA,Atmospheric Carbon Dioxide Concentrations,"Environment, Climate Change, Climate and Weather, Atmospheric Carbon Dioxide Concentrations",1982M01,340.93
World,,WLD,"Monthly Atmospheric Carbon Dioxide Concentrations, Year on Year Percentage Change",Percent,"Dr. Pieter Tans, National Oceanic and Atmospheric Administration (NOAA). Global Monitoring Laboratory, Trends in Atmospheric Carbon Dioxide Data (https://gml.noaa.gov/ccgg/trends/) and Dr. Ralph Keeling, Scripps Institution of Oceanography, Carbon Dioxide Measurements (https://scrippsco2.ucsd.edu/).",ECCA,Atmospheric Carbon Dioxide Concentrations,"Environment, Climate Change, Climate and Weather, Atmospheric Carbon Dioxide Concentrations",1982M01,0.48
World,,WLD,Monthly Atmospheric Carbon Dioxide Concentrations,Parts Per Million,"Dr. Pieter Tans, National Oceanic and Atmospheric Administration (NOAA). Global Monitoring Laboratory, Trends in Atmospheric Carbon Dioxide Data (https://gml.noaa.gov/ccgg/trends/) and Dr. Ralph Keeling, Scripps Institution of Oceanography, Carbon Dioxide Measurements (https://scrippsco2.ucsd.edu/).",ECCA,Atmospheric Carbon Dioxide Concentrations,"Environment, Climate Change, Climate and Weather, Atmospheric Carbon Dioxide Concentrations",1982M02,341.76
World,,WLD,"Monthly Atmospheric Carbon Dioxide Concentrations, Year on Year Percentage Change",Percent,"Dr. Pieter Tans, National Oceanic and Atmospheric Administration (NOAA). Global Monitoring Laboratory, Trends in Atmospheric Carbon Dioxide Data (https://gml.noaa.gov/ccgg/trends/) and Dr. Ralph Keeling, Scripps Institution of Oceanography, Carbon Dioxide Measurements (https://scrippsco2.ucsd.edu/).",ECCA,Atmospheric Carbon Dioxide Concentrations,"Environment, Climate Change, Climate and Weather, Atmospheric Carbon Dioxide Concentrations",1982M02,0.36
World,,WLD,Monthly Atmospheric Carbon Dioxide Concentrations,Parts Per Million,"Dr. Pieter Tans, National Oceanic and Atmospheric Administration (NOAA). Global Monitoring Laboratory, Trends in Atmospheric Carbon Dioxide Data (https://gml.noaa.gov/ccgg/trends/) and Dr. Ralph Keeling, Scripps Institution of Oceanography, Carbon Dioxide Measurements (https://scrippsco2.ucsd.edu/).",ECCA,Atmospheric Carbon Dioxide Concentrations,"Environment, Climate Change, Climate and Weather, Atmospheric Carbon Dioxide Concentrations",1982M03,342.78
World,,WLD,"Monthly Atmospheric Carbon Dioxide Concentrations, Year on Year Percentage Change",Percent,"Dr. Pieter Tans, National Oceanic and Atmospheric Administration (NOAA). Global Monitoring Laboratory, Trends in Atmospheric Carbon Dioxide Data (https://gml.noaa.gov/ccgg/trends/) and Dr. Ralph Keeling, Scripps Institution of Oceanography, Carbon Dioxide Measurements (https://scrippsco2.ucsd.edu/).",ECCA,Atmospheric Carbon Dioxide Concentrations,"Environment, Climate Change, Climate and Weather, Atmospheric Carbon Dioxide Concentrations",1982M03,0.34
World,,WLD,Monthly Atmospheric Carbon Dioxide Concentrations,Parts Per Million,"Dr. Pieter Tans, National Oceanic and Atmospheric Administration (NOAA). Global Monitoring Laboratory, Trends in Atmospheric Carbon Dioxide Data (https://gml.noaa.gov/ccgg/trends/) and Dr. Ralph Keeling, Scripps Institution of Oceanography, Carbon Dioxide Measurements (https://scrippsco2.ucsd.edu/).",ECCA,Atmospheric Carbon Dioxide Concentrations,"Environment, Climate Change, Climate and Weather, Atmospheric Carbon Dioxide Concentrations",1982M04,343.96
World,,WLD,"Monthly Atmospheric Carbon Dioxide Concentrations, Year on Year Percentage Change",Percent,"Dr. Pieter Tans, National Oceanic and Atmospheric Administration (NOAA). Global Monitoring Laboratory, Trends in Atmospheric Carbon Dioxide Data (https://gml.noaa.gov/ccgg/trends/) and Dr. Ralph Keeling, Scripps Institution of Oceanography, Carbon Dioxide Measurements (https://scrippsco2.ucsd.edu/).",ECCA,Atmospheric Carbon Dioxide Concentrations,"Environment, Climate Change, Climate and Weather, Atmospheric Carbon Dioxide Concentrations",1982M04,0.4
World,,WLD,Monthly Atmospheric Carbon Dioxide Concentrations,Parts Per Million,"Dr. Pieter Tans, National Oceanic and Atmospheric Administration (NOAA). Global Monitoring Laboratory, Trends in Atmospheric Carbon Dioxide Data (https://gml.noaa.gov/ccgg/trends/) and Dr. Ralph Keeling, Scripps Institution of Oceanography, Carbon Dioxide Measurements (https://scrippsco2.ucsd.edu/).",ECCA,Atmospheric Carbon Dioxide Concentrations,"Environment, Climate Change, Climate and Weather, Atmospheric Carbon Dioxide Concentrations",1982M05,344.77
World,,WLD,"Monthly Atmospheric Carbon Dioxide Concentrations, Year on Year Percentage Change",Percent,"Dr. Pieter Tans, National Oceanic and Atmospheric Administration (NOAA). Global Monitoring Laboratory, Trends in Atmospheric Carbon Dioxide Data (https://gml.noaa.gov/ccgg/trends/) and Dr. Ralph Keeling, Scripps Institution of Oceanography, Carbon Dioxide Measurements (https://scrippsco2.ucsd.edu/).",ECCA,Atmospheric Carbon Dioxide Concentrations,"Environment, Climate Change, Climate and Weather, Atmospheric Carbon Dioxide Concentrations",1982M05,0.5
World,,WLD,Monthly Atmospheric Carbon Dioxide Concentrations,Parts Per Million,"Dr. Pieter Tans, National Oceanic and Atmospheric Administration (NOAA). Global Monitoring Laboratory, Trends in Atmospheric Carbon Dioxide Data (https://gml.noaa.gov/ccgg/trends/) and Dr. Ralph Keeling, Scripps Institution of Oceanography, Carbon Dioxide Measurements (https://scrippsco2.ucsd.edu/).",ECCA,Atmospheric Carbon Dioxide Concentrations,"Environment, Climate Change, Climate and Weather, Atmospheric Carbon Dioxide Concentrations",1982M06,343.88
World,,WLD,"Monthly Atmospheric Carbon Dioxide Concentrations, Year on Year Percentage Change",Percent,"Dr. Pieter Tans, National Oceanic and Atmospheric Administration (NOAA). Global Monitoring Laboratory, Trends in Atmospheric Carbon Dioxide Data (https://gml.noaa.gov/ccgg/trends/) and Dr. Ralph Keeling, Scripps Institution of Oceanography, Carbon Dioxide Measurements (https://scrippsco2.ucsd.edu/).",ECCA,Atmospheric Carbon Dioxide Concentrations,"Environment, Climate Change, Climate and Weather, Atmospheric Carbon Dioxide Concentrations",1982M06,0.39
World,,WLD,Monthly Atmospheric Carbon Dioxide Concentrations,Parts Per Million,"Dr. Pieter Tans, National Oceanic and Atmospheric Administration (NOAA). Global Monitoring Laboratory, Trends in Atmospheric Carbon Dioxide Data (https://gml.noaa.gov/ccgg/trends/) and Dr. Ralph Keeling, Scripps Institution of Oceanography, Carbon Dioxide Measurements (https://scrippsco2.ucsd.edu/).",ECCA,Atmospheric Carbon Dioxide Concentrations,"Environment, Climate Change, Climate and Weather, Atmospheric Carbon Dioxide Concentrations",1982M07,342.42
World,,WLD,"Monthly Atmospheric Carbon Dioxide Concentrations, Year on Year Percentage Change",Percent,"Dr. Pieter Tans, National Oceanic and Atmospheric Administration (NOAA). Global Monitoring Laboratory, Trends in Atmospheric Carbon Dioxide Data (https://gml.noaa.gov/ccgg/trends/) and Dr. Ralph Keeling, Scripps Institution of Oceanography, Carbon Dioxide Measurements (https://scrippsco2.ucsd.edu/).",ECCA,Atmospheric Carbon Dioxide Concentrations,"Environment, Climate Change, Climate and Weather, Atmospheric Carbon Dioxide Concentrations",1982M07,0.47
World,,WLD,Monthly Atmospheric Carbon Dioxide Concentrations,Parts Per Million,"Dr. Pieter Tans, National Oceanic and Atmospheric Administration (NOAA). Global Monitoring Laboratory, Trends in Atmospheric Carbon Dioxide Data (https://gml.noaa.gov/ccgg/trends/) and Dr. Ralph Keeling, Scripps Institution of Oceanography, Carbon Dioxide Measurements (https://scrippsco2.ucsd.edu/).",ECCA,Atmospheric Carbon Dioxide Concentrations,"Environment, Climate Change, Climate and Weather, Atmospheric Carbon Dioxide Concentrations",1982M08,340.24
World,,WLD,"Monthly Atmospheric Carbon Dioxide Concentrations, Year on Year Percentage Change",Percent,"Dr. Pieter Tans, National Oceanic and Atmospheric Administration (NOAA). Global Monitoring Laboratory, Trends in Atmospheric Carbon Dioxide Data (https://gml.noaa.gov/ccgg/trends/) and Dr. Ralph Keeling, Scripps Institution of Oceanography, Carbon Dioxide Measurements (https://scrippsco2.ucsd.edu/).",ECCA,Atmospheric Carbon Dioxide Concentrations,"Environment, Climate Change, Climate and Weather, Atmospheric Carbon Dioxide Concentrations",1982M08,0.52
World,,WLD,Monthly Atmospheric Carbon Dioxide Concentrations,Parts Per Million,"Dr. Pieter Tans, National Oceanic and Atmospheric Administration (NOAA). Global Monitoring Laboratory, Trends in Atmospheric Carbon Dioxide Data (https://gml.noaa.gov/ccgg/trends/) and Dr. Ralph Keeling, Scripps Institution of Oceanography, Carbon Dioxide Measurements (https://scrippsco2.ucsd.edu/).",ECCA,Atmospheric Carbon Dioxide Concentrations,"Environment, Climate Change, Climate and Weather, Atmospheric Carbon Dioxide Concentrations",1982M09,338.37
World,,WLD,"Monthly Atmospheric Carbon Dioxide Concentrations, Year on Year Percentage Change",Percent,"Dr. Pieter Tans, National Oceanic and Atmospheric Administration (NOAA). Global Monitoring Laboratory, Trends in Atmospheric Carbon Dioxide Data (https://gml.noaa.gov/ccgg/trends/) and Dr. Ralph Keeling, Scripps Institution of Oceanography, Carbon Dioxide Measurements (https://scrippsco2.ucsd.edu/).",ECCA,Atmospheric Carbon Dioxide Concentrations,"Environment, Climate Change, Climate and Weather, Atmospheric Carbon Dioxide Concentrations",1982M09,0.42
World,,WLD,Monthly Atmospheric Carbon Dioxide Concentrations,Parts Per Million,"Dr. Pieter Tans, National Oceanic and Atmospheric Administration (NOAA). Global Monitoring Laboratory, Trends in Atmospheric Carbon Dioxide Data (https://gml.noaa.gov/ccgg/trends/) and Dr. Ralph Keeling, Scripps Institution of Oceanography, Carbon Dioxide Measurements (https://scrippsco2.ucsd.edu/).",ECCA,Atmospheric Carbon Dioxide Concentrations,"Environment, Climate Change, Climate and Weather, Atmospheric Carbon Dioxide Concentrations",1982M10,338.41
World,,WLD,"Monthly Atmospheric Carbon Dioxide Concentrations, Year on Year Percentage Change",Percent,"Dr. Pieter Tans, National Oceanic and Atmospheric Administration (NOAA). Global Monitoring Laboratory, Trends in Atmospheric Carbon Dioxide Data (https://gml.noaa.gov/ccgg/trends/) and Dr. Ralph Keeling, Scripps Institution of Oceanography, Carbon Dioxide Measurements (https://scrippsco2.ucsd.edu/).",ECCA,Atmospheric Carbon Dioxide Concentrations,"Environment, Climate Change, Climate and Weather, Atmospheric Carbon Dioxide Concentrations",1982M10,0.4
World,,WLD,Monthly Atmospheric Carbon Dioxide Concentrations,Parts Per Million,"Dr. Pieter Tans, National Oceanic and Atmospheric Administration (NOAA). Global Monitoring Laboratory, Trends in Atmospheric Carbon Dioxide Data (https://gml.noaa.gov/ccgg/trends/) and Dr. Ralph Keeling, Scripps Institution of Oceanography, Carbon Dioxide Measurements (https://scrippsco2.ucsd.edu/).",ECCA,Atmospheric Carbon Dioxide Concentrations,"Environment, Climate Change, Climate and Weather, Atmospheric Carbon Dioxide Concentrations",1982M11,339.44
World,,WLD,"Monthly Atmospheric Carbon Dioxide Concentrations, Year on Year Percentage Change",Percent,"Dr. Pieter Tans, National Oceanic and Atmospheric Administration (NOAA). Global Monitoring Laboratory, Trends in Atmospheric Carbon Dioxide Data (https://gml.noaa.gov/ccgg/trends/) and Dr. Ralph Keeling, Scripps Institution of Oceanography, Carbon Dioxide Measurements (https://scrippsco2.ucsd.edu/).",ECCA,Atmospheric Carbon Dioxide Concentrations,"Environment, Climate Change, Climate and Weather, Atmospheric Carbon Dioxide Concentrations",1982M11,0.26
World,,WLD,Monthly Atmospheric Carbon Dioxide Concentrations,Parts Per Million,"Dr. Pieter Tans, National Oceanic and Atmospheric Administration (NOAA). Global Monitoring Laboratory, Trends in Atmospheric Carbon Dioxide Data (https://gml.noaa.gov/ccgg/trends/) and Dr. Ralph Keeling, Scripps Institution of Oceanography, Carbon Dioxide Measurements (https://scrippsco2.ucsd.edu/).",ECCA,Atmospheric Carbon Dioxide Concentrations,"Environment, Climate Change, Climate and Weather, Atmospheric Carbon Dioxide Concentrations",1982M12,340.78
World,,WLD,"Monthly Atmospheric Carbon Dioxide Concentrations, Year on Year Percentage Change",Percent,"Dr. Pieter Tans, National Oceanic and Atmospheric Administration (NOAA). Global Monitoring Laboratory, Trends in Atmospheric Carbon Dioxide Data (https://gml.noaa.gov/ccgg/trends/) and Dr. Ralph Keeling, Scripps Institution of Oceanography, Carbon Dioxide Measurements (https://scrippsco2.ucsd.edu/).",ECCA,Atmospheric Carbon Dioxide Concentrations,"Environment, Climate Change, Climate and Weather, Atmospheric Carbon Dioxide Concentrations",1982M12,0.26
World,,WLD,Monthly Atmospheric Carbon Dioxide Concentrations,Parts Per Million,"Dr. Pieter Tans, National Oceanic and Atmospheric Administration (NOAA). Global Monitoring Laboratory, Trends in Atmospheric Carbon Dioxide Data (https://gml.noaa.gov/ccgg/trends/) and Dr. Ralph Keeling, Scripps Institution of Oceanography, Carbon Dioxide Measurements (https://scrippsco2.ucsd.edu/).",ECCA,Atmospheric Carbon Dioxide Concentrations,"Environment, Climate Change, Climate and Weather, Atmospheric Carbon Dioxide Concentrations",1983M01,341.57
World,,WLD,"Monthly Atmospheric Carbon Dioxide Concentrations, Year on Year Percentage Change",Percent,"Dr. Pieter Tans, National Oceanic and Atmospheric Administration (NOAA). Global Monitoring Laboratory, Trends in Atmospheric Carbon Dioxide Data (https://gml.noaa.gov/ccgg/trends/) and Dr. Ralph Keeling, Scripps Institution of Oceanography, Carbon Dioxide Measurements (https://scrippsco2.ucsd.edu/).",ECCA,Atmospheric Carbon Dioxide Concentrations,"Environment, Climate Change, Climate and Weather, Atmospheric Carbon Dioxide Concentrations",1983M01,0.19
World,,WLD,Monthly Atmospheric Carbon Dioxide Concentrations,Parts Per Million,"Dr. Pieter Tans, National Oceanic and Atmospheric Administration (NOAA). Global Monitoring Laboratory, Trends in Atmospheric Carbon Dioxide Data (https://gml.noaa.gov/ccgg/trends/) and Dr. Ralph Keeling, Scripps Institution of Oceanography, Carbon Dioxide Measurements (https://scrippsco2.ucsd.edu/).",ECCA,Atmospheric Carbon Dioxide Concentrations,"Environment, Climate Change, Climate and Weather, Atmospheric Carbon Dioxide Concentrations",1983M02,342.78
World,,WLD,"Monthly Atmospheric Carbon Dioxide Concentrations, Year on Year Percentage Change",Percent,"Dr. Pieter Tans, National Oceanic and Atmospheric Administration (NOAA). Global Monitoring Laboratory, Trends in Atmospheric Carbon Dioxide Data (https://gml.noaa.gov/ccgg/trends/) and Dr. Ralph Keeling, Scripps Institution of Oceanography, Carbon Dioxide Measurements (https://scrippsco2.ucsd.edu/).",ECCA,Atmospheric Carbon Dioxide Concentrations,"Environment, Climate Change, Climate and Weather, Atmospheric Carbon Dioxide Concentrations",1983M02,0.3
World,,WLD,Monthly Atmospheric Carbon Dioxide Concentrations,Parts Per Million,"Dr. Pieter Tans, National Oceanic and Atmospheric Administration (NOAA). Global Monitoring Laboratory, Trends in Atmospheric Carbon Dioxide Data (https://gml.noaa.gov/ccgg/trends/) and Dr. Ralph Keeling, Scripps Institution of Oceanography, Carbon Dioxide Measurements (https://scrippsco2.ucsd.edu/).",ECCA,Atmospheric Carbon Dioxide Concentrations,"Environment, Climate Change, Climate and Weather, Atmospheric Carbon Dioxide Concentrations",1983M03,343.37
World,,WLD,"Monthly Atmospheric Carbon Dioxide Concentrations, Year on Year Percentage Change",Percent,"Dr. Pieter Tans, National Oceanic and Atmospheric Administration (NOAA). Global Monitoring Laboratory, Trends in Atmospheric Carbon Dioxide Data (https://gml.noaa.gov/ccgg/trends/) and Dr. Ralph Keeling, Scripps Institution of Oceanography, Carbon Dioxide Measurements (https://scrippsco2.ucsd.edu/).",ECCA,Atmospheric Carbon Dioxide Concentrations,"Environment, Climate Change, Climate and Weather, Atmospheric Carbon Dioxide Concentrations",1983M03,0.17
World,,WLD,Monthly Atmospheric Carbon Dioxide Concentrations,Parts Per Million,"Dr. Pieter Tans, National Oceanic and Atmospheric Administration (NOAA). Global Monitoring Laboratory, Trends in Atmospheric Carbon Dioxide Data (https://gml.noaa.gov/ccgg/trends/) and Dr. Ralph Keeling, Scripps Institution of Oceanography, Carbon Dioxide Measurements (https://scrippsco2.ucsd.edu/).",ECCA,Atmospheric Carbon Dioxide Concentrations,"Environment, Climate Change, Climate and Weather, Atmospheric Carbon Dioxide Concentrations",1983M04,345.4
World,,WLD,"Monthly Atmospheric Carbon Dioxide Concentrations, Year on Year Percentage Change",Percent,"Dr. Pieter Tans, National Oceanic and Atmospheric Administration (NOAA). Global Monitoring Laboratory, Trends in Atmospheric Carbon Dioxide Data (https://gml.noaa.gov/ccgg/trends/) and Dr. Ralph Keeling, Scripps Institution of Oceanography, Carbon Dioxide Measurements (https://scrippsco2.ucsd.edu/).",ECCA,Atmospheric Carbon Dioxide Concentrations,"Environment, Climate Change, Climate and Weather, Atmospheric Carbon Dioxide Concentrations",1983M04,0.42
World,,WLD,Monthly Atmospheric Carbon Dioxide Concentrations,Parts Per Million,"Dr. Pieter Tans, National Oceanic and Atmospheric Administration (NOAA). Global Monitoring Laboratory, Trends in Atmospheric Carbon Dioxide Data (https://gml.noaa.gov/ccgg/trends/) and Dr. Ralph Keeling, Scripps Institution of Oceanography, Carbon Dioxide Measurements (https://scrippsco2.ucsd.edu/).",ECCA,Atmospheric Carbon Dioxide Concentrations,"Environment, Climate Change, Climate and Weather, Atmospheric Carbon Dioxide Concentrations",1983M05,346.14
World,,WLD,"Monthly Atmospheric Carbon Dioxide Concentrations, Year on Year Percentage Change",Percent,"Dr. Pieter Tans, National Oceanic and Atmospheric Administration (NOAA). Global Monitoring Laboratory, Trends in Atmospheric Carbon Dioxide Data (https://gml.noaa.gov/ccgg/trends/) and Dr. Ralph Keeling, Scripps Institution of Oceanography, Carbon Dioxide Measurements (https://scrippsco2.ucsd.edu/).",ECCA,Atmospheric Carbon Dioxide Concentrations,"Environment, Climate Change, Climate and Weather, Atmospheric Carbon Dioxide Concentrations",1983M05,0.4
World,,WLD,Monthly Atmospheric Carbon Dioxide Concentrations,Parts Per Million,"Dr. Pieter Tans, National Oceanic and Atmospheric Administration (NOAA). Global Monitoring Laboratory, Trends in Atmospheric Carbon Dioxide Data (https://gml.noaa.gov/ccgg/trends/) and Dr. Ralph Keeling, Scripps Institution of Oceanography, Carbon Dioxide Measurements (https://scrippsco2.ucsd.edu/).",ECCA,Atmospheric Carbon Dioxide Concentrations,"Environment, Climate Change, Climate and Weather, Atmospheric Carbon Dioxide Concentrations",1983M06,345.76
World,,WLD,"Monthly Atmospheric Carbon Dioxide Concentrations, Year on Year Percentage Change",Percent,"Dr. Pieter Tans, National Oceanic and Atmospheric Administration (NOAA). Global Monitoring Laboratory, Trends in Atmospheric Carbon Dioxide Data (https://gml.noaa.gov/ccgg/trends/) and Dr. Ralph Keeling, Scripps Institution of Oceanography, Carbon Dioxide Measurements (https://scrippsco2.ucsd.edu/).",ECCA,Atmospheric Carbon Dioxide Concentrations,"Environment, Climate Change, Climate and Weather, Atmospheric Carbon Dioxide Concentrations",1983M06,0.55
World,,WLD,Monthly Atmospheric Carbon Dioxide Concentrations,Parts Per Million,"Dr. Pieter Tans, National Oceanic and Atmospheric Administration (NOAA). Global Monitoring Laboratory, Trends in Atmospheric Carbon Dioxide Data (https://gml.noaa.gov/ccgg/trends/) and Dr. Ralph Keeling, Scripps Institution of Oceanography, Carbon Dioxide Measurements (https://scrippsco2.ucsd.edu/).",ECCA,Atmospheric Carbon Dioxide Concentrations,"Environment, Climate Change, Climate and Weather, Atmospheric Carbon Dioxide Concentrations",1983M07,344.32
World,,WLD,"Monthly Atmospheric Carbon Dioxide Concentrations, Year on Year Percentage Change",Percent,"Dr. Pieter Tans, National Oceanic and Atmospheric Administration (NOAA). Global Monitoring Laboratory, Trends in Atmospheric Carbon Dioxide Data (https://gml.noaa.gov/ccgg/trends/) and Dr. Ralph Keeling, Scripps Institution of Oceanography, Carbon Dioxide Measurements (https://scrippsco2.ucsd.edu/).",ECCA,Atmospheric Carbon Dioxide Concentrations,"Environment, Climate Change, Climate and Weather, Atmospheric Carbon Dioxide Concentrations",1983M07,0.55
World,,WLD,Monthly Atmospheric Carbon Dioxide Concentrations,Parts Per Million,"Dr. Pieter Tans, National Oceanic and Atmospheric Administration (NOAA). Global Monitoring Laboratory, Trends in Atmospheric Carbon Dioxide Data (https://gml.noaa.gov/ccgg/trends/) and Dr. Ralph Keeling, Scripps Institution of Oceanography, Carbon Dioxide Measurements (https://scrippsco2.ucsd.edu/).",ECCA,Atmospheric Carbon Dioxide Concentrations,"Environment, Climate Change, Climate and Weather, Atmospheric Carbon Dioxide Concentrations",1983M08,342.51
World,,WLD,"Monthly Atmospheric Carbon Dioxide Concentrations, Year on Year Percentage Change",Percent,"Dr. Pieter Tans, National Oceanic and Atmospheric Administration (NOAA). Global Monitoring Laboratory, Trends in Atmospheric Carbon Dioxide Data (https://gml.noaa.gov/ccgg/trends/) and Dr. Ralph Keeling, Scripps Institution of Oceanography, Carbon Dioxide Measurements (https://scrippsco2.ucsd.edu/).",ECCA,Atmospheric Carbon Dioxide Concentrations,"Environment, Climate Change, Climate and Weather, Atmospheric Carbon Dioxide Concentrations",1983M08,0.67
World,,WLD,Monthly Atmospheric Carbon Dioxide Concentrations,Parts Per Million,"Dr. Pieter Tans, National Oceanic and Atmospheric Administration (NOAA). Global Monitoring Laboratory, Trends in Atmospheric Carbon Dioxide Data (https://gml.noaa.gov/ccgg/trends/) and Dr. Ralph Keeling, Scripps Institution of Oceanography, Carbon Dioxide Measurements (https://scrippsco2.ucsd.edu/).",ECCA,Atmospheric Carbon Dioxide Concentrations,"Environment, Climate Change, Climate and Weather, Atmospheric Carbon Dioxide Concentrations",1983M09,340.46
World,,WLD,"Monthly Atmospheric Carbon Dioxide Concentrations, Year on Year Percentage Change",Percent,"Dr. Pieter Tans, National Oceanic and Atmospheric Administration (NOAA). Global Monitoring Laboratory, Trends in Atmospheric Carbon Dioxide Data (https://gml.noaa.gov/ccgg/trends/) and Dr. Ralph Keeling, Scripps Institution of Oceanography, Carbon Dioxide Measurements (https://scrippsco2.ucsd.edu/).",ECCA,Atmospheric Carbon Dioxide Concentrations,"Environment, Climate Change, Climate and Weather, Atmospheric Carbon Dioxide Concentrations",1983M09,0.62
World,,WLD,Monthly Atmospheric Carbon Dioxide Concentrations,Parts Per Million,"Dr. Pieter Tans, National Oceanic and Atmospheric Administration (NOAA). Global Monitoring Laboratory, Trends in Atmospheric Carbon Dioxide Data (https://gml.noaa.gov/ccgg/trends/) and Dr. Ralph Keeling, Scripps Institution of Oceanography, Carbon Dioxide Measurements (https://scrippsco2.ucsd.edu/).",ECCA,Atmospheric Carbon Dioxide Concentrations,"Environment, Climate Change, Climate and Weather, Atmospheric Carbon Dioxide Concentrations",1983M10,340.53
World,,WLD,"Monthly Atmospheric Carbon Dioxide Concentrations, Year on Year Percentage Change",Percent,"Dr. Pieter Tans, National Oceanic and Atmospheric Administration (NOAA). Global Monitoring Laboratory, Trends in Atmospheric Carbon Dioxide Data (https://gml.noaa.gov/ccgg/trends/) and Dr. Ralph Keeling, Scripps Institution of Oceanography, Carbon Dioxide Measurements (https://scrippsco2.ucsd.edu/).",ECCA,Atmospheric Carbon Dioxide Concentrations,"Environment, Climate Change, Climate and Weather, Atmospheric Carbon Dioxide Concentrations",1983M10,0.63
World,,WLD,Monthly Atmospheric Carbon Dioxide Concentrations,Parts Per Million,"Dr. Pieter Tans, National Oceanic and Atmospheric Administration (NOAA). Global Monitoring Laboratory, Trends in Atmospheric Carbon Dioxide Data (https://gml.noaa.gov/ccgg/trends/) and Dr. Ralph Keeling, Scripps Institution of Oceanography, Carbon Dioxide Measurements (https://scrippsco2.ucsd.edu/).",ECCA,Atmospheric Carbon Dioxide Concentrations,"Environment, Climate Change, Climate and Weather, Atmospheric Carbon Dioxide Concentrations",1983M11,341.79
World,,WLD,"Monthly Atmospheric Carbon Dioxide Concentrations, Year on Year Percentage Change",Percent,"Dr. Pieter Tans, National Oceanic and Atmospheric Administration (NOAA). Global Monitoring Laboratory, Trends in Atmospheric Carbon Dioxide Data (https://gml.noaa.gov/ccgg/trends/) and Dr. Ralph Keeling, Scripps Institution of Oceanography, Carbon Dioxide Measurements (https://scrippsco2.ucsd.edu/).",ECCA,Atmospheric Carbon Dioxide Concentrations,"Environment, Climate Change, Climate and Weather, Atmospheric Carbon Dioxide Concentrations",1983M11,0.69
World,,WLD,Monthly Atmospheric Carbon Dioxide Concentrations,Parts Per Million,"Dr. Pieter Tans, National Oceanic and Atmospheric Administration (NOAA). Global Monitoring Laboratory, Trends in Atmospheric Carbon Dioxide Data (https://gml.noaa.gov/ccgg/trends/) and Dr. Ralph Keeling, Scripps Institution of Oceanography, Carbon Dioxide Measurements (https://scrippsco2.ucsd.edu/).",ECCA,Atmospheric Carbon Dioxide Concentrations,"Environment, Climate Change, Climate and Weather, Atmospheric Carbon Dioxide Concentrations",1983M12,343.2
World,,WLD,"Monthly Atmospheric Carbon Dioxide Concentrations, Year on Year Percentage Change",Percent,"Dr. Pieter Tans, National Oceanic and Atmospheric Administration (NOAA). Global Monitoring Laboratory, Trends in Atmospheric Carbon Dioxide Data (https://gml.noaa.gov/ccgg/trends/) and Dr. Ralph Keeling, Scripps Institution of Oceanography, Carbon Dioxide Measurements (https://scrippsco2.ucsd.edu/).",ECCA,Atmospheric Carbon Dioxide Concentrations,"Environment, Climate Change, Climate and Weather, Atmospheric Carbon Dioxide Concentrations",1983M12,0.71
World,,WLD,Monthly Atmospheric Carbon Dioxide Concentrations,Parts Per Million,"Dr. Pieter Tans, National Oceanic and Atmospheric Administration (NOAA). Global Monitoring Laboratory, Trends in Atmospheric Carbon Dioxide Data (https://gml.noaa.gov/ccgg/trends/) and Dr. Ralph Keeling, Scripps Institution of Oceanography, Carbon Dioxide Measurements (https://scrippsco2.ucsd.edu/).",ECCA,Atmospheric Carbon Dioxide Concentrations,"Environment, Climate Change, Climate and Weather, Atmospheric Carbon Dioxide Concentrations",1984M01,344.21
World,,WLD,"Monthly Atmospheric Carbon Dioxide Concentrations, Year on Year Percentage Change",Percent,"Dr. Pieter Tans, National Oceanic and Atmospheric Administration (NOAA). Global Monitoring Laboratory, Trends in Atmospheric Carbon Dioxide Data (https://gml.noaa.gov/ccgg/trends/) and Dr. Ralph Keeling, Scripps Institution of Oceanography, Carbon Dioxide Measurements (https://scrippsco2.ucsd.edu/).",ECCA,Atmospheric Carbon Dioxide Concentrations,"Environment, Climate Change, Climate and Weather, Atmospheric Carbon Dioxide Concentrations",1984M01,0.77
World,,WLD,Monthly Atmospheric Carbon Dioxide Concentrations,Parts Per Million,"Dr. Pieter Tans, National Oceanic and Atmospheric Administration (NOAA). Global Monitoring Laboratory, Trends in Atmospheric Carbon Dioxide Data (https://gml.noaa.gov/ccgg/trends/) and Dr. Ralph Keeling, Scripps Institution of Oceanography, Carbon Dioxide Measurements (https://scrippsco2.ucsd.edu/).",ECCA,Atmospheric Carbon Dioxide Concentrations,"Environment, Climate Change, Climate and Weather, Atmospheric Carbon Dioxide Concentrations",1984M02,344.92
World,,WLD,"Monthly Atmospheric Carbon Dioxide Concentrations, Year on Year Percentage Change",Percent,"Dr. Pieter Tans, National Oceanic and Atmospheric Administration (NOAA). Global Monitoring Laboratory, Trends in Atmospheric Carbon Dioxide Data (https://gml.noaa.gov/ccgg/trends/) and Dr. Ralph Keeling, Scripps Institution of Oceanography, Carbon Dioxide Measurements (https://scrippsco2.ucsd.edu/).",ECCA,Atmospheric Carbon Dioxide Concentrations,"Environment, Climate Change, Climate and Weather, Atmospheric Carbon Dioxide Concentrations",1984M02,0.62
World,,WLD,Monthly Atmospheric Carbon Dioxide Concentrations,Parts Per Million,"Dr. Pieter Tans, National Oceanic and Atmospheric Administration (NOAA). Global Monitoring Laboratory, Trends in Atmospheric Carbon Dioxide Data (https://gml.noaa.gov/ccgg/trends/) and Dr. Ralph Keeling, Scripps Institution of Oceanography, Carbon Dioxide Measurements (https://scrippsco2.ucsd.edu/).",ECCA,Atmospheric Carbon Dioxide Concentrations,"Environment, Climate Change, Climate and Weather, Atmospheric Carbon Dioxide Concentrations",1984M03,345.68
World,,WLD,"Monthly Atmospheric Carbon Dioxide Concentrations, Year on Year Percentage Change",Percent,"Dr. Pieter Tans, National Oceanic and Atmospheric Administration (NOAA). Global Monitoring Laboratory, Trends in Atmospheric Carbon Dioxide Data (https://gml.noaa.gov/ccgg/trends/) and Dr. Ralph Keeling, Scripps Institution of Oceanography, Carbon Dioxide Measurements (https://scrippsco2.ucsd.edu/).",ECCA,Atmospheric Carbon Dioxide Concentrations,"Environment, Climate Change, Climate and Weather, Atmospheric Carbon Dioxide Concentrations",1984M03,0.67
World,,WLD,Monthly Atmospheric Carbon Dioxide Concentrations,Parts Per Million,"Dr. Pieter Tans, National Oceanic and Atmospheric Administration (NOAA). Global Monitoring Laboratory, Trends in Atmospheric Carbon Dioxide Data (https://gml.noaa.gov/ccgg/trends/) and Dr. Ralph Keeling, Scripps Institution of Oceanography, Carbon Dioxide Measurements (https://scrippsco2.ucsd.edu/).",ECCA,Atmospheric Carbon Dioxide Concentrations,"Environment, Climate Change, Climate and Weather, Atmospheric Carbon Dioxide Concentrations",1984M04,347.37
World,,WLD,"Monthly Atmospheric Carbon Dioxide Concentrations, Year on Year Percentage Change",Percent,"Dr. Pieter Tans, National Oceanic and Atmospheric Administration (NOAA). Global Monitoring Laboratory, Trends in Atmospheric Carbon Dioxide Data (https://gml.noaa.gov/ccgg/trends/) and Dr. Ralph Keeling, Scripps Institution of Oceanography, Carbon Dioxide Measurements (https://scrippsco2.ucsd.edu/).",ECCA,Atmospheric Carbon Dioxide Concentrations,"Environment, Climate Change, Climate and Weather, Atmospheric Carbon Dioxide Concentrations",1984M04,0.57
World,,WLD,Monthly Atmospheric Carbon Dioxide Concentrations,Parts Per Million,"Dr. Pieter Tans, National Oceanic and Atmospheric Administration (NOAA). Global Monitoring Laboratory, Trends in Atmospheric Carbon Dioxide Data (https://gml.noaa.gov/ccgg/trends/) and Dr. Ralph Keeling, Scripps Institution of Oceanography, Carbon Dioxide Measurements (https://scrippsco2.ucsd.edu/).",ECCA,Atmospheric Carbon Dioxide Concentrations,"Environment, Climate Change, Climate and Weather, Atmospheric Carbon Dioxide Concentrations",1984M05,347.78
World,,WLD,"Monthly Atmospheric Carbon Dioxide Concentrations, Year on Year Percentage Change",Percent,"Dr. Pieter Tans, National Oceanic and Atmospheric Administration (NOAA). Global Monitoring Laboratory, Trends in Atmospheric Carbon Dioxide Data (https://gml.noaa.gov/ccgg/trends/) and Dr. Ralph Keeling, Scripps Institution of Oceanography, Carbon Dioxide Measurements (https://scrippsco2.ucsd.edu/).",ECCA,Atmospheric Carbon Dioxide Concentrations,"Environment, Climate Change, Climate and Weather, Atmospheric Carbon Dioxide Concentrations",1984M05,0.47
World,,WLD,Monthly Atmospheric Carbon Dioxide Concentrations,Parts Per Million,"Dr. Pieter Tans, National Oceanic and Atmospheric Administration (NOAA). Global Monitoring Laboratory, Trends in Atmospheric Carbon Dioxide Data (https://gml.noaa.gov/ccgg/trends/) and Dr. Ralph Keeling, Scripps Institution of Oceanography, Carbon Dioxide Measurements (https://scrippsco2.ucsd.edu/).",ECCA,Atmospheric Carbon Dioxide Concentrations,"Environment, Climate Change, Climate and Weather, Atmospheric Carbon Dioxide Concentrations",1984M06,347.16
World,,WLD,"Monthly Atmospheric Carbon Dioxide Concentrations, Year on Year Percentage Change",Percent,"Dr. Pieter Tans, National Oceanic and Atmospheric Administration (NOAA). Global Monitoring Laboratory, Trends in Atmospheric Carbon Dioxide Data (https://gml.noaa.gov/ccgg/trends/) and Dr. Ralph Keeling, Scripps Institution of Oceanography, Carbon Dioxide Measurements (https://scrippsco2.ucsd.edu/).",ECCA,Atmospheric Carbon Dioxide Concentrations,"Environment, Climate Change, Climate and Weather, Atmospheric Carbon Dioxide Concentrations",1984M06,0.4
World,,WLD,Monthly Atmospheric Carbon Dioxide Concentrations,Parts Per Million,"Dr. Pieter Tans, National Oceanic and Atmospheric Administration (NOAA). Global Monitoring Laboratory, Trends in Atmospheric Carbon Dioxide Data (https://gml.noaa.gov/ccgg/trends/) and Dr. Ralph Keeling, Scripps Institution of Oceanography, Carbon Dioxide Measurements (https://scrippsco2.ucsd.edu/).",ECCA,Atmospheric Carbon Dioxide Concentrations,"Environment, Climate Change, Climate and Weather, Atmospheric Carbon Dioxide Concentrations",1984M07,345.79
World,,WLD,"Monthly Atmospheric Carbon Dioxide Concentrations, Year on Year Percentage Change",Percent,"Dr. Pieter Tans, National Oceanic and Atmospheric Administration (NOAA). Global Monitoring Laboratory, Trends in Atmospheric Carbon Dioxide Data (https://gml.noaa.gov/ccgg/trends/) and Dr. Ralph Keeling, Scripps Institution of Oceanography, Carbon Dioxide Measurements (https://scrippsco2.ucsd.edu/).",ECCA,Atmospheric Carbon Dioxide Concentrations,"Environment, Climate Change, Climate and Weather, Atmospheric Carbon Dioxide Concentrations",1984M07,0.43
World,,WLD,Monthly Atmospheric Carbon Dioxide Concentrations,Parts Per Million,"Dr. Pieter Tans, National Oceanic and Atmospheric Administration (NOAA). Global Monitoring Laboratory, Trends in Atmospheric Carbon Dioxide Data (https://gml.noaa.gov/ccgg/trends/) and Dr. Ralph Keeling, Scripps Institution of Oceanography, Carbon Dioxide Measurements (https://scrippsco2.ucsd.edu/).",ECCA,Atmospheric Carbon Dioxide Concentrations,"Environment, Climate Change, Climate and Weather, Atmospheric Carbon Dioxide Concentrations",1984M08,343.74
World,,WLD,"Monthly Atmospheric Carbon Dioxide Concentrations, Year on Year Percentage Change",Percent,"Dr. Pieter Tans, National Oceanic and Atmospheric Administration (NOAA). Global Monitoring Laboratory, Trends in Atmospheric Carbon Dioxide Data (https://gml.noaa.gov/ccgg/trends/) and Dr. Ralph Keeling, Scripps Institution of Oceanography, Carbon Dioxide Measurements (https://scrippsco2.ucsd.edu/).",ECCA,Atmospheric Carbon Dioxide Concentrations,"Environment, Climate Change, Climate and Weather, Atmospheric Carbon Dioxide Concentrations",1984M08,0.36
World,,WLD,Monthly Atmospheric Carbon Dioxide Concentrations,Parts Per Million,"Dr. Pieter Tans, National Oceanic and Atmospheric Administration (NOAA). Global Monitoring Laboratory, Trends in Atmospheric Carbon Dioxide Data (https://gml.noaa.gov/ccgg/trends/) and Dr. Ralph Keeling, Scripps Institution of Oceanography, Carbon Dioxide Measurements (https://scrippsco2.ucsd.edu/).",ECCA,Atmospheric Carbon Dioxide Concentrations,"Environment, Climate Change, Climate and Weather, Atmospheric Carbon Dioxide Concentrations",1984M09,341.59
World,,WLD,"Monthly Atmospheric Carbon Dioxide Concentrations, Year on Year Percentage Change",Percent,"Dr. Pieter Tans, National Oceanic and Atmospheric Administration (NOAA). Global Monitoring Laboratory, Trends in Atmospheric Carbon Dioxide Data (https://gml.noaa.gov/ccgg/trends/) and Dr. Ralph Keeling, Scripps Institution of Oceanography, Carbon Dioxide Measurements (https://scrippsco2.ucsd.edu/).",ECCA,Atmospheric Carbon Dioxide Concentrations,"Environment, Climate Change, Climate and Weather, Atmospheric Carbon Dioxide Concentrations",1984M09,0.33
World,,WLD,Monthly Atmospheric Carbon Dioxide Concentrations,Parts Per Million,"Dr. Pieter Tans, National Oceanic and Atmospheric Administration (NOAA). Global Monitoring Laboratory, Trends in Atmospheric Carbon Dioxide Data (https://gml.noaa.gov/ccgg/trends/) and Dr. Ralph Keeling, Scripps Institution of Oceanography, Carbon Dioxide Measurements (https://scrippsco2.ucsd.edu/).",ECCA,Atmospheric Carbon Dioxide Concentrations,"Environment, Climate Change, Climate and Weather, Atmospheric Carbon Dioxide Concentrations",1984M10,341.86
World,,WLD,"Monthly Atmospheric Carbon Dioxide Concentrations, Year on Year Percentage Change",Percent,"Dr. Pieter Tans, National Oceanic and Atmospheric Administration (NOAA). Global Monitoring Laboratory, Trends in Atmospheric Carbon Dioxide Data (https://gml.noaa.gov/ccgg/trends/) and Dr. Ralph Keeling, Scripps Institution of Oceanography, Carbon Dioxide Measurements (https://scrippsco2.ucsd.edu/).",ECCA,Atmospheric Carbon Dioxide Concentrations,"Environment, Climate Change, Climate and Weather, Atmospheric Carbon Dioxide Concentrations",1984M10,0.39
World,,WLD,Monthly Atmospheric Carbon Dioxide Concentrations,Parts Per Million,"Dr. Pieter Tans, National Oceanic and Atmospheric Administration (NOAA). Global Monitoring Laboratory, Trends in Atmospheric Carbon Dioxide Data (https://gml.noaa.gov/ccgg/trends/) and Dr. Ralph Keeling, Scripps Institution of Oceanography, Carbon Dioxide Measurements (https://scrippsco2.ucsd.edu/).",ECCA,Atmospheric Carbon Dioxide Concentrations,"Environment, Climate Change, Climate and Weather, Atmospheric Carbon Dioxide Concentrations",1984M11,343.31
World,,WLD,"Monthly Atmospheric Carbon Dioxide Concentrations, Year on Year Percentage Change",Percent,"Dr. Pieter Tans, National Oceanic and Atmospheric Administration (NOAA). Global Monitoring Laboratory, Trends in Atmospheric Carbon Dioxide Data (https://gml.noaa.gov/ccgg/trends/) and Dr. Ralph Keeling, Scripps Institution of Oceanography, Carbon Dioxide Measurements (https://scrippsco2.ucsd.edu/).",ECCA,Atmospheric Carbon Dioxide Concentrations,"Environment, Climate Change, Climate and Weather, Atmospheric Carbon Dioxide Concentrations",1984M11,0.44
World,,WLD,Monthly Atmospheric Carbon Dioxide Concentrations,Parts Per Million,"Dr. Pieter Tans, National Oceanic and Atmospheric Administration (NOAA). Global Monitoring Laboratory, Trends in Atmospheric Carbon Dioxide Data (https://gml.noaa.gov/ccgg/trends/) and Dr. Ralph Keeling, Scripps Institution of Oceanography, Carbon Dioxide Measurements (https://scrippsco2.ucsd.edu/).",ECCA,Atmospheric Carbon Dioxide Concentrations,"Environment, Climate Change, Climate and Weather, Atmospheric Carbon Dioxide Concentrations",1984M12,345.0
World,,WLD,"Monthly Atmospheric Carbon Dioxide Concentrations, Year on Year Percentage Change",Percent,"Dr. Pieter Tans, National Oceanic and Atmospheric Administration (NOAA). Global Monitoring Laboratory, Trends in Atmospheric Carbon Dioxide Data (https://gml.noaa.gov/ccgg/trends/) and Dr. Ralph Keeling, Scripps Institution of Oceanography, Carbon Dioxide Measurements (https://scrippsco2.ucsd.edu/).",ECCA,Atmospheric Carbon Dioxide Concentrations,"Environment, Climate Change, Climate and Weather, Atmospheric Carbon Dioxide Concentrations",1984M12,0.52
World,,WLD,Monthly Atmospheric Carbon Dioxide Concentrations,Parts Per Million,"Dr. Pieter Tans, National Oceanic and Atmospheric Administration (NOAA). Global Monitoring Laboratory, Trends in Atmospheric Carbon Dioxide Data (https://gml.noaa.gov/ccgg/trends/) and Dr. Ralph Keeling, Scripps Institution of Oceanography, Carbon Dioxide Measurements (https://scrippsco2.ucsd.edu/).",ECCA,Atmospheric Carbon Dioxide Concentrations,"Environment, Climate Change, Climate and Weather, Atmospheric Carbon Dioxide Concentrations",1985M01,345.48
World,,WLD,"Monthly Atmospheric Carbon Dioxide Concentrations, Year on Year Percentage Change",Percent,"Dr. Pieter Tans, National Oceanic and Atmospheric Administration (NOAA). Global Monitoring Laboratory, Trends in Atmospheric Carbon Dioxide Data (https://gml.noaa.gov/ccgg/trends/) and Dr. Ralph Keeling, Scripps Institution of Oceanography, Carbon Dioxide Measurements (https://scrippsco2.ucsd.edu/).",ECCA,Atmospheric Carbon Dioxide Concentrations,"Environment, Climate Change, Climate and Weather, Atmospheric Carbon Dioxide Concentrations",1985M01,0.37
World,,WLD,Monthly Atmospheric Carbon Dioxide Concentrations,Parts Per Million,"Dr. Pieter Tans, National Oceanic and Atmospheric Administration (NOAA). Global Monitoring Laboratory, Trends in Atmospheric Carbon Dioxide Data (https://gml.noaa.gov/ccgg/trends/) and Dr. Ralph Keeling, Scripps Institution of Oceanography, Carbon Dioxide Measurements (https://scrippsco2.ucsd.edu/).",ECCA,Atmospheric Carbon Dioxide Concentrations,"Environment, Climate Change, Climate and Weather, Atmospheric Carbon Dioxide Concentrations",1985M02,346.41
World,,WLD,"Monthly Atmospheric Carbon Dioxide Concentrations, Year on Year Percentage Change",Percent,"Dr. Pieter Tans, National Oceanic and Atmospheric Administration (NOAA). Global Monitoring Laboratory, Trends in Atmospheric Carbon Dioxide Data (https://gml.noaa.gov/ccgg/trends/) and Dr. Ralph Keeling, Scripps Institution of Oceanography, Carbon Dioxide Measurements (https://scrippsco2.ucsd.edu/).",ECCA,Atmospheric Carbon Dioxide Concentrations,"Environment, Climate Change, Climate and Weather, Atmospheric Carbon Dioxide Concentrations",1985M02,0.43
World,,WLD,Monthly Atmospheric Carbon Dioxide Concentrations,Parts Per Million,"Dr. Pieter Tans, National Oceanic and Atmospheric Administration (NOAA). Global Monitoring Laboratory, Trends in Atmospheric Carbon Dioxide Data (https://gml.noaa.gov/ccgg/trends/) and Dr. Ralph Keeling, Scripps Institution of Oceanography, Carbon Dioxide Measurements (https://scrippsco2.ucsd.edu/).",ECCA,Atmospheric Carbon Dioxide Concentrations,"Environment, Climate Change, Climate and Weather, Atmospheric Carbon Dioxide Concentrations",1985M03,347.91
World,,WLD,"Monthly Atmospheric Carbon Dioxide Concentrations, Year on Year Percentage Change",Percent,"Dr. Pieter Tans, National Oceanic and Atmospheric Administration (NOAA). Global Monitoring Laboratory, Trends in Atmospheric Carbon Dioxide Data (https://gml.noaa.gov/ccgg/trends/) and Dr. Ralph Keeling, Scripps Institution of Oceanography, Carbon Dioxide Measurements (https://scrippsco2.ucsd.edu/).",ECCA,Atmospheric Carbon Dioxide Concentrations,"Environment, Climate Change, Climate and Weather, Atmospheric Carbon Dioxide Concentrations",1985M03,0.65
World,,WLD,Monthly Atmospheric Carbon Dioxide Concentrations,Parts Per Million,"Dr. Pieter Tans, National Oceanic and Atmospheric Administration (NOAA). Global Monitoring Laboratory, Trends in Atmospheric Carbon Dioxide Data (https://gml.noaa.gov/ccgg/trends/) and Dr. Ralph Keeling, Scripps Institution of Oceanography, Carbon Dioxide Measurements (https://scrippsco2.ucsd.edu/).",ECCA,Atmospheric Carbon Dioxide Concentrations,"Environment, Climate Change, Climate and Weather, Atmospheric Carbon Dioxide Concentrations",1985M04,348.66
World,,WLD,"Monthly Atmospheric Carbon Dioxide Concentrations, Year on Year Percentage Change",Percent,"Dr. Pieter Tans, National Oceanic and Atmospheric Administration (NOAA). Global Monitoring Laboratory, Trends in Atmospheric Carbon Dioxide Data (https://gml.noaa.gov/ccgg/trends/) and Dr. Ralph Keeling, Scripps Institution of Oceanography, Carbon Dioxide Measurements (https://scrippsco2.ucsd.edu/).",ECCA,Atmospheric Carbon Dioxide Concentrations,"Environment, Climate Change, Climate and Weather, Atmospheric Carbon Dioxide Concentrations",1985M04,0.37
World,,WLD,Monthly Atmospheric Carbon Dioxide Concentrations,Parts Per Million,"Dr. Pieter Tans, National Oceanic and Atmospheric Administration (NOAA). Global Monitoring Laboratory, Trends in Atmospheric Carbon Dioxide Data (https://gml.noaa.gov/ccgg/trends/) and Dr. Ralph Keeling, Scripps Institution of Oceanography, Carbon Dioxide Measurements (https://scrippsco2.ucsd.edu/).",ECCA,Atmospheric Carbon Dioxide Concentrations,"Environment, Climate Change, Climate and Weather, Atmospheric Carbon Dioxide Concentrations",1985M05,349.28
World,,WLD,"Monthly Atmospheric Carbon Dioxide Concentrations, Year on Year Percentage Change",Percent,"Dr. Pieter Tans, National Oceanic and Atmospheric Administration (NOAA). Global Monitoring Laboratory, Trends in Atmospheric Carbon Dioxide Data (https://gml.noaa.gov/ccgg/trends/) and Dr. Ralph Keeling, Scripps Institution of Oceanography, Carbon Dioxide Measurements (https://scrippsco2.ucsd.edu/).",ECCA,Atmospheric Carbon Dioxide Concentrations,"Environment, Climate Change, Climate and Weather, Atmospheric Carbon Dioxide Concentrations",1985M05,0.43
World,,WLD,Monthly Atmospheric Carbon Dioxide Concentrations,Parts Per Million,"Dr. Pieter Tans, National Oceanic and Atmospheric Administration (NOAA). Global Monitoring Laboratory, Trends in Atmospheric Carbon Dioxide Data (https://gml.noaa.gov/ccgg/trends/) and Dr. Ralph Keeling, Scripps Institution of Oceanography, Carbon Dioxide Measurements (https://scrippsco2.ucsd.edu/).",ECCA,Atmospheric Carbon Dioxide Concentrations,"Environment, Climate Change, Climate and Weather, Atmospheric Carbon Dioxide Concentrations",1985M06,348.65
World,,WLD,"Monthly Atmospheric Carbon Dioxide Concentrations, Year on Year Percentage Change",Percent,"Dr. Pieter Tans, National Oceanic and Atmospheric Administration (NOAA). Global Monitoring Laboratory, Trends in Atmospheric Carbon Dioxide Data (https://gml.noaa.gov/ccgg/trends/) and Dr. Ralph Keeling, Scripps Institution of Oceanography, Carbon Dioxide Measurements (https://scrippsco2.ucsd.edu/).",ECCA,Atmospheric Carbon Dioxide Concentrations,"Environment, Climate Change, Climate and Weather, Atmospheric Carbon Dioxide Concentrations",1985M06,0.43
World,,WLD,Monthly Atmospheric Carbon Dioxide Concentrations,Parts Per Million,"Dr. Pieter Tans, National Oceanic and Atmospheric Administration (NOAA). Global Monitoring Laboratory, Trends in Atmospheric Carbon Dioxide Data (https://gml.noaa.gov/ccgg/trends/) and Dr. Ralph Keeling, Scripps Institution of Oceanography, Carbon Dioxide Measurements (https://scrippsco2.ucsd.edu/).",ECCA,Atmospheric Carbon Dioxide Concentrations,"Environment, Climate Change, Climate and Weather, Atmospheric Carbon Dioxide Concentrations",1985M07,346.9
World,,WLD,"Monthly Atmospheric Carbon Dioxide Concentrations, Year on Year Percentage Change",Percent,"Dr. Pieter Tans, National Oceanic and Atmospheric Administration (NOAA). Global Monitoring Laboratory, Trends in Atmospheric Carbon Dioxide Data (https://gml.noaa.gov/ccgg/trends/) and Dr. Ralph Keeling, Scripps Institution of Oceanography, Carbon Dioxide Measurements (https://scrippsco2.ucsd.edu/).",ECCA,Atmospheric Carbon Dioxide Concentrations,"Environment, Climate Change, Climate and Weather, Atmospheric Carbon Dioxide Concentrations",1985M07,0.32
World,,WLD,Monthly Atmospheric Carbon Dioxide Concentrations,Parts Per Million,"Dr. Pieter Tans, National Oceanic and Atmospheric Administration (NOAA). Global Monitoring Laboratory, Trends in Atmospheric Carbon Dioxide Data (https://gml.noaa.gov/ccgg/trends/) and Dr. Ralph Keeling, Scripps Institution of Oceanography, Carbon Dioxide Measurements (https://scrippsco2.ucsd.edu/).",ECCA,Atmospheric Carbon Dioxide Concentrations,"Environment, Climate Change, Climate and Weather, Atmospheric Carbon Dioxide Concentrations",1985M08,345.26
World,,WLD,"Monthly Atmospheric Carbon Dioxide Concentrations, Year on Year Percentage Change",Percent,"Dr. Pieter Tans, National Oceanic and Atmospheric Administration (NOAA). Global Monitoring Laboratory, Trends in Atmospheric Carbon Dioxide Data (https://gml.noaa.gov/ccgg/trends/) and Dr. Ralph Keeling, Scripps Institution of Oceanography, Carbon Dioxide Measurements (https://scrippsco2.ucsd.edu/).",ECCA,Atmospheric Carbon Dioxide Concentrations,"Environment, Climate Change, Climate and Weather, Atmospheric Carbon Dioxide Concentrations",1985M08,0.44
World,,WLD,Monthly Atmospheric Carbon Dioxide Concentrations,Parts Per Million,"Dr. Pieter Tans, National Oceanic and Atmospheric Administration (NOAA). Global Monitoring Laboratory, Trends in Atmospheric Carbon Dioxide Data (https://gml.noaa.gov/ccgg/trends/) and Dr. Ralph Keeling, Scripps Institution of Oceanography, Carbon Dioxide Measurements (https://scrippsco2.ucsd.edu/).",ECCA,Atmospheric Carbon Dioxide Concentrations,"Environment, Climate Change, Climate and Weather, Atmospheric Carbon Dioxide Concentrations",1985M09,343.47
World,,WLD,"Monthly Atmospheric Carbon Dioxide Concentrations, Year on Year Percentage Change",Percent,"Dr. Pieter Tans, National Oceanic and Atmospheric Administration (NOAA). Global Monitoring Laboratory, Trends in Atmospheric Carbon Dioxide Data (https://gml.noaa.gov/ccgg/trends/) and Dr. Ralph Keeling, Scripps Institution of Oceanography, Carbon Dioxide Measurements (https://scrippsco2.ucsd.edu/).",ECCA,Atmospheric Carbon Dioxide Concentrations,"Environment, Climate Change, Climate and Weather, Atmospheric Carbon Dioxide Concentrations",1985M09,0.55
World,,WLD,Monthly Atmospheric Carbon Dioxide Concentrations,Parts Per Million,"Dr. Pieter Tans, National Oceanic and Atmospheric Administration (NOAA). Global Monitoring Laboratory, Trends in Atmospheric Carbon Dioxide Data (https://gml.noaa.gov/ccgg/trends/) and Dr. Ralph Keeling, Scripps Institution of Oceanography, Carbon Dioxide Measurements (https://scrippsco2.ucsd.edu/).",ECCA,Atmospheric Carbon Dioxide Concentrations,"Environment, Climate Change, Climate and Weather, Atmospheric Carbon Dioxide Concentrations",1985M10,343.35
World,,WLD,"Monthly Atmospheric Carbon Dioxide Concentrations, Year on Year Percentage Change",Percent,"Dr. Pieter Tans, National Oceanic and Atmospheric Administration (NOAA). Global Monitoring Laboratory, Trends in Atmospheric Carbon Dioxide Data (https://gml.noaa.gov/ccgg/trends/) and Dr. Ralph Keeling, Scripps Institution of Oceanography, Carbon Dioxide Measurements (https://scrippsco2.ucsd.edu/).",ECCA,Atmospheric Carbon Dioxide Concentrations,"Environment, Climate Change, Climate and Weather, Atmospheric Carbon Dioxide Concentrations",1985M10,0.44
World,,WLD,Monthly Atmospheric Carbon Dioxide Concentrations,Parts Per Million,"Dr. Pieter Tans, National Oceanic and Atmospheric Administration (NOAA). Global Monitoring Laboratory, Trends in Atmospheric Carbon Dioxide Data (https://gml.noaa.gov/ccgg/trends/) and Dr. Ralph Keeling, Scripps Institution of Oceanography, Carbon Dioxide Measurements (https://scrippsco2.ucsd.edu/).",ECCA,Atmospheric Carbon Dioxide Concentrations,"Environment, Climate Change, Climate and Weather, Atmospheric Carbon Dioxide Concentrations",1985M11,344.73
World,,WLD,"Monthly Atmospheric Carbon Dioxide Concentrations, Year on Year Percentage Change",Percent,"Dr. Pieter Tans, National Oceanic and Atmospheric Administration (NOAA). Global Monitoring Laboratory, Trends in Atmospheric Carbon Dioxide Data (https://gml.noaa.gov/ccgg/trends/) and Dr. Ralph Keeling, Scripps Institution of Oceanography, Carbon Dioxide Measurements (https://scrippsco2.ucsd.edu/).",ECCA,Atmospheric Carbon Dioxide Concentrations,"Environment, Climate Change, Climate and Weather, Atmospheric Carbon Dioxide Concentrations",1985M11,0.41
World,,WLD,Monthly Atmospheric Carbon Dioxide Concentrations,Parts Per Million,"Dr. Pieter Tans, National Oceanic and Atmospheric Administration (NOAA). Global Monitoring Laboratory, Trends in Atmospheric Carbon Dioxide Data (https://gml.noaa.gov/ccgg/trends/) and Dr. Ralph Keeling, Scripps Institution of Oceanography, Carbon Dioxide Measurements (https://scrippsco2.ucsd.edu/).",ECCA,Atmospheric Carbon Dioxide Concentrations,"Environment, Climate Change, Climate and Weather, Atmospheric Carbon Dioxide Concentrations",1985M12,346.12
World,,WLD,"Monthly Atmospheric Carbon Dioxide Concentrations, Year on Year Percentage Change",Percent,"Dr. Pieter Tans, National Oceanic and Atmospheric Administration (NOAA). Global Monitoring Laboratory, Trends in Atmospheric Carbon Dioxide Data (https://gml.noaa.gov/ccgg/trends/) and Dr. Ralph Keeling, Scripps Institution of Oceanography, Carbon Dioxide Measurements (https://scrippsco2.ucsd.edu/).",ECCA,Atmospheric Carbon Dioxide Concentrations,"Environment, Climate Change, Climate and Weather, Atmospheric Carbon Dioxide Concentrations",1985M12,0.32
World,,WLD,Monthly Atmospheric Carbon Dioxide Concentrations,Parts Per Million,"Dr. Pieter Tans, National Oceanic and Atmospheric Administration (NOAA). Global Monitoring Laboratory, Trends in Atmospheric Carbon Dioxide Data (https://gml.noaa.gov/ccgg/trends/) and Dr. Ralph Keeling, Scripps Institution of Oceanography, Carbon Dioxide Measurements (https://scrippsco2.ucsd.edu/).",ECCA,Atmospheric Carbon Dioxide Concentrations,"Environment, Climate Change, Climate and Weather, Atmospheric Carbon Dioxide Concentrations",1986M01,346.78
World,,WLD,"Monthly Atmospheric Carbon Dioxide Concentrations, Year on Year Percentage Change",Percent,"Dr. Pieter Tans, National Oceanic and Atmospheric Administration (NOAA). Global Monitoring Laboratory, Trends in Atmospheric Carbon Dioxide Data (https://gml.noaa.gov/ccgg/trends/) and Dr. Ralph Keeling, Scripps Institution of Oceanography, Carbon Dioxide Measurements (https://scrippsco2.ucsd.edu/).",ECCA,Atmospheric Carbon Dioxide Concentrations,"Environment, Climate Change, Climate and Weather, Atmospheric Carbon Dioxide Concentrations",1986M01,0.38
World,,WLD,Monthly Atmospheric Carbon Dioxide Concentrations,Parts Per Million,"Dr. Pieter Tans, National Oceanic and Atmospheric Administration (NOAA). Global Monitoring Laboratory, Trends in Atmospheric Carbon Dioxide Data (https://gml.noaa.gov/ccgg/trends/) and Dr. Ralph Keeling, Scripps Institution of Oceanography, Carbon Dioxide Measurements (https://scrippsco2.ucsd.edu/).",ECCA,Atmospheric Carbon Dioxide Concentrations,"Environment, Climate Change, Climate and Weather, Atmospheric Carbon Dioxide Concentrations",1986M02,347.48
World,,WLD,"Monthly Atmospheric Carbon Dioxide Concentrations, Year on Year Percentage Change",Percent,"Dr. Pieter Tans, National Oceanic and Atmospheric Administration (NOAA). Global Monitoring Laboratory, Trends in Atmospheric Carbon Dioxide Data (https://gml.noaa.gov/ccgg/trends/) and Dr. Ralph Keeling, Scripps Institution of Oceanography, Carbon Dioxide Measurements (https://scrippsco2.ucsd.edu/).",ECCA,Atmospheric Carbon Dioxide Concentrations,"Environment, Climate Change, Climate and Weather, Atmospheric Carbon Dioxide Concentrations",1986M02,0.31
World,,WLD,Monthly Atmospheric Carbon Dioxide Concentrations,Parts Per Million,"Dr. Pieter Tans, National Oceanic and Atmospheric Administration (NOAA). Global Monitoring Laboratory, Trends in Atmospheric Carbon Dioxide Data (https://gml.noaa.gov/ccgg/trends/) and Dr. Ralph Keeling, Scripps Institution of Oceanography, Carbon Dioxide Measurements (https://scrippsco2.ucsd.edu/).",ECCA,Atmospheric Carbon Dioxide Concentrations,"Environment, Climate Change, Climate and Weather, Atmospheric Carbon Dioxide Concentrations",1986M03,348.25
World,,WLD,"Monthly Atmospheric Carbon Dioxide Concentrations, Year on Year Percentage Change",Percent,"Dr. Pieter Tans, National Oceanic and Atmospheric Administration (NOAA). Global Monitoring Laboratory, Trends in Atmospheric Carbon Dioxide Data (https://gml.noaa.gov/ccgg/trends/) and Dr. Ralph Keeling, Scripps Institution of Oceanography, Carbon Dioxide Measurements (https://scrippsco2.ucsd.edu/).",ECCA,Atmospheric Carbon Dioxide Concentrations,"Environment, Climate Change, Climate and Weather, Atmospheric Carbon Dioxide Concentrations",1986M03,0.1
World,,WLD,Monthly Atmospheric Carbon Dioxide Concentrations,Parts Per Million,"Dr. Pieter Tans, National Oceanic and Atmospheric Administration (NOAA). Global Monitoring Laboratory, Trends in Atmospheric Carbon Dioxide Data (https://gml.noaa.gov/ccgg/trends/) and Dr. Ralph Keeling, Scripps Institution of Oceanography, Carbon Dioxide Measurements (https://scrippsco2.ucsd.edu/).",ECCA,Atmospheric Carbon Dioxide Concentrations,"Environment, Climate Change, Climate and Weather, Atmospheric Carbon Dioxide Concentrations",1986M04,349.86
World,,WLD,"Monthly Atmospheric Carbon Dioxide Concentrations, Year on Year Percentage Change",Percent,"Dr. Pieter Tans, National Oceanic and Atmospheric Administration (NOAA). Global Monitoring Laboratory, Trends in Atmospheric Carbon Dioxide Data (https://gml.noaa.gov/ccgg/trends/) and Dr. Ralph Keeling, Scripps Institution of Oceanography, Carbon Dioxide Measurements (https://scrippsco2.ucsd.edu/).",ECCA,Atmospheric Carbon Dioxide Concentrations,"Environment, Climate Change, Climate and Weather, Atmospheric Carbon Dioxide Concentrations",1986M04,0.34
World,,WLD,Monthly Atmospheric Carbon Dioxide Concentrations,Parts Per Million,"Dr. Pieter Tans, National Oceanic and Atmospheric Administration (NOAA). Global Monitoring Laboratory, Trends in Atmospheric Carbon Dioxide Data (https://gml.noaa.gov/ccgg/trends/) and Dr. Ralph Keeling, Scripps Institution of Oceanography, Carbon Dioxide Measurements (https://scrippsco2.ucsd.edu/).",ECCA,Atmospheric Carbon Dioxide Concentrations,"Environment, Climate Change, Climate and Weather, Atmospheric Carbon Dioxide Concentrations",1986M05,350.52
World,,WLD,"Monthly Atmospheric Carbon Dioxide Concentrations, Year on Year Percentage Change",Percent,"Dr. Pieter Tans, National Oceanic and Atmospheric Administration (NOAA). Global Monitoring Laboratory, Trends in Atmospheric Carbon Dioxide Data (https://gml.noaa.gov/ccgg/trends/) and Dr. Ralph Keeling, Scripps Institution of Oceanography, Carbon Dioxide Measurements (https://scrippsco2.ucsd.edu/).",ECCA,Atmospheric Carbon Dioxide Concentrations,"Environment, Climate Change, Climate and Weather, Atmospheric Carbon Dioxide Concentrations",1986M05,0.36
World,,WLD,Monthly Atmospheric Carbon Dioxide Concentrations,Parts Per Million,"Dr. Pieter Tans, National Oceanic and Atmospheric Administration (NOAA). Global Monitoring Laboratory, Trends in Atmospheric Carbon Dioxide Data (https://gml.noaa.gov/ccgg/trends/) and Dr. Ralph Keeling, Scripps Institution of Oceanography, Carbon Dioxide Measurements (https://scrippsco2.ucsd.edu/).",ECCA,Atmospheric Carbon Dioxide Concentrations,"Environment, Climate Change, Climate and Weather, Atmospheric Carbon Dioxide Concentrations",1986M06,349.98
World,,WLD,"Monthly Atmospheric Carbon Dioxide Concentrations, Year on Year Percentage Change",Percent,"Dr. Pieter Tans, National Oceanic and Atmospheric Administration (NOAA). Global Monitoring Laboratory, Trends in Atmospheric Carbon Dioxide Data (https://gml.noaa.gov/ccgg/trends/) and Dr. Ralph Keeling, Scripps Institution of Oceanography, Carbon Dioxide Measurements (https://scrippsco2.ucsd.edu/).",ECCA,Atmospheric Carbon Dioxide Concentrations,"Environment, Climate Change, Climate and Weather, Atmospheric Carbon Dioxide Concentrations",1986M06,0.38
World,,WLD,Monthly Atmospheric Carbon Dioxide Concentrations,Parts Per Million,"Dr. Pieter Tans, National Oceanic and Atmospheric Administration (NOAA). Global Monitoring Laboratory, Trends in Atmospheric Carbon Dioxide Data (https://gml.noaa.gov/ccgg/trends/) and Dr. Ralph Keeling, Scripps Institution of Oceanography, Carbon Dioxide Measurements (https://scrippsco2.ucsd.edu/).",ECCA,Atmospheric Carbon Dioxide Concentrations,"Environment, Climate Change, Climate and Weather, Atmospheric Carbon Dioxide Concentrations",1986M07,348.25
World,,WLD,"Monthly Atmospheric Carbon Dioxide Concentrations, Year on Year Percentage Change",Percent,"Dr. Pieter Tans, National Oceanic and Atmospheric Administration (NOAA). Global Monitoring Laboratory, Trends in Atmospheric Carbon Dioxide Data (https://gml.noaa.gov/ccgg/trends/) and Dr. Ralph Keeling, Scripps Institution of Oceanography, Carbon Dioxide Measurements (https://scrippsco2.ucsd.edu/).",ECCA,Atmospheric Carbon Dioxide Concentrations,"Environment, Climate Change, Climate and Weather, Atmospheric Carbon Dioxide Concentrations",1986M07,0.39
World,,WLD,Monthly Atmospheric Carbon Dioxide Concentrations,Parts Per Million,"Dr. Pieter Tans, National Oceanic and Atmospheric Administration (NOAA). Global Monitoring Laboratory, Trends in Atmospheric Carbon Dioxide Data (https://gml.noaa.gov/ccgg/trends/) and Dr. Ralph Keeling, Scripps Institution of Oceanography, Carbon Dioxide Measurements (https://scrippsco2.ucsd.edu/).",ECCA,Atmospheric Carbon Dioxide Concentrations,"Environment, Climate Change, Climate and Weather, Atmospheric Carbon Dioxide Concentrations",1986M08,346.17
World,,WLD,"Monthly Atmospheric Carbon Dioxide Concentrations, Year on Year Percentage Change",Percent,"Dr. Pieter Tans, National Oceanic and Atmospheric Administration (NOAA). Global Monitoring Laboratory, Trends in Atmospheric Carbon Dioxide Data (https://gml.noaa.gov/ccgg/trends/) and Dr. Ralph Keeling, Scripps Institution of Oceanography, Carbon Dioxide Measurements (https://scrippsco2.ucsd.edu/).",ECCA,Atmospheric Carbon Dioxide Concentrations,"Environment, Climate Change, Climate and Weather, Atmospheric Carbon Dioxide Concentrations",1986M08,0.26
World,,WLD,Monthly Atmospheric Carbon Dioxide Concentrations,Parts Per Million,"Dr. Pieter Tans, National Oceanic and Atmospheric Administration (NOAA). Global Monitoring Laboratory, Trends in Atmospheric Carbon Dioxide Data (https://gml.noaa.gov/ccgg/trends/) and Dr. Ralph Keeling, Scripps Institution of Oceanography, Carbon Dioxide Measurements (https://scrippsco2.ucsd.edu/).",ECCA,Atmospheric Carbon Dioxide Concentrations,"Environment, Climate Change, Climate and Weather, Atmospheric Carbon Dioxide Concentrations",1986M09,345.48
World,,WLD,"Monthly Atmospheric Carbon Dioxide Concentrations, Year on Year Percentage Change",Percent,"Dr. Pieter Tans, National Oceanic and Atmospheric Administration (NOAA). Global Monitoring Laboratory, Trends in Atmospheric Carbon Dioxide Data (https://gml.noaa.gov/ccgg/trends/) and Dr. Ralph Keeling, Scripps Institution of Oceanography, Carbon Dioxide Measurements (https://scrippsco2.ucsd.edu/).",ECCA,Atmospheric Carbon Dioxide Concentrations,"Environment, Climate Change, Climate and Weather, Atmospheric Carbon Dioxide Concentrations",1986M09,0.59
World,,WLD,Monthly Atmospheric Carbon Dioxide Concentrations,Parts Per Million,"Dr. Pieter Tans, National Oceanic and Atmospheric Administration (NOAA). Global Monitoring Laboratory, Trends in Atmospheric Carbon Dioxide Data (https://gml.noaa.gov/ccgg/trends/) and Dr. Ralph Keeling, Scripps Institution of Oceanography, Carbon Dioxide Measurements (https://scrippsco2.ucsd.edu/).",ECCA,Atmospheric Carbon Dioxide Concentrations,"Environment, Climate Change, Climate and Weather, Atmospheric Carbon Dioxide Concentrations",1986M10,344.82
World,,WLD,"Monthly Atmospheric Carbon Dioxide Concentrations, Year on Year Percentage Change",Percent,"Dr. Pieter Tans, National Oceanic and Atmospheric Administration (NOAA). Global Monitoring Laboratory, Trends in Atmospheric Carbon Dioxide Data (https://gml.noaa.gov/ccgg/trends/) and Dr. Ralph Keeling, Scripps Institution of Oceanography, Carbon Dioxide Measurements (https://scrippsco2.ucsd.edu/).",ECCA,Atmospheric Carbon Dioxide Concentrations,"Environment, Climate Change, Climate and Weather, Atmospheric Carbon Dioxide Concentrations",1986M10,0.43
World,,WLD,Monthly Atmospheric Carbon Dioxide Concentrations,Parts Per Million,"Dr. Pieter Tans, National Oceanic and Atmospheric Administration (NOAA). Global Monitoring Laboratory, Trends in Atmospheric Carbon Dioxide Data (https://gml.noaa.gov/ccgg/trends/) and Dr. Ralph Keeling, Scripps Institution of Oceanography, Carbon Dioxide Measurements (https://scrippsco2.ucsd.edu/).",ECCA,Atmospheric Carbon Dioxide Concentrations,"Environment, Climate Change, Climate and Weather, Atmospheric Carbon Dioxide Concentrations",1986M11,346.22
World,,WLD,"Monthly Atmospheric Carbon Dioxide Concentrations, Year on Year Percentage Change",Percent,"Dr. Pieter Tans, National Oceanic and Atmospheric Administration (NOAA). Global Monitoring Laboratory, Trends in Atmospheric Carbon Dioxide Data (https://gml.noaa.gov/ccgg/trends/) and Dr. Ralph Keeling, Scripps Institution of Oceanography, Carbon Dioxide Measurements (https://scrippsco2.ucsd.edu/).",ECCA,Atmospheric Carbon Dioxide Concentrations,"Environment, Climate Change, Climate and Weather, Atmospheric Carbon Dioxide Concentrations",1986M11,0.43
World,,WLD,Monthly Atmospheric Carbon Dioxide Concentrations,Parts Per Million,"Dr. Pieter Tans, National Oceanic and Atmospheric Administration (NOAA). Global Monitoring Laboratory, Trends in Atmospheric Carbon Dioxide Data (https://gml.noaa.gov/ccgg/trends/) and Dr. Ralph Keeling, Scripps Institution of Oceanography, Carbon Dioxide Measurements (https://scrippsco2.ucsd.edu/).",ECCA,Atmospheric Carbon Dioxide Concentrations,"Environment, Climate Change, Climate and Weather, Atmospheric Carbon Dioxide Concentrations",1986M12,347.48
World,,WLD,"Monthly Atmospheric Carbon Dioxide Concentrations, Year on Year Percentage Change",Percent,"Dr. Pieter Tans, National Oceanic and Atmospheric Administration (NOAA). Global Monitoring Laboratory, Trends in Atmospheric Carbon Dioxide Data (https://gml.noaa.gov/ccgg/trends/) and Dr. Ralph Keeling, Scripps Institution of Oceanography, Carbon Dioxide Measurements (https://scrippsco2.ucsd.edu/).",ECCA,Atmospheric Carbon Dioxide Concentrations,"Environment, Climate Change, Climate and Weather, Atmospheric Carbon Dioxide Concentrations",1986M12,0.39
World,,WLD,Monthly Atmospheric Carbon Dioxide Concentrations,Parts Per Million,"Dr. Pieter Tans, National Oceanic and Atmospheric Administration (NOAA). Global Monitoring Laboratory, Trends in Atmospheric Carbon Dioxide Data (https://gml.noaa.gov/ccgg/trends/) and Dr. Ralph Keeling, Scripps Institution of Oceanography, Carbon Dioxide Measurements (https://scrippsco2.ucsd.edu/).",ECCA,Atmospheric Carbon Dioxide Concentrations,"Environment, Climate Change, Climate and Weather, Atmospheric Carbon Dioxide Concentrations",1987M01,348.73
World,,WLD,"Monthly Atmospheric Carbon Dioxide Concentrations, Year on Year Percentage Change",Percent,"Dr. Pieter Tans, National Oceanic and Atmospheric Administration (NOAA). Global Monitoring Laboratory, Trends in Atmospheric Carbon Dioxide Data (https://gml.noaa.gov/ccgg/trends/) and Dr. Ralph Keeling, Scripps Institution of Oceanography, Carbon Dioxide Measurements (https://scrippsco2.ucsd.edu/).",ECCA,Atmospheric Carbon Dioxide Concentrations,"Environment, Climate Change, Climate and Weather, Atmospheric Carbon Dioxide Concentrations",1987M01,0.56
World,,WLD,Monthly Atmospheric Carbon Dioxide Concentrations,Parts Per Million,"Dr. Pieter Tans, National Oceanic and Atmospheric Administration (NOAA). Global Monitoring Laboratory, Trends in Atmospheric Carbon Dioxide Data (https://gml.noaa.gov/ccgg/trends/) and Dr. Ralph Keeling, Scripps Institution of Oceanography, Carbon Dioxide Measurements (https://scrippsco2.ucsd.edu/).",ECCA,Atmospheric Carbon Dioxide Concentrations,"Environment, Climate Change, Climate and Weather, Atmospheric Carbon Dioxide Concentrations",1987M02,348.92
World,,WLD,"Monthly Atmospheric Carbon Dioxide Concentrations, Year on Year Percentage Change",Percent,"Dr. Pieter Tans, National Oceanic and Atmospheric Administration (NOAA). Global Monitoring Laboratory, Trends in Atmospheric Carbon Dioxide Data (https://gml.noaa.gov/ccgg/trends/) and Dr. Ralph Keeling, Scripps Institution of Oceanography, Carbon Dioxide Measurements (https://scrippsco2.ucsd.edu/).",ECCA,Atmospheric Carbon Dioxide Concentrations,"Environment, Climate Change, Climate and Weather, Atmospheric Carbon Dioxide Concentrations",1987M02,0.41
World,,WLD,Monthly Atmospheric Carbon Dioxide Concentrations,Parts Per Million,"Dr. Pieter Tans, National Oceanic and Atmospheric Administration (NOAA). Global Monitoring Laboratory, Trends in Atmospheric Carbon Dioxide Data (https://gml.noaa.gov/ccgg/trends/) and Dr. Ralph Keeling, Scripps Institution of Oceanography, Carbon Dioxide Measurements (https://scrippsco2.ucsd.edu/).",ECCA,Atmospheric Carbon Dioxide Concentrations,"Environment, Climate Change, Climate and Weather, Atmospheric Carbon Dioxide Concentrations",1987M03,349.81
World,,WLD,"Monthly Atmospheric Carbon Dioxide Concentrations, Year on Year Percentage Change",Percent,"Dr. Pieter Tans, National Oceanic and Atmospheric Administration (NOAA). Global Monitoring Laboratory, Trends in Atmospheric Carbon Dioxide Data (https://gml.noaa.gov/ccgg/trends/) and Dr. Ralph Keeling, Scripps Institution of Oceanography, Carbon Dioxide Measurements (https://scrippsco2.ucsd.edu/).",ECCA,Atmospheric Carbon Dioxide Concentrations,"Environment, Climate Change, Climate and Weather, Atmospheric Carbon Dioxide Concentrations",1987M03,0.45
World,,WLD,Monthly Atmospheric Carbon Dioxide Concentrations,Parts Per Million,"Dr. Pieter Tans, National Oceanic and Atmospheric Administration (NOAA). Global Monitoring Laboratory, Trends in Atmospheric Carbon Dioxide Data (https://gml.noaa.gov/ccgg/trends/) and Dr. Ralph Keeling, Scripps Institution of Oceanography, Carbon Dioxide Measurements (https://scrippsco2.ucsd.edu/).",ECCA,Atmospheric Carbon Dioxide Concentrations,"Environment, Climate Change, Climate and Weather, Atmospheric Carbon Dioxide Concentrations",1987M04,351.4
World,,WLD,"Monthly Atmospheric Carbon Dioxide Concentrations, Year on Year Percentage Change",Percent,"Dr. Pieter Tans, National Oceanic and Atmospheric Administration (NOAA). Global Monitoring Laboratory, Trends in Atmospheric Carbon Dioxide Data (https://gml.noaa.gov/ccgg/trends/) and Dr. Ralph Keeling, Scripps Institution of Oceanography, Carbon Dioxide Measurements (https://scrippsco2.ucsd.edu/).",ECCA,Atmospheric Carbon Dioxide Concentrations,"Environment, Climate Change, Climate and Weather, Atmospheric Carbon Dioxide Concentrations",1987M04,0.44
World,,WLD,Monthly Atmospheric Carbon Dioxide Concentrations,Parts Per Million,"Dr. Pieter Tans, National Oceanic and Atmospheric Administration (NOAA). Global Monitoring Laboratory, Trends in Atmospheric Carbon Dioxide Data (https://gml.noaa.gov/ccgg/trends/) and Dr. Ralph Keeling, Scripps Institution of Oceanography, Carbon Dioxide Measurements (https://scrippsco2.ucsd.edu/).",ECCA,Atmospheric Carbon Dioxide Concentrations,"Environment, Climate Change, Climate and Weather, Atmospheric Carbon Dioxide Concentrations",1987M05,352.15
World,,WLD,"Monthly Atmospheric Carbon Dioxide Concentrations, Year on Year Percentage Change",Percent,"Dr. Pieter Tans, National Oceanic and Atmospheric Administration (NOAA). Global Monitoring Laboratory, Trends in Atmospheric Carbon Dioxide Data (https://gml.noaa.gov/ccgg/trends/) and Dr. Ralph Keeling, Scripps Institution of Oceanography, Carbon Dioxide Measurements (https://scrippsco2.ucsd.edu/).",ECCA,Atmospheric Carbon Dioxide Concentrations,"Environment, Climate Change, Climate and Weather, Atmospheric Carbon Dioxide Concentrations",1987M05,0.47
World,,WLD,Monthly Atmospheric Carbon Dioxide Concentrations,Parts Per Million,"Dr. Pieter Tans, National Oceanic and Atmospheric Administration (NOAA). Global Monitoring Laboratory, Trends in Atmospheric Carbon Dioxide Data (https://gml.noaa.gov/ccgg/trends/) and Dr. Ralph Keeling, Scripps Institution of Oceanography, Carbon Dioxide Measurements (https://scrippsco2.ucsd.edu/).",ECCA,Atmospheric Carbon Dioxide Concentrations,"Environment, Climate Change, Climate and Weather, Atmospheric Carbon Dioxide Concentrations",1987M06,351.58
World,,WLD,"Monthly Atmospheric Carbon Dioxide Concentrations, Year on Year Percentage Change",Percent,"Dr. Pieter Tans, National Oceanic and Atmospheric Administration (NOAA). Global Monitoring Laboratory, Trends in Atmospheric Carbon Dioxide Data (https://gml.noaa.gov/ccgg/trends/) and Dr. Ralph Keeling, Scripps Institution of Oceanography, Carbon Dioxide Measurements (https://scrippsco2.ucsd.edu/).",ECCA,Atmospheric Carbon Dioxide Concentrations,"Environment, Climate Change, Climate and Weather, Atmospheric Carbon Dioxide Concentrations",1987M06,0.46
World,,WLD,Monthly Atmospheric Carbon Dioxide Concentrations,Parts Per Million,"Dr. Pieter Tans, National Oceanic and Atmospheric Administration (NOAA). Global Monitoring Laboratory, Trends in Atmospheric Carbon Dioxide Data (https://gml.noaa.gov/ccgg/trends/) and Dr. Ralph Keeling, Scripps Institution of Oceanography, Carbon Dioxide Measurements (https://scrippsco2.ucsd.edu/).",ECCA,Atmospheric Carbon Dioxide Concentrations,"Environment, Climate Change, Climate and Weather, Atmospheric Carbon Dioxide Concentrations",1987M07,350.21
World,,WLD,"Monthly Atmospheric Carbon Dioxide Concentrations, Year on Year Percentage Change",Percent,"Dr. Pieter Tans, National Oceanic and Atmospheric Administration (NOAA). Global Monitoring Laboratory, Trends in Atmospheric Carbon Dioxide Data (https://gml.noaa.gov/ccgg/trends/) and Dr. Ralph Keeling, Scripps Institution of Oceanography, Carbon Dioxide Measurements (https://scrippsco2.ucsd.edu/).",ECCA,Atmospheric Carbon Dioxide Concentrations,"Environment, Climate Change, Climate and Weather, Atmospheric Carbon Dioxide Concentrations",1987M07,0.56
World,,WLD,Monthly Atmospheric Carbon Dioxide Concentrations,Parts Per Million,"Dr. Pieter Tans, National Oceanic and Atmospheric Administration (NOAA). Global Monitoring Laboratory, Trends in Atmospheric Carbon Dioxide Data (https://gml.noaa.gov/ccgg/trends/) and Dr. Ralph Keeling, Scripps Institution of Oceanography, Carbon Dioxide Measurements (https://scrippsco2.ucsd.edu/).",ECCA,Atmospheric Carbon Dioxide Concentrations,"Environment, Climate Change, Climate and Weather, Atmospheric Carbon Dioxide Concentrations",1987M08,348.2
World,,WLD,"Monthly Atmospheric Carbon Dioxide Concentrations, Year on Year Percentage Change",Percent,"Dr. Pieter Tans, National Oceanic and Atmospheric Administration (NOAA). Global Monitoring Laboratory, Trends in Atmospheric Carbon Dioxide Data (https://gml.noaa.gov/ccgg/trends/) and Dr. Ralph Keeling, Scripps Institution of Oceanography, Carbon Dioxide Measurements (https://scrippsco2.ucsd.edu/).",ECCA,Atmospheric Carbon Dioxide Concentrations,"Environment, Climate Change, Climate and Weather, Atmospheric Carbon Dioxide Concentrations",1987M08,0.59
World,,WLD,Monthly Atmospheric Carbon Dioxide Concentrations,Parts Per Million,"Dr. Pieter Tans, National Oceanic and Atmospheric Administration (NOAA). Global Monitoring Laboratory, Trends in Atmospheric Carbon Dioxide Data (https://gml.noaa.gov/ccgg/trends/) and Dr. Ralph Keeling, Scripps Institution of Oceanography, Carbon Dioxide Measurements (https://scrippsco2.ucsd.edu/).",ECCA,Atmospheric Carbon Dioxide Concentrations,"Environment, Climate Change, Climate and Weather, Atmospheric Carbon Dioxide Concentrations",1987M09,346.66
World,,WLD,"Monthly Atmospheric Carbon Dioxide Concentrations, Year on Year Percentage Change",Percent,"Dr. Pieter Tans, National Oceanic and Atmospheric Administration (NOAA). Global Monitoring Laboratory, Trends in Atmospheric Carbon Dioxide Data (https://gml.noaa.gov/ccgg/trends/) and Dr. Ralph Keeling, Scripps Institution of Oceanography, Carbon Dioxide Measurements (https://scrippsco2.ucsd.edu/).",ECCA,Atmospheric Carbon Dioxide Concentrations,"Environment, Climate Change, Climate and Weather, Atmospheric Carbon Dioxide Concentrations",1987M09,0.34
World,,WLD,Monthly Atmospheric Carbon Dioxide Concentrations,Parts Per Million,"Dr. Pieter Tans, National Oceanic and Atmospheric Administration (NOAA). Global Monitoring Laboratory, Trends in Atmospheric Carbon Dioxide Data (https://gml.noaa.gov/ccgg/trends/) and Dr. Ralph Keeling, Scripps Institution of Oceanography, Carbon Dioxide Measurements (https://scrippsco2.ucsd.edu/).",ECCA,Atmospheric Carbon Dioxide Concentrations,"Environment, Climate Change, Climate and Weather, Atmospheric Carbon Dioxide Concentrations",1987M10,346.72
World,,WLD,"Monthly Atmospheric Carbon Dioxide Concentrations, Year on Year Percentage Change",Percent,"Dr. Pieter Tans, National Oceanic and Atmospheric Administration (NOAA). Global Monitoring Laboratory, Trends in Atmospheric Carbon Dioxide Data (https://gml.noaa.gov/ccgg/trends/) and Dr. Ralph Keeling, Scripps Institution of Oceanography, Carbon Dioxide Measurements (https://scrippsco2.ucsd.edu/).",ECCA,Atmospheric Carbon Dioxide Concentrations,"Environment, Climate Change, Climate and Weather, Atmospheric Carbon Dioxide Concentrations",1987M10,0.55
World,,WLD,Monthly Atmospheric Carbon Dioxide Concentrations,Parts Per Million,"Dr. Pieter Tans, National Oceanic and Atmospheric Administration (NOAA). Global Monitoring Laboratory, Trends in Atmospheric Carbon Dioxide Data (https://gml.noaa.gov/ccgg/trends/) and Dr. Ralph Keeling, Scripps Institution of Oceanography, Carbon Dioxide Measurements (https://scrippsco2.ucsd.edu/).",ECCA,Atmospheric Carbon Dioxide Concentrations,"Environment, Climate Change, Climate and Weather, Atmospheric Carbon Dioxide Concentrations",1987M11,348.08
World,,WLD,"Monthly Atmospheric Carbon Dioxide Concentrations, Year on Year Percentage Change",Percent,"Dr. Pieter Tans, National Oceanic and Atmospheric Administration (NOAA). Global Monitoring Laboratory, Trends in Atmospheric Carbon Dioxide Data (https://gml.noaa.gov/ccgg/trends/) and Dr. Ralph Keeling, Scripps Institution of Oceanography, Carbon Dioxide Measurements (https://scrippsco2.ucsd.edu/).",ECCA,Atmospheric Carbon Dioxide Concentrations,"Environment, Climate Change, Climate and Weather, Atmospheric Carbon Dioxide Concentrations",1987M11,0.54
World,,WLD,Monthly Atmospheric Carbon Dioxide Concentrations,Parts Per Million,"Dr. Pieter Tans, National Oceanic and Atmospheric Administration (NOAA). Global Monitoring Laboratory, Trends in Atmospheric Carbon Dioxide Data (https://gml.noaa.gov/ccgg/trends/) and Dr. Ralph Keeling, Scripps Institution of Oceanography, Carbon Dioxide Measurements (https://scrippsco2.ucsd.edu/).",ECCA,Atmospheric Carbon Dioxide Concentrations,"Environment, Climate Change, Climate and Weather, Atmospheric Carbon Dioxide Concentrations",1987M12,349.28
World,,WLD,"Monthly Atmospheric Carbon Dioxide Concentrations, Year on Year Percentage Change",Percent,"Dr. Pieter Tans, National Oceanic and Atmospheric Administration (NOAA). Global Monitoring Laboratory, Trends in Atmospheric Carbon Dioxide Data (https://gml.noaa.gov/ccgg/trends/) and Dr. Ralph Keeling, Scripps Institution of Oceanography, Carbon Dioxide Measurements (https://scrippsco2.ucsd.edu/).",ECCA,Atmospheric Carbon Dioxide Concentrations,"Environment, Climate Change, Climate and Weather, Atmospheric Carbon Dioxide Concentrations",1987M12,0.52
World,,WLD,Monthly Atmospheric Carbon Dioxide Concentrations,Parts Per Million,"Dr. Pieter Tans, National Oceanic and Atmospheric Administration (NOAA). Global Monitoring Laboratory, Trends in Atmospheric Carbon Dioxide Data (https://gml.noaa.gov/ccgg/trends/) and Dr. Ralph Keeling, Scripps Institution of Oceanography, Carbon Dioxide Measurements (https://scrippsco2.ucsd.edu/).",ECCA,Atmospheric Carbon Dioxide Concentrations,"Environment, Climate Change, Climate and Weather, Atmospheric Carbon Dioxide Concentrations",1988M01,350.51
World,,WLD,"Monthly Atmospheric Carbon Dioxide Concentrations, Year on Year Percentage Change",Percent,"Dr. Pieter Tans, National Oceanic and Atmospheric Administration (NOAA). Global Monitoring Laboratory, Trends in Atmospheric Carbon Dioxide Data (https://gml.noaa.gov/ccgg/trends/) and Dr. Ralph Keeling, Scripps Institution of Oceanography, Carbon Dioxide Measurements (https://scrippsco2.ucsd.edu/).",ECCA,Atmospheric Carbon Dioxide Concentrations,"Environment, Climate Change, Climate and Weather, Atmospheric Carbon Dioxide Concentrations",1988M01,0.51
World,,WLD,Monthly Atmospheric Carbon Dioxide Concentrations,Parts Per Million,"Dr. Pieter Tans, National Oceanic and Atmospheric Administration (NOAA). Global Monitoring Laboratory, Trends in Atmospheric Carbon Dioxide Data (https://gml.noaa.gov/ccgg/trends/) and Dr. Ralph Keeling, Scripps Institution of Oceanography, Carbon Dioxide Measurements (https://scrippsco2.ucsd.edu/).",ECCA,Atmospheric Carbon Dioxide Concentrations,"Environment, Climate Change, Climate and Weather, Atmospheric Carbon Dioxide Concentrations",1988M02,351.7
World,,WLD,"Monthly Atmospheric Carbon Dioxide Concentrations, Year on Year Percentage Change",Percent,"Dr. Pieter Tans, National Oceanic and Atmospheric Administration (NOAA). Global Monitoring Laboratory, Trends in Atmospheric Carbon Dioxide Data (https://gml.noaa.gov/ccgg/trends/) and Dr. Ralph Keeling, Scripps Institution of Oceanography, Carbon Dioxide Measurements (https://scrippsco2.ucsd.edu/).",ECCA,Atmospheric Carbon Dioxide Concentrations,"Environment, Climate Change, Climate and Weather, Atmospheric Carbon Dioxide Concentrations",1988M02,0.8
World,,WLD,Monthly Atmospheric Carbon Dioxide Concentrations,Parts Per Million,"Dr. Pieter Tans, National Oceanic and Atmospheric Administration (NOAA). Global Monitoring Laboratory, Trends in Atmospheric Carbon Dioxide Data (https://gml.noaa.gov/ccgg/trends/) and Dr. Ralph Keeling, Scripps Institution of Oceanography, Carbon Dioxide Measurements (https://scrippsco2.ucsd.edu/).",ECCA,Atmospheric Carbon Dioxide Concentrations,"Environment, Climate Change, Climate and Weather, Atmospheric Carbon Dioxide Concentrations",1988M03,352.5
World,,WLD,"Monthly Atmospheric Carbon Dioxide Concentrations, Year on Year Percentage Change",Percent,"Dr. Pieter Tans, National Oceanic and Atmospheric Administration (NOAA). Global Monitoring Laboratory, Trends in Atmospheric Carbon Dioxide Data (https://gml.noaa.gov/ccgg/trends/) and Dr. Ralph Keeling, Scripps Institution of Oceanography, Carbon Dioxide Measurements (https://scrippsco2.ucsd.edu/).",ECCA,Atmospheric Carbon Dioxide Concentrations,"Environment, Climate Change, Climate and Weather, Atmospheric Carbon Dioxide Concentrations",1988M03,0.77
World,,WLD,Monthly Atmospheric Carbon Dioxide Concentrations,Parts Per Million,"Dr. Pieter Tans, National Oceanic and Atmospheric Administration (NOAA). Global Monitoring Laboratory, Trends in Atmospheric Carbon Dioxide Data (https://gml.noaa.gov/ccgg/trends/) and Dr. Ralph Keeling, Scripps Institution of Oceanography, Carbon Dioxide Measurements (https://scrippsco2.ucsd.edu/).",ECCA,Atmospheric Carbon Dioxide Concentrations,"Environment, Climate Change, Climate and Weather, Atmospheric Carbon Dioxide Concentrations",1988M04,353.67
World,,WLD,"Monthly Atmospheric Carbon Dioxide Concentrations, Year on Year Percentage Change",Percent,"Dr. Pieter Tans, National Oceanic and Atmospheric Administration (NOAA). Global Monitoring Laboratory, Trends in Atmospheric Carbon Dioxide Data (https://gml.noaa.gov/ccgg/trends/) and Dr. Ralph Keeling, Scripps Institution of Oceanography, Carbon Dioxide Measurements (https://scrippsco2.ucsd.edu/).",ECCA,Atmospheric Carbon Dioxide Concentrations,"Environment, Climate Change, Climate and Weather, Atmospheric Carbon Dioxide Concentrations",1988M04,0.65
World,,WLD,Monthly Atmospheric Carbon Dioxide Concentrations,Parts Per Million,"Dr. Pieter Tans, National Oceanic and Atmospheric Administration (NOAA). Global Monitoring Laboratory, Trends in Atmospheric Carbon Dioxide Data (https://gml.noaa.gov/ccgg/trends/) and Dr. Ralph Keeling, Scripps Institution of Oceanography, Carbon Dioxide Measurements (https://scrippsco2.ucsd.edu/).",ECCA,Atmospheric Carbon Dioxide Concentrations,"Environment, Climate Change, Climate and Weather, Atmospheric Carbon Dioxide Concentrations",1988M05,354.35
World,,WLD,"Monthly Atmospheric Carbon Dioxide Concentrations, Year on Year Percentage Change",Percent,"Dr. Pieter Tans, National Oceanic and Atmospheric Administration (NOAA). Global Monitoring Laboratory, Trends in Atmospheric Carbon Dioxide Data (https://gml.noaa.gov/ccgg/trends/) and Dr. Ralph Keeling, Scripps Institution of Oceanography, Carbon Dioxide Measurements (https://scrippsco2.ucsd.edu/).",ECCA,Atmospheric Carbon Dioxide Concentrations,"Environment, Climate Change, Climate and Weather, Atmospheric Carbon Dioxide Concentrations",1988M05,0.62
World,,WLD,Monthly Atmospheric Carbon Dioxide Concentrations,Parts Per Million,"Dr. Pieter Tans, National Oceanic and Atmospheric Administration (NOAA). Global Monitoring Laboratory, Trends in Atmospheric Carbon Dioxide Data (https://gml.noaa.gov/ccgg/trends/) and Dr. Ralph Keeling, Scripps Institution of Oceanography, Carbon Dioxide Measurements (https://scrippsco2.ucsd.edu/).",ECCA,Atmospheric Carbon Dioxide Concentrations,"Environment, Climate Change, Climate and Weather, Atmospheric Carbon Dioxide Concentrations",1988M06,353.88
World,,WLD,"Monthly Atmospheric Carbon Dioxide Concentrations, Year on Year Percentage Change",Percent,"Dr. Pieter Tans, National Oceanic and Atmospheric Administration (NOAA). Global Monitoring Laboratory, Trends in Atmospheric Carbon Dioxide Data (https://gml.noaa.gov/ccgg/trends/) and Dr. Ralph Keeling, Scripps Institution of Oceanography, Carbon Dioxide Measurements (https://scrippsco2.ucsd.edu/).",ECCA,Atmospheric Carbon Dioxide Concentrations,"Environment, Climate Change, Climate and Weather, Atmospheric Carbon Dioxide Concentrations",1988M06,0.65
World,,WLD,Monthly Atmospheric Carbon Dioxide Concentrations,Parts Per Million,"Dr. Pieter Tans, National Oceanic and Atmospheric Administration (NOAA). Global Monitoring Laboratory, Trends in Atmospheric Carbon Dioxide Data (https://gml.noaa.gov/ccgg/trends/) and Dr. Ralph Keeling, Scripps Institution of Oceanography, Carbon Dioxide Measurements (https://scrippsco2.ucsd.edu/).",ECCA,Atmospheric Carbon Dioxide Concentrations,"Environment, Climate Change, Climate and Weather, Atmospheric Carbon Dioxide Concentrations",1988M07,352.8
World,,WLD,"Monthly Atmospheric Carbon Dioxide Concentrations, Year on Year Percentage Change",Percent,"Dr. Pieter Tans, National Oceanic and Atmospheric Administration (NOAA). Global Monitoring Laboratory, Trends in Atmospheric Carbon Dioxide Data (https://gml.noaa.gov/ccgg/trends/) and Dr. Ralph Keeling, Scripps Institution of Oceanography, Carbon Dioxide Measurements (https://scrippsco2.ucsd.edu/).",ECCA,Atmospheric Carbon Dioxide Concentrations,"Environment, Climate Change, Climate and Weather, Atmospheric Carbon Dioxide Concentrations",1988M07,0.74
World,,WLD,Monthly Atmospheric Carbon Dioxide Concentrations,Parts Per Million,"Dr. Pieter Tans, National Oceanic and Atmospheric Administration (NOAA). Global Monitoring Laboratory, Trends in Atmospheric Carbon Dioxide Data (https://gml.noaa.gov/ccgg/trends/) and Dr. Ralph Keeling, Scripps Institution of Oceanography, Carbon Dioxide Measurements (https://scrippsco2.ucsd.edu/).",ECCA,Atmospheric Carbon Dioxide Concentrations,"Environment, Climate Change, Climate and Weather, Atmospheric Carbon Dioxide Concentrations",1988M08,350.49
World,,WLD,"Monthly Atmospheric Carbon Dioxide Concentrations, Year on Year Percentage Change",Percent,"Dr. Pieter Tans, National Oceanic and Atmospheric Administration (NOAA). Global Monitoring Laboratory, Trends in Atmospheric Carbon Dioxide Data (https://gml.noaa.gov/ccgg/trends/) and Dr. Ralph Keeling, Scripps Institution of Oceanography, Carbon Dioxide Measurements (https://scrippsco2.ucsd.edu/).",ECCA,Atmospheric Carbon Dioxide Concentrations,"Environment, Climate Change, Climate and Weather, Atmospheric Carbon Dioxide Concentrations",1988M08,0.66
World,,WLD,Monthly Atmospheric Carbon Dioxide Concentrations,Parts Per Million,"Dr. Pieter Tans, National Oceanic and Atmospheric Administration (NOAA). Global Monitoring Laboratory, Trends in Atmospheric Carbon Dioxide Data (https://gml.noaa.gov/ccgg/trends/) and Dr. Ralph Keeling, Scripps Institution of Oceanography, Carbon Dioxide Measurements (https://scrippsco2.ucsd.edu/).",ECCA,Atmospheric Carbon Dioxide Concentrations,"Environment, Climate Change, Climate and Weather, Atmospheric Carbon Dioxide Concentrations",1988M09,348.97
World,,WLD,"Monthly Atmospheric Carbon Dioxide Concentrations, Year on Year Percentage Change",Percent,"Dr. Pieter Tans, National Oceanic and Atmospheric Administration (NOAA). Global Monitoring Laboratory, Trends in Atmospheric Carbon Dioxide Data (https://gml.noaa.gov/ccgg/trends/) and Dr. Ralph Keeling, Scripps Institution of Oceanography, Carbon Dioxide Measurements (https://scrippsco2.ucsd.edu/).",ECCA,Atmospheric Carbon Dioxide Concentrations,"Environment, Climate Change, Climate and Weather, Atmospheric Carbon Dioxide Concentrations",1988M09,0.67
World,,WLD,Monthly Atmospheric Carbon Dioxide Concentrations,Parts Per Million,"Dr. Pieter Tans, National Oceanic and Atmospheric Administration (NOAA). Global Monitoring Laboratory, Trends in Atmospheric Carbon Dioxide Data (https://gml.noaa.gov/ccgg/trends/) and Dr. Ralph Keeling, Scripps Institution of Oceanography, Carbon Dioxide Measurements (https://scrippsco2.ucsd.edu/).",ECCA,Atmospheric Carbon Dioxide Concentrations,"Environment, Climate Change, Climate and Weather, Atmospheric Carbon Dioxide Concentrations",1988M10,349.37
World,,WLD,"Monthly Atmospheric Carbon Dioxide Concentrations, Year on Year Percentage Change",Percent,"Dr. Pieter Tans, National Oceanic and Atmospheric Administration (NOAA). Global Monitoring Laboratory, Trends in Atmospheric Carbon Dioxide Data (https://gml.noaa.gov/ccgg/trends/) and Dr. Ralph Keeling, Scripps Institution of Oceanography, Carbon Dioxide Measurements (https://scrippsco2.ucsd.edu/).",ECCA,Atmospheric Carbon Dioxide Concentrations,"Environment, Climate Change, Climate and Weather, Atmospheric Carbon Dioxide Concentrations",1988M10,0.76
World,,WLD,Monthly Atmospheric Carbon Dioxide Concentrations,Parts Per Million,"Dr. Pieter Tans, National Oceanic and Atmospheric Administration (NOAA). Global Monitoring Laboratory, Trends in Atmospheric Carbon Dioxide Data (https://gml.noaa.gov/ccgg/trends/) and Dr. Ralph Keeling, Scripps Institution of Oceanography, Carbon Dioxide Measurements (https://scrippsco2.ucsd.edu/).",ECCA,Atmospheric Carbon Dioxide Concentrations,"Environment, Climate Change, Climate and Weather, Atmospheric Carbon Dioxide Concentrations",1988M11,350.43
World,,WLD,"Monthly Atmospheric Carbon Dioxide Concentrations, Year on Year Percentage Change",Percent,"Dr. Pieter Tans, National Oceanic and Atmospheric Administration (NOAA). Global Monitoring Laboratory, Trends in Atmospheric Carbon Dioxide Data (https://gml.noaa.gov/ccgg/trends/) and Dr. Ralph Keeling, Scripps Institution of Oceanography, Carbon Dioxide Measurements (https://scrippsco2.ucsd.edu/).",ECCA,Atmospheric Carbon Dioxide Concentrations,"Environment, Climate Change, Climate and Weather, Atmospheric Carbon Dioxide Concentrations",1988M11,0.68
World,,WLD,Monthly Atmospheric Carbon Dioxide Concentrations,Parts Per Million,"Dr. Pieter Tans, National Oceanic and Atmospheric Administration (NOAA). Global Monitoring Laboratory, Trends in Atmospheric Carbon Dioxide Data (https://gml.noaa.gov/ccgg/trends/) and Dr. Ralph Keeling, Scripps Institution of Oceanography, Carbon Dioxide Measurements (https://scrippsco2.ucsd.edu/).",ECCA,Atmospheric Carbon Dioxide Concentrations,"Environment, Climate Change, Climate and Weather, Atmospheric Carbon Dioxide Concentrations",1988M12,351.62
World,,WLD,"Monthly Atmospheric Carbon Dioxide Concentrations, Year on Year Percentage Change",Percent,"Dr. Pieter Tans, National Oceanic and Atmospheric Administration (NOAA). Global Monitoring Laboratory, Trends in Atmospheric Carbon Dioxide Data (https://gml.noaa.gov/ccgg/trends/) and Dr. Ralph Keeling, Scripps Institution of Oceanography, Carbon Dioxide Measurements (https://scrippsco2.ucsd.edu/).",ECCA,Atmospheric Carbon Dioxide Concentrations,"Environment, Climate Change, Climate and Weather, Atmospheric Carbon Dioxide Concentrations",1988M12,0.67
World,,WLD,Monthly Atmospheric Carbon Dioxide Concentrations,Parts Per Million,"Dr. Pieter Tans, National Oceanic and Atmospheric Administration (NOAA). Global Monitoring Laboratory, Trends in Atmospheric Carbon Dioxide Data (https://gml.noaa.gov/ccgg/trends/) and Dr. Ralph Keeling, Scripps Institution of Oceanography, Carbon Dioxide Measurements (https://scrippsco2.ucsd.edu/).",ECCA,Atmospheric Carbon Dioxide Concentrations,"Environment, Climate Change, Climate and Weather, Atmospheric Carbon Dioxide Concentrations",1989M01,353.07
World,,WLD,"Monthly Atmospheric Carbon Dioxide Concentrations, Year on Year Percentage Change",Percent,"Dr. Pieter Tans, National Oceanic and Atmospheric Administration (NOAA). Global Monitoring Laboratory, Trends in Atmospheric Carbon Dioxide Data (https://gml.noaa.gov/ccgg/trends/) and Dr. Ralph Keeling, Scripps Institution of Oceanography, Carbon Dioxide Measurements (https://scrippsco2.ucsd.edu/).",ECCA,Atmospheric Carbon Dioxide Concentrations,"Environment, Climate Change, Climate and Weather, Atmospheric Carbon Dioxide Concentrations",1989M01,0.73
World,,WLD,Monthly Atmospheric Carbon Dioxide Concentrations,Parts Per Million,"Dr. Pieter Tans, National Oceanic and Atmospheric Administration (NOAA). Global Monitoring Laboratory, Trends in Atmospheric Carbon Dioxide Data (https://gml.noaa.gov/ccgg/trends/) and Dr. Ralph Keeling, Scripps Institution of Oceanography, Carbon Dioxide Measurements (https://scrippsco2.ucsd.edu/).",ECCA,Atmospheric Carbon Dioxide Concentrations,"Environment, Climate Change, Climate and Weather, Atmospheric Carbon Dioxide Concentrations",1989M02,353.43
World,,WLD,"Monthly Atmospheric Carbon Dioxide Concentrations, Year on Year Percentage Change",Percent,"Dr. Pieter Tans, National Oceanic and Atmospheric Administration (NOAA). Global Monitoring Laboratory, Trends in Atmospheric Carbon Dioxide Data (https://gml.noaa.gov/ccgg/trends/) and Dr. Ralph Keeling, Scripps Institution of Oceanography, Carbon Dioxide Measurements (https://scrippsco2.ucsd.edu/).",ECCA,Atmospheric Carbon Dioxide Concentrations,"Environment, Climate Change, Climate and Weather, Atmospheric Carbon Dioxide Concentrations",1989M02,0.49
World,,WLD,Monthly Atmospheric Carbon Dioxide Concentrations,Parts Per Million,"Dr. Pieter Tans, National Oceanic and Atmospheric Administration (NOAA). Global Monitoring Laboratory, Trends in Atmospheric Carbon Dioxide Data (https://gml.noaa.gov/ccgg/trends/) and Dr. Ralph Keeling, Scripps Institution of Oceanography, Carbon Dioxide Measurements (https://scrippsco2.ucsd.edu/).",ECCA,Atmospheric Carbon Dioxide Concentrations,"Environment, Climate Change, Climate and Weather, Atmospheric Carbon Dioxide Concentrations",1989M03,354.08
World,,WLD,"Monthly Atmospheric Carbon Dioxide Concentrations, Year on Year Percentage Change",Percent,"Dr. Pieter Tans, National Oceanic and Atmospheric Administration (NOAA). Global Monitoring Laboratory, Trends in Atmospheric Carbon Dioxide Data (https://gml.noaa.gov/ccgg/trends/) and Dr. Ralph Keeling, Scripps Institution of Oceanography, Carbon Dioxide Measurements (https://scrippsco2.ucsd.edu/).",ECCA,Atmospheric Carbon Dioxide Concentrations,"Environment, Climate Change, Climate and Weather, Atmospheric Carbon Dioxide Concentrations",1989M03,0.45
World,,WLD,Monthly Atmospheric Carbon Dioxide Concentrations,Parts Per Million,"Dr. Pieter Tans, National Oceanic and Atmospheric Administration (NOAA). Global Monitoring Laboratory, Trends in Atmospheric Carbon Dioxide Data (https://gml.noaa.gov/ccgg/trends/) and Dr. Ralph Keeling, Scripps Institution of Oceanography, Carbon Dioxide Measurements (https://scrippsco2.ucsd.edu/).",ECCA,Atmospheric Carbon Dioxide Concentrations,"Environment, Climate Change, Climate and Weather, Atmospheric Carbon Dioxide Concentrations",1989M04,355.72
World,,WLD,"Monthly Atmospheric Carbon Dioxide Concentrations, Year on Year Percentage Change",Percent,"Dr. Pieter Tans, National Oceanic and Atmospheric Administration (NOAA). Global Monitoring Laboratory, Trends in Atmospheric Carbon Dioxide Data (https://gml.noaa.gov/ccgg/trends/) and Dr. Ralph Keeling, Scripps Institution of Oceanography, Carbon Dioxide Measurements (https://scrippsco2.ucsd.edu/).",ECCA,Atmospheric Carbon Dioxide Concentrations,"Environment, Climate Change, Climate and Weather, Atmospheric Carbon Dioxide Concentrations",1989M04,0.58
World,,WLD,Monthly Atmospheric Carbon Dioxide Concentrations,Parts Per Million,"Dr. Pieter Tans, National Oceanic and Atmospheric Administration (NOAA). Global Monitoring Laboratory, Trends in Atmospheric Carbon Dioxide Data (https://gml.noaa.gov/ccgg/trends/) and Dr. Ralph Keeling, Scripps Institution of Oceanography, Carbon Dioxide Measurements (https://scrippsco2.ucsd.edu/).",ECCA,Atmospheric Carbon Dioxide Concentrations,"Environment, Climate Change, Climate and Weather, Atmospheric Carbon Dioxide Concentrations",1989M05,355.95
World,,WLD,"Monthly Atmospheric Carbon Dioxide Concentrations, Year on Year Percentage Change",Percent,"Dr. Pieter Tans, National Oceanic and Atmospheric Administration (NOAA). Global Monitoring Laboratory, Trends in Atmospheric Carbon Dioxide Data (https://gml.noaa.gov/ccgg/trends/) and Dr. Ralph Keeling, Scripps Institution of Oceanography, Carbon Dioxide Measurements (https://scrippsco2.ucsd.edu/).",ECCA,Atmospheric Carbon Dioxide Concentrations,"Environment, Climate Change, Climate and Weather, Atmospheric Carbon Dioxide Concentrations",1989M05,0.45
World,,WLD,Monthly Atmospheric Carbon Dioxide Concentrations,Parts Per Million,"Dr. Pieter Tans, National Oceanic and Atmospheric Administration (NOAA). Global Monitoring Laboratory, Trends in Atmospheric Carbon Dioxide Data (https://gml.noaa.gov/ccgg/trends/) and Dr. Ralph Keeling, Scripps Institution of Oceanography, Carbon Dioxide Measurements (https://scrippsco2.ucsd.edu/).",ECCA,Atmospheric Carbon Dioxide Concentrations,"Environment, Climate Change, Climate and Weather, Atmospheric Carbon Dioxide Concentrations",1989M06,355.44
World,,WLD,"Monthly Atmospheric Carbon Dioxide Concentrations, Year on Year Percentage Change",Percent,"Dr. Pieter Tans, National Oceanic and Atmospheric Administration (NOAA). Global Monitoring Laboratory, Trends in Atmospheric Carbon Dioxide Data (https://gml.noaa.gov/ccgg/trends/) and Dr. Ralph Keeling, Scripps Institution of Oceanography, Carbon Dioxide Measurements (https://scrippsco2.ucsd.edu/).",ECCA,Atmospheric Carbon Dioxide Concentrations,"Environment, Climate Change, Climate and Weather, Atmospheric Carbon Dioxide Concentrations",1989M06,0.44
World,,WLD,Monthly Atmospheric Carbon Dioxide Concentrations,Parts Per Million,"Dr. Pieter Tans, National Oceanic and Atmospheric Administration (NOAA). Global Monitoring Laboratory, Trends in Atmospheric Carbon Dioxide Data (https://gml.noaa.gov/ccgg/trends/) and Dr. Ralph Keeling, Scripps Institution of Oceanography, Carbon Dioxide Measurements (https://scrippsco2.ucsd.edu/).",ECCA,Atmospheric Carbon Dioxide Concentrations,"Environment, Climate Change, Climate and Weather, Atmospheric Carbon Dioxide Concentrations",1989M07,354.05
World,,WLD,"Monthly Atmospheric Carbon Dioxide Concentrations, Year on Year Percentage Change",Percent,"Dr. Pieter Tans, National Oceanic and Atmospheric Administration (NOAA). Global Monitoring Laboratory, Trends in Atmospheric Carbon Dioxide Data (https://gml.noaa.gov/ccgg/trends/) and Dr. Ralph Keeling, Scripps Institution of Oceanography, Carbon Dioxide Measurements (https://scrippsco2.ucsd.edu/).",ECCA,Atmospheric Carbon Dioxide Concentrations,"Environment, Climate Change, Climate and Weather, Atmospheric Carbon Dioxide Concentrations",1989M07,0.35
World,,WLD,Monthly Atmospheric Carbon Dioxide Concentrations,Parts Per Million,"Dr. Pieter Tans, National Oceanic and Atmospheric Administration (NOAA). Global Monitoring Laboratory, Trends in Atmospheric Carbon Dioxide Data (https://gml.noaa.gov/ccgg/trends/) and Dr. Ralph Keeling, Scripps Institution of Oceanography, Carbon Dioxide Measurements (https://scrippsco2.ucsd.edu/).",ECCA,Atmospheric Carbon Dioxide Concentrations,"Environment, Climate Change, Climate and Weather, Atmospheric Carbon Dioxide Concentrations",1989M08,351.84
World,,WLD,"Monthly Atmospheric Carbon Dioxide Concentrations, Year on Year Percentage Change",Percent,"Dr. Pieter Tans, National Oceanic and Atmospheric Administration (NOAA). Global Monitoring Laboratory, Trends in Atmospheric Carbon Dioxide Data (https://gml.noaa.gov/ccgg/trends/) and Dr. Ralph Keeling, Scripps Institution of Oceanography, Carbon Dioxide Measurements (https://scrippsco2.ucsd.edu/).",ECCA,Atmospheric Carbon Dioxide Concentrations,"Environment, Climate Change, Climate and Weather, Atmospheric Carbon Dioxide Concentrations",1989M08,0.39
World,,WLD,Monthly Atmospheric Carbon Dioxide Concentrations,Parts Per Million,"Dr. Pieter Tans, National Oceanic and Atmospheric Administration (NOAA). Global Monitoring Laboratory, Trends in Atmospheric Carbon Dioxide Data (https://gml.noaa.gov/ccgg/trends/) and Dr. Ralph Keeling, Scripps Institution of Oceanography, Carbon Dioxide Measurements (https://scrippsco2.ucsd.edu/).",ECCA,Atmospheric Carbon Dioxide Concentrations,"Environment, Climate Change, Climate and Weather, Atmospheric Carbon Dioxide Concentrations",1989M09,350.09
World,,WLD,"Monthly Atmospheric Carbon Dioxide Concentrations, Year on Year Percentage Change",Percent,"Dr. Pieter Tans, National Oceanic and Atmospheric Administration (NOAA). Global Monitoring Laboratory, Trends in Atmospheric Carbon Dioxide Data (https://gml.noaa.gov/ccgg/trends/) and Dr. Ralph Keeling, Scripps Institution of Oceanography, Carbon Dioxide Measurements (https://scrippsco2.ucsd.edu/).",ECCA,Atmospheric Carbon Dioxide Concentrations,"Environment, Climate Change, Climate and Weather, Atmospheric Carbon Dioxide Concentrations",1989M09,0.32
World,,WLD,Monthly Atmospheric Carbon Dioxide Concentrations,Parts Per Million,"Dr. Pieter Tans, National Oceanic and Atmospheric Administration (NOAA). Global Monitoring Laboratory, Trends in Atmospheric Carbon Dioxide Data (https://gml.noaa.gov/ccgg/trends/) and Dr. Ralph Keeling, Scripps Institution of Oceanography, Carbon Dioxide Measurements (https://scrippsco2.ucsd.edu/).",ECCA,Atmospheric Carbon Dioxide Concentrations,"Environment, Climate Change, Climate and Weather, Atmospheric Carbon Dioxide Concentrations",1989M10,350.33
World,,WLD,"Monthly Atmospheric Carbon Dioxide Concentrations, Year on Year Percentage Change",Percent,"Dr. Pieter Tans, National Oceanic and Atmospheric Administration (NOAA). Global Monitoring Laboratory, Trends in Atmospheric Carbon Dioxide Data (https://gml.noaa.gov/ccgg/trends/) and Dr. Ralph Keeling, Scripps Institution of Oceanography, Carbon Dioxide Measurements (https://scrippsco2.ucsd.edu/).",ECCA,Atmospheric Carbon Dioxide Concentrations,"Environment, Climate Change, Climate and Weather, Atmospheric Carbon Dioxide Concentrations",1989M10,0.27
World,,WLD,Monthly Atmospheric Carbon Dioxide Concentrations,Parts Per Million,"Dr. Pieter Tans, National Oceanic and Atmospheric Administration (NOAA). Global Monitoring Laboratory, Trends in Atmospheric Carbon Dioxide Data (https://gml.noaa.gov/ccgg/trends/) and Dr. Ralph Keeling, Scripps Institution of Oceanography, Carbon Dioxide Measurements (https://scrippsco2.ucsd.edu/).",ECCA,Atmospheric Carbon Dioxide Concentrations,"Environment, Climate Change, Climate and Weather, Atmospheric Carbon Dioxide Concentrations",1989M11,351.55
World,,WLD,"Monthly Atmospheric Carbon Dioxide Concentrations, Year on Year Percentage Change",Percent,"Dr. Pieter Tans, National Oceanic and Atmospheric Administration (NOAA). Global Monitoring Laboratory, Trends in Atmospheric Carbon Dioxide Data (https://gml.noaa.gov/ccgg/trends/) and Dr. Ralph Keeling, Scripps Institution of Oceanography, Carbon Dioxide Measurements (https://scrippsco2.ucsd.edu/).",ECCA,Atmospheric Carbon Dioxide Concentrations,"Environment, Climate Change, Climate and Weather, Atmospheric Carbon Dioxide Concentrations",1989M11,0.32
World,,WLD,Monthly Atmospheric Carbon Dioxide Concentrations,Parts Per Million,"Dr. Pieter Tans, National Oceanic and Atmospheric Administration (NOAA). Global Monitoring Laboratory, Trends in Atmospheric Carbon Dioxide Data (https://gml.noaa.gov/ccgg/trends/) and Dr. Ralph Keeling, Scripps Institution of Oceanography, Carbon Dioxide Measurements (https://scrippsco2.ucsd.edu/).",ECCA,Atmospheric Carbon Dioxide Concentrations,"Environment, Climate Change, Climate and Weather, Atmospheric Carbon Dioxide Concentrations",1989M12,352.91
World,,WLD,"Monthly Atmospheric Carbon Dioxide Concentrations, Year on Year Percentage Change",Percent,"Dr. Pieter Tans, National Oceanic and Atmospheric Administration (NOAA). Global Monitoring Laboratory, Trends in Atmospheric Carbon Dioxide Data (https://gml.noaa.gov/ccgg/trends/) and Dr. Ralph Keeling, Scripps Institution of Oceanography, Carbon Dioxide Measurements (https://scrippsco2.ucsd.edu/).",ECCA,Atmospheric Carbon Dioxide Concentrations,"Environment, Climate Change, Climate and Weather, Atmospheric Carbon Dioxide Concentrations",1989M12,0.37
World,,WLD,Monthly Atmospheric Carbon Dioxide Concentrations,Parts Per Million,"Dr. Pieter Tans, National Oceanic and Atmospheric Administration (NOAA). Global Monitoring Laboratory, Trends in Atmospheric Carbon Dioxide Data (https://gml.noaa.gov/ccgg/trends/) and Dr. Ralph Keeling, Scripps Institution of Oceanography, Carbon Dioxide Measurements (https://scrippsco2.ucsd.edu/).",ECCA,Atmospheric Carbon Dioxide Concentrations,"Environment, Climate Change, Climate and Weather, Atmospheric Carbon Dioxide Concentrations",1990M01,353.86
World,,WLD,"Monthly Atmospheric Carbon Dioxide Concentrations, Year on Year Percentage Change",Percent,"Dr. Pieter Tans, National Oceanic and Atmospheric Administration (NOAA). Global Monitoring Laboratory, Trends in Atmospheric Carbon Dioxide Data (https://gml.noaa.gov/ccgg/trends/) and Dr. Ralph Keeling, Scripps Institution of Oceanography, Carbon Dioxide Measurements (https://scrippsco2.ucsd.edu/).",ECCA,Atmospheric Carbon Dioxide Concentrations,"Environment, Climate Change, Climate and Weather, Atmospheric Carbon Dioxide Concentrations",1990M01,0.22
World,,WLD,Monthly Atmospheric Carbon Dioxide Concentrations,Parts Per Million,"Dr. Pieter Tans, National Oceanic and Atmospheric Administration (NOAA). Global Monitoring Laboratory, Trends in Atmospheric Carbon Dioxide Data (https://gml.noaa.gov/ccgg/trends/) and Dr. Ralph Keeling, Scripps Institution of Oceanography, Carbon Dioxide Measurements (https://scrippsco2.ucsd.edu/).",ECCA,Atmospheric Carbon Dioxide Concentrations,"Environment, Climate Change, Climate and Weather, Atmospheric Carbon Dioxide Concentrations",1990M02,355.1
World,,WLD,"Monthly Atmospheric Carbon Dioxide Concentrations, Year on Year Percentage Change",Percent,"Dr. Pieter Tans, National Oceanic and Atmospheric Administration (NOAA). Global Monitoring Laboratory, Trends in Atmospheric Carbon Dioxide Data (https://gml.noaa.gov/ccgg/trends/) and Dr. Ralph Keeling, Scripps Institution of Oceanography, Carbon Dioxide Measurements (https://scrippsco2.ucsd.edu/).",ECCA,Atmospheric Carbon Dioxide Concentrations,"Environment, Climate Change, Climate and Weather, Atmospheric Carbon Dioxide Concentrations",1990M02,0.47
World,,WLD,Monthly Atmospheric Carbon Dioxide Concentrations,Parts Per Million,"Dr. Pieter Tans, National Oceanic and Atmospheric Administration (NOAA). Global Monitoring Laboratory, Trends in Atmospheric Carbon Dioxide Data (https://gml.noaa.gov/ccgg/trends/) and Dr. Ralph Keeling, Scripps Institution of Oceanography, Carbon Dioxide Measurements (https://scrippsco2.ucsd.edu/).",ECCA,Atmospheric Carbon Dioxide Concentrations,"Environment, Climate Change, Climate and Weather, Atmospheric Carbon Dioxide Concentrations",1990M03,355.75
World,,WLD,"Monthly Atmospheric Carbon Dioxide Concentrations, Year on Year Percentage Change",Percent,"Dr. Pieter Tans, National Oceanic and Atmospheric Administration (NOAA). Global Monitoring Laboratory, Trends in Atmospheric Carbon Dioxide Data (https://gml.noaa.gov/ccgg/trends/) and Dr. Ralph Keeling, Scripps Institution of Oceanography, Carbon Dioxide Measurements (https://scrippsco2.ucsd.edu/).",ECCA,Atmospheric Carbon Dioxide Concentrations,"Environment, Climate Change, Climate and Weather, Atmospheric Carbon Dioxide Concentrations",1990M03,0.47
World,,WLD,Monthly Atmospheric Carbon Dioxide Concentrations,Parts Per Million,"Dr. Pieter Tans, National Oceanic and Atmospheric Administration (NOAA). Global Monitoring Laboratory, Trends in Atmospheric Carbon Dioxide Data (https://gml.noaa.gov/ccgg/trends/) and Dr. Ralph Keeling, Scripps Institution of Oceanography, Carbon Dioxide Measurements (https://scrippsco2.ucsd.edu/).",ECCA,Atmospheric Carbon Dioxide Concentrations,"Environment, Climate Change, Climate and Weather, Atmospheric Carbon Dioxide Concentrations",1990M04,356.38
World,,WLD,"Monthly Atmospheric Carbon Dioxide Concentrations, Year on Year Percentage Change",Percent,"Dr. Pieter Tans, National Oceanic and Atmospheric Administration (NOAA). Global Monitoring Laboratory, Trends in Atmospheric Carbon Dioxide Data (https://gml.noaa.gov/ccgg/trends/) and Dr. Ralph Keeling, Scripps Institution of Oceanography, Carbon Dioxide Measurements (https://scrippsco2.ucsd.edu/).",ECCA,Atmospheric Carbon Dioxide Concentrations,"Environment, Climate Change, Climate and Weather, Atmospheric Carbon Dioxide Concentrations",1990M04,0.19
World,,WLD,Monthly Atmospheric Carbon Dioxide Concentrations,Parts Per Million,"Dr. Pieter Tans, National Oceanic and Atmospheric Administration (NOAA). Global Monitoring Laboratory, Trends in Atmospheric Carbon Dioxide Data (https://gml.noaa.gov/ccgg/trends/) and Dr. Ralph Keeling, Scripps Institution of Oceanography, Carbon Dioxide Measurements (https://scrippsco2.ucsd.edu/).",ECCA,Atmospheric Carbon Dioxide Concentrations,"Environment, Climate Change, Climate and Weather, Atmospheric Carbon Dioxide Concentrations",1990M05,357.38
World,,WLD,"Monthly Atmospheric Carbon Dioxide Concentrations, Year on Year Percentage Change",Percent,"Dr. Pieter Tans, National Oceanic and Atmospheric Administration (NOAA). Global Monitoring Laboratory, Trends in Atmospheric Carbon Dioxide Data (https://gml.noaa.gov/ccgg/trends/) and Dr. Ralph Keeling, Scripps Institution of Oceanography, Carbon Dioxide Measurements (https://scrippsco2.ucsd.edu/).",ECCA,Atmospheric Carbon Dioxide Concentrations,"Environment, Climate Change, Climate and Weather, Atmospheric Carbon Dioxide Concentrations",1990M05,0.4
World,,WLD,Monthly Atmospheric Carbon Dioxide Concentrations,Parts Per Million,"Dr. Pieter Tans, National Oceanic and Atmospheric Administration (NOAA). Global Monitoring Laboratory, Trends in Atmospheric Carbon Dioxide Data (https://gml.noaa.gov/ccgg/trends/) and Dr. Ralph Keeling, Scripps Institution of Oceanography, Carbon Dioxide Measurements (https://scrippsco2.ucsd.edu/).",ECCA,Atmospheric Carbon Dioxide Concentrations,"Environment, Climate Change, Climate and Weather, Atmospheric Carbon Dioxide Concentrations",1990M06,356.39
World,,WLD,"Monthly Atmospheric Carbon Dioxide Concentrations, Year on Year Percentage Change",Percent,"Dr. Pieter Tans, National Oceanic and Atmospheric Administration (NOAA). Global Monitoring Laboratory, Trends in Atmospheric Carbon Dioxide Data (https://gml.noaa.gov/ccgg/trends/) and Dr. Ralph Keeling, Scripps Institution of Oceanography, Carbon Dioxide Measurements (https://scrippsco2.ucsd.edu/).",ECCA,Atmospheric Carbon Dioxide Concentrations,"Environment, Climate Change, Climate and Weather, Atmospheric Carbon Dioxide Concentrations",1990M06,0.27
World,,WLD,Monthly Atmospheric Carbon Dioxide Concentrations,Parts Per Million,"Dr. Pieter Tans, National Oceanic and Atmospheric Administration (NOAA). Global Monitoring Laboratory, Trends in Atmospheric Carbon Dioxide Data (https://gml.noaa.gov/ccgg/trends/) and Dr. Ralph Keeling, Scripps Institution of Oceanography, Carbon Dioxide Measurements (https://scrippsco2.ucsd.edu/).",ECCA,Atmospheric Carbon Dioxide Concentrations,"Environment, Climate Change, Climate and Weather, Atmospheric Carbon Dioxide Concentrations",1990M07,354.89
World,,WLD,"Monthly Atmospheric Carbon Dioxide Concentrations, Year on Year Percentage Change",Percent,"Dr. Pieter Tans, National Oceanic and Atmospheric Administration (NOAA). Global Monitoring Laboratory, Trends in Atmospheric Carbon Dioxide Data (https://gml.noaa.gov/ccgg/trends/) and Dr. Ralph Keeling, Scripps Institution of Oceanography, Carbon Dioxide Measurements (https://scrippsco2.ucsd.edu/).",ECCA,Atmospheric Carbon Dioxide Concentrations,"Environment, Climate Change, Climate and Weather, Atmospheric Carbon Dioxide Concentrations",1990M07,0.24
World,,WLD,Monthly Atmospheric Carbon Dioxide Concentrations,Parts Per Million,"Dr. Pieter Tans, National Oceanic and Atmospheric Administration (NOAA). Global Monitoring Laboratory, Trends in Atmospheric Carbon Dioxide Data (https://gml.noaa.gov/ccgg/trends/) and Dr. Ralph Keeling, Scripps Institution of Oceanography, Carbon Dioxide Measurements (https://scrippsco2.ucsd.edu/).",ECCA,Atmospheric Carbon Dioxide Concentrations,"Environment, Climate Change, Climate and Weather, Atmospheric Carbon Dioxide Concentrations",1990M08,353.06
World,,WLD,"Monthly Atmospheric Carbon Dioxide Concentrations, Year on Year Percentage Change",Percent,"Dr. Pieter Tans, National Oceanic and Atmospheric Administration (NOAA). Global Monitoring Laboratory, Trends in Atmospheric Carbon Dioxide Data (https://gml.noaa.gov/ccgg/trends/) and Dr. Ralph Keeling, Scripps Institution of Oceanography, Carbon Dioxide Measurements (https://scrippsco2.ucsd.edu/).",ECCA,Atmospheric Carbon Dioxide Concentrations,"Environment, Climate Change, Climate and Weather, Atmospheric Carbon Dioxide Concentrations",1990M08,0.35
World,,WLD,Monthly Atmospheric Carbon Dioxide Concentrations,Parts Per Million,"Dr. Pieter Tans, National Oceanic and Atmospheric Administration (NOAA). Global Monitoring Laboratory, Trends in Atmospheric Carbon Dioxide Data (https://gml.noaa.gov/ccgg/trends/) and Dr. Ralph Keeling, Scripps Institution of Oceanography, Carbon Dioxide Measurements (https://scrippsco2.ucsd.edu/).",ECCA,Atmospheric Carbon Dioxide Concentrations,"Environment, Climate Change, Climate and Weather, Atmospheric Carbon Dioxide Concentrations",1990M09,351.38
World,,WLD,"Monthly Atmospheric Carbon Dioxide Concentrations, Year on Year Percentage Change",Percent,"Dr. Pieter Tans, National Oceanic and Atmospheric Administration (NOAA). Global Monitoring Laboratory, Trends in Atmospheric Carbon Dioxide Data (https://gml.noaa.gov/ccgg/trends/) and Dr. Ralph Keeling, Scripps Institution of Oceanography, Carbon Dioxide Measurements (https://scrippsco2.ucsd.edu/).",ECCA,Atmospheric Carbon Dioxide Concentrations,"Environment, Climate Change, Climate and Weather, Atmospheric Carbon Dioxide Concentrations",1990M09,0.37
World,,WLD,Monthly Atmospheric Carbon Dioxide Concentrations,Parts Per Million,"Dr. Pieter Tans, National Oceanic and Atmospheric Administration (NOAA). Global Monitoring Laboratory, Trends in Atmospheric Carbon Dioxide Data (https://gml.noaa.gov/ccgg/trends/) and Dr. Ralph Keeling, Scripps Institution of Oceanography, Carbon Dioxide Measurements (https://scrippsco2.ucsd.edu/).",ECCA,Atmospheric Carbon Dioxide Concentrations,"Environment, Climate Change, Climate and Weather, Atmospheric Carbon Dioxide Concentrations",1990M10,351.69
World,,WLD,"Monthly Atmospheric Carbon Dioxide Concentrations, Year on Year Percentage Change",Percent,"Dr. Pieter Tans, National Oceanic and Atmospheric Administration (NOAA). Global Monitoring Laboratory, Trends in Atmospheric Carbon Dioxide Data (https://gml.noaa.gov/ccgg/trends/) and Dr. Ralph Keeling, Scripps Institution of Oceanography, Carbon Dioxide Measurements (https://scrippsco2.ucsd.edu/).",ECCA,Atmospheric Carbon Dioxide Concentrations,"Environment, Climate Change, Climate and Weather, Atmospheric Carbon Dioxide Concentrations",1990M10,0.39
World,,WLD,Monthly Atmospheric Carbon Dioxide Concentrations,Parts Per Million,"Dr. Pieter Tans, National Oceanic and Atmospheric Administration (NOAA). Global Monitoring Laboratory, Trends in Atmospheric Carbon Dioxide Data (https://gml.noaa.gov/ccgg/trends/) and Dr. Ralph Keeling, Scripps Institution of Oceanography, Carbon Dioxide Measurements (https://scrippsco2.ucsd.edu/).",ECCA,Atmospheric Carbon Dioxide Concentrations,"Environment, Climate Change, Climate and Weather, Atmospheric Carbon Dioxide Concentrations",1990M11,353.14
World,,WLD,"Monthly Atmospheric Carbon Dioxide Concentrations, Year on Year Percentage Change",Percent,"Dr. Pieter Tans, National Oceanic and Atmospheric Administration (NOAA). Global Monitoring Laboratory, Trends in Atmospheric Carbon Dioxide Data (https://gml.noaa.gov/ccgg/trends/) and Dr. Ralph Keeling, Scripps Institution of Oceanography, Carbon Dioxide Measurements (https://scrippsco2.ucsd.edu/).",ECCA,Atmospheric Carbon Dioxide Concentrations,"Environment, Climate Change, Climate and Weather, Atmospheric Carbon Dioxide Concentrations",1990M11,0.45
World,,WLD,Monthly Atmospheric Carbon Dioxide Concentrations,Parts Per Million,"Dr. Pieter Tans, National Oceanic and Atmospheric Administration (NOAA). Global Monitoring Laboratory, Trends in Atmospheric Carbon Dioxide Data (https://gml.noaa.gov/ccgg/trends/) and Dr. Ralph Keeling, Scripps Institution of Oceanography, Carbon Dioxide Measurements (https://scrippsco2.ucsd.edu/).",ECCA,Atmospheric Carbon Dioxide Concentrations,"Environment, Climate Change, Climate and Weather, Atmospheric Carbon Dioxide Concentrations",1990M12,354.41
World,,WLD,"Monthly Atmospheric Carbon Dioxide Concentrations, Year on Year Percentage Change",Percent,"Dr. Pieter Tans, National Oceanic and Atmospheric Administration (NOAA). Global Monitoring Laboratory, Trends in Atmospheric Carbon Dioxide Data (https://gml.noaa.gov/ccgg/trends/) and Dr. Ralph Keeling, Scripps Institution of Oceanography, Carbon Dioxide Measurements (https://scrippsco2.ucsd.edu/).",ECCA,Atmospheric Carbon Dioxide Concentrations,"Environment, Climate Change, Climate and Weather, Atmospheric Carbon Dioxide Concentrations",1990M12,0.43
World,,WLD,Monthly Atmospheric Carbon Dioxide Concentrations,Parts Per Million,"Dr. Pieter Tans, National Oceanic and Atmospheric Administration (NOAA). Global Monitoring Laboratory, Trends in Atmospheric Carbon Dioxide Data (https://gml.noaa.gov/ccgg/trends/) and Dr. Ralph Keeling, Scripps Institution of Oceanography, Carbon Dioxide Measurements (https://scrippsco2.ucsd.edu/).",ECCA,Atmospheric Carbon Dioxide Concentrations,"Environment, Climate Change, Climate and Weather, Atmospheric Carbon Dioxide Concentrations",1991M01,354.93
World,,WLD,"Monthly Atmospheric Carbon Dioxide Concentrations, Year on Year Percentage Change",Percent,"Dr. Pieter Tans, National Oceanic and Atmospheric Administration (NOAA). Global Monitoring Laboratory, Trends in Atmospheric Carbon Dioxide Data (https://gml.noaa.gov/ccgg/trends/) and Dr. Ralph Keeling, Scripps Institution of Oceanography, Carbon Dioxide Measurements (https://scrippsco2.ucsd.edu/).",ECCA,Atmospheric Carbon Dioxide Concentrations,"Environment, Climate Change, Climate and Weather, Atmospheric Carbon Dioxide Concentrations",1991M01,0.3
World,,WLD,Monthly Atmospheric Carbon Dioxide Concentrations,Parts Per Million,"Dr. Pieter Tans, National Oceanic and Atmospheric Administration (NOAA). Global Monitoring Laboratory, Trends in Atmospheric Carbon Dioxide Data (https://gml.noaa.gov/ccgg/trends/) and Dr. Ralph Keeling, Scripps Institution of Oceanography, Carbon Dioxide Measurements (https://scrippsco2.ucsd.edu/).",ECCA,Atmospheric Carbon Dioxide Concentrations,"Environment, Climate Change, Climate and Weather, Atmospheric Carbon Dioxide Concentrations",1991M02,355.82
World,,WLD,"Monthly Atmospheric Carbon Dioxide Concentrations, Year on Year Percentage Change",Percent,"Dr. Pieter Tans, National Oceanic and Atmospheric Administration (NOAA). Global Monitoring Laboratory, Trends in Atmospheric Carbon Dioxide Data (https://gml.noaa.gov/ccgg/trends/) and Dr. Ralph Keeling, Scripps Institution of Oceanography, Carbon Dioxide Measurements (https://scrippsco2.ucsd.edu/).",ECCA,Atmospheric Carbon Dioxide Concentrations,"Environment, Climate Change, Climate and Weather, Atmospheric Carbon Dioxide Concentrations",1991M02,0.2
World,,WLD,Monthly Atmospheric Carbon Dioxide Concentrations,Parts Per Million,"Dr. Pieter Tans, National Oceanic and Atmospheric Administration (NOAA). Global Monitoring Laboratory, Trends in Atmospheric Carbon Dioxide Data (https://gml.noaa.gov/ccgg/trends/) and Dr. Ralph Keeling, Scripps Institution of Oceanography, Carbon Dioxide Measurements (https://scrippsco2.ucsd.edu/).",ECCA,Atmospheric Carbon Dioxide Concentrations,"Environment, Climate Change, Climate and Weather, Atmospheric Carbon Dioxide Concentrations",1991M03,357.33
World,,WLD,"Monthly Atmospheric Carbon Dioxide Concentrations, Year on Year Percentage Change",Percent,"Dr. Pieter Tans, National Oceanic and Atmospheric Administration (NOAA). Global Monitoring Laboratory, Trends in Atmospheric Carbon Dioxide Data (https://gml.noaa.gov/ccgg/trends/) and Dr. Ralph Keeling, Scripps Institution of Oceanography, Carbon Dioxide Measurements (https://scrippsco2.ucsd.edu/).",ECCA,Atmospheric Carbon Dioxide Concentrations,"Environment, Climate Change, Climate and Weather, Atmospheric Carbon Dioxide Concentrations",1991M03,0.44
World,,WLD,Monthly Atmospheric Carbon Dioxide Concentrations,Parts Per Million,"Dr. Pieter Tans, National Oceanic and Atmospheric Administration (NOAA). Global Monitoring Laboratory, Trends in Atmospheric Carbon Dioxide Data (https://gml.noaa.gov/ccgg/trends/) and Dr. Ralph Keeling, Scripps Institution of Oceanography, Carbon Dioxide Measurements (https://scrippsco2.ucsd.edu/).",ECCA,Atmospheric Carbon Dioxide Concentrations,"Environment, Climate Change, Climate and Weather, Atmospheric Carbon Dioxide Concentrations",1991M04,358.77
World,,WLD,"Monthly Atmospheric Carbon Dioxide Concentrations, Year on Year Percentage Change",Percent,"Dr. Pieter Tans, National Oceanic and Atmospheric Administration (NOAA). Global Monitoring Laboratory, Trends in Atmospheric Carbon Dioxide Data (https://gml.noaa.gov/ccgg/trends/) and Dr. Ralph Keeling, Scripps Institution of Oceanography, Carbon Dioxide Measurements (https://scrippsco2.ucsd.edu/).",ECCA,Atmospheric Carbon Dioxide Concentrations,"Environment, Climate Change, Climate and Weather, Atmospheric Carbon Dioxide Concentrations",1991M04,0.67
World,,WLD,Monthly Atmospheric Carbon Dioxide Concentrations,Parts Per Million,"Dr. Pieter Tans, National Oceanic and Atmospheric Administration (NOAA). Global Monitoring Laboratory, Trends in Atmospheric Carbon Dioxide Data (https://gml.noaa.gov/ccgg/trends/) and Dr. Ralph Keeling, Scripps Institution of Oceanography, Carbon Dioxide Measurements (https://scrippsco2.ucsd.edu/).",ECCA,Atmospheric Carbon Dioxide Concentrations,"Environment, Climate Change, Climate and Weather, Atmospheric Carbon Dioxide Concentrations",1991M05,359.23
World,,WLD,"Monthly Atmospheric Carbon Dioxide Concentrations, Year on Year Percentage Change",Percent,"Dr. Pieter Tans, National Oceanic and Atmospheric Administration (NOAA). Global Monitoring Laboratory, Trends in Atmospheric Carbon Dioxide Data (https://gml.noaa.gov/ccgg/trends/) and Dr. Ralph Keeling, Scripps Institution of Oceanography, Carbon Dioxide Measurements (https://scrippsco2.ucsd.edu/).",ECCA,Atmospheric Carbon Dioxide Concentrations,"Environment, Climate Change, Climate and Weather, Atmospheric Carbon Dioxide Concentrations",1991M05,0.52
World,,WLD,Monthly Atmospheric Carbon Dioxide Concentrations,Parts Per Million,"Dr. Pieter Tans, National Oceanic and Atmospheric Administration (NOAA). Global Monitoring Laboratory, Trends in Atmospheric Carbon Dioxide Data (https://gml.noaa.gov/ccgg/trends/) and Dr. Ralph Keeling, Scripps Institution of Oceanography, Carbon Dioxide Measurements (https://scrippsco2.ucsd.edu/).",ECCA,Atmospheric Carbon Dioxide Concentrations,"Environment, Climate Change, Climate and Weather, Atmospheric Carbon Dioxide Concentrations",1991M06,358.23
World,,WLD,"Monthly Atmospheric Carbon Dioxide Concentrations, Year on Year Percentage Change",Percent,"Dr. Pieter Tans, National Oceanic and Atmospheric Administration (NOAA). Global Monitoring Laboratory, Trends in Atmospheric Carbon Dioxide Data (https://gml.noaa.gov/ccgg/trends/) and Dr. Ralph Keeling, Scripps Institution of Oceanography, Carbon Dioxide Measurements (https://scrippsco2.ucsd.edu/).",ECCA,Atmospheric Carbon Dioxide Concentrations,"Environment, Climate Change, Climate and Weather, Atmospheric Carbon Dioxide Concentrations",1991M06,0.52
World,,WLD,Monthly Atmospheric Carbon Dioxide Concentrations,Parts Per Million,"Dr. Pieter Tans, National Oceanic and Atmospheric Administration (NOAA). Global Monitoring Laboratory, Trends in Atmospheric Carbon Dioxide Data (https://gml.noaa.gov/ccgg/trends/) and Dr. Ralph Keeling, Scripps Institution of Oceanography, Carbon Dioxide Measurements (https://scrippsco2.ucsd.edu/).",ECCA,Atmospheric Carbon Dioxide Concentrations,"Environment, Climate Change, Climate and Weather, Atmospheric Carbon Dioxide Concentrations",1991M07,356.3
World,,WLD,"Monthly Atmospheric Carbon Dioxide Concentrations, Year on Year Percentage Change",Percent,"Dr. Pieter Tans, National Oceanic and Atmospheric Administration (NOAA). Global Monitoring Laboratory, Trends in Atmospheric Carbon Dioxide Data (https://gml.noaa.gov/ccgg/trends/) and Dr. Ralph Keeling, Scripps Institution of Oceanography, Carbon Dioxide Measurements (https://scrippsco2.ucsd.edu/).",ECCA,Atmospheric Carbon Dioxide Concentrations,"Environment, Climate Change, Climate and Weather, Atmospheric Carbon Dioxide Concentrations",1991M07,0.4
World,,WLD,Monthly Atmospheric Carbon Dioxide Concentrations,Parts Per Million,"Dr. Pieter Tans, National Oceanic and Atmospheric Administration (NOAA). Global Monitoring Laboratory, Trends in Atmospheric Carbon Dioxide Data (https://gml.noaa.gov/ccgg/trends/) and Dr. Ralph Keeling, Scripps Institution of Oceanography, Carbon Dioxide Measurements (https://scrippsco2.ucsd.edu/).",ECCA,Atmospheric Carbon Dioxide Concentrations,"Environment, Climate Change, Climate and Weather, Atmospheric Carbon Dioxide Concentrations",1991M08,353.97
World,,WLD,"Monthly Atmospheric Carbon Dioxide Concentrations, Year on Year Percentage Change",Percent,"Dr. Pieter Tans, National Oceanic and Atmospheric Administration (NOAA). Global Monitoring Laboratory, Trends in Atmospheric Carbon Dioxide Data (https://gml.noaa.gov/ccgg/trends/) and Dr. Ralph Keeling, Scripps Institution of Oceanography, Carbon Dioxide Measurements (https://scrippsco2.ucsd.edu/).",ECCA,Atmospheric Carbon Dioxide Concentrations,"Environment, Climate Change, Climate and Weather, Atmospheric Carbon Dioxide Concentrations",1991M08,0.26
World,,WLD,Monthly Atmospheric Carbon Dioxide Concentrations,Parts Per Million,"Dr. Pieter Tans, National Oceanic and Atmospheric Administration (NOAA). Global Monitoring Laboratory, Trends in Atmospheric Carbon Dioxide Data (https://gml.noaa.gov/ccgg/trends/) and Dr. Ralph Keeling, Scripps Institution of Oceanography, Carbon Dioxide Measurements (https://scrippsco2.ucsd.edu/).",ECCA,Atmospheric Carbon Dioxide Concentrations,"Environment, Climate Change, Climate and Weather, Atmospheric Carbon Dioxide Concentrations",1991M09,352.34
World,,WLD,"Monthly Atmospheric Carbon Dioxide Concentrations, Year on Year Percentage Change",Percent,"Dr. Pieter Tans, National Oceanic and Atmospheric Administration (NOAA). Global Monitoring Laboratory, Trends in Atmospheric Carbon Dioxide Data (https://gml.noaa.gov/ccgg/trends/) and Dr. Ralph Keeling, Scripps Institution of Oceanography, Carbon Dioxide Measurements (https://scrippsco2.ucsd.edu/).",ECCA,Atmospheric Carbon Dioxide Concentrations,"Environment, Climate Change, Climate and Weather, Atmospheric Carbon Dioxide Concentrations",1991M09,0.27
World,,WLD,Monthly Atmospheric Carbon Dioxide Concentrations,Parts Per Million,"Dr. Pieter Tans, National Oceanic and Atmospheric Administration (NOAA). Global Monitoring Laboratory, Trends in Atmospheric Carbon Dioxide Data (https://gml.noaa.gov/ccgg/trends/) and Dr. Ralph Keeling, Scripps Institution of Oceanography, Carbon Dioxide Measurements (https://scrippsco2.ucsd.edu/).",ECCA,Atmospheric Carbon Dioxide Concentrations,"Environment, Climate Change, Climate and Weather, Atmospheric Carbon Dioxide Concentrations",1991M10,352.43
World,,WLD,"Monthly Atmospheric Carbon Dioxide Concentrations, Year on Year Percentage Change",Percent,"Dr. Pieter Tans, National Oceanic and Atmospheric Administration (NOAA). Global Monitoring Laboratory, Trends in Atmospheric Carbon Dioxide Data (https://gml.noaa.gov/ccgg/trends/) and Dr. Ralph Keeling, Scripps Institution of Oceanography, Carbon Dioxide Measurements (https://scrippsco2.ucsd.edu/).",ECCA,Atmospheric Carbon Dioxide Concentrations,"Environment, Climate Change, Climate and Weather, Atmospheric Carbon Dioxide Concentrations",1991M10,0.21
World,,WLD,Monthly Atmospheric Carbon Dioxide Concentrations,Parts Per Million,"Dr. Pieter Tans, National Oceanic and Atmospheric Administration (NOAA). Global Monitoring Laboratory, Trends in Atmospheric Carbon Dioxide Data (https://gml.noaa.gov/ccgg/trends/) and Dr. Ralph Keeling, Scripps Institution of Oceanography, Carbon Dioxide Measurements (https://scrippsco2.ucsd.edu/).",ECCA,Atmospheric Carbon Dioxide Concentrations,"Environment, Climate Change, Climate and Weather, Atmospheric Carbon Dioxide Concentrations",1991M11,353.89
World,,WLD,"Monthly Atmospheric Carbon Dioxide Concentrations, Year on Year Percentage Change",Percent,"Dr. Pieter Tans, National Oceanic and Atmospheric Administration (NOAA). Global Monitoring Laboratory, Trends in Atmospheric Carbon Dioxide Data (https://gml.noaa.gov/ccgg/trends/) and Dr. Ralph Keeling, Scripps Institution of Oceanography, Carbon Dioxide Measurements (https://scrippsco2.ucsd.edu/).",ECCA,Atmospheric Carbon Dioxide Concentrations,"Environment, Climate Change, Climate and Weather, Atmospheric Carbon Dioxide Concentrations",1991M11,0.21
World,,WLD,Monthly Atmospheric Carbon Dioxide Concentrations,Parts Per Million,"Dr. Pieter Tans, National Oceanic and Atmospheric Administration (NOAA). Global Monitoring Laboratory, Trends in Atmospheric Carbon Dioxide Data (https://gml.noaa.gov/ccgg/trends/) and Dr. Ralph Keeling, Scripps Institution of Oceanography, Carbon Dioxide Measurements (https://scrippsco2.ucsd.edu/).",ECCA,Atmospheric Carbon Dioxide Concentrations,"Environment, Climate Change, Climate and Weather, Atmospheric Carbon Dioxide Concentrations",1991M12,355.21
World,,WLD,"Monthly Atmospheric Carbon Dioxide Concentrations, Year on Year Percentage Change",Percent,"Dr. Pieter Tans, National Oceanic and Atmospheric Administration (NOAA). Global Monitoring Laboratory, Trends in Atmospheric Carbon Dioxide Data (https://gml.noaa.gov/ccgg/trends/) and Dr. Ralph Keeling, Scripps Institution of Oceanography, Carbon Dioxide Measurements (https://scrippsco2.ucsd.edu/).",ECCA,Atmospheric Carbon Dioxide Concentrations,"Environment, Climate Change, Climate and Weather, Atmospheric Carbon Dioxide Concentrations",1991M12,0.23
World,,WLD,Monthly Atmospheric Carbon Dioxide Concentrations,Parts Per Million,"Dr. Pieter Tans, National Oceanic and Atmospheric Administration (NOAA). Global Monitoring Laboratory, Trends in Atmospheric Carbon Dioxide Data (https://gml.noaa.gov/ccgg/trends/) and Dr. Ralph Keeling, Scripps Institution of Oceanography, Carbon Dioxide Measurements (https://scrippsco2.ucsd.edu/).",ECCA,Atmospheric Carbon Dioxide Concentrations,"Environment, Climate Change, Climate and Weather, Atmospheric Carbon Dioxide Concentrations",1992M01,356.34
World,,WLD,"Monthly Atmospheric Carbon Dioxide Concentrations, Year on Year Percentage Change",Percent,"Dr. Pieter Tans, National Oceanic and Atmospheric Administration (NOAA). Global Monitoring Laboratory, Trends in Atmospheric Carbon Dioxide Data (https://gml.noaa.gov/ccgg/trends/) and Dr. Ralph Keeling, Scripps Institution of Oceanography, Carbon Dioxide Measurements (https://scrippsco2.ucsd.edu/).",ECCA,Atmospheric Carbon Dioxide Concentrations,"Environment, Climate Change, Climate and Weather, Atmospheric Carbon Dioxide Concentrations",1992M01,0.4
World,,WLD,Monthly Atmospheric Carbon Dioxide Concentrations,Parts Per Million,"Dr. Pieter Tans, National Oceanic and Atmospheric Administration (NOAA). Global Monitoring Laboratory, Trends in Atmospheric Carbon Dioxide Data (https://gml.noaa.gov/ccgg/trends/) and Dr. Ralph Keeling, Scripps Institution of Oceanography, Carbon Dioxide Measurements (https://scrippsco2.ucsd.edu/).",ECCA,Atmospheric Carbon Dioxide Concentrations,"Environment, Climate Change, Climate and Weather, Atmospheric Carbon Dioxide Concentrations",1992M02,357.21
World,,WLD,"Monthly Atmospheric Carbon Dioxide Concentrations, Year on Year Percentage Change",Percent,"Dr. Pieter Tans, National Oceanic and Atmospheric Administration (NOAA). Global Monitoring Laboratory, Trends in Atmospheric Carbon Dioxide Data (https://gml.noaa.gov/ccgg/trends/) and Dr. Ralph Keeling, Scripps Institution of Oceanography, Carbon Dioxide Measurements (https://scrippsco2.ucsd.edu/).",ECCA,Atmospheric Carbon Dioxide Concentrations,"Environment, Climate Change, Climate and Weather, Atmospheric Carbon Dioxide Concentrations",1992M02,0.39
World,,WLD,Monthly Atmospheric Carbon Dioxide Concentrations,Parts Per Million,"Dr. Pieter Tans, National Oceanic and Atmospheric Administration (NOAA). Global Monitoring Laboratory, Trends in Atmospheric Carbon Dioxide Data (https://gml.noaa.gov/ccgg/trends/) and Dr. Ralph Keeling, Scripps Institution of Oceanography, Carbon Dioxide Measurements (https://scrippsco2.ucsd.edu/).",ECCA,Atmospheric Carbon Dioxide Concentrations,"Environment, Climate Change, Climate and Weather, Atmospheric Carbon Dioxide Concentrations",1992M03,357.97
World,,WLD,"Monthly Atmospheric Carbon Dioxide Concentrations, Year on Year Percentage Change",Percent,"Dr. Pieter Tans, National Oceanic and Atmospheric Administration (NOAA). Global Monitoring Laboratory, Trends in Atmospheric Carbon Dioxide Data (https://gml.noaa.gov/ccgg/trends/) and Dr. Ralph Keeling, Scripps Institution of Oceanography, Carbon Dioxide Measurements (https://scrippsco2.ucsd.edu/).",ECCA,Atmospheric Carbon Dioxide Concentrations,"Environment, Climate Change, Climate and Weather, Atmospheric Carbon Dioxide Concentrations",1992M03,0.18
World,,WLD,Monthly Atmospheric Carbon Dioxide Concentrations,Parts Per Million,"Dr. Pieter Tans, National Oceanic and Atmospheric Administration (NOAA). Global Monitoring Laboratory, Trends in Atmospheric Carbon Dioxide Data (https://gml.noaa.gov/ccgg/trends/) and Dr. Ralph Keeling, Scripps Institution of Oceanography, Carbon Dioxide Measurements (https://scrippsco2.ucsd.edu/).",ECCA,Atmospheric Carbon Dioxide Concentrations,"Environment, Climate Change, Climate and Weather, Atmospheric Carbon Dioxide Concentrations",1992M04,359.22
World,,WLD,"Monthly Atmospheric Carbon Dioxide Concentrations, Year on Year Percentage Change",Percent,"Dr. Pieter Tans, National Oceanic and Atmospheric Administration (NOAA). Global Monitoring Laboratory, Trends in Atmospheric Carbon Dioxide Data (https://gml.noaa.gov/ccgg/trends/) and Dr. Ralph Keeling, Scripps Institution of Oceanography, Carbon Dioxide Measurements (https://scrippsco2.ucsd.edu/).",ECCA,Atmospheric Carbon Dioxide Concentrations,"Environment, Climate Change, Climate and Weather, Atmospheric Carbon Dioxide Concentrations",1992M04,0.13
World,,WLD,Monthly Atmospheric Carbon Dioxide Concentrations,Parts Per Million,"Dr. Pieter Tans, National Oceanic and Atmospheric Administration (NOAA). Global Monitoring Laboratory, Trends in Atmospheric Carbon Dioxide Data (https://gml.noaa.gov/ccgg/trends/) and Dr. Ralph Keeling, Scripps Institution of Oceanography, Carbon Dioxide Measurements (https://scrippsco2.ucsd.edu/).",ECCA,Atmospheric Carbon Dioxide Concentrations,"Environment, Climate Change, Climate and Weather, Atmospheric Carbon Dioxide Concentrations",1992M05,359.71
World,,WLD,"Monthly Atmospheric Carbon Dioxide Concentrations, Year on Year Percentage Change",Percent,"Dr. Pieter Tans, National Oceanic and Atmospheric Administration (NOAA). Global Monitoring Laboratory, Trends in Atmospheric Carbon Dioxide Data (https://gml.noaa.gov/ccgg/trends/) and Dr. Ralph Keeling, Scripps Institution of Oceanography, Carbon Dioxide Measurements (https://scrippsco2.ucsd.edu/).",ECCA,Atmospheric Carbon Dioxide Concentrations,"Environment, Climate Change, Climate and Weather, Atmospheric Carbon Dioxide Concentrations",1992M05,0.13
World,,WLD,Monthly Atmospheric Carbon Dioxide Concentrations,Parts Per Million,"Dr. Pieter Tans, National Oceanic and Atmospheric Administration (NOAA). Global Monitoring Laboratory, Trends in Atmospheric Carbon Dioxide Data (https://gml.noaa.gov/ccgg/trends/) and Dr. Ralph Keeling, Scripps Institution of Oceanography, Carbon Dioxide Measurements (https://scrippsco2.ucsd.edu/).",ECCA,Atmospheric Carbon Dioxide Concentrations,"Environment, Climate Change, Climate and Weather, Atmospheric Carbon Dioxide Concentrations",1992M06,359.44
World,,WLD,"Monthly Atmospheric Carbon Dioxide Concentrations, Year on Year Percentage Change",Percent,"Dr. Pieter Tans, National Oceanic and Atmospheric Administration (NOAA). Global Monitoring Laboratory, Trends in Atmospheric Carbon Dioxide Data (https://gml.noaa.gov/ccgg/trends/) and Dr. Ralph Keeling, Scripps Institution of Oceanography, Carbon Dioxide Measurements (https://scrippsco2.ucsd.edu/).",ECCA,Atmospheric Carbon Dioxide Concentrations,"Environment, Climate Change, Climate and Weather, Atmospheric Carbon Dioxide Concentrations",1992M06,0.34
World,,WLD,Monthly Atmospheric Carbon Dioxide Concentrations,Parts Per Million,"Dr. Pieter Tans, National Oceanic and Atmospheric Administration (NOAA). Global Monitoring Laboratory, Trends in Atmospheric Carbon Dioxide Data (https://gml.noaa.gov/ccgg/trends/) and Dr. Ralph Keeling, Scripps Institution of Oceanography, Carbon Dioxide Measurements (https://scrippsco2.ucsd.edu/).",ECCA,Atmospheric Carbon Dioxide Concentrations,"Environment, Climate Change, Climate and Weather, Atmospheric Carbon Dioxide Concentrations",1992M07,357.15
World,,WLD,"Monthly Atmospheric Carbon Dioxide Concentrations, Year on Year Percentage Change",Percent,"Dr. Pieter Tans, National Oceanic and Atmospheric Administration (NOAA). Global Monitoring Laboratory, Trends in Atmospheric Carbon Dioxide Data (https://gml.noaa.gov/ccgg/trends/) and Dr. Ralph Keeling, Scripps Institution of Oceanography, Carbon Dioxide Measurements (https://scrippsco2.ucsd.edu/).",ECCA,Atmospheric Carbon Dioxide Concentrations,"Environment, Climate Change, Climate and Weather, Atmospheric Carbon Dioxide Concentrations",1992M07,0.24
World,,WLD,Monthly Atmospheric Carbon Dioxide Concentrations,Parts Per Million,"Dr. Pieter Tans, National Oceanic and Atmospheric Administration (NOAA). Global Monitoring Laboratory, Trends in Atmospheric Carbon Dioxide Data (https://gml.noaa.gov/ccgg/trends/) and Dr. Ralph Keeling, Scripps Institution of Oceanography, Carbon Dioxide Measurements (https://scrippsco2.ucsd.edu/).",ECCA,Atmospheric Carbon Dioxide Concentrations,"Environment, Climate Change, Climate and Weather, Atmospheric Carbon Dioxide Concentrations",1992M08,354.99
World,,WLD,"Monthly Atmospheric Carbon Dioxide Concentrations, Year on Year Percentage Change",Percent,"Dr. Pieter Tans, National Oceanic and Atmospheric Administration (NOAA). Global Monitoring Laboratory, Trends in Atmospheric Carbon Dioxide Data (https://gml.noaa.gov/ccgg/trends/) and Dr. Ralph Keeling, Scripps Institution of Oceanography, Carbon Dioxide Measurements (https://scrippsco2.ucsd.edu/).",ECCA,Atmospheric Carbon Dioxide Concentrations,"Environment, Climate Change, Climate and Weather, Atmospheric Carbon Dioxide Concentrations",1992M08,0.29
World,,WLD,Monthly Atmospheric Carbon Dioxide Concentrations,Parts Per Million,"Dr. Pieter Tans, National Oceanic and Atmospheric Administration (NOAA). Global Monitoring Laboratory, Trends in Atmospheric Carbon Dioxide Data (https://gml.noaa.gov/ccgg/trends/) and Dr. Ralph Keeling, Scripps Institution of Oceanography, Carbon Dioxide Measurements (https://scrippsco2.ucsd.edu/).",ECCA,Atmospheric Carbon Dioxide Concentrations,"Environment, Climate Change, Climate and Weather, Atmospheric Carbon Dioxide Concentrations",1992M09,353.01
World,,WLD,"Monthly Atmospheric Carbon Dioxide Concentrations, Year on Year Percentage Change",Percent,"Dr. Pieter Tans, National Oceanic and Atmospheric Administration (NOAA). Global Monitoring Laboratory, Trends in Atmospheric Carbon Dioxide Data (https://gml.noaa.gov/ccgg/trends/) and Dr. Ralph Keeling, Scripps Institution of Oceanography, Carbon Dioxide Measurements (https://scrippsco2.ucsd.edu/).",ECCA,Atmospheric Carbon Dioxide Concentrations,"Environment, Climate Change, Climate and Weather, Atmospheric Carbon Dioxide Concentrations",1992M09,0.19
World,,WLD,Monthly Atmospheric Carbon Dioxide Concentrations,Parts Per Million,"Dr. Pieter Tans, National Oceanic and Atmospheric Administration (NOAA). Global Monitoring Laboratory, Trends in Atmospheric Carbon Dioxide Data (https://gml.noaa.gov/ccgg/trends/) and Dr. Ralph Keeling, Scripps Institution of Oceanography, Carbon Dioxide Measurements (https://scrippsco2.ucsd.edu/).",ECCA,Atmospheric Carbon Dioxide Concentrations,"Environment, Climate Change, Climate and Weather, Atmospheric Carbon Dioxide Concentrations",1992M10,353.4
World,,WLD,"Monthly Atmospheric Carbon Dioxide Concentrations, Year on Year Percentage Change",Percent,"Dr. Pieter Tans, National Oceanic and Atmospheric Administration (NOAA). Global Monitoring Laboratory, Trends in Atmospheric Carbon Dioxide Data (https://gml.noaa.gov/ccgg/trends/) and Dr. Ralph Keeling, Scripps Institution of Oceanography, Carbon Dioxide Measurements (https://scrippsco2.ucsd.edu/).",ECCA,Atmospheric Carbon Dioxide Concentrations,"Environment, Climate Change, Climate and Weather, Atmospheric Carbon Dioxide Concentrations",1992M10,0.28
World,,WLD,Monthly Atmospheric Carbon Dioxide Concentrations,Parts Per Million,"Dr. Pieter Tans, National Oceanic and Atmospheric Administration (NOAA). Global Monitoring Laboratory, Trends in Atmospheric Carbon Dioxide Data (https://gml.noaa.gov/ccgg/trends/) and Dr. Ralph Keeling, Scripps Institution of Oceanography, Carbon Dioxide Measurements (https://scrippsco2.ucsd.edu/).",ECCA,Atmospheric Carbon Dioxide Concentrations,"Environment, Climate Change, Climate and Weather, Atmospheric Carbon Dioxide Concentrations",1992M11,354.42
World,,WLD,"Monthly Atmospheric Carbon Dioxide Concentrations, Year on Year Percentage Change",Percent,"Dr. Pieter Tans, National Oceanic and Atmospheric Administration (NOAA). Global Monitoring Laboratory, Trends in Atmospheric Carbon Dioxide Data (https://gml.noaa.gov/ccgg/trends/) and Dr. Ralph Keeling, Scripps Institution of Oceanography, Carbon Dioxide Measurements (https://scrippsco2.ucsd.edu/).",ECCA,Atmospheric Carbon Dioxide Concentrations,"Environment, Climate Change, Climate and Weather, Atmospheric Carbon Dioxide Concentrations",1992M11,0.15
World,,WLD,Monthly Atmospheric Carbon Dioxide Concentrations,Parts Per Million,"Dr. Pieter Tans, National Oceanic and Atmospheric Administration (NOAA). Global Monitoring Laboratory, Trends in Atmospheric Carbon Dioxide Data (https://gml.noaa.gov/ccgg/trends/) and Dr. Ralph Keeling, Scripps Institution of Oceanography, Carbon Dioxide Measurements (https://scrippsco2.ucsd.edu/).",ECCA,Atmospheric Carbon Dioxide Concentrations,"Environment, Climate Change, Climate and Weather, Atmospheric Carbon Dioxide Concentrations",1992M12,355.68
World,,WLD,"Monthly Atmospheric Carbon Dioxide Concentrations, Year on Year Percentage Change",Percent,"Dr. Pieter Tans, National Oceanic and Atmospheric Administration (NOAA). Global Monitoring Laboratory, Trends in Atmospheric Carbon Dioxide Data (https://gml.noaa.gov/ccgg/trends/) and Dr. Ralph Keeling, Scripps Institution of Oceanography, Carbon Dioxide Measurements (https://scrippsco2.ucsd.edu/).",ECCA,Atmospheric Carbon Dioxide Concentrations,"Environment, Climate Change, Climate and Weather, Atmospheric Carbon Dioxide Concentrations",1992M12,0.13
World,,WLD,Monthly Atmospheric Carbon Dioxide Concentrations,Parts Per Million,"Dr. Pieter Tans, National Oceanic and Atmospheric Administration (NOAA). Global Monitoring Laboratory, Trends in Atmospheric Carbon Dioxide Data (https://gml.noaa.gov/ccgg/trends/) and Dr. Ralph Keeling, Scripps Institution of Oceanography, Carbon Dioxide Measurements (https://scrippsco2.ucsd.edu/).",ECCA,Atmospheric Carbon Dioxide Concentrations,"Environment, Climate Change, Climate and Weather, Atmospheric Carbon Dioxide Concentrations",1993M01,357.1
World,,WLD,"Monthly Atmospheric Carbon Dioxide Concentrations, Year on Year Percentage Change",Percent,"Dr. Pieter Tans, National Oceanic and Atmospheric Administration (NOAA). Global Monitoring Laboratory, Trends in Atmospheric Carbon Dioxide Data (https://gml.noaa.gov/ccgg/trends/) and Dr. Ralph Keeling, Scripps Institution of Oceanography, Carbon Dioxide Measurements (https://scrippsco2.ucsd.edu/).",ECCA,Atmospheric Carbon Dioxide Concentrations,"Environment, Climate Change, Climate and Weather, Atmospheric Carbon Dioxide Concentrations",1993M01,0.21
World,,WLD,Monthly Atmospheric Carbon Dioxide Concentrations,Parts Per Million,"Dr. Pieter Tans, National Oceanic and Atmospheric Administration (NOAA). Global Monitoring Laboratory, Trends in Atmospheric Carbon Dioxide Data (https://gml.noaa.gov/ccgg/trends/) and Dr. Ralph Keeling, Scripps Institution of Oceanography, Carbon Dioxide Measurements (https://scrippsco2.ucsd.edu/).",ECCA,Atmospheric Carbon Dioxide Concentrations,"Environment, Climate Change, Climate and Weather, Atmospheric Carbon Dioxide Concentrations",1993M02,357.42
World,,WLD,"Monthly Atmospheric Carbon Dioxide Concentrations, Year on Year Percentage Change",Percent,"Dr. Pieter Tans, National Oceanic and Atmospheric Administration (NOAA). Global Monitoring Laboratory, Trends in Atmospheric Carbon Dioxide Data (https://gml.noaa.gov/ccgg/trends/) and Dr. Ralph Keeling, Scripps Institution of Oceanography, Carbon Dioxide Measurements (https://scrippsco2.ucsd.edu/).",ECCA,Atmospheric Carbon Dioxide Concentrations,"Environment, Climate Change, Climate and Weather, Atmospheric Carbon Dioxide Concentrations",1993M02,0.06
World,,WLD,Monthly Atmospheric Carbon Dioxide Concentrations,Parts Per Million,"Dr. Pieter Tans, National Oceanic and Atmospheric Administration (NOAA). Global Monitoring Laboratory, Trends in Atmospheric Carbon Dioxide Data (https://gml.noaa.gov/ccgg/trends/) and Dr. Ralph Keeling, Scripps Institution of Oceanography, Carbon Dioxide Measurements (https://scrippsco2.ucsd.edu/).",ECCA,Atmospheric Carbon Dioxide Concentrations,"Environment, Climate Change, Climate and Weather, Atmospheric Carbon Dioxide Concentrations",1993M03,358.59
World,,WLD,"Monthly Atmospheric Carbon Dioxide Concentrations, Year on Year Percentage Change",Percent,"Dr. Pieter Tans, National Oceanic and Atmospheric Administration (NOAA). Global Monitoring Laboratory, Trends in Atmospheric Carbon Dioxide Data (https://gml.noaa.gov/ccgg/trends/) and Dr. Ralph Keeling, Scripps Institution of Oceanography, Carbon Dioxide Measurements (https://scrippsco2.ucsd.edu/).",ECCA,Atmospheric Carbon Dioxide Concentrations,"Environment, Climate Change, Climate and Weather, Atmospheric Carbon Dioxide Concentrations",1993M03,0.17
World,,WLD,Monthly Atmospheric Carbon Dioxide Concentrations,Parts Per Million,"Dr. Pieter Tans, National Oceanic and Atmospheric Administration (NOAA). Global Monitoring Laboratory, Trends in Atmospheric Carbon Dioxide Data (https://gml.noaa.gov/ccgg/trends/) and Dr. Ralph Keeling, Scripps Institution of Oceanography, Carbon Dioxide Measurements (https://scrippsco2.ucsd.edu/).",ECCA,Atmospheric Carbon Dioxide Concentrations,"Environment, Climate Change, Climate and Weather, Atmospheric Carbon Dioxide Concentrations",1993M04,359.39
World,,WLD,"Monthly Atmospheric Carbon Dioxide Concentrations, Year on Year Percentage Change",Percent,"Dr. Pieter Tans, National Oceanic and Atmospheric Administration (NOAA). Global Monitoring Laboratory, Trends in Atmospheric Carbon Dioxide Data (https://gml.noaa.gov/ccgg/trends/) and Dr. Ralph Keeling, Scripps Institution of Oceanography, Carbon Dioxide Measurements (https://scrippsco2.ucsd.edu/).",ECCA,Atmospheric Carbon Dioxide Concentrations,"Environment, Climate Change, Climate and Weather, Atmospheric Carbon Dioxide Concentrations",1993M04,0.05
World,,WLD,Monthly Atmospheric Carbon Dioxide Concentrations,Parts Per Million,"Dr. Pieter Tans, National Oceanic and Atmospheric Administration (NOAA). Global Monitoring Laboratory, Trends in Atmospheric Carbon Dioxide Data (https://gml.noaa.gov/ccgg/trends/) and Dr. Ralph Keeling, Scripps Institution of Oceanography, Carbon Dioxide Measurements (https://scrippsco2.ucsd.edu/).",ECCA,Atmospheric Carbon Dioxide Concentrations,"Environment, Climate Change, Climate and Weather, Atmospheric Carbon Dioxide Concentrations",1993M05,360.3
World,,WLD,"Monthly Atmospheric Carbon Dioxide Concentrations, Year on Year Percentage Change",Percent,"Dr. Pieter Tans, National Oceanic and Atmospheric Administration (NOAA). Global Monitoring Laboratory, Trends in Atmospheric Carbon Dioxide Data (https://gml.noaa.gov/ccgg/trends/) and Dr. Ralph Keeling, Scripps Institution of Oceanography, Carbon Dioxide Measurements (https://scrippsco2.ucsd.edu/).",ECCA,Atmospheric Carbon Dioxide Concentrations,"Environment, Climate Change, Climate and Weather, Atmospheric Carbon Dioxide Concentrations",1993M05,0.16
World,,WLD,Monthly Atmospheric Carbon Dioxide Concentrations,Parts Per Million,"Dr. Pieter Tans, National Oceanic and Atmospheric Administration (NOAA). Global Monitoring Laboratory, Trends in Atmospheric Carbon Dioxide Data (https://gml.noaa.gov/ccgg/trends/) and Dr. Ralph Keeling, Scripps Institution of Oceanography, Carbon Dioxide Measurements (https://scrippsco2.ucsd.edu/).",ECCA,Atmospheric Carbon Dioxide Concentrations,"Environment, Climate Change, Climate and Weather, Atmospheric Carbon Dioxide Concentrations",1993M06,359.64
World,,WLD,"Monthly Atmospheric Carbon Dioxide Concentrations, Year on Year Percentage Change",Percent,"Dr. Pieter Tans, National Oceanic and Atmospheric Administration (NOAA). Global Monitoring Laboratory, Trends in Atmospheric Carbon Dioxide Data (https://gml.noaa.gov/ccgg/trends/) and Dr. Ralph Keeling, Scripps Institution of Oceanography, Carbon Dioxide Measurements (https://scrippsco2.ucsd.edu/).",ECCA,Atmospheric Carbon Dioxide Concentrations,"Environment, Climate Change, Climate and Weather, Atmospheric Carbon Dioxide Concentrations",1993M06,0.06
World,,WLD,Monthly Atmospheric Carbon Dioxide Concentrations,Parts Per Million,"Dr. Pieter Tans, National Oceanic and Atmospheric Administration (NOAA). Global Monitoring Laboratory, Trends in Atmospheric Carbon Dioxide Data (https://gml.noaa.gov/ccgg/trends/) and Dr. Ralph Keeling, Scripps Institution of Oceanography, Carbon Dioxide Measurements (https://scrippsco2.ucsd.edu/).",ECCA,Atmospheric Carbon Dioxide Concentrations,"Environment, Climate Change, Climate and Weather, Atmospheric Carbon Dioxide Concentrations",1993M07,357.45
World,,WLD,"Monthly Atmospheric Carbon Dioxide Concentrations, Year on Year Percentage Change",Percent,"Dr. Pieter Tans, National Oceanic and Atmospheric Administration (NOAA). Global Monitoring Laboratory, Trends in Atmospheric Carbon Dioxide Data (https://gml.noaa.gov/ccgg/trends/) and Dr. Ralph Keeling, Scripps Institution of Oceanography, Carbon Dioxide Measurements (https://scrippsco2.ucsd.edu/).",ECCA,Atmospheric Carbon Dioxide Concentrations,"Environment, Climate Change, Climate and Weather, Atmospheric Carbon Dioxide Concentrations",1993M07,0.08
World,,WLD,Monthly Atmospheric Carbon Dioxide Concentrations,Parts Per Million,"Dr. Pieter Tans, National Oceanic and Atmospheric Administration (NOAA). Global Monitoring Laboratory, Trends in Atmospheric Carbon Dioxide Data (https://gml.noaa.gov/ccgg/trends/) and Dr. Ralph Keeling, Scripps Institution of Oceanography, Carbon Dioxide Measurements (https://scrippsco2.ucsd.edu/).",ECCA,Atmospheric Carbon Dioxide Concentrations,"Environment, Climate Change, Climate and Weather, Atmospheric Carbon Dioxide Concentrations",1993M08,355.76
World,,WLD,"Monthly Atmospheric Carbon Dioxide Concentrations, Year on Year Percentage Change",Percent,"Dr. Pieter Tans, National Oceanic and Atmospheric Administration (NOAA). Global Monitoring Laboratory, Trends in Atmospheric Carbon Dioxide Data (https://gml.noaa.gov/ccgg/trends/) and Dr. Ralph Keeling, Scripps Institution of Oceanography, Carbon Dioxide Measurements (https://scrippsco2.ucsd.edu/).",ECCA,Atmospheric Carbon Dioxide Concentrations,"Environment, Climate Change, Climate and Weather, Atmospheric Carbon Dioxide Concentrations",1993M08,0.22
World,,WLD,Monthly Atmospheric Carbon Dioxide Concentrations,Parts Per Million,"Dr. Pieter Tans, National Oceanic and Atmospheric Administration (NOAA). Global Monitoring Laboratory, Trends in Atmospheric Carbon Dioxide Data (https://gml.noaa.gov/ccgg/trends/) and Dr. Ralph Keeling, Scripps Institution of Oceanography, Carbon Dioxide Measurements (https://scrippsco2.ucsd.edu/).",ECCA,Atmospheric Carbon Dioxide Concentrations,"Environment, Climate Change, Climate and Weather, Atmospheric Carbon Dioxide Concentrations",1993M09,354.14
World,,WLD,"Monthly Atmospheric Carbon Dioxide Concentrations, Year on Year Percentage Change",Percent,"Dr. Pieter Tans, National Oceanic and Atmospheric Administration (NOAA). Global Monitoring Laboratory, Trends in Atmospheric Carbon Dioxide Data (https://gml.noaa.gov/ccgg/trends/) and Dr. Ralph Keeling, Scripps Institution of Oceanography, Carbon Dioxide Measurements (https://scrippsco2.ucsd.edu/).",ECCA,Atmospheric Carbon Dioxide Concentrations,"Environment, Climate Change, Climate and Weather, Atmospheric Carbon Dioxide Concentrations",1993M09,0.32
World,,WLD,Monthly Atmospheric Carbon Dioxide Concentrations,Parts Per Million,"Dr. Pieter Tans, National Oceanic and Atmospheric Administration (NOAA). Global Monitoring Laboratory, Trends in Atmospheric Carbon Dioxide Data (https://gml.noaa.gov/ccgg/trends/) and Dr. Ralph Keeling, Scripps Institution of Oceanography, Carbon Dioxide Measurements (https://scrippsco2.ucsd.edu/).",ECCA,Atmospheric Carbon Dioxide Concentrations,"Environment, Climate Change, Climate and Weather, Atmospheric Carbon Dioxide Concentrations",1993M10,354.23
World,,WLD,"Monthly Atmospheric Carbon Dioxide Concentrations, Year on Year Percentage Change",Percent,"Dr. Pieter Tans, National Oceanic and Atmospheric Administration (NOAA). Global Monitoring Laboratory, Trends in Atmospheric Carbon Dioxide Data (https://gml.noaa.gov/ccgg/trends/) and Dr. Ralph Keeling, Scripps Institution of Oceanography, Carbon Dioxide Measurements (https://scrippsco2.ucsd.edu/).",ECCA,Atmospheric Carbon Dioxide Concentrations,"Environment, Climate Change, Climate and Weather, Atmospheric Carbon Dioxide Concentrations",1993M10,0.23
World,,WLD,Monthly Atmospheric Carbon Dioxide Concentrations,Parts Per Million,"Dr. Pieter Tans, National Oceanic and Atmospheric Administration (NOAA). Global Monitoring Laboratory, Trends in Atmospheric Carbon Dioxide Data (https://gml.noaa.gov/ccgg/trends/) and Dr. Ralph Keeling, Scripps Institution of Oceanography, Carbon Dioxide Measurements (https://scrippsco2.ucsd.edu/).",ECCA,Atmospheric Carbon Dioxide Concentrations,"Environment, Climate Change, Climate and Weather, Atmospheric Carbon Dioxide Concentrations",1993M11,355.53
World,,WLD,"Monthly Atmospheric Carbon Dioxide Concentrations, Year on Year Percentage Change",Percent,"Dr. Pieter Tans, National Oceanic and Atmospheric Administration (NOAA). Global Monitoring Laboratory, Trends in Atmospheric Carbon Dioxide Data (https://gml.noaa.gov/ccgg/trends/) and Dr. Ralph Keeling, Scripps Institution of Oceanography, Carbon Dioxide Measurements (https://scrippsco2.ucsd.edu/).",ECCA,Atmospheric Carbon Dioxide Concentrations,"Environment, Climate Change, Climate and Weather, Atmospheric Carbon Dioxide Concentrations",1993M11,0.31
World,,WLD,Monthly Atmospheric Carbon Dioxide Concentrations,Parts Per Million,"Dr. Pieter Tans, National Oceanic and Atmospheric Administration (NOAA). Global Monitoring Laboratory, Trends in Atmospheric Carbon Dioxide Data (https://gml.noaa.gov/ccgg/trends/) and Dr. Ralph Keeling, Scripps Institution of Oceanography, Carbon Dioxide Measurements (https://scrippsco2.ucsd.edu/).",ECCA,Atmospheric Carbon Dioxide Concentrations,"Environment, Climate Change, Climate and Weather, Atmospheric Carbon Dioxide Concentrations",1993M12,357.03
World,,WLD,"Monthly Atmospheric Carbon Dioxide Concentrations, Year on Year Percentage Change",Percent,"Dr. Pieter Tans, National Oceanic and Atmospheric Administration (NOAA). Global Monitoring Laboratory, Trends in Atmospheric Carbon Dioxide Data (https://gml.noaa.gov/ccgg/trends/) and Dr. Ralph Keeling, Scripps Institution of Oceanography, Carbon Dioxide Measurements (https://scrippsco2.ucsd.edu/).",ECCA,Atmospheric Carbon Dioxide Concentrations,"Environment, Climate Change, Climate and Weather, Atmospheric Carbon Dioxide Concentrations",1993M12,0.38
World,,WLD,Monthly Atmospheric Carbon Dioxide Concentrations,Parts Per Million,"Dr. Pieter Tans, National Oceanic and Atmospheric Administration (NOAA). Global Monitoring Laboratory, Trends in Atmospheric Carbon Dioxide Data (https://gml.noaa.gov/ccgg/trends/) and Dr. Ralph Keeling, Scripps Institution of Oceanography, Carbon Dioxide Measurements (https://scrippsco2.ucsd.edu/).",ECCA,Atmospheric Carbon Dioxide Concentrations,"Environment, Climate Change, Climate and Weather, Atmospheric Carbon Dioxide Concentrations",1994M01,358.36
World,,WLD,"Monthly Atmospheric Carbon Dioxide Concentrations, Year on Year Percentage Change",Percent,"Dr. Pieter Tans, National Oceanic and Atmospheric Administration (NOAA). Global Monitoring Laboratory, Trends in Atmospheric Carbon Dioxide Data (https://gml.noaa.gov/ccgg/trends/) and Dr. Ralph Keeling, Scripps Institution of Oceanography, Carbon Dioxide Measurements (https://scrippsco2.ucsd.edu/).",ECCA,Atmospheric Carbon Dioxide Concentrations,"Environment, Climate Change, Climate and Weather, Atmospheric Carbon Dioxide Concentrations",1994M01,0.35
World,,WLD,Monthly Atmospheric Carbon Dioxide Concentrations,Parts Per Million,"Dr. Pieter Tans, National Oceanic and Atmospheric Administration (NOAA). Global Monitoring Laboratory, Trends in Atmospheric Carbon Dioxide Data (https://gml.noaa.gov/ccgg/trends/) and Dr. Ralph Keeling, Scripps Institution of Oceanography, Carbon Dioxide Measurements (https://scrippsco2.ucsd.edu/).",ECCA,Atmospheric Carbon Dioxide Concentrations,"Environment, Climate Change, Climate and Weather, Atmospheric Carbon Dioxide Concentrations",1994M02,359.04
World,,WLD,"Monthly Atmospheric Carbon Dioxide Concentrations, Year on Year Percentage Change",Percent,"Dr. Pieter Tans, National Oceanic and Atmospheric Administration (NOAA). Global Monitoring Laboratory, Trends in Atmospheric Carbon Dioxide Data (https://gml.noaa.gov/ccgg/trends/) and Dr. Ralph Keeling, Scripps Institution of Oceanography, Carbon Dioxide Measurements (https://scrippsco2.ucsd.edu/).",ECCA,Atmospheric Carbon Dioxide Concentrations,"Environment, Climate Change, Climate and Weather, Atmospheric Carbon Dioxide Concentrations",1994M02,0.45
World,,WLD,Monthly Atmospheric Carbon Dioxide Concentrations,Parts Per Million,"Dr. Pieter Tans, National Oceanic and Atmospheric Administration (NOAA). Global Monitoring Laboratory, Trends in Atmospheric Carbon Dioxide Data (https://gml.noaa.gov/ccgg/trends/) and Dr. Ralph Keeling, Scripps Institution of Oceanography, Carbon Dioxide Measurements (https://scrippsco2.ucsd.edu/).",ECCA,Atmospheric Carbon Dioxide Concentrations,"Environment, Climate Change, Climate and Weather, Atmospheric Carbon Dioxide Concentrations",1994M03,360.11
World,,WLD,"Monthly Atmospheric Carbon Dioxide Concentrations, Year on Year Percentage Change",Percent,"Dr. Pieter Tans, National Oceanic and Atmospheric Administration (NOAA). Global Monitoring Laboratory, Trends in Atmospheric Carbon Dioxide Data (https://gml.noaa.gov/ccgg/trends/) and Dr. Ralph Keeling, Scripps Institution of Oceanography, Carbon Dioxide Measurements (https://scrippsco2.ucsd.edu/).",ECCA,Atmospheric Carbon Dioxide Concentrations,"Environment, Climate Change, Climate and Weather, Atmospheric Carbon Dioxide Concentrations",1994M03,0.42
World,,WLD,Monthly Atmospheric Carbon Dioxide Concentrations,Parts Per Million,"Dr. Pieter Tans, National Oceanic and Atmospheric Administration (NOAA). Global Monitoring Laboratory, Trends in Atmospheric Carbon Dioxide Data (https://gml.noaa.gov/ccgg/trends/) and Dr. Ralph Keeling, Scripps Institution of Oceanography, Carbon Dioxide Measurements (https://scrippsco2.ucsd.edu/).",ECCA,Atmospheric Carbon Dioxide Concentrations,"Environment, Climate Change, Climate and Weather, Atmospheric Carbon Dioxide Concentrations",1994M04,361.36
World,,WLD,"Monthly Atmospheric Carbon Dioxide Concentrations, Year on Year Percentage Change",Percent,"Dr. Pieter Tans, National Oceanic and Atmospheric Administration (NOAA). Global Monitoring Laboratory, Trends in Atmospheric Carbon Dioxide Data (https://gml.noaa.gov/ccgg/trends/) and Dr. Ralph Keeling, Scripps Institution of Oceanography, Carbon Dioxide Measurements (https://scrippsco2.ucsd.edu/).",ECCA,Atmospheric Carbon Dioxide Concentrations,"Environment, Climate Change, Climate and Weather, Atmospheric Carbon Dioxide Concentrations",1994M04,0.55
World,,WLD,Monthly Atmospheric Carbon Dioxide Concentrations,Parts Per Million,"Dr. Pieter Tans, National Oceanic and Atmospheric Administration (NOAA). Global Monitoring Laboratory, Trends in Atmospheric Carbon Dioxide Data (https://gml.noaa.gov/ccgg/trends/) and Dr. Ralph Keeling, Scripps Institution of Oceanography, Carbon Dioxide Measurements (https://scrippsco2.ucsd.edu/).",ECCA,Atmospheric Carbon Dioxide Concentrations,"Environment, Climate Change, Climate and Weather, Atmospheric Carbon Dioxide Concentrations",1994M05,361.78
World,,WLD,"Monthly Atmospheric Carbon Dioxide Concentrations, Year on Year Percentage Change",Percent,"Dr. Pieter Tans, National Oceanic and Atmospheric Administration (NOAA). Global Monitoring Laboratory, Trends in Atmospheric Carbon Dioxide Data (https://gml.noaa.gov/ccgg/trends/) and Dr. Ralph Keeling, Scripps Institution of Oceanography, Carbon Dioxide Measurements (https://scrippsco2.ucsd.edu/).",ECCA,Atmospheric Carbon Dioxide Concentrations,"Environment, Climate Change, Climate and Weather, Atmospheric Carbon Dioxide Concentrations",1994M05,0.41
World,,WLD,Monthly Atmospheric Carbon Dioxide Concentrations,Parts Per Million,"Dr. Pieter Tans, National Oceanic and Atmospheric Administration (NOAA). Global Monitoring Laboratory, Trends in Atmospheric Carbon Dioxide Data (https://gml.noaa.gov/ccgg/trends/) and Dr. Ralph Keeling, Scripps Institution of Oceanography, Carbon Dioxide Measurements (https://scrippsco2.ucsd.edu/).",ECCA,Atmospheric Carbon Dioxide Concentrations,"Environment, Climate Change, Climate and Weather, Atmospheric Carbon Dioxide Concentrations",1994M06,360.94
World,,WLD,"Monthly Atmospheric Carbon Dioxide Concentrations, Year on Year Percentage Change",Percent,"Dr. Pieter Tans, National Oceanic and Atmospheric Administration (NOAA). Global Monitoring Laboratory, Trends in Atmospheric Carbon Dioxide Data (https://gml.noaa.gov/ccgg/trends/) and Dr. Ralph Keeling, Scripps Institution of Oceanography, Carbon Dioxide Measurements (https://scrippsco2.ucsd.edu/).",ECCA,Atmospheric Carbon Dioxide Concentrations,"Environment, Climate Change, Climate and Weather, Atmospheric Carbon Dioxide Concentrations",1994M06,0.36
World,,WLD,Monthly Atmospheric Carbon Dioxide Concentrations,Parts Per Million,"Dr. Pieter Tans, National Oceanic and Atmospheric Administration (NOAA). Global Monitoring Laboratory, Trends in Atmospheric Carbon Dioxide Data (https://gml.noaa.gov/ccgg/trends/) and Dr. Ralph Keeling, Scripps Institution of Oceanography, Carbon Dioxide Measurements (https://scrippsco2.ucsd.edu/).",ECCA,Atmospheric Carbon Dioxide Concentrations,"Environment, Climate Change, Climate and Weather, Atmospheric Carbon Dioxide Concentrations",1994M07,359.51
World,,WLD,"Monthly Atmospheric Carbon Dioxide Concentrations, Year on Year Percentage Change",Percent,"Dr. Pieter Tans, National Oceanic and Atmospheric Administration (NOAA). Global Monitoring Laboratory, Trends in Atmospheric Carbon Dioxide Data (https://gml.noaa.gov/ccgg/trends/) and Dr. Ralph Keeling, Scripps Institution of Oceanography, Carbon Dioxide Measurements (https://scrippsco2.ucsd.edu/).",ECCA,Atmospheric Carbon Dioxide Concentrations,"Environment, Climate Change, Climate and Weather, Atmospheric Carbon Dioxide Concentrations",1994M07,0.58
World,,WLD,Monthly Atmospheric Carbon Dioxide Concentrations,Parts Per Million,"Dr. Pieter Tans, National Oceanic and Atmospheric Administration (NOAA). Global Monitoring Laboratory, Trends in Atmospheric Carbon Dioxide Data (https://gml.noaa.gov/ccgg/trends/) and Dr. Ralph Keeling, Scripps Institution of Oceanography, Carbon Dioxide Measurements (https://scrippsco2.ucsd.edu/).",ECCA,Atmospheric Carbon Dioxide Concentrations,"Environment, Climate Change, Climate and Weather, Atmospheric Carbon Dioxide Concentrations",1994M08,357.59
World,,WLD,"Monthly Atmospheric Carbon Dioxide Concentrations, Year on Year Percentage Change",Percent,"Dr. Pieter Tans, National Oceanic and Atmospheric Administration (NOAA). Global Monitoring Laboratory, Trends in Atmospheric Carbon Dioxide Data (https://gml.noaa.gov/ccgg/trends/) and Dr. Ralph Keeling, Scripps Institution of Oceanography, Carbon Dioxide Measurements (https://scrippsco2.ucsd.edu/).",ECCA,Atmospheric Carbon Dioxide Concentrations,"Environment, Climate Change, Climate and Weather, Atmospheric Carbon Dioxide Concentrations",1994M08,0.51
World,,WLD,Monthly Atmospheric Carbon Dioxide Concentrations,Parts Per Million,"Dr. Pieter Tans, National Oceanic and Atmospheric Administration (NOAA). Global Monitoring Laboratory, Trends in Atmospheric Carbon Dioxide Data (https://gml.noaa.gov/ccgg/trends/) and Dr. Ralph Keeling, Scripps Institution of Oceanography, Carbon Dioxide Measurements (https://scrippsco2.ucsd.edu/).",ECCA,Atmospheric Carbon Dioxide Concentrations,"Environment, Climate Change, Climate and Weather, Atmospheric Carbon Dioxide Concentrations",1994M09,355.86
World,,WLD,"Monthly Atmospheric Carbon Dioxide Concentrations, Year on Year Percentage Change",Percent,"Dr. Pieter Tans, National Oceanic and Atmospheric Administration (NOAA). Global Monitoring Laboratory, Trends in Atmospheric Carbon Dioxide Data (https://gml.noaa.gov/ccgg/trends/) and Dr. Ralph Keeling, Scripps Institution of Oceanography, Carbon Dioxide Measurements (https://scrippsco2.ucsd.edu/).",ECCA,Atmospheric Carbon Dioxide Concentrations,"Environment, Climate Change, Climate and Weather, Atmospheric Carbon Dioxide Concentrations",1994M09,0.49
World,,WLD,Monthly Atmospheric Carbon Dioxide Concentrations,Parts Per Million,"Dr. Pieter Tans, National Oceanic and Atmospheric Administration (NOAA). Global Monitoring Laboratory, Trends in Atmospheric Carbon Dioxide Data (https://gml.noaa.gov/ccgg/trends/) and Dr. Ralph Keeling, Scripps Institution of Oceanography, Carbon Dioxide Measurements (https://scrippsco2.ucsd.edu/).",ECCA,Atmospheric Carbon Dioxide Concentrations,"Environment, Climate Change, Climate and Weather, Atmospheric Carbon Dioxide Concentrations",1994M10,356.21
World,,WLD,"Monthly Atmospheric Carbon Dioxide Concentrations, Year on Year Percentage Change",Percent,"Dr. Pieter Tans, National Oceanic and Atmospheric Administration (NOAA). Global Monitoring Laboratory, Trends in Atmospheric Carbon Dioxide Data (https://gml.noaa.gov/ccgg/trends/) and Dr. Ralph Keeling, Scripps Institution of Oceanography, Carbon Dioxide Measurements (https://scrippsco2.ucsd.edu/).",ECCA,Atmospheric Carbon Dioxide Concentrations,"Environment, Climate Change, Climate and Weather, Atmospheric Carbon Dioxide Concentrations",1994M10,0.56
World,,WLD,Monthly Atmospheric Carbon Dioxide Concentrations,Parts Per Million,"Dr. Pieter Tans, National Oceanic and Atmospheric Administration (NOAA). Global Monitoring Laboratory, Trends in Atmospheric Carbon Dioxide Data (https://gml.noaa.gov/ccgg/trends/) and Dr. Ralph Keeling, Scripps Institution of Oceanography, Carbon Dioxide Measurements (https://scrippsco2.ucsd.edu/).",ECCA,Atmospheric Carbon Dioxide Concentrations,"Environment, Climate Change, Climate and Weather, Atmospheric Carbon Dioxide Concentrations",1994M11,357.65
World,,WLD,"Monthly Atmospheric Carbon Dioxide Concentrations, Year on Year Percentage Change",Percent,"Dr. Pieter Tans, National Oceanic and Atmospheric Administration (NOAA). Global Monitoring Laboratory, Trends in Atmospheric Carbon Dioxide Data (https://gml.noaa.gov/ccgg/trends/) and Dr. Ralph Keeling, Scripps Institution of Oceanography, Carbon Dioxide Measurements (https://scrippsco2.ucsd.edu/).",ECCA,Atmospheric Carbon Dioxide Concentrations,"Environment, Climate Change, Climate and Weather, Atmospheric Carbon Dioxide Concentrations",1994M11,0.6
World,,WLD,Monthly Atmospheric Carbon Dioxide Concentrations,Parts Per Million,"Dr. Pieter Tans, National Oceanic and Atmospheric Administration (NOAA). Global Monitoring Laboratory, Trends in Atmospheric Carbon Dioxide Data (https://gml.noaa.gov/ccgg/trends/) and Dr. Ralph Keeling, Scripps Institution of Oceanography, Carbon Dioxide Measurements (https://scrippsco2.ucsd.edu/).",ECCA,Atmospheric Carbon Dioxide Concentrations,"Environment, Climate Change, Climate and Weather, Atmospheric Carbon Dioxide Concentrations",1994M12,359.1
World,,WLD,"Monthly Atmospheric Carbon Dioxide Concentrations, Year on Year Percentage Change",Percent,"Dr. Pieter Tans, National Oceanic and Atmospheric Administration (NOAA). Global Monitoring Laboratory, Trends in Atmospheric Carbon Dioxide Data (https://gml.noaa.gov/ccgg/trends/) and Dr. Ralph Keeling, Scripps Institution of Oceanography, Carbon Dioxide Measurements (https://scrippsco2.ucsd.edu/).",ECCA,Atmospheric Carbon Dioxide Concentrations,"Environment, Climate Change, Climate and Weather, Atmospheric Carbon Dioxide Concentrations",1994M12,0.58
World,,WLD,Monthly Atmospheric Carbon Dioxide Concentrations,Parts Per Million,"Dr. Pieter Tans, National Oceanic and Atmospheric Administration (NOAA). Global Monitoring Laboratory, Trends in Atmospheric Carbon Dioxide Data (https://gml.noaa.gov/ccgg/trends/) and Dr. Ralph Keeling, Scripps Institution of Oceanography, Carbon Dioxide Measurements (https://scrippsco2.ucsd.edu/).",ECCA,Atmospheric Carbon Dioxide Concentrations,"Environment, Climate Change, Climate and Weather, Atmospheric Carbon Dioxide Concentrations",1995M01,360.04
World,,WLD,"Monthly Atmospheric Carbon Dioxide Concentrations, Year on Year Percentage Change",Percent,"Dr. Pieter Tans, National Oceanic and Atmospheric Administration (NOAA). Global Monitoring Laboratory, Trends in Atmospheric Carbon Dioxide Data (https://gml.noaa.gov/ccgg/trends/) and Dr. Ralph Keeling, Scripps Institution of Oceanography, Carbon Dioxide Measurements (https://scrippsco2.ucsd.edu/).",ECCA,Atmospheric Carbon Dioxide Concentrations,"Environment, Climate Change, Climate and Weather, Atmospheric Carbon Dioxide Concentrations",1995M01,0.47
World,,WLD,Monthly Atmospheric Carbon Dioxide Concentrations,Parts Per Million,"Dr. Pieter Tans, National Oceanic and Atmospheric Administration (NOAA). Global Monitoring Laboratory, Trends in Atmospheric Carbon Dioxide Data (https://gml.noaa.gov/ccgg/trends/) and Dr. Ralph Keeling, Scripps Institution of Oceanography, Carbon Dioxide Measurements (https://scrippsco2.ucsd.edu/).",ECCA,Atmospheric Carbon Dioxide Concentrations,"Environment, Climate Change, Climate and Weather, Atmospheric Carbon Dioxide Concentrations",1995M02,361.0
World,,WLD,"Monthly Atmospheric Carbon Dioxide Concentrations, Year on Year Percentage Change",Percent,"Dr. Pieter Tans, National Oceanic and Atmospheric Administration (NOAA). Global Monitoring Laboratory, Trends in Atmospheric Carbon Dioxide Data (https://gml.noaa.gov/ccgg/trends/) and Dr. Ralph Keeling, Scripps Institution of Oceanography, Carbon Dioxide Measurements (https://scrippsco2.ucsd.edu/).",ECCA,Atmospheric Carbon Dioxide Concentrations,"Environment, Climate Change, Climate and Weather, Atmospheric Carbon Dioxide Concentrations",1995M02,0.55
World,,WLD,Monthly Atmospheric Carbon Dioxide Concentrations,Parts Per Million,"Dr. Pieter Tans, National Oceanic and Atmospheric Administration (NOAA). Global Monitoring Laboratory, Trends in Atmospheric Carbon Dioxide Data (https://gml.noaa.gov/ccgg/trends/) and Dr. Ralph Keeling, Scripps Institution of Oceanography, Carbon Dioxide Measurements (https://scrippsco2.ucsd.edu/).",ECCA,Atmospheric Carbon Dioxide Concentrations,"Environment, Climate Change, Climate and Weather, Atmospheric Carbon Dioxide Concentrations",1995M03,361.98
World,,WLD,"Monthly Atmospheric Carbon Dioxide Concentrations, Year on Year Percentage Change",Percent,"Dr. Pieter Tans, National Oceanic and Atmospheric Administration (NOAA). Global Monitoring Laboratory, Trends in Atmospheric Carbon Dioxide Data (https://gml.noaa.gov/ccgg/trends/) and Dr. Ralph Keeling, Scripps Institution of Oceanography, Carbon Dioxide Measurements (https://scrippsco2.ucsd.edu/).",ECCA,Atmospheric Carbon Dioxide Concentrations,"Environment, Climate Change, Climate and Weather, Atmospheric Carbon Dioxide Concentrations",1995M03,0.52
World,,WLD,Monthly Atmospheric Carbon Dioxide Concentrations,Parts Per Million,"Dr. Pieter Tans, National Oceanic and Atmospheric Administration (NOAA). Global Monitoring Laboratory, Trends in Atmospheric Carbon Dioxide Data (https://gml.noaa.gov/ccgg/trends/) and Dr. Ralph Keeling, Scripps Institution of Oceanography, Carbon Dioxide Measurements (https://scrippsco2.ucsd.edu/).",ECCA,Atmospheric Carbon Dioxide Concentrations,"Environment, Climate Change, Climate and Weather, Atmospheric Carbon Dioxide Concentrations",1995M04,363.44
World,,WLD,"Monthly Atmospheric Carbon Dioxide Concentrations, Year on Year Percentage Change",Percent,"Dr. Pieter Tans, National Oceanic and Atmospheric Administration (NOAA). Global Monitoring Laboratory, Trends in Atmospheric Carbon Dioxide Data (https://gml.noaa.gov/ccgg/trends/) and Dr. Ralph Keeling, Scripps Institution of Oceanography, Carbon Dioxide Measurements (https://scrippsco2.ucsd.edu/).",ECCA,Atmospheric Carbon Dioxide Concentrations,"Environment, Climate Change, Climate and Weather, Atmospheric Carbon Dioxide Concentrations",1995M04,0.58
World,,WLD,Monthly Atmospheric Carbon Dioxide Concentrations,Parts Per Million,"Dr. Pieter Tans, National Oceanic and Atmospheric Administration (NOAA). Global Monitoring Laboratory, Trends in Atmospheric Carbon Dioxide Data (https://gml.noaa.gov/ccgg/trends/) and Dr. Ralph Keeling, Scripps Institution of Oceanography, Carbon Dioxide Measurements (https://scrippsco2.ucsd.edu/).",ECCA,Atmospheric Carbon Dioxide Concentrations,"Environment, Climate Change, Climate and Weather, Atmospheric Carbon Dioxide Concentrations",1995M05,363.83
World,,WLD,"Monthly Atmospheric Carbon Dioxide Concentrations, Year on Year Percentage Change",Percent,"Dr. Pieter Tans, National Oceanic and Atmospheric Administration (NOAA). Global Monitoring Laboratory, Trends in Atmospheric Carbon Dioxide Data (https://gml.noaa.gov/ccgg/trends/) and Dr. Ralph Keeling, Scripps Institution of Oceanography, Carbon Dioxide Measurements (https://scrippsco2.ucsd.edu/).",ECCA,Atmospheric Carbon Dioxide Concentrations,"Environment, Climate Change, Climate and Weather, Atmospheric Carbon Dioxide Concentrations",1995M05,0.57
World,,WLD,Monthly Atmospheric Carbon Dioxide Concentrations,Parts Per Million,"Dr. Pieter Tans, National Oceanic and Atmospheric Administration (NOAA). Global Monitoring Laboratory, Trends in Atmospheric Carbon Dioxide Data (https://gml.noaa.gov/ccgg/trends/) and Dr. Ralph Keeling, Scripps Institution of Oceanography, Carbon Dioxide Measurements (https://scrippsco2.ucsd.edu/).",ECCA,Atmospheric Carbon Dioxide Concentrations,"Environment, Climate Change, Climate and Weather, Atmospheric Carbon Dioxide Concentrations",1995M06,363.33
World,,WLD,"Monthly Atmospheric Carbon Dioxide Concentrations, Year on Year Percentage Change",Percent,"Dr. Pieter Tans, National Oceanic and Atmospheric Administration (NOAA). Global Monitoring Laboratory, Trends in Atmospheric Carbon Dioxide Data (https://gml.noaa.gov/ccgg/trends/) and Dr. Ralph Keeling, Scripps Institution of Oceanography, Carbon Dioxide Measurements (https://scrippsco2.ucsd.edu/).",ECCA,Atmospheric Carbon Dioxide Concentrations,"Environment, Climate Change, Climate and Weather, Atmospheric Carbon Dioxide Concentrations",1995M06,0.66
World,,WLD,Monthly Atmospheric Carbon Dioxide Concentrations,Parts Per Million,"Dr. Pieter Tans, National Oceanic and Atmospheric Administration (NOAA). Global Monitoring Laboratory, Trends in Atmospheric Carbon Dioxide Data (https://gml.noaa.gov/ccgg/trends/) and Dr. Ralph Keeling, Scripps Institution of Oceanography, Carbon Dioxide Measurements (https://scrippsco2.ucsd.edu/).",ECCA,Atmospheric Carbon Dioxide Concentrations,"Environment, Climate Change, Climate and Weather, Atmospheric Carbon Dioxide Concentrations",1995M07,361.78
World,,WLD,"Monthly Atmospheric Carbon Dioxide Concentrations, Year on Year Percentage Change",Percent,"Dr. Pieter Tans, National Oceanic and Atmospheric Administration (NOAA). Global Monitoring Laboratory, Trends in Atmospheric Carbon Dioxide Data (https://gml.noaa.gov/ccgg/trends/) and Dr. Ralph Keeling, Scripps Institution of Oceanography, Carbon Dioxide Measurements (https://scrippsco2.ucsd.edu/).",ECCA,Atmospheric Carbon Dioxide Concentrations,"Environment, Climate Change, Climate and Weather, Atmospheric Carbon Dioxide Concentrations",1995M07,0.63
World,,WLD,Monthly Atmospheric Carbon Dioxide Concentrations,Parts Per Million,"Dr. Pieter Tans, National Oceanic and Atmospheric Administration (NOAA). Global Monitoring Laboratory, Trends in Atmospheric Carbon Dioxide Data (https://gml.noaa.gov/ccgg/trends/) and Dr. Ralph Keeling, Scripps Institution of Oceanography, Carbon Dioxide Measurements (https://scrippsco2.ucsd.edu/).",ECCA,Atmospheric Carbon Dioxide Concentrations,"Environment, Climate Change, Climate and Weather, Atmospheric Carbon Dioxide Concentrations",1995M08,359.33
World,,WLD,"Monthly Atmospheric Carbon Dioxide Concentrations, Year on Year Percentage Change",Percent,"Dr. Pieter Tans, National Oceanic and Atmospheric Administration (NOAA). Global Monitoring Laboratory, Trends in Atmospheric Carbon Dioxide Data (https://gml.noaa.gov/ccgg/trends/) and Dr. Ralph Keeling, Scripps Institution of Oceanography, Carbon Dioxide Measurements (https://scrippsco2.ucsd.edu/).",ECCA,Atmospheric Carbon Dioxide Concentrations,"Environment, Climate Change, Climate and Weather, Atmospheric Carbon Dioxide Concentrations",1995M08,0.49
World,,WLD,Monthly Atmospheric Carbon Dioxide Concentrations,Parts Per Million,"Dr. Pieter Tans, National Oceanic and Atmospheric Administration (NOAA). Global Monitoring Laboratory, Trends in Atmospheric Carbon Dioxide Data (https://gml.noaa.gov/ccgg/trends/) and Dr. Ralph Keeling, Scripps Institution of Oceanography, Carbon Dioxide Measurements (https://scrippsco2.ucsd.edu/).",ECCA,Atmospheric Carbon Dioxide Concentrations,"Environment, Climate Change, Climate and Weather, Atmospheric Carbon Dioxide Concentrations",1995M09,358.32
World,,WLD,"Monthly Atmospheric Carbon Dioxide Concentrations, Year on Year Percentage Change",Percent,"Dr. Pieter Tans, National Oceanic and Atmospheric Administration (NOAA). Global Monitoring Laboratory, Trends in Atmospheric Carbon Dioxide Data (https://gml.noaa.gov/ccgg/trends/) and Dr. Ralph Keeling, Scripps Institution of Oceanography, Carbon Dioxide Measurements (https://scrippsco2.ucsd.edu/).",ECCA,Atmospheric Carbon Dioxide Concentrations,"Environment, Climate Change, Climate and Weather, Atmospheric Carbon Dioxide Concentrations",1995M09,0.69
World,,WLD,Monthly Atmospheric Carbon Dioxide Concentrations,Parts Per Million,"Dr. Pieter Tans, National Oceanic and Atmospheric Administration (NOAA). Global Monitoring Laboratory, Trends in Atmospheric Carbon Dioxide Data (https://gml.noaa.gov/ccgg/trends/) and Dr. Ralph Keeling, Scripps Institution of Oceanography, Carbon Dioxide Measurements (https://scrippsco2.ucsd.edu/).",ECCA,Atmospheric Carbon Dioxide Concentrations,"Environment, Climate Change, Climate and Weather, Atmospheric Carbon Dioxide Concentrations",1995M10,358.14
World,,WLD,"Monthly Atmospheric Carbon Dioxide Concentrations, Year on Year Percentage Change",Percent,"Dr. Pieter Tans, National Oceanic and Atmospheric Administration (NOAA). Global Monitoring Laboratory, Trends in Atmospheric Carbon Dioxide Data (https://gml.noaa.gov/ccgg/trends/) and Dr. Ralph Keeling, Scripps Institution of Oceanography, Carbon Dioxide Measurements (https://scrippsco2.ucsd.edu/).",ECCA,Atmospheric Carbon Dioxide Concentrations,"Environment, Climate Change, Climate and Weather, Atmospheric Carbon Dioxide Concentrations",1995M10,0.54
World,,WLD,Monthly Atmospheric Carbon Dioxide Concentrations,Parts Per Million,"Dr. Pieter Tans, National Oceanic and Atmospheric Administration (NOAA). Global Monitoring Laboratory, Trends in Atmospheric Carbon Dioxide Data (https://gml.noaa.gov/ccgg/trends/) and Dr. Ralph Keeling, Scripps Institution of Oceanography, Carbon Dioxide Measurements (https://scrippsco2.ucsd.edu/).",ECCA,Atmospheric Carbon Dioxide Concentrations,"Environment, Climate Change, Climate and Weather, Atmospheric Carbon Dioxide Concentrations",1995M11,359.61
World,,WLD,"Monthly Atmospheric Carbon Dioxide Concentrations, Year on Year Percentage Change",Percent,"Dr. Pieter Tans, National Oceanic and Atmospheric Administration (NOAA). Global Monitoring Laboratory, Trends in Atmospheric Carbon Dioxide Data (https://gml.noaa.gov/ccgg/trends/) and Dr. Ralph Keeling, Scripps Institution of Oceanography, Carbon Dioxide Measurements (https://scrippsco2.ucsd.edu/).",ECCA,Atmospheric Carbon Dioxide Concentrations,"Environment, Climate Change, Climate and Weather, Atmospheric Carbon Dioxide Concentrations",1995M11,0.55
World,,WLD,Monthly Atmospheric Carbon Dioxide Concentrations,Parts Per Million,"Dr. Pieter Tans, National Oceanic and Atmospheric Administration (NOAA). Global Monitoring Laboratory, Trends in Atmospheric Carbon Dioxide Data (https://gml.noaa.gov/ccgg/trends/) and Dr. Ralph Keeling, Scripps Institution of Oceanography, Carbon Dioxide Measurements (https://scrippsco2.ucsd.edu/).",ECCA,Atmospheric Carbon Dioxide Concentrations,"Environment, Climate Change, Climate and Weather, Atmospheric Carbon Dioxide Concentrations",1995M12,360.82
World,,WLD,"Monthly Atmospheric Carbon Dioxide Concentrations, Year on Year Percentage Change",Percent,"Dr. Pieter Tans, National Oceanic and Atmospheric Administration (NOAA). Global Monitoring Laboratory, Trends in Atmospheric Carbon Dioxide Data (https://gml.noaa.gov/ccgg/trends/) and Dr. Ralph Keeling, Scripps Institution of Oceanography, Carbon Dioxide Measurements (https://scrippsco2.ucsd.edu/).",ECCA,Atmospheric Carbon Dioxide Concentrations,"Environment, Climate Change, Climate and Weather, Atmospheric Carbon Dioxide Concentrations",1995M12,0.48
World,,WLD,Monthly Atmospheric Carbon Dioxide Concentrations,Parts Per Million,"Dr. Pieter Tans, National Oceanic and Atmospheric Administration (NOAA). Global Monitoring Laboratory, Trends in Atmospheric Carbon Dioxide Data (https://gml.noaa.gov/ccgg/trends/) and Dr. Ralph Keeling, Scripps Institution of Oceanography, Carbon Dioxide Measurements (https://scrippsco2.ucsd.edu/).",ECCA,Atmospheric Carbon Dioxide Concentrations,"Environment, Climate Change, Climate and Weather, Atmospheric Carbon Dioxide Concentrations",1996M01,362.2
World,,WLD,"Monthly Atmospheric Carbon Dioxide Concentrations, Year on Year Percentage Change",Percent,"Dr. Pieter Tans, National Oceanic and Atmospheric Administration (NOAA). Global Monitoring Laboratory, Trends in Atmospheric Carbon Dioxide Data (https://gml.noaa.gov/ccgg/trends/) and Dr. Ralph Keeling, Scripps Institution of Oceanography, Carbon Dioxide Measurements (https://scrippsco2.ucsd.edu/).",ECCA,Atmospheric Carbon Dioxide Concentrations,"Environment, Climate Change, Climate and Weather, Atmospheric Carbon Dioxide Concentrations",1996M01,0.6
World,,WLD,Monthly Atmospheric Carbon Dioxide Concentrations,Parts Per Million,"Dr. Pieter Tans, National Oceanic and Atmospheric Administration (NOAA). Global Monitoring Laboratory, Trends in Atmospheric Carbon Dioxide Data (https://gml.noaa.gov/ccgg/trends/) and Dr. Ralph Keeling, Scripps Institution of Oceanography, Carbon Dioxide Measurements (https://scrippsco2.ucsd.edu/).",ECCA,Atmospheric Carbon Dioxide Concentrations,"Environment, Climate Change, Climate and Weather, Atmospheric Carbon Dioxide Concentrations",1996M02,363.36
World,,WLD,"Monthly Atmospheric Carbon Dioxide Concentrations, Year on Year Percentage Change",Percent,"Dr. Pieter Tans, National Oceanic and Atmospheric Administration (NOAA). Global Monitoring Laboratory, Trends in Atmospheric Carbon Dioxide Data (https://gml.noaa.gov/ccgg/trends/) and Dr. Ralph Keeling, Scripps Institution of Oceanography, Carbon Dioxide Measurements (https://scrippsco2.ucsd.edu/).",ECCA,Atmospheric Carbon Dioxide Concentrations,"Environment, Climate Change, Climate and Weather, Atmospheric Carbon Dioxide Concentrations",1996M02,0.65
World,,WLD,Monthly Atmospheric Carbon Dioxide Concentrations,Parts Per Million,"Dr. Pieter Tans, National Oceanic and Atmospheric Administration (NOAA). Global Monitoring Laboratory, Trends in Atmospheric Carbon Dioxide Data (https://gml.noaa.gov/ccgg/trends/) and Dr. Ralph Keeling, Scripps Institution of Oceanography, Carbon Dioxide Measurements (https://scrippsco2.ucsd.edu/).",ECCA,Atmospheric Carbon Dioxide Concentrations,"Environment, Climate Change, Climate and Weather, Atmospheric Carbon Dioxide Concentrations",1996M03,364.28
World,,WLD,"Monthly Atmospheric Carbon Dioxide Concentrations, Year on Year Percentage Change",Percent,"Dr. Pieter Tans, National Oceanic and Atmospheric Administration (NOAA). Global Monitoring Laboratory, Trends in Atmospheric Carbon Dioxide Data (https://gml.noaa.gov/ccgg/trends/) and Dr. Ralph Keeling, Scripps Institution of Oceanography, Carbon Dioxide Measurements (https://scrippsco2.ucsd.edu/).",ECCA,Atmospheric Carbon Dioxide Concentrations,"Environment, Climate Change, Climate and Weather, Atmospheric Carbon Dioxide Concentrations",1996M03,0.64
World,,WLD,Monthly Atmospheric Carbon Dioxide Concentrations,Parts Per Million,"Dr. Pieter Tans, National Oceanic and Atmospheric Administration (NOAA). Global Monitoring Laboratory, Trends in Atmospheric Carbon Dioxide Data (https://gml.noaa.gov/ccgg/trends/) and Dr. Ralph Keeling, Scripps Institution of Oceanography, Carbon Dioxide Measurements (https://scrippsco2.ucsd.edu/).",ECCA,Atmospheric Carbon Dioxide Concentrations,"Environment, Climate Change, Climate and Weather, Atmospheric Carbon Dioxide Concentrations",1996M04,364.69
World,,WLD,"Monthly Atmospheric Carbon Dioxide Concentrations, Year on Year Percentage Change",Percent,"Dr. Pieter Tans, National Oceanic and Atmospheric Administration (NOAA). Global Monitoring Laboratory, Trends in Atmospheric Carbon Dioxide Data (https://gml.noaa.gov/ccgg/trends/) and Dr. Ralph Keeling, Scripps Institution of Oceanography, Carbon Dioxide Measurements (https://scrippsco2.ucsd.edu/).",ECCA,Atmospheric Carbon Dioxide Concentrations,"Environment, Climate Change, Climate and Weather, Atmospheric Carbon Dioxide Concentrations",1996M04,0.34
World,,WLD,Monthly Atmospheric Carbon Dioxide Concentrations,Parts Per Million,"Dr. Pieter Tans, National Oceanic and Atmospheric Administration (NOAA). Global Monitoring Laboratory, Trends in Atmospheric Carbon Dioxide Data (https://gml.noaa.gov/ccgg/trends/) and Dr. Ralph Keeling, Scripps Institution of Oceanography, Carbon Dioxide Measurements (https://scrippsco2.ucsd.edu/).",ECCA,Atmospheric Carbon Dioxide Concentrations,"Environment, Climate Change, Climate and Weather, Atmospheric Carbon Dioxide Concentrations",1996M05,365.25
World,,WLD,"Monthly Atmospheric Carbon Dioxide Concentrations, Year on Year Percentage Change",Percent,"Dr. Pieter Tans, National Oceanic and Atmospheric Administration (NOAA). Global Monitoring Laboratory, Trends in Atmospheric Carbon Dioxide Data (https://gml.noaa.gov/ccgg/trends/) and Dr. Ralph Keeling, Scripps Institution of Oceanography, Carbon Dioxide Measurements (https://scrippsco2.ucsd.edu/).",ECCA,Atmospheric Carbon Dioxide Concentrations,"Environment, Climate Change, Climate and Weather, Atmospheric Carbon Dioxide Concentrations",1996M05,0.39
World,,WLD,Monthly Atmospheric Carbon Dioxide Concentrations,Parts Per Million,"Dr. Pieter Tans, National Oceanic and Atmospheric Administration (NOAA). Global Monitoring Laboratory, Trends in Atmospheric Carbon Dioxide Data (https://gml.noaa.gov/ccgg/trends/) and Dr. Ralph Keeling, Scripps Institution of Oceanography, Carbon Dioxide Measurements (https://scrippsco2.ucsd.edu/).",ECCA,Atmospheric Carbon Dioxide Concentrations,"Environment, Climate Change, Climate and Weather, Atmospheric Carbon Dioxide Concentrations",1996M06,365.06
World,,WLD,"Monthly Atmospheric Carbon Dioxide Concentrations, Year on Year Percentage Change",Percent,"Dr. Pieter Tans, National Oceanic and Atmospheric Administration (NOAA). Global Monitoring Laboratory, Trends in Atmospheric Carbon Dioxide Data (https://gml.noaa.gov/ccgg/trends/) and Dr. Ralph Keeling, Scripps Institution of Oceanography, Carbon Dioxide Measurements (https://scrippsco2.ucsd.edu/).",ECCA,Atmospheric Carbon Dioxide Concentrations,"Environment, Climate Change, Climate and Weather, Atmospheric Carbon Dioxide Concentrations",1996M06,0.48
World,,WLD,Monthly Atmospheric Carbon Dioxide Concentrations,Parts Per Million,"Dr. Pieter Tans, National Oceanic and Atmospheric Administration (NOAA). Global Monitoring Laboratory, Trends in Atmospheric Carbon Dioxide Data (https://gml.noaa.gov/ccgg/trends/) and Dr. Ralph Keeling, Scripps Institution of Oceanography, Carbon Dioxide Measurements (https://scrippsco2.ucsd.edu/).",ECCA,Atmospheric Carbon Dioxide Concentrations,"Environment, Climate Change, Climate and Weather, Atmospheric Carbon Dioxide Concentrations",1996M07,363.69
World,,WLD,"Monthly Atmospheric Carbon Dioxide Concentrations, Year on Year Percentage Change",Percent,"Dr. Pieter Tans, National Oceanic and Atmospheric Administration (NOAA). Global Monitoring Laboratory, Trends in Atmospheric Carbon Dioxide Data (https://gml.noaa.gov/ccgg/trends/) and Dr. Ralph Keeling, Scripps Institution of Oceanography, Carbon Dioxide Measurements (https://scrippsco2.ucsd.edu/).",ECCA,Atmospheric Carbon Dioxide Concentrations,"Environment, Climate Change, Climate and Weather, Atmospheric Carbon Dioxide Concentrations",1996M07,0.53
World,,WLD,Monthly Atmospheric Carbon Dioxide Concentrations,Parts Per Million,"Dr. Pieter Tans, National Oceanic and Atmospheric Administration (NOAA). Global Monitoring Laboratory, Trends in Atmospheric Carbon Dioxide Data (https://gml.noaa.gov/ccgg/trends/) and Dr. Ralph Keeling, Scripps Institution of Oceanography, Carbon Dioxide Measurements (https://scrippsco2.ucsd.edu/).",ECCA,Atmospheric Carbon Dioxide Concentrations,"Environment, Climate Change, Climate and Weather, Atmospheric Carbon Dioxide Concentrations",1996M08,361.55
World,,WLD,"Monthly Atmospheric Carbon Dioxide Concentrations, Year on Year Percentage Change",Percent,"Dr. Pieter Tans, National Oceanic and Atmospheric Administration (NOAA). Global Monitoring Laboratory, Trends in Atmospheric Carbon Dioxide Data (https://gml.noaa.gov/ccgg/trends/) and Dr. Ralph Keeling, Scripps Institution of Oceanography, Carbon Dioxide Measurements (https://scrippsco2.ucsd.edu/).",ECCA,Atmospheric Carbon Dioxide Concentrations,"Environment, Climate Change, Climate and Weather, Atmospheric Carbon Dioxide Concentrations",1996M08,0.62
World,,WLD,Monthly Atmospheric Carbon Dioxide Concentrations,Parts Per Million,"Dr. Pieter Tans, National Oceanic and Atmospheric Administration (NOAA). Global Monitoring Laboratory, Trends in Atmospheric Carbon Dioxide Data (https://gml.noaa.gov/ccgg/trends/) and Dr. Ralph Keeling, Scripps Institution of Oceanography, Carbon Dioxide Measurements (https://scrippsco2.ucsd.edu/).",ECCA,Atmospheric Carbon Dioxide Concentrations,"Environment, Climate Change, Climate and Weather, Atmospheric Carbon Dioxide Concentrations",1996M09,359.69
World,,WLD,"Monthly Atmospheric Carbon Dioxide Concentrations, Year on Year Percentage Change",Percent,"Dr. Pieter Tans, National Oceanic and Atmospheric Administration (NOAA). Global Monitoring Laboratory, Trends in Atmospheric Carbon Dioxide Data (https://gml.noaa.gov/ccgg/trends/) and Dr. Ralph Keeling, Scripps Institution of Oceanography, Carbon Dioxide Measurements (https://scrippsco2.ucsd.edu/).",ECCA,Atmospheric Carbon Dioxide Concentrations,"Environment, Climate Change, Climate and Weather, Atmospheric Carbon Dioxide Concentrations",1996M09,0.38
World,,WLD,Monthly Atmospheric Carbon Dioxide Concentrations,Parts Per Million,"Dr. Pieter Tans, National Oceanic and Atmospheric Administration (NOAA). Global Monitoring Laboratory, Trends in Atmospheric Carbon Dioxide Data (https://gml.noaa.gov/ccgg/trends/) and Dr. Ralph Keeling, Scripps Institution of Oceanography, Carbon Dioxide Measurements (https://scrippsco2.ucsd.edu/).",ECCA,Atmospheric Carbon Dioxide Concentrations,"Environment, Climate Change, Climate and Weather, Atmospheric Carbon Dioxide Concentrations",1996M10,359.72
World,,WLD,"Monthly Atmospheric Carbon Dioxide Concentrations, Year on Year Percentage Change",Percent,"Dr. Pieter Tans, National Oceanic and Atmospheric Administration (NOAA). Global Monitoring Laboratory, Trends in Atmospheric Carbon Dioxide Data (https://gml.noaa.gov/ccgg/trends/) and Dr. Ralph Keeling, Scripps Institution of Oceanography, Carbon Dioxide Measurements (https://scrippsco2.ucsd.edu/).",ECCA,Atmospheric Carbon Dioxide Concentrations,"Environment, Climate Change, Climate and Weather, Atmospheric Carbon Dioxide Concentrations",1996M10,0.44
World,,WLD,Monthly Atmospheric Carbon Dioxide Concentrations,Parts Per Million,"Dr. Pieter Tans, National Oceanic and Atmospheric Administration (NOAA). Global Monitoring Laboratory, Trends in Atmospheric Carbon Dioxide Data (https://gml.noaa.gov/ccgg/trends/) and Dr. Ralph Keeling, Scripps Institution of Oceanography, Carbon Dioxide Measurements (https://scrippsco2.ucsd.edu/).",ECCA,Atmospheric Carbon Dioxide Concentrations,"Environment, Climate Change, Climate and Weather, Atmospheric Carbon Dioxide Concentrations",1996M11,361.04
World,,WLD,"Monthly Atmospheric Carbon Dioxide Concentrations, Year on Year Percentage Change",Percent,"Dr. Pieter Tans, National Oceanic and Atmospheric Administration (NOAA). Global Monitoring Laboratory, Trends in Atmospheric Carbon Dioxide Data (https://gml.noaa.gov/ccgg/trends/) and Dr. Ralph Keeling, Scripps Institution of Oceanography, Carbon Dioxide Measurements (https://scrippsco2.ucsd.edu/).",ECCA,Atmospheric Carbon Dioxide Concentrations,"Environment, Climate Change, Climate and Weather, Atmospheric Carbon Dioxide Concentrations",1996M11,0.4
World,,WLD,Monthly Atmospheric Carbon Dioxide Concentrations,Parts Per Million,"Dr. Pieter Tans, National Oceanic and Atmospheric Administration (NOAA). Global Monitoring Laboratory, Trends in Atmospheric Carbon Dioxide Data (https://gml.noaa.gov/ccgg/trends/) and Dr. Ralph Keeling, Scripps Institution of Oceanography, Carbon Dioxide Measurements (https://scrippsco2.ucsd.edu/).",ECCA,Atmospheric Carbon Dioxide Concentrations,"Environment, Climate Change, Climate and Weather, Atmospheric Carbon Dioxide Concentrations",1996M12,362.39
World,,WLD,"Monthly Atmospheric Carbon Dioxide Concentrations, Year on Year Percentage Change",Percent,"Dr. Pieter Tans, National Oceanic and Atmospheric Administration (NOAA). Global Monitoring Laboratory, Trends in Atmospheric Carbon Dioxide Data (https://gml.noaa.gov/ccgg/trends/) and Dr. Ralph Keeling, Scripps Institution of Oceanography, Carbon Dioxide Measurements (https://scrippsco2.ucsd.edu/).",ECCA,Atmospheric Carbon Dioxide Concentrations,"Environment, Climate Change, Climate and Weather, Atmospheric Carbon Dioxide Concentrations",1996M12,0.44
World,,WLD,Monthly Atmospheric Carbon Dioxide Concentrations,Parts Per Million,"Dr. Pieter Tans, National Oceanic and Atmospheric Administration (NOAA). Global Monitoring Laboratory, Trends in Atmospheric Carbon Dioxide Data (https://gml.noaa.gov/ccgg/trends/) and Dr. Ralph Keeling, Scripps Institution of Oceanography, Carbon Dioxide Measurements (https://scrippsco2.ucsd.edu/).",ECCA,Atmospheric Carbon Dioxide Concentrations,"Environment, Climate Change, Climate and Weather, Atmospheric Carbon Dioxide Concentrations",1997M01,363.24
World,,WLD,"Monthly Atmospheric Carbon Dioxide Concentrations, Year on Year Percentage Change",Percent,"Dr. Pieter Tans, National Oceanic and Atmospheric Administration (NOAA). Global Monitoring Laboratory, Trends in Atmospheric Carbon Dioxide Data (https://gml.noaa.gov/ccgg/trends/) and Dr. Ralph Keeling, Scripps Institution of Oceanography, Carbon Dioxide Measurements (https://scrippsco2.ucsd.edu/).",ECCA,Atmospheric Carbon Dioxide Concentrations,"Environment, Climate Change, Climate and Weather, Atmospheric Carbon Dioxide Concentrations",1997M01,0.29
World,,WLD,Monthly Atmospheric Carbon Dioxide Concentrations,Parts Per Million,"Dr. Pieter Tans, National Oceanic and Atmospheric Administration (NOAA). Global Monitoring Laboratory, Trends in Atmospheric Carbon Dioxide Data (https://gml.noaa.gov/ccgg/trends/) and Dr. Ralph Keeling, Scripps Institution of Oceanography, Carbon Dioxide Measurements (https://scrippsco2.ucsd.edu/).",ECCA,Atmospheric Carbon Dioxide Concentrations,"Environment, Climate Change, Climate and Weather, Atmospheric Carbon Dioxide Concentrations",1997M02,364.21
World,,WLD,"Monthly Atmospheric Carbon Dioxide Concentrations, Year on Year Percentage Change",Percent,"Dr. Pieter Tans, National Oceanic and Atmospheric Administration (NOAA). Global Monitoring Laboratory, Trends in Atmospheric Carbon Dioxide Data (https://gml.noaa.gov/ccgg/trends/) and Dr. Ralph Keeling, Scripps Institution of Oceanography, Carbon Dioxide Measurements (https://scrippsco2.ucsd.edu/).",ECCA,Atmospheric Carbon Dioxide Concentrations,"Environment, Climate Change, Climate and Weather, Atmospheric Carbon Dioxide Concentrations",1997M02,0.23
World,,WLD,Monthly Atmospheric Carbon Dioxide Concentrations,Parts Per Million,"Dr. Pieter Tans, National Oceanic and Atmospheric Administration (NOAA). Global Monitoring Laboratory, Trends in Atmospheric Carbon Dioxide Data (https://gml.noaa.gov/ccgg/trends/) and Dr. Ralph Keeling, Scripps Institution of Oceanography, Carbon Dioxide Measurements (https://scrippsco2.ucsd.edu/).",ECCA,Atmospheric Carbon Dioxide Concentrations,"Environment, Climate Change, Climate and Weather, Atmospheric Carbon Dioxide Concentrations",1997M03,364.65
World,,WLD,"Monthly Atmospheric Carbon Dioxide Concentrations, Year on Year Percentage Change",Percent,"Dr. Pieter Tans, National Oceanic and Atmospheric Administration (NOAA). Global Monitoring Laboratory, Trends in Atmospheric Carbon Dioxide Data (https://gml.noaa.gov/ccgg/trends/) and Dr. Ralph Keeling, Scripps Institution of Oceanography, Carbon Dioxide Measurements (https://scrippsco2.ucsd.edu/).",ECCA,Atmospheric Carbon Dioxide Concentrations,"Environment, Climate Change, Climate and Weather, Atmospheric Carbon Dioxide Concentrations",1997M03,0.1
World,,WLD,Monthly Atmospheric Carbon Dioxide Concentrations,Parts Per Million,"Dr. Pieter Tans, National Oceanic and Atmospheric Administration (NOAA). Global Monitoring Laboratory, Trends in Atmospheric Carbon Dioxide Data (https://gml.noaa.gov/ccgg/trends/) and Dr. Ralph Keeling, Scripps Institution of Oceanography, Carbon Dioxide Measurements (https://scrippsco2.ucsd.edu/).",ECCA,Atmospheric Carbon Dioxide Concentrations,"Environment, Climate Change, Climate and Weather, Atmospheric Carbon Dioxide Concentrations",1997M04,366.49
World,,WLD,"Monthly Atmospheric Carbon Dioxide Concentrations, Year on Year Percentage Change",Percent,"Dr. Pieter Tans, National Oceanic and Atmospheric Administration (NOAA). Global Monitoring Laboratory, Trends in Atmospheric Carbon Dioxide Data (https://gml.noaa.gov/ccgg/trends/) and Dr. Ralph Keeling, Scripps Institution of Oceanography, Carbon Dioxide Measurements (https://scrippsco2.ucsd.edu/).",ECCA,Atmospheric Carbon Dioxide Concentrations,"Environment, Climate Change, Climate and Weather, Atmospheric Carbon Dioxide Concentrations",1997M04,0.49
World,,WLD,Monthly Atmospheric Carbon Dioxide Concentrations,Parts Per Million,"Dr. Pieter Tans, National Oceanic and Atmospheric Administration (NOAA). Global Monitoring Laboratory, Trends in Atmospheric Carbon Dioxide Data (https://gml.noaa.gov/ccgg/trends/) and Dr. Ralph Keeling, Scripps Institution of Oceanography, Carbon Dioxide Measurements (https://scrippsco2.ucsd.edu/).",ECCA,Atmospheric Carbon Dioxide Concentrations,"Environment, Climate Change, Climate and Weather, Atmospheric Carbon Dioxide Concentrations",1997M05,366.77
World,,WLD,"Monthly Atmospheric Carbon Dioxide Concentrations, Year on Year Percentage Change",Percent,"Dr. Pieter Tans, National Oceanic and Atmospheric Administration (NOAA). Global Monitoring Laboratory, Trends in Atmospheric Carbon Dioxide Data (https://gml.noaa.gov/ccgg/trends/) and Dr. Ralph Keeling, Scripps Institution of Oceanography, Carbon Dioxide Measurements (https://scrippsco2.ucsd.edu/).",ECCA,Atmospheric Carbon Dioxide Concentrations,"Environment, Climate Change, Climate and Weather, Atmospheric Carbon Dioxide Concentrations",1997M05,0.42
World,,WLD,Monthly Atmospheric Carbon Dioxide Concentrations,Parts Per Million,"Dr. Pieter Tans, National Oceanic and Atmospheric Administration (NOAA). Global Monitoring Laboratory, Trends in Atmospheric Carbon Dioxide Data (https://gml.noaa.gov/ccgg/trends/) and Dr. Ralph Keeling, Scripps Institution of Oceanography, Carbon Dioxide Measurements (https://scrippsco2.ucsd.edu/).",ECCA,Atmospheric Carbon Dioxide Concentrations,"Environment, Climate Change, Climate and Weather, Atmospheric Carbon Dioxide Concentrations",1997M06,365.73
World,,WLD,"Monthly Atmospheric Carbon Dioxide Concentrations, Year on Year Percentage Change",Percent,"Dr. Pieter Tans, National Oceanic and Atmospheric Administration (NOAA). Global Monitoring Laboratory, Trends in Atmospheric Carbon Dioxide Data (https://gml.noaa.gov/ccgg/trends/) and Dr. Ralph Keeling, Scripps Institution of Oceanography, Carbon Dioxide Measurements (https://scrippsco2.ucsd.edu/).",ECCA,Atmospheric Carbon Dioxide Concentrations,"Environment, Climate Change, Climate and Weather, Atmospheric Carbon Dioxide Concentrations",1997M06,0.18
World,,WLD,Monthly Atmospheric Carbon Dioxide Concentrations,Parts Per Million,"Dr. Pieter Tans, National Oceanic and Atmospheric Administration (NOAA). Global Monitoring Laboratory, Trends in Atmospheric Carbon Dioxide Data (https://gml.noaa.gov/ccgg/trends/) and Dr. Ralph Keeling, Scripps Institution of Oceanography, Carbon Dioxide Measurements (https://scrippsco2.ucsd.edu/).",ECCA,Atmospheric Carbon Dioxide Concentrations,"Environment, Climate Change, Climate and Weather, Atmospheric Carbon Dioxide Concentrations",1997M07,364.46
World,,WLD,"Monthly Atmospheric Carbon Dioxide Concentrations, Year on Year Percentage Change",Percent,"Dr. Pieter Tans, National Oceanic and Atmospheric Administration (NOAA). Global Monitoring Laboratory, Trends in Atmospheric Carbon Dioxide Data (https://gml.noaa.gov/ccgg/trends/) and Dr. Ralph Keeling, Scripps Institution of Oceanography, Carbon Dioxide Measurements (https://scrippsco2.ucsd.edu/).",ECCA,Atmospheric Carbon Dioxide Concentrations,"Environment, Climate Change, Climate and Weather, Atmospheric Carbon Dioxide Concentrations",1997M07,0.21
World,,WLD,Monthly Atmospheric Carbon Dioxide Concentrations,Parts Per Million,"Dr. Pieter Tans, National Oceanic and Atmospheric Administration (NOAA). Global Monitoring Laboratory, Trends in Atmospheric Carbon Dioxide Data (https://gml.noaa.gov/ccgg/trends/) and Dr. Ralph Keeling, Scripps Institution of Oceanography, Carbon Dioxide Measurements (https://scrippsco2.ucsd.edu/).",ECCA,Atmospheric Carbon Dioxide Concentrations,"Environment, Climate Change, Climate and Weather, Atmospheric Carbon Dioxide Concentrations",1997M08,362.4
World,,WLD,"Monthly Atmospheric Carbon Dioxide Concentrations, Year on Year Percentage Change",Percent,"Dr. Pieter Tans, National Oceanic and Atmospheric Administration (NOAA). Global Monitoring Laboratory, Trends in Atmospheric Carbon Dioxide Data (https://gml.noaa.gov/ccgg/trends/) and Dr. Ralph Keeling, Scripps Institution of Oceanography, Carbon Dioxide Measurements (https://scrippsco2.ucsd.edu/).",ECCA,Atmospheric Carbon Dioxide Concentrations,"Environment, Climate Change, Climate and Weather, Atmospheric Carbon Dioxide Concentrations",1997M08,0.24
World,,WLD,Monthly Atmospheric Carbon Dioxide Concentrations,Parts Per Million,"Dr. Pieter Tans, National Oceanic and Atmospheric Administration (NOAA). Global Monitoring Laboratory, Trends in Atmospheric Carbon Dioxide Data (https://gml.noaa.gov/ccgg/trends/) and Dr. Ralph Keeling, Scripps Institution of Oceanography, Carbon Dioxide Measurements (https://scrippsco2.ucsd.edu/).",ECCA,Atmospheric Carbon Dioxide Concentrations,"Environment, Climate Change, Climate and Weather, Atmospheric Carbon Dioxide Concentrations",1997M09,360.44
World,,WLD,"Monthly Atmospheric Carbon Dioxide Concentrations, Year on Year Percentage Change",Percent,"Dr. Pieter Tans, National Oceanic and Atmospheric Administration (NOAA). Global Monitoring Laboratory, Trends in Atmospheric Carbon Dioxide Data (https://gml.noaa.gov/ccgg/trends/) and Dr. Ralph Keeling, Scripps Institution of Oceanography, Carbon Dioxide Measurements (https://scrippsco2.ucsd.edu/).",ECCA,Atmospheric Carbon Dioxide Concentrations,"Environment, Climate Change, Climate and Weather, Atmospheric Carbon Dioxide Concentrations",1997M09,0.21
World,,WLD,Monthly Atmospheric Carbon Dioxide Concentrations,Parts Per Million,"Dr. Pieter Tans, National Oceanic and Atmospheric Administration (NOAA). Global Monitoring Laboratory, Trends in Atmospheric Carbon Dioxide Data (https://gml.noaa.gov/ccgg/trends/) and Dr. Ralph Keeling, Scripps Institution of Oceanography, Carbon Dioxide Measurements (https://scrippsco2.ucsd.edu/).",ECCA,Atmospheric Carbon Dioxide Concentrations,"Environment, Climate Change, Climate and Weather, Atmospheric Carbon Dioxide Concentrations",1997M10,360.97
World,,WLD,"Monthly Atmospheric Carbon Dioxide Concentrations, Year on Year Percentage Change",Percent,"Dr. Pieter Tans, National Oceanic and Atmospheric Administration (NOAA). Global Monitoring Laboratory, Trends in Atmospheric Carbon Dioxide Data (https://gml.noaa.gov/ccgg/trends/) and Dr. Ralph Keeling, Scripps Institution of Oceanography, Carbon Dioxide Measurements (https://scrippsco2.ucsd.edu/).",ECCA,Atmospheric Carbon Dioxide Concentrations,"Environment, Climate Change, Climate and Weather, Atmospheric Carbon Dioxide Concentrations",1997M10,0.35
World,,WLD,Monthly Atmospheric Carbon Dioxide Concentrations,Parts Per Million,"Dr. Pieter Tans, National Oceanic and Atmospheric Administration (NOAA). Global Monitoring Laboratory, Trends in Atmospheric Carbon Dioxide Data (https://gml.noaa.gov/ccgg/trends/) and Dr. Ralph Keeling, Scripps Institution of Oceanography, Carbon Dioxide Measurements (https://scrippsco2.ucsd.edu/).",ECCA,Atmospheric Carbon Dioxide Concentrations,"Environment, Climate Change, Climate and Weather, Atmospheric Carbon Dioxide Concentrations",1997M11,362.65
World,,WLD,"Monthly Atmospheric Carbon Dioxide Concentrations, Year on Year Percentage Change",Percent,"Dr. Pieter Tans, National Oceanic and Atmospheric Administration (NOAA). Global Monitoring Laboratory, Trends in Atmospheric Carbon Dioxide Data (https://gml.noaa.gov/ccgg/trends/) and Dr. Ralph Keeling, Scripps Institution of Oceanography, Carbon Dioxide Measurements (https://scrippsco2.ucsd.edu/).",ECCA,Atmospheric Carbon Dioxide Concentrations,"Environment, Climate Change, Climate and Weather, Atmospheric Carbon Dioxide Concentrations",1997M11,0.45
World,,WLD,Monthly Atmospheric Carbon Dioxide Concentrations,Parts Per Million,"Dr. Pieter Tans, National Oceanic and Atmospheric Administration (NOAA). Global Monitoring Laboratory, Trends in Atmospheric Carbon Dioxide Data (https://gml.noaa.gov/ccgg/trends/) and Dr. Ralph Keeling, Scripps Institution of Oceanography, Carbon Dioxide Measurements (https://scrippsco2.ucsd.edu/).",ECCA,Atmospheric Carbon Dioxide Concentrations,"Environment, Climate Change, Climate and Weather, Atmospheric Carbon Dioxide Concentrations",1997M12,364.51
World,,WLD,"Monthly Atmospheric Carbon Dioxide Concentrations, Year on Year Percentage Change",Percent,"Dr. Pieter Tans, National Oceanic and Atmospheric Administration (NOAA). Global Monitoring Laboratory, Trends in Atmospheric Carbon Dioxide Data (https://gml.noaa.gov/ccgg/trends/) and Dr. Ralph Keeling, Scripps Institution of Oceanography, Carbon Dioxide Measurements (https://scrippsco2.ucsd.edu/).",ECCA,Atmospheric Carbon Dioxide Concentrations,"Environment, Climate Change, Climate and Weather, Atmospheric Carbon Dioxide Concentrations",1997M12,0.59
World,,WLD,Monthly Atmospheric Carbon Dioxide Concentrations,Parts Per Million,"Dr. Pieter Tans, National Oceanic and Atmospheric Administration (NOAA). Global Monitoring Laboratory, Trends in Atmospheric Carbon Dioxide Data (https://gml.noaa.gov/ccgg/trends/) and Dr. Ralph Keeling, Scripps Institution of Oceanography, Carbon Dioxide Measurements (https://scrippsco2.ucsd.edu/).",ECCA,Atmospheric Carbon Dioxide Concentrations,"Environment, Climate Change, Climate and Weather, Atmospheric Carbon Dioxide Concentrations",1998M01,365.39
World,,WLD,"Monthly Atmospheric Carbon Dioxide Concentrations, Year on Year Percentage Change",Percent,"Dr. Pieter Tans, National Oceanic and Atmospheric Administration (NOAA). Global Monitoring Laboratory, Trends in Atmospheric Carbon Dioxide Data (https://gml.noaa.gov/ccgg/trends/) and Dr. Ralph Keeling, Scripps Institution of Oceanography, Carbon Dioxide Measurements (https://scrippsco2.ucsd.edu/).",ECCA,Atmospheric Carbon Dioxide Concentrations,"Environment, Climate Change, Climate and Weather, Atmospheric Carbon Dioxide Concentrations",1998M01,0.59
World,,WLD,Monthly Atmospheric Carbon Dioxide Concentrations,Parts Per Million,"Dr. Pieter Tans, National Oceanic and Atmospheric Administration (NOAA). Global Monitoring Laboratory, Trends in Atmospheric Carbon Dioxide Data (https://gml.noaa.gov/ccgg/trends/) and Dr. Ralph Keeling, Scripps Institution of Oceanography, Carbon Dioxide Measurements (https://scrippsco2.ucsd.edu/).",ECCA,Atmospheric Carbon Dioxide Concentrations,"Environment, Climate Change, Climate and Weather, Atmospheric Carbon Dioxide Concentrations",1998M02,366.1
World,,WLD,"Monthly Atmospheric Carbon Dioxide Concentrations, Year on Year Percentage Change",Percent,"Dr. Pieter Tans, National Oceanic and Atmospheric Administration (NOAA). Global Monitoring Laboratory, Trends in Atmospheric Carbon Dioxide Data (https://gml.noaa.gov/ccgg/trends/) and Dr. Ralph Keeling, Scripps Institution of Oceanography, Carbon Dioxide Measurements (https://scrippsco2.ucsd.edu/).",ECCA,Atmospheric Carbon Dioxide Concentrations,"Environment, Climate Change, Climate and Weather, Atmospheric Carbon Dioxide Concentrations",1998M02,0.52
World,,WLD,Monthly Atmospheric Carbon Dioxide Concentrations,Parts Per Million,"Dr. Pieter Tans, National Oceanic and Atmospheric Administration (NOAA). Global Monitoring Laboratory, Trends in Atmospheric Carbon Dioxide Data (https://gml.noaa.gov/ccgg/trends/) and Dr. Ralph Keeling, Scripps Institution of Oceanography, Carbon Dioxide Measurements (https://scrippsco2.ucsd.edu/).",ECCA,Atmospheric Carbon Dioxide Concentrations,"Environment, Climate Change, Climate and Weather, Atmospheric Carbon Dioxide Concentrations",1998M03,367.36
World,,WLD,"Monthly Atmospheric Carbon Dioxide Concentrations, Year on Year Percentage Change",Percent,"Dr. Pieter Tans, National Oceanic and Atmospheric Administration (NOAA). Global Monitoring Laboratory, Trends in Atmospheric Carbon Dioxide Data (https://gml.noaa.gov/ccgg/trends/) and Dr. Ralph Keeling, Scripps Institution of Oceanography, Carbon Dioxide Measurements (https://scrippsco2.ucsd.edu/).",ECCA,Atmospheric Carbon Dioxide Concentrations,"Environment, Climate Change, Climate and Weather, Atmospheric Carbon Dioxide Concentrations",1998M03,0.74
World,,WLD,Monthly Atmospheric Carbon Dioxide Concentrations,Parts Per Million,"Dr. Pieter Tans, National Oceanic and Atmospheric Administration (NOAA). Global Monitoring Laboratory, Trends in Atmospheric Carbon Dioxide Data (https://gml.noaa.gov/ccgg/trends/) and Dr. Ralph Keeling, Scripps Institution of Oceanography, Carbon Dioxide Measurements (https://scrippsco2.ucsd.edu/).",ECCA,Atmospheric Carbon Dioxide Concentrations,"Environment, Climate Change, Climate and Weather, Atmospheric Carbon Dioxide Concentrations",1998M04,368.79
World,,WLD,"Monthly Atmospheric Carbon Dioxide Concentrations, Year on Year Percentage Change",Percent,"Dr. Pieter Tans, National Oceanic and Atmospheric Administration (NOAA). Global Monitoring Laboratory, Trends in Atmospheric Carbon Dioxide Data (https://gml.noaa.gov/ccgg/trends/) and Dr. Ralph Keeling, Scripps Institution of Oceanography, Carbon Dioxide Measurements (https://scrippsco2.ucsd.edu/).",ECCA,Atmospheric Carbon Dioxide Concentrations,"Environment, Climate Change, Climate and Weather, Atmospheric Carbon Dioxide Concentrations",1998M04,0.63
World,,WLD,Monthly Atmospheric Carbon Dioxide Concentrations,Parts Per Million,"Dr. Pieter Tans, National Oceanic and Atmospheric Administration (NOAA). Global Monitoring Laboratory, Trends in Atmospheric Carbon Dioxide Data (https://gml.noaa.gov/ccgg/trends/) and Dr. Ralph Keeling, Scripps Institution of Oceanography, Carbon Dioxide Measurements (https://scrippsco2.ucsd.edu/).",ECCA,Atmospheric Carbon Dioxide Concentrations,"Environment, Climate Change, Climate and Weather, Atmospheric Carbon Dioxide Concentrations",1998M05,369.56
World,,WLD,"Monthly Atmospheric Carbon Dioxide Concentrations, Year on Year Percentage Change",Percent,"Dr. Pieter Tans, National Oceanic and Atmospheric Administration (NOAA). Global Monitoring Laboratory, Trends in Atmospheric Carbon Dioxide Data (https://gml.noaa.gov/ccgg/trends/) and Dr. Ralph Keeling, Scripps Institution of Oceanography, Carbon Dioxide Measurements (https://scrippsco2.ucsd.edu/).",ECCA,Atmospheric Carbon Dioxide Concentrations,"Environment, Climate Change, Climate and Weather, Atmospheric Carbon Dioxide Concentrations",1998M05,0.76
World,,WLD,Monthly Atmospheric Carbon Dioxide Concentrations,Parts Per Million,"Dr. Pieter Tans, National Oceanic and Atmospheric Administration (NOAA). Global Monitoring Laboratory, Trends in Atmospheric Carbon Dioxide Data (https://gml.noaa.gov/ccgg/trends/) and Dr. Ralph Keeling, Scripps Institution of Oceanography, Carbon Dioxide Measurements (https://scrippsco2.ucsd.edu/).",ECCA,Atmospheric Carbon Dioxide Concentrations,"Environment, Climate Change, Climate and Weather, Atmospheric Carbon Dioxide Concentrations",1998M06,369.13
World,,WLD,"Monthly Atmospheric Carbon Dioxide Concentrations, Year on Year Percentage Change",Percent,"Dr. Pieter Tans, National Oceanic and Atmospheric Administration (NOAA). Global Monitoring Laboratory, Trends in Atmospheric Carbon Dioxide Data (https://gml.noaa.gov/ccgg/trends/) and Dr. Ralph Keeling, Scripps Institution of Oceanography, Carbon Dioxide Measurements (https://scrippsco2.ucsd.edu/).",ECCA,Atmospheric Carbon Dioxide Concentrations,"Environment, Climate Change, Climate and Weather, Atmospheric Carbon Dioxide Concentrations",1998M06,0.93
World,,WLD,Monthly Atmospheric Carbon Dioxide Concentrations,Parts Per Million,"Dr. Pieter Tans, National Oceanic and Atmospheric Administration (NOAA). Global Monitoring Laboratory, Trends in Atmospheric Carbon Dioxide Data (https://gml.noaa.gov/ccgg/trends/) and Dr. Ralph Keeling, Scripps Institution of Oceanography, Carbon Dioxide Measurements (https://scrippsco2.ucsd.edu/).",ECCA,Atmospheric Carbon Dioxide Concentrations,"Environment, Climate Change, Climate and Weather, Atmospheric Carbon Dioxide Concentrations",1998M07,367.98
World,,WLD,"Monthly Atmospheric Carbon Dioxide Concentrations, Year on Year Percentage Change",Percent,"Dr. Pieter Tans, National Oceanic and Atmospheric Administration (NOAA). Global Monitoring Laboratory, Trends in Atmospheric Carbon Dioxide Data (https://gml.noaa.gov/ccgg/trends/) and Dr. Ralph Keeling, Scripps Institution of Oceanography, Carbon Dioxide Measurements (https://scrippsco2.ucsd.edu/).",ECCA,Atmospheric Carbon Dioxide Concentrations,"Environment, Climate Change, Climate and Weather, Atmospheric Carbon Dioxide Concentrations",1998M07,0.97
World,,WLD,Monthly Atmospheric Carbon Dioxide Concentrations,Parts Per Million,"Dr. Pieter Tans, National Oceanic and Atmospheric Administration (NOAA). Global Monitoring Laboratory, Trends in Atmospheric Carbon Dioxide Data (https://gml.noaa.gov/ccgg/trends/) and Dr. Ralph Keeling, Scripps Institution of Oceanography, Carbon Dioxide Measurements (https://scrippsco2.ucsd.edu/).",ECCA,Atmospheric Carbon Dioxide Concentrations,"Environment, Climate Change, Climate and Weather, Atmospheric Carbon Dioxide Concentrations",1998M08,366.1
World,,WLD,"Monthly Atmospheric Carbon Dioxide Concentrations, Year on Year Percentage Change",Percent,"Dr. Pieter Tans, National Oceanic and Atmospheric Administration (NOAA). Global Monitoring Laboratory, Trends in Atmospheric Carbon Dioxide Data (https://gml.noaa.gov/ccgg/trends/) and Dr. Ralph Keeling, Scripps Institution of Oceanography, Carbon Dioxide Measurements (https://scrippsco2.ucsd.edu/).",ECCA,Atmospheric Carbon Dioxide Concentrations,"Environment, Climate Change, Climate and Weather, Atmospheric Carbon Dioxide Concentrations",1998M08,1.02
World,,WLD,Monthly Atmospheric Carbon Dioxide Concentrations,Parts Per Million,"Dr. Pieter Tans, National Oceanic and Atmospheric Administration (NOAA). Global Monitoring Laboratory, Trends in Atmospheric Carbon Dioxide Data (https://gml.noaa.gov/ccgg/trends/) and Dr. Ralph Keeling, Scripps Institution of Oceanography, Carbon Dioxide Measurements (https://scrippsco2.ucsd.edu/).",ECCA,Atmospheric Carbon Dioxide Concentrations,"Environment, Climate Change, Climate and Weather, Atmospheric Carbon Dioxide Concentrations",1998M09,364.16
World,,WLD,"Monthly Atmospheric Carbon Dioxide Concentrations, Year on Year Percentage Change",Percent,"Dr. Pieter Tans, National Oceanic and Atmospheric Administration (NOAA). Global Monitoring Laboratory, Trends in Atmospheric Carbon Dioxide Data (https://gml.noaa.gov/ccgg/trends/) and Dr. Ralph Keeling, Scripps Institution of Oceanography, Carbon Dioxide Measurements (https://scrippsco2.ucsd.edu/).",ECCA,Atmospheric Carbon Dioxide Concentrations,"Environment, Climate Change, Climate and Weather, Atmospheric Carbon Dioxide Concentrations",1998M09,1.03
World,,WLD,Monthly Atmospheric Carbon Dioxide Concentrations,Parts Per Million,"Dr. Pieter Tans, National Oceanic and Atmospheric Administration (NOAA). Global Monitoring Laboratory, Trends in Atmospheric Carbon Dioxide Data (https://gml.noaa.gov/ccgg/trends/) and Dr. Ralph Keeling, Scripps Institution of Oceanography, Carbon Dioxide Measurements (https://scrippsco2.ucsd.edu/).",ECCA,Atmospheric Carbon Dioxide Concentrations,"Environment, Climate Change, Climate and Weather, Atmospheric Carbon Dioxide Concentrations",1998M10,364.54
World,,WLD,"Monthly Atmospheric Carbon Dioxide Concentrations, Year on Year Percentage Change",Percent,"Dr. Pieter Tans, National Oceanic and Atmospheric Administration (NOAA). Global Monitoring Laboratory, Trends in Atmospheric Carbon Dioxide Data (https://gml.noaa.gov/ccgg/trends/) and Dr. Ralph Keeling, Scripps Institution of Oceanography, Carbon Dioxide Measurements (https://scrippsco2.ucsd.edu/).",ECCA,Atmospheric Carbon Dioxide Concentrations,"Environment, Climate Change, Climate and Weather, Atmospheric Carbon Dioxide Concentrations",1998M10,0.99
World,,WLD,Monthly Atmospheric Carbon Dioxide Concentrations,Parts Per Million,"Dr. Pieter Tans, National Oceanic and Atmospheric Administration (NOAA). Global Monitoring Laboratory, Trends in Atmospheric Carbon Dioxide Data (https://gml.noaa.gov/ccgg/trends/) and Dr. Ralph Keeling, Scripps Institution of Oceanography, Carbon Dioxide Measurements (https://scrippsco2.ucsd.edu/).",ECCA,Atmospheric Carbon Dioxide Concentrations,"Environment, Climate Change, Climate and Weather, Atmospheric Carbon Dioxide Concentrations",1998M11,365.67
World,,WLD,"Monthly Atmospheric Carbon Dioxide Concentrations, Year on Year Percentage Change",Percent,"Dr. Pieter Tans, National Oceanic and Atmospheric Administration (NOAA). Global Monitoring Laboratory, Trends in Atmospheric Carbon Dioxide Data (https://gml.noaa.gov/ccgg/trends/) and Dr. Ralph Keeling, Scripps Institution of Oceanography, Carbon Dioxide Measurements (https://scrippsco2.ucsd.edu/).",ECCA,Atmospheric Carbon Dioxide Concentrations,"Environment, Climate Change, Climate and Weather, Atmospheric Carbon Dioxide Concentrations",1998M11,0.83
World,,WLD,Monthly Atmospheric Carbon Dioxide Concentrations,Parts Per Million,"Dr. Pieter Tans, National Oceanic and Atmospheric Administration (NOAA). Global Monitoring Laboratory, Trends in Atmospheric Carbon Dioxide Data (https://gml.noaa.gov/ccgg/trends/) and Dr. Ralph Keeling, Scripps Institution of Oceanography, Carbon Dioxide Measurements (https://scrippsco2.ucsd.edu/).",ECCA,Atmospheric Carbon Dioxide Concentrations,"Environment, Climate Change, Climate and Weather, Atmospheric Carbon Dioxide Concentrations",1998M12,367.3
World,,WLD,"Monthly Atmospheric Carbon Dioxide Concentrations, Year on Year Percentage Change",Percent,"Dr. Pieter Tans, National Oceanic and Atmospheric Administration (NOAA). Global Monitoring Laboratory, Trends in Atmospheric Carbon Dioxide Data (https://gml.noaa.gov/ccgg/trends/) and Dr. Ralph Keeling, Scripps Institution of Oceanography, Carbon Dioxide Measurements (https://scrippsco2.ucsd.edu/).",ECCA,Atmospheric Carbon Dioxide Concentrations,"Environment, Climate Change, Climate and Weather, Atmospheric Carbon Dioxide Concentrations",1998M12,0.77
World,,WLD,Monthly Atmospheric Carbon Dioxide Concentrations,Parts Per Million,"Dr. Pieter Tans, National Oceanic and Atmospheric Administration (NOAA). Global Monitoring Laboratory, Trends in Atmospheric Carbon Dioxide Data (https://gml.noaa.gov/ccgg/trends/) and Dr. Ralph Keeling, Scripps Institution of Oceanography, Carbon Dioxide Measurements (https://scrippsco2.ucsd.edu/).",ECCA,Atmospheric Carbon Dioxide Concentrations,"Environment, Climate Change, Climate and Weather, Atmospheric Carbon Dioxide Concentrations",1999M01,368.35
World,,WLD,"Monthly Atmospheric Carbon Dioxide Concentrations, Year on Year Percentage Change",Percent,"Dr. Pieter Tans, National Oceanic and Atmospheric Administration (NOAA). Global Monitoring Laboratory, Trends in Atmospheric Carbon Dioxide Data (https://gml.noaa.gov/ccgg/trends/) and Dr. Ralph Keeling, Scripps Institution of Oceanography, Carbon Dioxide Measurements (https://scrippsco2.ucsd.edu/).",ECCA,Atmospheric Carbon Dioxide Concentrations,"Environment, Climate Change, Climate and Weather, Atmospheric Carbon Dioxide Concentrations",1999M01,0.81
World,,WLD,Monthly Atmospheric Carbon Dioxide Concentrations,Parts Per Million,"Dr. Pieter Tans, National Oceanic and Atmospheric Administration (NOAA). Global Monitoring Laboratory, Trends in Atmospheric Carbon Dioxide Data (https://gml.noaa.gov/ccgg/trends/) and Dr. Ralph Keeling, Scripps Institution of Oceanography, Carbon Dioxide Measurements (https://scrippsco2.ucsd.edu/).",ECCA,Atmospheric Carbon Dioxide Concentrations,"Environment, Climate Change, Climate and Weather, Atmospheric Carbon Dioxide Concentrations",1999M02,369.28
World,,WLD,"Monthly Atmospheric Carbon Dioxide Concentrations, Year on Year Percentage Change",Percent,"Dr. Pieter Tans, National Oceanic and Atmospheric Administration (NOAA). Global Monitoring Laboratory, Trends in Atmospheric Carbon Dioxide Data (https://gml.noaa.gov/ccgg/trends/) and Dr. Ralph Keeling, Scripps Institution of Oceanography, Carbon Dioxide Measurements (https://scrippsco2.ucsd.edu/).",ECCA,Atmospheric Carbon Dioxide Concentrations,"Environment, Climate Change, Climate and Weather, Atmospheric Carbon Dioxide Concentrations",1999M02,0.87
World,,WLD,Monthly Atmospheric Carbon Dioxide Concentrations,Parts Per Million,"Dr. Pieter Tans, National Oceanic and Atmospheric Administration (NOAA). Global Monitoring Laboratory, Trends in Atmospheric Carbon Dioxide Data (https://gml.noaa.gov/ccgg/trends/) and Dr. Ralph Keeling, Scripps Institution of Oceanography, Carbon Dioxide Measurements (https://scrippsco2.ucsd.edu/).",ECCA,Atmospheric Carbon Dioxide Concentrations,"Environment, Climate Change, Climate and Weather, Atmospheric Carbon Dioxide Concentrations",1999M03,369.84
World,,WLD,"Monthly Atmospheric Carbon Dioxide Concentrations, Year on Year Percentage Change",Percent,"Dr. Pieter Tans, National Oceanic and Atmospheric Administration (NOAA). Global Monitoring Laboratory, Trends in Atmospheric Carbon Dioxide Data (https://gml.noaa.gov/ccgg/trends/) and Dr. Ralph Keeling, Scripps Institution of Oceanography, Carbon Dioxide Measurements (https://scrippsco2.ucsd.edu/).",ECCA,Atmospheric Carbon Dioxide Concentrations,"Environment, Climate Change, Climate and Weather, Atmospheric Carbon Dioxide Concentrations",1999M03,0.68
World,,WLD,Monthly Atmospheric Carbon Dioxide Concentrations,Parts Per Million,"Dr. Pieter Tans, National Oceanic and Atmospheric Administration (NOAA). Global Monitoring Laboratory, Trends in Atmospheric Carbon Dioxide Data (https://gml.noaa.gov/ccgg/trends/) and Dr. Ralph Keeling, Scripps Institution of Oceanography, Carbon Dioxide Measurements (https://scrippsco2.ucsd.edu/).",ECCA,Atmospheric Carbon Dioxide Concentrations,"Environment, Climate Change, Climate and Weather, Atmospheric Carbon Dioxide Concentrations",1999M04,371.15
World,,WLD,"Monthly Atmospheric Carbon Dioxide Concentrations, Year on Year Percentage Change",Percent,"Dr. Pieter Tans, National Oceanic and Atmospheric Administration (NOAA). Global Monitoring Laboratory, Trends in Atmospheric Carbon Dioxide Data (https://gml.noaa.gov/ccgg/trends/) and Dr. Ralph Keeling, Scripps Institution of Oceanography, Carbon Dioxide Measurements (https://scrippsco2.ucsd.edu/).",ECCA,Atmospheric Carbon Dioxide Concentrations,"Environment, Climate Change, Climate and Weather, Atmospheric Carbon Dioxide Concentrations",1999M04,0.64
World,,WLD,Monthly Atmospheric Carbon Dioxide Concentrations,Parts Per Million,"Dr. Pieter Tans, National Oceanic and Atmospheric Administration (NOAA). Global Monitoring Laboratory, Trends in Atmospheric Carbon Dioxide Data (https://gml.noaa.gov/ccgg/trends/) and Dr. Ralph Keeling, Scripps Institution of Oceanography, Carbon Dioxide Measurements (https://scrippsco2.ucsd.edu/).",ECCA,Atmospheric Carbon Dioxide Concentrations,"Environment, Climate Change, Climate and Weather, Atmospheric Carbon Dioxide Concentrations",1999M05,371.12
World,,WLD,"Monthly Atmospheric Carbon Dioxide Concentrations, Year on Year Percentage Change",Percent,"Dr. Pieter Tans, National Oceanic and Atmospheric Administration (NOAA). Global Monitoring Laboratory, Trends in Atmospheric Carbon Dioxide Data (https://gml.noaa.gov/ccgg/trends/) and Dr. Ralph Keeling, Scripps Institution of Oceanography, Carbon Dioxide Measurements (https://scrippsco2.ucsd.edu/).",ECCA,Atmospheric Carbon Dioxide Concentrations,"Environment, Climate Change, Climate and Weather, Atmospheric Carbon Dioxide Concentrations",1999M05,0.42
World,,WLD,Monthly Atmospheric Carbon Dioxide Concentrations,Parts Per Million,"Dr. Pieter Tans, National Oceanic and Atmospheric Administration (NOAA). Global Monitoring Laboratory, Trends in Atmospheric Carbon Dioxide Data (https://gml.noaa.gov/ccgg/trends/) and Dr. Ralph Keeling, Scripps Institution of Oceanography, Carbon Dioxide Measurements (https://scrippsco2.ucsd.edu/).",ECCA,Atmospheric Carbon Dioxide Concentrations,"Environment, Climate Change, Climate and Weather, Atmospheric Carbon Dioxide Concentrations",1999M06,370.46
World,,WLD,"Monthly Atmospheric Carbon Dioxide Concentrations, Year on Year Percentage Change",Percent,"Dr. Pieter Tans, National Oceanic and Atmospheric Administration (NOAA). Global Monitoring Laboratory, Trends in Atmospheric Carbon Dioxide Data (https://gml.noaa.gov/ccgg/trends/) and Dr. Ralph Keeling, Scripps Institution of Oceanography, Carbon Dioxide Measurements (https://scrippsco2.ucsd.edu/).",ECCA,Atmospheric Carbon Dioxide Concentrations,"Environment, Climate Change, Climate and Weather, Atmospheric Carbon Dioxide Concentrations",1999M06,0.36
World,,WLD,Monthly Atmospheric Carbon Dioxide Concentrations,Parts Per Million,"Dr. Pieter Tans, National Oceanic and Atmospheric Administration (NOAA). Global Monitoring Laboratory, Trends in Atmospheric Carbon Dioxide Data (https://gml.noaa.gov/ccgg/trends/) and Dr. Ralph Keeling, Scripps Institution of Oceanography, Carbon Dioxide Measurements (https://scrippsco2.ucsd.edu/).",ECCA,Atmospheric Carbon Dioxide Concentrations,"Environment, Climate Change, Climate and Weather, Atmospheric Carbon Dioxide Concentrations",1999M07,369.61
World,,WLD,"Monthly Atmospheric Carbon Dioxide Concentrations, Year on Year Percentage Change",Percent,"Dr. Pieter Tans, National Oceanic and Atmospheric Administration (NOAA). Global Monitoring Laboratory, Trends in Atmospheric Carbon Dioxide Data (https://gml.noaa.gov/ccgg/trends/) and Dr. Ralph Keeling, Scripps Institution of Oceanography, Carbon Dioxide Measurements (https://scrippsco2.ucsd.edu/).",ECCA,Atmospheric Carbon Dioxide Concentrations,"Environment, Climate Change, Climate and Weather, Atmospheric Carbon Dioxide Concentrations",1999M07,0.44
World,,WLD,Monthly Atmospheric Carbon Dioxide Concentrations,Parts Per Million,"Dr. Pieter Tans, National Oceanic and Atmospheric Administration (NOAA). Global Monitoring Laboratory, Trends in Atmospheric Carbon Dioxide Data (https://gml.noaa.gov/ccgg/trends/) and Dr. Ralph Keeling, Scripps Institution of Oceanography, Carbon Dioxide Measurements (https://scrippsco2.ucsd.edu/).",ECCA,Atmospheric Carbon Dioxide Concentrations,"Environment, Climate Change, Climate and Weather, Atmospheric Carbon Dioxide Concentrations",1999M08,367.06
World,,WLD,"Monthly Atmospheric Carbon Dioxide Concentrations, Year on Year Percentage Change",Percent,"Dr. Pieter Tans, National Oceanic and Atmospheric Administration (NOAA). Global Monitoring Laboratory, Trends in Atmospheric Carbon Dioxide Data (https://gml.noaa.gov/ccgg/trends/) and Dr. Ralph Keeling, Scripps Institution of Oceanography, Carbon Dioxide Measurements (https://scrippsco2.ucsd.edu/).",ECCA,Atmospheric Carbon Dioxide Concentrations,"Environment, Climate Change, Climate and Weather, Atmospheric Carbon Dioxide Concentrations",1999M08,0.26
World,,WLD,Monthly Atmospheric Carbon Dioxide Concentrations,Parts Per Million,"Dr. Pieter Tans, National Oceanic and Atmospheric Administration (NOAA). Global Monitoring Laboratory, Trends in Atmospheric Carbon Dioxide Data (https://gml.noaa.gov/ccgg/trends/) and Dr. Ralph Keeling, Scripps Institution of Oceanography, Carbon Dioxide Measurements (https://scrippsco2.ucsd.edu/).",ECCA,Atmospheric Carbon Dioxide Concentrations,"Environment, Climate Change, Climate and Weather, Atmospheric Carbon Dioxide Concentrations",1999M09,364.95
World,,WLD,"Monthly Atmospheric Carbon Dioxide Concentrations, Year on Year Percentage Change",Percent,"Dr. Pieter Tans, National Oceanic and Atmospheric Administration (NOAA). Global Monitoring Laboratory, Trends in Atmospheric Carbon Dioxide Data (https://gml.noaa.gov/ccgg/trends/) and Dr. Ralph Keeling, Scripps Institution of Oceanography, Carbon Dioxide Measurements (https://scrippsco2.ucsd.edu/).",ECCA,Atmospheric Carbon Dioxide Concentrations,"Environment, Climate Change, Climate and Weather, Atmospheric Carbon Dioxide Concentrations",1999M09,0.22
World,,WLD,Monthly Atmospheric Carbon Dioxide Concentrations,Parts Per Million,"Dr. Pieter Tans, National Oceanic and Atmospheric Administration (NOAA). Global Monitoring Laboratory, Trends in Atmospheric Carbon Dioxide Data (https://gml.noaa.gov/ccgg/trends/) and Dr. Ralph Keeling, Scripps Institution of Oceanography, Carbon Dioxide Measurements (https://scrippsco2.ucsd.edu/).",ECCA,Atmospheric Carbon Dioxide Concentrations,"Environment, Climate Change, Climate and Weather, Atmospheric Carbon Dioxide Concentrations",1999M10,365.52
World,,WLD,"Monthly Atmospheric Carbon Dioxide Concentrations, Year on Year Percentage Change",Percent,"Dr. Pieter Tans, National Oceanic and Atmospheric Administration (NOAA). Global Monitoring Laboratory, Trends in Atmospheric Carbon Dioxide Data (https://gml.noaa.gov/ccgg/trends/) and Dr. Ralph Keeling, Scripps Institution of Oceanography, Carbon Dioxide Measurements (https://scrippsco2.ucsd.edu/).",ECCA,Atmospheric Carbon Dioxide Concentrations,"Environment, Climate Change, Climate and Weather, Atmospheric Carbon Dioxide Concentrations",1999M10,0.27
World,,WLD,Monthly Atmospheric Carbon Dioxide Concentrations,Parts Per Million,"Dr. Pieter Tans, National Oceanic and Atmospheric Administration (NOAA). Global Monitoring Laboratory, Trends in Atmospheric Carbon Dioxide Data (https://gml.noaa.gov/ccgg/trends/) and Dr. Ralph Keeling, Scripps Institution of Oceanography, Carbon Dioxide Measurements (https://scrippsco2.ucsd.edu/).",ECCA,Atmospheric Carbon Dioxide Concentrations,"Environment, Climate Change, Climate and Weather, Atmospheric Carbon Dioxide Concentrations",1999M11,366.88
World,,WLD,"Monthly Atmospheric Carbon Dioxide Concentrations, Year on Year Percentage Change",Percent,"Dr. Pieter Tans, National Oceanic and Atmospheric Administration (NOAA). Global Monitoring Laboratory, Trends in Atmospheric Carbon Dioxide Data (https://gml.noaa.gov/ccgg/trends/) and Dr. Ralph Keeling, Scripps Institution of Oceanography, Carbon Dioxide Measurements (https://scrippsco2.ucsd.edu/).",ECCA,Atmospheric Carbon Dioxide Concentrations,"Environment, Climate Change, Climate and Weather, Atmospheric Carbon Dioxide Concentrations",1999M11,0.33
World,,WLD,Monthly Atmospheric Carbon Dioxide Concentrations,Parts Per Million,"Dr. Pieter Tans, National Oceanic and Atmospheric Administration (NOAA). Global Monitoring Laboratory, Trends in Atmospheric Carbon Dioxide Data (https://gml.noaa.gov/ccgg/trends/) and Dr. Ralph Keeling, Scripps Institution of Oceanography, Carbon Dioxide Measurements (https://scrippsco2.ucsd.edu/).",ECCA,Atmospheric Carbon Dioxide Concentrations,"Environment, Climate Change, Climate and Weather, Atmospheric Carbon Dioxide Concentrations",1999M12,368.26
World,,WLD,"Monthly Atmospheric Carbon Dioxide Concentrations, Year on Year Percentage Change",Percent,"Dr. Pieter Tans, National Oceanic and Atmospheric Administration (NOAA). Global Monitoring Laboratory, Trends in Atmospheric Carbon Dioxide Data (https://gml.noaa.gov/ccgg/trends/) and Dr. Ralph Keeling, Scripps Institution of Oceanography, Carbon Dioxide Measurements (https://scrippsco2.ucsd.edu/).",ECCA,Atmospheric Carbon Dioxide Concentrations,"Environment, Climate Change, Climate and Weather, Atmospheric Carbon Dioxide Concentrations",1999M12,0.26
World,,WLD,Monthly Atmospheric Carbon Dioxide Concentrations,Parts Per Million,"Dr. Pieter Tans, National Oceanic and Atmospheric Administration (NOAA). Global Monitoring Laboratory, Trends in Atmospheric Carbon Dioxide Data (https://gml.noaa.gov/ccgg/trends/) and Dr. Ralph Keeling, Scripps Institution of Oceanography, Carbon Dioxide Measurements (https://scrippsco2.ucsd.edu/).",ECCA,Atmospheric Carbon Dioxide Concentrations,"Environment, Climate Change, Climate and Weather, Atmospheric Carbon Dioxide Concentrations",2000M01,369.45
World,,WLD,"Monthly Atmospheric Carbon Dioxide Concentrations, Year on Year Percentage Change",Percent,"Dr. Pieter Tans, National Oceanic and Atmospheric Administration (NOAA). Global Monitoring Laboratory, Trends in Atmospheric Carbon Dioxide Data (https://gml.noaa.gov/ccgg/trends/) and Dr. Ralph Keeling, Scripps Institution of Oceanography, Carbon Dioxide Measurements (https://scrippsco2.ucsd.edu/).",ECCA,Atmospheric Carbon Dioxide Concentrations,"Environment, Climate Change, Climate and Weather, Atmospheric Carbon Dioxide Concentrations",2000M01,0.3
World,,WLD,Monthly Atmospheric Carbon Dioxide Concentrations,Parts Per Million,"Dr. Pieter Tans, National Oceanic and Atmospheric Administration (NOAA). Global Monitoring Laboratory, Trends in Atmospheric Carbon Dioxide Data (https://gml.noaa.gov/ccgg/trends/) and Dr. Ralph Keeling, Scripps Institution of Oceanography, Carbon Dioxide Measurements (https://scrippsco2.ucsd.edu/).",ECCA,Atmospheric Carbon Dioxide Concentrations,"Environment, Climate Change, Climate and Weather, Atmospheric Carbon Dioxide Concentrations",2000M02,369.71
World,,WLD,"Monthly Atmospheric Carbon Dioxide Concentrations, Year on Year Percentage Change",Percent,"Dr. Pieter Tans, National Oceanic and Atmospheric Administration (NOAA). Global Monitoring Laboratory, Trends in Atmospheric Carbon Dioxide Data (https://gml.noaa.gov/ccgg/trends/) and Dr. Ralph Keeling, Scripps Institution of Oceanography, Carbon Dioxide Measurements (https://scrippsco2.ucsd.edu/).",ECCA,Atmospheric Carbon Dioxide Concentrations,"Environment, Climate Change, Climate and Weather, Atmospheric Carbon Dioxide Concentrations",2000M02,0.12
World,,WLD,Monthly Atmospheric Carbon Dioxide Concentrations,Parts Per Million,"Dr. Pieter Tans, National Oceanic and Atmospheric Administration (NOAA). Global Monitoring Laboratory, Trends in Atmospheric Carbon Dioxide Data (https://gml.noaa.gov/ccgg/trends/) and Dr. Ralph Keeling, Scripps Institution of Oceanography, Carbon Dioxide Measurements (https://scrippsco2.ucsd.edu/).",ECCA,Atmospheric Carbon Dioxide Concentrations,"Environment, Climate Change, Climate and Weather, Atmospheric Carbon Dioxide Concentrations",2000M03,370.75
World,,WLD,"Monthly Atmospheric Carbon Dioxide Concentrations, Year on Year Percentage Change",Percent,"Dr. Pieter Tans, National Oceanic and Atmospheric Administration (NOAA). Global Monitoring Laboratory, Trends in Atmospheric Carbon Dioxide Data (https://gml.noaa.gov/ccgg/trends/) and Dr. Ralph Keeling, Scripps Institution of Oceanography, Carbon Dioxide Measurements (https://scrippsco2.ucsd.edu/).",ECCA,Atmospheric Carbon Dioxide Concentrations,"Environment, Climate Change, Climate and Weather, Atmospheric Carbon Dioxide Concentrations",2000M03,0.25
World,,WLD,Monthly Atmospheric Carbon Dioxide Concentrations,Parts Per Million,"Dr. Pieter Tans, National Oceanic and Atmospheric Administration (NOAA). Global Monitoring Laboratory, Trends in Atmospheric Carbon Dioxide Data (https://gml.noaa.gov/ccgg/trends/) and Dr. Ralph Keeling, Scripps Institution of Oceanography, Carbon Dioxide Measurements (https://scrippsco2.ucsd.edu/).",ECCA,Atmospheric Carbon Dioxide Concentrations,"Environment, Climate Change, Climate and Weather, Atmospheric Carbon Dioxide Concentrations",2000M04,371.98
World,,WLD,"Monthly Atmospheric Carbon Dioxide Concentrations, Year on Year Percentage Change",Percent,"Dr. Pieter Tans, National Oceanic and Atmospheric Administration (NOAA). Global Monitoring Laboratory, Trends in Atmospheric Carbon Dioxide Data (https://gml.noaa.gov/ccgg/trends/) and Dr. Ralph Keeling, Scripps Institution of Oceanography, Carbon Dioxide Measurements (https://scrippsco2.ucsd.edu/).",ECCA,Atmospheric Carbon Dioxide Concentrations,"Environment, Climate Change, Climate and Weather, Atmospheric Carbon Dioxide Concentrations",2000M04,0.22
World,,WLD,Monthly Atmospheric Carbon Dioxide Concentrations,Parts Per Million,"Dr. Pieter Tans, National Oceanic and Atmospheric Administration (NOAA). Global Monitoring Laboratory, Trends in Atmospheric Carbon Dioxide Data (https://gml.noaa.gov/ccgg/trends/) and Dr. Ralph Keeling, Scripps Institution of Oceanography, Carbon Dioxide Measurements (https://scrippsco2.ucsd.edu/).",ECCA,Atmospheric Carbon Dioxide Concentrations,"Environment, Climate Change, Climate and Weather, Atmospheric Carbon Dioxide Concentrations",2000M05,371.75
World,,WLD,"Monthly Atmospheric Carbon Dioxide Concentrations, Year on Year Percentage Change",Percent,"Dr. Pieter Tans, National Oceanic and Atmospheric Administration (NOAA). Global Monitoring Laboratory, Trends in Atmospheric Carbon Dioxide Data (https://gml.noaa.gov/ccgg/trends/) and Dr. Ralph Keeling, Scripps Institution of Oceanography, Carbon Dioxide Measurements (https://scrippsco2.ucsd.edu/).",ECCA,Atmospheric Carbon Dioxide Concentrations,"Environment, Climate Change, Climate and Weather, Atmospheric Carbon Dioxide Concentrations",2000M05,0.17
World,,WLD,Monthly Atmospheric Carbon Dioxide Concentrations,Parts Per Million,"Dr. Pieter Tans, National Oceanic and Atmospheric Administration (NOAA). Global Monitoring Laboratory, Trends in Atmospheric Carbon Dioxide Data (https://gml.noaa.gov/ccgg/trends/) and Dr. Ralph Keeling, Scripps Institution of Oceanography, Carbon Dioxide Measurements (https://scrippsco2.ucsd.edu/).",ECCA,Atmospheric Carbon Dioxide Concentrations,"Environment, Climate Change, Climate and Weather, Atmospheric Carbon Dioxide Concentrations",2000M06,371.87
World,,WLD,"Monthly Atmospheric Carbon Dioxide Concentrations, Year on Year Percentage Change",Percent,"Dr. Pieter Tans, National Oceanic and Atmospheric Administration (NOAA). Global Monitoring Laboratory, Trends in Atmospheric Carbon Dioxide Data (https://gml.noaa.gov/ccgg/trends/) and Dr. Ralph Keeling, Scripps Institution of Oceanography, Carbon Dioxide Measurements (https://scrippsco2.ucsd.edu/).",ECCA,Atmospheric Carbon Dioxide Concentrations,"Environment, Climate Change, Climate and Weather, Atmospheric Carbon Dioxide Concentrations",2000M06,0.38
World,,WLD,Monthly Atmospheric Carbon Dioxide Concentrations,Parts Per Million,"Dr. Pieter Tans, National Oceanic and Atmospheric Administration (NOAA). Global Monitoring Laboratory, Trends in Atmospheric Carbon Dioxide Data (https://gml.noaa.gov/ccgg/trends/) and Dr. Ralph Keeling, Scripps Institution of Oceanography, Carbon Dioxide Measurements (https://scrippsco2.ucsd.edu/).",ECCA,Atmospheric Carbon Dioxide Concentrations,"Environment, Climate Change, Climate and Weather, Atmospheric Carbon Dioxide Concentrations",2000M07,370.02
World,,WLD,"Monthly Atmospheric Carbon Dioxide Concentrations, Year on Year Percentage Change",Percent,"Dr. Pieter Tans, National Oceanic and Atmospheric Administration (NOAA). Global Monitoring Laboratory, Trends in Atmospheric Carbon Dioxide Data (https://gml.noaa.gov/ccgg/trends/) and Dr. Ralph Keeling, Scripps Institution of Oceanography, Carbon Dioxide Measurements (https://scrippsco2.ucsd.edu/).",ECCA,Atmospheric Carbon Dioxide Concentrations,"Environment, Climate Change, Climate and Weather, Atmospheric Carbon Dioxide Concentrations",2000M07,0.11
World,,WLD,Monthly Atmospheric Carbon Dioxide Concentrations,Parts Per Million,"Dr. Pieter Tans, National Oceanic and Atmospheric Administration (NOAA). Global Monitoring Laboratory, Trends in Atmospheric Carbon Dioxide Data (https://gml.noaa.gov/ccgg/trends/) and Dr. Ralph Keeling, Scripps Institution of Oceanography, Carbon Dioxide Measurements (https://scrippsco2.ucsd.edu/).",ECCA,Atmospheric Carbon Dioxide Concentrations,"Environment, Climate Change, Climate and Weather, Atmospheric Carbon Dioxide Concentrations",2000M08,368.27
World,,WLD,"Monthly Atmospheric Carbon Dioxide Concentrations, Year on Year Percentage Change",Percent,"Dr. Pieter Tans, National Oceanic and Atmospheric Administration (NOAA). Global Monitoring Laboratory, Trends in Atmospheric Carbon Dioxide Data (https://gml.noaa.gov/ccgg/trends/) and Dr. Ralph Keeling, Scripps Institution of Oceanography, Carbon Dioxide Measurements (https://scrippsco2.ucsd.edu/).",ECCA,Atmospheric Carbon Dioxide Concentrations,"Environment, Climate Change, Climate and Weather, Atmospheric Carbon Dioxide Concentrations",2000M08,0.33
World,,WLD,Monthly Atmospheric Carbon Dioxide Concentrations,Parts Per Million,"Dr. Pieter Tans, National Oceanic and Atmospheric Administration (NOAA). Global Monitoring Laboratory, Trends in Atmospheric Carbon Dioxide Data (https://gml.noaa.gov/ccgg/trends/) and Dr. Ralph Keeling, Scripps Institution of Oceanography, Carbon Dioxide Measurements (https://scrippsco2.ucsd.edu/).",ECCA,Atmospheric Carbon Dioxide Concentrations,"Environment, Climate Change, Climate and Weather, Atmospheric Carbon Dioxide Concentrations",2000M09,367.15
World,,WLD,"Monthly Atmospheric Carbon Dioxide Concentrations, Year on Year Percentage Change",Percent,"Dr. Pieter Tans, National Oceanic and Atmospheric Administration (NOAA). Global Monitoring Laboratory, Trends in Atmospheric Carbon Dioxide Data (https://gml.noaa.gov/ccgg/trends/) and Dr. Ralph Keeling, Scripps Institution of Oceanography, Carbon Dioxide Measurements (https://scrippsco2.ucsd.edu/).",ECCA,Atmospheric Carbon Dioxide Concentrations,"Environment, Climate Change, Climate and Weather, Atmospheric Carbon Dioxide Concentrations",2000M09,0.6
World,,WLD,Monthly Atmospheric Carbon Dioxide Concentrations,Parts Per Million,"Dr. Pieter Tans, National Oceanic and Atmospheric Administration (NOAA). Global Monitoring Laboratory, Trends in Atmospheric Carbon Dioxide Data (https://gml.noaa.gov/ccgg/trends/) and Dr. Ralph Keeling, Scripps Institution of Oceanography, Carbon Dioxide Measurements (https://scrippsco2.ucsd.edu/).",ECCA,Atmospheric Carbon Dioxide Concentrations,"Environment, Climate Change, Climate and Weather, Atmospheric Carbon Dioxide Concentrations",2000M10,367.18
World,,WLD,"Monthly Atmospheric Carbon Dioxide Concentrations, Year on Year Percentage Change",Percent,"Dr. Pieter Tans, National Oceanic and Atmospheric Administration (NOAA). Global Monitoring Laboratory, Trends in Atmospheric Carbon Dioxide Data (https://gml.noaa.gov/ccgg/trends/) and Dr. Ralph Keeling, Scripps Institution of Oceanography, Carbon Dioxide Measurements (https://scrippsco2.ucsd.edu/).",ECCA,Atmospheric Carbon Dioxide Concentrations,"Environment, Climate Change, Climate and Weather, Atmospheric Carbon Dioxide Concentrations",2000M10,0.45
World,,WLD,Monthly Atmospheric Carbon Dioxide Concentrations,Parts Per Million,"Dr. Pieter Tans, National Oceanic and Atmospheric Administration (NOAA). Global Monitoring Laboratory, Trends in Atmospheric Carbon Dioxide Data (https://gml.noaa.gov/ccgg/trends/) and Dr. Ralph Keeling, Scripps Institution of Oceanography, Carbon Dioxide Measurements (https://scrippsco2.ucsd.edu/).",ECCA,Atmospheric Carbon Dioxide Concentrations,"Environment, Climate Change, Climate and Weather, Atmospheric Carbon Dioxide Concentrations",2000M11,368.53
World,,WLD,"Monthly Atmospheric Carbon Dioxide Concentrations, Year on Year Percentage Change",Percent,"Dr. Pieter Tans, National Oceanic and Atmospheric Administration (NOAA). Global Monitoring Laboratory, Trends in Atmospheric Carbon Dioxide Data (https://gml.noaa.gov/ccgg/trends/) and Dr. Ralph Keeling, Scripps Institution of Oceanography, Carbon Dioxide Measurements (https://scrippsco2.ucsd.edu/).",ECCA,Atmospheric Carbon Dioxide Concentrations,"Environment, Climate Change, Climate and Weather, Atmospheric Carbon Dioxide Concentrations",2000M11,0.45
World,,WLD,Monthly Atmospheric Carbon Dioxide Concentrations,Parts Per Million,"Dr. Pieter Tans, National Oceanic and Atmospheric Administration (NOAA). Global Monitoring Laboratory, Trends in Atmospheric Carbon Dioxide Data (https://gml.noaa.gov/ccgg/trends/) and Dr. Ralph Keeling, Scripps Institution of Oceanography, Carbon Dioxide Measurements (https://scrippsco2.ucsd.edu/).",ECCA,Atmospheric Carbon Dioxide Concentrations,"Environment, Climate Change, Climate and Weather, Atmospheric Carbon Dioxide Concentrations",2000M12,369.83
World,,WLD,"Monthly Atmospheric Carbon Dioxide Concentrations, Year on Year Percentage Change",Percent,"Dr. Pieter Tans, National Oceanic and Atmospheric Administration (NOAA). Global Monitoring Laboratory, Trends in Atmospheric Carbon Dioxide Data (https://gml.noaa.gov/ccgg/trends/) and Dr. Ralph Keeling, Scripps Institution of Oceanography, Carbon Dioxide Measurements (https://scrippsco2.ucsd.edu/).",ECCA,Atmospheric Carbon Dioxide Concentrations,"Environment, Climate Change, Climate and Weather, Atmospheric Carbon Dioxide Concentrations",2000M12,0.43
World,,WLD,Monthly Atmospheric Carbon Dioxide Concentrations,Parts Per Million,"Dr. Pieter Tans, National Oceanic and Atmospheric Administration (NOAA). Global Monitoring Laboratory, Trends in Atmospheric Carbon Dioxide Data (https://gml.noaa.gov/ccgg/trends/) and Dr. Ralph Keeling, Scripps Institution of Oceanography, Carbon Dioxide Measurements (https://scrippsco2.ucsd.edu/).",ECCA,Atmospheric Carbon Dioxide Concentrations,"Environment, Climate Change, Climate and Weather, Atmospheric Carbon Dioxide Concentrations",2001M01,370.76
World,,WLD,"Monthly Atmospheric Carbon Dioxide Concentrations, Year on Year Percentage Change",Percent,"Dr. Pieter Tans, National Oceanic and Atmospheric Administration (NOAA). Global Monitoring Laboratory, Trends in Atmospheric Carbon Dioxide Data (https://gml.noaa.gov/ccgg/trends/) and Dr. Ralph Keeling, Scripps Institution of Oceanography, Carbon Dioxide Measurements (https://scrippsco2.ucsd.edu/).",ECCA,Atmospheric Carbon Dioxide Concentrations,"Environment, Climate Change, Climate and Weather, Atmospheric Carbon Dioxide Concentrations",2001M01,0.35
World,,WLD,Monthly Atmospheric Carbon Dioxide Concentrations,Parts Per Million,"Dr. Pieter Tans, National Oceanic and Atmospheric Administration (NOAA). Global Monitoring Laboratory, Trends in Atmospheric Carbon Dioxide Data (https://gml.noaa.gov/ccgg/trends/) and Dr. Ralph Keeling, Scripps Institution of Oceanography, Carbon Dioxide Measurements (https://scrippsco2.ucsd.edu/).",ECCA,Atmospheric Carbon Dioxide Concentrations,"Environment, Climate Change, Climate and Weather, Atmospheric Carbon Dioxide Concentrations",2001M02,371.69
World,,WLD,"Monthly Atmospheric Carbon Dioxide Concentrations, Year on Year Percentage Change",Percent,"Dr. Pieter Tans, National Oceanic and Atmospheric Administration (NOAA). Global Monitoring Laboratory, Trends in Atmospheric Carbon Dioxide Data (https://gml.noaa.gov/ccgg/trends/) and Dr. Ralph Keeling, Scripps Institution of Oceanography, Carbon Dioxide Measurements (https://scrippsco2.ucsd.edu/).",ECCA,Atmospheric Carbon Dioxide Concentrations,"Environment, Climate Change, Climate and Weather, Atmospheric Carbon Dioxide Concentrations",2001M02,0.54
World,,WLD,Monthly Atmospheric Carbon Dioxide Concentrations,Parts Per Million,"Dr. Pieter Tans, National Oceanic and Atmospheric Administration (NOAA). Global Monitoring Laboratory, Trends in Atmospheric Carbon Dioxide Data (https://gml.noaa.gov/ccgg/trends/) and Dr. Ralph Keeling, Scripps Institution of Oceanography, Carbon Dioxide Measurements (https://scrippsco2.ucsd.edu/).",ECCA,Atmospheric Carbon Dioxide Concentrations,"Environment, Climate Change, Climate and Weather, Atmospheric Carbon Dioxide Concentrations",2001M03,372.63
World,,WLD,"Monthly Atmospheric Carbon Dioxide Concentrations, Year on Year Percentage Change",Percent,"Dr. Pieter Tans, National Oceanic and Atmospheric Administration (NOAA). Global Monitoring Laboratory, Trends in Atmospheric Carbon Dioxide Data (https://gml.noaa.gov/ccgg/trends/) and Dr. Ralph Keeling, Scripps Institution of Oceanography, Carbon Dioxide Measurements (https://scrippsco2.ucsd.edu/).",ECCA,Atmospheric Carbon Dioxide Concentrations,"Environment, Climate Change, Climate and Weather, Atmospheric Carbon Dioxide Concentrations",2001M03,0.51
World,,WLD,Monthly Atmospheric Carbon Dioxide Concentrations,Parts Per Million,"Dr. Pieter Tans, National Oceanic and Atmospheric Administration (NOAA). Global Monitoring Laboratory, Trends in Atmospheric Carbon Dioxide Data (https://gml.noaa.gov/ccgg/trends/) and Dr. Ralph Keeling, Scripps Institution of Oceanography, Carbon Dioxide Measurements (https://scrippsco2.ucsd.edu/).",ECCA,Atmospheric Carbon Dioxide Concentrations,"Environment, Climate Change, Climate and Weather, Atmospheric Carbon Dioxide Concentrations",2001M04,373.55
World,,WLD,"Monthly Atmospheric Carbon Dioxide Concentrations, Year on Year Percentage Change",Percent,"Dr. Pieter Tans, National Oceanic and Atmospheric Administration (NOAA). Global Monitoring Laboratory, Trends in Atmospheric Carbon Dioxide Data (https://gml.noaa.gov/ccgg/trends/) and Dr. Ralph Keeling, Scripps Institution of Oceanography, Carbon Dioxide Measurements (https://scrippsco2.ucsd.edu/).",ECCA,Atmospheric Carbon Dioxide Concentrations,"Environment, Climate Change, Climate and Weather, Atmospheric Carbon Dioxide Concentrations",2001M04,0.42
World,,WLD,Monthly Atmospheric Carbon Dioxide Concentrations,Parts Per Million,"Dr. Pieter Tans, National Oceanic and Atmospheric Administration (NOAA). Global Monitoring Laboratory, Trends in Atmospheric Carbon Dioxide Data (https://gml.noaa.gov/ccgg/trends/) and Dr. Ralph Keeling, Scripps Institution of Oceanography, Carbon Dioxide Measurements (https://scrippsco2.ucsd.edu/).",ECCA,Atmospheric Carbon Dioxide Concentrations,"Environment, Climate Change, Climate and Weather, Atmospheric Carbon Dioxide Concentrations",2001M05,374.03
World,,WLD,"Monthly Atmospheric Carbon Dioxide Concentrations, Year on Year Percentage Change",Percent,"Dr. Pieter Tans, National Oceanic and Atmospheric Administration (NOAA). Global Monitoring Laboratory, Trends in Atmospheric Carbon Dioxide Data (https://gml.noaa.gov/ccgg/trends/) and Dr. Ralph Keeling, Scripps Institution of Oceanography, Carbon Dioxide Measurements (https://scrippsco2.ucsd.edu/).",ECCA,Atmospheric Carbon Dioxide Concentrations,"Environment, Climate Change, Climate and Weather, Atmospheric Carbon Dioxide Concentrations",2001M05,0.61
World,,WLD,Monthly Atmospheric Carbon Dioxide Concentrations,Parts Per Million,"Dr. Pieter Tans, National Oceanic and Atmospheric Administration (NOAA). Global Monitoring Laboratory, Trends in Atmospheric Carbon Dioxide Data (https://gml.noaa.gov/ccgg/trends/) and Dr. Ralph Keeling, Scripps Institution of Oceanography, Carbon Dioxide Measurements (https://scrippsco2.ucsd.edu/).",ECCA,Atmospheric Carbon Dioxide Concentrations,"Environment, Climate Change, Climate and Weather, Atmospheric Carbon Dioxide Concentrations",2001M06,373.4
World,,WLD,"Monthly Atmospheric Carbon Dioxide Concentrations, Year on Year Percentage Change",Percent,"Dr. Pieter Tans, National Oceanic and Atmospheric Administration (NOAA). Global Monitoring Laboratory, Trends in Atmospheric Carbon Dioxide Data (https://gml.noaa.gov/ccgg/trends/) and Dr. Ralph Keeling, Scripps Institution of Oceanography, Carbon Dioxide Measurements (https://scrippsco2.ucsd.edu/).",ECCA,Atmospheric Carbon Dioxide Concentrations,"Environment, Climate Change, Climate and Weather, Atmospheric Carbon Dioxide Concentrations",2001M06,0.41
World,,WLD,Monthly Atmospheric Carbon Dioxide Concentrations,Parts Per Million,"Dr. Pieter Tans, National Oceanic and Atmospheric Administration (NOAA). Global Monitoring Laboratory, Trends in Atmospheric Carbon Dioxide Data (https://gml.noaa.gov/ccgg/trends/) and Dr. Ralph Keeling, Scripps Institution of Oceanography, Carbon Dioxide Measurements (https://scrippsco2.ucsd.edu/).",ECCA,Atmospheric Carbon Dioxide Concentrations,"Environment, Climate Change, Climate and Weather, Atmospheric Carbon Dioxide Concentrations",2001M07,371.68
World,,WLD,"Monthly Atmospheric Carbon Dioxide Concentrations, Year on Year Percentage Change",Percent,"Dr. Pieter Tans, National Oceanic and Atmospheric Administration (NOAA). Global Monitoring Laboratory, Trends in Atmospheric Carbon Dioxide Data (https://gml.noaa.gov/ccgg/trends/) and Dr. Ralph Keeling, Scripps Institution of Oceanography, Carbon Dioxide Measurements (https://scrippsco2.ucsd.edu/).",ECCA,Atmospheric Carbon Dioxide Concentrations,"Environment, Climate Change, Climate and Weather, Atmospheric Carbon Dioxide Concentrations",2001M07,0.45
World,,WLD,Monthly Atmospheric Carbon Dioxide Concentrations,Parts Per Million,"Dr. Pieter Tans, National Oceanic and Atmospheric Administration (NOAA). Global Monitoring Laboratory, Trends in Atmospheric Carbon Dioxide Data (https://gml.noaa.gov/ccgg/trends/) and Dr. Ralph Keeling, Scripps Institution of Oceanography, Carbon Dioxide Measurements (https://scrippsco2.ucsd.edu/).",ECCA,Atmospheric Carbon Dioxide Concentrations,"Environment, Climate Change, Climate and Weather, Atmospheric Carbon Dioxide Concentrations",2001M08,369.78
World,,WLD,"Monthly Atmospheric Carbon Dioxide Concentrations, Year on Year Percentage Change",Percent,"Dr. Pieter Tans, National Oceanic and Atmospheric Administration (NOAA). Global Monitoring Laboratory, Trends in Atmospheric Carbon Dioxide Data (https://gml.noaa.gov/ccgg/trends/) and Dr. Ralph Keeling, Scripps Institution of Oceanography, Carbon Dioxide Measurements (https://scrippsco2.ucsd.edu/).",ECCA,Atmospheric Carbon Dioxide Concentrations,"Environment, Climate Change, Climate and Weather, Atmospheric Carbon Dioxide Concentrations",2001M08,0.41
World,,WLD,Monthly Atmospheric Carbon Dioxide Concentrations,Parts Per Million,"Dr. Pieter Tans, National Oceanic and Atmospheric Administration (NOAA). Global Monitoring Laboratory, Trends in Atmospheric Carbon Dioxide Data (https://gml.noaa.gov/ccgg/trends/) and Dr. Ralph Keeling, Scripps Institution of Oceanography, Carbon Dioxide Measurements (https://scrippsco2.ucsd.edu/).",ECCA,Atmospheric Carbon Dioxide Concentrations,"Environment, Climate Change, Climate and Weather, Atmospheric Carbon Dioxide Concentrations",2001M09,368.34
World,,WLD,"Monthly Atmospheric Carbon Dioxide Concentrations, Year on Year Percentage Change",Percent,"Dr. Pieter Tans, National Oceanic and Atmospheric Administration (NOAA). Global Monitoring Laboratory, Trends in Atmospheric Carbon Dioxide Data (https://gml.noaa.gov/ccgg/trends/) and Dr. Ralph Keeling, Scripps Institution of Oceanography, Carbon Dioxide Measurements (https://scrippsco2.ucsd.edu/).",ECCA,Atmospheric Carbon Dioxide Concentrations,"Environment, Climate Change, Climate and Weather, Atmospheric Carbon Dioxide Concentrations",2001M09,0.32
World,,WLD,Monthly Atmospheric Carbon Dioxide Concentrations,Parts Per Million,"Dr. Pieter Tans, National Oceanic and Atmospheric Administration (NOAA). Global Monitoring Laboratory, Trends in Atmospheric Carbon Dioxide Data (https://gml.noaa.gov/ccgg/trends/) and Dr. Ralph Keeling, Scripps Institution of Oceanography, Carbon Dioxide Measurements (https://scrippsco2.ucsd.edu/).",ECCA,Atmospheric Carbon Dioxide Concentrations,"Environment, Climate Change, Climate and Weather, Atmospheric Carbon Dioxide Concentrations",2001M10,368.61
World,,WLD,"Monthly Atmospheric Carbon Dioxide Concentrations, Year on Year Percentage Change",Percent,"Dr. Pieter Tans, National Oceanic and Atmospheric Administration (NOAA). Global Monitoring Laboratory, Trends in Atmospheric Carbon Dioxide Data (https://gml.noaa.gov/ccgg/trends/) and Dr. Ralph Keeling, Scripps Institution of Oceanography, Carbon Dioxide Measurements (https://scrippsco2.ucsd.edu/).",ECCA,Atmospheric Carbon Dioxide Concentrations,"Environment, Climate Change, Climate and Weather, Atmospheric Carbon Dioxide Concentrations",2001M10,0.39
World,,WLD,Monthly Atmospheric Carbon Dioxide Concentrations,Parts Per Million,"Dr. Pieter Tans, National Oceanic and Atmospheric Administration (NOAA). Global Monitoring Laboratory, Trends in Atmospheric Carbon Dioxide Data (https://gml.noaa.gov/ccgg/trends/) and Dr. Ralph Keeling, Scripps Institution of Oceanography, Carbon Dioxide Measurements (https://scrippsco2.ucsd.edu/).",ECCA,Atmospheric Carbon Dioxide Concentrations,"Environment, Climate Change, Climate and Weather, Atmospheric Carbon Dioxide Concentrations",2001M11,369.94
World,,WLD,"Monthly Atmospheric Carbon Dioxide Concentrations, Year on Year Percentage Change",Percent,"Dr. Pieter Tans, National Oceanic and Atmospheric Administration (NOAA). Global Monitoring Laboratory, Trends in Atmospheric Carbon Dioxide Data (https://gml.noaa.gov/ccgg/trends/) and Dr. Ralph Keeling, Scripps Institution of Oceanography, Carbon Dioxide Measurements (https://scrippsco2.ucsd.edu/).",ECCA,Atmospheric Carbon Dioxide Concentrations,"Environment, Climate Change, Climate and Weather, Atmospheric Carbon Dioxide Concentrations",2001M11,0.38
World,,WLD,Monthly Atmospheric Carbon Dioxide Concentrations,Parts Per Million,"Dr. Pieter Tans, National Oceanic and Atmospheric Administration (NOAA). Global Monitoring Laboratory, Trends in Atmospheric Carbon Dioxide Data (https://gml.noaa.gov/ccgg/trends/) and Dr. Ralph Keeling, Scripps Institution of Oceanography, Carbon Dioxide Measurements (https://scrippsco2.ucsd.edu/).",ECCA,Atmospheric Carbon Dioxide Concentrations,"Environment, Climate Change, Climate and Weather, Atmospheric Carbon Dioxide Concentrations",2001M12,371.42
World,,WLD,"Monthly Atmospheric Carbon Dioxide Concentrations, Year on Year Percentage Change",Percent,"Dr. Pieter Tans, National Oceanic and Atmospheric Administration (NOAA). Global Monitoring Laboratory, Trends in Atmospheric Carbon Dioxide Data (https://gml.noaa.gov/ccgg/trends/) and Dr. Ralph Keeling, Scripps Institution of Oceanography, Carbon Dioxide Measurements (https://scrippsco2.ucsd.edu/).",ECCA,Atmospheric Carbon Dioxide Concentrations,"Environment, Climate Change, Climate and Weather, Atmospheric Carbon Dioxide Concentrations",2001M12,0.43
World,,WLD,Monthly Atmospheric Carbon Dioxide Concentrations,Parts Per Million,"Dr. Pieter Tans, National Oceanic and Atmospheric Administration (NOAA). Global Monitoring Laboratory, Trends in Atmospheric Carbon Dioxide Data (https://gml.noaa.gov/ccgg/trends/) and Dr. Ralph Keeling, Scripps Institution of Oceanography, Carbon Dioxide Measurements (https://scrippsco2.ucsd.edu/).",ECCA,Atmospheric Carbon Dioxide Concentrations,"Environment, Climate Change, Climate and Weather, Atmospheric Carbon Dioxide Concentrations",2002M01,372.7
World,,WLD,"Monthly Atmospheric Carbon Dioxide Concentrations, Year on Year Percentage Change",Percent,"Dr. Pieter Tans, National Oceanic and Atmospheric Administration (NOAA). Global Monitoring Laboratory, Trends in Atmospheric Carbon Dioxide Data (https://gml.noaa.gov/ccgg/trends/) and Dr. Ralph Keeling, Scripps Institution of Oceanography, Carbon Dioxide Measurements (https://scrippsco2.ucsd.edu/).",ECCA,Atmospheric Carbon Dioxide Concentrations,"Environment, Climate Change, Climate and Weather, Atmospheric Carbon Dioxide Concentrations",2002M01,0.52
World,,WLD,Monthly Atmospheric Carbon Dioxide Concentrations,Parts Per Million,"Dr. Pieter Tans, National Oceanic and Atmospheric Administration (NOAA). Global Monitoring Laboratory, Trends in Atmospheric Carbon Dioxide Data (https://gml.noaa.gov/ccgg/trends/) and Dr. Ralph Keeling, Scripps Institution of Oceanography, Carbon Dioxide Measurements (https://scrippsco2.ucsd.edu/).",ECCA,Atmospheric Carbon Dioxide Concentrations,"Environment, Climate Change, Climate and Weather, Atmospheric Carbon Dioxide Concentrations",2002M02,373.37
World,,WLD,"Monthly Atmospheric Carbon Dioxide Concentrations, Year on Year Percentage Change",Percent,"Dr. Pieter Tans, National Oceanic and Atmospheric Administration (NOAA). Global Monitoring Laboratory, Trends in Atmospheric Carbon Dioxide Data (https://gml.noaa.gov/ccgg/trends/) and Dr. Ralph Keeling, Scripps Institution of Oceanography, Carbon Dioxide Measurements (https://scrippsco2.ucsd.edu/).",ECCA,Atmospheric Carbon Dioxide Concentrations,"Environment, Climate Change, Climate and Weather, Atmospheric Carbon Dioxide Concentrations",2002M02,0.45
World,,WLD,Monthly Atmospheric Carbon Dioxide Concentrations,Parts Per Million,"Dr. Pieter Tans, National Oceanic and Atmospheric Administration (NOAA). Global Monitoring Laboratory, Trends in Atmospheric Carbon Dioxide Data (https://gml.noaa.gov/ccgg/trends/) and Dr. Ralph Keeling, Scripps Institution of Oceanography, Carbon Dioxide Measurements (https://scrippsco2.ucsd.edu/).",ECCA,Atmospheric Carbon Dioxide Concentrations,"Environment, Climate Change, Climate and Weather, Atmospheric Carbon Dioxide Concentrations",2002M03,374.3
World,,WLD,"Monthly Atmospheric Carbon Dioxide Concentrations, Year on Year Percentage Change",Percent,"Dr. Pieter Tans, National Oceanic and Atmospheric Administration (NOAA). Global Monitoring Laboratory, Trends in Atmospheric Carbon Dioxide Data (https://gml.noaa.gov/ccgg/trends/) and Dr. Ralph Keeling, Scripps Institution of Oceanography, Carbon Dioxide Measurements (https://scrippsco2.ucsd.edu/).",ECCA,Atmospheric Carbon Dioxide Concentrations,"Environment, Climate Change, Climate and Weather, Atmospheric Carbon Dioxide Concentrations",2002M03,0.45
World,,WLD,Monthly Atmospheric Carbon Dioxide Concentrations,Parts Per Million,"Dr. Pieter Tans, National Oceanic and Atmospheric Administration (NOAA). Global Monitoring Laboratory, Trends in Atmospheric Carbon Dioxide Data (https://gml.noaa.gov/ccgg/trends/) and Dr. Ralph Keeling, Scripps Institution of Oceanography, Carbon Dioxide Measurements (https://scrippsco2.ucsd.edu/).",ECCA,Atmospheric Carbon Dioxide Concentrations,"Environment, Climate Change, Climate and Weather, Atmospheric Carbon Dioxide Concentrations",2002M04,375.19
World,,WLD,"Monthly Atmospheric Carbon Dioxide Concentrations, Year on Year Percentage Change",Percent,"Dr. Pieter Tans, National Oceanic and Atmospheric Administration (NOAA). Global Monitoring Laboratory, Trends in Atmospheric Carbon Dioxide Data (https://gml.noaa.gov/ccgg/trends/) and Dr. Ralph Keeling, Scripps Institution of Oceanography, Carbon Dioxide Measurements (https://scrippsco2.ucsd.edu/).",ECCA,Atmospheric Carbon Dioxide Concentrations,"Environment, Climate Change, Climate and Weather, Atmospheric Carbon Dioxide Concentrations",2002M04,0.44
World,,WLD,Monthly Atmospheric Carbon Dioxide Concentrations,Parts Per Million,"Dr. Pieter Tans, National Oceanic and Atmospheric Administration (NOAA). Global Monitoring Laboratory, Trends in Atmospheric Carbon Dioxide Data (https://gml.noaa.gov/ccgg/trends/) and Dr. Ralph Keeling, Scripps Institution of Oceanography, Carbon Dioxide Measurements (https://scrippsco2.ucsd.edu/).",ECCA,Atmospheric Carbon Dioxide Concentrations,"Environment, Climate Change, Climate and Weather, Atmospheric Carbon Dioxide Concentrations",2002M05,375.93
World,,WLD,"Monthly Atmospheric Carbon Dioxide Concentrations, Year on Year Percentage Change",Percent,"Dr. Pieter Tans, National Oceanic and Atmospheric Administration (NOAA). Global Monitoring Laboratory, Trends in Atmospheric Carbon Dioxide Data (https://gml.noaa.gov/ccgg/trends/) and Dr. Ralph Keeling, Scripps Institution of Oceanography, Carbon Dioxide Measurements (https://scrippsco2.ucsd.edu/).",ECCA,Atmospheric Carbon Dioxide Concentrations,"Environment, Climate Change, Climate and Weather, Atmospheric Carbon Dioxide Concentrations",2002M05,0.51
World,,WLD,Monthly Atmospheric Carbon Dioxide Concentrations,Parts Per Million,"Dr. Pieter Tans, National Oceanic and Atmospheric Administration (NOAA). Global Monitoring Laboratory, Trends in Atmospheric Carbon Dioxide Data (https://gml.noaa.gov/ccgg/trends/) and Dr. Ralph Keeling, Scripps Institution of Oceanography, Carbon Dioxide Measurements (https://scrippsco2.ucsd.edu/).",ECCA,Atmospheric Carbon Dioxide Concentrations,"Environment, Climate Change, Climate and Weather, Atmospheric Carbon Dioxide Concentrations",2002M06,375.69
World,,WLD,"Monthly Atmospheric Carbon Dioxide Concentrations, Year on Year Percentage Change",Percent,"Dr. Pieter Tans, National Oceanic and Atmospheric Administration (NOAA). Global Monitoring Laboratory, Trends in Atmospheric Carbon Dioxide Data (https://gml.noaa.gov/ccgg/trends/) and Dr. Ralph Keeling, Scripps Institution of Oceanography, Carbon Dioxide Measurements (https://scrippsco2.ucsd.edu/).",ECCA,Atmospheric Carbon Dioxide Concentrations,"Environment, Climate Change, Climate and Weather, Atmospheric Carbon Dioxide Concentrations",2002M06,0.61
World,,WLD,Monthly Atmospheric Carbon Dioxide Concentrations,Parts Per Million,"Dr. Pieter Tans, National Oceanic and Atmospheric Administration (NOAA). Global Monitoring Laboratory, Trends in Atmospheric Carbon Dioxide Data (https://gml.noaa.gov/ccgg/trends/) and Dr. Ralph Keeling, Scripps Institution of Oceanography, Carbon Dioxide Measurements (https://scrippsco2.ucsd.edu/).",ECCA,Atmospheric Carbon Dioxide Concentrations,"Environment, Climate Change, Climate and Weather, Atmospheric Carbon Dioxide Concentrations",2002M07,374.16
World,,WLD,"Monthly Atmospheric Carbon Dioxide Concentrations, Year on Year Percentage Change",Percent,"Dr. Pieter Tans, National Oceanic and Atmospheric Administration (NOAA). Global Monitoring Laboratory, Trends in Atmospheric Carbon Dioxide Data (https://gml.noaa.gov/ccgg/trends/) and Dr. Ralph Keeling, Scripps Institution of Oceanography, Carbon Dioxide Measurements (https://scrippsco2.ucsd.edu/).",ECCA,Atmospheric Carbon Dioxide Concentrations,"Environment, Climate Change, Climate and Weather, Atmospheric Carbon Dioxide Concentrations",2002M07,0.67
World,,WLD,Monthly Atmospheric Carbon Dioxide Concentrations,Parts Per Million,"Dr. Pieter Tans, National Oceanic and Atmospheric Administration (NOAA). Global Monitoring Laboratory, Trends in Atmospheric Carbon Dioxide Data (https://gml.noaa.gov/ccgg/trends/) and Dr. Ralph Keeling, Scripps Institution of Oceanography, Carbon Dioxide Measurements (https://scrippsco2.ucsd.edu/).",ECCA,Atmospheric Carbon Dioxide Concentrations,"Environment, Climate Change, Climate and Weather, Atmospheric Carbon Dioxide Concentrations",2002M08,372.03
World,,WLD,"Monthly Atmospheric Carbon Dioxide Concentrations, Year on Year Percentage Change",Percent,"Dr. Pieter Tans, National Oceanic and Atmospheric Administration (NOAA). Global Monitoring Laboratory, Trends in Atmospheric Carbon Dioxide Data (https://gml.noaa.gov/ccgg/trends/) and Dr. Ralph Keeling, Scripps Institution of Oceanography, Carbon Dioxide Measurements (https://scrippsco2.ucsd.edu/).",ECCA,Atmospheric Carbon Dioxide Concentrations,"Environment, Climate Change, Climate and Weather, Atmospheric Carbon Dioxide Concentrations",2002M08,0.61
World,,WLD,Monthly Atmospheric Carbon Dioxide Concentrations,Parts Per Million,"Dr. Pieter Tans, National Oceanic and Atmospheric Administration (NOAA). Global Monitoring Laboratory, Trends in Atmospheric Carbon Dioxide Data (https://gml.noaa.gov/ccgg/trends/) and Dr. Ralph Keeling, Scripps Institution of Oceanography, Carbon Dioxide Measurements (https://scrippsco2.ucsd.edu/).",ECCA,Atmospheric Carbon Dioxide Concentrations,"Environment, Climate Change, Climate and Weather, Atmospheric Carbon Dioxide Concentrations",2002M09,370.92
World,,WLD,"Monthly Atmospheric Carbon Dioxide Concentrations, Year on Year Percentage Change",Percent,"Dr. Pieter Tans, National Oceanic and Atmospheric Administration (NOAA). Global Monitoring Laboratory, Trends in Atmospheric Carbon Dioxide Data (https://gml.noaa.gov/ccgg/trends/) and Dr. Ralph Keeling, Scripps Institution of Oceanography, Carbon Dioxide Measurements (https://scrippsco2.ucsd.edu/).",ECCA,Atmospheric Carbon Dioxide Concentrations,"Environment, Climate Change, Climate and Weather, Atmospheric Carbon Dioxide Concentrations",2002M09,0.7
World,,WLD,Monthly Atmospheric Carbon Dioxide Concentrations,Parts Per Million,"Dr. Pieter Tans, National Oceanic and Atmospheric Administration (NOAA). Global Monitoring Laboratory, Trends in Atmospheric Carbon Dioxide Data (https://gml.noaa.gov/ccgg/trends/) and Dr. Ralph Keeling, Scripps Institution of Oceanography, Carbon Dioxide Measurements (https://scrippsco2.ucsd.edu/).",ECCA,Atmospheric Carbon Dioxide Concentrations,"Environment, Climate Change, Climate and Weather, Atmospheric Carbon Dioxide Concentrations",2002M10,370.73
World,,WLD,"Monthly Atmospheric Carbon Dioxide Concentrations, Year on Year Percentage Change",Percent,"Dr. Pieter Tans, National Oceanic and Atmospheric Administration (NOAA). Global Monitoring Laboratory, Trends in Atmospheric Carbon Dioxide Data (https://gml.noaa.gov/ccgg/trends/) and Dr. Ralph Keeling, Scripps Institution of Oceanography, Carbon Dioxide Measurements (https://scrippsco2.ucsd.edu/).",ECCA,Atmospheric Carbon Dioxide Concentrations,"Environment, Climate Change, Climate and Weather, Atmospheric Carbon Dioxide Concentrations",2002M10,0.58
World,,WLD,Monthly Atmospheric Carbon Dioxide Concentrations,Parts Per Million,"Dr. Pieter Tans, National Oceanic and Atmospheric Administration (NOAA). Global Monitoring Laboratory, Trends in Atmospheric Carbon Dioxide Data (https://gml.noaa.gov/ccgg/trends/) and Dr. Ralph Keeling, Scripps Institution of Oceanography, Carbon Dioxide Measurements (https://scrippsco2.ucsd.edu/).",ECCA,Atmospheric Carbon Dioxide Concentrations,"Environment, Climate Change, Climate and Weather, Atmospheric Carbon Dioxide Concentrations",2002M11,372.43
World,,WLD,"Monthly Atmospheric Carbon Dioxide Concentrations, Year on Year Percentage Change",Percent,"Dr. Pieter Tans, National Oceanic and Atmospheric Administration (NOAA). Global Monitoring Laboratory, Trends in Atmospheric Carbon Dioxide Data (https://gml.noaa.gov/ccgg/trends/) and Dr. Ralph Keeling, Scripps Institution of Oceanography, Carbon Dioxide Measurements (https://scrippsco2.ucsd.edu/).",ECCA,Atmospheric Carbon Dioxide Concentrations,"Environment, Climate Change, Climate and Weather, Atmospheric Carbon Dioxide Concentrations",2002M11,0.67
World,,WLD,Monthly Atmospheric Carbon Dioxide Concentrations,Parts Per Million,"Dr. Pieter Tans, National Oceanic and Atmospheric Administration (NOAA). Global Monitoring Laboratory, Trends in Atmospheric Carbon Dioxide Data (https://gml.noaa.gov/ccgg/trends/) and Dr. Ralph Keeling, Scripps Institution of Oceanography, Carbon Dioxide Measurements (https://scrippsco2.ucsd.edu/).",ECCA,Atmospheric Carbon Dioxide Concentrations,"Environment, Climate Change, Climate and Weather, Atmospheric Carbon Dioxide Concentrations",2002M12,373.98
World,,WLD,"Monthly Atmospheric Carbon Dioxide Concentrations, Year on Year Percentage Change",Percent,"Dr. Pieter Tans, National Oceanic and Atmospheric Administration (NOAA). Global Monitoring Laboratory, Trends in Atmospheric Carbon Dioxide Data (https://gml.noaa.gov/ccgg/trends/) and Dr. Ralph Keeling, Scripps Institution of Oceanography, Carbon Dioxide Measurements (https://scrippsco2.ucsd.edu/).",ECCA,Atmospheric Carbon Dioxide Concentrations,"Environment, Climate Change, Climate and Weather, Atmospheric Carbon Dioxide Concentrations",2002M12,0.69
World,,WLD,Monthly Atmospheric Carbon Dioxide Concentrations,Parts Per Million,"Dr. Pieter Tans, National Oceanic and Atmospheric Administration (NOAA). Global Monitoring Laboratory, Trends in Atmospheric Carbon Dioxide Data (https://gml.noaa.gov/ccgg/trends/) and Dr. Ralph Keeling, Scripps Institution of Oceanography, Carbon Dioxide Measurements (https://scrippsco2.ucsd.edu/).",ECCA,Atmospheric Carbon Dioxide Concentrations,"Environment, Climate Change, Climate and Weather, Atmospheric Carbon Dioxide Concentrations",2003M01,375.07
World,,WLD,"Monthly Atmospheric Carbon Dioxide Concentrations, Year on Year Percentage Change",Percent,"Dr. Pieter Tans, National Oceanic and Atmospheric Administration (NOAA). Global Monitoring Laboratory, Trends in Atmospheric Carbon Dioxide Data (https://gml.noaa.gov/ccgg/trends/) and Dr. Ralph Keeling, Scripps Institution of Oceanography, Carbon Dioxide Measurements (https://scrippsco2.ucsd.edu/).",ECCA,Atmospheric Carbon Dioxide Concentrations,"Environment, Climate Change, Climate and Weather, Atmospheric Carbon Dioxide Concentrations",2003M01,0.64
World,,WLD,Monthly Atmospheric Carbon Dioxide Concentrations,Parts Per Million,"Dr. Pieter Tans, National Oceanic and Atmospheric Administration (NOAA). Global Monitoring Laboratory, Trends in Atmospheric Carbon Dioxide Data (https://gml.noaa.gov/ccgg/trends/) and Dr. Ralph Keeling, Scripps Institution of Oceanography, Carbon Dioxide Measurements (https://scrippsco2.ucsd.edu/).",ECCA,Atmospheric Carbon Dioxide Concentrations,"Environment, Climate Change, Climate and Weather, Atmospheric Carbon Dioxide Concentrations",2003M02,375.82
World,,WLD,"Monthly Atmospheric Carbon Dioxide Concentrations, Year on Year Percentage Change",Percent,"Dr. Pieter Tans, National Oceanic and Atmospheric Administration (NOAA). Global Monitoring Laboratory, Trends in Atmospheric Carbon Dioxide Data (https://gml.noaa.gov/ccgg/trends/) and Dr. Ralph Keeling, Scripps Institution of Oceanography, Carbon Dioxide Measurements (https://scrippsco2.ucsd.edu/).",ECCA,Atmospheric Carbon Dioxide Concentrations,"Environment, Climate Change, Climate and Weather, Atmospheric Carbon Dioxide Concentrations",2003M02,0.66
World,,WLD,Monthly Atmospheric Carbon Dioxide Concentrations,Parts Per Million,"Dr. Pieter Tans, National Oceanic and Atmospheric Administration (NOAA). Global Monitoring Laboratory, Trends in Atmospheric Carbon Dioxide Data (https://gml.noaa.gov/ccgg/trends/) and Dr. Ralph Keeling, Scripps Institution of Oceanography, Carbon Dioxide Measurements (https://scrippsco2.ucsd.edu/).",ECCA,Atmospheric Carbon Dioxide Concentrations,"Environment, Climate Change, Climate and Weather, Atmospheric Carbon Dioxide Concentrations",2003M03,376.64
World,,WLD,"Monthly Atmospheric Carbon Dioxide Concentrations, Year on Year Percentage Change",Percent,"Dr. Pieter Tans, National Oceanic and Atmospheric Administration (NOAA). Global Monitoring Laboratory, Trends in Atmospheric Carbon Dioxide Data (https://gml.noaa.gov/ccgg/trends/) and Dr. Ralph Keeling, Scripps Institution of Oceanography, Carbon Dioxide Measurements (https://scrippsco2.ucsd.edu/).",ECCA,Atmospheric Carbon Dioxide Concentrations,"Environment, Climate Change, Climate and Weather, Atmospheric Carbon Dioxide Concentrations",2003M03,0.63
World,,WLD,Monthly Atmospheric Carbon Dioxide Concentrations,Parts Per Million,"Dr. Pieter Tans, National Oceanic and Atmospheric Administration (NOAA). Global Monitoring Laboratory, Trends in Atmospheric Carbon Dioxide Data (https://gml.noaa.gov/ccgg/trends/) and Dr. Ralph Keeling, Scripps Institution of Oceanography, Carbon Dioxide Measurements (https://scrippsco2.ucsd.edu/).",ECCA,Atmospheric Carbon Dioxide Concentrations,"Environment, Climate Change, Climate and Weather, Atmospheric Carbon Dioxide Concentrations",2003M04,377.92
World,,WLD,"Monthly Atmospheric Carbon Dioxide Concentrations, Year on Year Percentage Change",Percent,"Dr. Pieter Tans, National Oceanic and Atmospheric Administration (NOAA). Global Monitoring Laboratory, Trends in Atmospheric Carbon Dioxide Data (https://gml.noaa.gov/ccgg/trends/) and Dr. Ralph Keeling, Scripps Institution of Oceanography, Carbon Dioxide Measurements (https://scrippsco2.ucsd.edu/).",ECCA,Atmospheric Carbon Dioxide Concentrations,"Environment, Climate Change, Climate and Weather, Atmospheric Carbon Dioxide Concentrations",2003M04,0.73
World,,WLD,Monthly Atmospheric Carbon Dioxide Concentrations,Parts Per Million,"Dr. Pieter Tans, National Oceanic and Atmospheric Administration (NOAA). Global Monitoring Laboratory, Trends in Atmospheric Carbon Dioxide Data (https://gml.noaa.gov/ccgg/trends/) and Dr. Ralph Keeling, Scripps Institution of Oceanography, Carbon Dioxide Measurements (https://scrippsco2.ucsd.edu/).",ECCA,Atmospheric Carbon Dioxide Concentrations,"Environment, Climate Change, Climate and Weather, Atmospheric Carbon Dioxide Concentrations",2003M05,378.78
World,,WLD,"Monthly Atmospheric Carbon Dioxide Concentrations, Year on Year Percentage Change",Percent,"Dr. Pieter Tans, National Oceanic and Atmospheric Administration (NOAA). Global Monitoring Laboratory, Trends in Atmospheric Carbon Dioxide Data (https://gml.noaa.gov/ccgg/trends/) and Dr. Ralph Keeling, Scripps Institution of Oceanography, Carbon Dioxide Measurements (https://scrippsco2.ucsd.edu/).",ECCA,Atmospheric Carbon Dioxide Concentrations,"Environment, Climate Change, Climate and Weather, Atmospheric Carbon Dioxide Concentrations",2003M05,0.76
World,,WLD,Monthly Atmospheric Carbon Dioxide Concentrations,Parts Per Million,"Dr. Pieter Tans, National Oceanic and Atmospheric Administration (NOAA). Global Monitoring Laboratory, Trends in Atmospheric Carbon Dioxide Data (https://gml.noaa.gov/ccgg/trends/) and Dr. Ralph Keeling, Scripps Institution of Oceanography, Carbon Dioxide Measurements (https://scrippsco2.ucsd.edu/).",ECCA,Atmospheric Carbon Dioxide Concentrations,"Environment, Climate Change, Climate and Weather, Atmospheric Carbon Dioxide Concentrations",2003M06,378.46
World,,WLD,"Monthly Atmospheric Carbon Dioxide Concentrations, Year on Year Percentage Change",Percent,"Dr. Pieter Tans, National Oceanic and Atmospheric Administration (NOAA). Global Monitoring Laboratory, Trends in Atmospheric Carbon Dioxide Data (https://gml.noaa.gov/ccgg/trends/) and Dr. Ralph Keeling, Scripps Institution of Oceanography, Carbon Dioxide Measurements (https://scrippsco2.ucsd.edu/).",ECCA,Atmospheric Carbon Dioxide Concentrations,"Environment, Climate Change, Climate and Weather, Atmospheric Carbon Dioxide Concentrations",2003M06,0.74
World,,WLD,Monthly Atmospheric Carbon Dioxide Concentrations,Parts Per Million,"Dr. Pieter Tans, National Oceanic and Atmospheric Administration (NOAA). Global Monitoring Laboratory, Trends in Atmospheric Carbon Dioxide Data (https://gml.noaa.gov/ccgg/trends/) and Dr. Ralph Keeling, Scripps Institution of Oceanography, Carbon Dioxide Measurements (https://scrippsco2.ucsd.edu/).",ECCA,Atmospheric Carbon Dioxide Concentrations,"Environment, Climate Change, Climate and Weather, Atmospheric Carbon Dioxide Concentrations",2003M07,376.88
World,,WLD,"Monthly Atmospheric Carbon Dioxide Concentrations, Year on Year Percentage Change",Percent,"Dr. Pieter Tans, National Oceanic and Atmospheric Administration (NOAA). Global Monitoring Laboratory, Trends in Atmospheric Carbon Dioxide Data (https://gml.noaa.gov/ccgg/trends/) and Dr. Ralph Keeling, Scripps Institution of Oceanography, Carbon Dioxide Measurements (https://scrippsco2.ucsd.edu/).",ECCA,Atmospheric Carbon Dioxide Concentrations,"Environment, Climate Change, Climate and Weather, Atmospheric Carbon Dioxide Concentrations",2003M07,0.73
World,,WLD,Monthly Atmospheric Carbon Dioxide Concentrations,Parts Per Million,"Dr. Pieter Tans, National Oceanic and Atmospheric Administration (NOAA). Global Monitoring Laboratory, Trends in Atmospheric Carbon Dioxide Data (https://gml.noaa.gov/ccgg/trends/) and Dr. Ralph Keeling, Scripps Institution of Oceanography, Carbon Dioxide Measurements (https://scrippsco2.ucsd.edu/).",ECCA,Atmospheric Carbon Dioxide Concentrations,"Environment, Climate Change, Climate and Weather, Atmospheric Carbon Dioxide Concentrations",2003M08,374.57
World,,WLD,"Monthly Atmospheric Carbon Dioxide Concentrations, Year on Year Percentage Change",Percent,"Dr. Pieter Tans, National Oceanic and Atmospheric Administration (NOAA). Global Monitoring Laboratory, Trends in Atmospheric Carbon Dioxide Data (https://gml.noaa.gov/ccgg/trends/) and Dr. Ralph Keeling, Scripps Institution of Oceanography, Carbon Dioxide Measurements (https://scrippsco2.ucsd.edu/).",ECCA,Atmospheric Carbon Dioxide Concentrations,"Environment, Climate Change, Climate and Weather, Atmospheric Carbon Dioxide Concentrations",2003M08,0.68
World,,WLD,Monthly Atmospheric Carbon Dioxide Concentrations,Parts Per Million,"Dr. Pieter Tans, National Oceanic and Atmospheric Administration (NOAA). Global Monitoring Laboratory, Trends in Atmospheric Carbon Dioxide Data (https://gml.noaa.gov/ccgg/trends/) and Dr. Ralph Keeling, Scripps Institution of Oceanography, Carbon Dioxide Measurements (https://scrippsco2.ucsd.edu/).",ECCA,Atmospheric Carbon Dioxide Concentrations,"Environment, Climate Change, Climate and Weather, Atmospheric Carbon Dioxide Concentrations",2003M09,373.34
World,,WLD,"Monthly Atmospheric Carbon Dioxide Concentrations, Year on Year Percentage Change",Percent,"Dr. Pieter Tans, National Oceanic and Atmospheric Administration (NOAA). Global Monitoring Laboratory, Trends in Atmospheric Carbon Dioxide Data (https://gml.noaa.gov/ccgg/trends/) and Dr. Ralph Keeling, Scripps Institution of Oceanography, Carbon Dioxide Measurements (https://scrippsco2.ucsd.edu/).",ECCA,Atmospheric Carbon Dioxide Concentrations,"Environment, Climate Change, Climate and Weather, Atmospheric Carbon Dioxide Concentrations",2003M09,0.65
World,,WLD,Monthly Atmospheric Carbon Dioxide Concentrations,Parts Per Million,"Dr. Pieter Tans, National Oceanic and Atmospheric Administration (NOAA). Global Monitoring Laboratory, Trends in Atmospheric Carbon Dioxide Data (https://gml.noaa.gov/ccgg/trends/) and Dr. Ralph Keeling, Scripps Institution of Oceanography, Carbon Dioxide Measurements (https://scrippsco2.ucsd.edu/).",ECCA,Atmospheric Carbon Dioxide Concentrations,"Environment, Climate Change, Climate and Weather, Atmospheric Carbon Dioxide Concentrations",2003M10,373.31
World,,WLD,"Monthly Atmospheric Carbon Dioxide Concentrations, Year on Year Percentage Change",Percent,"Dr. Pieter Tans, National Oceanic and Atmospheric Administration (NOAA). Global Monitoring Laboratory, Trends in Atmospheric Carbon Dioxide Data (https://gml.noaa.gov/ccgg/trends/) and Dr. Ralph Keeling, Scripps Institution of Oceanography, Carbon Dioxide Measurements (https://scrippsco2.ucsd.edu/).",ECCA,Atmospheric Carbon Dioxide Concentrations,"Environment, Climate Change, Climate and Weather, Atmospheric Carbon Dioxide Concentrations",2003M10,0.7
World,,WLD,Monthly Atmospheric Carbon Dioxide Concentrations,Parts Per Million,"Dr. Pieter Tans, National Oceanic and Atmospheric Administration (NOAA). Global Monitoring Laboratory, Trends in Atmospheric Carbon Dioxide Data (https://gml.noaa.gov/ccgg/trends/) and Dr. Ralph Keeling, Scripps Institution of Oceanography, Carbon Dioxide Measurements (https://scrippsco2.ucsd.edu/).",ECCA,Atmospheric Carbon Dioxide Concentrations,"Environment, Climate Change, Climate and Weather, Atmospheric Carbon Dioxide Concentrations",2003M11,374.84
World,,WLD,"Monthly Atmospheric Carbon Dioxide Concentrations, Year on Year Percentage Change",Percent,"Dr. Pieter Tans, National Oceanic and Atmospheric Administration (NOAA). Global Monitoring Laboratory, Trends in Atmospheric Carbon Dioxide Data (https://gml.noaa.gov/ccgg/trends/) and Dr. Ralph Keeling, Scripps Institution of Oceanography, Carbon Dioxide Measurements (https://scrippsco2.ucsd.edu/).",ECCA,Atmospheric Carbon Dioxide Concentrations,"Environment, Climate Change, Climate and Weather, Atmospheric Carbon Dioxide Concentrations",2003M11,0.65
World,,WLD,Monthly Atmospheric Carbon Dioxide Concentrations,Parts Per Million,"Dr. Pieter Tans, National Oceanic and Atmospheric Administration (NOAA). Global Monitoring Laboratory, Trends in Atmospheric Carbon Dioxide Data (https://gml.noaa.gov/ccgg/trends/) and Dr. Ralph Keeling, Scripps Institution of Oceanography, Carbon Dioxide Measurements (https://scrippsco2.ucsd.edu/).",ECCA,Atmospheric Carbon Dioxide Concentrations,"Environment, Climate Change, Climate and Weather, Atmospheric Carbon Dioxide Concentrations",2003M12,376.17
World,,WLD,"Monthly Atmospheric Carbon Dioxide Concentrations, Year on Year Percentage Change",Percent,"Dr. Pieter Tans, National Oceanic and Atmospheric Administration (NOAA). Global Monitoring Laboratory, Trends in Atmospheric Carbon Dioxide Data (https://gml.noaa.gov/ccgg/trends/) and Dr. Ralph Keeling, Scripps Institution of Oceanography, Carbon Dioxide Measurements (https://scrippsco2.ucsd.edu/).",ECCA,Atmospheric Carbon Dioxide Concentrations,"Environment, Climate Change, Climate and Weather, Atmospheric Carbon Dioxide Concentrations",2003M12,0.59
World,,WLD,Monthly Atmospheric Carbon Dioxide Concentrations,Parts Per Million,"Dr. Pieter Tans, National Oceanic and Atmospheric Administration (NOAA). Global Monitoring Laboratory, Trends in Atmospheric Carbon Dioxide Data (https://gml.noaa.gov/ccgg/trends/) and Dr. Ralph Keeling, Scripps Institution of Oceanography, Carbon Dioxide Measurements (https://scrippsco2.ucsd.edu/).",ECCA,Atmospheric Carbon Dioxide Concentrations,"Environment, Climate Change, Climate and Weather, Atmospheric Carbon Dioxide Concentrations",2004M01,377.17
World,,WLD,"Monthly Atmospheric Carbon Dioxide Concentrations, Year on Year Percentage Change",Percent,"Dr. Pieter Tans, National Oceanic and Atmospheric Administration (NOAA). Global Monitoring Laboratory, Trends in Atmospheric Carbon Dioxide Data (https://gml.noaa.gov/ccgg/trends/) and Dr. Ralph Keeling, Scripps Institution of Oceanography, Carbon Dioxide Measurements (https://scrippsco2.ucsd.edu/).",ECCA,Atmospheric Carbon Dioxide Concentrations,"Environment, Climate Change, Climate and Weather, Atmospheric Carbon Dioxide Concentrations",2004M01,0.56
World,,WLD,Monthly Atmospheric Carbon Dioxide Concentrations,Parts Per Million,"Dr. Pieter Tans, National Oceanic and Atmospheric Administration (NOAA). Global Monitoring Laboratory, Trends in Atmospheric Carbon Dioxide Data (https://gml.noaa.gov/ccgg/trends/) and Dr. Ralph Keeling, Scripps Institution of Oceanography, Carbon Dioxide Measurements (https://scrippsco2.ucsd.edu/).",ECCA,Atmospheric Carbon Dioxide Concentrations,"Environment, Climate Change, Climate and Weather, Atmospheric Carbon Dioxide Concentrations",2004M02,378.05
World,,WLD,"Monthly Atmospheric Carbon Dioxide Concentrations, Year on Year Percentage Change",Percent,"Dr. Pieter Tans, National Oceanic and Atmospheric Administration (NOAA). Global Monitoring Laboratory, Trends in Atmospheric Carbon Dioxide Data (https://gml.noaa.gov/ccgg/trends/) and Dr. Ralph Keeling, Scripps Institution of Oceanography, Carbon Dioxide Measurements (https://scrippsco2.ucsd.edu/).",ECCA,Atmospheric Carbon Dioxide Concentrations,"Environment, Climate Change, Climate and Weather, Atmospheric Carbon Dioxide Concentrations",2004M02,0.59
World,,WLD,Monthly Atmospheric Carbon Dioxide Concentrations,Parts Per Million,"Dr. Pieter Tans, National Oceanic and Atmospheric Administration (NOAA). Global Monitoring Laboratory, Trends in Atmospheric Carbon Dioxide Data (https://gml.noaa.gov/ccgg/trends/) and Dr. Ralph Keeling, Scripps Institution of Oceanography, Carbon Dioxide Measurements (https://scrippsco2.ucsd.edu/).",ECCA,Atmospheric Carbon Dioxide Concentrations,"Environment, Climate Change, Climate and Weather, Atmospheric Carbon Dioxide Concentrations",2004M03,379.06
World,,WLD,"Monthly Atmospheric Carbon Dioxide Concentrations, Year on Year Percentage Change",Percent,"Dr. Pieter Tans, National Oceanic and Atmospheric Administration (NOAA). Global Monitoring Laboratory, Trends in Atmospheric Carbon Dioxide Data (https://gml.noaa.gov/ccgg/trends/) and Dr. Ralph Keeling, Scripps Institution of Oceanography, Carbon Dioxide Measurements (https://scrippsco2.ucsd.edu/).",ECCA,Atmospheric Carbon Dioxide Concentrations,"Environment, Climate Change, Climate and Weather, Atmospheric Carbon Dioxide Concentrations",2004M03,0.64
World,,WLD,Monthly Atmospheric Carbon Dioxide Concentrations,Parts Per Million,"Dr. Pieter Tans, National Oceanic and Atmospheric Administration (NOAA). Global Monitoring Laboratory, Trends in Atmospheric Carbon Dioxide Data (https://gml.noaa.gov/ccgg/trends/) and Dr. Ralph Keeling, Scripps Institution of Oceanography, Carbon Dioxide Measurements (https://scrippsco2.ucsd.edu/).",ECCA,Atmospheric Carbon Dioxide Concentrations,"Environment, Climate Change, Climate and Weather, Atmospheric Carbon Dioxide Concentrations",2004M04,380.54
World,,WLD,"Monthly Atmospheric Carbon Dioxide Concentrations, Year on Year Percentage Change",Percent,"Dr. Pieter Tans, National Oceanic and Atmospheric Administration (NOAA). Global Monitoring Laboratory, Trends in Atmospheric Carbon Dioxide Data (https://gml.noaa.gov/ccgg/trends/) and Dr. Ralph Keeling, Scripps Institution of Oceanography, Carbon Dioxide Measurements (https://scrippsco2.ucsd.edu/).",ECCA,Atmospheric Carbon Dioxide Concentrations,"Environment, Climate Change, Climate and Weather, Atmospheric Carbon Dioxide Concentrations",2004M04,0.69
World,,WLD,Monthly Atmospheric Carbon Dioxide Concentrations,Parts Per Million,"Dr. Pieter Tans, National Oceanic and Atmospheric Administration (NOAA). Global Monitoring Laboratory, Trends in Atmospheric Carbon Dioxide Data (https://gml.noaa.gov/ccgg/trends/) and Dr. Ralph Keeling, Scripps Institution of Oceanography, Carbon Dioxide Measurements (https://scrippsco2.ucsd.edu/).",ECCA,Atmospheric Carbon Dioxide Concentrations,"Environment, Climate Change, Climate and Weather, Atmospheric Carbon Dioxide Concentrations",2004M05,380.8
World,,WLD,"Monthly Atmospheric Carbon Dioxide Concentrations, Year on Year Percentage Change",Percent,"Dr. Pieter Tans, National Oceanic and Atmospheric Administration (NOAA). Global Monitoring Laboratory, Trends in Atmospheric Carbon Dioxide Data (https://gml.noaa.gov/ccgg/trends/) and Dr. Ralph Keeling, Scripps Institution of Oceanography, Carbon Dioxide Measurements (https://scrippsco2.ucsd.edu/).",ECCA,Atmospheric Carbon Dioxide Concentrations,"Environment, Climate Change, Climate and Weather, Atmospheric Carbon Dioxide Concentrations",2004M05,0.53
World,,WLD,Monthly Atmospheric Carbon Dioxide Concentrations,Parts Per Million,"Dr. Pieter Tans, National Oceanic and Atmospheric Administration (NOAA). Global Monitoring Laboratory, Trends in Atmospheric Carbon Dioxide Data (https://gml.noaa.gov/ccgg/trends/) and Dr. Ralph Keeling, Scripps Institution of Oceanography, Carbon Dioxide Measurements (https://scrippsco2.ucsd.edu/).",ECCA,Atmospheric Carbon Dioxide Concentrations,"Environment, Climate Change, Climate and Weather, Atmospheric Carbon Dioxide Concentrations",2004M06,379.87
World,,WLD,"Monthly Atmospheric Carbon Dioxide Concentrations, Year on Year Percentage Change",Percent,"Dr. Pieter Tans, National Oceanic and Atmospheric Administration (NOAA). Global Monitoring Laboratory, Trends in Atmospheric Carbon Dioxide Data (https://gml.noaa.gov/ccgg/trends/) and Dr. Ralph Keeling, Scripps Institution of Oceanography, Carbon Dioxide Measurements (https://scrippsco2.ucsd.edu/).",ECCA,Atmospheric Carbon Dioxide Concentrations,"Environment, Climate Change, Climate and Weather, Atmospheric Carbon Dioxide Concentrations",2004M06,0.37
World,,WLD,Monthly Atmospheric Carbon Dioxide Concentrations,Parts Per Million,"Dr. Pieter Tans, National Oceanic and Atmospheric Administration (NOAA). Global Monitoring Laboratory, Trends in Atmospheric Carbon Dioxide Data (https://gml.noaa.gov/ccgg/trends/) and Dr. Ralph Keeling, Scripps Institution of Oceanography, Carbon Dioxide Measurements (https://scrippsco2.ucsd.edu/).",ECCA,Atmospheric Carbon Dioxide Concentrations,"Environment, Climate Change, Climate and Weather, Atmospheric Carbon Dioxide Concentrations",2004M07,377.65
World,,WLD,"Monthly Atmospheric Carbon Dioxide Concentrations, Year on Year Percentage Change",Percent,"Dr. Pieter Tans, National Oceanic and Atmospheric Administration (NOAA). Global Monitoring Laboratory, Trends in Atmospheric Carbon Dioxide Data (https://gml.noaa.gov/ccgg/trends/) and Dr. Ralph Keeling, Scripps Institution of Oceanography, Carbon Dioxide Measurements (https://scrippsco2.ucsd.edu/).",ECCA,Atmospheric Carbon Dioxide Concentrations,"Environment, Climate Change, Climate and Weather, Atmospheric Carbon Dioxide Concentrations",2004M07,0.2
World,,WLD,Monthly Atmospheric Carbon Dioxide Concentrations,Parts Per Million,"Dr. Pieter Tans, National Oceanic and Atmospheric Administration (NOAA). Global Monitoring Laboratory, Trends in Atmospheric Carbon Dioxide Data (https://gml.noaa.gov/ccgg/trends/) and Dr. Ralph Keeling, Scripps Institution of Oceanography, Carbon Dioxide Measurements (https://scrippsco2.ucsd.edu/).",ECCA,Atmospheric Carbon Dioxide Concentrations,"Environment, Climate Change, Climate and Weather, Atmospheric Carbon Dioxide Concentrations",2004M08,376.17
World,,WLD,"Monthly Atmospheric Carbon Dioxide Concentrations, Year on Year Percentage Change",Percent,"Dr. Pieter Tans, National Oceanic and Atmospheric Administration (NOAA). Global Monitoring Laboratory, Trends in Atmospheric Carbon Dioxide Data (https://gml.noaa.gov/ccgg/trends/) and Dr. Ralph Keeling, Scripps Institution of Oceanography, Carbon Dioxide Measurements (https://scrippsco2.ucsd.edu/).",ECCA,Atmospheric Carbon Dioxide Concentrations,"Environment, Climate Change, Climate and Weather, Atmospheric Carbon Dioxide Concentrations",2004M08,0.43
World,,WLD,Monthly Atmospheric Carbon Dioxide Concentrations,Parts Per Million,"Dr. Pieter Tans, National Oceanic and Atmospheric Administration (NOAA). Global Monitoring Laboratory, Trends in Atmospheric Carbon Dioxide Data (https://gml.noaa.gov/ccgg/trends/) and Dr. Ralph Keeling, Scripps Institution of Oceanography, Carbon Dioxide Measurements (https://scrippsco2.ucsd.edu/).",ECCA,Atmospheric Carbon Dioxide Concentrations,"Environment, Climate Change, Climate and Weather, Atmospheric Carbon Dioxide Concentrations",2004M09,374.43
World,,WLD,"Monthly Atmospheric Carbon Dioxide Concentrations, Year on Year Percentage Change",Percent,"Dr. Pieter Tans, National Oceanic and Atmospheric Administration (NOAA). Global Monitoring Laboratory, Trends in Atmospheric Carbon Dioxide Data (https://gml.noaa.gov/ccgg/trends/) and Dr. Ralph Keeling, Scripps Institution of Oceanography, Carbon Dioxide Measurements (https://scrippsco2.ucsd.edu/).",ECCA,Atmospheric Carbon Dioxide Concentrations,"Environment, Climate Change, Climate and Weather, Atmospheric Carbon Dioxide Concentrations",2004M09,0.29
World,,WLD,Monthly Atmospheric Carbon Dioxide Concentrations,Parts Per Million,"Dr. Pieter Tans, National Oceanic and Atmospheric Administration (NOAA). Global Monitoring Laboratory, Trends in Atmospheric Carbon Dioxide Data (https://gml.noaa.gov/ccgg/trends/) and Dr. Ralph Keeling, Scripps Institution of Oceanography, Carbon Dioxide Measurements (https://scrippsco2.ucsd.edu/).",ECCA,Atmospheric Carbon Dioxide Concentrations,"Environment, Climate Change, Climate and Weather, Atmospheric Carbon Dioxide Concentrations",2004M10,374.63
World,,WLD,"Monthly Atmospheric Carbon Dioxide Concentrations, Year on Year Percentage Change",Percent,"Dr. Pieter Tans, National Oceanic and Atmospheric Administration (NOAA). Global Monitoring Laboratory, Trends in Atmospheric Carbon Dioxide Data (https://gml.noaa.gov/ccgg/trends/) and Dr. Ralph Keeling, Scripps Institution of Oceanography, Carbon Dioxide Measurements (https://scrippsco2.ucsd.edu/).",ECCA,Atmospheric Carbon Dioxide Concentrations,"Environment, Climate Change, Climate and Weather, Atmospheric Carbon Dioxide Concentrations",2004M10,0.35
World,,WLD,Monthly Atmospheric Carbon Dioxide Concentrations,Parts Per Million,"Dr. Pieter Tans, National Oceanic and Atmospheric Administration (NOAA). Global Monitoring Laboratory, Trends in Atmospheric Carbon Dioxide Data (https://gml.noaa.gov/ccgg/trends/) and Dr. Ralph Keeling, Scripps Institution of Oceanography, Carbon Dioxide Measurements (https://scrippsco2.ucsd.edu/).",ECCA,Atmospheric Carbon Dioxide Concentrations,"Environment, Climate Change, Climate and Weather, Atmospheric Carbon Dioxide Concentrations",2004M11,376.33
World,,WLD,"Monthly Atmospheric Carbon Dioxide Concentrations, Year on Year Percentage Change",Percent,"Dr. Pieter Tans, National Oceanic and Atmospheric Administration (NOAA). Global Monitoring Laboratory, Trends in Atmospheric Carbon Dioxide Data (https://gml.noaa.gov/ccgg/trends/) and Dr. Ralph Keeling, Scripps Institution of Oceanography, Carbon Dioxide Measurements (https://scrippsco2.ucsd.edu/).",ECCA,Atmospheric Carbon Dioxide Concentrations,"Environment, Climate Change, Climate and Weather, Atmospheric Carbon Dioxide Concentrations",2004M11,0.4
World,,WLD,Monthly Atmospheric Carbon Dioxide Concentrations,Parts Per Million,"Dr. Pieter Tans, National Oceanic and Atmospheric Administration (NOAA). Global Monitoring Laboratory, Trends in Atmospheric Carbon Dioxide Data (https://gml.noaa.gov/ccgg/trends/) and Dr. Ralph Keeling, Scripps Institution of Oceanography, Carbon Dioxide Measurements (https://scrippsco2.ucsd.edu/).",ECCA,Atmospheric Carbon Dioxide Concentrations,"Environment, Climate Change, Climate and Weather, Atmospheric Carbon Dioxide Concentrations",2004M12,377.68
World,,WLD,"Monthly Atmospheric Carbon Dioxide Concentrations, Year on Year Percentage Change",Percent,"Dr. Pieter Tans, National Oceanic and Atmospheric Administration (NOAA). Global Monitoring Laboratory, Trends in Atmospheric Carbon Dioxide Data (https://gml.noaa.gov/ccgg/trends/) and Dr. Ralph Keeling, Scripps Institution of Oceanography, Carbon Dioxide Measurements (https://scrippsco2.ucsd.edu/).",ECCA,Atmospheric Carbon Dioxide Concentrations,"Environment, Climate Change, Climate and Weather, Atmospheric Carbon Dioxide Concentrations",2004M12,0.4
World,,WLD,Monthly Atmospheric Carbon Dioxide Concentrations,Parts Per Million,"Dr. Pieter Tans, National Oceanic and Atmospheric Administration (NOAA). Global Monitoring Laboratory, Trends in Atmospheric Carbon Dioxide Data (https://gml.noaa.gov/ccgg/trends/) and Dr. Ralph Keeling, Scripps Institution of Oceanography, Carbon Dioxide Measurements (https://scrippsco2.ucsd.edu/).",ECCA,Atmospheric Carbon Dioxide Concentrations,"Environment, Climate Change, Climate and Weather, Atmospheric Carbon Dioxide Concentrations",2005M01,378.63
World,,WLD,"Monthly Atmospheric Carbon Dioxide Concentrations, Year on Year Percentage Change",Percent,"Dr. Pieter Tans, National Oceanic and Atmospheric Administration (NOAA). Global Monitoring Laboratory, Trends in Atmospheric Carbon Dioxide Data (https://gml.noaa.gov/ccgg/trends/) and Dr. Ralph Keeling, Scripps Institution of Oceanography, Carbon Dioxide Measurements (https://scrippsco2.ucsd.edu/).",ECCA,Atmospheric Carbon Dioxide Concentrations,"Environment, Climate Change, Climate and Weather, Atmospheric Carbon Dioxide Concentrations",2005M01,0.39
World,,WLD,Monthly Atmospheric Carbon Dioxide Concentrations,Parts Per Million,"Dr. Pieter Tans, National Oceanic and Atmospheric Administration (NOAA). Global Monitoring Laboratory, Trends in Atmospheric Carbon Dioxide Data (https://gml.noaa.gov/ccgg/trends/) and Dr. Ralph Keeling, Scripps Institution of Oceanography, Carbon Dioxide Measurements (https://scrippsco2.ucsd.edu/).",ECCA,Atmospheric Carbon Dioxide Concentrations,"Environment, Climate Change, Climate and Weather, Atmospheric Carbon Dioxide Concentrations",2005M02,379.91
World,,WLD,"Monthly Atmospheric Carbon Dioxide Concentrations, Year on Year Percentage Change",Percent,"Dr. Pieter Tans, National Oceanic and Atmospheric Administration (NOAA). Global Monitoring Laboratory, Trends in Atmospheric Carbon Dioxide Data (https://gml.noaa.gov/ccgg/trends/) and Dr. Ralph Keeling, Scripps Institution of Oceanography, Carbon Dioxide Measurements (https://scrippsco2.ucsd.edu/).",ECCA,Atmospheric Carbon Dioxide Concentrations,"Environment, Climate Change, Climate and Weather, Atmospheric Carbon Dioxide Concentrations",2005M02,0.49
World,,WLD,Monthly Atmospheric Carbon Dioxide Concentrations,Parts Per Million,"Dr. Pieter Tans, National Oceanic and Atmospheric Administration (NOAA). Global Monitoring Laboratory, Trends in Atmospheric Carbon Dioxide Data (https://gml.noaa.gov/ccgg/trends/) and Dr. Ralph Keeling, Scripps Institution of Oceanography, Carbon Dioxide Measurements (https://scrippsco2.ucsd.edu/).",ECCA,Atmospheric Carbon Dioxide Concentrations,"Environment, Climate Change, Climate and Weather, Atmospheric Carbon Dioxide Concentrations",2005M03,380.95
World,,WLD,"Monthly Atmospheric Carbon Dioxide Concentrations, Year on Year Percentage Change",Percent,"Dr. Pieter Tans, National Oceanic and Atmospheric Administration (NOAA). Global Monitoring Laboratory, Trends in Atmospheric Carbon Dioxide Data (https://gml.noaa.gov/ccgg/trends/) and Dr. Ralph Keeling, Scripps Institution of Oceanography, Carbon Dioxide Measurements (https://scrippsco2.ucsd.edu/).",ECCA,Atmospheric Carbon Dioxide Concentrations,"Environment, Climate Change, Climate and Weather, Atmospheric Carbon Dioxide Concentrations",2005M03,0.5
World,,WLD,Monthly Atmospheric Carbon Dioxide Concentrations,Parts Per Million,"Dr. Pieter Tans, National Oceanic and Atmospheric Administration (NOAA). Global Monitoring Laboratory, Trends in Atmospheric Carbon Dioxide Data (https://gml.noaa.gov/ccgg/trends/) and Dr. Ralph Keeling, Scripps Institution of Oceanography, Carbon Dioxide Measurements (https://scrippsco2.ucsd.edu/).",ECCA,Atmospheric Carbon Dioxide Concentrations,"Environment, Climate Change, Climate and Weather, Atmospheric Carbon Dioxide Concentrations",2005M04,382.48
World,,WLD,"Monthly Atmospheric Carbon Dioxide Concentrations, Year on Year Percentage Change",Percent,"Dr. Pieter Tans, National Oceanic and Atmospheric Administration (NOAA). Global Monitoring Laboratory, Trends in Atmospheric Carbon Dioxide Data (https://gml.noaa.gov/ccgg/trends/) and Dr. Ralph Keeling, Scripps Institution of Oceanography, Carbon Dioxide Measurements (https://scrippsco2.ucsd.edu/).",ECCA,Atmospheric Carbon Dioxide Concentrations,"Environment, Climate Change, Climate and Weather, Atmospheric Carbon Dioxide Concentrations",2005M04,0.51
World,,WLD,Monthly Atmospheric Carbon Dioxide Concentrations,Parts Per Million,"Dr. Pieter Tans, National Oceanic and Atmospheric Administration (NOAA). Global Monitoring Laboratory, Trends in Atmospheric Carbon Dioxide Data (https://gml.noaa.gov/ccgg/trends/) and Dr. Ralph Keeling, Scripps Institution of Oceanography, Carbon Dioxide Measurements (https://scrippsco2.ucsd.edu/).",ECCA,Atmospheric Carbon Dioxide Concentrations,"Environment, Climate Change, Climate and Weather, Atmospheric Carbon Dioxide Concentrations",2005M05,382.64
World,,WLD,"Monthly Atmospheric Carbon Dioxide Concentrations, Year on Year Percentage Change",Percent,"Dr. Pieter Tans, National Oceanic and Atmospheric Administration (NOAA). Global Monitoring Laboratory, Trends in Atmospheric Carbon Dioxide Data (https://gml.noaa.gov/ccgg/trends/) and Dr. Ralph Keeling, Scripps Institution of Oceanography, Carbon Dioxide Measurements (https://scrippsco2.ucsd.edu/).",ECCA,Atmospheric Carbon Dioxide Concentrations,"Environment, Climate Change, Climate and Weather, Atmospheric Carbon Dioxide Concentrations",2005M05,0.48
World,,WLD,Monthly Atmospheric Carbon Dioxide Concentrations,Parts Per Million,"Dr. Pieter Tans, National Oceanic and Atmospheric Administration (NOAA). Global Monitoring Laboratory, Trends in Atmospheric Carbon Dioxide Data (https://gml.noaa.gov/ccgg/trends/) and Dr. Ralph Keeling, Scripps Institution of Oceanography, Carbon Dioxide Measurements (https://scrippsco2.ucsd.edu/).",ECCA,Atmospheric Carbon Dioxide Concentrations,"Environment, Climate Change, Climate and Weather, Atmospheric Carbon Dioxide Concentrations",2005M06,382.4
World,,WLD,"Monthly Atmospheric Carbon Dioxide Concentrations, Year on Year Percentage Change",Percent,"Dr. Pieter Tans, National Oceanic and Atmospheric Administration (NOAA). Global Monitoring Laboratory, Trends in Atmospheric Carbon Dioxide Data (https://gml.noaa.gov/ccgg/trends/) and Dr. Ralph Keeling, Scripps Institution of Oceanography, Carbon Dioxide Measurements (https://scrippsco2.ucsd.edu/).",ECCA,Atmospheric Carbon Dioxide Concentrations,"Environment, Climate Change, Climate and Weather, Atmospheric Carbon Dioxide Concentrations",2005M06,0.67
World,,WLD,Monthly Atmospheric Carbon Dioxide Concentrations,Parts Per Million,"Dr. Pieter Tans, National Oceanic and Atmospheric Administration (NOAA). Global Monitoring Laboratory, Trends in Atmospheric Carbon Dioxide Data (https://gml.noaa.gov/ccgg/trends/) and Dr. Ralph Keeling, Scripps Institution of Oceanography, Carbon Dioxide Measurements (https://scrippsco2.ucsd.edu/).",ECCA,Atmospheric Carbon Dioxide Concentrations,"Environment, Climate Change, Climate and Weather, Atmospheric Carbon Dioxide Concentrations",2005M07,380.93
World,,WLD,"Monthly Atmospheric Carbon Dioxide Concentrations, Year on Year Percentage Change",Percent,"Dr. Pieter Tans, National Oceanic and Atmospheric Administration (NOAA). Global Monitoring Laboratory, Trends in Atmospheric Carbon Dioxide Data (https://gml.noaa.gov/ccgg/trends/) and Dr. Ralph Keeling, Scripps Institution of Oceanography, Carbon Dioxide Measurements (https://scrippsco2.ucsd.edu/).",ECCA,Atmospheric Carbon Dioxide Concentrations,"Environment, Climate Change, Climate and Weather, Atmospheric Carbon Dioxide Concentrations",2005M07,0.87
World,,WLD,Monthly Atmospheric Carbon Dioxide Concentrations,Parts Per Million,"Dr. Pieter Tans, National Oceanic and Atmospheric Administration (NOAA). Global Monitoring Laboratory, Trends in Atmospheric Carbon Dioxide Data (https://gml.noaa.gov/ccgg/trends/) and Dr. Ralph Keeling, Scripps Institution of Oceanography, Carbon Dioxide Measurements (https://scrippsco2.ucsd.edu/).",ECCA,Atmospheric Carbon Dioxide Concentrations,"Environment, Climate Change, Climate and Weather, Atmospheric Carbon Dioxide Concentrations",2005M08,378.93
World,,WLD,"Monthly Atmospheric Carbon Dioxide Concentrations, Year on Year Percentage Change",Percent,"Dr. Pieter Tans, National Oceanic and Atmospheric Administration (NOAA). Global Monitoring Laboratory, Trends in Atmospheric Carbon Dioxide Data (https://gml.noaa.gov/ccgg/trends/) and Dr. Ralph Keeling, Scripps Institution of Oceanography, Carbon Dioxide Measurements (https://scrippsco2.ucsd.edu/).",ECCA,Atmospheric Carbon Dioxide Concentrations,"Environment, Climate Change, Climate and Weather, Atmospheric Carbon Dioxide Concentrations",2005M08,0.73
World,,WLD,Monthly Atmospheric Carbon Dioxide Concentrations,Parts Per Million,"Dr. Pieter Tans, National Oceanic and Atmospheric Administration (NOAA). Global Monitoring Laboratory, Trends in Atmospheric Carbon Dioxide Data (https://gml.noaa.gov/ccgg/trends/) and Dr. Ralph Keeling, Scripps Institution of Oceanography, Carbon Dioxide Measurements (https://scrippsco2.ucsd.edu/).",ECCA,Atmospheric Carbon Dioxide Concentrations,"Environment, Climate Change, Climate and Weather, Atmospheric Carbon Dioxide Concentrations",2005M09,376.89
World,,WLD,"Monthly Atmospheric Carbon Dioxide Concentrations, Year on Year Percentage Change",Percent,"Dr. Pieter Tans, National Oceanic and Atmospheric Administration (NOAA). Global Monitoring Laboratory, Trends in Atmospheric Carbon Dioxide Data (https://gml.noaa.gov/ccgg/trends/) and Dr. Ralph Keeling, Scripps Institution of Oceanography, Carbon Dioxide Measurements (https://scrippsco2.ucsd.edu/).",ECCA,Atmospheric Carbon Dioxide Concentrations,"Environment, Climate Change, Climate and Weather, Atmospheric Carbon Dioxide Concentrations",2005M09,0.66
World,,WLD,Monthly Atmospheric Carbon Dioxide Concentrations,Parts Per Million,"Dr. Pieter Tans, National Oceanic and Atmospheric Administration (NOAA). Global Monitoring Laboratory, Trends in Atmospheric Carbon Dioxide Data (https://gml.noaa.gov/ccgg/trends/) and Dr. Ralph Keeling, Scripps Institution of Oceanography, Carbon Dioxide Measurements (https://scrippsco2.ucsd.edu/).",ECCA,Atmospheric Carbon Dioxide Concentrations,"Environment, Climate Change, Climate and Weather, Atmospheric Carbon Dioxide Concentrations",2005M10,377.19
World,,WLD,"Monthly Atmospheric Carbon Dioxide Concentrations, Year on Year Percentage Change",Percent,"Dr. Pieter Tans, National Oceanic and Atmospheric Administration (NOAA). Global Monitoring Laboratory, Trends in Atmospheric Carbon Dioxide Data (https://gml.noaa.gov/ccgg/trends/) and Dr. Ralph Keeling, Scripps Institution of Oceanography, Carbon Dioxide Measurements (https://scrippsco2.ucsd.edu/).",ECCA,Atmospheric Carbon Dioxide Concentrations,"Environment, Climate Change, Climate and Weather, Atmospheric Carbon Dioxide Concentrations",2005M10,0.68
World,,WLD,Monthly Atmospheric Carbon Dioxide Concentrations,Parts Per Million,"Dr. Pieter Tans, National Oceanic and Atmospheric Administration (NOAA). Global Monitoring Laboratory, Trends in Atmospheric Carbon Dioxide Data (https://gml.noaa.gov/ccgg/trends/) and Dr. Ralph Keeling, Scripps Institution of Oceanography, Carbon Dioxide Measurements (https://scrippsco2.ucsd.edu/).",ECCA,Atmospheric Carbon Dioxide Concentrations,"Environment, Climate Change, Climate and Weather, Atmospheric Carbon Dioxide Concentrations",2005M11,378.54
World,,WLD,"Monthly Atmospheric Carbon Dioxide Concentrations, Year on Year Percentage Change",Percent,"Dr. Pieter Tans, National Oceanic and Atmospheric Administration (NOAA). Global Monitoring Laboratory, Trends in Atmospheric Carbon Dioxide Data (https://gml.noaa.gov/ccgg/trends/) and Dr. Ralph Keeling, Scripps Institution of Oceanography, Carbon Dioxide Measurements (https://scrippsco2.ucsd.edu/).",ECCA,Atmospheric Carbon Dioxide Concentrations,"Environment, Climate Change, Climate and Weather, Atmospheric Carbon Dioxide Concentrations",2005M11,0.59
World,,WLD,Monthly Atmospheric Carbon Dioxide Concentrations,Parts Per Million,"Dr. Pieter Tans, National Oceanic and Atmospheric Administration (NOAA). Global Monitoring Laboratory, Trends in Atmospheric Carbon Dioxide Data (https://gml.noaa.gov/ccgg/trends/) and Dr. Ralph Keeling, Scripps Institution of Oceanography, Carbon Dioxide Measurements (https://scrippsco2.ucsd.edu/).",ECCA,Atmospheric Carbon Dioxide Concentrations,"Environment, Climate Change, Climate and Weather, Atmospheric Carbon Dioxide Concentrations",2005M12,380.3
World,,WLD,"Monthly Atmospheric Carbon Dioxide Concentrations, Year on Year Percentage Change",Percent,"Dr. Pieter Tans, National Oceanic and Atmospheric Administration (NOAA). Global Monitoring Laboratory, Trends in Atmospheric Carbon Dioxide Data (https://gml.noaa.gov/ccgg/trends/) and Dr. Ralph Keeling, Scripps Institution of Oceanography, Carbon Dioxide Measurements (https://scrippsco2.ucsd.edu/).",ECCA,Atmospheric Carbon Dioxide Concentrations,"Environment, Climate Change, Climate and Weather, Atmospheric Carbon Dioxide Concentrations",2005M12,0.69
World,,WLD,Monthly Atmospheric Carbon Dioxide Concentrations,Parts Per Million,"Dr. Pieter Tans, National Oceanic and Atmospheric Administration (NOAA). Global Monitoring Laboratory, Trends in Atmospheric Carbon Dioxide Data (https://gml.noaa.gov/ccgg/trends/) and Dr. Ralph Keeling, Scripps Institution of Oceanography, Carbon Dioxide Measurements (https://scrippsco2.ucsd.edu/).",ECCA,Atmospheric Carbon Dioxide Concentrations,"Environment, Climate Change, Climate and Weather, Atmospheric Carbon Dioxide Concentrations",2006M01,381.58
World,,WLD,"Monthly Atmospheric Carbon Dioxide Concentrations, Year on Year Percentage Change",Percent,"Dr. Pieter Tans, National Oceanic and Atmospheric Administration (NOAA). Global Monitoring Laboratory, Trends in Atmospheric Carbon Dioxide Data (https://gml.noaa.gov/ccgg/trends/) and Dr. Ralph Keeling, Scripps Institution of Oceanography, Carbon Dioxide Measurements (https://scrippsco2.ucsd.edu/).",ECCA,Atmospheric Carbon Dioxide Concentrations,"Environment, Climate Change, Climate and Weather, Atmospheric Carbon Dioxide Concentrations",2006M01,0.78
World,,WLD,Monthly Atmospheric Carbon Dioxide Concentrations,Parts Per Million,"Dr. Pieter Tans, National Oceanic and Atmospheric Administration (NOAA). Global Monitoring Laboratory, Trends in Atmospheric Carbon Dioxide Data (https://gml.noaa.gov/ccgg/trends/) and Dr. Ralph Keeling, Scripps Institution of Oceanography, Carbon Dioxide Measurements (https://scrippsco2.ucsd.edu/).",ECCA,Atmospheric Carbon Dioxide Concentrations,"Environment, Climate Change, Climate and Weather, Atmospheric Carbon Dioxide Concentrations",2006M02,382.4
World,,WLD,"Monthly Atmospheric Carbon Dioxide Concentrations, Year on Year Percentage Change",Percent,"Dr. Pieter Tans, National Oceanic and Atmospheric Administration (NOAA). Global Monitoring Laboratory, Trends in Atmospheric Carbon Dioxide Data (https://gml.noaa.gov/ccgg/trends/) and Dr. Ralph Keeling, Scripps Institution of Oceanography, Carbon Dioxide Measurements (https://scrippsco2.ucsd.edu/).",ECCA,Atmospheric Carbon Dioxide Concentrations,"Environment, Climate Change, Climate and Weather, Atmospheric Carbon Dioxide Concentrations",2006M02,0.66
World,,WLD,Monthly Atmospheric Carbon Dioxide Concentrations,Parts Per Million,"Dr. Pieter Tans, National Oceanic and Atmospheric Administration (NOAA). Global Monitoring Laboratory, Trends in Atmospheric Carbon Dioxide Data (https://gml.noaa.gov/ccgg/trends/) and Dr. Ralph Keeling, Scripps Institution of Oceanography, Carbon Dioxide Measurements (https://scrippsco2.ucsd.edu/).",ECCA,Atmospheric Carbon Dioxide Concentrations,"Environment, Climate Change, Climate and Weather, Atmospheric Carbon Dioxide Concentrations",2006M03,382.86
World,,WLD,"Monthly Atmospheric Carbon Dioxide Concentrations, Year on Year Percentage Change",Percent,"Dr. Pieter Tans, National Oceanic and Atmospheric Administration (NOAA). Global Monitoring Laboratory, Trends in Atmospheric Carbon Dioxide Data (https://gml.noaa.gov/ccgg/trends/) and Dr. Ralph Keeling, Scripps Institution of Oceanography, Carbon Dioxide Measurements (https://scrippsco2.ucsd.edu/).",ECCA,Atmospheric Carbon Dioxide Concentrations,"Environment, Climate Change, Climate and Weather, Atmospheric Carbon Dioxide Concentrations",2006M03,0.5
World,,WLD,Monthly Atmospheric Carbon Dioxide Concentrations,Parts Per Million,"Dr. Pieter Tans, National Oceanic and Atmospheric Administration (NOAA). Global Monitoring Laboratory, Trends in Atmospheric Carbon Dioxide Data (https://gml.noaa.gov/ccgg/trends/) and Dr. Ralph Keeling, Scripps Institution of Oceanography, Carbon Dioxide Measurements (https://scrippsco2.ucsd.edu/).",ECCA,Atmospheric Carbon Dioxide Concentrations,"Environment, Climate Change, Climate and Weather, Atmospheric Carbon Dioxide Concentrations",2006M04,384.8
World,,WLD,"Monthly Atmospheric Carbon Dioxide Concentrations, Year on Year Percentage Change",Percent,"Dr. Pieter Tans, National Oceanic and Atmospheric Administration (NOAA). Global Monitoring Laboratory, Trends in Atmospheric Carbon Dioxide Data (https://gml.noaa.gov/ccgg/trends/) and Dr. Ralph Keeling, Scripps Institution of Oceanography, Carbon Dioxide Measurements (https://scrippsco2.ucsd.edu/).",ECCA,Atmospheric Carbon Dioxide Concentrations,"Environment, Climate Change, Climate and Weather, Atmospheric Carbon Dioxide Concentrations",2006M04,0.61
World,,WLD,Monthly Atmospheric Carbon Dioxide Concentrations,Parts Per Million,"Dr. Pieter Tans, National Oceanic and Atmospheric Administration (NOAA). Global Monitoring Laboratory, Trends in Atmospheric Carbon Dioxide Data (https://gml.noaa.gov/ccgg/trends/) and Dr. Ralph Keeling, Scripps Institution of Oceanography, Carbon Dioxide Measurements (https://scrippsco2.ucsd.edu/).",ECCA,Atmospheric Carbon Dioxide Concentrations,"Environment, Climate Change, Climate and Weather, Atmospheric Carbon Dioxide Concentrations",2006M05,385.22
World,,WLD,"Monthly Atmospheric Carbon Dioxide Concentrations, Year on Year Percentage Change",Percent,"Dr. Pieter Tans, National Oceanic and Atmospheric Administration (NOAA). Global Monitoring Laboratory, Trends in Atmospheric Carbon Dioxide Data (https://gml.noaa.gov/ccgg/trends/) and Dr. Ralph Keeling, Scripps Institution of Oceanography, Carbon Dioxide Measurements (https://scrippsco2.ucsd.edu/).",ECCA,Atmospheric Carbon Dioxide Concentrations,"Environment, Climate Change, Climate and Weather, Atmospheric Carbon Dioxide Concentrations",2006M05,0.67
World,,WLD,Monthly Atmospheric Carbon Dioxide Concentrations,Parts Per Million,"Dr. Pieter Tans, National Oceanic and Atmospheric Administration (NOAA). Global Monitoring Laboratory, Trends in Atmospheric Carbon Dioxide Data (https://gml.noaa.gov/ccgg/trends/) and Dr. Ralph Keeling, Scripps Institution of Oceanography, Carbon Dioxide Measurements (https://scrippsco2.ucsd.edu/).",ECCA,Atmospheric Carbon Dioxide Concentrations,"Environment, Climate Change, Climate and Weather, Atmospheric Carbon Dioxide Concentrations",2006M06,384.24
World,,WLD,"Monthly Atmospheric Carbon Dioxide Concentrations, Year on Year Percentage Change",Percent,"Dr. Pieter Tans, National Oceanic and Atmospheric Administration (NOAA). Global Monitoring Laboratory, Trends in Atmospheric Carbon Dioxide Data (https://gml.noaa.gov/ccgg/trends/) and Dr. Ralph Keeling, Scripps Institution of Oceanography, Carbon Dioxide Measurements (https://scrippsco2.ucsd.edu/).",ECCA,Atmospheric Carbon Dioxide Concentrations,"Environment, Climate Change, Climate and Weather, Atmospheric Carbon Dioxide Concentrations",2006M06,0.48
World,,WLD,Monthly Atmospheric Carbon Dioxide Concentrations,Parts Per Million,"Dr. Pieter Tans, National Oceanic and Atmospheric Administration (NOAA). Global Monitoring Laboratory, Trends in Atmospheric Carbon Dioxide Data (https://gml.noaa.gov/ccgg/trends/) and Dr. Ralph Keeling, Scripps Institution of Oceanography, Carbon Dioxide Measurements (https://scrippsco2.ucsd.edu/).",ECCA,Atmospheric Carbon Dioxide Concentrations,"Environment, Climate Change, Climate and Weather, Atmospheric Carbon Dioxide Concentrations",2006M07,382.65
World,,WLD,"Monthly Atmospheric Carbon Dioxide Concentrations, Year on Year Percentage Change",Percent,"Dr. Pieter Tans, National Oceanic and Atmospheric Administration (NOAA). Global Monitoring Laboratory, Trends in Atmospheric Carbon Dioxide Data (https://gml.noaa.gov/ccgg/trends/) and Dr. Ralph Keeling, Scripps Institution of Oceanography, Carbon Dioxide Measurements (https://scrippsco2.ucsd.edu/).",ECCA,Atmospheric Carbon Dioxide Concentrations,"Environment, Climate Change, Climate and Weather, Atmospheric Carbon Dioxide Concentrations",2006M07,0.45
World,,WLD,Monthly Atmospheric Carbon Dioxide Concentrations,Parts Per Million,"Dr. Pieter Tans, National Oceanic and Atmospheric Administration (NOAA). Global Monitoring Laboratory, Trends in Atmospheric Carbon Dioxide Data (https://gml.noaa.gov/ccgg/trends/) and Dr. Ralph Keeling, Scripps Institution of Oceanography, Carbon Dioxide Measurements (https://scrippsco2.ucsd.edu/).",ECCA,Atmospheric Carbon Dioxide Concentrations,"Environment, Climate Change, Climate and Weather, Atmospheric Carbon Dioxide Concentrations",2006M08,380.6
World,,WLD,"Monthly Atmospheric Carbon Dioxide Concentrations, Year on Year Percentage Change",Percent,"Dr. Pieter Tans, National Oceanic and Atmospheric Administration (NOAA). Global Monitoring Laboratory, Trends in Atmospheric Carbon Dioxide Data (https://gml.noaa.gov/ccgg/trends/) and Dr. Ralph Keeling, Scripps Institution of Oceanography, Carbon Dioxide Measurements (https://scrippsco2.ucsd.edu/).",ECCA,Atmospheric Carbon Dioxide Concentrations,"Environment, Climate Change, Climate and Weather, Atmospheric Carbon Dioxide Concentrations",2006M08,0.44
World,,WLD,Monthly Atmospheric Carbon Dioxide Concentrations,Parts Per Million,"Dr. Pieter Tans, National Oceanic and Atmospheric Administration (NOAA). Global Monitoring Laboratory, Trends in Atmospheric Carbon Dioxide Data (https://gml.noaa.gov/ccgg/trends/) and Dr. Ralph Keeling, Scripps Institution of Oceanography, Carbon Dioxide Measurements (https://scrippsco2.ucsd.edu/).",ECCA,Atmospheric Carbon Dioxide Concentrations,"Environment, Climate Change, Climate and Weather, Atmospheric Carbon Dioxide Concentrations",2006M09,379.04
World,,WLD,"Monthly Atmospheric Carbon Dioxide Concentrations, Year on Year Percentage Change",Percent,"Dr. Pieter Tans, National Oceanic and Atmospheric Administration (NOAA). Global Monitoring Laboratory, Trends in Atmospheric Carbon Dioxide Data (https://gml.noaa.gov/ccgg/trends/) and Dr. Ralph Keeling, Scripps Institution of Oceanography, Carbon Dioxide Measurements (https://scrippsco2.ucsd.edu/).",ECCA,Atmospheric Carbon Dioxide Concentrations,"Environment, Climate Change, Climate and Weather, Atmospheric Carbon Dioxide Concentrations",2006M09,0.57
World,,WLD,Monthly Atmospheric Carbon Dioxide Concentrations,Parts Per Million,"Dr. Pieter Tans, National Oceanic and Atmospheric Administration (NOAA). Global Monitoring Laboratory, Trends in Atmospheric Carbon Dioxide Data (https://gml.noaa.gov/ccgg/trends/) and Dr. Ralph Keeling, Scripps Institution of Oceanography, Carbon Dioxide Measurements (https://scrippsco2.ucsd.edu/).",ECCA,Atmospheric Carbon Dioxide Concentrations,"Environment, Climate Change, Climate and Weather, Atmospheric Carbon Dioxide Concentrations",2006M10,379.33
World,,WLD,"Monthly Atmospheric Carbon Dioxide Concentrations, Year on Year Percentage Change",Percent,"Dr. Pieter Tans, National Oceanic and Atmospheric Administration (NOAA). Global Monitoring Laboratory, Trends in Atmospheric Carbon Dioxide Data (https://gml.noaa.gov/ccgg/trends/) and Dr. Ralph Keeling, Scripps Institution of Oceanography, Carbon Dioxide Measurements (https://scrippsco2.ucsd.edu/).",ECCA,Atmospheric Carbon Dioxide Concentrations,"Environment, Climate Change, Climate and Weather, Atmospheric Carbon Dioxide Concentrations",2006M10,0.57
World,,WLD,Monthly Atmospheric Carbon Dioxide Concentrations,Parts Per Million,"Dr. Pieter Tans, National Oceanic and Atmospheric Administration (NOAA). Global Monitoring Laboratory, Trends in Atmospheric Carbon Dioxide Data (https://gml.noaa.gov/ccgg/trends/) and Dr. Ralph Keeling, Scripps Institution of Oceanography, Carbon Dioxide Measurements (https://scrippsco2.ucsd.edu/).",ECCA,Atmospheric Carbon Dioxide Concentrations,"Environment, Climate Change, Climate and Weather, Atmospheric Carbon Dioxide Concentrations",2006M11,380.35
World,,WLD,"Monthly Atmospheric Carbon Dioxide Concentrations, Year on Year Percentage Change",Percent,"Dr. Pieter Tans, National Oceanic and Atmospheric Administration (NOAA). Global Monitoring Laboratory, Trends in Atmospheric Carbon Dioxide Data (https://gml.noaa.gov/ccgg/trends/) and Dr. Ralph Keeling, Scripps Institution of Oceanography, Carbon Dioxide Measurements (https://scrippsco2.ucsd.edu/).",ECCA,Atmospheric Carbon Dioxide Concentrations,"Environment, Climate Change, Climate and Weather, Atmospheric Carbon Dioxide Concentrations",2006M11,0.48
World,,WLD,Monthly Atmospheric Carbon Dioxide Concentrations,Parts Per Million,"Dr. Pieter Tans, National Oceanic and Atmospheric Administration (NOAA). Global Monitoring Laboratory, Trends in Atmospheric Carbon Dioxide Data (https://gml.noaa.gov/ccgg/trends/) and Dr. Ralph Keeling, Scripps Institution of Oceanography, Carbon Dioxide Measurements (https://scrippsco2.ucsd.edu/).",ECCA,Atmospheric Carbon Dioxide Concentrations,"Environment, Climate Change, Climate and Weather, Atmospheric Carbon Dioxide Concentrations",2006M12,382.02
World,,WLD,"Monthly Atmospheric Carbon Dioxide Concentrations, Year on Year Percentage Change",Percent,"Dr. Pieter Tans, National Oceanic and Atmospheric Administration (NOAA). Global Monitoring Laboratory, Trends in Atmospheric Carbon Dioxide Data (https://gml.noaa.gov/ccgg/trends/) and Dr. Ralph Keeling, Scripps Institution of Oceanography, Carbon Dioxide Measurements (https://scrippsco2.ucsd.edu/).",ECCA,Atmospheric Carbon Dioxide Concentrations,"Environment, Climate Change, Climate and Weather, Atmospheric Carbon Dioxide Concentrations",2006M12,0.45
World,,WLD,Monthly Atmospheric Carbon Dioxide Concentrations,Parts Per Million,"Dr. Pieter Tans, National Oceanic and Atmospheric Administration (NOAA). Global Monitoring Laboratory, Trends in Atmospheric Carbon Dioxide Data (https://gml.noaa.gov/ccgg/trends/) and Dr. Ralph Keeling, Scripps Institution of Oceanography, Carbon Dioxide Measurements (https://scrippsco2.ucsd.edu/).",ECCA,Atmospheric Carbon Dioxide Concentrations,"Environment, Climate Change, Climate and Weather, Atmospheric Carbon Dioxide Concentrations",2007M01,383.1
World,,WLD,"Monthly Atmospheric Carbon Dioxide Concentrations, Year on Year Percentage Change",Percent,"Dr. Pieter Tans, National Oceanic and Atmospheric Administration (NOAA). Global Monitoring Laboratory, Trends in Atmospheric Carbon Dioxide Data (https://gml.noaa.gov/ccgg/trends/) and Dr. Ralph Keeling, Scripps Institution of Oceanography, Carbon Dioxide Measurements (https://scrippsco2.ucsd.edu/).",ECCA,Atmospheric Carbon Dioxide Concentrations,"Environment, Climate Change, Climate and Weather, Atmospheric Carbon Dioxide Concentrations",2007M01,0.4
World,,WLD,Monthly Atmospheric Carbon Dioxide Concentrations,Parts Per Million,"Dr. Pieter Tans, National Oceanic and Atmospheric Administration (NOAA). Global Monitoring Laboratory, Trends in Atmospheric Carbon Dioxide Data (https://gml.noaa.gov/ccgg/trends/) and Dr. Ralph Keeling, Scripps Institution of Oceanography, Carbon Dioxide Measurements (https://scrippsco2.ucsd.edu/).",ECCA,Atmospheric Carbon Dioxide Concentrations,"Environment, Climate Change, Climate and Weather, Atmospheric Carbon Dioxide Concentrations",2007M02,384.12
World,,WLD,"Monthly Atmospheric Carbon Dioxide Concentrations, Year on Year Percentage Change",Percent,"Dr. Pieter Tans, National Oceanic and Atmospheric Administration (NOAA). Global Monitoring Laboratory, Trends in Atmospheric Carbon Dioxide Data (https://gml.noaa.gov/ccgg/trends/) and Dr. Ralph Keeling, Scripps Institution of Oceanography, Carbon Dioxide Measurements (https://scrippsco2.ucsd.edu/).",ECCA,Atmospheric Carbon Dioxide Concentrations,"Environment, Climate Change, Climate and Weather, Atmospheric Carbon Dioxide Concentrations",2007M02,0.45
World,,WLD,Monthly Atmospheric Carbon Dioxide Concentrations,Parts Per Million,"Dr. Pieter Tans, National Oceanic and Atmospheric Administration (NOAA). Global Monitoring Laboratory, Trends in Atmospheric Carbon Dioxide Data (https://gml.noaa.gov/ccgg/trends/) and Dr. Ralph Keeling, Scripps Institution of Oceanography, Carbon Dioxide Measurements (https://scrippsco2.ucsd.edu/).",ECCA,Atmospheric Carbon Dioxide Concentrations,"Environment, Climate Change, Climate and Weather, Atmospheric Carbon Dioxide Concentrations",2007M03,384.81
World,,WLD,"Monthly Atmospheric Carbon Dioxide Concentrations, Year on Year Percentage Change",Percent,"Dr. Pieter Tans, National Oceanic and Atmospheric Administration (NOAA). Global Monitoring Laboratory, Trends in Atmospheric Carbon Dioxide Data (https://gml.noaa.gov/ccgg/trends/) and Dr. Ralph Keeling, Scripps Institution of Oceanography, Carbon Dioxide Measurements (https://scrippsco2.ucsd.edu/).",ECCA,Atmospheric Carbon Dioxide Concentrations,"Environment, Climate Change, Climate and Weather, Atmospheric Carbon Dioxide Concentrations",2007M03,0.51
World,,WLD,Monthly Atmospheric Carbon Dioxide Concentrations,Parts Per Million,"Dr. Pieter Tans, National Oceanic and Atmospheric Administration (NOAA). Global Monitoring Laboratory, Trends in Atmospheric Carbon Dioxide Data (https://gml.noaa.gov/ccgg/trends/) and Dr. Ralph Keeling, Scripps Institution of Oceanography, Carbon Dioxide Measurements (https://scrippsco2.ucsd.edu/).",ECCA,Atmospheric Carbon Dioxide Concentrations,"Environment, Climate Change, Climate and Weather, Atmospheric Carbon Dioxide Concentrations",2007M04,386.73
World,,WLD,"Monthly Atmospheric Carbon Dioxide Concentrations, Year on Year Percentage Change",Percent,"Dr. Pieter Tans, National Oceanic and Atmospheric Administration (NOAA). Global Monitoring Laboratory, Trends in Atmospheric Carbon Dioxide Data (https://gml.noaa.gov/ccgg/trends/) and Dr. Ralph Keeling, Scripps Institution of Oceanography, Carbon Dioxide Measurements (https://scrippsco2.ucsd.edu/).",ECCA,Atmospheric Carbon Dioxide Concentrations,"Environment, Climate Change, Climate and Weather, Atmospheric Carbon Dioxide Concentrations",2007M04,0.5
World,,WLD,Monthly Atmospheric Carbon Dioxide Concentrations,Parts Per Million,"Dr. Pieter Tans, National Oceanic and Atmospheric Administration (NOAA). Global Monitoring Laboratory, Trends in Atmospheric Carbon Dioxide Data (https://gml.noaa.gov/ccgg/trends/) and Dr. Ralph Keeling, Scripps Institution of Oceanography, Carbon Dioxide Measurements (https://scrippsco2.ucsd.edu/).",ECCA,Atmospheric Carbon Dioxide Concentrations,"Environment, Climate Change, Climate and Weather, Atmospheric Carbon Dioxide Concentrations",2007M05,386.78
World,,WLD,"Monthly Atmospheric Carbon Dioxide Concentrations, Year on Year Percentage Change",Percent,"Dr. Pieter Tans, National Oceanic and Atmospheric Administration (NOAA). Global Monitoring Laboratory, Trends in Atmospheric Carbon Dioxide Data (https://gml.noaa.gov/ccgg/trends/) and Dr. Ralph Keeling, Scripps Institution of Oceanography, Carbon Dioxide Measurements (https://scrippsco2.ucsd.edu/).",ECCA,Atmospheric Carbon Dioxide Concentrations,"Environment, Climate Change, Climate and Weather, Atmospheric Carbon Dioxide Concentrations",2007M05,0.4
World,,WLD,Monthly Atmospheric Carbon Dioxide Concentrations,Parts Per Million,"Dr. Pieter Tans, National Oceanic and Atmospheric Administration (NOAA). Global Monitoring Laboratory, Trends in Atmospheric Carbon Dioxide Data (https://gml.noaa.gov/ccgg/trends/) and Dr. Ralph Keeling, Scripps Institution of Oceanography, Carbon Dioxide Measurements (https://scrippsco2.ucsd.edu/).",ECCA,Atmospheric Carbon Dioxide Concentrations,"Environment, Climate Change, Climate and Weather, Atmospheric Carbon Dioxide Concentrations",2007M06,386.33
World,,WLD,"Monthly Atmospheric Carbon Dioxide Concentrations, Year on Year Percentage Change",Percent,"Dr. Pieter Tans, National Oceanic and Atmospheric Administration (NOAA). Global Monitoring Laboratory, Trends in Atmospheric Carbon Dioxide Data (https://gml.noaa.gov/ccgg/trends/) and Dr. Ralph Keeling, Scripps Institution of Oceanography, Carbon Dioxide Measurements (https://scrippsco2.ucsd.edu/).",ECCA,Atmospheric Carbon Dioxide Concentrations,"Environment, Climate Change, Climate and Weather, Atmospheric Carbon Dioxide Concentrations",2007M06,0.54
World,,WLD,Monthly Atmospheric Carbon Dioxide Concentrations,Parts Per Million,"Dr. Pieter Tans, National Oceanic and Atmospheric Administration (NOAA). Global Monitoring Laboratory, Trends in Atmospheric Carbon Dioxide Data (https://gml.noaa.gov/ccgg/trends/) and Dr. Ralph Keeling, Scripps Institution of Oceanography, Carbon Dioxide Measurements (https://scrippsco2.ucsd.edu/).",ECCA,Atmospheric Carbon Dioxide Concentrations,"Environment, Climate Change, Climate and Weather, Atmospheric Carbon Dioxide Concentrations",2007M07,384.73
World,,WLD,"Monthly Atmospheric Carbon Dioxide Concentrations, Year on Year Percentage Change",Percent,"Dr. Pieter Tans, National Oceanic and Atmospheric Administration (NOAA). Global Monitoring Laboratory, Trends in Atmospheric Carbon Dioxide Data (https://gml.noaa.gov/ccgg/trends/) and Dr. Ralph Keeling, Scripps Institution of Oceanography, Carbon Dioxide Measurements (https://scrippsco2.ucsd.edu/).",ECCA,Atmospheric Carbon Dioxide Concentrations,"Environment, Climate Change, Climate and Weather, Atmospheric Carbon Dioxide Concentrations",2007M07,0.54
World,,WLD,Monthly Atmospheric Carbon Dioxide Concentrations,Parts Per Million,"Dr. Pieter Tans, National Oceanic and Atmospheric Administration (NOAA). Global Monitoring Laboratory, Trends in Atmospheric Carbon Dioxide Data (https://gml.noaa.gov/ccgg/trends/) and Dr. Ralph Keeling, Scripps Institution of Oceanography, Carbon Dioxide Measurements (https://scrippsco2.ucsd.edu/).",ECCA,Atmospheric Carbon Dioxide Concentrations,"Environment, Climate Change, Climate and Weather, Atmospheric Carbon Dioxide Concentrations",2007M08,382.24
World,,WLD,"Monthly Atmospheric Carbon Dioxide Concentrations, Year on Year Percentage Change",Percent,"Dr. Pieter Tans, National Oceanic and Atmospheric Administration (NOAA). Global Monitoring Laboratory, Trends in Atmospheric Carbon Dioxide Data (https://gml.noaa.gov/ccgg/trends/) and Dr. Ralph Keeling, Scripps Institution of Oceanography, Carbon Dioxide Measurements (https://scrippsco2.ucsd.edu/).",ECCA,Atmospheric Carbon Dioxide Concentrations,"Environment, Climate Change, Climate and Weather, Atmospheric Carbon Dioxide Concentrations",2007M08,0.43
World,,WLD,Monthly Atmospheric Carbon Dioxide Concentrations,Parts Per Million,"Dr. Pieter Tans, National Oceanic and Atmospheric Administration (NOAA). Global Monitoring Laboratory, Trends in Atmospheric Carbon Dioxide Data (https://gml.noaa.gov/ccgg/trends/) and Dr. Ralph Keeling, Scripps Institution of Oceanography, Carbon Dioxide Measurements (https://scrippsco2.ucsd.edu/).",ECCA,Atmospheric Carbon Dioxide Concentrations,"Environment, Climate Change, Climate and Weather, Atmospheric Carbon Dioxide Concentrations",2007M09,381.2
World,,WLD,"Monthly Atmospheric Carbon Dioxide Concentrations, Year on Year Percentage Change",Percent,"Dr. Pieter Tans, National Oceanic and Atmospheric Administration (NOAA). Global Monitoring Laboratory, Trends in Atmospheric Carbon Dioxide Data (https://gml.noaa.gov/ccgg/trends/) and Dr. Ralph Keeling, Scripps Institution of Oceanography, Carbon Dioxide Measurements (https://scrippsco2.ucsd.edu/).",ECCA,Atmospheric Carbon Dioxide Concentrations,"Environment, Climate Change, Climate and Weather, Atmospheric Carbon Dioxide Concentrations",2007M09,0.57
World,,WLD,Monthly Atmospheric Carbon Dioxide Concentrations,Parts Per Million,"Dr. Pieter Tans, National Oceanic and Atmospheric Administration (NOAA). Global Monitoring Laboratory, Trends in Atmospheric Carbon Dioxide Data (https://gml.noaa.gov/ccgg/trends/) and Dr. Ralph Keeling, Scripps Institution of Oceanography, Carbon Dioxide Measurements (https://scrippsco2.ucsd.edu/).",ECCA,Atmospheric Carbon Dioxide Concentrations,"Environment, Climate Change, Climate and Weather, Atmospheric Carbon Dioxide Concentrations",2007M10,381.37
World,,WLD,"Monthly Atmospheric Carbon Dioxide Concentrations, Year on Year Percentage Change",Percent,"Dr. Pieter Tans, National Oceanic and Atmospheric Administration (NOAA). Global Monitoring Laboratory, Trends in Atmospheric Carbon Dioxide Data (https://gml.noaa.gov/ccgg/trends/) and Dr. Ralph Keeling, Scripps Institution of Oceanography, Carbon Dioxide Measurements (https://scrippsco2.ucsd.edu/).",ECCA,Atmospheric Carbon Dioxide Concentrations,"Environment, Climate Change, Climate and Weather, Atmospheric Carbon Dioxide Concentrations",2007M10,0.54
World,,WLD,Monthly Atmospheric Carbon Dioxide Concentrations,Parts Per Million,"Dr. Pieter Tans, National Oceanic and Atmospheric Administration (NOAA). Global Monitoring Laboratory, Trends in Atmospheric Carbon Dioxide Data (https://gml.noaa.gov/ccgg/trends/) and Dr. Ralph Keeling, Scripps Institution of Oceanography, Carbon Dioxide Measurements (https://scrippsco2.ucsd.edu/).",ECCA,Atmospheric Carbon Dioxide Concentrations,"Environment, Climate Change, Climate and Weather, Atmospheric Carbon Dioxide Concentrations",2007M11,382.7
World,,WLD,"Monthly Atmospheric Carbon Dioxide Concentrations, Year on Year Percentage Change",Percent,"Dr. Pieter Tans, National Oceanic and Atmospheric Administration (NOAA). Global Monitoring Laboratory, Trends in Atmospheric Carbon Dioxide Data (https://gml.noaa.gov/ccgg/trends/) and Dr. Ralph Keeling, Scripps Institution of Oceanography, Carbon Dioxide Measurements (https://scrippsco2.ucsd.edu/).",ECCA,Atmospheric Carbon Dioxide Concentrations,"Environment, Climate Change, Climate and Weather, Atmospheric Carbon Dioxide Concentrations",2007M11,0.62
World,,WLD,Monthly Atmospheric Carbon Dioxide Concentrations,Parts Per Million,"Dr. Pieter Tans, National Oceanic and Atmospheric Administration (NOAA). Global Monitoring Laboratory, Trends in Atmospheric Carbon Dioxide Data (https://gml.noaa.gov/ccgg/trends/) and Dr. Ralph Keeling, Scripps Institution of Oceanography, Carbon Dioxide Measurements (https://scrippsco2.ucsd.edu/).",ECCA,Atmospheric Carbon Dioxide Concentrations,"Environment, Climate Change, Climate and Weather, Atmospheric Carbon Dioxide Concentrations",2007M12,384.19
World,,WLD,"Monthly Atmospheric Carbon Dioxide Concentrations, Year on Year Percentage Change",Percent,"Dr. Pieter Tans, National Oceanic and Atmospheric Administration (NOAA). Global Monitoring Laboratory, Trends in Atmospheric Carbon Dioxide Data (https://gml.noaa.gov/ccgg/trends/) and Dr. Ralph Keeling, Scripps Institution of Oceanography, Carbon Dioxide Measurements (https://scrippsco2.ucsd.edu/).",ECCA,Atmospheric Carbon Dioxide Concentrations,"Environment, Climate Change, Climate and Weather, Atmospheric Carbon Dioxide Concentrations",2007M12,0.57
World,,WLD,Monthly Atmospheric Carbon Dioxide Concentrations,Parts Per Million,"Dr. Pieter Tans, National Oceanic and Atmospheric Administration (NOAA). Global Monitoring Laboratory, Trends in Atmospheric Carbon Dioxide Data (https://gml.noaa.gov/ccgg/trends/) and Dr. Ralph Keeling, Scripps Institution of Oceanography, Carbon Dioxide Measurements (https://scrippsco2.ucsd.edu/).",ECCA,Atmospheric Carbon Dioxide Concentrations,"Environment, Climate Change, Climate and Weather, Atmospheric Carbon Dioxide Concentrations",2008M01,385.78
World,,WLD,"Monthly Atmospheric Carbon Dioxide Concentrations, Year on Year Percentage Change",Percent,"Dr. Pieter Tans, National Oceanic and Atmospheric Administration (NOAA). Global Monitoring Laboratory, Trends in Atmospheric Carbon Dioxide Data (https://gml.noaa.gov/ccgg/trends/) and Dr. Ralph Keeling, Scripps Institution of Oceanography, Carbon Dioxide Measurements (https://scrippsco2.ucsd.edu/).",ECCA,Atmospheric Carbon Dioxide Concentrations,"Environment, Climate Change, Climate and Weather, Atmospheric Carbon Dioxide Concentrations",2008M01,0.7
World,,WLD,Monthly Atmospheric Carbon Dioxide Concentrations,Parts Per Million,"Dr. Pieter Tans, National Oceanic and Atmospheric Administration (NOAA). Global Monitoring Laboratory, Trends in Atmospheric Carbon Dioxide Data (https://gml.noaa.gov/ccgg/trends/) and Dr. Ralph Keeling, Scripps Institution of Oceanography, Carbon Dioxide Measurements (https://scrippsco2.ucsd.edu/).",ECCA,Atmospheric Carbon Dioxide Concentrations,"Environment, Climate Change, Climate and Weather, Atmospheric Carbon Dioxide Concentrations",2008M02,386.06
World,,WLD,"Monthly Atmospheric Carbon Dioxide Concentrations, Year on Year Percentage Change",Percent,"Dr. Pieter Tans, National Oceanic and Atmospheric Administration (NOAA). Global Monitoring Laboratory, Trends in Atmospheric Carbon Dioxide Data (https://gml.noaa.gov/ccgg/trends/) and Dr. Ralph Keeling, Scripps Institution of Oceanography, Carbon Dioxide Measurements (https://scrippsco2.ucsd.edu/).",ECCA,Atmospheric Carbon Dioxide Concentrations,"Environment, Climate Change, Climate and Weather, Atmospheric Carbon Dioxide Concentrations",2008M02,0.51
World,,WLD,Monthly Atmospheric Carbon Dioxide Concentrations,Parts Per Million,"Dr. Pieter Tans, National Oceanic and Atmospheric Administration (NOAA). Global Monitoring Laboratory, Trends in Atmospheric Carbon Dioxide Data (https://gml.noaa.gov/ccgg/trends/) and Dr. Ralph Keeling, Scripps Institution of Oceanography, Carbon Dioxide Measurements (https://scrippsco2.ucsd.edu/).",ECCA,Atmospheric Carbon Dioxide Concentrations,"Environment, Climate Change, Climate and Weather, Atmospheric Carbon Dioxide Concentrations",2008M03,386.28
World,,WLD,"Monthly Atmospheric Carbon Dioxide Concentrations, Year on Year Percentage Change",Percent,"Dr. Pieter Tans, National Oceanic and Atmospheric Administration (NOAA). Global Monitoring Laboratory, Trends in Atmospheric Carbon Dioxide Data (https://gml.noaa.gov/ccgg/trends/) and Dr. Ralph Keeling, Scripps Institution of Oceanography, Carbon Dioxide Measurements (https://scrippsco2.ucsd.edu/).",ECCA,Atmospheric Carbon Dioxide Concentrations,"Environment, Climate Change, Climate and Weather, Atmospheric Carbon Dioxide Concentrations",2008M03,0.38
World,,WLD,Monthly Atmospheric Carbon Dioxide Concentrations,Parts Per Million,"Dr. Pieter Tans, National Oceanic and Atmospheric Administration (NOAA). Global Monitoring Laboratory, Trends in Atmospheric Carbon Dioxide Data (https://gml.noaa.gov/ccgg/trends/) and Dr. Ralph Keeling, Scripps Institution of Oceanography, Carbon Dioxide Measurements (https://scrippsco2.ucsd.edu/).",ECCA,Atmospheric Carbon Dioxide Concentrations,"Environment, Climate Change, Climate and Weather, Atmospheric Carbon Dioxide Concentrations",2008M04,387.33
World,,WLD,"Monthly Atmospheric Carbon Dioxide Concentrations, Year on Year Percentage Change",Percent,"Dr. Pieter Tans, National Oceanic and Atmospheric Administration (NOAA). Global Monitoring Laboratory, Trends in Atmospheric Carbon Dioxide Data (https://gml.noaa.gov/ccgg/trends/) and Dr. Ralph Keeling, Scripps Institution of Oceanography, Carbon Dioxide Measurements (https://scrippsco2.ucsd.edu/).",ECCA,Atmospheric Carbon Dioxide Concentrations,"Environment, Climate Change, Climate and Weather, Atmospheric Carbon Dioxide Concentrations",2008M04,0.16
World,,WLD,Monthly Atmospheric Carbon Dioxide Concentrations,Parts Per Million,"Dr. Pieter Tans, National Oceanic and Atmospheric Administration (NOAA). Global Monitoring Laboratory, Trends in Atmospheric Carbon Dioxide Data (https://gml.noaa.gov/ccgg/trends/) and Dr. Ralph Keeling, Scripps Institution of Oceanography, Carbon Dioxide Measurements (https://scrippsco2.ucsd.edu/).",ECCA,Atmospheric Carbon Dioxide Concentrations,"Environment, Climate Change, Climate and Weather, Atmospheric Carbon Dioxide Concentrations",2008M05,388.78
World,,WLD,"Monthly Atmospheric Carbon Dioxide Concentrations, Year on Year Percentage Change",Percent,"Dr. Pieter Tans, National Oceanic and Atmospheric Administration (NOAA). Global Monitoring Laboratory, Trends in Atmospheric Carbon Dioxide Data (https://gml.noaa.gov/ccgg/trends/) and Dr. Ralph Keeling, Scripps Institution of Oceanography, Carbon Dioxide Measurements (https://scrippsco2.ucsd.edu/).",ECCA,Atmospheric Carbon Dioxide Concentrations,"Environment, Climate Change, Climate and Weather, Atmospheric Carbon Dioxide Concentrations",2008M05,0.52
World,,WLD,Monthly Atmospheric Carbon Dioxide Concentrations,Parts Per Million,"Dr. Pieter Tans, National Oceanic and Atmospheric Administration (NOAA). Global Monitoring Laboratory, Trends in Atmospheric Carbon Dioxide Data (https://gml.noaa.gov/ccgg/trends/) and Dr. Ralph Keeling, Scripps Institution of Oceanography, Carbon Dioxide Measurements (https://scrippsco2.ucsd.edu/).",ECCA,Atmospheric Carbon Dioxide Concentrations,"Environment, Climate Change, Climate and Weather, Atmospheric Carbon Dioxide Concentrations",2008M06,387.99
World,,WLD,"Monthly Atmospheric Carbon Dioxide Concentrations, Year on Year Percentage Change",Percent,"Dr. Pieter Tans, National Oceanic and Atmospheric Administration (NOAA). Global Monitoring Laboratory, Trends in Atmospheric Carbon Dioxide Data (https://gml.noaa.gov/ccgg/trends/) and Dr. Ralph Keeling, Scripps Institution of Oceanography, Carbon Dioxide Measurements (https://scrippsco2.ucsd.edu/).",ECCA,Atmospheric Carbon Dioxide Concentrations,"Environment, Climate Change, Climate and Weather, Atmospheric Carbon Dioxide Concentrations",2008M06,0.43
World,,WLD,Monthly Atmospheric Carbon Dioxide Concentrations,Parts Per Million,"Dr. Pieter Tans, National Oceanic and Atmospheric Administration (NOAA). Global Monitoring Laboratory, Trends in Atmospheric Carbon Dioxide Data (https://gml.noaa.gov/ccgg/trends/) and Dr. Ralph Keeling, Scripps Institution of Oceanography, Carbon Dioxide Measurements (https://scrippsco2.ucsd.edu/).",ECCA,Atmospheric Carbon Dioxide Concentrations,"Environment, Climate Change, Climate and Weather, Atmospheric Carbon Dioxide Concentrations",2008M07,386.61
World,,WLD,"Monthly Atmospheric Carbon Dioxide Concentrations, Year on Year Percentage Change",Percent,"Dr. Pieter Tans, National Oceanic and Atmospheric Administration (NOAA). Global Monitoring Laboratory, Trends in Atmospheric Carbon Dioxide Data (https://gml.noaa.gov/ccgg/trends/) and Dr. Ralph Keeling, Scripps Institution of Oceanography, Carbon Dioxide Measurements (https://scrippsco2.ucsd.edu/).",ECCA,Atmospheric Carbon Dioxide Concentrations,"Environment, Climate Change, Climate and Weather, Atmospheric Carbon Dioxide Concentrations",2008M07,0.49
World,,WLD,Monthly Atmospheric Carbon Dioxide Concentrations,Parts Per Million,"Dr. Pieter Tans, National Oceanic and Atmospheric Administration (NOAA). Global Monitoring Laboratory, Trends in Atmospheric Carbon Dioxide Data (https://gml.noaa.gov/ccgg/trends/) and Dr. Ralph Keeling, Scripps Institution of Oceanography, Carbon Dioxide Measurements (https://scrippsco2.ucsd.edu/).",ECCA,Atmospheric Carbon Dioxide Concentrations,"Environment, Climate Change, Climate and Weather, Atmospheric Carbon Dioxide Concentrations",2008M08,384.32
World,,WLD,"Monthly Atmospheric Carbon Dioxide Concentrations, Year on Year Percentage Change",Percent,"Dr. Pieter Tans, National Oceanic and Atmospheric Administration (NOAA). Global Monitoring Laboratory, Trends in Atmospheric Carbon Dioxide Data (https://gml.noaa.gov/ccgg/trends/) and Dr. Ralph Keeling, Scripps Institution of Oceanography, Carbon Dioxide Measurements (https://scrippsco2.ucsd.edu/).",ECCA,Atmospheric Carbon Dioxide Concentrations,"Environment, Climate Change, Climate and Weather, Atmospheric Carbon Dioxide Concentrations",2008M08,0.54
World,,WLD,Monthly Atmospheric Carbon Dioxide Concentrations,Parts Per Million,"Dr. Pieter Tans, National Oceanic and Atmospheric Administration (NOAA). Global Monitoring Laboratory, Trends in Atmospheric Carbon Dioxide Data (https://gml.noaa.gov/ccgg/trends/) and Dr. Ralph Keeling, Scripps Institution of Oceanography, Carbon Dioxide Measurements (https://scrippsco2.ucsd.edu/).",ECCA,Atmospheric Carbon Dioxide Concentrations,"Environment, Climate Change, Climate and Weather, Atmospheric Carbon Dioxide Concentrations",2008M09,383.41
World,,WLD,"Monthly Atmospheric Carbon Dioxide Concentrations, Year on Year Percentage Change",Percent,"Dr. Pieter Tans, National Oceanic and Atmospheric Administration (NOAA). Global Monitoring Laboratory, Trends in Atmospheric Carbon Dioxide Data (https://gml.noaa.gov/ccgg/trends/) and Dr. Ralph Keeling, Scripps Institution of Oceanography, Carbon Dioxide Measurements (https://scrippsco2.ucsd.edu/).",ECCA,Atmospheric Carbon Dioxide Concentrations,"Environment, Climate Change, Climate and Weather, Atmospheric Carbon Dioxide Concentrations",2008M09,0.58
World,,WLD,Monthly Atmospheric Carbon Dioxide Concentrations,Parts Per Million,"Dr. Pieter Tans, National Oceanic and Atmospheric Administration (NOAA). Global Monitoring Laboratory, Trends in Atmospheric Carbon Dioxide Data (https://gml.noaa.gov/ccgg/trends/) and Dr. Ralph Keeling, Scripps Institution of Oceanography, Carbon Dioxide Measurements (https://scrippsco2.ucsd.edu/).",ECCA,Atmospheric Carbon Dioxide Concentrations,"Environment, Climate Change, Climate and Weather, Atmospheric Carbon Dioxide Concentrations",2008M10,383.22
World,,WLD,"Monthly Atmospheric Carbon Dioxide Concentrations, Year on Year Percentage Change",Percent,"Dr. Pieter Tans, National Oceanic and Atmospheric Administration (NOAA). Global Monitoring Laboratory, Trends in Atmospheric Carbon Dioxide Data (https://gml.noaa.gov/ccgg/trends/) and Dr. Ralph Keeling, Scripps Institution of Oceanography, Carbon Dioxide Measurements (https://scrippsco2.ucsd.edu/).",ECCA,Atmospheric Carbon Dioxide Concentrations,"Environment, Climate Change, Climate and Weather, Atmospheric Carbon Dioxide Concentrations",2008M10,0.49
World,,WLD,Monthly Atmospheric Carbon Dioxide Concentrations,Parts Per Million,"Dr. Pieter Tans, National Oceanic and Atmospheric Administration (NOAA). Global Monitoring Laboratory, Trends in Atmospheric Carbon Dioxide Data (https://gml.noaa.gov/ccgg/trends/) and Dr. Ralph Keeling, Scripps Institution of Oceanography, Carbon Dioxide Measurements (https://scrippsco2.ucsd.edu/).",ECCA,Atmospheric Carbon Dioxide Concentrations,"Environment, Climate Change, Climate and Weather, Atmospheric Carbon Dioxide Concentrations",2008M11,384.41
World,,WLD,"Monthly Atmospheric Carbon Dioxide Concentrations, Year on Year Percentage Change",Percent,"Dr. Pieter Tans, National Oceanic and Atmospheric Administration (NOAA). Global Monitoring Laboratory, Trends in Atmospheric Carbon Dioxide Data (https://gml.noaa.gov/ccgg/trends/) and Dr. Ralph Keeling, Scripps Institution of Oceanography, Carbon Dioxide Measurements (https://scrippsco2.ucsd.edu/).",ECCA,Atmospheric Carbon Dioxide Concentrations,"Environment, Climate Change, Climate and Weather, Atmospheric Carbon Dioxide Concentrations",2008M11,0.45
World,,WLD,Monthly Atmospheric Carbon Dioxide Concentrations,Parts Per Million,"Dr. Pieter Tans, National Oceanic and Atmospheric Administration (NOAA). Global Monitoring Laboratory, Trends in Atmospheric Carbon Dioxide Data (https://gml.noaa.gov/ccgg/trends/) and Dr. Ralph Keeling, Scripps Institution of Oceanography, Carbon Dioxide Measurements (https://scrippsco2.ucsd.edu/).",ECCA,Atmospheric Carbon Dioxide Concentrations,"Environment, Climate Change, Climate and Weather, Atmospheric Carbon Dioxide Concentrations",2008M12,385.79
World,,WLD,"Monthly Atmospheric Carbon Dioxide Concentrations, Year on Year Percentage Change",Percent,"Dr. Pieter Tans, National Oceanic and Atmospheric Administration (NOAA). Global Monitoring Laboratory, Trends in Atmospheric Carbon Dioxide Data (https://gml.noaa.gov/ccgg/trends/) and Dr. Ralph Keeling, Scripps Institution of Oceanography, Carbon Dioxide Measurements (https://scrippsco2.ucsd.edu/).",ECCA,Atmospheric Carbon Dioxide Concentrations,"Environment, Climate Change, Climate and Weather, Atmospheric Carbon Dioxide Concentrations",2008M12,0.42
World,,WLD,Monthly Atmospheric Carbon Dioxide Concentrations,Parts Per Million,"Dr. Pieter Tans, National Oceanic and Atmospheric Administration (NOAA). Global Monitoring Laboratory, Trends in Atmospheric Carbon Dioxide Data (https://gml.noaa.gov/ccgg/trends/) and Dr. Ralph Keeling, Scripps Institution of Oceanography, Carbon Dioxide Measurements (https://scrippsco2.ucsd.edu/).",ECCA,Atmospheric Carbon Dioxide Concentrations,"Environment, Climate Change, Climate and Weather, Atmospheric Carbon Dioxide Concentrations",2009M01,387.17
World,,WLD,"Monthly Atmospheric Carbon Dioxide Concentrations, Year on Year Percentage Change",Percent,"Dr. Pieter Tans, National Oceanic and Atmospheric Administration (NOAA). Global Monitoring Laboratory, Trends in Atmospheric Carbon Dioxide Data (https://gml.noaa.gov/ccgg/trends/) and Dr. Ralph Keeling, Scripps Institution of Oceanography, Carbon Dioxide Measurements (https://scrippsco2.ucsd.edu/).",ECCA,Atmospheric Carbon Dioxide Concentrations,"Environment, Climate Change, Climate and Weather, Atmospheric Carbon Dioxide Concentrations",2009M01,0.36
World,,WLD,Monthly Atmospheric Carbon Dioxide Concentrations,Parts Per Million,"Dr. Pieter Tans, National Oceanic and Atmospheric Administration (NOAA). Global Monitoring Laboratory, Trends in Atmospheric Carbon Dioxide Data (https://gml.noaa.gov/ccgg/trends/) and Dr. Ralph Keeling, Scripps Institution of Oceanography, Carbon Dioxide Measurements (https://scrippsco2.ucsd.edu/).",ECCA,Atmospheric Carbon Dioxide Concentrations,"Environment, Climate Change, Climate and Weather, Atmospheric Carbon Dioxide Concentrations",2009M02,387.7
World,,WLD,"Monthly Atmospheric Carbon Dioxide Concentrations, Year on Year Percentage Change",Percent,"Dr. Pieter Tans, National Oceanic and Atmospheric Administration (NOAA). Global Monitoring Laboratory, Trends in Atmospheric Carbon Dioxide Data (https://gml.noaa.gov/ccgg/trends/) and Dr. Ralph Keeling, Scripps Institution of Oceanography, Carbon Dioxide Measurements (https://scrippsco2.ucsd.edu/).",ECCA,Atmospheric Carbon Dioxide Concentrations,"Environment, Climate Change, Climate and Weather, Atmospheric Carbon Dioxide Concentrations",2009M02,0.42
World,,WLD,Monthly Atmospheric Carbon Dioxide Concentrations,Parts Per Million,"Dr. Pieter Tans, National Oceanic and Atmospheric Administration (NOAA). Global Monitoring Laboratory, Trends in Atmospheric Carbon Dioxide Data (https://gml.noaa.gov/ccgg/trends/) and Dr. Ralph Keeling, Scripps Institution of Oceanography, Carbon Dioxide Measurements (https://scrippsco2.ucsd.edu/).",ECCA,Atmospheric Carbon Dioxide Concentrations,"Environment, Climate Change, Climate and Weather, Atmospheric Carbon Dioxide Concentrations",2009M03,389.04
World,,WLD,"Monthly Atmospheric Carbon Dioxide Concentrations, Year on Year Percentage Change",Percent,"Dr. Pieter Tans, National Oceanic and Atmospheric Administration (NOAA). Global Monitoring Laboratory, Trends in Atmospheric Carbon Dioxide Data (https://gml.noaa.gov/ccgg/trends/) and Dr. Ralph Keeling, Scripps Institution of Oceanography, Carbon Dioxide Measurements (https://scrippsco2.ucsd.edu/).",ECCA,Atmospheric Carbon Dioxide Concentrations,"Environment, Climate Change, Climate and Weather, Atmospheric Carbon Dioxide Concentrations",2009M03,0.71
World,,WLD,Monthly Atmospheric Carbon Dioxide Concentrations,Parts Per Million,"Dr. Pieter Tans, National Oceanic and Atmospheric Administration (NOAA). Global Monitoring Laboratory, Trends in Atmospheric Carbon Dioxide Data (https://gml.noaa.gov/ccgg/trends/) and Dr. Ralph Keeling, Scripps Institution of Oceanography, Carbon Dioxide Measurements (https://scrippsco2.ucsd.edu/).",ECCA,Atmospheric Carbon Dioxide Concentrations,"Environment, Climate Change, Climate and Weather, Atmospheric Carbon Dioxide Concentrations",2009M04,389.76
World,,WLD,"Monthly Atmospheric Carbon Dioxide Concentrations, Year on Year Percentage Change",Percent,"Dr. Pieter Tans, National Oceanic and Atmospheric Administration (NOAA). Global Monitoring Laboratory, Trends in Atmospheric Carbon Dioxide Data (https://gml.noaa.gov/ccgg/trends/) and Dr. Ralph Keeling, Scripps Institution of Oceanography, Carbon Dioxide Measurements (https://scrippsco2.ucsd.edu/).",ECCA,Atmospheric Carbon Dioxide Concentrations,"Environment, Climate Change, Climate and Weather, Atmospheric Carbon Dioxide Concentrations",2009M04,0.63
World,,WLD,Monthly Atmospheric Carbon Dioxide Concentrations,Parts Per Million,"Dr. Pieter Tans, National Oceanic and Atmospheric Administration (NOAA). Global Monitoring Laboratory, Trends in Atmospheric Carbon Dioxide Data (https://gml.noaa.gov/ccgg/trends/) and Dr. Ralph Keeling, Scripps Institution of Oceanography, Carbon Dioxide Measurements (https://scrippsco2.ucsd.edu/).",ECCA,Atmospheric Carbon Dioxide Concentrations,"Environment, Climate Change, Climate and Weather, Atmospheric Carbon Dioxide Concentrations",2009M05,390.36
World,,WLD,"Monthly Atmospheric Carbon Dioxide Concentrations, Year on Year Percentage Change",Percent,"Dr. Pieter Tans, National Oceanic and Atmospheric Administration (NOAA). Global Monitoring Laboratory, Trends in Atmospheric Carbon Dioxide Data (https://gml.noaa.gov/ccgg/trends/) and Dr. Ralph Keeling, Scripps Institution of Oceanography, Carbon Dioxide Measurements (https://scrippsco2.ucsd.edu/).",ECCA,Atmospheric Carbon Dioxide Concentrations,"Environment, Climate Change, Climate and Weather, Atmospheric Carbon Dioxide Concentrations",2009M05,0.41
World,,WLD,Monthly Atmospheric Carbon Dioxide Concentrations,Parts Per Million,"Dr. Pieter Tans, National Oceanic and Atmospheric Administration (NOAA). Global Monitoring Laboratory, Trends in Atmospheric Carbon Dioxide Data (https://gml.noaa.gov/ccgg/trends/) and Dr. Ralph Keeling, Scripps Institution of Oceanography, Carbon Dioxide Measurements (https://scrippsco2.ucsd.edu/).",ECCA,Atmospheric Carbon Dioxide Concentrations,"Environment, Climate Change, Climate and Weather, Atmospheric Carbon Dioxide Concentrations",2009M06,389.7
World,,WLD,"Monthly Atmospheric Carbon Dioxide Concentrations, Year on Year Percentage Change",Percent,"Dr. Pieter Tans, National Oceanic and Atmospheric Administration (NOAA). Global Monitoring Laboratory, Trends in Atmospheric Carbon Dioxide Data (https://gml.noaa.gov/ccgg/trends/) and Dr. Ralph Keeling, Scripps Institution of Oceanography, Carbon Dioxide Measurements (https://scrippsco2.ucsd.edu/).",ECCA,Atmospheric Carbon Dioxide Concentrations,"Environment, Climate Change, Climate and Weather, Atmospheric Carbon Dioxide Concentrations",2009M06,0.44
World,,WLD,Monthly Atmospheric Carbon Dioxide Concentrations,Parts Per Million,"Dr. Pieter Tans, National Oceanic and Atmospheric Administration (NOAA). Global Monitoring Laboratory, Trends in Atmospheric Carbon Dioxide Data (https://gml.noaa.gov/ccgg/trends/) and Dr. Ralph Keeling, Scripps Institution of Oceanography, Carbon Dioxide Measurements (https://scrippsco2.ucsd.edu/).",ECCA,Atmospheric Carbon Dioxide Concentrations,"Environment, Climate Change, Climate and Weather, Atmospheric Carbon Dioxide Concentrations",2009M07,388.24
World,,WLD,"Monthly Atmospheric Carbon Dioxide Concentrations, Year on Year Percentage Change",Percent,"Dr. Pieter Tans, National Oceanic and Atmospheric Administration (NOAA). Global Monitoring Laboratory, Trends in Atmospheric Carbon Dioxide Data (https://gml.noaa.gov/ccgg/trends/) and Dr. Ralph Keeling, Scripps Institution of Oceanography, Carbon Dioxide Measurements (https://scrippsco2.ucsd.edu/).",ECCA,Atmospheric Carbon Dioxide Concentrations,"Environment, Climate Change, Climate and Weather, Atmospheric Carbon Dioxide Concentrations",2009M07,0.42
World,,WLD,Monthly Atmospheric Carbon Dioxide Concentrations,Parts Per Million,"Dr. Pieter Tans, National Oceanic and Atmospheric Administration (NOAA). Global Monitoring Laboratory, Trends in Atmospheric Carbon Dioxide Data (https://gml.noaa.gov/ccgg/trends/) and Dr. Ralph Keeling, Scripps Institution of Oceanography, Carbon Dioxide Measurements (https://scrippsco2.ucsd.edu/).",ECCA,Atmospheric Carbon Dioxide Concentrations,"Environment, Climate Change, Climate and Weather, Atmospheric Carbon Dioxide Concentrations",2009M08,386.29
World,,WLD,"Monthly Atmospheric Carbon Dioxide Concentrations, Year on Year Percentage Change",Percent,"Dr. Pieter Tans, National Oceanic and Atmospheric Administration (NOAA). Global Monitoring Laboratory, Trends in Atmospheric Carbon Dioxide Data (https://gml.noaa.gov/ccgg/trends/) and Dr. Ralph Keeling, Scripps Institution of Oceanography, Carbon Dioxide Measurements (https://scrippsco2.ucsd.edu/).",ECCA,Atmospheric Carbon Dioxide Concentrations,"Environment, Climate Change, Climate and Weather, Atmospheric Carbon Dioxide Concentrations",2009M08,0.51
World,,WLD,Monthly Atmospheric Carbon Dioxide Concentrations,Parts Per Million,"Dr. Pieter Tans, National Oceanic and Atmospheric Administration (NOAA). Global Monitoring Laboratory, Trends in Atmospheric Carbon Dioxide Data (https://gml.noaa.gov/ccgg/trends/) and Dr. Ralph Keeling, Scripps Institution of Oceanography, Carbon Dioxide Measurements (https://scrippsco2.ucsd.edu/).",ECCA,Atmospheric Carbon Dioxide Concentrations,"Environment, Climate Change, Climate and Weather, Atmospheric Carbon Dioxide Concentrations",2009M09,384.95
World,,WLD,"Monthly Atmospheric Carbon Dioxide Concentrations, Year on Year Percentage Change",Percent,"Dr. Pieter Tans, National Oceanic and Atmospheric Administration (NOAA). Global Monitoring Laboratory, Trends in Atmospheric Carbon Dioxide Data (https://gml.noaa.gov/ccgg/trends/) and Dr. Ralph Keeling, Scripps Institution of Oceanography, Carbon Dioxide Measurements (https://scrippsco2.ucsd.edu/).",ECCA,Atmospheric Carbon Dioxide Concentrations,"Environment, Climate Change, Climate and Weather, Atmospheric Carbon Dioxide Concentrations",2009M09,0.4
World,,WLD,Monthly Atmospheric Carbon Dioxide Concentrations,Parts Per Million,"Dr. Pieter Tans, National Oceanic and Atmospheric Administration (NOAA). Global Monitoring Laboratory, Trends in Atmospheric Carbon Dioxide Data (https://gml.noaa.gov/ccgg/trends/) and Dr. Ralph Keeling, Scripps Institution of Oceanography, Carbon Dioxide Measurements (https://scrippsco2.ucsd.edu/).",ECCA,Atmospheric Carbon Dioxide Concentrations,"Environment, Climate Change, Climate and Weather, Atmospheric Carbon Dioxide Concentrations",2009M10,384.64
World,,WLD,"Monthly Atmospheric Carbon Dioxide Concentrations, Year on Year Percentage Change",Percent,"Dr. Pieter Tans, National Oceanic and Atmospheric Administration (NOAA). Global Monitoring Laboratory, Trends in Atmospheric Carbon Dioxide Data (https://gml.noaa.gov/ccgg/trends/) and Dr. Ralph Keeling, Scripps Institution of Oceanography, Carbon Dioxide Measurements (https://scrippsco2.ucsd.edu/).",ECCA,Atmospheric Carbon Dioxide Concentrations,"Environment, Climate Change, Climate and Weather, Atmospheric Carbon Dioxide Concentrations",2009M10,0.37
World,,WLD,Monthly Atmospheric Carbon Dioxide Concentrations,Parts Per Million,"Dr. Pieter Tans, National Oceanic and Atmospheric Administration (NOAA). Global Monitoring Laboratory, Trends in Atmospheric Carbon Dioxide Data (https://gml.noaa.gov/ccgg/trends/) and Dr. Ralph Keeling, Scripps Institution of Oceanography, Carbon Dioxide Measurements (https://scrippsco2.ucsd.edu/).",ECCA,Atmospheric Carbon Dioxide Concentrations,"Environment, Climate Change, Climate and Weather, Atmospheric Carbon Dioxide Concentrations",2009M11,386.23
World,,WLD,"Monthly Atmospheric Carbon Dioxide Concentrations, Year on Year Percentage Change",Percent,"Dr. Pieter Tans, National Oceanic and Atmospheric Administration (NOAA). Global Monitoring Laboratory, Trends in Atmospheric Carbon Dioxide Data (https://gml.noaa.gov/ccgg/trends/) and Dr. Ralph Keeling, Scripps Institution of Oceanography, Carbon Dioxide Measurements (https://scrippsco2.ucsd.edu/).",ECCA,Atmospheric Carbon Dioxide Concentrations,"Environment, Climate Change, Climate and Weather, Atmospheric Carbon Dioxide Concentrations",2009M11,0.47
World,,WLD,Monthly Atmospheric Carbon Dioxide Concentrations,Parts Per Million,"Dr. Pieter Tans, National Oceanic and Atmospheric Administration (NOAA). Global Monitoring Laboratory, Trends in Atmospheric Carbon Dioxide Data (https://gml.noaa.gov/ccgg/trends/) and Dr. Ralph Keeling, Scripps Institution of Oceanography, Carbon Dioxide Measurements (https://scrippsco2.ucsd.edu/).",ECCA,Atmospheric Carbon Dioxide Concentrations,"Environment, Climate Change, Climate and Weather, Atmospheric Carbon Dioxide Concentrations",2009M12,387.63
World,,WLD,"Monthly Atmospheric Carbon Dioxide Concentrations, Year on Year Percentage Change",Percent,"Dr. Pieter Tans, National Oceanic and Atmospheric Administration (NOAA). Global Monitoring Laboratory, Trends in Atmospheric Carbon Dioxide Data (https://gml.noaa.gov/ccgg/trends/) and Dr. Ralph Keeling, Scripps Institution of Oceanography, Carbon Dioxide Measurements (https://scrippsco2.ucsd.edu/).",ECCA,Atmospheric Carbon Dioxide Concentrations,"Environment, Climate Change, Climate and Weather, Atmospheric Carbon Dioxide Concentrations",2009M12,0.48
World,,WLD,Monthly Atmospheric Carbon Dioxide Concentrations,Parts Per Million,"Dr. Pieter Tans, National Oceanic and Atmospheric Administration (NOAA). Global Monitoring Laboratory, Trends in Atmospheric Carbon Dioxide Data (https://gml.noaa.gov/ccgg/trends/) and Dr. Ralph Keeling, Scripps Institution of Oceanography, Carbon Dioxide Measurements (https://scrippsco2.ucsd.edu/).",ECCA,Atmospheric Carbon Dioxide Concentrations,"Environment, Climate Change, Climate and Weather, Atmospheric Carbon Dioxide Concentrations",2010M01,388.91
World,,WLD,"Monthly Atmospheric Carbon Dioxide Concentrations, Year on Year Percentage Change",Percent,"Dr. Pieter Tans, National Oceanic and Atmospheric Administration (NOAA). Global Monitoring Laboratory, Trends in Atmospheric Carbon Dioxide Data (https://gml.noaa.gov/ccgg/trends/) and Dr. Ralph Keeling, Scripps Institution of Oceanography, Carbon Dioxide Measurements (https://scrippsco2.ucsd.edu/).",ECCA,Atmospheric Carbon Dioxide Concentrations,"Environment, Climate Change, Climate and Weather, Atmospheric Carbon Dioxide Concentrations",2010M01,0.45
World,,WLD,Monthly Atmospheric Carbon Dioxide Concentrations,Parts Per Million,"Dr. Pieter Tans, National Oceanic and Atmospheric Administration (NOAA). Global Monitoring Laboratory, Trends in Atmospheric Carbon Dioxide Data (https://gml.noaa.gov/ccgg/trends/) and Dr. Ralph Keeling, Scripps Institution of Oceanography, Carbon Dioxide Measurements (https://scrippsco2.ucsd.edu/).",ECCA,Atmospheric Carbon Dioxide Concentrations,"Environment, Climate Change, Climate and Weather, Atmospheric Carbon Dioxide Concentrations",2010M02,390.41
World,,WLD,"Monthly Atmospheric Carbon Dioxide Concentrations, Year on Year Percentage Change",Percent,"Dr. Pieter Tans, National Oceanic and Atmospheric Administration (NOAA). Global Monitoring Laboratory, Trends in Atmospheric Carbon Dioxide Data (https://gml.noaa.gov/ccgg/trends/) and Dr. Ralph Keeling, Scripps Institution of Oceanography, Carbon Dioxide Measurements (https://scrippsco2.ucsd.edu/).",ECCA,Atmospheric Carbon Dioxide Concentrations,"Environment, Climate Change, Climate and Weather, Atmospheric Carbon Dioxide Concentrations",2010M02,0.7
World,,WLD,Monthly Atmospheric Carbon Dioxide Concentrations,Parts Per Million,"Dr. Pieter Tans, National Oceanic and Atmospheric Administration (NOAA). Global Monitoring Laboratory, Trends in Atmospheric Carbon Dioxide Data (https://gml.noaa.gov/ccgg/trends/) and Dr. Ralph Keeling, Scripps Institution of Oceanography, Carbon Dioxide Measurements (https://scrippsco2.ucsd.edu/).",ECCA,Atmospheric Carbon Dioxide Concentrations,"Environment, Climate Change, Climate and Weather, Atmospheric Carbon Dioxide Concentrations",2010M03,391.37
World,,WLD,"Monthly Atmospheric Carbon Dioxide Concentrations, Year on Year Percentage Change",Percent,"Dr. Pieter Tans, National Oceanic and Atmospheric Administration (NOAA). Global Monitoring Laboratory, Trends in Atmospheric Carbon Dioxide Data (https://gml.noaa.gov/ccgg/trends/) and Dr. Ralph Keeling, Scripps Institution of Oceanography, Carbon Dioxide Measurements (https://scrippsco2.ucsd.edu/).",ECCA,Atmospheric Carbon Dioxide Concentrations,"Environment, Climate Change, Climate and Weather, Atmospheric Carbon Dioxide Concentrations",2010M03,0.6
World,,WLD,Monthly Atmospheric Carbon Dioxide Concentrations,Parts Per Million,"Dr. Pieter Tans, National Oceanic and Atmospheric Administration (NOAA). Global Monitoring Laboratory, Trends in Atmospheric Carbon Dioxide Data (https://gml.noaa.gov/ccgg/trends/) and Dr. Ralph Keeling, Scripps Institution of Oceanography, Carbon Dioxide Measurements (https://scrippsco2.ucsd.edu/).",ECCA,Atmospheric Carbon Dioxide Concentrations,"Environment, Climate Change, Climate and Weather, Atmospheric Carbon Dioxide Concentrations",2010M04,392.67
World,,WLD,"Monthly Atmospheric Carbon Dioxide Concentrations, Year on Year Percentage Change",Percent,"Dr. Pieter Tans, National Oceanic and Atmospheric Administration (NOAA). Global Monitoring Laboratory, Trends in Atmospheric Carbon Dioxide Data (https://gml.noaa.gov/ccgg/trends/) and Dr. Ralph Keeling, Scripps Institution of Oceanography, Carbon Dioxide Measurements (https://scrippsco2.ucsd.edu/).",ECCA,Atmospheric Carbon Dioxide Concentrations,"Environment, Climate Change, Climate and Weather, Atmospheric Carbon Dioxide Concentrations",2010M04,0.75
World,,WLD,Monthly Atmospheric Carbon Dioxide Concentrations,Parts Per Million,"Dr. Pieter Tans, National Oceanic and Atmospheric Administration (NOAA). Global Monitoring Laboratory, Trends in Atmospheric Carbon Dioxide Data (https://gml.noaa.gov/ccgg/trends/) and Dr. Ralph Keeling, Scripps Institution of Oceanography, Carbon Dioxide Measurements (https://scrippsco2.ucsd.edu/).",ECCA,Atmospheric Carbon Dioxide Concentrations,"Environment, Climate Change, Climate and Weather, Atmospheric Carbon Dioxide Concentrations",2010M05,393.21
World,,WLD,"Monthly Atmospheric Carbon Dioxide Concentrations, Year on Year Percentage Change",Percent,"Dr. Pieter Tans, National Oceanic and Atmospheric Administration (NOAA). Global Monitoring Laboratory, Trends in Atmospheric Carbon Dioxide Data (https://gml.noaa.gov/ccgg/trends/) and Dr. Ralph Keeling, Scripps Institution of Oceanography, Carbon Dioxide Measurements (https://scrippsco2.ucsd.edu/).",ECCA,Atmospheric Carbon Dioxide Concentrations,"Environment, Climate Change, Climate and Weather, Atmospheric Carbon Dioxide Concentrations",2010M05,0.73
World,,WLD,Monthly Atmospheric Carbon Dioxide Concentrations,Parts Per Million,"Dr. Pieter Tans, National Oceanic and Atmospheric Administration (NOAA). Global Monitoring Laboratory, Trends in Atmospheric Carbon Dioxide Data (https://gml.noaa.gov/ccgg/trends/) and Dr. Ralph Keeling, Scripps Institution of Oceanography, Carbon Dioxide Measurements (https://scrippsco2.ucsd.edu/).",ECCA,Atmospheric Carbon Dioxide Concentrations,"Environment, Climate Change, Climate and Weather, Atmospheric Carbon Dioxide Concentrations",2010M06,392.38
World,,WLD,"Monthly Atmospheric Carbon Dioxide Concentrations, Year on Year Percentage Change",Percent,"Dr. Pieter Tans, National Oceanic and Atmospheric Administration (NOAA). Global Monitoring Laboratory, Trends in Atmospheric Carbon Dioxide Data (https://gml.noaa.gov/ccgg/trends/) and Dr. Ralph Keeling, Scripps Institution of Oceanography, Carbon Dioxide Measurements (https://scrippsco2.ucsd.edu/).",ECCA,Atmospheric Carbon Dioxide Concentrations,"Environment, Climate Change, Climate and Weather, Atmospheric Carbon Dioxide Concentrations",2010M06,0.69
World,,WLD,Monthly Atmospheric Carbon Dioxide Concentrations,Parts Per Million,"Dr. Pieter Tans, National Oceanic and Atmospheric Administration (NOAA). Global Monitoring Laboratory, Trends in Atmospheric Carbon Dioxide Data (https://gml.noaa.gov/ccgg/trends/) and Dr. Ralph Keeling, Scripps Institution of Oceanography, Carbon Dioxide Measurements (https://scrippsco2.ucsd.edu/).",ECCA,Atmospheric Carbon Dioxide Concentrations,"Environment, Climate Change, Climate and Weather, Atmospheric Carbon Dioxide Concentrations",2010M07,390.41
World,,WLD,"Monthly Atmospheric Carbon Dioxide Concentrations, Year on Year Percentage Change",Percent,"Dr. Pieter Tans, National Oceanic and Atmospheric Administration (NOAA). Global Monitoring Laboratory, Trends in Atmospheric Carbon Dioxide Data (https://gml.noaa.gov/ccgg/trends/) and Dr. Ralph Keeling, Scripps Institution of Oceanography, Carbon Dioxide Measurements (https://scrippsco2.ucsd.edu/).",ECCA,Atmospheric Carbon Dioxide Concentrations,"Environment, Climate Change, Climate and Weather, Atmospheric Carbon Dioxide Concentrations",2010M07,0.56
World,,WLD,Monthly Atmospheric Carbon Dioxide Concentrations,Parts Per Million,"Dr. Pieter Tans, National Oceanic and Atmospheric Administration (NOAA). Global Monitoring Laboratory, Trends in Atmospheric Carbon Dioxide Data (https://gml.noaa.gov/ccgg/trends/) and Dr. Ralph Keeling, Scripps Institution of Oceanography, Carbon Dioxide Measurements (https://scrippsco2.ucsd.edu/).",ECCA,Atmospheric Carbon Dioxide Concentrations,"Environment, Climate Change, Climate and Weather, Atmospheric Carbon Dioxide Concentrations",2010M08,388.54
World,,WLD,"Monthly Atmospheric Carbon Dioxide Concentrations, Year on Year Percentage Change",Percent,"Dr. Pieter Tans, National Oceanic and Atmospheric Administration (NOAA). Global Monitoring Laboratory, Trends in Atmospheric Carbon Dioxide Data (https://gml.noaa.gov/ccgg/trends/) and Dr. Ralph Keeling, Scripps Institution of Oceanography, Carbon Dioxide Measurements (https://scrippsco2.ucsd.edu/).",ECCA,Atmospheric Carbon Dioxide Concentrations,"Environment, Climate Change, Climate and Weather, Atmospheric Carbon Dioxide Concentrations",2010M08,0.58
World,,WLD,Monthly Atmospheric Carbon Dioxide Concentrations,Parts Per Million,"Dr. Pieter Tans, National Oceanic and Atmospheric Administration (NOAA). Global Monitoring Laboratory, Trends in Atmospheric Carbon Dioxide Data (https://gml.noaa.gov/ccgg/trends/) and Dr. Ralph Keeling, Scripps Institution of Oceanography, Carbon Dioxide Measurements (https://scrippsco2.ucsd.edu/).",ECCA,Atmospheric Carbon Dioxide Concentrations,"Environment, Climate Change, Climate and Weather, Atmospheric Carbon Dioxide Concentrations",2010M09,387.03
World,,WLD,"Monthly Atmospheric Carbon Dioxide Concentrations, Year on Year Percentage Change",Percent,"Dr. Pieter Tans, National Oceanic and Atmospheric Administration (NOAA). Global Monitoring Laboratory, Trends in Atmospheric Carbon Dioxide Data (https://gml.noaa.gov/ccgg/trends/) and Dr. Ralph Keeling, Scripps Institution of Oceanography, Carbon Dioxide Measurements (https://scrippsco2.ucsd.edu/).",ECCA,Atmospheric Carbon Dioxide Concentrations,"Environment, Climate Change, Climate and Weather, Atmospheric Carbon Dioxide Concentrations",2010M09,0.54
World,,WLD,Monthly Atmospheric Carbon Dioxide Concentrations,Parts Per Million,"Dr. Pieter Tans, National Oceanic and Atmospheric Administration (NOAA). Global Monitoring Laboratory, Trends in Atmospheric Carbon Dioxide Data (https://gml.noaa.gov/ccgg/trends/) and Dr. Ralph Keeling, Scripps Institution of Oceanography, Carbon Dioxide Measurements (https://scrippsco2.ucsd.edu/).",ECCA,Atmospheric Carbon Dioxide Concentrations,"Environment, Climate Change, Climate and Weather, Atmospheric Carbon Dioxide Concentrations",2010M10,387.43
World,,WLD,"Monthly Atmospheric Carbon Dioxide Concentrations, Year on Year Percentage Change",Percent,"Dr. Pieter Tans, National Oceanic and Atmospheric Administration (NOAA). Global Monitoring Laboratory, Trends in Atmospheric Carbon Dioxide Data (https://gml.noaa.gov/ccgg/trends/) and Dr. Ralph Keeling, Scripps Institution of Oceanography, Carbon Dioxide Measurements (https://scrippsco2.ucsd.edu/).",ECCA,Atmospheric Carbon Dioxide Concentrations,"Environment, Climate Change, Climate and Weather, Atmospheric Carbon Dioxide Concentrations",2010M10,0.73
World,,WLD,Monthly Atmospheric Carbon Dioxide Concentrations,Parts Per Million,"Dr. Pieter Tans, National Oceanic and Atmospheric Administration (NOAA). Global Monitoring Laboratory, Trends in Atmospheric Carbon Dioxide Data (https://gml.noaa.gov/ccgg/trends/) and Dr. Ralph Keeling, Scripps Institution of Oceanography, Carbon Dioxide Measurements (https://scrippsco2.ucsd.edu/).",ECCA,Atmospheric Carbon Dioxide Concentrations,"Environment, Climate Change, Climate and Weather, Atmospheric Carbon Dioxide Concentrations",2010M11,388.87
World,,WLD,"Monthly Atmospheric Carbon Dioxide Concentrations, Year on Year Percentage Change",Percent,"Dr. Pieter Tans, National Oceanic and Atmospheric Administration (NOAA). Global Monitoring Laboratory, Trends in Atmospheric Carbon Dioxide Data (https://gml.noaa.gov/ccgg/trends/) and Dr. Ralph Keeling, Scripps Institution of Oceanography, Carbon Dioxide Measurements (https://scrippsco2.ucsd.edu/).",ECCA,Atmospheric Carbon Dioxide Concentrations,"Environment, Climate Change, Climate and Weather, Atmospheric Carbon Dioxide Concentrations",2010M11,0.68
World,,WLD,Monthly Atmospheric Carbon Dioxide Concentrations,Parts Per Million,"Dr. Pieter Tans, National Oceanic and Atmospheric Administration (NOAA). Global Monitoring Laboratory, Trends in Atmospheric Carbon Dioxide Data (https://gml.noaa.gov/ccgg/trends/) and Dr. Ralph Keeling, Scripps Institution of Oceanography, Carbon Dioxide Measurements (https://scrippsco2.ucsd.edu/).",ECCA,Atmospheric Carbon Dioxide Concentrations,"Environment, Climate Change, Climate and Weather, Atmospheric Carbon Dioxide Concentrations",2010M12,389.99
World,,WLD,"Monthly Atmospheric Carbon Dioxide Concentrations, Year on Year Percentage Change",Percent,"Dr. Pieter Tans, National Oceanic and Atmospheric Administration (NOAA). Global Monitoring Laboratory, Trends in Atmospheric Carbon Dioxide Data (https://gml.noaa.gov/ccgg/trends/) and Dr. Ralph Keeling, Scripps Institution of Oceanography, Carbon Dioxide Measurements (https://scrippsco2.ucsd.edu/).",ECCA,Atmospheric Carbon Dioxide Concentrations,"Environment, Climate Change, Climate and Weather, Atmospheric Carbon Dioxide Concentrations",2010M12,0.61
World,,WLD,Monthly Atmospheric Carbon Dioxide Concentrations,Parts Per Million,"Dr. Pieter Tans, National Oceanic and Atmospheric Administration (NOAA). Global Monitoring Laboratory, Trends in Atmospheric Carbon Dioxide Data (https://gml.noaa.gov/ccgg/trends/) and Dr. Ralph Keeling, Scripps Institution of Oceanography, Carbon Dioxide Measurements (https://scrippsco2.ucsd.edu/).",ECCA,Atmospheric Carbon Dioxide Concentrations,"Environment, Climate Change, Climate and Weather, Atmospheric Carbon Dioxide Concentrations",2011M01,391.5
World,,WLD,"Monthly Atmospheric Carbon Dioxide Concentrations, Year on Year Percentage Change",Percent,"Dr. Pieter Tans, National Oceanic and Atmospheric Administration (NOAA). Global Monitoring Laboratory, Trends in Atmospheric Carbon Dioxide Data (https://gml.noaa.gov/ccgg/trends/) and Dr. Ralph Keeling, Scripps Institution of Oceanography, Carbon Dioxide Measurements (https://scrippsco2.ucsd.edu/).",ECCA,Atmospheric Carbon Dioxide Concentrations,"Environment, Climate Change, Climate and Weather, Atmospheric Carbon Dioxide Concentrations",2011M01,0.67
World,,WLD,Monthly Atmospheric Carbon Dioxide Concentrations,Parts Per Million,"Dr. Pieter Tans, National Oceanic and Atmospheric Administration (NOAA). Global Monitoring Laboratory, Trends in Atmospheric Carbon Dioxide Data (https://gml.noaa.gov/ccgg/trends/) and Dr. Ralph Keeling, Scripps Institution of Oceanography, Carbon Dioxide Measurements (https://scrippsco2.ucsd.edu/).",ECCA,Atmospheric Carbon Dioxide Concentrations,"Environment, Climate Change, Climate and Weather, Atmospheric Carbon Dioxide Concentrations",2011M02,392.05
World,,WLD,"Monthly Atmospheric Carbon Dioxide Concentrations, Year on Year Percentage Change",Percent,"Dr. Pieter Tans, National Oceanic and Atmospheric Administration (NOAA). Global Monitoring Laboratory, Trends in Atmospheric Carbon Dioxide Data (https://gml.noaa.gov/ccgg/trends/) and Dr. Ralph Keeling, Scripps Institution of Oceanography, Carbon Dioxide Measurements (https://scrippsco2.ucsd.edu/).",ECCA,Atmospheric Carbon Dioxide Concentrations,"Environment, Climate Change, Climate and Weather, Atmospheric Carbon Dioxide Concentrations",2011M02,0.42
World,,WLD,Monthly Atmospheric Carbon Dioxide Concentrations,Parts Per Million,"Dr. Pieter Tans, National Oceanic and Atmospheric Administration (NOAA). Global Monitoring Laboratory, Trends in Atmospheric Carbon Dioxide Data (https://gml.noaa.gov/ccgg/trends/) and Dr. Ralph Keeling, Scripps Institution of Oceanography, Carbon Dioxide Measurements (https://scrippsco2.ucsd.edu/).",ECCA,Atmospheric Carbon Dioxide Concentrations,"Environment, Climate Change, Climate and Weather, Atmospheric Carbon Dioxide Concentrations",2011M03,392.8
World,,WLD,"Monthly Atmospheric Carbon Dioxide Concentrations, Year on Year Percentage Change",Percent,"Dr. Pieter Tans, National Oceanic and Atmospheric Administration (NOAA). Global Monitoring Laboratory, Trends in Atmospheric Carbon Dioxide Data (https://gml.noaa.gov/ccgg/trends/) and Dr. Ralph Keeling, Scripps Institution of Oceanography, Carbon Dioxide Measurements (https://scrippsco2.ucsd.edu/).",ECCA,Atmospheric Carbon Dioxide Concentrations,"Environment, Climate Change, Climate and Weather, Atmospheric Carbon Dioxide Concentrations",2011M03,0.37
World,,WLD,Monthly Atmospheric Carbon Dioxide Concentrations,Parts Per Million,"Dr. Pieter Tans, National Oceanic and Atmospheric Administration (NOAA). Global Monitoring Laboratory, Trends in Atmospheric Carbon Dioxide Data (https://gml.noaa.gov/ccgg/trends/) and Dr. Ralph Keeling, Scripps Institution of Oceanography, Carbon Dioxide Measurements (https://scrippsco2.ucsd.edu/).",ECCA,Atmospheric Carbon Dioxide Concentrations,"Environment, Climate Change, Climate and Weather, Atmospheric Carbon Dioxide Concentrations",2011M04,393.44
World,,WLD,"Monthly Atmospheric Carbon Dioxide Concentrations, Year on Year Percentage Change",Percent,"Dr. Pieter Tans, National Oceanic and Atmospheric Administration (NOAA). Global Monitoring Laboratory, Trends in Atmospheric Carbon Dioxide Data (https://gml.noaa.gov/ccgg/trends/) and Dr. Ralph Keeling, Scripps Institution of Oceanography, Carbon Dioxide Measurements (https://scrippsco2.ucsd.edu/).",ECCA,Atmospheric Carbon Dioxide Concentrations,"Environment, Climate Change, Climate and Weather, Atmospheric Carbon Dioxide Concentrations",2011M04,0.2
World,,WLD,Monthly Atmospheric Carbon Dioxide Concentrations,Parts Per Million,"Dr. Pieter Tans, National Oceanic and Atmospheric Administration (NOAA). Global Monitoring Laboratory, Trends in Atmospheric Carbon Dioxide Data (https://gml.noaa.gov/ccgg/trends/) and Dr. Ralph Keeling, Scripps Institution of Oceanography, Carbon Dioxide Measurements (https://scrippsco2.ucsd.edu/).",ECCA,Atmospheric Carbon Dioxide Concentrations,"Environment, Climate Change, Climate and Weather, Atmospheric Carbon Dioxide Concentrations",2011M05,394.41
World,,WLD,"Monthly Atmospheric Carbon Dioxide Concentrations, Year on Year Percentage Change",Percent,"Dr. Pieter Tans, National Oceanic and Atmospheric Administration (NOAA). Global Monitoring Laboratory, Trends in Atmospheric Carbon Dioxide Data (https://gml.noaa.gov/ccgg/trends/) and Dr. Ralph Keeling, Scripps Institution of Oceanography, Carbon Dioxide Measurements (https://scrippsco2.ucsd.edu/).",ECCA,Atmospheric Carbon Dioxide Concentrations,"Environment, Climate Change, Climate and Weather, Atmospheric Carbon Dioxide Concentrations",2011M05,0.31
World,,WLD,Monthly Atmospheric Carbon Dioxide Concentrations,Parts Per Million,"Dr. Pieter Tans, National Oceanic and Atmospheric Administration (NOAA). Global Monitoring Laboratory, Trends in Atmospheric Carbon Dioxide Data (https://gml.noaa.gov/ccgg/trends/) and Dr. Ralph Keeling, Scripps Institution of Oceanography, Carbon Dioxide Measurements (https://scrippsco2.ucsd.edu/).",ECCA,Atmospheric Carbon Dioxide Concentrations,"Environment, Climate Change, Climate and Weather, Atmospheric Carbon Dioxide Concentrations",2011M06,393.95
World,,WLD,"Monthly Atmospheric Carbon Dioxide Concentrations, Year on Year Percentage Change",Percent,"Dr. Pieter Tans, National Oceanic and Atmospheric Administration (NOAA). Global Monitoring Laboratory, Trends in Atmospheric Carbon Dioxide Data (https://gml.noaa.gov/ccgg/trends/) and Dr. Ralph Keeling, Scripps Institution of Oceanography, Carbon Dioxide Measurements (https://scrippsco2.ucsd.edu/).",ECCA,Atmospheric Carbon Dioxide Concentrations,"Environment, Climate Change, Climate and Weather, Atmospheric Carbon Dioxide Concentrations",2011M06,0.4
World,,WLD,Monthly Atmospheric Carbon Dioxide Concentrations,Parts Per Million,"Dr. Pieter Tans, National Oceanic and Atmospheric Administration (NOAA). Global Monitoring Laboratory, Trends in Atmospheric Carbon Dioxide Data (https://gml.noaa.gov/ccgg/trends/) and Dr. Ralph Keeling, Scripps Institution of Oceanography, Carbon Dioxide Measurements (https://scrippsco2.ucsd.edu/).",ECCA,Atmospheric Carbon Dioxide Concentrations,"Environment, Climate Change, Climate and Weather, Atmospheric Carbon Dioxide Concentrations",2011M07,392.72
World,,WLD,"Monthly Atmospheric Carbon Dioxide Concentrations, Year on Year Percentage Change",Percent,"Dr. Pieter Tans, National Oceanic and Atmospheric Administration (NOAA). Global Monitoring Laboratory, Trends in Atmospheric Carbon Dioxide Data (https://gml.noaa.gov/ccgg/trends/) and Dr. Ralph Keeling, Scripps Institution of Oceanography, Carbon Dioxide Measurements (https://scrippsco2.ucsd.edu/).",ECCA,Atmospheric Carbon Dioxide Concentrations,"Environment, Climate Change, Climate and Weather, Atmospheric Carbon Dioxide Concentrations",2011M07,0.59
World,,WLD,Monthly Atmospheric Carbon Dioxide Concentrations,Parts Per Million,"Dr. Pieter Tans, National Oceanic and Atmospheric Administration (NOAA). Global Monitoring Laboratory, Trends in Atmospheric Carbon Dioxide Data (https://gml.noaa.gov/ccgg/trends/) and Dr. Ralph Keeling, Scripps Institution of Oceanography, Carbon Dioxide Measurements (https://scrippsco2.ucsd.edu/).",ECCA,Atmospheric Carbon Dioxide Concentrations,"Environment, Climate Change, Climate and Weather, Atmospheric Carbon Dioxide Concentrations",2011M08,390.33
World,,WLD,"Monthly Atmospheric Carbon Dioxide Concentrations, Year on Year Percentage Change",Percent,"Dr. Pieter Tans, National Oceanic and Atmospheric Administration (NOAA). Global Monitoring Laboratory, Trends in Atmospheric Carbon Dioxide Data (https://gml.noaa.gov/ccgg/trends/) and Dr. Ralph Keeling, Scripps Institution of Oceanography, Carbon Dioxide Measurements (https://scrippsco2.ucsd.edu/).",ECCA,Atmospheric Carbon Dioxide Concentrations,"Environment, Climate Change, Climate and Weather, Atmospheric Carbon Dioxide Concentrations",2011M08,0.46
World,,WLD,Monthly Atmospheric Carbon Dioxide Concentrations,Parts Per Million,"Dr. Pieter Tans, National Oceanic and Atmospheric Administration (NOAA). Global Monitoring Laboratory, Trends in Atmospheric Carbon Dioxide Data (https://gml.noaa.gov/ccgg/trends/) and Dr. Ralph Keeling, Scripps Institution of Oceanography, Carbon Dioxide Measurements (https://scrippsco2.ucsd.edu/).",ECCA,Atmospheric Carbon Dioxide Concentrations,"Environment, Climate Change, Climate and Weather, Atmospheric Carbon Dioxide Concentrations",2011M09,389.28
World,,WLD,"Monthly Atmospheric Carbon Dioxide Concentrations, Year on Year Percentage Change",Percent,"Dr. Pieter Tans, National Oceanic and Atmospheric Administration (NOAA). Global Monitoring Laboratory, Trends in Atmospheric Carbon Dioxide Data (https://gml.noaa.gov/ccgg/trends/) and Dr. Ralph Keeling, Scripps Institution of Oceanography, Carbon Dioxide Measurements (https://scrippsco2.ucsd.edu/).",ECCA,Atmospheric Carbon Dioxide Concentrations,"Environment, Climate Change, Climate and Weather, Atmospheric Carbon Dioxide Concentrations",2011M09,0.58
World,,WLD,Monthly Atmospheric Carbon Dioxide Concentrations,Parts Per Million,"Dr. Pieter Tans, National Oceanic and Atmospheric Administration (NOAA). Global Monitoring Laboratory, Trends in Atmospheric Carbon Dioxide Data (https://gml.noaa.gov/ccgg/trends/) and Dr. Ralph Keeling, Scripps Institution of Oceanography, Carbon Dioxide Measurements (https://scrippsco2.ucsd.edu/).",ECCA,Atmospheric Carbon Dioxide Concentrations,"Environment, Climate Change, Climate and Weather, Atmospheric Carbon Dioxide Concentrations",2011M10,389.19
World,,WLD,"Monthly Atmospheric Carbon Dioxide Concentrations, Year on Year Percentage Change",Percent,"Dr. Pieter Tans, National Oceanic and Atmospheric Administration (NOAA). Global Monitoring Laboratory, Trends in Atmospheric Carbon Dioxide Data (https://gml.noaa.gov/ccgg/trends/) and Dr. Ralph Keeling, Scripps Institution of Oceanography, Carbon Dioxide Measurements (https://scrippsco2.ucsd.edu/).",ECCA,Atmospheric Carbon Dioxide Concentrations,"Environment, Climate Change, Climate and Weather, Atmospheric Carbon Dioxide Concentrations",2011M10,0.45
World,,WLD,Monthly Atmospheric Carbon Dioxide Concentrations,Parts Per Million,"Dr. Pieter Tans, National Oceanic and Atmospheric Administration (NOAA). Global Monitoring Laboratory, Trends in Atmospheric Carbon Dioxide Data (https://gml.noaa.gov/ccgg/trends/) and Dr. Ralph Keeling, Scripps Institution of Oceanography, Carbon Dioxide Measurements (https://scrippsco2.ucsd.edu/).",ECCA,Atmospheric Carbon Dioxide Concentrations,"Environment, Climate Change, Climate and Weather, Atmospheric Carbon Dioxide Concentrations",2011M11,390.48
World,,WLD,"Monthly Atmospheric Carbon Dioxide Concentrations, Year on Year Percentage Change",Percent,"Dr. Pieter Tans, National Oceanic and Atmospheric Administration (NOAA). Global Monitoring Laboratory, Trends in Atmospheric Carbon Dioxide Data (https://gml.noaa.gov/ccgg/trends/) and Dr. Ralph Keeling, Scripps Institution of Oceanography, Carbon Dioxide Measurements (https://scrippsco2.ucsd.edu/).",ECCA,Atmospheric Carbon Dioxide Concentrations,"Environment, Climate Change, Climate and Weather, Atmospheric Carbon Dioxide Concentrations",2011M11,0.41
World,,WLD,Monthly Atmospheric Carbon Dioxide Concentrations,Parts Per Million,"Dr. Pieter Tans, National Oceanic and Atmospheric Administration (NOAA). Global Monitoring Laboratory, Trends in Atmospheric Carbon Dioxide Data (https://gml.noaa.gov/ccgg/trends/) and Dr. Ralph Keeling, Scripps Institution of Oceanography, Carbon Dioxide Measurements (https://scrippsco2.ucsd.edu/).",ECCA,Atmospheric Carbon Dioxide Concentrations,"Environment, Climate Change, Climate and Weather, Atmospheric Carbon Dioxide Concentrations",2011M12,392.06
World,,WLD,"Monthly Atmospheric Carbon Dioxide Concentrations, Year on Year Percentage Change",Percent,"Dr. Pieter Tans, National Oceanic and Atmospheric Administration (NOAA). Global Monitoring Laboratory, Trends in Atmospheric Carbon Dioxide Data (https://gml.noaa.gov/ccgg/trends/) and Dr. Ralph Keeling, Scripps Institution of Oceanography, Carbon Dioxide Measurements (https://scrippsco2.ucsd.edu/).",ECCA,Atmospheric Carbon Dioxide Concentrations,"Environment, Climate Change, Climate and Weather, Atmospheric Carbon Dioxide Concentrations",2011M12,0.53
World,,WLD,Monthly Atmospheric Carbon Dioxide Concentrations,Parts Per Million,"Dr. Pieter Tans, National Oceanic and Atmospheric Administration (NOAA). Global Monitoring Laboratory, Trends in Atmospheric Carbon Dioxide Data (https://gml.noaa.gov/ccgg/trends/) and Dr. Ralph Keeling, Scripps Institution of Oceanography, Carbon Dioxide Measurements (https://scrippsco2.ucsd.edu/).",ECCA,Atmospheric Carbon Dioxide Concentrations,"Environment, Climate Change, Climate and Weather, Atmospheric Carbon Dioxide Concentrations",2012M01,393.31
World,,WLD,"Monthly Atmospheric Carbon Dioxide Concentrations, Year on Year Percentage Change",Percent,"Dr. Pieter Tans, National Oceanic and Atmospheric Administration (NOAA). Global Monitoring Laboratory, Trends in Atmospheric Carbon Dioxide Data (https://gml.noaa.gov/ccgg/trends/) and Dr. Ralph Keeling, Scripps Institution of Oceanography, Carbon Dioxide Measurements (https://scrippsco2.ucsd.edu/).",ECCA,Atmospheric Carbon Dioxide Concentrations,"Environment, Climate Change, Climate and Weather, Atmospheric Carbon Dioxide Concentrations",2012M01,0.46
World,,WLD,Monthly Atmospheric Carbon Dioxide Concentrations,Parts Per Million,"Dr. Pieter Tans, National Oceanic and Atmospheric Administration (NOAA). Global Monitoring Laboratory, Trends in Atmospheric Carbon Dioxide Data (https://gml.noaa.gov/ccgg/trends/) and Dr. Ralph Keeling, Scripps Institution of Oceanography, Carbon Dioxide Measurements (https://scrippsco2.ucsd.edu/).",ECCA,Atmospheric Carbon Dioxide Concentrations,"Environment, Climate Change, Climate and Weather, Atmospheric Carbon Dioxide Concentrations",2012M02,394.04
World,,WLD,"Monthly Atmospheric Carbon Dioxide Concentrations, Year on Year Percentage Change",Percent,"Dr. Pieter Tans, National Oceanic and Atmospheric Administration (NOAA). Global Monitoring Laboratory, Trends in Atmospheric Carbon Dioxide Data (https://gml.noaa.gov/ccgg/trends/) and Dr. Ralph Keeling, Scripps Institution of Oceanography, Carbon Dioxide Measurements (https://scrippsco2.ucsd.edu/).",ECCA,Atmospheric Carbon Dioxide Concentrations,"Environment, Climate Change, Climate and Weather, Atmospheric Carbon Dioxide Concentrations",2012M02,0.51
World,,WLD,Monthly Atmospheric Carbon Dioxide Concentrations,Parts Per Million,"Dr. Pieter Tans, National Oceanic and Atmospheric Administration (NOAA). Global Monitoring Laboratory, Trends in Atmospheric Carbon Dioxide Data (https://gml.noaa.gov/ccgg/trends/) and Dr. Ralph Keeling, Scripps Institution of Oceanography, Carbon Dioxide Measurements (https://scrippsco2.ucsd.edu/).",ECCA,Atmospheric Carbon Dioxide Concentrations,"Environment, Climate Change, Climate and Weather, Atmospheric Carbon Dioxide Concentrations",2012M03,394.59
World,,WLD,"Monthly Atmospheric Carbon Dioxide Concentrations, Year on Year Percentage Change",Percent,"Dr. Pieter Tans, National Oceanic and Atmospheric Administration (NOAA). Global Monitoring Laboratory, Trends in Atmospheric Carbon Dioxide Data (https://gml.noaa.gov/ccgg/trends/) and Dr. Ralph Keeling, Scripps Institution of Oceanography, Carbon Dioxide Measurements (https://scrippsco2.ucsd.edu/).",ECCA,Atmospheric Carbon Dioxide Concentrations,"Environment, Climate Change, Climate and Weather, Atmospheric Carbon Dioxide Concentrations",2012M03,0.46
World,,WLD,Monthly Atmospheric Carbon Dioxide Concentrations,Parts Per Million,"Dr. Pieter Tans, National Oceanic and Atmospheric Administration (NOAA). Global Monitoring Laboratory, Trends in Atmospheric Carbon Dioxide Data (https://gml.noaa.gov/ccgg/trends/) and Dr. Ralph Keeling, Scripps Institution of Oceanography, Carbon Dioxide Measurements (https://scrippsco2.ucsd.edu/).",ECCA,Atmospheric Carbon Dioxide Concentrations,"Environment, Climate Change, Climate and Weather, Atmospheric Carbon Dioxide Concentrations",2012M04,396.38
World,,WLD,"Monthly Atmospheric Carbon Dioxide Concentrations, Year on Year Percentage Change",Percent,"Dr. Pieter Tans, National Oceanic and Atmospheric Administration (NOAA). Global Monitoring Laboratory, Trends in Atmospheric Carbon Dioxide Data (https://gml.noaa.gov/ccgg/trends/) and Dr. Ralph Keeling, Scripps Institution of Oceanography, Carbon Dioxide Measurements (https://scrippsco2.ucsd.edu/).",ECCA,Atmospheric Carbon Dioxide Concentrations,"Environment, Climate Change, Climate and Weather, Atmospheric Carbon Dioxide Concentrations",2012M04,0.75
World,,WLD,Monthly Atmospheric Carbon Dioxide Concentrations,Parts Per Million,"Dr. Pieter Tans, National Oceanic and Atmospheric Administration (NOAA). Global Monitoring Laboratory, Trends in Atmospheric Carbon Dioxide Data (https://gml.noaa.gov/ccgg/trends/) and Dr. Ralph Keeling, Scripps Institution of Oceanography, Carbon Dioxide Measurements (https://scrippsco2.ucsd.edu/).",ECCA,Atmospheric Carbon Dioxide Concentrations,"Environment, Climate Change, Climate and Weather, Atmospheric Carbon Dioxide Concentrations",2012M05,396.93
World,,WLD,"Monthly Atmospheric Carbon Dioxide Concentrations, Year on Year Percentage Change",Percent,"Dr. Pieter Tans, National Oceanic and Atmospheric Administration (NOAA). Global Monitoring Laboratory, Trends in Atmospheric Carbon Dioxide Data (https://gml.noaa.gov/ccgg/trends/) and Dr. Ralph Keeling, Scripps Institution of Oceanography, Carbon Dioxide Measurements (https://scrippsco2.ucsd.edu/).",ECCA,Atmospheric Carbon Dioxide Concentrations,"Environment, Climate Change, Climate and Weather, Atmospheric Carbon Dioxide Concentrations",2012M05,0.64
World,,WLD,Monthly Atmospheric Carbon Dioxide Concentrations,Parts Per Million,"Dr. Pieter Tans, National Oceanic and Atmospheric Administration (NOAA). Global Monitoring Laboratory, Trends in Atmospheric Carbon Dioxide Data (https://gml.noaa.gov/ccgg/trends/) and Dr. Ralph Keeling, Scripps Institution of Oceanography, Carbon Dioxide Measurements (https://scrippsco2.ucsd.edu/).",ECCA,Atmospheric Carbon Dioxide Concentrations,"Environment, Climate Change, Climate and Weather, Atmospheric Carbon Dioxide Concentrations",2012M06,395.91
World,,WLD,"Monthly Atmospheric Carbon Dioxide Concentrations, Year on Year Percentage Change",Percent,"Dr. Pieter Tans, National Oceanic and Atmospheric Administration (NOAA). Global Monitoring Laboratory, Trends in Atmospheric Carbon Dioxide Data (https://gml.noaa.gov/ccgg/trends/) and Dr. Ralph Keeling, Scripps Institution of Oceanography, Carbon Dioxide Measurements (https://scrippsco2.ucsd.edu/).",ECCA,Atmospheric Carbon Dioxide Concentrations,"Environment, Climate Change, Climate and Weather, Atmospheric Carbon Dioxide Concentrations",2012M06,0.5
World,,WLD,Monthly Atmospheric Carbon Dioxide Concentrations,Parts Per Million,"Dr. Pieter Tans, National Oceanic and Atmospheric Administration (NOAA). Global Monitoring Laboratory, Trends in Atmospheric Carbon Dioxide Data (https://gml.noaa.gov/ccgg/trends/) and Dr. Ralph Keeling, Scripps Institution of Oceanography, Carbon Dioxide Measurements (https://scrippsco2.ucsd.edu/).",ECCA,Atmospheric Carbon Dioxide Concentrations,"Environment, Climate Change, Climate and Weather, Atmospheric Carbon Dioxide Concentrations",2012M07,394.56
World,,WLD,"Monthly Atmospheric Carbon Dioxide Concentrations, Year on Year Percentage Change",Percent,"Dr. Pieter Tans, National Oceanic and Atmospheric Administration (NOAA). Global Monitoring Laboratory, Trends in Atmospheric Carbon Dioxide Data (https://gml.noaa.gov/ccgg/trends/) and Dr. Ralph Keeling, Scripps Institution of Oceanography, Carbon Dioxide Measurements (https://scrippsco2.ucsd.edu/).",ECCA,Atmospheric Carbon Dioxide Concentrations,"Environment, Climate Change, Climate and Weather, Atmospheric Carbon Dioxide Concentrations",2012M07,0.47
World,,WLD,Monthly Atmospheric Carbon Dioxide Concentrations,Parts Per Million,"Dr. Pieter Tans, National Oceanic and Atmospheric Administration (NOAA). Global Monitoring Laboratory, Trends in Atmospheric Carbon Dioxide Data (https://gml.noaa.gov/ccgg/trends/) and Dr. Ralph Keeling, Scripps Institution of Oceanography, Carbon Dioxide Measurements (https://scrippsco2.ucsd.edu/).",ECCA,Atmospheric Carbon Dioxide Concentrations,"Environment, Climate Change, Climate and Weather, Atmospheric Carbon Dioxide Concentrations",2012M08,392.59
World,,WLD,"Monthly Atmospheric Carbon Dioxide Concentrations, Year on Year Percentage Change",Percent,"Dr. Pieter Tans, National Oceanic and Atmospheric Administration (NOAA). Global Monitoring Laboratory, Trends in Atmospheric Carbon Dioxide Data (https://gml.noaa.gov/ccgg/trends/) and Dr. Ralph Keeling, Scripps Institution of Oceanography, Carbon Dioxide Measurements (https://scrippsco2.ucsd.edu/).",ECCA,Atmospheric Carbon Dioxide Concentrations,"Environment, Climate Change, Climate and Weather, Atmospheric Carbon Dioxide Concentrations",2012M08,0.58
World,,WLD,Monthly Atmospheric Carbon Dioxide Concentrations,Parts Per Million,"Dr. Pieter Tans, National Oceanic and Atmospheric Administration (NOAA). Global Monitoring Laboratory, Trends in Atmospheric Carbon Dioxide Data (https://gml.noaa.gov/ccgg/trends/) and Dr. Ralph Keeling, Scripps Institution of Oceanography, Carbon Dioxide Measurements (https://scrippsco2.ucsd.edu/).",ECCA,Atmospheric Carbon Dioxide Concentrations,"Environment, Climate Change, Climate and Weather, Atmospheric Carbon Dioxide Concentrations",2012M09,391.32
World,,WLD,"Monthly Atmospheric Carbon Dioxide Concentrations, Year on Year Percentage Change",Percent,"Dr. Pieter Tans, National Oceanic and Atmospheric Administration (NOAA). Global Monitoring Laboratory, Trends in Atmospheric Carbon Dioxide Data (https://gml.noaa.gov/ccgg/trends/) and Dr. Ralph Keeling, Scripps Institution of Oceanography, Carbon Dioxide Measurements (https://scrippsco2.ucsd.edu/).",ECCA,Atmospheric Carbon Dioxide Concentrations,"Environment, Climate Change, Climate and Weather, Atmospheric Carbon Dioxide Concentrations",2012M09,0.52
World,,WLD,Monthly Atmospheric Carbon Dioxide Concentrations,Parts Per Million,"Dr. Pieter Tans, National Oceanic and Atmospheric Administration (NOAA). Global Monitoring Laboratory, Trends in Atmospheric Carbon Dioxide Data (https://gml.noaa.gov/ccgg/trends/) and Dr. Ralph Keeling, Scripps Institution of Oceanography, Carbon Dioxide Measurements (https://scrippsco2.ucsd.edu/).",ECCA,Atmospheric Carbon Dioxide Concentrations,"Environment, Climate Change, Climate and Weather, Atmospheric Carbon Dioxide Concentrations",2012M10,391.27
World,,WLD,"Monthly Atmospheric Carbon Dioxide Concentrations, Year on Year Percentage Change",Percent,"Dr. Pieter Tans, National Oceanic and Atmospheric Administration (NOAA). Global Monitoring Laboratory, Trends in Atmospheric Carbon Dioxide Data (https://gml.noaa.gov/ccgg/trends/) and Dr. Ralph Keeling, Scripps Institution of Oceanography, Carbon Dioxide Measurements (https://scrippsco2.ucsd.edu/).",ECCA,Atmospheric Carbon Dioxide Concentrations,"Environment, Climate Change, Climate and Weather, Atmospheric Carbon Dioxide Concentrations",2012M10,0.53
World,,WLD,Monthly Atmospheric Carbon Dioxide Concentrations,Parts Per Million,"Dr. Pieter Tans, National Oceanic and Atmospheric Administration (NOAA). Global Monitoring Laboratory, Trends in Atmospheric Carbon Dioxide Data (https://gml.noaa.gov/ccgg/trends/) and Dr. Ralph Keeling, Scripps Institution of Oceanography, Carbon Dioxide Measurements (https://scrippsco2.ucsd.edu/).",ECCA,Atmospheric Carbon Dioxide Concentrations,"Environment, Climate Change, Climate and Weather, Atmospheric Carbon Dioxide Concentrations",2012M11,393.2
World,,WLD,"Monthly Atmospheric Carbon Dioxide Concentrations, Year on Year Percentage Change",Percent,"Dr. Pieter Tans, National Oceanic and Atmospheric Administration (NOAA). Global Monitoring Laboratory, Trends in Atmospheric Carbon Dioxide Data (https://gml.noaa.gov/ccgg/trends/) and Dr. Ralph Keeling, Scripps Institution of Oceanography, Carbon Dioxide Measurements (https://scrippsco2.ucsd.edu/).",ECCA,Atmospheric Carbon Dioxide Concentrations,"Environment, Climate Change, Climate and Weather, Atmospheric Carbon Dioxide Concentrations",2012M11,0.7
World,,WLD,Monthly Atmospheric Carbon Dioxide Concentrations,Parts Per Million,"Dr. Pieter Tans, National Oceanic and Atmospheric Administration (NOAA). Global Monitoring Laboratory, Trends in Atmospheric Carbon Dioxide Data (https://gml.noaa.gov/ccgg/trends/) and Dr. Ralph Keeling, Scripps Institution of Oceanography, Carbon Dioxide Measurements (https://scrippsco2.ucsd.edu/).",ECCA,Atmospheric Carbon Dioxide Concentrations,"Environment, Climate Change, Climate and Weather, Atmospheric Carbon Dioxide Concentrations",2012M12,394.57
World,,WLD,"Monthly Atmospheric Carbon Dioxide Concentrations, Year on Year Percentage Change",Percent,"Dr. Pieter Tans, National Oceanic and Atmospheric Administration (NOAA). Global Monitoring Laboratory, Trends in Atmospheric Carbon Dioxide Data (https://gml.noaa.gov/ccgg/trends/) and Dr. Ralph Keeling, Scripps Institution of Oceanography, Carbon Dioxide Measurements (https://scrippsco2.ucsd.edu/).",ECCA,Atmospheric Carbon Dioxide Concentrations,"Environment, Climate Change, Climate and Weather, Atmospheric Carbon Dioxide Concentrations",2012M12,0.64
World,,WLD,Monthly Atmospheric Carbon Dioxide Concentrations,Parts Per Million,"Dr. Pieter Tans, National Oceanic and Atmospheric Administration (NOAA). Global Monitoring Laboratory, Trends in Atmospheric Carbon Dioxide Data (https://gml.noaa.gov/ccgg/trends/) and Dr. Ralph Keeling, Scripps Institution of Oceanography, Carbon Dioxide Measurements (https://scrippsco2.ucsd.edu/).",ECCA,Atmospheric Carbon Dioxide Concentrations,"Environment, Climate Change, Climate and Weather, Atmospheric Carbon Dioxide Concentrations",2013M01,395.78
World,,WLD,"Monthly Atmospheric Carbon Dioxide Concentrations, Year on Year Percentage Change",Percent,"Dr. Pieter Tans, National Oceanic and Atmospheric Administration (NOAA). Global Monitoring Laboratory, Trends in Atmospheric Carbon Dioxide Data (https://gml.noaa.gov/ccgg/trends/) and Dr. Ralph Keeling, Scripps Institution of Oceanography, Carbon Dioxide Measurements (https://scrippsco2.ucsd.edu/).",ECCA,Atmospheric Carbon Dioxide Concentrations,"Environment, Climate Change, Climate and Weather, Atmospheric Carbon Dioxide Concentrations",2013M01,0.63
World,,WLD,Monthly Atmospheric Carbon Dioxide Concentrations,Parts Per Million,"Dr. Pieter Tans, National Oceanic and Atmospheric Administration (NOAA). Global Monitoring Laboratory, Trends in Atmospheric Carbon Dioxide Data (https://gml.noaa.gov/ccgg/trends/) and Dr. Ralph Keeling, Scripps Institution of Oceanography, Carbon Dioxide Measurements (https://scrippsco2.ucsd.edu/).",ECCA,Atmospheric Carbon Dioxide Concentrations,"Environment, Climate Change, Climate and Weather, Atmospheric Carbon Dioxide Concentrations",2013M02,397.03
World,,WLD,"Monthly Atmospheric Carbon Dioxide Concentrations, Year on Year Percentage Change",Percent,"Dr. Pieter Tans, National Oceanic and Atmospheric Administration (NOAA). Global Monitoring Laboratory, Trends in Atmospheric Carbon Dioxide Data (https://gml.noaa.gov/ccgg/trends/) and Dr. Ralph Keeling, Scripps Institution of Oceanography, Carbon Dioxide Measurements (https://scrippsco2.ucsd.edu/).",ECCA,Atmospheric Carbon Dioxide Concentrations,"Environment, Climate Change, Climate and Weather, Atmospheric Carbon Dioxide Concentrations",2013M02,0.76
World,,WLD,Monthly Atmospheric Carbon Dioxide Concentrations,Parts Per Million,"Dr. Pieter Tans, National Oceanic and Atmospheric Administration (NOAA). Global Monitoring Laboratory, Trends in Atmospheric Carbon Dioxide Data (https://gml.noaa.gov/ccgg/trends/) and Dr. Ralph Keeling, Scripps Institution of Oceanography, Carbon Dioxide Measurements (https://scrippsco2.ucsd.edu/).",ECCA,Atmospheric Carbon Dioxide Concentrations,"Environment, Climate Change, Climate and Weather, Atmospheric Carbon Dioxide Concentrations",2013M03,397.66
World,,WLD,"Monthly Atmospheric Carbon Dioxide Concentrations, Year on Year Percentage Change",Percent,"Dr. Pieter Tans, National Oceanic and Atmospheric Administration (NOAA). Global Monitoring Laboratory, Trends in Atmospheric Carbon Dioxide Data (https://gml.noaa.gov/ccgg/trends/) and Dr. Ralph Keeling, Scripps Institution of Oceanography, Carbon Dioxide Measurements (https://scrippsco2.ucsd.edu/).",ECCA,Atmospheric Carbon Dioxide Concentrations,"Environment, Climate Change, Climate and Weather, Atmospheric Carbon Dioxide Concentrations",2013M03,0.78
World,,WLD,Monthly Atmospheric Carbon Dioxide Concentrations,Parts Per Million,"Dr. Pieter Tans, National Oceanic and Atmospheric Administration (NOAA). Global Monitoring Laboratory, Trends in Atmospheric Carbon Dioxide Data (https://gml.noaa.gov/ccgg/trends/) and Dr. Ralph Keeling, Scripps Institution of Oceanography, Carbon Dioxide Measurements (https://scrippsco2.ucsd.edu/).",ECCA,Atmospheric Carbon Dioxide Concentrations,"Environment, Climate Change, Climate and Weather, Atmospheric Carbon Dioxide Concentrations",2013M04,398.64
World,,WLD,"Monthly Atmospheric Carbon Dioxide Concentrations, Year on Year Percentage Change",Percent,"Dr. Pieter Tans, National Oceanic and Atmospheric Administration (NOAA). Global Monitoring Laboratory, Trends in Atmospheric Carbon Dioxide Data (https://gml.noaa.gov/ccgg/trends/) and Dr. Ralph Keeling, Scripps Institution of Oceanography, Carbon Dioxide Measurements (https://scrippsco2.ucsd.edu/).",ECCA,Atmospheric Carbon Dioxide Concentrations,"Environment, Climate Change, Climate and Weather, Atmospheric Carbon Dioxide Concentrations",2013M04,0.57
World,,WLD,Monthly Atmospheric Carbon Dioxide Concentrations,Parts Per Million,"Dr. Pieter Tans, National Oceanic and Atmospheric Administration (NOAA). Global Monitoring Laboratory, Trends in Atmospheric Carbon Dioxide Data (https://gml.noaa.gov/ccgg/trends/) and Dr. Ralph Keeling, Scripps Institution of Oceanography, Carbon Dioxide Measurements (https://scrippsco2.ucsd.edu/).",ECCA,Atmospheric Carbon Dioxide Concentrations,"Environment, Climate Change, Climate and Weather, Atmospheric Carbon Dioxide Concentrations",2013M05,400.02
World,,WLD,"Monthly Atmospheric Carbon Dioxide Concentrations, Year on Year Percentage Change",Percent,"Dr. Pieter Tans, National Oceanic and Atmospheric Administration (NOAA). Global Monitoring Laboratory, Trends in Atmospheric Carbon Dioxide Data (https://gml.noaa.gov/ccgg/trends/) and Dr. Ralph Keeling, Scripps Institution of Oceanography, Carbon Dioxide Measurements (https://scrippsco2.ucsd.edu/).",ECCA,Atmospheric Carbon Dioxide Concentrations,"Environment, Climate Change, Climate and Weather, Atmospheric Carbon Dioxide Concentrations",2013M05,0.78
World,,WLD,Monthly Atmospheric Carbon Dioxide Concentrations,Parts Per Million,"Dr. Pieter Tans, National Oceanic and Atmospheric Administration (NOAA). Global Monitoring Laboratory, Trends in Atmospheric Carbon Dioxide Data (https://gml.noaa.gov/ccgg/trends/) and Dr. Ralph Keeling, Scripps Institution of Oceanography, Carbon Dioxide Measurements (https://scrippsco2.ucsd.edu/).",ECCA,Atmospheric Carbon Dioxide Concentrations,"Environment, Climate Change, Climate and Weather, Atmospheric Carbon Dioxide Concentrations",2013M06,398.81
World,,WLD,"Monthly Atmospheric Carbon Dioxide Concentrations, Year on Year Percentage Change",Percent,"Dr. Pieter Tans, National Oceanic and Atmospheric Administration (NOAA). Global Monitoring Laboratory, Trends in Atmospheric Carbon Dioxide Data (https://gml.noaa.gov/ccgg/trends/) and Dr. Ralph Keeling, Scripps Institution of Oceanography, Carbon Dioxide Measurements (https://scrippsco2.ucsd.edu/).",ECCA,Atmospheric Carbon Dioxide Concentrations,"Environment, Climate Change, Climate and Weather, Atmospheric Carbon Dioxide Concentrations",2013M06,0.73
World,,WLD,Monthly Atmospheric Carbon Dioxide Concentrations,Parts Per Million,"Dr. Pieter Tans, National Oceanic and Atmospheric Administration (NOAA). Global Monitoring Laboratory, Trends in Atmospheric Carbon Dioxide Data (https://gml.noaa.gov/ccgg/trends/) and Dr. Ralph Keeling, Scripps Institution of Oceanography, Carbon Dioxide Measurements (https://scrippsco2.ucsd.edu/).",ECCA,Atmospheric Carbon Dioxide Concentrations,"Environment, Climate Change, Climate and Weather, Atmospheric Carbon Dioxide Concentrations",2013M07,397.51
World,,WLD,"Monthly Atmospheric Carbon Dioxide Concentrations, Year on Year Percentage Change",Percent,"Dr. Pieter Tans, National Oceanic and Atmospheric Administration (NOAA). Global Monitoring Laboratory, Trends in Atmospheric Carbon Dioxide Data (https://gml.noaa.gov/ccgg/trends/) and Dr. Ralph Keeling, Scripps Institution of Oceanography, Carbon Dioxide Measurements (https://scrippsco2.ucsd.edu/).",ECCA,Atmospheric Carbon Dioxide Concentrations,"Environment, Climate Change, Climate and Weather, Atmospheric Carbon Dioxide Concentrations",2013M07,0.75
World,,WLD,Monthly Atmospheric Carbon Dioxide Concentrations,Parts Per Million,"Dr. Pieter Tans, National Oceanic and Atmospheric Administration (NOAA). Global Monitoring Laboratory, Trends in Atmospheric Carbon Dioxide Data (https://gml.noaa.gov/ccgg/trends/) and Dr. Ralph Keeling, Scripps Institution of Oceanography, Carbon Dioxide Measurements (https://scrippsco2.ucsd.edu/).",ECCA,Atmospheric Carbon Dioxide Concentrations,"Environment, Climate Change, Climate and Weather, Atmospheric Carbon Dioxide Concentrations",2013M08,395.39
World,,WLD,"Monthly Atmospheric Carbon Dioxide Concentrations, Year on Year Percentage Change",Percent,"Dr. Pieter Tans, National Oceanic and Atmospheric Administration (NOAA). Global Monitoring Laboratory, Trends in Atmospheric Carbon Dioxide Data (https://gml.noaa.gov/ccgg/trends/) and Dr. Ralph Keeling, Scripps Institution of Oceanography, Carbon Dioxide Measurements (https://scrippsco2.ucsd.edu/).",ECCA,Atmospheric Carbon Dioxide Concentrations,"Environment, Climate Change, Climate and Weather, Atmospheric Carbon Dioxide Concentrations",2013M08,0.71
World,,WLD,Monthly Atmospheric Carbon Dioxide Concentrations,Parts Per Million,"Dr. Pieter Tans, National Oceanic and Atmospheric Administration (NOAA). Global Monitoring Laboratory, Trends in Atmospheric Carbon Dioxide Data (https://gml.noaa.gov/ccgg/trends/) and Dr. Ralph Keeling, Scripps Institution of Oceanography, Carbon Dioxide Measurements (https://scrippsco2.ucsd.edu/).",ECCA,Atmospheric Carbon Dioxide Concentrations,"Environment, Climate Change, Climate and Weather, Atmospheric Carbon Dioxide Concentrations",2013M09,393.72
World,,WLD,"Monthly Atmospheric Carbon Dioxide Concentrations, Year on Year Percentage Change",Percent,"Dr. Pieter Tans, National Oceanic and Atmospheric Administration (NOAA). Global Monitoring Laboratory, Trends in Atmospheric Carbon Dioxide Data (https://gml.noaa.gov/ccgg/trends/) and Dr. Ralph Keeling, Scripps Institution of Oceanography, Carbon Dioxide Measurements (https://scrippsco2.ucsd.edu/).",ECCA,Atmospheric Carbon Dioxide Concentrations,"Environment, Climate Change, Climate and Weather, Atmospheric Carbon Dioxide Concentrations",2013M09,0.61
World,,WLD,Monthly Atmospheric Carbon Dioxide Concentrations,Parts Per Million,"Dr. Pieter Tans, National Oceanic and Atmospheric Administration (NOAA). Global Monitoring Laboratory, Trends in Atmospheric Carbon Dioxide Data (https://gml.noaa.gov/ccgg/trends/) and Dr. Ralph Keeling, Scripps Institution of Oceanography, Carbon Dioxide Measurements (https://scrippsco2.ucsd.edu/).",ECCA,Atmospheric Carbon Dioxide Concentrations,"Environment, Climate Change, Climate and Weather, Atmospheric Carbon Dioxide Concentrations",2013M10,393.9
World,,WLD,"Monthly Atmospheric Carbon Dioxide Concentrations, Year on Year Percentage Change",Percent,"Dr. Pieter Tans, National Oceanic and Atmospheric Administration (NOAA). Global Monitoring Laboratory, Trends in Atmospheric Carbon Dioxide Data (https://gml.noaa.gov/ccgg/trends/) and Dr. Ralph Keeling, Scripps Institution of Oceanography, Carbon Dioxide Measurements (https://scrippsco2.ucsd.edu/).",ECCA,Atmospheric Carbon Dioxide Concentrations,"Environment, Climate Change, Climate and Weather, Atmospheric Carbon Dioxide Concentrations",2013M10,0.67
World,,WLD,Monthly Atmospheric Carbon Dioxide Concentrations,Parts Per Million,"Dr. Pieter Tans, National Oceanic and Atmospheric Administration (NOAA). Global Monitoring Laboratory, Trends in Atmospheric Carbon Dioxide Data (https://gml.noaa.gov/ccgg/trends/) and Dr. Ralph Keeling, Scripps Institution of Oceanography, Carbon Dioxide Measurements (https://scrippsco2.ucsd.edu/).",ECCA,Atmospheric Carbon Dioxide Concentrations,"Environment, Climate Change, Climate and Weather, Atmospheric Carbon Dioxide Concentrations",2013M11,395.36
World,,WLD,"Monthly Atmospheric Carbon Dioxide Concentrations, Year on Year Percentage Change",Percent,"Dr. Pieter Tans, National Oceanic and Atmospheric Administration (NOAA). Global Monitoring Laboratory, Trends in Atmospheric Carbon Dioxide Data (https://gml.noaa.gov/ccgg/trends/) and Dr. Ralph Keeling, Scripps Institution of Oceanography, Carbon Dioxide Measurements (https://scrippsco2.ucsd.edu/).",ECCA,Atmospheric Carbon Dioxide Concentrations,"Environment, Climate Change, Climate and Weather, Atmospheric Carbon Dioxide Concentrations",2013M11,0.55
World,,WLD,Monthly Atmospheric Carbon Dioxide Concentrations,Parts Per Million,"Dr. Pieter Tans, National Oceanic and Atmospheric Administration (NOAA). Global Monitoring Laboratory, Trends in Atmospheric Carbon Dioxide Data (https://gml.noaa.gov/ccgg/trends/) and Dr. Ralph Keeling, Scripps Institution of Oceanography, Carbon Dioxide Measurements (https://scrippsco2.ucsd.edu/).",ECCA,Atmospheric Carbon Dioxide Concentrations,"Environment, Climate Change, Climate and Weather, Atmospheric Carbon Dioxide Concentrations",2013M12,397.03
World,,WLD,"Monthly Atmospheric Carbon Dioxide Concentrations, Year on Year Percentage Change",Percent,"Dr. Pieter Tans, National Oceanic and Atmospheric Administration (NOAA). Global Monitoring Laboratory, Trends in Atmospheric Carbon Dioxide Data (https://gml.noaa.gov/ccgg/trends/) and Dr. Ralph Keeling, Scripps Institution of Oceanography, Carbon Dioxide Measurements (https://scrippsco2.ucsd.edu/).",ECCA,Atmospheric Carbon Dioxide Concentrations,"Environment, Climate Change, Climate and Weather, Atmospheric Carbon Dioxide Concentrations",2013M12,0.62
World,,WLD,Monthly Atmospheric Carbon Dioxide Concentrations,Parts Per Million,"Dr. Pieter Tans, National Oceanic and Atmospheric Administration (NOAA). Global Monitoring Laboratory, Trends in Atmospheric Carbon Dioxide Data (https://gml.noaa.gov/ccgg/trends/) and Dr. Ralph Keeling, Scripps Institution of Oceanography, Carbon Dioxide Measurements (https://scrippsco2.ucsd.edu/).",ECCA,Atmospheric Carbon Dioxide Concentrations,"Environment, Climate Change, Climate and Weather, Atmospheric Carbon Dioxide Concentrations",2014M01,398.04
World,,WLD,"Monthly Atmospheric Carbon Dioxide Concentrations, Year on Year Percentage Change",Percent,"Dr. Pieter Tans, National Oceanic and Atmospheric Administration (NOAA). Global Monitoring Laboratory, Trends in Atmospheric Carbon Dioxide Data (https://gml.noaa.gov/ccgg/trends/) and Dr. Ralph Keeling, Scripps Institution of Oceanography, Carbon Dioxide Measurements (https://scrippsco2.ucsd.edu/).",ECCA,Atmospheric Carbon Dioxide Concentrations,"Environment, Climate Change, Climate and Weather, Atmospheric Carbon Dioxide Concentrations",2014M01,0.57
World,,WLD,Monthly Atmospheric Carbon Dioxide Concentrations,Parts Per Million,"Dr. Pieter Tans, National Oceanic and Atmospheric Administration (NOAA). Global Monitoring Laboratory, Trends in Atmospheric Carbon Dioxide Data (https://gml.noaa.gov/ccgg/trends/) and Dr. Ralph Keeling, Scripps Institution of Oceanography, Carbon Dioxide Measurements (https://scrippsco2.ucsd.edu/).",ECCA,Atmospheric Carbon Dioxide Concentrations,"Environment, Climate Change, Climate and Weather, Atmospheric Carbon Dioxide Concentrations",2014M02,398.27
World,,WLD,"Monthly Atmospheric Carbon Dioxide Concentrations, Year on Year Percentage Change",Percent,"Dr. Pieter Tans, National Oceanic and Atmospheric Administration (NOAA). Global Monitoring Laboratory, Trends in Atmospheric Carbon Dioxide Data (https://gml.noaa.gov/ccgg/trends/) and Dr. Ralph Keeling, Scripps Institution of Oceanography, Carbon Dioxide Measurements (https://scrippsco2.ucsd.edu/).",ECCA,Atmospheric Carbon Dioxide Concentrations,"Environment, Climate Change, Climate and Weather, Atmospheric Carbon Dioxide Concentrations",2014M02,0.31
World,,WLD,Monthly Atmospheric Carbon Dioxide Concentrations,Parts Per Million,"Dr. Pieter Tans, National Oceanic and Atmospheric Administration (NOAA). Global Monitoring Laboratory, Trends in Atmospheric Carbon Dioxide Data (https://gml.noaa.gov/ccgg/trends/) and Dr. Ralph Keeling, Scripps Institution of Oceanography, Carbon Dioxide Measurements (https://scrippsco2.ucsd.edu/).",ECCA,Atmospheric Carbon Dioxide Concentrations,"Environment, Climate Change, Climate and Weather, Atmospheric Carbon Dioxide Concentrations",2014M03,399.91
World,,WLD,"Monthly Atmospheric Carbon Dioxide Concentrations, Year on Year Percentage Change",Percent,"Dr. Pieter Tans, National Oceanic and Atmospheric Administration (NOAA). Global Monitoring Laboratory, Trends in Atmospheric Carbon Dioxide Data (https://gml.noaa.gov/ccgg/trends/) and Dr. Ralph Keeling, Scripps Institution of Oceanography, Carbon Dioxide Measurements (https://scrippsco2.ucsd.edu/).",ECCA,Atmospheric Carbon Dioxide Concentrations,"Environment, Climate Change, Climate and Weather, Atmospheric Carbon Dioxide Concentrations",2014M03,0.57
World,,WLD,Monthly Atmospheric Carbon Dioxide Concentrations,Parts Per Million,"Dr. Pieter Tans, National Oceanic and Atmospheric Administration (NOAA). Global Monitoring Laboratory, Trends in Atmospheric Carbon Dioxide Data (https://gml.noaa.gov/ccgg/trends/) and Dr. Ralph Keeling, Scripps Institution of Oceanography, Carbon Dioxide Measurements (https://scrippsco2.ucsd.edu/).",ECCA,Atmospheric Carbon Dioxide Concentrations,"Environment, Climate Change, Climate and Weather, Atmospheric Carbon Dioxide Concentrations",2014M04,401.51
World,,WLD,"Monthly Atmospheric Carbon Dioxide Concentrations, Year on Year Percentage Change",Percent,"Dr. Pieter Tans, National Oceanic and Atmospheric Administration (NOAA). Global Monitoring Laboratory, Trends in Atmospheric Carbon Dioxide Data (https://gml.noaa.gov/ccgg/trends/) and Dr. Ralph Keeling, Scripps Institution of Oceanography, Carbon Dioxide Measurements (https://scrippsco2.ucsd.edu/).",ECCA,Atmospheric Carbon Dioxide Concentrations,"Environment, Climate Change, Climate and Weather, Atmospheric Carbon Dioxide Concentrations",2014M04,0.72
World,,WLD,Monthly Atmospheric Carbon Dioxide Concentrations,Parts Per Million,"Dr. Pieter Tans, National Oceanic and Atmospheric Administration (NOAA). Global Monitoring Laboratory, Trends in Atmospheric Carbon Dioxide Data (https://gml.noaa.gov/ccgg/trends/) and Dr. Ralph Keeling, Scripps Institution of Oceanography, Carbon Dioxide Measurements (https://scrippsco2.ucsd.edu/).",ECCA,Atmospheric Carbon Dioxide Concentrations,"Environment, Climate Change, Climate and Weather, Atmospheric Carbon Dioxide Concentrations",2014M05,401.96
World,,WLD,"Monthly Atmospheric Carbon Dioxide Concentrations, Year on Year Percentage Change",Percent,"Dr. Pieter Tans, National Oceanic and Atmospheric Administration (NOAA). Global Monitoring Laboratory, Trends in Atmospheric Carbon Dioxide Data (https://gml.noaa.gov/ccgg/trends/) and Dr. Ralph Keeling, Scripps Institution of Oceanography, Carbon Dioxide Measurements (https://scrippsco2.ucsd.edu/).",ECCA,Atmospheric Carbon Dioxide Concentrations,"Environment, Climate Change, Climate and Weather, Atmospheric Carbon Dioxide Concentrations",2014M05,0.48
World,,WLD,Monthly Atmospheric Carbon Dioxide Concentrations,Parts Per Million,"Dr. Pieter Tans, National Oceanic and Atmospheric Administration (NOAA). Global Monitoring Laboratory, Trends in Atmospheric Carbon Dioxide Data (https://gml.noaa.gov/ccgg/trends/) and Dr. Ralph Keeling, Scripps Institution of Oceanography, Carbon Dioxide Measurements (https://scrippsco2.ucsd.edu/).",ECCA,Atmospheric Carbon Dioxide Concentrations,"Environment, Climate Change, Climate and Weather, Atmospheric Carbon Dioxide Concentrations",2014M06,401.43
World,,WLD,"Monthly Atmospheric Carbon Dioxide Concentrations, Year on Year Percentage Change",Percent,"Dr. Pieter Tans, National Oceanic and Atmospheric Administration (NOAA). Global Monitoring Laboratory, Trends in Atmospheric Carbon Dioxide Data (https://gml.noaa.gov/ccgg/trends/) and Dr. Ralph Keeling, Scripps Institution of Oceanography, Carbon Dioxide Measurements (https://scrippsco2.ucsd.edu/).",ECCA,Atmospheric Carbon Dioxide Concentrations,"Environment, Climate Change, Climate and Weather, Atmospheric Carbon Dioxide Concentrations",2014M06,0.66
World,,WLD,Monthly Atmospheric Carbon Dioxide Concentrations,Parts Per Million,"Dr. Pieter Tans, National Oceanic and Atmospheric Administration (NOAA). Global Monitoring Laboratory, Trends in Atmospheric Carbon Dioxide Data (https://gml.noaa.gov/ccgg/trends/) and Dr. Ralph Keeling, Scripps Institution of Oceanography, Carbon Dioxide Measurements (https://scrippsco2.ucsd.edu/).",ECCA,Atmospheric Carbon Dioxide Concentrations,"Environment, Climate Change, Climate and Weather, Atmospheric Carbon Dioxide Concentrations",2014M07,399.27
World,,WLD,"Monthly Atmospheric Carbon Dioxide Concentrations, Year on Year Percentage Change",Percent,"Dr. Pieter Tans, National Oceanic and Atmospheric Administration (NOAA). Global Monitoring Laboratory, Trends in Atmospheric Carbon Dioxide Data (https://gml.noaa.gov/ccgg/trends/) and Dr. Ralph Keeling, Scripps Institution of Oceanography, Carbon Dioxide Measurements (https://scrippsco2.ucsd.edu/).",ECCA,Atmospheric Carbon Dioxide Concentrations,"Environment, Climate Change, Climate and Weather, Atmospheric Carbon Dioxide Concentrations",2014M07,0.44
World,,WLD,Monthly Atmospheric Carbon Dioxide Concentrations,Parts Per Million,"Dr. Pieter Tans, National Oceanic and Atmospheric Administration (NOAA). Global Monitoring Laboratory, Trends in Atmospheric Carbon Dioxide Data (https://gml.noaa.gov/ccgg/trends/) and Dr. Ralph Keeling, Scripps Institution of Oceanography, Carbon Dioxide Measurements (https://scrippsco2.ucsd.edu/).",ECCA,Atmospheric Carbon Dioxide Concentrations,"Environment, Climate Change, Climate and Weather, Atmospheric Carbon Dioxide Concentrations",2014M08,397.18
World,,WLD,"Monthly Atmospheric Carbon Dioxide Concentrations, Year on Year Percentage Change",Percent,"Dr. Pieter Tans, National Oceanic and Atmospheric Administration (NOAA). Global Monitoring Laboratory, Trends in Atmospheric Carbon Dioxide Data (https://gml.noaa.gov/ccgg/trends/) and Dr. Ralph Keeling, Scripps Institution of Oceanography, Carbon Dioxide Measurements (https://scrippsco2.ucsd.edu/).",ECCA,Atmospheric Carbon Dioxide Concentrations,"Environment, Climate Change, Climate and Weather, Atmospheric Carbon Dioxide Concentrations",2014M08,0.45
World,,WLD,Monthly Atmospheric Carbon Dioxide Concentrations,Parts Per Million,"Dr. Pieter Tans, National Oceanic and Atmospheric Administration (NOAA). Global Monitoring Laboratory, Trends in Atmospheric Carbon Dioxide Data (https://gml.noaa.gov/ccgg/trends/) and Dr. Ralph Keeling, Scripps Institution of Oceanography, Carbon Dioxide Measurements (https://scrippsco2.ucsd.edu/).",ECCA,Atmospheric Carbon Dioxide Concentrations,"Environment, Climate Change, Climate and Weather, Atmospheric Carbon Dioxide Concentrations",2014M09,395.54
World,,WLD,"Monthly Atmospheric Carbon Dioxide Concentrations, Year on Year Percentage Change",Percent,"Dr. Pieter Tans, National Oceanic and Atmospheric Administration (NOAA). Global Monitoring Laboratory, Trends in Atmospheric Carbon Dioxide Data (https://gml.noaa.gov/ccgg/trends/) and Dr. Ralph Keeling, Scripps Institution of Oceanography, Carbon Dioxide Measurements (https://scrippsco2.ucsd.edu/).",ECCA,Atmospheric Carbon Dioxide Concentrations,"Environment, Climate Change, Climate and Weather, Atmospheric Carbon Dioxide Concentrations",2014M09,0.46
World,,WLD,Monthly Atmospheric Carbon Dioxide Concentrations,Parts Per Million,"Dr. Pieter Tans, National Oceanic and Atmospheric Administration (NOAA). Global Monitoring Laboratory, Trends in Atmospheric Carbon Dioxide Data (https://gml.noaa.gov/ccgg/trends/) and Dr. Ralph Keeling, Scripps Institution of Oceanography, Carbon Dioxide Measurements (https://scrippsco2.ucsd.edu/).",ECCA,Atmospheric Carbon Dioxide Concentrations,"Environment, Climate Change, Climate and Weather, Atmospheric Carbon Dioxide Concentrations",2014M10,396.16
World,,WLD,"Monthly Atmospheric Carbon Dioxide Concentrations, Year on Year Percentage Change",Percent,"Dr. Pieter Tans, National Oceanic and Atmospheric Administration (NOAA). Global Monitoring Laboratory, Trends in Atmospheric Carbon Dioxide Data (https://gml.noaa.gov/ccgg/trends/) and Dr. Ralph Keeling, Scripps Institution of Oceanography, Carbon Dioxide Measurements (https://scrippsco2.ucsd.edu/).",ECCA,Atmospheric Carbon Dioxide Concentrations,"Environment, Climate Change, Climate and Weather, Atmospheric Carbon Dioxide Concentrations",2014M10,0.57
World,,WLD,Monthly Atmospheric Carbon Dioxide Concentrations,Parts Per Million,"Dr. Pieter Tans, National Oceanic and Atmospheric Administration (NOAA). Global Monitoring Laboratory, Trends in Atmospheric Carbon Dioxide Data (https://gml.noaa.gov/ccgg/trends/) and Dr. Ralph Keeling, Scripps Institution of Oceanography, Carbon Dioxide Measurements (https://scrippsco2.ucsd.edu/).",ECCA,Atmospheric Carbon Dioxide Concentrations,"Environment, Climate Change, Climate and Weather, Atmospheric Carbon Dioxide Concentrations",2014M11,397.4
World,,WLD,"Monthly Atmospheric Carbon Dioxide Concentrations, Year on Year Percentage Change",Percent,"Dr. Pieter Tans, National Oceanic and Atmospheric Administration (NOAA). Global Monitoring Laboratory, Trends in Atmospheric Carbon Dioxide Data (https://gml.noaa.gov/ccgg/trends/) and Dr. Ralph Keeling, Scripps Institution of Oceanography, Carbon Dioxide Measurements (https://scrippsco2.ucsd.edu/).",ECCA,Atmospheric Carbon Dioxide Concentrations,"Environment, Climate Change, Climate and Weather, Atmospheric Carbon Dioxide Concentrations",2014M11,0.52
World,,WLD,Monthly Atmospheric Carbon Dioxide Concentrations,Parts Per Million,"Dr. Pieter Tans, National Oceanic and Atmospheric Administration (NOAA). Global Monitoring Laboratory, Trends in Atmospheric Carbon Dioxide Data (https://gml.noaa.gov/ccgg/trends/) and Dr. Ralph Keeling, Scripps Institution of Oceanography, Carbon Dioxide Measurements (https://scrippsco2.ucsd.edu/).",ECCA,Atmospheric Carbon Dioxide Concentrations,"Environment, Climate Change, Climate and Weather, Atmospheric Carbon Dioxide Concentrations",2014M12,399.08
World,,WLD,"Monthly Atmospheric Carbon Dioxide Concentrations, Year on Year Percentage Change",Percent,"Dr. Pieter Tans, National Oceanic and Atmospheric Administration (NOAA). Global Monitoring Laboratory, Trends in Atmospheric Carbon Dioxide Data (https://gml.noaa.gov/ccgg/trends/) and Dr. Ralph Keeling, Scripps Institution of Oceanography, Carbon Dioxide Measurements (https://scrippsco2.ucsd.edu/).",ECCA,Atmospheric Carbon Dioxide Concentrations,"Environment, Climate Change, Climate and Weather, Atmospheric Carbon Dioxide Concentrations",2014M12,0.52
World,,WLD,Monthly Atmospheric Carbon Dioxide Concentrations,Parts Per Million,"Dr. Pieter Tans, National Oceanic and Atmospheric Administration (NOAA). Global Monitoring Laboratory, Trends in Atmospheric Carbon Dioxide Data (https://gml.noaa.gov/ccgg/trends/) and Dr. Ralph Keeling, Scripps Institution of Oceanography, Carbon Dioxide Measurements (https://scrippsco2.ucsd.edu/).",ECCA,Atmospheric Carbon Dioxide Concentrations,"Environment, Climate Change, Climate and Weather, Atmospheric Carbon Dioxide Concentrations",2015M01,400.18
World,,WLD,"Monthly Atmospheric Carbon Dioxide Concentrations, Year on Year Percentage Change",Percent,"Dr. Pieter Tans, National Oceanic and Atmospheric Administration (NOAA). Global Monitoring Laboratory, Trends in Atmospheric Carbon Dioxide Data (https://gml.noaa.gov/ccgg/trends/) and Dr. Ralph Keeling, Scripps Institution of Oceanography, Carbon Dioxide Measurements (https://scrippsco2.ucsd.edu/).",ECCA,Atmospheric Carbon Dioxide Concentrations,"Environment, Climate Change, Climate and Weather, Atmospheric Carbon Dioxide Concentrations",2015M01,0.54
World,,WLD,Monthly Atmospheric Carbon Dioxide Concentrations,Parts Per Million,"Dr. Pieter Tans, National Oceanic and Atmospheric Administration (NOAA). Global Monitoring Laboratory, Trends in Atmospheric Carbon Dioxide Data (https://gml.noaa.gov/ccgg/trends/) and Dr. Ralph Keeling, Scripps Institution of Oceanography, Carbon Dioxide Measurements (https://scrippsco2.ucsd.edu/).",ECCA,Atmospheric Carbon Dioxide Concentrations,"Environment, Climate Change, Climate and Weather, Atmospheric Carbon Dioxide Concentrations",2015M02,400.55
World,,WLD,"Monthly Atmospheric Carbon Dioxide Concentrations, Year on Year Percentage Change",Percent,"Dr. Pieter Tans, National Oceanic and Atmospheric Administration (NOAA). Global Monitoring Laboratory, Trends in Atmospheric Carbon Dioxide Data (https://gml.noaa.gov/ccgg/trends/) and Dr. Ralph Keeling, Scripps Institution of Oceanography, Carbon Dioxide Measurements (https://scrippsco2.ucsd.edu/).",ECCA,Atmospheric Carbon Dioxide Concentrations,"Environment, Climate Change, Climate and Weather, Atmospheric Carbon Dioxide Concentrations",2015M02,0.57
World,,WLD,Monthly Atmospheric Carbon Dioxide Concentrations,Parts Per Million,"Dr. Pieter Tans, National Oceanic and Atmospheric Administration (NOAA). Global Monitoring Laboratory, Trends in Atmospheric Carbon Dioxide Data (https://gml.noaa.gov/ccgg/trends/) and Dr. Ralph Keeling, Scripps Institution of Oceanography, Carbon Dioxide Measurements (https://scrippsco2.ucsd.edu/).",ECCA,Atmospheric Carbon Dioxide Concentrations,"Environment, Climate Change, Climate and Weather, Atmospheric Carbon Dioxide Concentrations",2015M03,401.74
World,,WLD,"Monthly Atmospheric Carbon Dioxide Concentrations, Year on Year Percentage Change",Percent,"Dr. Pieter Tans, National Oceanic and Atmospheric Administration (NOAA). Global Monitoring Laboratory, Trends in Atmospheric Carbon Dioxide Data (https://gml.noaa.gov/ccgg/trends/) and Dr. Ralph Keeling, Scripps Institution of Oceanography, Carbon Dioxide Measurements (https://scrippsco2.ucsd.edu/).",ECCA,Atmospheric Carbon Dioxide Concentrations,"Environment, Climate Change, Climate and Weather, Atmospheric Carbon Dioxide Concentrations",2015M03,0.46
World,,WLD,Monthly Atmospheric Carbon Dioxide Concentrations,Parts Per Million,"Dr. Pieter Tans, National Oceanic and Atmospheric Administration (NOAA). Global Monitoring Laboratory, Trends in Atmospheric Carbon Dioxide Data (https://gml.noaa.gov/ccgg/trends/) and Dr. Ralph Keeling, Scripps Institution of Oceanography, Carbon Dioxide Measurements (https://scrippsco2.ucsd.edu/).",ECCA,Atmospheric Carbon Dioxide Concentrations,"Environment, Climate Change, Climate and Weather, Atmospheric Carbon Dioxide Concentrations",2015M04,403.35
World,,WLD,"Monthly Atmospheric Carbon Dioxide Concentrations, Year on Year Percentage Change",Percent,"Dr. Pieter Tans, National Oceanic and Atmospheric Administration (NOAA). Global Monitoring Laboratory, Trends in Atmospheric Carbon Dioxide Data (https://gml.noaa.gov/ccgg/trends/) and Dr. Ralph Keeling, Scripps Institution of Oceanography, Carbon Dioxide Measurements (https://scrippsco2.ucsd.edu/).",ECCA,Atmospheric Carbon Dioxide Concentrations,"Environment, Climate Change, Climate and Weather, Atmospheric Carbon Dioxide Concentrations",2015M04,0.46
World,,WLD,Monthly Atmospheric Carbon Dioxide Concentrations,Parts Per Million,"Dr. Pieter Tans, National Oceanic and Atmospheric Administration (NOAA). Global Monitoring Laboratory, Trends in Atmospheric Carbon Dioxide Data (https://gml.noaa.gov/ccgg/trends/) and Dr. Ralph Keeling, Scripps Institution of Oceanography, Carbon Dioxide Measurements (https://scrippsco2.ucsd.edu/).",ECCA,Atmospheric Carbon Dioxide Concentrations,"Environment, Climate Change, Climate and Weather, Atmospheric Carbon Dioxide Concentrations",2015M05,404.15
World,,WLD,"Monthly Atmospheric Carbon Dioxide Concentrations, Year on Year Percentage Change",Percent,"Dr. Pieter Tans, National Oceanic and Atmospheric Administration (NOAA). Global Monitoring Laboratory, Trends in Atmospheric Carbon Dioxide Data (https://gml.noaa.gov/ccgg/trends/) and Dr. Ralph Keeling, Scripps Institution of Oceanography, Carbon Dioxide Measurements (https://scrippsco2.ucsd.edu/).",ECCA,Atmospheric Carbon Dioxide Concentrations,"Environment, Climate Change, Climate and Weather, Atmospheric Carbon Dioxide Concentrations",2015M05,0.54
World,,WLD,Monthly Atmospheric Carbon Dioxide Concentrations,Parts Per Million,"Dr. Pieter Tans, National Oceanic and Atmospheric Administration (NOAA). Global Monitoring Laboratory, Trends in Atmospheric Carbon Dioxide Data (https://gml.noaa.gov/ccgg/trends/) and Dr. Ralph Keeling, Scripps Institution of Oceanography, Carbon Dioxide Measurements (https://scrippsco2.ucsd.edu/).",ECCA,Atmospheric Carbon Dioxide Concentrations,"Environment, Climate Change, Climate and Weather, Atmospheric Carbon Dioxide Concentrations",2015M06,402.97
World,,WLD,"Monthly Atmospheric Carbon Dioxide Concentrations, Year on Year Percentage Change",Percent,"Dr. Pieter Tans, National Oceanic and Atmospheric Administration (NOAA). Global Monitoring Laboratory, Trends in Atmospheric Carbon Dioxide Data (https://gml.noaa.gov/ccgg/trends/) and Dr. Ralph Keeling, Scripps Institution of Oceanography, Carbon Dioxide Measurements (https://scrippsco2.ucsd.edu/).",ECCA,Atmospheric Carbon Dioxide Concentrations,"Environment, Climate Change, Climate and Weather, Atmospheric Carbon Dioxide Concentrations",2015M06,0.38
World,,WLD,Monthly Atmospheric Carbon Dioxide Concentrations,Parts Per Million,"Dr. Pieter Tans, National Oceanic and Atmospheric Administration (NOAA). Global Monitoring Laboratory, Trends in Atmospheric Carbon Dioxide Data (https://gml.noaa.gov/ccgg/trends/) and Dr. Ralph Keeling, Scripps Institution of Oceanography, Carbon Dioxide Measurements (https://scrippsco2.ucsd.edu/).",ECCA,Atmospheric Carbon Dioxide Concentrations,"Environment, Climate Change, Climate and Weather, Atmospheric Carbon Dioxide Concentrations",2015M07,401.46
World,,WLD,"Monthly Atmospheric Carbon Dioxide Concentrations, Year on Year Percentage Change",Percent,"Dr. Pieter Tans, National Oceanic and Atmospheric Administration (NOAA). Global Monitoring Laboratory, Trends in Atmospheric Carbon Dioxide Data (https://gml.noaa.gov/ccgg/trends/) and Dr. Ralph Keeling, Scripps Institution of Oceanography, Carbon Dioxide Measurements (https://scrippsco2.ucsd.edu/).",ECCA,Atmospheric Carbon Dioxide Concentrations,"Environment, Climate Change, Climate and Weather, Atmospheric Carbon Dioxide Concentrations",2015M07,0.55
World,,WLD,Monthly Atmospheric Carbon Dioxide Concentrations,Parts Per Million,"Dr. Pieter Tans, National Oceanic and Atmospheric Administration (NOAA). Global Monitoring Laboratory, Trends in Atmospheric Carbon Dioxide Data (https://gml.noaa.gov/ccgg/trends/) and Dr. Ralph Keeling, Scripps Institution of Oceanography, Carbon Dioxide Measurements (https://scrippsco2.ucsd.edu/).",ECCA,Atmospheric Carbon Dioxide Concentrations,"Environment, Climate Change, Climate and Weather, Atmospheric Carbon Dioxide Concentrations",2015M08,399.11
World,,WLD,"Monthly Atmospheric Carbon Dioxide Concentrations, Year on Year Percentage Change",Percent,"Dr. Pieter Tans, National Oceanic and Atmospheric Administration (NOAA). Global Monitoring Laboratory, Trends in Atmospheric Carbon Dioxide Data (https://gml.noaa.gov/ccgg/trends/) and Dr. Ralph Keeling, Scripps Institution of Oceanography, Carbon Dioxide Measurements (https://scrippsco2.ucsd.edu/).",ECCA,Atmospheric Carbon Dioxide Concentrations,"Environment, Climate Change, Climate and Weather, Atmospheric Carbon Dioxide Concentrations",2015M08,0.49
World,,WLD,Monthly Atmospheric Carbon Dioxide Concentrations,Parts Per Million,"Dr. Pieter Tans, National Oceanic and Atmospheric Administration (NOAA). Global Monitoring Laboratory, Trends in Atmospheric Carbon Dioxide Data (https://gml.noaa.gov/ccgg/trends/) and Dr. Ralph Keeling, Scripps Institution of Oceanography, Carbon Dioxide Measurements (https://scrippsco2.ucsd.edu/).",ECCA,Atmospheric Carbon Dioxide Concentrations,"Environment, Climate Change, Climate and Weather, Atmospheric Carbon Dioxide Concentrations",2015M09,397.82
World,,WLD,"Monthly Atmospheric Carbon Dioxide Concentrations, Year on Year Percentage Change",Percent,"Dr. Pieter Tans, National Oceanic and Atmospheric Administration (NOAA). Global Monitoring Laboratory, Trends in Atmospheric Carbon Dioxide Data (https://gml.noaa.gov/ccgg/trends/) and Dr. Ralph Keeling, Scripps Institution of Oceanography, Carbon Dioxide Measurements (https://scrippsco2.ucsd.edu/).",ECCA,Atmospheric Carbon Dioxide Concentrations,"Environment, Climate Change, Climate and Weather, Atmospheric Carbon Dioxide Concentrations",2015M09,0.58
World,,WLD,Monthly Atmospheric Carbon Dioxide Concentrations,Parts Per Million,"Dr. Pieter Tans, National Oceanic and Atmospheric Administration (NOAA). Global Monitoring Laboratory, Trends in Atmospheric Carbon Dioxide Data (https://gml.noaa.gov/ccgg/trends/) and Dr. Ralph Keeling, Scripps Institution of Oceanography, Carbon Dioxide Measurements (https://scrippsco2.ucsd.edu/).",ECCA,Atmospheric Carbon Dioxide Concentrations,"Environment, Climate Change, Climate and Weather, Atmospheric Carbon Dioxide Concentrations",2015M10,398.49
World,,WLD,"Monthly Atmospheric Carbon Dioxide Concentrations, Year on Year Percentage Change",Percent,"Dr. Pieter Tans, National Oceanic and Atmospheric Administration (NOAA). Global Monitoring Laboratory, Trends in Atmospheric Carbon Dioxide Data (https://gml.noaa.gov/ccgg/trends/) and Dr. Ralph Keeling, Scripps Institution of Oceanography, Carbon Dioxide Measurements (https://scrippsco2.ucsd.edu/).",ECCA,Atmospheric Carbon Dioxide Concentrations,"Environment, Climate Change, Climate and Weather, Atmospheric Carbon Dioxide Concentrations",2015M10,0.59
World,,WLD,Monthly Atmospheric Carbon Dioxide Concentrations,Parts Per Million,"Dr. Pieter Tans, National Oceanic and Atmospheric Administration (NOAA). Global Monitoring Laboratory, Trends in Atmospheric Carbon Dioxide Data (https://gml.noaa.gov/ccgg/trends/) and Dr. Ralph Keeling, Scripps Institution of Oceanography, Carbon Dioxide Measurements (https://scrippsco2.ucsd.edu/).",ECCA,Atmospheric Carbon Dioxide Concentrations,"Environment, Climate Change, Climate and Weather, Atmospheric Carbon Dioxide Concentrations",2015M11,400.27
World,,WLD,"Monthly Atmospheric Carbon Dioxide Concentrations, Year on Year Percentage Change",Percent,"Dr. Pieter Tans, National Oceanic and Atmospheric Administration (NOAA). Global Monitoring Laboratory, Trends in Atmospheric Carbon Dioxide Data (https://gml.noaa.gov/ccgg/trends/) and Dr. Ralph Keeling, Scripps Institution of Oceanography, Carbon Dioxide Measurements (https://scrippsco2.ucsd.edu/).",ECCA,Atmospheric Carbon Dioxide Concentrations,"Environment, Climate Change, Climate and Weather, Atmospheric Carbon Dioxide Concentrations",2015M11,0.72
World,,WLD,Monthly Atmospheric Carbon Dioxide Concentrations,Parts Per Million,"Dr. Pieter Tans, National Oceanic and Atmospheric Administration (NOAA). Global Monitoring Laboratory, Trends in Atmospheric Carbon Dioxide Data (https://gml.noaa.gov/ccgg/trends/) and Dr. Ralph Keeling, Scripps Institution of Oceanography, Carbon Dioxide Measurements (https://scrippsco2.ucsd.edu/).",ECCA,Atmospheric Carbon Dioxide Concentrations,"Environment, Climate Change, Climate and Weather, Atmospheric Carbon Dioxide Concentrations",2015M12,402.06
World,,WLD,"Monthly Atmospheric Carbon Dioxide Concentrations, Year on Year Percentage Change",Percent,"Dr. Pieter Tans, National Oceanic and Atmospheric Administration (NOAA). Global Monitoring Laboratory, Trends in Atmospheric Carbon Dioxide Data (https://gml.noaa.gov/ccgg/trends/) and Dr. Ralph Keeling, Scripps Institution of Oceanography, Carbon Dioxide Measurements (https://scrippsco2.ucsd.edu/).",ECCA,Atmospheric Carbon Dioxide Concentrations,"Environment, Climate Change, Climate and Weather, Atmospheric Carbon Dioxide Concentrations",2015M12,0.75
World,,WLD,Monthly Atmospheric Carbon Dioxide Concentrations,Parts Per Million,"Dr. Pieter Tans, National Oceanic and Atmospheric Administration (NOAA). Global Monitoring Laboratory, Trends in Atmospheric Carbon Dioxide Data (https://gml.noaa.gov/ccgg/trends/) and Dr. Ralph Keeling, Scripps Institution of Oceanography, Carbon Dioxide Measurements (https://scrippsco2.ucsd.edu/).",ECCA,Atmospheric Carbon Dioxide Concentrations,"Environment, Climate Change, Climate and Weather, Atmospheric Carbon Dioxide Concentrations",2016M01,402.73
World,,WLD,"Monthly Atmospheric Carbon Dioxide Concentrations, Year on Year Percentage Change",Percent,"Dr. Pieter Tans, National Oceanic and Atmospheric Administration (NOAA). Global Monitoring Laboratory, Trends in Atmospheric Carbon Dioxide Data (https://gml.noaa.gov/ccgg/trends/) and Dr. Ralph Keeling, Scripps Institution of Oceanography, Carbon Dioxide Measurements (https://scrippsco2.ucsd.edu/).",ECCA,Atmospheric Carbon Dioxide Concentrations,"Environment, Climate Change, Climate and Weather, Atmospheric Carbon Dioxide Concentrations",2016M01,0.64
World,,WLD,Monthly Atmospheric Carbon Dioxide Concentrations,Parts Per Million,"Dr. Pieter Tans, National Oceanic and Atmospheric Administration (NOAA). Global Monitoring Laboratory, Trends in Atmospheric Carbon Dioxide Data (https://gml.noaa.gov/ccgg/trends/) and Dr. Ralph Keeling, Scripps Institution of Oceanography, Carbon Dioxide Measurements (https://scrippsco2.ucsd.edu/).",ECCA,Atmospheric Carbon Dioxide Concentrations,"Environment, Climate Change, Climate and Weather, Atmospheric Carbon Dioxide Concentrations",2016M02,404.25
World,,WLD,"Monthly Atmospheric Carbon Dioxide Concentrations, Year on Year Percentage Change",Percent,"Dr. Pieter Tans, National Oceanic and Atmospheric Administration (NOAA). Global Monitoring Laboratory, Trends in Atmospheric Carbon Dioxide Data (https://gml.noaa.gov/ccgg/trends/) and Dr. Ralph Keeling, Scripps Institution of Oceanography, Carbon Dioxide Measurements (https://scrippsco2.ucsd.edu/).",ECCA,Atmospheric Carbon Dioxide Concentrations,"Environment, Climate Change, Climate and Weather, Atmospheric Carbon Dioxide Concentrations",2016M02,0.92
World,,WLD,Monthly Atmospheric Carbon Dioxide Concentrations,Parts Per Million,"Dr. Pieter Tans, National Oceanic and Atmospheric Administration (NOAA). Global Monitoring Laboratory, Trends in Atmospheric Carbon Dioxide Data (https://gml.noaa.gov/ccgg/trends/) and Dr. Ralph Keeling, Scripps Institution of Oceanography, Carbon Dioxide Measurements (https://scrippsco2.ucsd.edu/).",ECCA,Atmospheric Carbon Dioxide Concentrations,"Environment, Climate Change, Climate and Weather, Atmospheric Carbon Dioxide Concentrations",2016M03,405.06
World,,WLD,"Monthly Atmospheric Carbon Dioxide Concentrations, Year on Year Percentage Change",Percent,"Dr. Pieter Tans, National Oceanic and Atmospheric Administration (NOAA). Global Monitoring Laboratory, Trends in Atmospheric Carbon Dioxide Data (https://gml.noaa.gov/ccgg/trends/) and Dr. Ralph Keeling, Scripps Institution of Oceanography, Carbon Dioxide Measurements (https://scrippsco2.ucsd.edu/).",ECCA,Atmospheric Carbon Dioxide Concentrations,"Environment, Climate Change, Climate and Weather, Atmospheric Carbon Dioxide Concentrations",2016M03,0.83
World,,WLD,Monthly Atmospheric Carbon Dioxide Concentrations,Parts Per Million,"Dr. Pieter Tans, National Oceanic and Atmospheric Administration (NOAA). Global Monitoring Laboratory, Trends in Atmospheric Carbon Dioxide Data (https://gml.noaa.gov/ccgg/trends/) and Dr. Ralph Keeling, Scripps Institution of Oceanography, Carbon Dioxide Measurements (https://scrippsco2.ucsd.edu/).",ECCA,Atmospheric Carbon Dioxide Concentrations,"Environment, Climate Change, Climate and Weather, Atmospheric Carbon Dioxide Concentrations",2016M04,407.6
World,,WLD,"Monthly Atmospheric Carbon Dioxide Concentrations, Year on Year Percentage Change",Percent,"Dr. Pieter Tans, National Oceanic and Atmospheric Administration (NOAA). Global Monitoring Laboratory, Trends in Atmospheric Carbon Dioxide Data (https://gml.noaa.gov/ccgg/trends/) and Dr. Ralph Keeling, Scripps Institution of Oceanography, Carbon Dioxide Measurements (https://scrippsco2.ucsd.edu/).",ECCA,Atmospheric Carbon Dioxide Concentrations,"Environment, Climate Change, Climate and Weather, Atmospheric Carbon Dioxide Concentrations",2016M04,1.05
World,,WLD,Monthly Atmospheric Carbon Dioxide Concentrations,Parts Per Million,"Dr. Pieter Tans, National Oceanic and Atmospheric Administration (NOAA). Global Monitoring Laboratory, Trends in Atmospheric Carbon Dioxide Data (https://gml.noaa.gov/ccgg/trends/) and Dr. Ralph Keeling, Scripps Institution of Oceanography, Carbon Dioxide Measurements (https://scrippsco2.ucsd.edu/).",ECCA,Atmospheric Carbon Dioxide Concentrations,"Environment, Climate Change, Climate and Weather, Atmospheric Carbon Dioxide Concentrations",2016M05,407.9
World,,WLD,"Monthly Atmospheric Carbon Dioxide Concentrations, Year on Year Percentage Change",Percent,"Dr. Pieter Tans, National Oceanic and Atmospheric Administration (NOAA). Global Monitoring Laboratory, Trends in Atmospheric Carbon Dioxide Data (https://gml.noaa.gov/ccgg/trends/) and Dr. Ralph Keeling, Scripps Institution of Oceanography, Carbon Dioxide Measurements (https://scrippsco2.ucsd.edu/).",ECCA,Atmospheric Carbon Dioxide Concentrations,"Environment, Climate Change, Climate and Weather, Atmospheric Carbon Dioxide Concentrations",2016M05,0.93
World,,WLD,Monthly Atmospheric Carbon Dioxide Concentrations,Parts Per Million,"Dr. Pieter Tans, National Oceanic and Atmospheric Administration (NOAA). Global Monitoring Laboratory, Trends in Atmospheric Carbon Dioxide Data (https://gml.noaa.gov/ccgg/trends/) and Dr. Ralph Keeling, Scripps Institution of Oceanography, Carbon Dioxide Measurements (https://scrippsco2.ucsd.edu/).",ECCA,Atmospheric Carbon Dioxide Concentrations,"Environment, Climate Change, Climate and Weather, Atmospheric Carbon Dioxide Concentrations",2016M06,406.99
World,,WLD,"Monthly Atmospheric Carbon Dioxide Concentrations, Year on Year Percentage Change",Percent,"Dr. Pieter Tans, National Oceanic and Atmospheric Administration (NOAA). Global Monitoring Laboratory, Trends in Atmospheric Carbon Dioxide Data (https://gml.noaa.gov/ccgg/trends/) and Dr. Ralph Keeling, Scripps Institution of Oceanography, Carbon Dioxide Measurements (https://scrippsco2.ucsd.edu/).",ECCA,Atmospheric Carbon Dioxide Concentrations,"Environment, Climate Change, Climate and Weather, Atmospheric Carbon Dioxide Concentrations",2016M06,1.0
World,,WLD,Monthly Atmospheric Carbon Dioxide Concentrations,Parts Per Million,"Dr. Pieter Tans, National Oceanic and Atmospheric Administration (NOAA). Global Monitoring Laboratory, Trends in Atmospheric Carbon Dioxide Data (https://gml.noaa.gov/ccgg/trends/) and Dr. Ralph Keeling, Scripps Institution of Oceanography, Carbon Dioxide Measurements (https://scrippsco2.ucsd.edu/).",ECCA,Atmospheric Carbon Dioxide Concentrations,"Environment, Climate Change, Climate and Weather, Atmospheric Carbon Dioxide Concentrations",2016M07,404.59
World,,WLD,"Monthly Atmospheric Carbon Dioxide Concentrations, Year on Year Percentage Change",Percent,"Dr. Pieter Tans, National Oceanic and Atmospheric Administration (NOAA). Global Monitoring Laboratory, Trends in Atmospheric Carbon Dioxide Data (https://gml.noaa.gov/ccgg/trends/) and Dr. Ralph Keeling, Scripps Institution of Oceanography, Carbon Dioxide Measurements (https://scrippsco2.ucsd.edu/).",ECCA,Atmospheric Carbon Dioxide Concentrations,"Environment, Climate Change, Climate and Weather, Atmospheric Carbon Dioxide Concentrations",2016M07,0.78
World,,WLD,Monthly Atmospheric Carbon Dioxide Concentrations,Parts Per Million,"Dr. Pieter Tans, National Oceanic and Atmospheric Administration (NOAA). Global Monitoring Laboratory, Trends in Atmospheric Carbon Dioxide Data (https://gml.noaa.gov/ccgg/trends/) and Dr. Ralph Keeling, Scripps Institution of Oceanography, Carbon Dioxide Measurements (https://scrippsco2.ucsd.edu/).",ECCA,Atmospheric Carbon Dioxide Concentrations,"Environment, Climate Change, Climate and Weather, Atmospheric Carbon Dioxide Concentrations",2016M08,402.45
World,,WLD,"Monthly Atmospheric Carbon Dioxide Concentrations, Year on Year Percentage Change",Percent,"Dr. Pieter Tans, National Oceanic and Atmospheric Administration (NOAA). Global Monitoring Laboratory, Trends in Atmospheric Carbon Dioxide Data (https://gml.noaa.gov/ccgg/trends/) and Dr. Ralph Keeling, Scripps Institution of Oceanography, Carbon Dioxide Measurements (https://scrippsco2.ucsd.edu/).",ECCA,Atmospheric Carbon Dioxide Concentrations,"Environment, Climate Change, Climate and Weather, Atmospheric Carbon Dioxide Concentrations",2016M08,0.84
World,,WLD,Monthly Atmospheric Carbon Dioxide Concentrations,Parts Per Million,"Dr. Pieter Tans, National Oceanic and Atmospheric Administration (NOAA). Global Monitoring Laboratory, Trends in Atmospheric Carbon Dioxide Data (https://gml.noaa.gov/ccgg/trends/) and Dr. Ralph Keeling, Scripps Institution of Oceanography, Carbon Dioxide Measurements (https://scrippsco2.ucsd.edu/).",ECCA,Atmospheric Carbon Dioxide Concentrations,"Environment, Climate Change, Climate and Weather, Atmospheric Carbon Dioxide Concentrations",2016M09,401.23
World,,WLD,"Monthly Atmospheric Carbon Dioxide Concentrations, Year on Year Percentage Change",Percent,"Dr. Pieter Tans, National Oceanic and Atmospheric Administration (NOAA). Global Monitoring Laboratory, Trends in Atmospheric Carbon Dioxide Data (https://gml.noaa.gov/ccgg/trends/) and Dr. Ralph Keeling, Scripps Institution of Oceanography, Carbon Dioxide Measurements (https://scrippsco2.ucsd.edu/).",ECCA,Atmospheric Carbon Dioxide Concentrations,"Environment, Climate Change, Climate and Weather, Atmospheric Carbon Dioxide Concentrations",2016M09,0.86
World,,WLD,Monthly Atmospheric Carbon Dioxide Concentrations,Parts Per Million,"Dr. Pieter Tans, National Oceanic and Atmospheric Administration (NOAA). Global Monitoring Laboratory, Trends in Atmospheric Carbon Dioxide Data (https://gml.noaa.gov/ccgg/trends/) and Dr. Ralph Keeling, Scripps Institution of Oceanography, Carbon Dioxide Measurements (https://scrippsco2.ucsd.edu/).",ECCA,Atmospheric Carbon Dioxide Concentrations,"Environment, Climate Change, Climate and Weather, Atmospheric Carbon Dioxide Concentrations",2016M10,401.79
World,,WLD,"Monthly Atmospheric Carbon Dioxide Concentrations, Year on Year Percentage Change",Percent,"Dr. Pieter Tans, National Oceanic and Atmospheric Administration (NOAA). Global Monitoring Laboratory, Trends in Atmospheric Carbon Dioxide Data (https://gml.noaa.gov/ccgg/trends/) and Dr. Ralph Keeling, Scripps Institution of Oceanography, Carbon Dioxide Measurements (https://scrippsco2.ucsd.edu/).",ECCA,Atmospheric Carbon Dioxide Concentrations,"Environment, Climate Change, Climate and Weather, Atmospheric Carbon Dioxide Concentrations",2016M10,0.83
World,,WLD,Monthly Atmospheric Carbon Dioxide Concentrations,Parts Per Million,"Dr. Pieter Tans, National Oceanic and Atmospheric Administration (NOAA). Global Monitoring Laboratory, Trends in Atmospheric Carbon Dioxide Data (https://gml.noaa.gov/ccgg/trends/) and Dr. Ralph Keeling, Scripps Institution of Oceanography, Carbon Dioxide Measurements (https://scrippsco2.ucsd.edu/).",ECCA,Atmospheric Carbon Dioxide Concentrations,"Environment, Climate Change, Climate and Weather, Atmospheric Carbon Dioxide Concentrations",2016M11,403.72
World,,WLD,"Monthly Atmospheric Carbon Dioxide Concentrations, Year on Year Percentage Change",Percent,"Dr. Pieter Tans, National Oceanic and Atmospheric Administration (NOAA). Global Monitoring Laboratory, Trends in Atmospheric Carbon Dioxide Data (https://gml.noaa.gov/ccgg/trends/) and Dr. Ralph Keeling, Scripps Institution of Oceanography, Carbon Dioxide Measurements (https://scrippsco2.ucsd.edu/).",ECCA,Atmospheric Carbon Dioxide Concentrations,"Environment, Climate Change, Climate and Weather, Atmospheric Carbon Dioxide Concentrations",2016M11,0.86
World,,WLD,Monthly Atmospheric Carbon Dioxide Concentrations,Parts Per Million,"Dr. Pieter Tans, National Oceanic and Atmospheric Administration (NOAA). Global Monitoring Laboratory, Trends in Atmospheric Carbon Dioxide Data (https://gml.noaa.gov/ccgg/trends/) and Dr. Ralph Keeling, Scripps Institution of Oceanography, Carbon Dioxide Measurements (https://scrippsco2.ucsd.edu/).",ECCA,Atmospheric Carbon Dioxide Concentrations,"Environment, Climate Change, Climate and Weather, Atmospheric Carbon Dioxide Concentrations",2016M12,404.64
World,,WLD,"Monthly Atmospheric Carbon Dioxide Concentrations, Year on Year Percentage Change",Percent,"Dr. Pieter Tans, National Oceanic and Atmospheric Administration (NOAA). Global Monitoring Laboratory, Trends in Atmospheric Carbon Dioxide Data (https://gml.noaa.gov/ccgg/trends/) and Dr. Ralph Keeling, Scripps Institution of Oceanography, Carbon Dioxide Measurements (https://scrippsco2.ucsd.edu/).",ECCA,Atmospheric Carbon Dioxide Concentrations,"Environment, Climate Change, Climate and Weather, Atmospheric Carbon Dioxide Concentrations",2016M12,0.64
World,,WLD,Monthly Atmospheric Carbon Dioxide Concentrations,Parts Per Million,"Dr. Pieter Tans, National Oceanic and Atmospheric Administration (NOAA). Global Monitoring Laboratory, Trends in Atmospheric Carbon Dioxide Data (https://gml.noaa.gov/ccgg/trends/) and Dr. Ralph Keeling, Scripps Institution of Oceanography, Carbon Dioxide Measurements (https://scrippsco2.ucsd.edu/).",ECCA,Atmospheric Carbon Dioxide Concentrations,"Environment, Climate Change, Climate and Weather, Atmospheric Carbon Dioxide Concentrations",2017M01,406.36
World,,WLD,"Monthly Atmospheric Carbon Dioxide Concentrations, Year on Year Percentage Change",Percent,"Dr. Pieter Tans, National Oceanic and Atmospheric Administration (NOAA). Global Monitoring Laboratory, Trends in Atmospheric Carbon Dioxide Data (https://gml.noaa.gov/ccgg/trends/) and Dr. Ralph Keeling, Scripps Institution of Oceanography, Carbon Dioxide Measurements (https://scrippsco2.ucsd.edu/).",ECCA,Atmospheric Carbon Dioxide Concentrations,"Environment, Climate Change, Climate and Weather, Atmospheric Carbon Dioxide Concentrations",2017M01,0.9
World,,WLD,Monthly Atmospheric Carbon Dioxide Concentrations,Parts Per Million,"Dr. Pieter Tans, National Oceanic and Atmospheric Administration (NOAA). Global Monitoring Laboratory, Trends in Atmospheric Carbon Dioxide Data (https://gml.noaa.gov/ccgg/trends/) and Dr. Ralph Keeling, Scripps Institution of Oceanography, Carbon Dioxide Measurements (https://scrippsco2.ucsd.edu/).",ECCA,Atmospheric Carbon Dioxide Concentrations,"Environment, Climate Change, Climate and Weather, Atmospheric Carbon Dioxide Concentrations",2017M02,406.66
World,,WLD,"Monthly Atmospheric Carbon Dioxide Concentrations, Year on Year Percentage Change",Percent,"Dr. Pieter Tans, National Oceanic and Atmospheric Administration (NOAA). Global Monitoring Laboratory, Trends in Atmospheric Carbon Dioxide Data (https://gml.noaa.gov/ccgg/trends/) and Dr. Ralph Keeling, Scripps Institution of Oceanography, Carbon Dioxide Measurements (https://scrippsco2.ucsd.edu/).",ECCA,Atmospheric Carbon Dioxide Concentrations,"Environment, Climate Change, Climate and Weather, Atmospheric Carbon Dioxide Concentrations",2017M02,0.6
World,,WLD,Monthly Atmospheric Carbon Dioxide Concentrations,Parts Per Million,"Dr. Pieter Tans, National Oceanic and Atmospheric Administration (NOAA). Global Monitoring Laboratory, Trends in Atmospheric Carbon Dioxide Data (https://gml.noaa.gov/ccgg/trends/) and Dr. Ralph Keeling, Scripps Institution of Oceanography, Carbon Dioxide Measurements (https://scrippsco2.ucsd.edu/).",ECCA,Atmospheric Carbon Dioxide Concentrations,"Environment, Climate Change, Climate and Weather, Atmospheric Carbon Dioxide Concentrations",2017M03,407.54
World,,WLD,"Monthly Atmospheric Carbon Dioxide Concentrations, Year on Year Percentage Change",Percent,"Dr. Pieter Tans, National Oceanic and Atmospheric Administration (NOAA). Global Monitoring Laboratory, Trends in Atmospheric Carbon Dioxide Data (https://gml.noaa.gov/ccgg/trends/) and Dr. Ralph Keeling, Scripps Institution of Oceanography, Carbon Dioxide Measurements (https://scrippsco2.ucsd.edu/).",ECCA,Atmospheric Carbon Dioxide Concentrations,"Environment, Climate Change, Climate and Weather, Atmospheric Carbon Dioxide Concentrations",2017M03,0.61
World,,WLD,Monthly Atmospheric Carbon Dioxide Concentrations,Parts Per Million,"Dr. Pieter Tans, National Oceanic and Atmospheric Administration (NOAA). Global Monitoring Laboratory, Trends in Atmospheric Carbon Dioxide Data (https://gml.noaa.gov/ccgg/trends/) and Dr. Ralph Keeling, Scripps Institution of Oceanography, Carbon Dioxide Measurements (https://scrippsco2.ucsd.edu/).",ECCA,Atmospheric Carbon Dioxide Concentrations,"Environment, Climate Change, Climate and Weather, Atmospheric Carbon Dioxide Concentrations",2017M04,409.22
World,,WLD,"Monthly Atmospheric Carbon Dioxide Concentrations, Year on Year Percentage Change",Percent,"Dr. Pieter Tans, National Oceanic and Atmospheric Administration (NOAA). Global Monitoring Laboratory, Trends in Atmospheric Carbon Dioxide Data (https://gml.noaa.gov/ccgg/trends/) and Dr. Ralph Keeling, Scripps Institution of Oceanography, Carbon Dioxide Measurements (https://scrippsco2.ucsd.edu/).",ECCA,Atmospheric Carbon Dioxide Concentrations,"Environment, Climate Change, Climate and Weather, Atmospheric Carbon Dioxide Concentrations",2017M04,0.4
World,,WLD,Monthly Atmospheric Carbon Dioxide Concentrations,Parts Per Million,"Dr. Pieter Tans, National Oceanic and Atmospheric Administration (NOAA). Global Monitoring Laboratory, Trends in Atmospheric Carbon Dioxide Data (https://gml.noaa.gov/ccgg/trends/) and Dr. Ralph Keeling, Scripps Institution of Oceanography, Carbon Dioxide Measurements (https://scrippsco2.ucsd.edu/).",ECCA,Atmospheric Carbon Dioxide Concentrations,"Environment, Climate Change, Climate and Weather, Atmospheric Carbon Dioxide Concentrations",2017M05,409.89
World,,WLD,"Monthly Atmospheric Carbon Dioxide Concentrations, Year on Year Percentage Change",Percent,"Dr. Pieter Tans, National Oceanic and Atmospheric Administration (NOAA). Global Monitoring Laboratory, Trends in Atmospheric Carbon Dioxide Data (https://gml.noaa.gov/ccgg/trends/) and Dr. Ralph Keeling, Scripps Institution of Oceanography, Carbon Dioxide Measurements (https://scrippsco2.ucsd.edu/).",ECCA,Atmospheric Carbon Dioxide Concentrations,"Environment, Climate Change, Climate and Weather, Atmospheric Carbon Dioxide Concentrations",2017M05,0.49
World,,WLD,Monthly Atmospheric Carbon Dioxide Concentrations,Parts Per Million,"Dr. Pieter Tans, National Oceanic and Atmospheric Administration (NOAA). Global Monitoring Laboratory, Trends in Atmospheric Carbon Dioxide Data (https://gml.noaa.gov/ccgg/trends/) and Dr. Ralph Keeling, Scripps Institution of Oceanography, Carbon Dioxide Measurements (https://scrippsco2.ucsd.edu/).",ECCA,Atmospheric Carbon Dioxide Concentrations,"Environment, Climate Change, Climate and Weather, Atmospheric Carbon Dioxide Concentrations",2017M06,409.08
World,,WLD,"Monthly Atmospheric Carbon Dioxide Concentrations, Year on Year Percentage Change",Percent,"Dr. Pieter Tans, National Oceanic and Atmospheric Administration (NOAA). Global Monitoring Laboratory, Trends in Atmospheric Carbon Dioxide Data (https://gml.noaa.gov/ccgg/trends/) and Dr. Ralph Keeling, Scripps Institution of Oceanography, Carbon Dioxide Measurements (https://scrippsco2.ucsd.edu/).",ECCA,Atmospheric Carbon Dioxide Concentrations,"Environment, Climate Change, Climate and Weather, Atmospheric Carbon Dioxide Concentrations",2017M06,0.51
World,,WLD,Monthly Atmospheric Carbon Dioxide Concentrations,Parts Per Million,"Dr. Pieter Tans, National Oceanic and Atmospheric Administration (NOAA). Global Monitoring Laboratory, Trends in Atmospheric Carbon Dioxide Data (https://gml.noaa.gov/ccgg/trends/) and Dr. Ralph Keeling, Scripps Institution of Oceanography, Carbon Dioxide Measurements (https://scrippsco2.ucsd.edu/).",ECCA,Atmospheric Carbon Dioxide Concentrations,"Environment, Climate Change, Climate and Weather, Atmospheric Carbon Dioxide Concentrations",2017M07,407.33
World,,WLD,"Monthly Atmospheric Carbon Dioxide Concentrations, Year on Year Percentage Change",Percent,"Dr. Pieter Tans, National Oceanic and Atmospheric Administration (NOAA). Global Monitoring Laboratory, Trends in Atmospheric Carbon Dioxide Data (https://gml.noaa.gov/ccgg/trends/) and Dr. Ralph Keeling, Scripps Institution of Oceanography, Carbon Dioxide Measurements (https://scrippsco2.ucsd.edu/).",ECCA,Atmospheric Carbon Dioxide Concentrations,"Environment, Climate Change, Climate and Weather, Atmospheric Carbon Dioxide Concentrations",2017M07,0.68
World,,WLD,Monthly Atmospheric Carbon Dioxide Concentrations,Parts Per Million,"Dr. Pieter Tans, National Oceanic and Atmospheric Administration (NOAA). Global Monitoring Laboratory, Trends in Atmospheric Carbon Dioxide Data (https://gml.noaa.gov/ccgg/trends/) and Dr. Ralph Keeling, Scripps Institution of Oceanography, Carbon Dioxide Measurements (https://scrippsco2.ucsd.edu/).",ECCA,Atmospheric Carbon Dioxide Concentrations,"Environment, Climate Change, Climate and Weather, Atmospheric Carbon Dioxide Concentrations",2017M08,405.32
World,,WLD,"Monthly Atmospheric Carbon Dioxide Concentrations, Year on Year Percentage Change",Percent,"Dr. Pieter Tans, National Oceanic and Atmospheric Administration (NOAA). Global Monitoring Laboratory, Trends in Atmospheric Carbon Dioxide Data (https://gml.noaa.gov/ccgg/trends/) and Dr. Ralph Keeling, Scripps Institution of Oceanography, Carbon Dioxide Measurements (https://scrippsco2.ucsd.edu/).",ECCA,Atmospheric Carbon Dioxide Concentrations,"Environment, Climate Change, Climate and Weather, Atmospheric Carbon Dioxide Concentrations",2017M08,0.71
World,,WLD,Monthly Atmospheric Carbon Dioxide Concentrations,Parts Per Million,"Dr. Pieter Tans, National Oceanic and Atmospheric Administration (NOAA). Global Monitoring Laboratory, Trends in Atmospheric Carbon Dioxide Data (https://gml.noaa.gov/ccgg/trends/) and Dr. Ralph Keeling, Scripps Institution of Oceanography, Carbon Dioxide Measurements (https://scrippsco2.ucsd.edu/).",ECCA,Atmospheric Carbon Dioxide Concentrations,"Environment, Climate Change, Climate and Weather, Atmospheric Carbon Dioxide Concentrations",2017M09,403.57
World,,WLD,"Monthly Atmospheric Carbon Dioxide Concentrations, Year on Year Percentage Change",Percent,"Dr. Pieter Tans, National Oceanic and Atmospheric Administration (NOAA). Global Monitoring Laboratory, Trends in Atmospheric Carbon Dioxide Data (https://gml.noaa.gov/ccgg/trends/) and Dr. Ralph Keeling, Scripps Institution of Oceanography, Carbon Dioxide Measurements (https://scrippsco2.ucsd.edu/).",ECCA,Atmospheric Carbon Dioxide Concentrations,"Environment, Climate Change, Climate and Weather, Atmospheric Carbon Dioxide Concentrations",2017M09,0.58
World,,WLD,Monthly Atmospheric Carbon Dioxide Concentrations,Parts Per Million,"Dr. Pieter Tans, National Oceanic and Atmospheric Administration (NOAA). Global Monitoring Laboratory, Trends in Atmospheric Carbon Dioxide Data (https://gml.noaa.gov/ccgg/trends/) and Dr. Ralph Keeling, Scripps Institution of Oceanography, Carbon Dioxide Measurements (https://scrippsco2.ucsd.edu/).",ECCA,Atmospheric Carbon Dioxide Concentrations,"Environment, Climate Change, Climate and Weather, Atmospheric Carbon Dioxide Concentrations",2017M10,403.82
World,,WLD,"Monthly Atmospheric Carbon Dioxide Concentrations, Year on Year Percentage Change",Percent,"Dr. Pieter Tans, National Oceanic and Atmospheric Administration (NOAA). Global Monitoring Laboratory, Trends in Atmospheric Carbon Dioxide Data (https://gml.noaa.gov/ccgg/trends/) and Dr. Ralph Keeling, Scripps Institution of Oceanography, Carbon Dioxide Measurements (https://scrippsco2.ucsd.edu/).",ECCA,Atmospheric Carbon Dioxide Concentrations,"Environment, Climate Change, Climate and Weather, Atmospheric Carbon Dioxide Concentrations",2017M10,0.51
World,,WLD,Monthly Atmospheric Carbon Dioxide Concentrations,Parts Per Million,"Dr. Pieter Tans, National Oceanic and Atmospheric Administration (NOAA). Global Monitoring Laboratory, Trends in Atmospheric Carbon Dioxide Data (https://gml.noaa.gov/ccgg/trends/) and Dr. Ralph Keeling, Scripps Institution of Oceanography, Carbon Dioxide Measurements (https://scrippsco2.ucsd.edu/).",ECCA,Atmospheric Carbon Dioxide Concentrations,"Environment, Climate Change, Climate and Weather, Atmospheric Carbon Dioxide Concentrations",2017M11,405.31
World,,WLD,"Monthly Atmospheric Carbon Dioxide Concentrations, Year on Year Percentage Change",Percent,"Dr. Pieter Tans, National Oceanic and Atmospheric Administration (NOAA). Global Monitoring Laboratory, Trends in Atmospheric Carbon Dioxide Data (https://gml.noaa.gov/ccgg/trends/) and Dr. Ralph Keeling, Scripps Institution of Oceanography, Carbon Dioxide Measurements (https://scrippsco2.ucsd.edu/).",ECCA,Atmospheric Carbon Dioxide Concentrations,"Environment, Climate Change, Climate and Weather, Atmospheric Carbon Dioxide Concentrations",2017M11,0.39
World,,WLD,Monthly Atmospheric Carbon Dioxide Concentrations,Parts Per Million,"Dr. Pieter Tans, National Oceanic and Atmospheric Administration (NOAA). Global Monitoring Laboratory, Trends in Atmospheric Carbon Dioxide Data (https://gml.noaa.gov/ccgg/trends/) and Dr. Ralph Keeling, Scripps Institution of Oceanography, Carbon Dioxide Measurements (https://scrippsco2.ucsd.edu/).",ECCA,Atmospheric Carbon Dioxide Concentrations,"Environment, Climate Change, Climate and Weather, Atmospheric Carbon Dioxide Concentrations",2017M12,407.0
World,,WLD,"Monthly Atmospheric Carbon Dioxide Concentrations, Year on Year Percentage Change",Percent,"Dr. Pieter Tans, National Oceanic and Atmospheric Administration (NOAA). Global Monitoring Laboratory, Trends in Atmospheric Carbon Dioxide Data (https://gml.noaa.gov/ccgg/trends/) and Dr. Ralph Keeling, Scripps Institution of Oceanography, Carbon Dioxide Measurements (https://scrippsco2.ucsd.edu/).",ECCA,Atmospheric Carbon Dioxide Concentrations,"Environment, Climate Change, Climate and Weather, Atmospheric Carbon Dioxide Concentrations",2017M12,0.58
World,,WLD,Monthly Atmospheric Carbon Dioxide Concentrations,Parts Per Million,"Dr. Pieter Tans, National Oceanic and Atmospheric Administration (NOAA). Global Monitoring Laboratory, Trends in Atmospheric Carbon Dioxide Data (https://gml.noaa.gov/ccgg/trends/) and Dr. Ralph Keeling, Scripps Institution of Oceanography, Carbon Dioxide Measurements (https://scrippsco2.ucsd.edu/).",ECCA,Atmospheric Carbon Dioxide Concentrations,"Environment, Climate Change, Climate and Weather, Atmospheric Carbon Dioxide Concentrations",2018M01,408.15
World,,WLD,"Monthly Atmospheric Carbon Dioxide Concentrations, Year on Year Percentage Change",Percent,"Dr. Pieter Tans, National Oceanic and Atmospheric Administration (NOAA). Global Monitoring Laboratory, Trends in Atmospheric Carbon Dioxide Data (https://gml.noaa.gov/ccgg/trends/) and Dr. Ralph Keeling, Scripps Institution of Oceanography, Carbon Dioxide Measurements (https://scrippsco2.ucsd.edu/).",ECCA,Atmospheric Carbon Dioxide Concentrations,"Environment, Climate Change, Climate and Weather, Atmospheric Carbon Dioxide Concentrations",2018M01,0.44
World,,WLD,Monthly Atmospheric Carbon Dioxide Concentrations,Parts Per Million,"Dr. Pieter Tans, National Oceanic and Atmospheric Administration (NOAA). Global Monitoring Laboratory, Trends in Atmospheric Carbon Dioxide Data (https://gml.noaa.gov/ccgg/trends/) and Dr. Ralph Keeling, Scripps Institution of Oceanography, Carbon Dioxide Measurements (https://scrippsco2.ucsd.edu/).",ECCA,Atmospheric Carbon Dioxide Concentrations,"Environment, Climate Change, Climate and Weather, Atmospheric Carbon Dioxide Concentrations",2018M02,408.52
World,,WLD,"Monthly Atmospheric Carbon Dioxide Concentrations, Year on Year Percentage Change",Percent,"Dr. Pieter Tans, National Oceanic and Atmospheric Administration (NOAA). Global Monitoring Laboratory, Trends in Atmospheric Carbon Dioxide Data (https://gml.noaa.gov/ccgg/trends/) and Dr. Ralph Keeling, Scripps Institution of Oceanography, Carbon Dioxide Measurements (https://scrippsco2.ucsd.edu/).",ECCA,Atmospheric Carbon Dioxide Concentrations,"Environment, Climate Change, Climate and Weather, Atmospheric Carbon Dioxide Concentrations",2018M02,0.46
World,,WLD,Monthly Atmospheric Carbon Dioxide Concentrations,Parts Per Million,"Dr. Pieter Tans, National Oceanic and Atmospheric Administration (NOAA). Global Monitoring Laboratory, Trends in Atmospheric Carbon Dioxide Data (https://gml.noaa.gov/ccgg/trends/) and Dr. Ralph Keeling, Scripps Institution of Oceanography, Carbon Dioxide Measurements (https://scrippsco2.ucsd.edu/).",ECCA,Atmospheric Carbon Dioxide Concentrations,"Environment, Climate Change, Climate and Weather, Atmospheric Carbon Dioxide Concentrations",2018M03,409.59
World,,WLD,"Monthly Atmospheric Carbon Dioxide Concentrations, Year on Year Percentage Change",Percent,"Dr. Pieter Tans, National Oceanic and Atmospheric Administration (NOAA). Global Monitoring Laboratory, Trends in Atmospheric Carbon Dioxide Data (https://gml.noaa.gov/ccgg/trends/) and Dr. Ralph Keeling, Scripps Institution of Oceanography, Carbon Dioxide Measurements (https://scrippsco2.ucsd.edu/).",ECCA,Atmospheric Carbon Dioxide Concentrations,"Environment, Climate Change, Climate and Weather, Atmospheric Carbon Dioxide Concentrations",2018M03,0.5
World,,WLD,Monthly Atmospheric Carbon Dioxide Concentrations,Parts Per Million,"Dr. Pieter Tans, National Oceanic and Atmospheric Administration (NOAA). Global Monitoring Laboratory, Trends in Atmospheric Carbon Dioxide Data (https://gml.noaa.gov/ccgg/trends/) and Dr. Ralph Keeling, Scripps Institution of Oceanography, Carbon Dioxide Measurements (https://scrippsco2.ucsd.edu/).",ECCA,Atmospheric Carbon Dioxide Concentrations,"Environment, Climate Change, Climate and Weather, Atmospheric Carbon Dioxide Concentrations",2018M04,410.45
World,,WLD,"Monthly Atmospheric Carbon Dioxide Concentrations, Year on Year Percentage Change",Percent,"Dr. Pieter Tans, National Oceanic and Atmospheric Administration (NOAA). Global Monitoring Laboratory, Trends in Atmospheric Carbon Dioxide Data (https://gml.noaa.gov/ccgg/trends/) and Dr. Ralph Keeling, Scripps Institution of Oceanography, Carbon Dioxide Measurements (https://scrippsco2.ucsd.edu/).",ECCA,Atmospheric Carbon Dioxide Concentrations,"Environment, Climate Change, Climate and Weather, Atmospheric Carbon Dioxide Concentrations",2018M04,0.3
World,,WLD,Monthly Atmospheric Carbon Dioxide Concentrations,Parts Per Million,"Dr. Pieter Tans, National Oceanic and Atmospheric Administration (NOAA). Global Monitoring Laboratory, Trends in Atmospheric Carbon Dioxide Data (https://gml.noaa.gov/ccgg/trends/) and Dr. Ralph Keeling, Scripps Institution of Oceanography, Carbon Dioxide Measurements (https://scrippsco2.ucsd.edu/).",ECCA,Atmospheric Carbon Dioxide Concentrations,"Environment, Climate Change, Climate and Weather, Atmospheric Carbon Dioxide Concentrations",2018M05,411.44
World,,WLD,"Monthly Atmospheric Carbon Dioxide Concentrations, Year on Year Percentage Change",Percent,"Dr. Pieter Tans, National Oceanic and Atmospheric Administration (NOAA). Global Monitoring Laboratory, Trends in Atmospheric Carbon Dioxide Data (https://gml.noaa.gov/ccgg/trends/) and Dr. Ralph Keeling, Scripps Institution of Oceanography, Carbon Dioxide Measurements (https://scrippsco2.ucsd.edu/).",ECCA,Atmospheric Carbon Dioxide Concentrations,"Environment, Climate Change, Climate and Weather, Atmospheric Carbon Dioxide Concentrations",2018M05,0.38
World,,WLD,Monthly Atmospheric Carbon Dioxide Concentrations,Parts Per Million,"Dr. Pieter Tans, National Oceanic and Atmospheric Administration (NOAA). Global Monitoring Laboratory, Trends in Atmospheric Carbon Dioxide Data (https://gml.noaa.gov/ccgg/trends/) and Dr. Ralph Keeling, Scripps Institution of Oceanography, Carbon Dioxide Measurements (https://scrippsco2.ucsd.edu/).",ECCA,Atmospheric Carbon Dioxide Concentrations,"Environment, Climate Change, Climate and Weather, Atmospheric Carbon Dioxide Concentrations",2018M06,410.99
World,,WLD,"Monthly Atmospheric Carbon Dioxide Concentrations, Year on Year Percentage Change",Percent,"Dr. Pieter Tans, National Oceanic and Atmospheric Administration (NOAA). Global Monitoring Laboratory, Trends in Atmospheric Carbon Dioxide Data (https://gml.noaa.gov/ccgg/trends/) and Dr. Ralph Keeling, Scripps Institution of Oceanography, Carbon Dioxide Measurements (https://scrippsco2.ucsd.edu/).",ECCA,Atmospheric Carbon Dioxide Concentrations,"Environment, Climate Change, Climate and Weather, Atmospheric Carbon Dioxide Concentrations",2018M06,0.47
World,,WLD,Monthly Atmospheric Carbon Dioxide Concentrations,Parts Per Million,"Dr. Pieter Tans, National Oceanic and Atmospheric Administration (NOAA). Global Monitoring Laboratory, Trends in Atmospheric Carbon Dioxide Data (https://gml.noaa.gov/ccgg/trends/) and Dr. Ralph Keeling, Scripps Institution of Oceanography, Carbon Dioxide Measurements (https://scrippsco2.ucsd.edu/).",ECCA,Atmospheric Carbon Dioxide Concentrations,"Environment, Climate Change, Climate and Weather, Atmospheric Carbon Dioxide Concentrations",2018M07,408.9
World,,WLD,"Monthly Atmospheric Carbon Dioxide Concentrations, Year on Year Percentage Change",Percent,"Dr. Pieter Tans, National Oceanic and Atmospheric Administration (NOAA). Global Monitoring Laboratory, Trends in Atmospheric Carbon Dioxide Data (https://gml.noaa.gov/ccgg/trends/) and Dr. Ralph Keeling, Scripps Institution of Oceanography, Carbon Dioxide Measurements (https://scrippsco2.ucsd.edu/).",ECCA,Atmospheric Carbon Dioxide Concentrations,"Environment, Climate Change, Climate and Weather, Atmospheric Carbon Dioxide Concentrations",2018M07,0.39
World,,WLD,Monthly Atmospheric Carbon Dioxide Concentrations,Parts Per Million,"Dr. Pieter Tans, National Oceanic and Atmospheric Administration (NOAA). Global Monitoring Laboratory, Trends in Atmospheric Carbon Dioxide Data (https://gml.noaa.gov/ccgg/trends/) and Dr. Ralph Keeling, Scripps Institution of Oceanography, Carbon Dioxide Measurements (https://scrippsco2.ucsd.edu/).",ECCA,Atmospheric Carbon Dioxide Concentrations,"Environment, Climate Change, Climate and Weather, Atmospheric Carbon Dioxide Concentrations",2018M08,407.16
World,,WLD,"Monthly Atmospheric Carbon Dioxide Concentrations, Year on Year Percentage Change",Percent,"Dr. Pieter Tans, National Oceanic and Atmospheric Administration (NOAA). Global Monitoring Laboratory, Trends in Atmospheric Carbon Dioxide Data (https://gml.noaa.gov/ccgg/trends/) and Dr. Ralph Keeling, Scripps Institution of Oceanography, Carbon Dioxide Measurements (https://scrippsco2.ucsd.edu/).",ECCA,Atmospheric Carbon Dioxide Concentrations,"Environment, Climate Change, Climate and Weather, Atmospheric Carbon Dioxide Concentrations",2018M08,0.45
World,,WLD,Monthly Atmospheric Carbon Dioxide Concentrations,Parts Per Million,"Dr. Pieter Tans, National Oceanic and Atmospheric Administration (NOAA). Global Monitoring Laboratory, Trends in Atmospheric Carbon Dioxide Data (https://gml.noaa.gov/ccgg/trends/) and Dr. Ralph Keeling, Scripps Institution of Oceanography, Carbon Dioxide Measurements (https://scrippsco2.ucsd.edu/).",ECCA,Atmospheric Carbon Dioxide Concentrations,"Environment, Climate Change, Climate and Weather, Atmospheric Carbon Dioxide Concentrations",2018M09,405.71
World,,WLD,"Monthly Atmospheric Carbon Dioxide Concentrations, Year on Year Percentage Change",Percent,"Dr. Pieter Tans, National Oceanic and Atmospheric Administration (NOAA). Global Monitoring Laboratory, Trends in Atmospheric Carbon Dioxide Data (https://gml.noaa.gov/ccgg/trends/) and Dr. Ralph Keeling, Scripps Institution of Oceanography, Carbon Dioxide Measurements (https://scrippsco2.ucsd.edu/).",ECCA,Atmospheric Carbon Dioxide Concentrations,"Environment, Climate Change, Climate and Weather, Atmospheric Carbon Dioxide Concentrations",2018M09,0.53
World,,WLD,Monthly Atmospheric Carbon Dioxide Concentrations,Parts Per Million,"Dr. Pieter Tans, National Oceanic and Atmospheric Administration (NOAA). Global Monitoring Laboratory, Trends in Atmospheric Carbon Dioxide Data (https://gml.noaa.gov/ccgg/trends/) and Dr. Ralph Keeling, Scripps Institution of Oceanography, Carbon Dioxide Measurements (https://scrippsco2.ucsd.edu/).",ECCA,Atmospheric Carbon Dioxide Concentrations,"Environment, Climate Change, Climate and Weather, Atmospheric Carbon Dioxide Concentrations",2018M10,406.19
World,,WLD,"Monthly Atmospheric Carbon Dioxide Concentrations, Year on Year Percentage Change",Percent,"Dr. Pieter Tans, National Oceanic and Atmospheric Administration (NOAA). Global Monitoring Laboratory, Trends in Atmospheric Carbon Dioxide Data (https://gml.noaa.gov/ccgg/trends/) and Dr. Ralph Keeling, Scripps Institution of Oceanography, Carbon Dioxide Measurements (https://scrippsco2.ucsd.edu/).",ECCA,Atmospheric Carbon Dioxide Concentrations,"Environment, Climate Change, Climate and Weather, Atmospheric Carbon Dioxide Concentrations",2018M10,0.59
World,,WLD,Monthly Atmospheric Carbon Dioxide Concentrations,Parts Per Million,"Dr. Pieter Tans, National Oceanic and Atmospheric Administration (NOAA). Global Monitoring Laboratory, Trends in Atmospheric Carbon Dioxide Data (https://gml.noaa.gov/ccgg/trends/) and Dr. Ralph Keeling, Scripps Institution of Oceanography, Carbon Dioxide Measurements (https://scrippsco2.ucsd.edu/).",ECCA,Atmospheric Carbon Dioxide Concentrations,"Environment, Climate Change, Climate and Weather, Atmospheric Carbon Dioxide Concentrations",2018M11,408.21
World,,WLD,"Monthly Atmospheric Carbon Dioxide Concentrations, Year on Year Percentage Change",Percent,"Dr. Pieter Tans, National Oceanic and Atmospheric Administration (NOAA). Global Monitoring Laboratory, Trends in Atmospheric Carbon Dioxide Data (https://gml.noaa.gov/ccgg/trends/) and Dr. Ralph Keeling, Scripps Institution of Oceanography, Carbon Dioxide Measurements (https://scrippsco2.ucsd.edu/).",ECCA,Atmospheric Carbon Dioxide Concentrations,"Environment, Climate Change, Climate and Weather, Atmospheric Carbon Dioxide Concentrations",2018M11,0.72
World,,WLD,Monthly Atmospheric Carbon Dioxide Concentrations,Parts Per Million,"Dr. Pieter Tans, National Oceanic and Atmospheric Administration (NOAA). Global Monitoring Laboratory, Trends in Atmospheric Carbon Dioxide Data (https://gml.noaa.gov/ccgg/trends/) and Dr. Ralph Keeling, Scripps Institution of Oceanography, Carbon Dioxide Measurements (https://scrippsco2.ucsd.edu/).",ECCA,Atmospheric Carbon Dioxide Concentrations,"Environment, Climate Change, Climate and Weather, Atmospheric Carbon Dioxide Concentrations",2018M12,409.27
World,,WLD,"Monthly Atmospheric Carbon Dioxide Concentrations, Year on Year Percentage Change",Percent,"Dr. Pieter Tans, National Oceanic and Atmospheric Administration (NOAA). Global Monitoring Laboratory, Trends in Atmospheric Carbon Dioxide Data (https://gml.noaa.gov/ccgg/trends/) and Dr. Ralph Keeling, Scripps Institution of Oceanography, Carbon Dioxide Measurements (https://scrippsco2.ucsd.edu/).",ECCA,Atmospheric Carbon Dioxide Concentrations,"Environment, Climate Change, Climate and Weather, Atmospheric Carbon Dioxide Concentrations",2018M12,0.56
World,,WLD,Monthly Atmospheric Carbon Dioxide Concentrations,Parts Per Million,"Dr. Pieter Tans, National Oceanic and Atmospheric Administration (NOAA). Global Monitoring Laboratory, Trends in Atmospheric Carbon Dioxide Data (https://gml.noaa.gov/ccgg/trends/) and Dr. Ralph Keeling, Scripps Institution of Oceanography, Carbon Dioxide Measurements (https://scrippsco2.ucsd.edu/).",ECCA,Atmospheric Carbon Dioxide Concentrations,"Environment, Climate Change, Climate and Weather, Atmospheric Carbon Dioxide Concentrations",2019M01,411.03
World,,WLD,"Monthly Atmospheric Carbon Dioxide Concentrations, Year on Year Percentage Change",Percent,"Dr. Pieter Tans, National Oceanic and Atmospheric Administration (NOAA). Global Monitoring Laboratory, Trends in Atmospheric Carbon Dioxide Data (https://gml.noaa.gov/ccgg/trends/) and Dr. Ralph Keeling, Scripps Institution of Oceanography, Carbon Dioxide Measurements (https://scrippsco2.ucsd.edu/).",ECCA,Atmospheric Carbon Dioxide Concentrations,"Environment, Climate Change, Climate and Weather, Atmospheric Carbon Dioxide Concentrations",2019M01,0.71
World,,WLD,Monthly Atmospheric Carbon Dioxide Concentrations,Parts Per Million,"Dr. Pieter Tans, National Oceanic and Atmospheric Administration (NOAA). Global Monitoring Laboratory, Trends in Atmospheric Carbon Dioxide Data (https://gml.noaa.gov/ccgg/trends/) and Dr. Ralph Keeling, Scripps Institution of Oceanography, Carbon Dioxide Measurements (https://scrippsco2.ucsd.edu/).",ECCA,Atmospheric Carbon Dioxide Concentrations,"Environment, Climate Change, Climate and Weather, Atmospheric Carbon Dioxide Concentrations",2019M02,411.96
World,,WLD,"Monthly Atmospheric Carbon Dioxide Concentrations, Year on Year Percentage Change",Percent,"Dr. Pieter Tans, National Oceanic and Atmospheric Administration (NOAA). Global Monitoring Laboratory, Trends in Atmospheric Carbon Dioxide Data (https://gml.noaa.gov/ccgg/trends/) and Dr. Ralph Keeling, Scripps Institution of Oceanography, Carbon Dioxide Measurements (https://scrippsco2.ucsd.edu/).",ECCA,Atmospheric Carbon Dioxide Concentrations,"Environment, Climate Change, Climate and Weather, Atmospheric Carbon Dioxide Concentrations",2019M02,0.84
World,,WLD,Monthly Atmospheric Carbon Dioxide Concentrations,Parts Per Million,"Dr. Pieter Tans, National Oceanic and Atmospheric Administration (NOAA). Global Monitoring Laboratory, Trends in Atmospheric Carbon Dioxide Data (https://gml.noaa.gov/ccgg/trends/) and Dr. Ralph Keeling, Scripps Institution of Oceanography, Carbon Dioxide Measurements (https://scrippsco2.ucsd.edu/).",ECCA,Atmospheric Carbon Dioxide Concentrations,"Environment, Climate Change, Climate and Weather, Atmospheric Carbon Dioxide Concentrations",2019M03,412.18
World,,WLD,"Monthly Atmospheric Carbon Dioxide Concentrations, Year on Year Percentage Change",Percent,"Dr. Pieter Tans, National Oceanic and Atmospheric Administration (NOAA). Global Monitoring Laboratory, Trends in Atmospheric Carbon Dioxide Data (https://gml.noaa.gov/ccgg/trends/) and Dr. Ralph Keeling, Scripps Institution of Oceanography, Carbon Dioxide Measurements (https://scrippsco2.ucsd.edu/).",ECCA,Atmospheric Carbon Dioxide Concentrations,"Environment, Climate Change, Climate and Weather, Atmospheric Carbon Dioxide Concentrations",2019M03,0.63
World,,WLD,Monthly Atmospheric Carbon Dioxide Concentrations,Parts Per Million,"Dr. Pieter Tans, National Oceanic and Atmospheric Administration (NOAA). Global Monitoring Laboratory, Trends in Atmospheric Carbon Dioxide Data (https://gml.noaa.gov/ccgg/trends/) and Dr. Ralph Keeling, Scripps Institution of Oceanography, Carbon Dioxide Measurements (https://scrippsco2.ucsd.edu/).",ECCA,Atmospheric Carbon Dioxide Concentrations,"Environment, Climate Change, Climate and Weather, Atmospheric Carbon Dioxide Concentrations",2019M04,413.54
World,,WLD,"Monthly Atmospheric Carbon Dioxide Concentrations, Year on Year Percentage Change",Percent,"Dr. Pieter Tans, National Oceanic and Atmospheric Administration (NOAA). Global Monitoring Laboratory, Trends in Atmospheric Carbon Dioxide Data (https://gml.noaa.gov/ccgg/trends/) and Dr. Ralph Keeling, Scripps Institution of Oceanography, Carbon Dioxide Measurements (https://scrippsco2.ucsd.edu/).",ECCA,Atmospheric Carbon Dioxide Concentrations,"Environment, Climate Change, Climate and Weather, Atmospheric Carbon Dioxide Concentrations",2019M04,0.75
World,,WLD,Monthly Atmospheric Carbon Dioxide Concentrations,Parts Per Million,"Dr. Pieter Tans, National Oceanic and Atmospheric Administration (NOAA). Global Monitoring Laboratory, Trends in Atmospheric Carbon Dioxide Data (https://gml.noaa.gov/ccgg/trends/) and Dr. Ralph Keeling, Scripps Institution of Oceanography, Carbon Dioxide Measurements (https://scrippsco2.ucsd.edu/).",ECCA,Atmospheric Carbon Dioxide Concentrations,"Environment, Climate Change, Climate and Weather, Atmospheric Carbon Dioxide Concentrations",2019M05,414.86
World,,WLD,"Monthly Atmospheric Carbon Dioxide Concentrations, Year on Year Percentage Change",Percent,"Dr. Pieter Tans, National Oceanic and Atmospheric Administration (NOAA). Global Monitoring Laboratory, Trends in Atmospheric Carbon Dioxide Data (https://gml.noaa.gov/ccgg/trends/) and Dr. Ralph Keeling, Scripps Institution of Oceanography, Carbon Dioxide Measurements (https://scrippsco2.ucsd.edu/).",ECCA,Atmospheric Carbon Dioxide Concentrations,"Environment, Climate Change, Climate and Weather, Atmospheric Carbon Dioxide Concentrations",2019M05,0.83
World,,WLD,Monthly Atmospheric Carbon Dioxide Concentrations,Parts Per Million,"Dr. Pieter Tans, National Oceanic and Atmospheric Administration (NOAA). Global Monitoring Laboratory, Trends in Atmospheric Carbon Dioxide Data (https://gml.noaa.gov/ccgg/trends/) and Dr. Ralph Keeling, Scripps Institution of Oceanography, Carbon Dioxide Measurements (https://scrippsco2.ucsd.edu/).",ECCA,Atmospheric Carbon Dioxide Concentrations,"Environment, Climate Change, Climate and Weather, Atmospheric Carbon Dioxide Concentrations",2019M06,414.15
World,,WLD,"Monthly Atmospheric Carbon Dioxide Concentrations, Year on Year Percentage Change",Percent,"Dr. Pieter Tans, National Oceanic and Atmospheric Administration (NOAA). Global Monitoring Laboratory, Trends in Atmospheric Carbon Dioxide Data (https://gml.noaa.gov/ccgg/trends/) and Dr. Ralph Keeling, Scripps Institution of Oceanography, Carbon Dioxide Measurements (https://scrippsco2.ucsd.edu/).",ECCA,Atmospheric Carbon Dioxide Concentrations,"Environment, Climate Change, Climate and Weather, Atmospheric Carbon Dioxide Concentrations",2019M06,0.77
World,,WLD,Monthly Atmospheric Carbon Dioxide Concentrations,Parts Per Million,"Dr. Pieter Tans, National Oceanic and Atmospheric Administration (NOAA). Global Monitoring Laboratory, Trends in Atmospheric Carbon Dioxide Data (https://gml.noaa.gov/ccgg/trends/) and Dr. Ralph Keeling, Scripps Institution of Oceanography, Carbon Dioxide Measurements (https://scrippsco2.ucsd.edu/).",ECCA,Atmospheric Carbon Dioxide Concentrations,"Environment, Climate Change, Climate and Weather, Atmospheric Carbon Dioxide Concentrations",2019M07,411.96
World,,WLD,"Monthly Atmospheric Carbon Dioxide Concentrations, Year on Year Percentage Change",Percent,"Dr. Pieter Tans, National Oceanic and Atmospheric Administration (NOAA). Global Monitoring Laboratory, Trends in Atmospheric Carbon Dioxide Data (https://gml.noaa.gov/ccgg/trends/) and Dr. Ralph Keeling, Scripps Institution of Oceanography, Carbon Dioxide Measurements (https://scrippsco2.ucsd.edu/).",ECCA,Atmospheric Carbon Dioxide Concentrations,"Environment, Climate Change, Climate and Weather, Atmospheric Carbon Dioxide Concentrations",2019M07,0.75
World,,WLD,Monthly Atmospheric Carbon Dioxide Concentrations,Parts Per Million,"Dr. Pieter Tans, National Oceanic and Atmospheric Administration (NOAA). Global Monitoring Laboratory, Trends in Atmospheric Carbon Dioxide Data (https://gml.noaa.gov/ccgg/trends/) and Dr. Ralph Keeling, Scripps Institution of Oceanography, Carbon Dioxide Measurements (https://scrippsco2.ucsd.edu/).",ECCA,Atmospheric Carbon Dioxide Concentrations,"Environment, Climate Change, Climate and Weather, Atmospheric Carbon Dioxide Concentrations",2019M08,410.17
World,,WLD,"Monthly Atmospheric Carbon Dioxide Concentrations, Year on Year Percentage Change",Percent,"Dr. Pieter Tans, National Oceanic and Atmospheric Administration (NOAA). Global Monitoring Laboratory, Trends in Atmospheric Carbon Dioxide Data (https://gml.noaa.gov/ccgg/trends/) and Dr. Ralph Keeling, Scripps Institution of Oceanography, Carbon Dioxide Measurements (https://scrippsco2.ucsd.edu/).",ECCA,Atmospheric Carbon Dioxide Concentrations,"Environment, Climate Change, Climate and Weather, Atmospheric Carbon Dioxide Concentrations",2019M08,0.74
World,,WLD,Monthly Atmospheric Carbon Dioxide Concentrations,Parts Per Million,"Dr. Pieter Tans, National Oceanic and Atmospheric Administration (NOAA). Global Monitoring Laboratory, Trends in Atmospheric Carbon Dioxide Data (https://gml.noaa.gov/ccgg/trends/) and Dr. Ralph Keeling, Scripps Institution of Oceanography, Carbon Dioxide Measurements (https://scrippsco2.ucsd.edu/).",ECCA,Atmospheric Carbon Dioxide Concentrations,"Environment, Climate Change, Climate and Weather, Atmospheric Carbon Dioxide Concentrations",2019M09,408.76
World,,WLD,"Monthly Atmospheric Carbon Dioxide Concentrations, Year on Year Percentage Change",Percent,"Dr. Pieter Tans, National Oceanic and Atmospheric Administration (NOAA). Global Monitoring Laboratory, Trends in Atmospheric Carbon Dioxide Data (https://gml.noaa.gov/ccgg/trends/) and Dr. Ralph Keeling, Scripps Institution of Oceanography, Carbon Dioxide Measurements (https://scrippsco2.ucsd.edu/).",ECCA,Atmospheric Carbon Dioxide Concentrations,"Environment, Climate Change, Climate and Weather, Atmospheric Carbon Dioxide Concentrations",2019M09,0.75
World,,WLD,Monthly Atmospheric Carbon Dioxide Concentrations,Parts Per Million,"Dr. Pieter Tans, National Oceanic and Atmospheric Administration (NOAA). Global Monitoring Laboratory, Trends in Atmospheric Carbon Dioxide Data (https://gml.noaa.gov/ccgg/trends/) and Dr. Ralph Keeling, Scripps Institution of Oceanography, Carbon Dioxide Measurements (https://scrippsco2.ucsd.edu/).",ECCA,Atmospheric Carbon Dioxide Concentrations,"Environment, Climate Change, Climate and Weather, Atmospheric Carbon Dioxide Concentrations",2019M10,408.74
World,,WLD,"Monthly Atmospheric Carbon Dioxide Concentrations, Year on Year Percentage Change",Percent,"Dr. Pieter Tans, National Oceanic and Atmospheric Administration (NOAA). Global Monitoring Laboratory, Trends in Atmospheric Carbon Dioxide Data (https://gml.noaa.gov/ccgg/trends/) and Dr. Ralph Keeling, Scripps Institution of Oceanography, Carbon Dioxide Measurements (https://scrippsco2.ucsd.edu/).",ECCA,Atmospheric Carbon Dioxide Concentrations,"Environment, Climate Change, Climate and Weather, Atmospheric Carbon Dioxide Concentrations",2019M10,0.63
World,,WLD,Monthly Atmospheric Carbon Dioxide Concentrations,Parts Per Million,"Dr. Pieter Tans, National Oceanic and Atmospheric Administration (NOAA). Global Monitoring Laboratory, Trends in Atmospheric Carbon Dioxide Data (https://gml.noaa.gov/ccgg/trends/) and Dr. Ralph Keeling, Scripps Institution of Oceanography, Carbon Dioxide Measurements (https://scrippsco2.ucsd.edu/).",ECCA,Atmospheric Carbon Dioxide Concentrations,"Environment, Climate Change, Climate and Weather, Atmospheric Carbon Dioxide Concentrations",2019M11,410.47
World,,WLD,"Monthly Atmospheric Carbon Dioxide Concentrations, Year on Year Percentage Change",Percent,"Dr. Pieter Tans, National Oceanic and Atmospheric Administration (NOAA). Global Monitoring Laboratory, Trends in Atmospheric Carbon Dioxide Data (https://gml.noaa.gov/ccgg/trends/) and Dr. Ralph Keeling, Scripps Institution of Oceanography, Carbon Dioxide Measurements (https://scrippsco2.ucsd.edu/).",ECCA,Atmospheric Carbon Dioxide Concentrations,"Environment, Climate Change, Climate and Weather, Atmospheric Carbon Dioxide Concentrations",2019M11,0.55
World,,WLD,Monthly Atmospheric Carbon Dioxide Concentrations,Parts Per Million,"Dr. Pieter Tans, National Oceanic and Atmospheric Administration (NOAA). Global Monitoring Laboratory, Trends in Atmospheric Carbon Dioxide Data (https://gml.noaa.gov/ccgg/trends/) and Dr. Ralph Keeling, Scripps Institution of Oceanography, Carbon Dioxide Measurements (https://scrippsco2.ucsd.edu/).",ECCA,Atmospheric Carbon Dioxide Concentrations,"Environment, Climate Change, Climate and Weather, Atmospheric Carbon Dioxide Concentrations",2019M12,411.97
World,,WLD,"Monthly Atmospheric Carbon Dioxide Concentrations, Year on Year Percentage Change",Percent,"Dr. Pieter Tans, National Oceanic and Atmospheric Administration (NOAA). Global Monitoring Laboratory, Trends in Atmospheric Carbon Dioxide Data (https://gml.noaa.gov/ccgg/trends/) and Dr. Ralph Keeling, Scripps Institution of Oceanography, Carbon Dioxide Measurements (https://scrippsco2.ucsd.edu/).",ECCA,Atmospheric Carbon Dioxide Concentrations,"Environment, Climate Change, Climate and Weather, Atmospheric Carbon Dioxide Concentrations",2019M12,0.66
World,,WLD,Monthly Atmospheric Carbon Dioxide Concentrations,Parts Per Million,"Dr. Pieter Tans, National Oceanic and Atmospheric Administration (NOAA). Global Monitoring Laboratory, Trends in Atmospheric Carbon Dioxide Data (https://gml.noaa.gov/ccgg/trends/) and Dr. Ralph Keeling, Scripps Institution of Oceanography, Carbon Dioxide Measurements (https://scrippsco2.ucsd.edu/).",ECCA,Atmospheric Carbon Dioxide Concentrations,"Environment, Climate Change, Climate and Weather, Atmospheric Carbon Dioxide Concentrations",2020M01,413.59
World,,WLD,"Monthly Atmospheric Carbon Dioxide Concentrations, Year on Year Percentage Change",Percent,"Dr. Pieter Tans, National Oceanic and Atmospheric Administration (NOAA). Global Monitoring Laboratory, Trends in Atmospheric Carbon Dioxide Data (https://gml.noaa.gov/ccgg/trends/) and Dr. Ralph Keeling, Scripps Institution of Oceanography, Carbon Dioxide Measurements (https://scrippsco2.ucsd.edu/).",ECCA,Atmospheric Carbon Dioxide Concentrations,"Environment, Climate Change, Climate and Weather, Atmospheric Carbon Dioxide Concentrations",2020M01,0.62
World,,WLD,Monthly Atmospheric Carbon Dioxide Concentrations,Parts Per Million,"Dr. Pieter Tans, National Oceanic and Atmospheric Administration (NOAA). Global Monitoring Laboratory, Trends in Atmospheric Carbon Dioxide Data (https://gml.noaa.gov/ccgg/trends/) and Dr. Ralph Keeling, Scripps Institution of Oceanography, Carbon Dioxide Measurements (https://scrippsco2.ucsd.edu/).",ECCA,Atmospheric Carbon Dioxide Concentrations,"Environment, Climate Change, Climate and Weather, Atmospheric Carbon Dioxide Concentrations",2020M02,414.32
World,,WLD,"Monthly Atmospheric Carbon Dioxide Concentrations, Year on Year Percentage Change",Percent,"Dr. Pieter Tans, National Oceanic and Atmospheric Administration (NOAA). Global Monitoring Laboratory, Trends in Atmospheric Carbon Dioxide Data (https://gml.noaa.gov/ccgg/trends/) and Dr. Ralph Keeling, Scripps Institution of Oceanography, Carbon Dioxide Measurements (https://scrippsco2.ucsd.edu/).",ECCA,Atmospheric Carbon Dioxide Concentrations,"Environment, Climate Change, Climate and Weather, Atmospheric Carbon Dioxide Concentrations",2020M02,0.57
World,,WLD,Monthly Atmospheric Carbon Dioxide Concentrations,Parts Per Million,"Dr. Pieter Tans, National Oceanic and Atmospheric Administration (NOAA). Global Monitoring Laboratory, Trends in Atmospheric Carbon Dioxide Data (https://gml.noaa.gov/ccgg/trends/) and Dr. Ralph Keeling, Scripps Institution of Oceanography, Carbon Dioxide Measurements (https://scrippsco2.ucsd.edu/).",ECCA,Atmospheric Carbon Dioxide Concentrations,"Environment, Climate Change, Climate and Weather, Atmospheric Carbon Dioxide Concentrations",2020M03,414.72
World,,WLD,"Monthly Atmospheric Carbon Dioxide Concentrations, Year on Year Percentage Change",Percent,"Dr. Pieter Tans, National Oceanic and Atmospheric Administration (NOAA). Global Monitoring Laboratory, Trends in Atmospheric Carbon Dioxide Data (https://gml.noaa.gov/ccgg/trends/) and Dr. Ralph Keeling, Scripps Institution of Oceanography, Carbon Dioxide Measurements (https://scrippsco2.ucsd.edu/).",ECCA,Atmospheric Carbon Dioxide Concentrations,"Environment, Climate Change, Climate and Weather, Atmospheric Carbon Dioxide Concentrations",2020M03,0.62
World,,WLD,Monthly Atmospheric Carbon Dioxide Concentrations,Parts Per Million,"Dr. Pieter Tans, National Oceanic and Atmospheric Administration (NOAA). Global Monitoring Laboratory, Trends in Atmospheric Carbon Dioxide Data (https://gml.noaa.gov/ccgg/trends/) and Dr. Ralph Keeling, Scripps Institution of Oceanography, Carbon Dioxide Measurements (https://scrippsco2.ucsd.edu/).",ECCA,Atmospheric Carbon Dioxide Concentrations,"Environment, Climate Change, Climate and Weather, Atmospheric Carbon Dioxide Concentrations",2020M04,416.42
World,,WLD,"Monthly Atmospheric Carbon Dioxide Concentrations, Year on Year Percentage Change",Percent,"Dr. Pieter Tans, National Oceanic and Atmospheric Administration (NOAA). Global Monitoring Laboratory, Trends in Atmospheric Carbon Dioxide Data (https://gml.noaa.gov/ccgg/trends/) and Dr. Ralph Keeling, Scripps Institution of Oceanography, Carbon Dioxide Measurements (https://scrippsco2.ucsd.edu/).",ECCA,Atmospheric Carbon Dioxide Concentrations,"Environment, Climate Change, Climate and Weather, Atmospheric Carbon Dioxide Concentrations",2020M04,0.7
World,,WLD,Monthly Atmospheric Carbon Dioxide Concentrations,Parts Per Million,"Dr. Pieter Tans, National Oceanic and Atmospheric Administration (NOAA). Global Monitoring Laboratory, Trends in Atmospheric Carbon Dioxide Data (https://gml.noaa.gov/ccgg/trends/) and Dr. Ralph Keeling, Scripps Institution of Oceanography, Carbon Dioxide Measurements (https://scrippsco2.ucsd.edu/).",ECCA,Atmospheric Carbon Dioxide Concentrations,"Environment, Climate Change, Climate and Weather, Atmospheric Carbon Dioxide Concentrations",2020M05,417.28
World,,WLD,"Monthly Atmospheric Carbon Dioxide Concentrations, Year on Year Percentage Change",Percent,"Dr. Pieter Tans, National Oceanic and Atmospheric Administration (NOAA). Global Monitoring Laboratory, Trends in Atmospheric Carbon Dioxide Data (https://gml.noaa.gov/ccgg/trends/) and Dr. Ralph Keeling, Scripps Institution of Oceanography, Carbon Dioxide Measurements (https://scrippsco2.ucsd.edu/).",ECCA,Atmospheric Carbon Dioxide Concentrations,"Environment, Climate Change, Climate and Weather, Atmospheric Carbon Dioxide Concentrations",2020M05,0.58
World,,WLD,Monthly Atmospheric Carbon Dioxide Concentrations,Parts Per Million,"Dr. Pieter Tans, National Oceanic and Atmospheric Administration (NOAA). Global Monitoring Laboratory, Trends in Atmospheric Carbon Dioxide Data (https://gml.noaa.gov/ccgg/trends/) and Dr. Ralph Keeling, Scripps Institution of Oceanography, Carbon Dioxide Measurements (https://scrippsco2.ucsd.edu/).",ECCA,Atmospheric Carbon Dioxide Concentrations,"Environment, Climate Change, Climate and Weather, Atmospheric Carbon Dioxide Concentrations",2020M06,416.58
World,,WLD,"Monthly Atmospheric Carbon Dioxide Concentrations, Year on Year Percentage Change",Percent,"Dr. Pieter Tans, National Oceanic and Atmospheric Administration (NOAA). Global Monitoring Laboratory, Trends in Atmospheric Carbon Dioxide Data (https://gml.noaa.gov/ccgg/trends/) and Dr. Ralph Keeling, Scripps Institution of Oceanography, Carbon Dioxide Measurements (https://scrippsco2.ucsd.edu/).",ECCA,Atmospheric Carbon Dioxide Concentrations,"Environment, Climate Change, Climate and Weather, Atmospheric Carbon Dioxide Concentrations",2020M06,0.59
World,,WLD,Monthly Atmospheric Carbon Dioxide Concentrations,Parts Per Million,"Dr. Pieter Tans, National Oceanic and Atmospheric Administration (NOAA). Global Monitoring Laboratory, Trends in Atmospheric Carbon Dioxide Data (https://gml.noaa.gov/ccgg/trends/) and Dr. Ralph Keeling, Scripps Institution of Oceanography, Carbon Dioxide Measurements (https://scrippsco2.ucsd.edu/).",ECCA,Atmospheric Carbon Dioxide Concentrations,"Environment, Climate Change, Climate and Weather, Atmospheric Carbon Dioxide Concentrations",2020M07,414.58
World,,WLD,"Monthly Atmospheric Carbon Dioxide Concentrations, Year on Year Percentage Change",Percent,"Dr. Pieter Tans, National Oceanic and Atmospheric Administration (NOAA). Global Monitoring Laboratory, Trends in Atmospheric Carbon Dioxide Data (https://gml.noaa.gov/ccgg/trends/) and Dr. Ralph Keeling, Scripps Institution of Oceanography, Carbon Dioxide Measurements (https://scrippsco2.ucsd.edu/).",ECCA,Atmospheric Carbon Dioxide Concentrations,"Environment, Climate Change, Climate and Weather, Atmospheric Carbon Dioxide Concentrations",2020M07,0.64
World,,WLD,Monthly Atmospheric Carbon Dioxide Concentrations,Parts Per Million,"Dr. Pieter Tans, National Oceanic and Atmospheric Administration (NOAA). Global Monitoring Laboratory, Trends in Atmospheric Carbon Dioxide Data (https://gml.noaa.gov/ccgg/trends/) and Dr. Ralph Keeling, Scripps Institution of Oceanography, Carbon Dioxide Measurements (https://scrippsco2.ucsd.edu/).",ECCA,Atmospheric Carbon Dioxide Concentrations,"Environment, Climate Change, Climate and Weather, Atmospheric Carbon Dioxide Concentrations",2020M08,412.75
World,,WLD,"Monthly Atmospheric Carbon Dioxide Concentrations, Year on Year Percentage Change",Percent,"Dr. Pieter Tans, National Oceanic and Atmospheric Administration (NOAA). Global Monitoring Laboratory, Trends in Atmospheric Carbon Dioxide Data (https://gml.noaa.gov/ccgg/trends/) and Dr. Ralph Keeling, Scripps Institution of Oceanography, Carbon Dioxide Measurements (https://scrippsco2.ucsd.edu/).",ECCA,Atmospheric Carbon Dioxide Concentrations,"Environment, Climate Change, Climate and Weather, Atmospheric Carbon Dioxide Concentrations",2020M08,0.63
World,,WLD,Monthly Atmospheric Carbon Dioxide Concentrations,Parts Per Million,"Dr. Pieter Tans, National Oceanic and Atmospheric Administration (NOAA). Global Monitoring Laboratory, Trends in Atmospheric Carbon Dioxide Data (https://gml.noaa.gov/ccgg/trends/) and Dr. Ralph Keeling, Scripps Institution of Oceanography, Carbon Dioxide Measurements (https://scrippsco2.ucsd.edu/).",ECCA,Atmospheric Carbon Dioxide Concentrations,"Environment, Climate Change, Climate and Weather, Atmospheric Carbon Dioxide Concentrations",2020M09,411.5
World,,WLD,"Monthly Atmospheric Carbon Dioxide Concentrations, Year on Year Percentage Change",Percent,"Dr. Pieter Tans, National Oceanic and Atmospheric Administration (NOAA). Global Monitoring Laboratory, Trends in Atmospheric Carbon Dioxide Data (https://gml.noaa.gov/ccgg/trends/) and Dr. Ralph Keeling, Scripps Institution of Oceanography, Carbon Dioxide Measurements (https://scrippsco2.ucsd.edu/).",ECCA,Atmospheric Carbon Dioxide Concentrations,"Environment, Climate Change, Climate and Weather, Atmospheric Carbon Dioxide Concentrations",2020M09,0.67
World,,WLD,Monthly Atmospheric Carbon Dioxide Concentrations,Parts Per Million,"Dr. Pieter Tans, National Oceanic and Atmospheric Administration (NOAA). Global Monitoring Laboratory, Trends in Atmospheric Carbon Dioxide Data (https://gml.noaa.gov/ccgg/trends/) and Dr. Ralph Keeling, Scripps Institution of Oceanography, Carbon Dioxide Measurements (https://scrippsco2.ucsd.edu/).",ECCA,Atmospheric Carbon Dioxide Concentrations,"Environment, Climate Change, Climate and Weather, Atmospheric Carbon Dioxide Concentrations",2020M10,411.49
World,,WLD,"Monthly Atmospheric Carbon Dioxide Concentrations, Year on Year Percentage Change",Percent,"Dr. Pieter Tans, National Oceanic and Atmospheric Administration (NOAA). Global Monitoring Laboratory, Trends in Atmospheric Carbon Dioxide Data (https://gml.noaa.gov/ccgg/trends/) and Dr. Ralph Keeling, Scripps Institution of Oceanography, Carbon Dioxide Measurements (https://scrippsco2.ucsd.edu/).",ECCA,Atmospheric Carbon Dioxide Concentrations,"Environment, Climate Change, Climate and Weather, Atmospheric Carbon Dioxide Concentrations",2020M10,0.67
World,,WLD,Monthly Atmospheric Carbon Dioxide Concentrations,Parts Per Million,"Dr. Pieter Tans, National Oceanic and Atmospheric Administration (NOAA). Global Monitoring Laboratory, Trends in Atmospheric Carbon Dioxide Data (https://gml.noaa.gov/ccgg/trends/) and Dr. Ralph Keeling, Scripps Institution of Oceanography, Carbon Dioxide Measurements (https://scrippsco2.ucsd.edu/).",ECCA,Atmospheric Carbon Dioxide Concentrations,"Environment, Climate Change, Climate and Weather, Atmospheric Carbon Dioxide Concentrations",2020M11,413.1
World,,WLD,"Monthly Atmospheric Carbon Dioxide Concentrations, Year on Year Percentage Change",Percent,"Dr. Pieter Tans, National Oceanic and Atmospheric Administration (NOAA). Global Monitoring Laboratory, Trends in Atmospheric Carbon Dioxide Data (https://gml.noaa.gov/ccgg/trends/) and Dr. Ralph Keeling, Scripps Institution of Oceanography, Carbon Dioxide Measurements (https://scrippsco2.ucsd.edu/).",ECCA,Atmospheric Carbon Dioxide Concentrations,"Environment, Climate Change, Climate and Weather, Atmospheric Carbon Dioxide Concentrations",2020M11,0.64
World,,WLD,Monthly Atmospheric Carbon Dioxide Concentrations,Parts Per Million,"Dr. Pieter Tans, National Oceanic and Atmospheric Administration (NOAA). Global Monitoring Laboratory, Trends in Atmospheric Carbon Dioxide Data (https://gml.noaa.gov/ccgg/trends/) and Dr. Ralph Keeling, Scripps Institution of Oceanography, Carbon Dioxide Measurements (https://scrippsco2.ucsd.edu/).",ECCA,Atmospheric Carbon Dioxide Concentrations,"Environment, Climate Change, Climate and Weather, Atmospheric Carbon Dioxide Concentrations",2020M12,414.23
World,,WLD,"Monthly Atmospheric Carbon Dioxide Concentrations, Year on Year Percentage Change",Percent,"Dr. Pieter Tans, National Oceanic and Atmospheric Administration (NOAA). Global Monitoring Laboratory, Trends in Atmospheric Carbon Dioxide Data (https://gml.noaa.gov/ccgg/trends/) and Dr. Ralph Keeling, Scripps Institution of Oceanography, Carbon Dioxide Measurements (https://scrippsco2.ucsd.edu/).",ECCA,Atmospheric Carbon Dioxide Concentrations,"Environment, Climate Change, Climate and Weather, Atmospheric Carbon Dioxide Concentrations",2020M12,0.55
World,,WLD,Monthly Atmospheric Carbon Dioxide Concentrations,Parts Per Million,"Dr. Pieter Tans, National Oceanic and Atmospheric Administration (NOAA). Global Monitoring Laboratory, Trends in Atmospheric Carbon Dioxide Data (https://gml.noaa.gov/ccgg/trends/) and Dr. Ralph Keeling, Scripps Institution of Oceanography, Carbon Dioxide Measurements (https://scrippsco2.ucsd.edu/).",ECCA,Atmospheric Carbon Dioxide Concentrations,"Environment, Climate Change, Climate and Weather, Atmospheric Carbon Dioxide Concentrations",2021M01,415.49
World,,WLD,"Monthly Atmospheric Carbon Dioxide Concentrations, Year on Year Percentage Change",Percent,"Dr. Pieter Tans, National Oceanic and Atmospheric Administration (NOAA). Global Monitoring Laboratory, Trends in Atmospheric Carbon Dioxide Data (https://gml.noaa.gov/ccgg/trends/) and Dr. Ralph Keeling, Scripps Institution of Oceanography, Carbon Dioxide Measurements (https://scrippsco2.ucsd.edu/).",ECCA,Atmospheric Carbon Dioxide Concentrations,"Environment, Climate Change, Climate and Weather, Atmospheric Carbon Dioxide Concentrations",2021M01,0.46
World,,WLD,Monthly Atmospheric Carbon Dioxide Concentrations,Parts Per Million,"Dr. Pieter Tans, National Oceanic and Atmospheric Administration (NOAA). Global Monitoring Laboratory, Trends in Atmospheric Carbon Dioxide Data (https://gml.noaa.gov/ccgg/trends/) and Dr. Ralph Keeling, Scripps Institution of Oceanography, Carbon Dioxide Measurements (https://scrippsco2.ucsd.edu/).",ECCA,Atmospheric Carbon Dioxide Concentrations,"Environment, Climate Change, Climate and Weather, Atmospheric Carbon Dioxide Concentrations",2021M02,416.72
World,,WLD,"Monthly Atmospheric Carbon Dioxide Concentrations, Year on Year Percentage Change",Percent,"Dr. Pieter Tans, National Oceanic and Atmospheric Administration (NOAA). Global Monitoring Laboratory, Trends in Atmospheric Carbon Dioxide Data (https://gml.noaa.gov/ccgg/trends/) and Dr. Ralph Keeling, Scripps Institution of Oceanography, Carbon Dioxide Measurements (https://scrippsco2.ucsd.edu/).",ECCA,Atmospheric Carbon Dioxide Concentrations,"Environment, Climate Change, Climate and Weather, Atmospheric Carbon Dioxide Concentrations",2021M02,0.58
World,,WLD,Monthly Atmospheric Carbon Dioxide Concentrations,Parts Per Million,"Dr. Pieter Tans, National Oceanic and Atmospheric Administration (NOAA). Global Monitoring Laboratory, Trends in Atmospheric Carbon Dioxide Data (https://gml.noaa.gov/ccgg/trends/) and Dr. Ralph Keeling, Scripps Institution of Oceanography, Carbon Dioxide Measurements (https://scrippsco2.ucsd.edu/).",ECCA,Atmospheric Carbon Dioxide Concentrations,"Environment, Climate Change, Climate and Weather, Atmospheric Carbon Dioxide Concentrations",2021M03,417.61
World,,WLD,"Monthly Atmospheric Carbon Dioxide Concentrations, Year on Year Percentage Change",Percent,"Dr. Pieter Tans, National Oceanic and Atmospheric Administration (NOAA). Global Monitoring Laboratory, Trends in Atmospheric Carbon Dioxide Data (https://gml.noaa.gov/ccgg/trends/) and Dr. Ralph Keeling, Scripps Institution of Oceanography, Carbon Dioxide Measurements (https://scrippsco2.ucsd.edu/).",ECCA,Atmospheric Carbon Dioxide Concentrations,"Environment, Climate Change, Climate and Weather, Atmospheric Carbon Dioxide Concentrations",2021M03,0.7
World,,WLD,Monthly Atmospheric Carbon Dioxide Concentrations,Parts Per Million,"Dr. Pieter Tans, National Oceanic and Atmospheric Administration (NOAA). Global Monitoring Laboratory, Trends in Atmospheric Carbon Dioxide Data (https://gml.noaa.gov/ccgg/trends/) and Dr. Ralph Keeling, Scripps Institution of Oceanography, Carbon Dioxide Measurements (https://scrippsco2.ucsd.edu/).",ECCA,Atmospheric Carbon Dioxide Concentrations,"Environment, Climate Change, Climate and Weather, Atmospheric Carbon Dioxide Concentrations",2021M04,419.01
World,,WLD,"Monthly Atmospheric Carbon Dioxide Concentrations, Year on Year Percentage Change",Percent,"Dr. Pieter Tans, National Oceanic and Atmospheric Administration (NOAA). Global Monitoring Laboratory, Trends in Atmospheric Carbon Dioxide Data (https://gml.noaa.gov/ccgg/trends/) and Dr. Ralph Keeling, Scripps Institution of Oceanography, Carbon Dioxide Measurements (https://scrippsco2.ucsd.edu/).",ECCA,Atmospheric Carbon Dioxide Concentrations,"Environment, Climate Change, Climate and Weather, Atmospheric Carbon Dioxide Concentrations",2021M04,0.62
World,,WLD,Monthly Atmospheric Carbon Dioxide Concentrations,Parts Per Million,"Dr. Pieter Tans, National Oceanic and Atmospheric Administration (NOAA). Global Monitoring Laboratory, Trends in Atmospheric Carbon Dioxide Data (https://gml.noaa.gov/ccgg/trends/) and Dr. Ralph Keeling, Scripps Institution of Oceanography, Carbon Dioxide Measurements (https://scrippsco2.ucsd.edu/).",ECCA,Atmospheric Carbon Dioxide Concentrations,"Environment, Climate Change, Climate and Weather, Atmospheric Carbon Dioxide Concentrations",2021M05,419.09
World,,WLD,"Monthly Atmospheric Carbon Dioxide Concentrations, Year on Year Percentage Change",Percent,"Dr. Pieter Tans, National Oceanic and Atmospheric Administration (NOAA). Global Monitoring Laboratory, Trends in Atmospheric Carbon Dioxide Data (https://gml.noaa.gov/ccgg/trends/) and Dr. Ralph Keeling, Scripps Institution of Oceanography, Carbon Dioxide Measurements (https://scrippsco2.ucsd.edu/).",ECCA,Atmospheric Carbon Dioxide Concentrations,"Environment, Climate Change, Climate and Weather, Atmospheric Carbon Dioxide Concentrations",2021M05,0.43
World,,WLD,Monthly Atmospheric Carbon Dioxide Concentrations,Parts Per Million,"Dr. Pieter Tans, National Oceanic and Atmospheric Administration (NOAA). Global Monitoring Laboratory, Trends in Atmospheric Carbon Dioxide Data (https://gml.noaa.gov/ccgg/trends/) and Dr. Ralph Keeling, Scripps Institution of Oceanography, Carbon Dioxide Measurements (https://scrippsco2.ucsd.edu/).",ECCA,Atmospheric Carbon Dioxide Concentrations,"Environment, Climate Change, Climate and Weather, Atmospheric Carbon Dioxide Concentrations",2021M06,418.93
World,,WLD,"Monthly Atmospheric Carbon Dioxide Concentrations, Year on Year Percentage Change",Percent,"Dr. Pieter Tans, National Oceanic and Atmospheric Administration (NOAA). Global Monitoring Laboratory, Trends in Atmospheric Carbon Dioxide Data (https://gml.noaa.gov/ccgg/trends/) and Dr. Ralph Keeling, Scripps Institution of Oceanography, Carbon Dioxide Measurements (https://scrippsco2.ucsd.edu/).",ECCA,Atmospheric Carbon Dioxide Concentrations,"Environment, Climate Change, Climate and Weather, Atmospheric Carbon Dioxide Concentrations",2021M06,0.56
World,,WLD,Monthly Atmospheric Carbon Dioxide Concentrations,Parts Per Million,"Dr. Pieter Tans, National Oceanic and Atmospheric Administration (NOAA). Global Monitoring Laboratory, Trends in Atmospheric Carbon Dioxide Data (https://gml.noaa.gov/ccgg/trends/) and Dr. Ralph Keeling, Scripps Institution of Oceanography, Carbon Dioxide Measurements (https://scrippsco2.ucsd.edu/).",ECCA,Atmospheric Carbon Dioxide Concentrations,"Environment, Climate Change, Climate and Weather, Atmospheric Carbon Dioxide Concentrations",2021M07,416.9
World,,WLD,"Monthly Atmospheric Carbon Dioxide Concentrations, Year on Year Percentage Change",Percent,"Dr. Pieter Tans, National Oceanic and Atmospheric Administration (NOAA). Global Monitoring Laboratory, Trends in Atmospheric Carbon Dioxide Data (https://gml.noaa.gov/ccgg/trends/) and Dr. Ralph Keeling, Scripps Institution of Oceanography, Carbon Dioxide Measurements (https://scrippsco2.ucsd.edu/).",ECCA,Atmospheric Carbon Dioxide Concentrations,"Environment, Climate Change, Climate and Weather, Atmospheric Carbon Dioxide Concentrations",2021M07,0.56
World,,WLD,Monthly Atmospheric Carbon Dioxide Concentrations,Parts Per Million,"Dr. Pieter Tans, National Oceanic and Atmospheric Administration (NOAA). Global Monitoring Laboratory, Trends in Atmospheric Carbon Dioxide Data (https://gml.noaa.gov/ccgg/trends/) and Dr. Ralph Keeling, Scripps Institution of Oceanography, Carbon Dioxide Measurements (https://scrippsco2.ucsd.edu/).",ECCA,Atmospheric Carbon Dioxide Concentrations,"Environment, Climate Change, Climate and Weather, Atmospheric Carbon Dioxide Concentrations",2021M08,414.42
World,,WLD,"Monthly Atmospheric Carbon Dioxide Concentrations, Year on Year Percentage Change",Percent,"Dr. Pieter Tans, National Oceanic and Atmospheric Administration (NOAA). Global Monitoring Laboratory, Trends in Atmospheric Carbon Dioxide Data (https://gml.noaa.gov/ccgg/trends/) and Dr. Ralph Keeling, Scripps Institution of Oceanography, Carbon Dioxide Measurements (https://scrippsco2.ucsd.edu/).",ECCA,Atmospheric Carbon Dioxide Concentrations,"Environment, Climate Change, Climate and Weather, Atmospheric Carbon Dioxide Concentrations",2021M08,0.4
World,,WLD,Monthly Atmospheric Carbon Dioxide Concentrations,Parts Per Million,"Dr. Pieter Tans, National Oceanic and Atmospheric Administration (NOAA). Global Monitoring Laboratory, Trends in Atmospheric Carbon Dioxide Data (https://gml.noaa.gov/ccgg/trends/) and Dr. Ralph Keeling, Scripps Institution of Oceanography, Carbon Dioxide Measurements (https://scrippsco2.ucsd.edu/).",ECCA,Atmospheric Carbon Dioxide Concentrations,"Environment, Climate Change, Climate and Weather, Atmospheric Carbon Dioxide Concentrations",2021M09,413.26
World,,WLD,"Monthly Atmospheric Carbon Dioxide Concentrations, Year on Year Percentage Change",Percent,"Dr. Pieter Tans, National Oceanic and Atmospheric Administration (NOAA). Global Monitoring Laboratory, Trends in Atmospheric Carbon Dioxide Data (https://gml.noaa.gov/ccgg/trends/) and Dr. Ralph Keeling, Scripps Institution of Oceanography, Carbon Dioxide Measurements (https://scrippsco2.ucsd.edu/).",ECCA,Atmospheric Carbon Dioxide Concentrations,"Environment, Climate Change, Climate and Weather, Atmospheric Carbon Dioxide Concentrations",2021M09,0.43
World,,WLD,Monthly Atmospheric Carbon Dioxide Concentrations,Parts Per Million,"Dr. Pieter Tans, National Oceanic and Atmospheric Administration (NOAA). Global Monitoring Laboratory, Trends in Atmospheric Carbon Dioxide Data (https://gml.noaa.gov/ccgg/trends/) and Dr. Ralph Keeling, Scripps Institution of Oceanography, Carbon Dioxide Measurements (https://scrippsco2.ucsd.edu/).",ECCA,Atmospheric Carbon Dioxide Concentrations,"Environment, Climate Change, Climate and Weather, Atmospheric Carbon Dioxide Concentrations",2021M10,413.9
World,,WLD,"Monthly Atmospheric Carbon Dioxide Concentrations, Year on Year Percentage Change",Percent,"Dr. Pieter Tans, National Oceanic and Atmospheric Administration (NOAA). Global Monitoring Laboratory, Trends in Atmospheric Carbon Dioxide Data (https://gml.noaa.gov/ccgg/trends/) and Dr. Ralph Keeling, Scripps Institution of Oceanography, Carbon Dioxide Measurements (https://scrippsco2.ucsd.edu/).",ECCA,Atmospheric Carbon Dioxide Concentrations,"Environment, Climate Change, Climate and Weather, Atmospheric Carbon Dioxide Concentrations",2021M10,0.59
World,,WLD,Monthly Atmospheric Carbon Dioxide Concentrations,Parts Per Million,"Dr. Pieter Tans, National Oceanic and Atmospheric Administration (NOAA). Global Monitoring Laboratory, Trends in Atmospheric Carbon Dioxide Data (https://gml.noaa.gov/ccgg/trends/) and Dr. Ralph Keeling, Scripps Institution of Oceanography, Carbon Dioxide Measurements (https://scrippsco2.ucsd.edu/).",ECCA,Atmospheric Carbon Dioxide Concentrations,"Environment, Climate Change, Climate and Weather, Atmospheric Carbon Dioxide Concentrations",2021M11,414.97
World,,WLD,"Monthly Atmospheric Carbon Dioxide Concentrations, Year on Year Percentage Change",Percent,"Dr. Pieter Tans, National Oceanic and Atmospheric Administration (NOAA). Global Monitoring Laboratory, Trends in Atmospheric Carbon Dioxide Data (https://gml.noaa.gov/ccgg/trends/) and Dr. Ralph Keeling, Scripps Institution of Oceanography, Carbon Dioxide Measurements (https://scrippsco2.ucsd.edu/).",ECCA,Atmospheric Carbon Dioxide Concentrations,"Environment, Climate Change, Climate and Weather, Atmospheric Carbon Dioxide Concentrations",2021M11,0.45
World,,WLD,Monthly Atmospheric Carbon Dioxide Concentrations,Parts Per Million,"Dr. Pieter Tans, National Oceanic and Atmospheric Administration (NOAA). Global Monitoring Laboratory, Trends in Atmospheric Carbon Dioxide Data (https://gml.noaa.gov/ccgg/trends/) and Dr. Ralph Keeling, Scripps Institution of Oceanography, Carbon Dioxide Measurements (https://scrippsco2.ucsd.edu/).",ECCA,Atmospheric Carbon Dioxide Concentrations,"Environment, Climate Change, Climate and Weather, Atmospheric Carbon Dioxide Concentrations",2021M12,416.67
World,,WLD,"Monthly Atmospheric Carbon Dioxide Concentrations, Year on Year Percentage Change",Percent,"Dr. Pieter Tans, National Oceanic and Atmospheric Administration (NOAA). Global Monitoring Laboratory, Trends in Atmospheric Carbon Dioxide Data (https://gml.noaa.gov/ccgg/trends/) and Dr. Ralph Keeling, Scripps Institution of Oceanography, Carbon Dioxide Measurements (https://scrippsco2.ucsd.edu/).",ECCA,Atmospheric Carbon Dioxide Concentrations,"Environment, Climate Change, Climate and Weather, Atmospheric Carbon Dioxide Concentrations",2021M12,0.59
World,,WLD,Monthly Atmospheric Carbon Dioxide Concentrations,Parts Per Million,"Dr. Pieter Tans, National Oceanic and Atmospheric Administration (NOAA). Global Monitoring Laboratory, Trends in Atmospheric Carbon Dioxide Data (https://gml.noaa.gov/ccgg/trends/) and Dr. Ralph Keeling, Scripps Institution of Oceanography, Carbon Dioxide Measurements (https://scrippsco2.ucsd.edu/).",ECCA,Atmospheric Carbon Dioxide Concentrations,"Environment, Climate Change, Climate and Weather, Atmospheric Carbon Dioxide Concentrations",2022M01,418.13
World,,WLD,"Monthly Atmospheric Carbon Dioxide Concentrations, Year on Year Percentage Change",Percent,"Dr. Pieter Tans, National Oceanic and Atmospheric Administration (NOAA). Global Monitoring Laboratory, Trends in Atmospheric Carbon Dioxide Data (https://gml.noaa.gov/ccgg/trends/) and Dr. Ralph Keeling, Scripps Institution of Oceanography, Carbon Dioxide Measurements (https://scrippsco2.ucsd.edu/).",ECCA,Atmospheric Carbon Dioxide Concentrations,"Environment, Climate Change, Climate and Weather, Atmospheric Carbon Dioxide Concentrations",2022M01,0.64
World,,WLD,Monthly Atmospheric Carbon Dioxide Concentrations,Parts Per Million,"Dr. Pieter Tans, National Oceanic and Atmospheric Administration (NOAA). Global Monitoring Laboratory, Trends in Atmospheric Carbon Dioxide Data (https://gml.noaa.gov/ccgg/trends/) and Dr. Ralph Keeling, Scripps Institution of Oceanography, Carbon Dioxide Measurements (https://scrippsco2.ucsd.edu/).",ECCA,Atmospheric Carbon Dioxide Concentrations,"Environment, Climate Change, Climate and Weather, Atmospheric Carbon Dioxide Concentrations",2022M02,419.24
World,,WLD,"Monthly Atmospheric Carbon Dioxide Concentrations, Year on Year Percentage Change",Percent,"Dr. Pieter Tans, National Oceanic and Atmospheric Administration (NOAA). Global Monitoring Laboratory, Trends in Atmospheric Carbon Dioxide Data (https://gml.noaa.gov/ccgg/trends/) and Dr. Ralph Keeling, Scripps Institution of Oceanography, Carbon Dioxide Measurements (https://scrippsco2.ucsd.edu/).",ECCA,Atmospheric Carbon Dioxide Concentrations,"Environment, Climate Change, Climate and Weather, Atmospheric Carbon Dioxide Concentrations",2022M02,0.6
World,,WLD,Monthly Atmospheric Carbon Dioxide Concentrations,Parts Per Million,"Dr. Pieter Tans, National Oceanic and Atmospheric Administration (NOAA). Global Monitoring Laboratory, Trends in Atmospheric Carbon Dioxide Data (https://gml.noaa.gov/ccgg/trends/) and Dr. Ralph Keeling, Scripps Institution of Oceanography, Carbon Dioxide Measurements (https://scrippsco2.ucsd.edu/).",ECCA,Atmospheric Carbon Dioxide Concentrations,"Environment, Climate Change, Climate and Weather, Atmospheric Carbon Dioxide Concentrations",2022M03,418.76
World,,WLD,"Monthly Atmospheric Carbon Dioxide Concentrations, Year on Year Percentage Change",Percent,"Dr. Pieter Tans, National Oceanic and Atmospheric Administration (NOAA). Global Monitoring Laboratory, Trends in Atmospheric Carbon Dioxide Data (https://gml.noaa.gov/ccgg/trends/) and Dr. Ralph Keeling, Scripps Institution of Oceanography, Carbon Dioxide Measurements (https://scrippsco2.ucsd.edu/).",ECCA,Atmospheric Carbon Dioxide Concentrations,"Environment, Climate Change, Climate and Weather, Atmospheric Carbon Dioxide Concentrations",2022M03,0.28
World,,WLD,Monthly Atmospheric Carbon Dioxide Concentrations,Parts Per Million,"Dr. Pieter Tans, National Oceanic and Atmospheric Administration (NOAA). Global Monitoring Laboratory, Trends in Atmospheric Carbon Dioxide Data (https://gml.noaa.gov/ccgg/trends/) and Dr. Ralph Keeling, Scripps Institution of Oceanography, Carbon Dioxide Measurements (https://scrippsco2.ucsd.edu/).",ECCA,Atmospheric Carbon Dioxide Concentrations,"Environment, Climate Change, Climate and Weather, Atmospheric Carbon Dioxide Concentrations",2022M04,420.19
World,,WLD,"Monthly Atmospheric Carbon Dioxide Concentrations, Year on Year Percentage Change",Percent,"Dr. Pieter Tans, National Oceanic and Atmospheric Administration (NOAA). Global Monitoring Laboratory, Trends in Atmospheric Carbon Dioxide Data (https://gml.noaa.gov/ccgg/trends/) and Dr. Ralph Keeling, Scripps Institution of Oceanography, Carbon Dioxide Measurements (https://scrippsco2.ucsd.edu/).",ECCA,Atmospheric Carbon Dioxide Concentrations,"Environment, Climate Change, Climate and Weather, Atmospheric Carbon Dioxide Concentrations",2022M04,0.28
World,,WLD,Monthly Atmospheric Carbon Dioxide Concentrations,Parts Per Million,"Dr. Pieter Tans, National Oceanic and Atmospheric Administration (NOAA). Global Monitoring Laboratory, Trends in Atmospheric Carbon Dioxide Data (https://gml.noaa.gov/ccgg/trends/) and Dr. Ralph Keeling, Scripps Institution of Oceanography, Carbon Dioxide Measurements (https://scrippsco2.ucsd.edu/).",ECCA,Atmospheric Carbon Dioxide Concentrations,"Environment, Climate Change, Climate and Weather, Atmospheric Carbon Dioxide Concentrations",2022M05,420.97
World,,WLD,"Monthly Atmospheric Carbon Dioxide Concentrations, Year on Year Percentage Change",Percent,"Dr. Pieter Tans, National Oceanic and Atmospheric Administration (NOAA). Global Monitoring Laboratory, Trends in Atmospheric Carbon Dioxide Data (https://gml.noaa.gov/ccgg/trends/) and Dr. Ralph Keeling, Scripps Institution of Oceanography, Carbon Dioxide Measurements (https://scrippsco2.ucsd.edu/).",ECCA,Atmospheric Carbon Dioxide Concentrations,"Environment, Climate Change, Climate and Weather, Atmospheric Carbon Dioxide Concentrations",2022M05,0.45
World,,WLD,Monthly Atmospheric Carbon Dioxide Concentrations,Parts Per Million,"Dr. Pieter Tans, National Oceanic and Atmospheric Administration (NOAA). Global Monitoring Laboratory, Trends in Atmospheric Carbon Dioxide Data (https://gml.noaa.gov/ccgg/trends/) and Dr. Ralph Keeling, Scripps Institution of Oceanography, Carbon Dioxide Measurements (https://scrippsco2.ucsd.edu/).",ECCA,Atmospheric Carbon Dioxide Concentrations,"Environment, Climate Change, Climate and Weather, Atmospheric Carbon Dioxide Concentrations",2022M06,420.94
World,,WLD,"Monthly Atmospheric Carbon Dioxide Concentrations, Year on Year Percentage Change",Percent,"Dr. Pieter Tans, National Oceanic and Atmospheric Administration (NOAA). Global Monitoring Laboratory, Trends in Atmospheric Carbon Dioxide Data (https://gml.noaa.gov/ccgg/trends/) and Dr. Ralph Keeling, Scripps Institution of Oceanography, Carbon Dioxide Measurements (https://scrippsco2.ucsd.edu/).",ECCA,Atmospheric Carbon Dioxide Concentrations,"Environment, Climate Change, Climate and Weather, Atmospheric Carbon Dioxide Concentrations",2022M06,0.48
World,,WLD,Monthly Atmospheric Carbon Dioxide Concentrations,Parts Per Million,"Dr. Pieter Tans, National Oceanic and Atmospheric Administration (NOAA). Global Monitoring Laboratory, Trends in Atmospheric Carbon Dioxide Data (https://gml.noaa.gov/ccgg/trends/) and Dr. Ralph Keeling, Scripps Institution of Oceanography, Carbon Dioxide Measurements (https://scrippsco2.ucsd.edu/).",ECCA,Atmospheric Carbon Dioxide Concentrations,"Environment, Climate Change, Climate and Weather, Atmospheric Carbon Dioxide Concentrations",2022M07,418.85
World,,WLD,"Monthly Atmospheric Carbon Dioxide Concentrations, Year on Year Percentage Change",Percent,"Dr. Pieter Tans, National Oceanic and Atmospheric Administration (NOAA). Global Monitoring Laboratory, Trends in Atmospheric Carbon Dioxide Data (https://gml.noaa.gov/ccgg/trends/) and Dr. Ralph Keeling, Scripps Institution of Oceanography, Carbon Dioxide Measurements (https://scrippsco2.ucsd.edu/).",ECCA,Atmospheric Carbon Dioxide Concentrations,"Environment, Climate Change, Climate and Weather, Atmospheric Carbon Dioxide Concentrations",2022M07,0.47
World,,WLD,Monthly Atmospheric Carbon Dioxide Concentrations,Parts Per Million,"Dr. Pieter Tans, National Oceanic and Atmospheric Administration (NOAA). Global Monitoring Laboratory, Trends in Atmospheric Carbon Dioxide Data (https://gml.noaa.gov/ccgg/trends/) and Dr. Ralph Keeling, Scripps Institution of Oceanography, Carbon Dioxide Measurements (https://scrippsco2.ucsd.edu/).",ECCA,Atmospheric Carbon Dioxide Concentrations,"Environment, Climate Change, Climate and Weather, Atmospheric Carbon Dioxide Concentrations",2022M08,417.15
World,,WLD,"Monthly Atmospheric Carbon Dioxide Concentrations, Year on Year Percentage Change",Percent,"Dr. Pieter Tans, National Oceanic and Atmospheric Administration (NOAA). Global Monitoring Laboratory, Trends in Atmospheric Carbon Dioxide Data (https://gml.noaa.gov/ccgg/trends/) and Dr. Ralph Keeling, Scripps Institution of Oceanography, Carbon Dioxide Measurements (https://scrippsco2.ucsd.edu/).",ECCA,Atmospheric Carbon Dioxide Concentrations,"Environment, Climate Change, Climate and Weather, Atmospheric Carbon Dioxide Concentrations",2022M08,0.66
World,,WLD,Monthly Atmospheric Carbon Dioxide Concentrations,Parts Per Million,"Dr. Pieter Tans, National Oceanic and Atmospheric Administration (NOAA). Global Monitoring Laboratory, Trends in Atmospheric Carbon Dioxide Data (https://gml.noaa.gov/ccgg/trends/) and Dr. Ralph Keeling, Scripps Institution of Oceanography, Carbon Dioxide Measurements (https://scrippsco2.ucsd.edu/).",ECCA,Atmospheric Carbon Dioxide Concentrations,"Environment, Climate Change, Climate and Weather, Atmospheric Carbon Dioxide Concentrations",2022M09,415.91
World,,WLD,"Monthly Atmospheric Carbon Dioxide Concentrations, Year on Year Percentage Change",Percent,"Dr. Pieter Tans, National Oceanic and Atmospheric Administration (NOAA). Global Monitoring Laboratory, Trends in Atmospheric Carbon Dioxide Data (https://gml.noaa.gov/ccgg/trends/) and Dr. Ralph Keeling, Scripps Institution of Oceanography, Carbon Dioxide Measurements (https://scrippsco2.ucsd.edu/).",ECCA,Atmospheric Carbon Dioxide Concentrations,"Environment, Climate Change, Climate and Weather, Atmospheric Carbon Dioxide Concentrations",2022M09,0.64
World,,WLD,Monthly Atmospheric Carbon Dioxide Concentrations,Parts Per Million,"Dr. Pieter Tans, National Oceanic and Atmospheric Administration (NOAA). Global Monitoring Laboratory, Trends in Atmospheric Carbon Dioxide Data (https://gml.noaa.gov/ccgg/trends/) and Dr. Ralph Keeling, Scripps Institution of Oceanography, Carbon Dioxide Measurements (https://scrippsco2.ucsd.edu/).",ECCA,Atmospheric Carbon Dioxide Concentrations,"Environment, Climate Change, Climate and Weather, Atmospheric Carbon Dioxide Concentrations",2022M10,415.74
World,,WLD,"Monthly Atmospheric Carbon Dioxide Concentrations, Year on Year Percentage Change",Percent,"Dr. Pieter Tans, National Oceanic and Atmospheric Administration (NOAA). Global Monitoring Laboratory, Trends in Atmospheric Carbon Dioxide Data (https://gml.noaa.gov/ccgg/trends/) and Dr. Ralph Keeling, Scripps Institution of Oceanography, Carbon Dioxide Measurements (https://scrippsco2.ucsd.edu/).",ECCA,Atmospheric Carbon Dioxide Concentrations,"Environment, Climate Change, Climate and Weather, Atmospheric Carbon Dioxide Concentrations",2022M10,0.44
World,,WLD,Monthly Atmospheric Carbon Dioxide Concentrations,Parts Per Million,"Dr. Pieter Tans, National Oceanic and Atmospheric Administration (NOAA). Global Monitoring Laboratory, Trends in Atmospheric Carbon Dioxide Data (https://gml.noaa.gov/ccgg/trends/) and Dr. Ralph Keeling, Scripps Institution of Oceanography, Carbon Dioxide Measurements (https://scrippsco2.ucsd.edu/).",ECCA,Atmospheric Carbon Dioxide Concentrations,"Environment, Climate Change, Climate and Weather, Atmospheric Carbon Dioxide Concentrations",2022M11,417.47
World,,WLD,"Monthly Atmospheric Carbon Dioxide Concentrations, Year on Year Percentage Change",Percent,"Dr. Pieter Tans, National Oceanic and Atmospheric Administration (NOAA). Global Monitoring Laboratory, Trends in Atmospheric Carbon Dioxide Data (https://gml.noaa.gov/ccgg/trends/) and Dr. Ralph Keeling, Scripps Institution of Oceanography, Carbon Dioxide Measurements (https://scrippsco2.ucsd.edu/).",ECCA,Atmospheric Carbon Dioxide Concentrations,"Environment, Climate Change, Climate and Weather, Atmospheric Carbon Dioxide Concentrations",2022M11,0.6
World,,WLD,Monthly Atmospheric Carbon Dioxide Concentrations,Parts Per Million,"Dr. Pieter Tans, National Oceanic and Atmospheric Administration (NOAA). Global Monitoring Laboratory, Trends in Atmospheric Carbon Dioxide Data (https://gml.noaa.gov/ccgg/trends/) and Dr. Ralph Keeling, Scripps Institution of Oceanography, Carbon Dioxide Measurements (https://scrippsco2.ucsd.edu/).",ECCA,Atmospheric Carbon Dioxide Concentrations,"Environment, Climate Change, Climate and Weather, Atmospheric Carbon Dioxide Concentrations",2022M12,419.0
World,,WLD,"Monthly Atmospheric Carbon Dioxide Concentrations, Year on Year Percentage Change",Percent,"Dr. Pieter Tans, National Oceanic and Atmospheric Administration (NOAA). Global Monitoring Laboratory, Trends in Atmospheric Carbon Dioxide Data (https://gml.noaa.gov/ccgg/trends/) and Dr. Ralph Keeling, Scripps Institution of Oceanography, Carbon Dioxide Measurements (https://scrippsco2.ucsd.edu/).",ECCA,Atmospheric Carbon Dioxide Concentrations,"Environment, Climate Change, Climate and Weather, Atmospheric Carbon Dioxide Concentrations",2022M12,0.56
World,,WLD,Monthly Atmospheric Carbon Dioxide Concentrations,Parts Per Million,"Dr. Pieter Tans, National Oceanic and Atmospheric Administration (NOAA). Global Monitoring Laboratory, Trends in Atmospheric Carbon Dioxide Data (https://gml.noaa.gov/ccgg/trends/) and Dr. Ralph Keeling, Scripps Institution of Oceanography, Carbon Dioxide Measurements (https://scrippsco2.ucsd.edu/).",ECCA,Atmospheric Carbon Dioxide Concentrations,"Environment, Climate Change, Climate and Weather, Atmospheric Carbon Dioxide Concentrations",2023M01,419.47
World,,WLD,"Monthly Atmospheric Carbon Dioxide Concentrations, Year on Year Percentage Change",Percent,"Dr. Pieter Tans, National Oceanic and Atmospheric Administration (NOAA). Global Monitoring Laboratory, Trends in Atmospheric Carbon Dioxide Data (https://gml.noaa.gov/ccgg/trends/) and Dr. Ralph Keeling, Scripps Institution of Oceanography, Carbon Dioxide Measurements (https://scrippsco2.ucsd.edu/).",ECCA,Atmospheric Carbon Dioxide Concentrations,"Environment, Climate Change, Climate and Weather, Atmospheric Carbon Dioxide Concentrations",2023M01,0.32
World,,WLD,Monthly Atmospheric Carbon Dioxide Concentrations,Parts Per Million,"Dr. Pieter Tans, National Oceanic and Atmospheric Administration (NOAA). Global Monitoring Laboratory, Trends in Atmospheric Carbon Dioxide Data (https://gml.noaa.gov/ccgg/trends/) and Dr. Ralph Keeling, Scripps Institution of Oceanography, Carbon Dioxide Measurements (https://scrippsco2.ucsd.edu/).",ECCA,Atmospheric Carbon Dioxide Concentrations,"Environment, Climate Change, Climate and Weather, Atmospheric Carbon Dioxide Concentrations",2023M02,420.31
World,,WLD,"Monthly Atmospheric Carbon Dioxide Concentrations, Year on Year Percentage Change",Percent,"Dr. Pieter Tans, National Oceanic and Atmospheric Administration (NOAA). Global Monitoring Laboratory, Trends in Atmospheric Carbon Dioxide Data (https://gml.noaa.gov/ccgg/trends/) and Dr. Ralph Keeling, Scripps Institution of Oceanography, Carbon Dioxide Measurements (https://scrippsco2.ucsd.edu/).",ECCA,Atmospheric Carbon Dioxide Concentrations,"Environment, Climate Change, Climate and Weather, Atmospheric Carbon Dioxide Concentrations",2023M02,0.26
World,,WLD,Monthly Atmospheric Carbon Dioxide Concentrations,Parts Per Million,"Dr. Pieter Tans, National Oceanic and Atmospheric Administration (NOAA). Global Monitoring Laboratory, Trends in Atmospheric Carbon Dioxide Data (https://gml.noaa.gov/ccgg/trends/) and Dr. Ralph Keeling, Scripps Institution of Oceanography, Carbon Dioxide Measurements (https://scrippsco2.ucsd.edu/).",ECCA,Atmospheric Carbon Dioxide Concentrations,"Environment, Climate Change, Climate and Weather, Atmospheric Carbon Dioxide Concentrations",2023M03,420.99
World,,WLD,"Monthly Atmospheric Carbon Dioxide Concentrations, Year on Year Percentage Change",Percent,"Dr. Pieter Tans, National Oceanic and Atmospheric Administration (NOAA). Global Monitoring Laboratory, Trends in Atmospheric Carbon Dioxide Data (https://gml.noaa.gov/ccgg/trends/) and Dr. Ralph Keeling, Scripps Institution of Oceanography, Carbon Dioxide Measurements (https://scrippsco2.ucsd.edu/).",ECCA,Atmospheric Carbon Dioxide Concentrations,"Environment, Climate Change, Climate and Weather, Atmospheric Carbon Dioxide Concentrations",2023M03,0.53
World,,WLD,Monthly Atmospheric Carbon Dioxide Concentrations,Parts Per Million,"Dr. Pieter Tans, National Oceanic and Atmospheric Administration (NOAA). Global Monitoring Laboratory, Trends in Atmospheric Carbon Dioxide Data (https://gml.noaa.gov/ccgg/trends/) and Dr. Ralph Keeling, Scripps Institution of Oceanography, Carbon Dioxide Measurements (https://scrippsco2.ucsd.edu/).",ECCA,Atmospheric Carbon Dioxide Concentrations,"Environment, Climate Change, Climate and Weather, Atmospheric Carbon Dioxide Concentrations",2023M04,423.31
World,,WLD,"Monthly Atmospheric Carbon Dioxide Concentrations, Year on Year Percentage Change",Percent,"Dr. Pieter Tans, National Oceanic and Atmospheric Administration (NOAA). Global Monitoring Laboratory, Trends in Atmospheric Carbon Dioxide Data (https://gml.noaa.gov/ccgg/trends/) and Dr. Ralph Keeling, Scripps Institution of Oceanography, Carbon Dioxide Measurements (https://scrippsco2.ucsd.edu/).",ECCA,Atmospheric Carbon Dioxide Concentrations,"Environment, Climate Change, Climate and Weather, Atmospheric Carbon Dioxide Concentrations",2023M04,0.74
World,,WLD,Monthly Atmospheric Carbon Dioxide Concentrations,Parts Per Million,"Dr. Pieter Tans, National Oceanic and Atmospheric Administration (NOAA). Global Monitoring Laboratory, Trends in Atmospheric Carbon Dioxide Data (https://gml.noaa.gov/ccgg/trends/) and Dr. Ralph Keeling, Scripps Institution of Oceanography, Carbon Dioxide Measurements (https://scrippsco2.ucsd.edu/).",ECCA,Atmospheric Carbon Dioxide Concentrations,"Environment, Climate Change, Climate and Weather, Atmospheric Carbon Dioxide Concentrations",2023M05,424.0
World,,WLD,"Monthly Atmospheric Carbon Dioxide Concentrations, Year on Year Percentage Change",Percent,"Dr. Pieter Tans, National Oceanic and Atmospheric Administration (NOAA). Global Monitoring Laboratory, Trends in Atmospheric Carbon Dioxide Data (https://gml.noaa.gov/ccgg/trends/) and Dr. Ralph Keeling, Scripps Institution of Oceanography, Carbon Dioxide Measurements (https://scrippsco2.ucsd.edu/).",ECCA,Atmospheric Carbon Dioxide Concentrations,"Environment, Climate Change, Climate and Weather, Atmospheric Carbon Dioxide Concentrations",2023M05,0.72
World,,WLD,Monthly Atmospheric Carbon Dioxide Concentrations,Parts Per Million,"Dr. Pieter Tans, National Oceanic and Atmospheric Administration (NOAA). Global Monitoring Laboratory, Trends in Atmospheric Carbon Dioxide Data (https://gml.noaa.gov/ccgg/trends/) and Dr. Ralph Keeling, Scripps Institution of Oceanography, Carbon Dioxide Measurements (https://scrippsco2.ucsd.edu/).",ECCA,Atmospheric Carbon Dioxide Concentrations,"Environment, Climate Change, Climate and Weather, Atmospheric Carbon Dioxide Concentrations",2023M06,423.68
World,,WLD,"Monthly Atmospheric Carbon Dioxide Concentrations, Year on Year Percentage Change",Percent,"Dr. Pieter Tans, National Oceanic and Atmospheric Administration (NOAA). Global Monitoring Laboratory, Trends in Atmospheric Carbon Dioxide Data (https://gml.noaa.gov/ccgg/trends/) and Dr. Ralph Keeling, Scripps Institution of Oceanography, Carbon Dioxide Measurements (https://scrippsco2.ucsd.edu/).",ECCA,Atmospheric Carbon Dioxide Concentrations,"Environment, Climate Change, Climate and Weather, Atmospheric Carbon Dioxide Concentrations",2023M06,0.65
World,,WLD,Monthly Atmospheric Carbon Dioxide Concentrations,Parts Per Million,"Dr. Pieter Tans, National Oceanic and Atmospheric Administration (NOAA). Global Monitoring Laboratory, Trends in Atmospheric Carbon Dioxide Data (https://gml.noaa.gov/ccgg/trends/) and Dr. Ralph Keeling, Scripps Institution of Oceanography, Carbon Dioxide Measurements (https://scrippsco2.ucsd.edu/).",ECCA,Atmospheric Carbon Dioxide Concentrations,"Environment, Climate Change, Climate and Weather, Atmospheric Carbon Dioxide Concentrations",2023M07,421.83
World,,WLD,"Monthly Atmospheric Carbon Dioxide Concentrations, Year on Year Percentage Change",Percent,"Dr. Pieter Tans, National Oceanic and Atmospheric Administration (NOAA). Global Monitoring Laboratory, Trends in Atmospheric Carbon Dioxide Data (https://gml.noaa.gov/ccgg/trends/) and Dr. Ralph Keeling, Scripps Institution of Oceanography, Carbon Dioxide Measurements (https://scrippsco2.ucsd.edu/).",ECCA,Atmospheric Carbon Dioxide Concentrations,"Environment, Climate Change, Climate and Weather, Atmospheric Carbon Dioxide Concentrations",2023M07,0.71
World,,WLD,Monthly Atmospheric Carbon Dioxide Concentrations,Parts Per Million,"Dr. Pieter Tans, National Oceanic and Atmospheric Administration (NOAA). Global Monitoring Laboratory, Trends in Atmospheric Carbon Dioxide Data (https://gml.noaa.gov/ccgg/trends/) and Dr. Ralph Keeling, Scripps Institution of Oceanography, Carbon Dioxide Measurements (https://scrippsco2.ucsd.edu/).",ECCA,Atmospheric Carbon Dioxide Concentrations,"Environment, Climate Change, Climate and Weather, Atmospheric Carbon Dioxide Concentrations",2023M08,419.68
World,,WLD,"Monthly Atmospheric Carbon Dioxide Concentrations, Year on Year Percentage Change",Percent,"Dr. Pieter Tans, National Oceanic and Atmospheric Administration (NOAA). Global Monitoring Laboratory, Trends in Atmospheric Carbon Dioxide Data (https://gml.noaa.gov/ccgg/trends/) and Dr. Ralph Keeling, Scripps Institution of Oceanography, Carbon Dioxide Measurements (https://scrippsco2.ucsd.edu/).",ECCA,Atmospheric Carbon Dioxide Concentrations,"Environment, Climate Change, Climate and Weather, Atmospheric Carbon Dioxide Concentrations",2023M08,0.61
World,,WLD,Monthly Atmospheric Carbon Dioxide Concentrations,Parts Per Million,"Dr. Pieter Tans, National Oceanic and Atmospheric Administration (NOAA). Global Monitoring Laboratory, Trends in Atmospheric Carbon Dioxide Data (https://gml.noaa.gov/ccgg/trends/) and Dr. Ralph Keeling, Scripps Institution of Oceanography, Carbon Dioxide Measurements (https://scrippsco2.ucsd.edu/).",ECCA,Atmospheric Carbon Dioxide Concentrations,"Environment, Climate Change, Climate and Weather, Atmospheric Carbon Dioxide Concentrations",2023M09,418.5
World,,WLD,"Monthly Atmospheric Carbon Dioxide Concentrations, Year on Year Percentage Change",Percent,"Dr. Pieter Tans, National Oceanic and Atmospheric Administration (NOAA). Global Monitoring Laboratory, Trends in Atmospheric Carbon Dioxide Data (https://gml.noaa.gov/ccgg/trends/) and Dr. Ralph Keeling, Scripps Institution of Oceanography, Carbon Dioxide Measurements (https://scrippsco2.ucsd.edu/).",ECCA,Atmospheric Carbon Dioxide Concentrations,"Environment, Climate Change, Climate and Weather, Atmospheric Carbon Dioxide Concentrations",2023M09,0.62
World,,WLD,Monthly Atmospheric Carbon Dioxide Concentrations,Parts Per Million,"Dr. Pieter Tans, National Oceanic and Atmospheric Administration (NOAA). Global Monitoring Laboratory, Trends in Atmospheric Carbon Dioxide Data (https://gml.noaa.gov/ccgg/trends/) and Dr. Ralph Keeling, Scripps Institution of Oceanography, Carbon Dioxide Measurements (https://scrippsco2.ucsd.edu/).",ECCA,Atmospheric Carbon Dioxide Concentrations,"Environment, Climate Change, Climate and Weather, Atmospheric Carbon Dioxide Concentrations",2023M10,418.82
World,,WLD,"Monthly Atmospheric Carbon Dioxide Concentrations, Year on Year Percentage Change",Percent,"Dr. Pieter Tans, National Oceanic and Atmospheric Administration (NOAA). Global Monitoring Laboratory, Trends in Atmospheric Carbon Dioxide Data (https://gml.noaa.gov/ccgg/trends/) and Dr. Ralph Keeling, Scripps Institution of Oceanography, Carbon Dioxide Measurements (https://scrippsco2.ucsd.edu/).",ECCA,Atmospheric Carbon Dioxide Concentrations,"Environment, Climate Change, Climate and Weather, Atmospheric Carbon Dioxide Concentrations",2023M10,0.74
World,,WLD,Monthly Atmospheric Carbon Dioxide Concentrations,Parts Per Million,"Dr. Pieter Tans, National Oceanic and Atmospheric Administration (NOAA). Global Monitoring Laboratory, Trends in Atmospheric Carbon Dioxide Data (https://gml.noaa.gov/ccgg/trends/) and Dr. Ralph Keeling, Scripps Institution of Oceanography, Carbon Dioxide Measurements (https://scrippsco2.ucsd.edu/).",ECCA,Atmospheric Carbon Dioxide Concentrations,"Environment, Climate Change, Climate and Weather, Atmospheric Carbon Dioxide Concentrations",2023M11,420.46
World,,WLD,"Monthly Atmospheric Carbon Dioxide Concentrations, Year on Year Percentage Change",Percent,"Dr. Pieter Tans, National Oceanic and Atmospheric Administration (NOAA). Global Monitoring Laboratory, Trends in Atmospheric Carbon Dioxide Data (https://gml.noaa.gov/ccgg/trends/) and Dr. Ralph Keeling, Scripps Institution of Oceanography, Carbon Dioxide Measurements (https://scrippsco2.ucsd.edu/).",ECCA,Atmospheric Carbon Dioxide Concentrations,"Environment, Climate Change, Climate and Weather, Atmospheric Carbon Dioxide Concentrations",2023M11,0.72
World,,WLD,Monthly Atmospheric Carbon Dioxide Concentrations,Parts Per Million,"Dr. Pieter Tans, National Oceanic and Atmospheric Administration (NOAA). Global Monitoring Laboratory, Trends in Atmospheric Carbon Dioxide Data (https://gml.noaa.gov/ccgg/trends/) and Dr. Ralph Keeling, Scripps Institution of Oceanography, Carbon Dioxide Measurements (https://scrippsco2.ucsd.edu/).",ECCA,Atmospheric Carbon Dioxide Concentrations,"Environment, Climate Change, Climate and Weather, Atmospheric Carbon Dioxide Concentrations",2023M12,421.86
World,,WLD,"Monthly Atmospheric Carbon Dioxide Concentrations, Year on Year Percentage Change",Percent,"Dr. Pieter Tans, National Oceanic and Atmospheric Administration (NOAA). Global Monitoring Laboratory, Trends in Atmospheric Carbon Dioxide Data (https://gml.noaa.gov/ccgg/trends/) and Dr. Ralph Keeling, Scripps Institution of Oceanography, Carbon Dioxide Measurements (https://scrippsco2.ucsd.edu/).",ECCA,Atmospheric Carbon Dioxide Concentrations,"Environment, Climate Change, Climate and Weather, Atmospheric Carbon Dioxide Concentrations",2023M12,0.68
World,,WLD,Monthly Atmospheric Carbon Dioxide Concentrations,Parts Per Million,"Dr. Pieter Tans, National Oceanic and Atmospheric Administration (NOAA). Global Monitoring Laboratory, Trends in Atmospheric Carbon Dioxide Data (https://gml.noaa.gov/ccgg/trends/) and Dr. Ralph Keeling, Scripps Institution of Oceanography, Carbon Dioxide Measurements (https://scrippsco2.ucsd.edu/).",ECCA,Atmospheric Carbon Dioxide Concentrations,"Environment, Climate Change, Climate and Weather, Atmospheric Carbon Dioxide Concentrations",2024M01,422.8
World,,WLD,"Monthly Atmospheric Carbon Dioxide Concentrations, Year on Year Percentage Change",Percent,"Dr. Pieter Tans, National Oceanic and Atmospheric Administration (NOAA). Global Monitoring Laboratory, Trends in Atmospheric Carbon Dioxide Data (https://gml.noaa.gov/ccgg/trends/) and Dr. Ralph Keeling, Scripps Institution of Oceanography, Carbon Dioxide Measurements (https://scrippsco2.ucsd.edu/).",ECCA,Atmospheric Carbon Dioxide Concentrations,"Environment, Climate Change, Climate and Weather, Atmospheric Carbon Dioxide Concentrations",2024M01,0.79
World,,WLD,Monthly Atmospheric Carbon Dioxide Concentrations,Parts Per Million,"Dr. Pieter Tans, National Oceanic and Atmospheric Administration (NOAA). Global Monitoring Laboratory, Trends in Atmospheric Carbon Dioxide Data (https://gml.noaa.gov/ccgg/trends/) and Dr. Ralph Keeling, Scripps Institution of Oceanography, Carbon Dioxide Measurements (https://scrippsco2.ucsd.edu/).",ECCA,Atmospheric Carbon Dioxide Concentrations,"Environment, Climate Change, Climate and Weather, Atmospheric Carbon Dioxide Concentrations",2024M02,424.55
World,,WLD,"Monthly Atmospheric Carbon Dioxide Concentrations, Year on Year Percentage Change",Percent,"Dr. Pieter Tans, National Oceanic and Atmospheric Administration (NOAA). Global Monitoring Laboratory, Trends in Atmospheric Carbon Dioxide Data (https://gml.noaa.gov/ccgg/trends/) and Dr. Ralph Keeling, Scripps Institution of Oceanography, Carbon Dioxide Measurements (https://scrippsco2.ucsd.edu/).",ECCA,Atmospheric Carbon Dioxide Concentrations,"Environment, Climate Change, Climate and Weather, Atmospheric Carbon Dioxide Concentrations",2024M02,1.01
World,,WLD,Monthly Atmospheric Carbon Dioxide Concentrations,Parts Per Million,"Dr. Pieter Tans, National Oceanic and Atmospheric Administration (NOAA). Global Monitoring Laboratory, Trends in Atmospheric Carbon Dioxide Data (https://gml.noaa.gov/ccgg/trends/) and Dr. Ralph Keeling, Scripps Institution of Oceanography, Carbon Dioxide Measurements (https://scrippsco2.ucsd.edu/).",ECCA,Atmospheric Carbon Dioxide Concentrations,"Environment, Climate Change, Climate and Weather, Atmospheric Carbon Dioxide Concentrations",2024M03,425.38
World,,WLD,"Monthly Atmospheric Carbon Dioxide Concentrations, Year on Year Percentage Change",Percent,"Dr. Pieter Tans, National Oceanic and Atmospheric Administration (NOAA). Global Monitoring Laboratory, Trends in Atmospheric Carbon Dioxide Data (https://gml.noaa.gov/ccgg/trends/) and Dr. Ralph Keeling, Scripps Institution of Oceanography, Carbon Dioxide Measurements (https://scrippsco2.ucsd.edu/).",ECCA,Atmospheric Carbon Dioxide Concentrations,"Environment, Climate Change, Climate and Weather, Atmospheric Carbon Dioxide Concentrations",2024M03,1.04
World,,WLD,Monthly Atmospheric Carbon Dioxide Concentrations,Parts Per Million,"Dr. Pieter Tans, National Oceanic and Atmospheric Administration (NOAA). Global Monitoring Laboratory, Trends in Atmospheric Carbon Dioxide Data (https://gml.noaa.gov/ccgg/trends/) and Dr. Ralph Keeling, Scripps Institution of Oceanography, Carbon Dioxide Measurements (https://scrippsco2.ucsd.edu/).",ECCA,Atmospheric Carbon Dioxide Concentrations,"Environment, Climate Change, Climate and Weather, Atmospheric Carbon Dioxide Concentrations",2024M04,426.51
World,,WLD,"Monthly Atmospheric Carbon Dioxide Concentrations, Year on Year Percentage Change",Percent,"Dr. Pieter Tans, National Oceanic and Atmospheric Administration (NOAA). Global Monitoring Laboratory, Trends in Atmospheric Carbon Dioxide Data (https://gml.noaa.gov/ccgg/trends/) and Dr. Ralph Keeling, Scripps Institution of Oceanography, Carbon Dioxide Measurements (https://scrippsco2.ucsd.edu/).",ECCA,Atmospheric Carbon Dioxide Concentrations,"Environment, Climate Change, Climate and Weather, Atmospheric Carbon Dioxide Concentrations",2024M04,0.76
World,,WLD,Monthly Atmospheric Carbon Dioxide Concentrations,Parts Per Million,"Dr. Pieter Tans, National Oceanic and Atmospheric Administration (NOAA). Global Monitoring Laboratory, Trends in Atmospheric Carbon Dioxide Data (https://gml.noaa.gov/ccgg/trends/) and Dr. Ralph Keeling, Scripps Institution of Oceanography, Carbon Dioxide Measurements (https://scrippsco2.ucsd.edu/).",ECCA,Atmospheric Carbon Dioxide Concentrations,"Environment, Climate Change, Climate and Weather, Atmospheric Carbon Dioxide Concentrations",2024M05,426.9
World,,WLD,"Monthly Atmospheric Carbon Dioxide Concentrations, Year on Year Percentage Change",Percent,"Dr. Pieter Tans, National Oceanic and Atmospheric Administration (NOAA). Global Monitoring Laboratory, Trends in Atmospheric Carbon Dioxide Data (https://gml.noaa.gov/ccgg/trends/) and Dr. Ralph Keeling, Scripps Institution of Oceanography, Carbon Dioxide Measurements (https://scrippsco2.ucsd.edu/).",ECCA,Atmospheric Carbon Dioxide Concentrations,"Environment, Climate Change, Climate and Weather, Atmospheric Carbon Dioxide Concentrations",2024M05,0.68
World,,WLD,Monthly Atmospheric Carbon Dioxide Concentrations,Parts Per Million,"Dr. Pieter Tans, National Oceanic and Atmospheric Administration (NOAA). Global Monitoring Laboratory, Trends in Atmospheric Carbon Dioxide Data (https://gml.noaa.gov/ccgg/trends/) and Dr. Ralph Keeling, Scripps Institution of Oceanography, Carbon Dioxide Measurements (https://scrippsco2.ucsd.edu/).",ECCA,Atmospheric Carbon Dioxide Concentrations,"Environment, Climate Change, Climate and Weather, Atmospheric Carbon Dioxide Concentrations",2024M06,426.91
World,,WLD,"Monthly Atmospheric Carbon Dioxide Concentrations, Year on Year Percentage Change",Percent,"Dr. Pieter Tans, National Oceanic and Atmospheric Administration (NOAA). Global Monitoring Laboratory, Trends in Atmospheric Carbon Dioxide Data (https://gml.noaa.gov/ccgg/trends/) and Dr. Ralph Keeling, Scripps Institution of Oceanography, Carbon Dioxide Measurements (https://scrippsco2.ucsd.edu/).",ECCA,Atmospheric Carbon Dioxide Concentrations,"Environment, Climate Change, Climate and Weather, Atmospheric Carbon Dioxide Concentrations",2024M06,0.76
World,,WLD,Monthly Atmospheric Carbon Dioxide Concentrations,Parts Per Million,"Dr. Pieter Tans, National Oceanic and Atmospheric Administration (NOAA). Global Monitoring Laboratory, Trends in Atmospheric Carbon Dioxide Data (https://gml.noaa.gov/ccgg/trends/) and Dr. Ralph Keeling, Scripps Institution of Oceanography, Carbon Dioxide Measurements (https://scrippsco2.ucsd.edu/).",ECCA,Atmospheric Carbon Dioxide Concentrations,"Environment, Climate Change, Climate and Weather, Atmospheric Carbon Dioxide Concentrations",2024M07,425.55
World,,WLD,"Monthly Atmospheric Carbon Dioxide Concentrations, Year on Year Percentage Change",Percent,"Dr. Pieter Tans, National Oceanic and Atmospheric Administration (NOAA). Global Monitoring Laboratory, Trends in Atmospheric Carbon Dioxide Data (https://gml.noaa.gov/ccgg/trends/) and Dr. Ralph Keeling, Scripps Institution of Oceanography, Carbon Dioxide Measurements (https://scrippsco2.ucsd.edu/).",ECCA,Atmospheric Carbon Dioxide Concentrations,"Environment, Climate Change, Climate and Weather, Atmospheric Carbon Dioxide Concentrations",2024M07,0.88
World,,WLD,Monthly Atmospheric Carbon Dioxide Concentrations,Parts Per Million,"Dr. Pieter Tans, National Oceanic and Atmospheric Administration (NOAA). Global Monitoring Laboratory, Trends in Atmospheric Carbon Dioxide Data (https://gml.noaa.gov/ccgg/trends/) and Dr. Ralph Keeling, Scripps Institution of Oceanography, Carbon Dioxide Measurements (https://scrippsco2.ucsd.edu/).",ECCA,Atmospheric Carbon Dioxide Concentrations,"Environment, Climate Change, Climate and Weather, Atmospheric Carbon Dioxide Concentrations",2024M08,422.99
World,,WLD,"Monthly Atmospheric Carbon Dioxide Concentrations, Year on Year Percentage Change",Percent,"Dr. Pieter Tans, National Oceanic and Atmospheric Administration (NOAA). Global Monitoring Laboratory, Trends in Atmospheric Carbon Dioxide Data (https://gml.noaa.gov/ccgg/trends/) and Dr. Ralph Keeling, Scripps Institution of Oceanography, Carbon Dioxide Measurements (https://scrippsco2.ucsd.edu/).",ECCA,Atmospheric Carbon Dioxide Concentrations,"Environment, Climate Change, Climate and Weather, Atmospheric Carbon Dioxide Concentrations",2024M08,0.79
World,,WLD,Monthly Atmospheric Carbon Dioxide Concentrations,Parts Per Million,"Dr. Pieter Tans, National Oceanic and Atmospheric Administration (NOAA). Global Monitoring Laboratory, Trends in Atmospheric Carbon Dioxide Data (https://gml.noaa.gov/ccgg/trends/) and Dr. Ralph Keeling, Scripps Institution of Oceanography, Carbon Dioxide Measurements (https://scrippsco2.ucsd.edu/).",ECCA,Atmospheric Carbon Dioxide Concentrations,"Environment, Climate Change, Climate and Weather, Atmospheric Carbon Dioxide Concentrations",2024M09,422.03
World,,WLD,"Monthly Atmospheric Carbon Dioxide Concentrations, Year on Year Percentage Change",Percent,"Dr. Pieter Tans, National Oceanic and Atmospheric Administration (NOAA). Global Monitoring Laboratory, Trends in Atmospheric Carbon Dioxide Data (https://gml.noaa.gov/ccgg/trends/) and Dr. Ralph Keeling, Scripps Institution of Oceanography, Carbon Dioxide Measurements (https://scrippsco2.ucsd.edu/).",ECCA,Atmospheric Carbon Dioxide Concentrations,"Environment, Climate Change, Climate and Weather, Atmospheric Carbon Dioxide Concentrations",2024M09,0.84
World,,WLD,Monthly Atmospheric Carbon Dioxide Concentrations,Parts Per Million,"Dr. Pieter Tans, National Oceanic and Atmospheric Administration (NOAA). Global Monitoring Laboratory, Trends in Atmospheric Carbon Dioxide Data (https://gml.noaa.gov/ccgg/trends/) and Dr. Ralph Keeling, Scripps Institution of Oceanography, Carbon Dioxide Measurements (https://scrippsco2.ucsd.edu/).",ECCA,Atmospheric Carbon Dioxide Concentrations,"Environment, Climate Change, Climate and Weather, Atmospheric Carbon Dioxide Concentrations",2024M10,422.38
World,,WLD,"Monthly Atmospheric Carbon Dioxide Concentrations, Year on Year Percentage Change",Percent,"Dr. Pieter Tans, National Oceanic and Atmospheric Administration (NOAA). Global Monitoring Laboratory, Trends in Atmospheric Carbon Dioxide Data (https://gml.noaa.gov/ccgg/trends/) and Dr. Ralph Keeling, Scripps Institution of Oceanography, Carbon Dioxide Measurements (https://scrippsco2.ucsd.edu/).",ECCA,Atmospheric Carbon Dioxide Concentrations,"Environment, Climate Change, Climate and Weather, Atmospheric Carbon Dioxide Concentrations",2024M10,0.85
World,,WLD,Monthly Atmospheric Carbon Dioxide Concentrations,Parts Per Million,"Dr. Pieter Tans, National Oceanic and Atmospheric Administration (NOAA). Global Monitoring Laboratory, Trends in Atmospheric Carbon Dioxide Data (https://gml.noaa.gov/ccgg/trends/) and Dr. Ralph Keeling, Scripps Institution of Oceanography, Carbon Dioxide Measurements (https://scrippsco2.ucsd.edu/).",ECCA,Atmospheric Carbon Dioxide Concentrations,"Environment, Climate Change, Climate and Weather, Atmospheric Carbon Dioxide Concentrations",2024M11,423.85
World,,WLD,"Monthly Atmospheric Carbon Dioxide Concentrations, Year on Year Percentage Change",Percent,"Dr. Pieter Tans, National Oceanic and Atmospheric Administration (NOAA). Global Monitoring Laboratory, Trends in Atmospheric Carbon Dioxide Data (https://gml.noaa.gov/ccgg/trends/) and Dr. Ralph Keeling, Scripps Institution of Oceanography, Carbon Dioxide Measurements (https://scrippsco2.ucsd.edu/).",ECCA,Atmospheric Carbon Dioxide Concentrations,"Environment, Climate Change, Climate and Weather, Atmospheric Carbon Dioxide Concentrations",2024M11,0.81
