Year,Country,Drought,Extreme temperature,Flood,Landslide,Storm,Total Disasters,Wildfire,Sea Level,Carbon stocks in forests,Forest area,Index of carbon stocks in forests,Index of forest extent,Land area,Share of forest area,Artificial surfaces (including urban and associated areas): Climate altering,Climate Altering Land Cover Index: Climate altering,Grassland: Climate regulating,Herbaceous crops: Climate altering,Inland water bodies: Climate regulating,Mangroves: Climate regulating,Permanent snow and glaciers: Climate regulating,Shrub-covered areas: Climate regulating,"Shrubs and/or herbaceous vegetation, aquatic or regularly flooded: Climate regulating",Sparsely natural vegetated areas: Climate neutral,Terrestrial barren land: Climate neutral,Tree-covered areas: Climate regulating,Woody crops: Climate regulating,Temperature
1992,1,0.0,0.0,2.0,0.0,0.0,0.0,0.0,-7.2975,3641.7913,34838.8,100.0,100.0,273669.0,12.73026905,306.72,92.17860947,14600.69,49504.82,4362.56,0.0,685.92,95921.21,8501.96,46863.31,12508.7,43495.57,1885.19,-0.297
1993,1,0.0,0.0,3.0,0.0,1.0,1.0,0.0,-18.45117647058824,3630.4948,34656.2,99.68980924,99.47587173,273669.0,12.66354611,314.44,92.19687768,14600.95,49506.97,4362.54,0.0,685.92,95918.17,8501.85,46863.01,12508.5,43496.38,1877.91,0.039
1994,1,0.0,0.0,0.0,0.0,0.0,2.0,1.0,-14.96,3619.1983,34473.6,99.37961849,98.95174346,273669.0,12.59682317,322.37,92.21452332,14601.18,49508.57,4362.5,0.0,685.92,95915.21,8501.81,46862.81,12508.5,43497.28,1870.46,0.44
1995,1,0.0,1.0,2.0,0.0,1.0,1.0,0.0,-8.19225806451613,3607.9018,34291.0,99.06942773,98.42761519,273669.0,12.53010023,328.51,92.63957226,14624.69,49732.12,4390.36,0.0,685.92,95996.71,8491.79,46768.78,12616.0,43130.25,1871.49,0.203
1996,1,0.0,0.0,0.0,0.0,0.0,8.0,0.0,-7.121764705882353,3596.6053,34108.4,98.75923697,97.90348692,273669.0,12.46337729,334.42,92.94273562,14626.2,49890.03,4427.82,0.0,685.92,95967.48,8485.55,46788.23,12639.9,42921.0,1870.05,0.457
1997,1,0.0,0.0,1.0,0.0,0.0,7.0,0.0,-4.366060606060605,3585.3087,33925.8,98.44904347,97.37935865,273669.0,12.39665435,339.84,93.40806104,14650.05,50136.09,4458.36,0.0,685.92,95974.11,8495.37,46786.19,12654.4,42593.75,1862.67,0.699
1998,1,0.0,0.0,1.0,0.0,1.0,3.0,0.0,0.5096969696969698,3574.0122,33743.2,98.13885271,96.85523038,273669.0,12.32993141,345.4,94.12478803,14684.47,50517.81,4498.31,0.0,685.92,96056.43,8542.3,46789.04,12669.0,41978.26,1869.67,0.284
1999,1,0.0,0.0,0.0,0.0,0.0,4.0,1.0,-3.2175757575757578,3562.7157,33560.6,97.82866196,96.3311021,273669.0,12.26320847,350.79,95.25406556,14772.44,51122.68,4519.67,0.0,685.92,96174.78,8624.22,46712.45,12772.3,41044.62,1856.85,0.098
2000,1,0.0,1.0,4.0,0.0,2.0,3.0,1.0,-1.8011764705882352,3551.4192,33378.0,97.5184712,95.80697383,273669.0,12.19648554,356.6,95.68283726,14798.96,51348.57,4536.81,0.0,685.92,96264.81,8818.15,46743.46,12774.4,40451.28,1857.76,-0.249
2001,1,0.0,1.0,3.0,0.0,2.0,1.0,1.0,3.1085714285714285,3526.3652,33061.6,96.83051305,94.898791,273669.0,12.08087142,364.16,96.47491881,14874.43,51769.06,4533.4,0.0,685.92,96284.05,8973.13,46707.53,12804.3,39775.05,1865.82,0.357
2002,1,0.0,1.0,1.0,0.0,1.0,1.0,0.0,5.328732394366197,3501.3113,32745.2,96.14255765,93.99060817,273669.0,11.9652573,367.98,96.86192481,14888.1,51974.32,4486.85,0.0,685.92,96380.94,9031.43,46646.08,12891.5,39418.04,1865.42,0.208
2003,1,1.0,0.0,2.0,0.0,1.0,3.0,0.0,15.70931506849315,3476.2573,32428.8,95.4545995,93.08242534,273669.0,11.84964318,370.37,97.60169575,14936.54,52371.72,4461.21,0.0,685.92,96629.07,9107.66,46618.36,12927.5,38772.62,1755.78,0.584
2004,1,0.0,1.0,2.0,0.0,0.0,1.0,0.0,14.613055555555556,3451.2033,32112.4,94.76664135,92.17424251,273669.0,11.73402906,372.4,98.33426905,15009.06,52765.53,4362.48,0.0,685.92,97055.54,9129.79,46638.83,12909.8,38047.66,1659.59,0.404
2005,1,0.0,0.0,0.0,0.0,1.0,5.0,0.0,18.550153846153847,3426.1494,31796.0,94.07868595,91.26605968,273669.0,11.61841495,382.38,98.8259375,15050.13,53021.24,4324.8,0.0,685.92,97284.29,9148.92,46644.85,12913.4,37611.61,1569.07,0.197
2006,1,0.0,0.0,1.0,0.0,0.0,1.0,0.0,20.311666666666667,3401.0954,31479.6,93.3907278,90.35787685,273669.0,11.50280083,396.53,99.1428153,15060.86,53178.34,4250.41,0.0,685.92,97479.36,9189.12,46687.94,12918.7,37295.0,1494.51,0.509
2007,1,0.0,1.0,2.0,0.0,0.0,0.0,0.0,19.703783783783784,3376.0414,31163.2,92.70276965,89.44969402,273669.0,11.38718671,408.23,99.38749752,15077.24,53298.85,4238.21,0.0,685.92,97756.55,9224.16,46716.61,12911.3,36878.46,1441.1,-0.261
2008,1,0.0,0.0,1.0,0.0,0.0,3.0,0.0,23.78148148148148,3350.9874,30846.8,92.0148115,88.54151119,273669.0,11.27157259,417.73,99.45888159,15086.25,53327.94,4193.54,0.0,685.92,98123.66,9293.73,46800.5,12875.8,36335.19,1496.45,0.504
2009,1,1.0,0.0,2.0,1.0,1.0,2.0,0.0,27.05689189189189,3325.9335,30530.4,91.3268561,87.63332836,273669.0,11.15595848,426.6,99.45592362,15105.94,53317.46,4122.97,0.0,685.92,98238.43,9317.87,46850.26,12868.1,36157.25,1545.85,0.751
2010,1,0.0,1.0,0.0,0.0,0.0,4.0,0.0,28.337972972972977,3300.8795,30214.0,90.63889795,86.72514553,273669.0,11.04034436,435.78,99.7937088,15125.71,53490.83,4108.17,0.0,685.92,98438.91,9256.18,46866.34,12882.5,35938.86,1407.54,0.045
2011,1,0.0,0.0,0.0,0.0,0.0,4.0,0.0,28.06287671232877,3283.8055,29990.6,90.17006274,86.08390645,273669.0,10.9587129,446.28,99.90103935,15119.87,53538.31,4091.52,0.0,685.92,98569.93,9266.27,46918.58,12860.2,35753.71,1386.05,0.284
2012,1,0.0,0.0,1.0,0.0,2.0,2.0,0.0,35.75811594202899,3266.7315,29767.2,89.70122753,85.44266737,273669.0,10.87708144,460.44,100.0018809,15117.43,53578.67,4081.1,0.0,685.92,98721.85,9269.18,46954.34,12833.5,35582.14,1352.21,0.736
2013,1,0.0,0.0,1.0,0.0,1.0,4.0,0.0,36.86875,3249.6575,29543.8,89.23239231,84.80142829,273669.0,10.79544998,493.16,99.99079258,15118.12,53539.96,4076.06,0.0,685.92,98766.77,9255.26,46956.72,12835.0,35550.64,1359.18,0.419
2014,1,0.0,0.0,3.0,1.0,0.0,5.0,0.0,38.91833333333333,3232.5835,29320.4,88.7635571,84.16018921,273669.0,10.71381852,509.74,99.92894015,15120.75,53489.96,4081.85,0.0,685.92,98737.56,9219.94,46974.24,12815.4,35637.46,1363.99,0.937
2015,1,0.0,0.0,3.0,0.0,1.0,4.0,0.0,47.03432432432432,3215.5095,29097.0,88.29472189,83.51895014,273669.0,10.63218706,515.05,100.0,15120.84,53523.03,4081.8,0.0,685.92,98735.99,9219.86,46974.11,12815.3,35637.98,1326.83,0.931
2016,1,0.0,0.0,2.0,0.0,0.0,2.0,0.0,50.02828571428572,3209.6664,29010.0,88.13427612,83.26922856,273669.0,10.60039683,515.05,99.84770657,15117.79,53440.72,4091.17,0.0,685.92,98487.62,9224.04,46984.72,12797.8,35961.2,1330.61,0.48
2017,1,0.0,0.0,3.0,1.0,0.0,3.0,0.0,54.54764705882353,3201.7202,28899.0,87.9160813,82.95061828,273669.0,10.55983688,530.41,99.85916804,15120.46,53431.54,4105.83,0.0,685.92,98442.57,9212.28,46991.82,12784.2,36008.52,1323.02,1.076
2018,1,1.0,0.0,3.0,0.0,1.0,4.0,0.0,60.33216216216216,3194.3614,28791.0,87.7140159,82.64061908,273669.0,10.52037315,537.4,99.7340704,15155.85,53356.94,4111.53,0.0,685.92,98533.92,9219.65,47077.23,12688.6,35852.25,1417.23,0.86
2019,1,1.0,0.0,3.0,0.0,0.0,8.0,0.0,68.90783783783785,3186.7459,28681.0,87.50490178,82.32487916,273669.0,10.48017861,548.93,99.79782775,15198.77,53379.9,4118.98,0.0,685.92,98563.02,9202.93,47374.95,12351.7,35814.61,1397.0,0.751
2020,1,0.0,0.0,1.0,0.0,1.0,5.0,0.0,67.31324324324325,3179.032,28573.0,87.29308569,82.01487996,273669.0,10.44071488,549.25,99.84939737,15218.88,53407.18,4100.11,0.0,685.63,98587.45,9202.58,47462.25,12249.6,35814.61,1357.79,1.104
1992,2,1.0,0.0,0.0,0.0,2.0,9.0,0.0,-16.93583333333333,8425.8715,133468.58,100.0,100.0,768230.0,17.37351835,576.07,94.78522811,128486.4,50527.73,1490.63,2526.35,0.0,184454.52,10077.1,279546.0,36965.3,76753.54,554.29,0.24
1993,2,0.0,1.0,1.0,0.0,2.0,4.0,0.0,-19.59686274509804,8412.8155,133261.77,99.84504867,99.84504967,768230.0,17.34659802,591.6,94.81758334,128486.82,50529.71,1490.45,2525.84,0.0,184444.56,10077.0,279546.0,36965.1,76752.57,549.27,0.436
1994,2,0.0,2.0,0.0,0.0,4.0,6.0,2.0,-15.398823529411766,8399.7596,133054.96,99.69009853,99.69009935,768230.0,17.3196777,606.34,94.80812837,128486.32,50509.82,1490.31,2525.18,0.0,184434.44,10076.9,279546.0,36965.1,76751.56,566.16,0.17
1995,2,0.0,1.0,0.0,0.0,4.0,5.0,0.0,-10.672258064516129,8386.7037,132848.15,99.53514838,99.53514902,768230.0,17.29275738,620.34,95.031178,128170.55,50616.09,1505.25,2527.9,0.0,184518.94,10054.2,280008.0,36960.7,76366.07,610.27,0.358
1996,2,0.0,0.0,2.0,1.0,6.0,5.0,0.0,-7.998823529411765,8373.6478,132641.34,99.38019824,99.3801987,768230.0,17.26583705,633.67,95.15167787,127843.72,50667.72,1527.51,2536.62,0.0,184247.05,10044.7,280399.0,36938.1,76549.88,570.22,0.539
1997,2,0.0,0.0,1.0,1.0,0.0,9.0,2.0,-1.2076767676767677,8360.5919,132434.53,99.22524809,99.22524837,768230.0,17.23891673,645.51,95.36138173,127860.03,50768.91,1553.43,2541.17,0.0,183993.19,10031.0,280489.0,36897.9,76621.39,556.17,0.321
1998,2,0.0,0.0,6.0,0.0,0.0,5.0,0.0,-1.749090909090909,8347.536,132227.72,99.07029795,99.07029804,768230.0,17.21199641,656.36,95.67854175,127585.85,50929.09,1572.73,2546.62,0.0,183598.45,10023.5,280911.0,36920.0,76630.15,584.43,1.028
1999,2,0.0,0.0,0.0,0.0,4.0,10.0,1.0,-3.9652525252525255,8334.48,132020.91,98.91534662,98.91534772,768230.0,17.18507608,667.17,96.66054721,127772.33,51447.68,1594.53,2555.81,0.0,182821.41,10004.0,281225.0,36774.0,76491.37,604.11,0.516
2000,2,0.0,0.0,1.0,0.0,3.0,6.0,1.0,0.1384313725490195,8321.4241,131814.1,98.76039648,98.76039739,768230.0,17.15815576,679.41,97.72888299,128513.06,52011.52,1615.62,2557.52,0.0,181970.87,9993.19,280993.0,36687.0,76281.56,655.88,0.084
2001,2,0.0,0.0,4.0,0.0,3.0,4.0,2.0,6.537777777777778,8314.1017,131587.3,98.67349271,98.59046976,768230.0,17.12863335,731.97,98.36800146,128584.34,52303.52,1581.31,2558.52,0.0,181480.73,10011.8,281863.0,36465.1,75686.38,691.62,0.275
2002,2,1.0,0.0,0.0,0.0,3.0,8.0,1.0,7.744523809523809,8306.7793,131360.5,98.58658894,98.42054212,768230.0,17.09911094,758.17,98.81388982,128811.25,52517.69,1523.49,2560.87,0.0,180969.48,10014.3,281996.0,36441.3,75646.15,719.12,0.667
2003,2,0.0,0.0,4.0,0.0,5.0,2.0,1.0,8.89310502283105,8299.4569,131133.7,98.49968517,98.25061449,768230.0,17.06958853,773.71,99.17054443,129197.91,52694.47,1458.73,2567.7,0.0,180434.96,10021.6,281882.0,36526.7,75640.87,759.58,0.775
2004,2,0.0,0.0,3.0,0.0,3.0,5.0,0.0,12.09912037037037,8292.1346,130906.9,98.41278258,98.08068686,768230.0,17.04006613,785.43,99.39420509,130038.61,52803.35,1450.01,2572.65,0.0,180230.43,10025.1,280929.0,36674.3,75758.28,691.25,0.656
2005,2,0.0,0.0,1.0,0.0,2.0,6.0,1.0,15.044871794871796,8284.8122,130680.1,98.32587881,97.91075922,768230.0,17.01054372,813.94,99.44893204,129792.86,52804.34,1430.06,2578.08,0.0,180019.75,10027.4,281425.0,36548.7,75838.19,680.0,1.126
2006,2,1.0,0.0,1.0,0.0,3.0,8.0,3.0,18.73037037037037,8277.4898,130453.3,98.23897504,97.74083159,768230.0,16.98102131,828.98,99.3500131,129589.9,52735.93,1413.35,2589.95,0.0,179813.68,10029.4,281802.0,36474.6,75946.46,733.53,0.639
2007,2,0.0,0.0,1.0,0.0,1.0,3.0,0.0,19.950540540540544,8270.1674,130226.5,98.15207127,97.57090395,768230.0,16.9514989,841.08,99.0453311,129457.69,52559.57,1406.33,2592.94,0.0,179788.68,10030.8,282267.0,36136.6,75956.74,920.5,0.855
2008,2,0.0,0.0,4.0,0.0,1.0,2.0,0.0,22.86777777777778,8262.845,129999.7,98.0651675,97.40097632,768230.0,16.92197649,847.11,99.21449209,129259.43,52644.75,1392.2,2598.64,0.0,179830.96,10035.7,282595.0,35947.0,75973.7,833.53,0.546
2009,2,0.0,1.0,2.0,0.0,2.0,3.0,1.0,25.15280542986425,8255.5226,129772.9,97.97826373,97.23104869,768230.0,16.89245408,855.05,99.46403489,129311.11,52771.42,1387.96,2605.02,0.0,179767.77,10041.0,282689.0,35733.4,76079.05,718.22,0.95
2010,2,0.0,0.0,5.0,0.0,3.0,4.0,0.0,28.99283783783784,8248.2002,129546.1,97.89135996,97.06112105,768230.0,16.86293167,862.94,99.39936855,129093.22,52728.66,1405.19,2605.4,0.0,180027.62,10044.1,283390.0,35165.3,75861.28,775.22,0.593
2011,2,0.0,0.0,1.0,0.0,1.0,8.0,1.0,27.69077625570776,8256.9176,130255.78,97.99481988,97.5928417,768230.0,16.95531026,869.84,99.73981631,129173.97,52905.27,1426.28,2603.62,0.0,180131.51,10050.5,284141.0,34316.5,75700.34,639.47,0.135
2012,2,0.0,0.0,2.0,0.0,0.0,3.0,0.0,37.674202898550725,8265.6351,130965.46,98.09828099,98.12456235,768230.0,17.04768884,873.42,99.83484809,129376.33,52952.94,1433.32,2603.0,0.0,180152.85,10050.4,284361.0,33877.0,75683.05,595.18,0.228
2013,2,0.0,0.0,0.0,0.0,1.0,3.0,2.0,40.77363095238096,8274.3525,131675.14,98.20174091,98.656283,768230.0,17.14006743,879.09,99.71759972,129804.87,52884.03,1437.01,2602.74,0.0,180124.41,10050.1,283905.0,33879.9,75730.03,660.95,1.413
2014,2,0.0,1.0,0.0,0.0,1.0,3.0,2.0,42.8425925925926,8283.0699,132384.82,98.30520083,99.18800365,768230.0,17.23244601,886.12,99.89554395,130532.85,52972.97,1437.01,2600.8,0.0,180218.88,10057.4,283143.0,33840.2,75694.7,574.64,1.107
2015,2,0.0,0.0,1.0,0.0,4.0,3.0,3.0,52.663963963963965,8291.7874,133094.5,98.40866194,99.7197243,768230.0,17.3248246,891.94,100.0,130533.2,53023.47,1436.9,2600.71,0.0,180215.94,10057.4,283143.0,33840.0,75693.66,522.38,0.996
2016,2,0.0,0.0,1.0,0.0,1.0,3.0,1.0,51.208238095238094,8291.5412,134037.2,98.40573999,100.4260329,769202.0,17.42548771,900.51,99.97316943,131040.72,53000.43,1439.19,2597.05,0.0,180246.17,10059.3,282671.0,33704.1,75734.04,566.03,1.102
2017,2,0.0,0.0,0.0,0.0,2.0,5.0,1.0,54.85601307189542,8292.9967,134017.4,98.42301417,100.4111979,769202.0,17.42291362,910.11,100.0244339,131698.63,53018.38,1439.73,2597.29,0.0,180237.21,10060.5,282041.0,33620.7,75778.56,555.15,1.079
2018,2,1.0,1.0,1.0,0.0,0.0,11.0,0.0,55.38891891891892,8292.2356,134005.1,98.41398127,100.4019822,769202.0,17.42131456,916.78,100.0067014,138114.39,53002.19,1439.29,2598.46,0.0,180193.68,10063.3,275684.0,33379.6,75998.04,568.11,1.061
2019,2,0.0,0.0,1.0,0.0,0.0,9.0,2.0,62.43846846846847,8292.2356,134005.1,98.41398127,100.4019822,769202.0,17.42131456,931.06,99.96385897,139535.67,52964.87,1434.01,2600.17,0.0,179879.95,10058.4,274191.0,33148.4,76614.0,601.15,1.346
2020,2,0.0,0.0,1.0,0.0,2.0,9.0,0.0,63.68396396396396,8292.2356,134005.1,98.41398127,100.4019822,769202.0,17.42131456,931.0,99.98413721,140993.7,52975.78,1432.99,2601.13,0.0,179996.43,10056.5,272552.0,33011.5,76797.94,608.52,1.337
1992,3,0.0,0.0,3.0,0.0,2.0,7.0,0.0,1.785,83.5919,1920.3296,100.0,100.0,13017.0,14.75247446,15.76,108.5046031,954.47,9365.24,1221.34,422.56,0.0,881.99,35.97,0.59,7.13,763.98,369.87,-0.057
1993,3,0.0,0.0,3.0,0.0,8.0,7.0,0.0,-9.998823529411764,83.5919,1920.3294,100.0,99.99998959,13017.0,14.75247292,16.11,108.4546745,954.45,9360.58,1221.34,422.56,0.0,881.98,35.97,0.59,7.13,764.04,374.16,-0.332
1994,3,0.0,1.0,4.0,0.0,4.0,7.0,0.0,-20.913529411764703,83.5919,1920.3292,100.0,99.99997917,13017.0,14.75247138,16.35,108.2825278,954.43,9345.45,1221.34,422.56,0.0,881.98,35.97,0.59,7.13,764.08,389.02,0.268
1995,3,0.0,1.0,4.0,0.0,4.0,11.0,0.0,1.1881249999999994,83.5919,1920.329,100.0,99.99996876,13017.0,14.75246985,16.51,108.7758738,919.59,9387.95,1217.55,411.42,0.0,865.93,36.03,0.59,7.45,762.57,413.32,0.244
1996,3,0.0,1.0,2.0,0.0,4.0,11.0,0.0,3.649393939393939,83.5919,1920.3289,100.0,99.99996355,13017.0,14.75246908,16.71,108.8021689,916.53,9390.01,1217.39,413.52,0.0,860.34,35.92,0.6,7.56,764.57,415.74,0.22
1997,3,0.0,1.0,1.0,0.0,5.0,7.0,0.0,-26.82939393939394,83.5919,1920.3287,100.0,99.99995313,13017.0,14.75246754,16.89,108.8769643,912.03,9396.31,1219.21,413.84,0.0,850.54,35.91,0.63,7.62,765.95,419.98,-0.051
1998,3,0.0,1.0,1.0,0.0,5.0,6.0,0.0,-10.547575757575755,83.5919,1920.3285,100.0,99.99994272,13017.0,14.75246601,17.04,108.8570701,906.53,9394.44,1222.02,414.04,0.0,848.59,35.81,0.64,7.79,769.74,422.27,0.628
1999,3,0.0,0.0,5.0,0.0,6.0,7.0,0.0,-5.529393939393939,83.5919,1920.3283,100.0,99.9999323,13017.0,14.75246447,17.16,108.0393246,903.57,9323.62,1218.45,414.24,0.0,833.81,35.64,0.67,8.72,785.68,497.35,0.896
2000,3,0.0,1.0,3.0,0.0,7.0,7.0,0.0,11.865882352941176,83.5919,1920.3281,100.0,99.99992189,13017.0,14.75246293,17.4,107.7802748,899.32,9300.97,1223.24,414.95,0.0,826.91,35.33,0.7,9.02,809.8,501.25,0.365
2001,3,0.0,1.0,2.0,0.0,4.0,12.0,0.0,2.2127777777777777,83.4526,1917.1295,99.83335706,99.83335673,13017.0,14.72789045,20.3,107.4432308,887.85,9268.95,1213.73,415.83,0.0,826.69,35.36,0.75,9.48,801.81,558.17,0.445
2002,3,0.0,1.0,1.0,0.0,4.0,7.0,0.0,-7.398571428571429,83.3134,1913.9309,99.66683375,99.66679158,13017.0,14.70331797,22.68,107.472686,882.99,9269.11,1213.18,415.96,0.0,823.9,35.37,0.75,9.86,803.55,561.56,0.541
2003,3,0.0,2.0,2.0,0.0,3.0,5.0,0.0,1.052465753424657,83.1742,1910.7323,99.50031044,99.50022642,13017.0,14.67874549,25.42,107.5566582,878.1,9273.63,1213.83,415.83,0.0,820.36,35.25,0.77,10.62,801.56,563.54,0.404
2004,3,0.0,0.0,3.0,0.0,4.0,5.0,0.0,4.176666666666666,83.0349,1907.5337,99.3336675,99.33366126,13017.0,14.654173,28.44,106.5343029,878.07,9182.22,1211.68,416.0,0.0,811.71,35.37,0.98,11.92,808.5,654.02,0.441
2005,3,0.0,2.0,3.0,0.0,7.0,6.0,0.0,17.85615384615385,82.8957,1904.3351,99.16714419,99.16709611,13017.0,14.62960052,32.13,103.7563556,879.19,8938.35,1202.2,415.9,0.0,809.77,35.5,1.06,13.58,807.33,903.89,0.783
2006,3,0.0,0.0,2.0,0.0,5.0,6.0,0.0,-0.6816666666666664,82.7565,1901.1365,99.00062087,99.00053095,13017.0,14.60502804,35.75,103.816848,880.41,8939.96,1193.47,416.32,0.0,810.11,35.73,1.12,16.02,802.4,907.61,0.979
2007,3,0.0,1.0,2.0,0.0,2.0,5.0,0.0,-4.406216216216217,82.6172,1897.9379,98.83397793,98.83396579,13017.0,14.58045556,39.1,103.208265,884.58,8884.0,1184.58,416.69,0.0,808.74,36.25,1.16,18.06,799.6,966.15,0.426
2008,3,0.0,0.0,2.0,1.0,2.0,5.0,0.0,37.70396226415095,82.478,1894.7393,98.66745462,98.66740064,13017.0,14.55588308,42.32,103.2197893,885.79,8881.77,1180.44,417.19,0.0,809.11,36.43,1.2,19.57,797.57,967.51,0.213
2009,3,1.0,1.0,2.0,0.0,2.0,3.0,0.0,26.17833333333333,82.3388,1891.5406,98.50093131,98.50083027,13017.0,14.53130983,45.97,103.248127,888.45,8880.57,1174.19,417.17,0.0,807.68,36.47,1.28,21.7,797.17,968.25,0.972
2010,3,0.0,0.0,2.0,1.0,3.0,4.0,0.0,51.692702702702704,82.1995,1888.342,98.33428837,98.33426512,13017.0,14.50673734,49.16,103.262585,891.38,8878.63,1166.65,417.17,0.0,806.21,36.61,1.31,26.24,796.88,968.66,0.89
2011,3,0.0,2.0,1.0,1.0,1.0,7.0,0.0,48.35958904109589,82.1565,1887.3536,98.28284798,98.28279479,13017.0,14.4991442,52.26,102.9143934,894.3,8845.42,1164.74,417.55,0.0,809.07,36.51,1.37,28.22,810.21,979.24,0.298
2012,3,0.0,1.0,2.0,0.0,2.0,3.0,0.0,45.38855072463768,82.1135,1886.3652,98.23140759,98.23132446,13017.0,14.49155105,56.79,102.8457736,896.69,8834.97,1159.11,418.01,0.0,807.97,36.5,1.45,30.99,813.87,982.56,0.351
2013,3,0.0,0.0,0.0,0.0,3.0,5.0,0.0,62.16571428571429,82.0705,1885.3768,98.1799672,98.17985413,13017.0,14.4839579,64.92,101.0961506,897.7,8675.56,1158.79,417.9,0.0,808.32,36.47,1.46,31.55,816.3,1129.92,0.336
2014,3,0.0,0.0,2.0,0.0,2.0,4.0,0.0,43.78388888888889,82.0274,1884.3884,98.12840718,98.12838379,13017.0,14.47636475,77.39,100.4766526,897.8,8609.53,1159.59,417.78,0.0,808.2,36.28,1.46,31.96,819.0,1179.9,0.611
2015,3,0.0,0.0,2.0,1.0,4.0,6.0,0.0,65.54837837837837,81.9844,1883.4,98.07696679,98.07691346,13017.0,14.46877161,82.14,100.0,898.01,8563.57,1159.49,417.76,0.0,808.06,36.28,1.46,31.96,819.68,1220.48,0.799
2016,3,0.0,0.0,1.0,0.0,2.0,2.0,0.0,99.03257142857144,81.9844,1883.4,98.07696679,98.07691346,13017.0,14.46877161,82.15,99.37973723,899.53,8509.94,1163.78,419.2,0.0,804.89,36.18,1.46,33.16,824.87,1263.74,1.336
2017,3,0.0,0.0,2.0,1.0,2.0,5.0,0.0,61.88607843137255,81.9844,1883.4,98.07696679,98.07691346,13017.0,14.46877161,82.68,98.75781073,900.47,8455.64,1163.04,419.39,0.0,805.39,36.32,1.46,33.55,828.58,1312.38,1.142
2018,3,0.0,1.0,2.0,0.0,1.0,0.0,0.0,48.19756756756757,81.9844,1883.4,98.07696679,98.07691346,13017.0,14.46877161,83.05,98.12447924,902.06,8400.52,1162.88,420.07,0.0,805.92,36.3,1.47,34.16,836.04,1356.44,0.911
2019,3,0.0,1.0,1.0,1.0,3.0,3.0,0.0,45.84351351351352,81.9844,1883.4,98.07696679,98.07691346,13017.0,14.46877161,83.08,97.75500196,905.99,8368.54,1161.59,420.44,0.0,802.16,36.0,1.47,34.69,854.17,1370.77,1.151
2020,3,0.0,0.0,1.0,0.0,1.0,5.0,0.0,86.83297297297298,81.9844,1883.4,98.07696679,98.07691346,13017.0,14.46877161,85.94,97.48150231,909.04,8342.04,1161.31,419.93,0.0,802.67,35.89,1.49,34.9,860.92,1384.78,0.934
1992,4,0.0,0.0,4.0,1.0,0.0,4.0,0.0,-7.2975,58129.1412,581336.12,100.0,100.0,835814.0,69.55328817,998.78,84.83648561,63033.68,122419.82,10471.2,652.62,0.0,148715.26,12777.9,179.99,451.75,470206.64,23882.62,0.435
1993,4,0.0,0.0,0.0,0.0,0.0,4.0,0.0,-18.45117647058824,57845.98,577555.18,99.51287565,99.34961206,835814.0,69.10092198,1029.43,85.22373964,63205.03,122952.35,11094.9,647.91,0.0,149064.15,13049.2,176.69,451.87,467962.32,24155.1,0.525
1994,4,1.0,1.0,0.0,0.0,1.0,8.0,0.0,-14.96,57562.8187,573774.24,99.02575113,98.69922413,835814.0,68.64855578,1056.18,85.1335623,63205.38,122794.48,11094.7,647.91,0.0,149052.67,13048.9,173.73,451.7,467966.0,24297.77,0.623
1995,4,0.0,0.0,3.0,2.0,0.0,3.0,0.0,-8.19225806451613,57279.6575,569993.3,98.53862678,98.04883619,835814.0,68.19618958,1086.01,88.46667917,64063.85,127613.61,11412.5,648.88,0.0,148974.47,13181.9,168.75,448.51,463578.34,22612.64,0.808
1996,4,0.0,0.0,1.0,3.0,0.0,6.0,0.0,-7.121764705882353,56996.4963,566212.36,98.05150244,97.39844825,835814.0,67.74382339,1116.48,88.92926289,64419.37,128256.16,11708.0,648.42,0.0,148765.58,13234.7,165.56,449.39,461485.82,23540.39,0.53
1997,4,0.0,0.0,3.0,0.0,1.0,5.0,0.0,-4.366060606060605,56713.3351,562431.42,97.56437809,96.74806031,835814.0,67.29145719,1145.32,89.25288742,64868.08,128697.98,11942.7,646.56,0.0,148506.34,13290.1,162.81,446.49,459665.94,24416.61,0.738
1998,4,1.0,0.0,5.0,0.0,0.0,5.0,2.0,0.5096969696969698,56430.1738,558650.48,97.07725357,96.09767238,835814.0,66.83909099,1175.66,89.91455595,65439.3,129630.34,12233.7,643.19,0.0,148481.19,13263.8,160.43,445.23,456943.33,25373.53,1.267
1999,4,0.0,0.0,1.0,1.0,0.0,5.0,1.0,-3.2175757575757578,56147.0126,554869.54,96.59012922,95.44728444,835814.0,66.3867248,1207.2,91.1557972,66378.36,131404.48,12519.5,640.44,0.0,148091.8,13344.2,159.53,443.5,453109.18,26491.16,0.566
2000,4,0.0,1.0,4.0,1.0,0.0,5.0,0.0,-1.8011764705882352,55863.8514,551088.6,96.10300487,94.7968965,835814.0,65.9343586,1240.02,91.01607486,66726.55,131168.39,12594.8,640.84,0.0,147555.4,13371.1,158.58,437.23,452703.38,27193.03,0.538
2001,4,1.0,0.0,3.0,0.0,1.0,4.0,0.0,3.1085714285714285,55563.6296,547137.81,95.58653105,94.11729139,835814.0,65.4616709,1310.39,91.11837311,67034.34,131246.93,12664.6,640.53,0.0,147527.61,13359.9,154.19,382.32,451528.67,27940.41,0.802
2002,4,1.0,0.0,2.0,2.0,0.0,2.0,0.0,5.328732394366197,55263.4079,543187.02,95.07005739,93.43768627,835814.0,64.98898319,1372.56,91.13034878,67305.45,131202.05,12764.4,640.52,0.0,147412.26,13360.4,144.95,369.09,450573.75,28643.61,1.082
2003,4,0.0,0.0,5.0,0.0,0.0,5.0,0.0,15.70931506849315,54963.1861,539236.23,94.55358356,92.75808116,835814.0,64.51629549,1413.89,91.28628134,67590.78,131387.72,12753.1,640.63,0.0,147646.71,13391.8,143.18,367.37,449074.39,29380.45,0.983
2004,4,1.0,1.0,2.0,0.0,1.0,5.0,0.0,14.613055555555556,54662.9643,535285.44,94.03710974,92.07847605,835814.0,64.04360779,1478.85,94.01581207,69383.2,135293.54,13313.7,616.97,0.0,149378.19,13953.5,141.7,367.7,438908.56,30953.54,0.824
2005,4,1.0,0.0,2.0,0.0,1.0,9.0,0.0,18.550153846153847,54362.7426,531334.65,93.52063608,91.39887093,835814.0,63.57092009,1530.94,93.70344619,69462.11,134786.9,13293.1,617.46,0.0,149366.03,13969.4,140.78,369.04,438734.86,31518.04,1.158
2006,4,0.0,0.0,2.0,0.0,0.0,5.0,0.0,20.311666666666667,54062.5208,527383.86,93.00416226,90.71926582,835814.0,63.09823238,1577.55,93.3733049,69547.39,134260.16,13272.5,619.3,0.0,149493.48,13988.5,141.16,369.26,438463.56,32056.76,0.831
2007,4,1.0,0.0,3.0,1.0,0.0,8.0,0.0,19.703783783783784,53762.299,523433.07,92.48768843,90.0396607,835814.0,62.62554468,1615.98,94.09443845,69631.92,135270.73,13261.8,619.75,0.0,149431.37,14013.7,141.46,369.17,438516.18,30916.99,0.981
2008,4,0.0,0.0,4.0,0.0,1.0,3.0,0.0,23.78148148148148,53462.0773,519482.28,91.97121478,89.36005559,835814.0,62.15285698,1647.85,94.84976872,69731.42,136337.68,13257.3,619.69,0.0,149478.93,14037.6,141.72,370.08,438359.86,29806.8,0.731
2009,4,0.0,0.0,7.0,1.0,1.0,6.0,0.0,27.05689189189189,53161.8555,515531.49,91.45474095,88.68045048,835814.0,61.68016927,1679.17,95.6174059,69785.58,137423.31,13261.3,620.73,0.0,149444.67,14049.8,143.39,370.1,438302.69,28709.46,0.946
2010,4,1.0,1.0,3.0,0.0,0.0,5.0,0.0,28.337972972972977,52861.6337,511580.7,90.93826712,88.00084536,835814.0,61.20748157,1710.55,96.32487905,69831.86,138420.99,13253.6,620.73,0.0,149494.12,14037.8,146.75,370.1,438296.62,27606.11,1.134
2011,4,0.0,0.0,8.0,0.0,0.0,6.0,0.0,28.06287671232877,52790.2662,510041.52,90.81549307,87.73607943,835814.0,61.02332816,1741.23,97.09931543,69867.46,139516.92,13289.6,619.76,0.0,149763.71,14035.9,146.65,370.18,437900.3,26537.37,0.833
2012,4,1.0,0.0,2.0,0.0,0.0,2.0,0.0,35.75811594202899,52718.8987,508502.34,90.69271902,87.4713135,835814.0,60.83917474,1785.07,97.85694651,69883.26,140575.44,13295.8,619.27,0.0,149764.06,14037.6,148.67,370.21,437841.62,25469.12,1.067
2013,4,0.0,0.0,5.0,0.0,1.0,1.0,0.0,36.86875,52647.5312,506963.16,90.56994498,87.20654756,835814.0,60.65502133,1854.72,98.60962024,69904.09,141600.63,13299.7,619.13,0.0,149861.29,14036.6,149.18,369.8,437685.13,24409.04,0.963
2014,4,1.0,0.0,4.0,0.0,0.0,3.0,0.0,38.91833333333333,52576.1637,505423.98,90.44717093,86.94178163,835814.0,60.47086792,1906.62,99.28105375,69899.3,142525.63,13327.9,618.62,0.0,149799.27,14020.2,149.08,368.81,437834.13,23340.41,1.205
2015,4,0.0,0.0,4.0,1.0,1.0,8.0,0.0,47.03432432432432,52504.7962,503884.8,90.32439688,86.6770157,835814.0,60.28671451,1929.57,100.0,69898.4,143548.6,13327.7,618.59,0.0,149794.79,14019.9,148.79,368.57,437835.82,22299.3,1.61
2016,4,0.0,0.0,2.0,0.0,0.0,7.0,0.0,50.02828571428572,52367.163,502082.1,90.08762545,86.36691971,835814.0,60.07103255,1929.68,100.706115,69864.2,144575.62,13332.2,619.79,0.0,149381.27,13957.7,157.36,373.83,438325.65,21272.07,1.544
2017,4,0.0,0.0,1.0,0.0,0.0,2.0,0.0,54.54764705882353,52209.563,500091.6,89.81650498,86.02451883,835814.0,59.83288148,1975.5,101.4239117,69827.35,145573.99,13340.3,620.09,0.0,149203.3,13967.4,157.12,373.06,438503.46,20247.53,1.432
2018,4,0.0,0.0,2.0,1.0,0.0,1.0,0.0,60.33216216216216,52150.8713,499051.4,89.7155372,85.8455862,835814.0,59.70842795,1989.93,101.6026322,69766.89,145819.72,13327.8,620.86,0.0,149023.45,13999.3,159.75,372.73,438651.47,20058.13,1.179
2019,4,0.0,0.0,7.0,0.0,0.0,3.0,1.0,68.90783783783785,52059.7671,497798.5,89.55880996,85.63006544,835814.0,59.55852618,2035.8,101.7051829,69630.95,145922.98,13340.1,622.51,0.0,148733.84,14007.4,164.36,372.43,439106.23,19853.09,1.54
2020,4,1.0,0.0,5.0,0.0,1.0,4.0,0.0,67.31324324324325,51981.1735,496619.6,89.4236048,85.42727398,835814.0,59.41747805,2036.38,101.7799649,69542.64,146035.99,13361.4,622.2,0.0,148543.88,14019.7,164.46,371.76,439465.13,19653.82,1.452
1992,5,0.0,1.0,0.0,0.0,0.0,2.0,1.0,1.5116666666666667,20617.0769,348178.738,100.0,100.0,896559.0,38.83500562,544.03,98.38632097,159004.78,51881.94,102942.0,0.0,18314.8,52336.35,11967.9,109590.63,39381.67,436976.11,154.64,0.114
1993,5,0.0,0.0,1.0,0.0,0.0,3.0,0.0,-18.135882352941177,20604.5471,348131.642,99.93922611,99.98647361,896559.0,38.82975264,558.87,98.36459209,159005.42,51855.48,102942.0,0.0,18314.8,52333.69,11967.5,109589.63,39380.97,436975.85,169.86,0.351
1994,5,0.0,0.0,0.0,0.0,2.0,3.0,1.0,-13.522156862745096,20592.0172,348084.546,99.87845173,99.97294723,896559.0,38.82449967,573.25,98.3427419,159006.16,51829.49,102942.0,0.0,18314.8,52331.3,11967.4,109589.63,39380.17,436975.39,185.1,0.473
1995,5,0.0,0.0,1.0,0.0,1.0,3.0,2.0,-6.630000000000001,20579.4874,348037.45,99.81767784,99.95942084,896559.0,38.8192467,587.06,98.69251497,158872.55,52002.06,103050.0,0.0,18314.8,52166.7,11679.8,109042.65,39373.56,437804.39,201.13,0.946
1996,5,0.0,0.0,1.0,0.0,1.0,1.0,0.0,-6.5633333333333335,20566.9575,347990.354,99.75690346,99.94589446,896559.0,38.81399372,600.77,98.65744289,158937.43,51969.73,103328.0,0.0,18314.8,52035.95,11562.3,108838.64,39391.56,437899.37,217.43,-0.12
1997,5,0.0,0.0,1.0,0.0,1.0,2.0,1.0,-2.07040404040404,20554.4277,347943.258,99.69612957,99.93236807,896559.0,38.80874075,612.64,98.7188684,158970.41,51990.49,103541.0,0.0,18314.8,51946.71,11456.6,108610.64,39403.38,438032.04,215.38,0.433
1998,5,0.0,0.0,1.0,0.0,1.0,2.0,1.0,-0.2209090909090909,20541.8979,347896.162,99.63535568,99.91884168,896559.0,38.80348778,624.98,98.89342718,159034.68,52071.12,103700.0,0.0,18314.8,52015.15,11265.9,108358.66,39414.76,438078.64,214.56,2.484
1999,5,0.0,0.0,0.0,0.0,2.0,7.0,1.0,0.657878787878788,20529.368,347849.066,99.5745813,99.9053153,896559.0,38.79823481,637.5,99.09342913,159152.43,52165.23,103825.0,0.0,18314.8,52135.87,11077.8,107783.79,39423.02,438365.09,213.79,1.707
2000,5,0.0,0.0,0.0,0.0,1.0,4.0,0.0,4.704313725490196,20516.8382,347801.97,99.51380741,99.89178891,896559.0,38.79298183,650.86,99.39018722,159391.16,52309.98,103919.0,0.0,18314.8,52330.21,10456.2,107274.84,39454.79,438778.89,213.22,1.303
2001,5,0.0,0.0,0.0,0.0,1.0,5.0,1.0,3.808301886792453,20440.0285,347753.994,99.14125363,99.87800978,896559.0,38.78763071,701.04,99.52148597,159283.31,52329.79,103646.0,0.0,18314.8,52393.07,9536.18,106742.86,39467.87,440468.66,210.86,1.433
2002,5,0.0,0.0,1.0,0.0,0.0,5.0,1.0,7.722783018867925,20363.2187,347706.018,98.76869936,99.86423065,896559.0,38.78227958,735.26,99.63485014,159252.67,52355.97,103512.0,0.0,18314.8,52453.28,9135.5,106585.86,39469.92,441066.35,212.7,0.549
2003,5,0.0,0.0,4.0,0.0,2.0,3.0,1.0,12.314155251141552,20286.409,347658.042,98.39614558,99.85045152,896559.0,38.77692846,762.03,99.71260831,159209.36,52370.68,103391.0,0.0,18314.8,52649.98,8793.38,106508.04,39480.66,441400.71,214.52,1.254
2004,5,0.0,0.0,2.0,0.0,2.0,2.0,0.0,13.300879629629629,20209.5993,347610.066,98.02359179,99.83667239,896559.0,38.77157733,786.03,99.84786267,159257.48,52418.68,103257.0,0.0,18314.8,52852.31,8387.77,106201.07,39481.57,441920.63,216.5,0.492
2005,5,0.0,0.0,2.0,0.0,1.0,3.0,2.0,14.991897435897435,20132.7895,347562.09,97.65103752,99.82289326,896559.0,38.7662262,796.13,99.86264215,159138.71,52416.49,103224.0,0.0,18314.8,52817.54,8213.44,106012.09,39502.24,442440.73,218.31,1.298
2006,5,0.0,0.0,5.0,0.0,0.0,1.0,0.0,18.409444444444446,20055.9798,347514.114,97.27848374,99.80911413,896559.0,38.76087508,807.49,99.84910979,159113.8,52397.93,103262.0,0.0,18314.8,52869.08,8072.22,105790.09,39516.13,442730.18,220.96,2.365
2007,5,0.0,0.0,1.0,0.0,2.0,4.0,0.0,16.804864864864864,19979.1701,347466.138,96.90592996,99.795335,896559.0,38.75552395,816.56,99.83544701,159130.06,52381.63,103219.0,0.0,18314.8,53056.03,7960.59,105556.1,39545.5,442889.02,226.32,1.344
2008,5,0.0,0.0,2.0,0.0,0.0,3.0,0.0,25.42320987654321,19902.3603,347418.162,96.53337569,99.78155587,896559.0,38.75017283,828.21,99.85906471,159112.38,52382.54,103252.0,0.0,18314.8,53322.53,7856.35,105363.08,39581.06,442849.45,232.75,0.865
2009,5,0.0,0.0,1.0,0.0,2.0,3.0,0.0,25.15590909090909,19825.5506,347370.186,96.16082191,99.76777674,896559.0,38.7448217,833.98,99.87572763,159127.28,52385.61,103271.0,0.0,18314.8,53412.27,7783.12,105117.08,39609.67,443000.29,239.33,0.552
2010,5,0.0,0.0,0.0,0.0,1.0,2.0,0.0,17.324324324324323,19748.7409,347322.21,95.78826812,99.75399761,896559.0,38.73947058,839.14,99.91035786,159279.28,52398.89,103339.0,0.0,18314.8,53875.74,7788.27,105349.1,39645.48,442018.39,246.1,2.931
2011,5,0.0,0.0,1.0,0.0,2.0,1.0,1.0,18.124566210045664,19717.2348,347280.91,95.63545257,99.74213589,896559.0,38.73486407,844.02,99.93644087,159408.75,52407.96,103426.0,0.0,18314.8,54358.34,7785.05,105485.08,39654.53,441159.43,251.18,1.462
2012,5,0.0,0.0,1.0,0.0,2.0,2.0,0.0,35.20048309178744,19685.7288,347239.61,95.4826375,99.73027417,896559.0,38.73025757,849.95,99.9672339,159506.85,52418.46,103555.0,0.0,18314.8,54699.85,7789.46,105612.1,39665.42,440433.67,249.98,2.166
2013,5,0.0,1.0,1.0,0.0,1.0,3.0,0.0,28.448452380952386,19654.2227,347198.31,95.32982195,99.71841244,896559.0,38.72565107,854.88,99.97403632,159530.34,52417.1,103682.0,0.0,18314.8,54831.73,7780.85,105660.16,39679.09,440095.25,248.33,1.205
2014,5,0.0,1.0,1.0,0.0,0.0,4.0,0.0,36.92759259259259,19622.7167,347157.01,95.17700688,99.70655072,896559.0,38.72104457,860.51,99.98604794,159597.31,52417.89,103682.0,0.0,18314.8,54982.06,7787.32,105855.16,39731.79,439619.34,246.71,0.302
2015,5,0.0,0.0,0.0,0.0,0.0,2.0,1.0,47.05279279279279,19591.2107,347115.71,95.02419181,99.694689,896559.0,38.71643807,863.93,100.0,159660.94,52421.95,103682.0,0.0,18314.8,55089.06,7790.55,105994.16,39812.99,439220.23,245.12,1.277
2016,5,0.0,0.0,1.0,0.0,0.0,2.0,1.0,52.452238095238094,19578.5594,347076.04,94.96282861,99.68329542,896559.0,38.71201338,896.94,100.0742995,159706.1,52428.51,103723.0,0.0,18314.8,55518.66,7812.38,106084.16,39785.36,438583.22,242.21,2.431
2017,5,0.0,0.0,2.0,0.0,0.0,16.0,1.0,51.7137908496732,19576.4728,347039.05,94.95270787,99.67267157,896559.0,38.7078876,911.25,100.1268726,159707.91,52442.15,103736.0,0.0,18314.8,55614.86,7829.5,106008.12,39773.18,438520.8,235.59,1.534
2018,5,0.0,1.0,1.0,0.0,1.0,16.0,1.0,61.64765765765766,19574.3868,347002.07,94.94259004,99.66205059,896559.0,38.70376294,919.34,100.2843453,159979.78,52518.02,103713.0,0.0,18314.8,56200.76,7977.9,106062.06,39814.25,437364.4,230.76,0.53
2019,5,0.0,0.0,1.0,0.0,1.0,15.0,0.0,67.7927027027027,19572.3002,346965.08,94.93246931,99.65142673,896559.0,38.69963717,938.68,100.3607927,160353.64,52539.42,103930.0,0.0,18314.8,57208.48,8123.65,106000.97,39878.36,435580.12,227.03,1.329
2020,5,0.0,0.0,1.0,0.0,1.0,12.0,0.0,68.2463963963964,19570.2141,346928.1,94.922351,99.64080575,896559.0,38.69551251,938.36,100.4031204,160408.44,52562.04,104025.0,0.0,18314.4,57259.41,8142.65,105851.9,39872.91,435485.78,229.58,1.155
1992,6,2.0,0.0,6.0,0.0,8.0,16.0,0.0,24.54125,5188.5163,161112.582,100.0,100.0,938825.0,17.16108774,2566.64,102.3910363,290056.42,204110.67,12331.3,123.09,6286.23,25587.67,3088.73,21593.35,172421.23,185315.49,12954.14,0.146
1993,6,0.0,0.0,4.0,1.0,11.0,17.0,0.0,-37.52970588235294,5284.2391,163098.578,101.8448974,101.2326759,938825.0,17.37262834,2652.02,101.6264314,290028.72,202482.07,12329.5,123.09,6286.23,25583.87,3088.14,21592.15,172419.23,185327.97,14522.62,0.299
1994,6,2.0,1.0,6.0,1.0,5.0,11.0,0.0,-21.867941176470588,5379.9619,165084.574,103.6897947,102.4653518,938825.0,17.58416893,2733.18,101.1431085,290003.79,201425.35,12328.2,123.09,6286.23,25580.39,3087.64,21591.15,172417.23,185339.58,15519.93,0.752
1995,6,1.0,0.0,3.0,1.0,6.0,18.0,1.0,-27.47225806451613,5475.6846,167070.57,105.5346901,103.6980278,938824.0,17.79572849,2815.56,100.8546439,289312.83,200760.59,12310.4,124.53,6286.23,25447.23,3091.09,21646.75,172636.36,184509.74,17493.94,0.598
1996,6,0.0,0.0,4.0,4.0,8.0,24.0,0.0,-15.220882352941176,5571.4074,169056.566,107.3795875,104.9307037,938823.0,18.00728849,2898.69,100.8121035,288981.99,200591.67,12336.3,126.08,6286.23,25227.41,3094.52,21662.65,172600.97,184643.94,17985.16,0.232
1997,6,1.0,3.0,6.0,2.0,5.0,27.0,0.0,-13.105151515151514,5667.1302,171042.562,109.2244848,106.1633796,938823.0,18.21882953,2980.06,100.8341441,288777.91,200554.8,12356.6,127.04,6286.23,25086.96,3096.02,21666.45,172583.95,184387.07,18532.57,0.758
1998,6,0.0,0.0,5.0,1.0,5.0,24.0,0.0,-1.305151515151514,5762.853,173028.558,111.0693822,107.3960555,938823.0,18.43037058,3063.53,101.0786667,288767.39,200964.71,12382.7,128.42,6286.23,25013.63,3100.72,21686.45,172392.35,184078.24,18570.41,1.29
1999,6,1.0,0.0,6.0,1.0,9.0,16.0,1.0,18.11909090909091,5858.5757,175014.554,112.9142776,108.6287314,938823.0,18.64191163,3143.53,101.8985436,289043.74,202539.85,12363.7,134.32,6286.23,24793.01,3118.57,21872.96,171243.43,183180.48,18715.92,1.256
2000,6,3.0,0.0,9.0,2.0,10.0,18.0,0.0,17.284999999999997,5954.2985,177000.55,114.759175,109.8614073,938822.0,18.85347276,3230.55,102.2570034,288912.43,203176.48,12381.4,137.28,6286.23,24491.39,3126.19,22103.66,170734.44,183081.41,18774.71,0.599
2001,6,2.0,0.0,9.0,6.0,10.0,28.0,0.0,28.406901408450704,6045.3574,179361.533,116.5141834,111.3268317,938821.42,19.10496812,3589.43,102.5006804,288835.48,203309.39,12360.7,140.0,6286.23,24271.76,3160.95,22131.56,170674.47,182982.13,18693.73,1.064
2002,6,3.0,1.0,10.0,4.0,6.0,30.0,0.0,12.275035460992909,6136.4162,181722.516,118.26919,112.792256,938821.32,19.3564539,3963.26,102.5537653,289245.87,203042.77,12383.9,142.54,6286.23,24142.01,3165.11,22099.46,170076.97,182941.68,18946.29,1.155
2003,6,2.0,0.0,6.0,2.0,5.0,18.0,1.0,19.0222602739726,6227.4751,184083.499,120.0241984,114.2576804,938821.27,19.60793869,4362.46,102.4068591,289357.95,202347.08,12395.8,144.62,6286.23,23892.51,3181.47,22120.96,169756.53,183066.5,19524.17,0.844
2004,6,0.0,1.0,9.0,1.0,7.0,23.0,0.0,11.406458333333331,6318.534,186444.482,121.7792069,115.7231047,938821.25,19.85942287,4810.74,102.2738517,289313.62,201630.12,12392.1,152.96,6286.23,23445.86,3210.27,22381.06,168963.08,183755.86,20093.46,1.134
2005,6,2.0,1.0,11.0,0.0,14.0,24.0,0.0,-13.32776923076923,6409.5929,188805.465,123.5342154,117.1885291,938821.18,20.11090813,5190.45,102.1777205,289347.46,201056.41,12406.9,154.09,6286.23,23363.08,3214.03,22336.94,168710.1,183790.86,20579.0,1.07
2006,6,1.0,0.0,20.0,1.0,8.0,21.0,0.0,22.499166666666667,6500.6517,191166.448,125.2892219,118.6539534,938821.14,20.36239278,5582.68,102.1438622,289405.67,200595.83,12429.5,157.3,6286.23,23323.67,3223.27,22376.76,168365.48,183801.17,20887.96,1.252
2007,6,0.0,0.0,11.0,1.0,6.0,13.0,0.0,12.824657534246576,6591.7106,193527.431,127.0442304,120.1193778,938821.08,20.61387789,5982.75,101.7776915,289690.92,199456.68,12397.1,162.26,6286.23,23191.56,3245.47,22395.71,167910.13,183865.97,21850.92,1.556
2008,6,1.0,2.0,7.0,4.0,9.0,22.0,0.0,46.8985046728972,6682.7695,195888.414,128.7992388,121.5848021,938821.08,20.86536169,6398.65,101.7359887,289746.67,198956.62,12397.9,167.44,6286.23,23251.2,3251.73,22470.21,167410.32,183771.94,22326.87,1.108
2009,6,2.0,0.0,7.0,5.0,10.0,34.0,0.0,35.456054421768705,6773.8283,198249.397,130.5542453,123.0502265,938821.1,21.11684505,6772.06,101.6189708,289697.19,198346.94,12405.6,169.81,6286.23,23319.36,3258.18,22525.91,167196.01,183581.66,22876.52,1.353
2010,6,1.0,0.0,5.0,8.0,6.0,33.0,1.0,43.24641891891892,6864.8872,200610.38,132.3092538,124.5156508,938821.1,21.36832885,7154.34,101.3148511,289785.1,197350.85,12430.8,171.42,6286.23,23354.14,3272.93,22595.71,166810.78,183403.14,23820.3,0.984
2011,6,0.0,1.0,5.0,2.0,5.0,31.0,0.0,32.79506849315069,7059.0225,202547.154,136.050888,125.7177754,938821.1,21.57462737,7514.55,100.7427141,290185.73,195835.89,12412.1,172.77,6286.23,23366.84,3286.68,22568.81,166369.67,183355.22,25081.78,0.808
2012,6,0.0,1.0,12.0,1.0,8.0,30.0,0.0,65.95394160583942,7253.1578,204483.928,139.7925222,126.9199,938821.1,21.78092589,7900.5,100.2595921,290466.56,194474.67,12413.3,174.21,6286.23,23420.34,3291.55,22533.31,166082.57,183203.61,26189.04,0.639
2013,6,1.0,1.0,14.0,3.0,15.0,26.0,0.0,43.40720720720721,7447.2931,206420.702,143.5341564,128.1220246,938821.1,21.9872244,8433.3,100.0891636,290419.59,193597.72,12440.6,175.56,6286.23,23415.13,3290.8,22488.41,165979.19,183291.72,26617.0,1.088
2014,6,2.0,0.0,13.0,2.0,16.0,20.0,0.0,45.95027397260274,7641.4284,208357.476,147.2757906,129.3241492,938821.1,22.19352292,8898.9,100.0603905,290710.44,193074.19,12537.5,180.81,6286.23,23404.79,3283.18,22483.01,165358.55,183462.58,26755.76,1.062
2015,6,1.0,0.0,12.0,1.0,17.0,13.0,0.0,35.57081081081081,7835.5638,210294.25,151.0174267,130.5262739,938821.1,22.39982144,9166.73,100.0,290709.61,192684.39,12536.0,180.72,6286.23,23402.53,3282.49,22481.71,165356.55,183510.23,26838.42,1.302
2016,6,1.0,1.0,12.0,3.0,13.0,11.0,0.0,59.02388489208633,8047.9798,212459.867,155.1113909,131.8704377,938821.0,22.63049793,9213.52,98.95013955,290237.83,190518.43,12566.7,196.16,6286.23,23308.47,3277.86,22601.11,165316.46,184924.62,27988.15,1.333
2017,6,1.0,0.0,12.0,4.0,9.0,0.0,0.0,55.21617647058824,8217.7753,214339.47,158.383916,133.0370771,938821.0,22.83070681,9820.42,98.31943973,289920.5,188638.43,12588.6,199.69,6286.23,23287.4,3265.98,22685.31,165252.1,185305.28,29185.48,1.588
2018,6,0.0,0.0,8.0,0.0,12.0,4.0,0.0,50.76445945945946,8387.1366,216219.04,161.6480727,134.2036961,938821.0,23.03091218,10260.9,97.71072026,289097.63,186969.18,12598.5,203.38,6286.23,23315.03,3251.04,23322.31,165155.08,185550.68,30425.16,1.375
2019,6,0.0,0.0,6.0,2.0,4.0,3.0,1.0,63.87797297297298,8553.8275,218098.61,164.8607618,135.3703152,938821.0,23.23111754,10614.52,96.84607297,288376.69,184870.34,12616.3,206.22,6286.23,23323.56,3245.31,23963.71,165288.1,185975.3,31669.22,1.411
2020,6,0.0,0.0,5.0,1.0,4.0,2.0,1.0,80.15040540540541,8724.3346,219978.18,168.1470019,136.5369342,938821.0,23.4313229,10871.1,96.7140928,287984.37,184347.49,12621.1,206.25,6285.56,23398.89,3242.14,24306.71,165073.71,186122.83,31975.99,1.58
1992,7,0.0,0.0,0.0,0.0,0.0,3.0,0.0,9.71875,7281.6514,64513.612,100.0,100.0,110950.0,58.14656332,127.17,146.5613031,16617.55,6189.24,1099.41,345.89,6.74,6920.24,2373.43,578.14,23.01,76556.94,3689.35,0.558
1993,7,0.0,0.0,1.0,3.0,0.0,1.0,0.0,-15.636764705882351,7256.5644,64291.348,99.6554765,99.65547736,110950.0,57.94623524,129.68,142.0281194,16618.7,5991.36,1141.01,345.87,6.74,6931.07,2381.72,578.1,23.21,76491.28,3888.34,0.232
1994,7,0.0,0.0,3.0,0.0,0.0,2.0,0.0,-4.027941176470588,7231.4775,64069.084,99.31095438,99.31095472,110950.0,57.74590717,131.9,138.8137952,16617.35,5850.61,1141.0,345.84,6.74,6930.82,2381.65,578.0,23.2,76491.46,4028.49,0.22
1995,7,0.0,0.0,1.0,1.0,0.0,6.0,0.0,-7.144354838709679,7206.3906,63846.82,98.96643226,98.96643208,110950.0,57.54557909,134.04,127.3753125,16715.07,5355.5,1167.47,356.02,6.73,6973.35,2373.6,575.9,23.53,76311.84,4533.98,0.5
1996,7,0.0,0.0,2.0,1.0,0.0,3.0,0.0,-11.836764705882352,7181.3036,63624.556,98.62190876,98.62190944,110950.0,57.34525101,136.22,139.2531922,16716.2,5865.23,1199.74,357.45,6.73,6974.19,2373.73,575.69,23.78,76289.17,4008.99,0.13
1997,7,0.0,0.0,1.0,0.0,0.0,6.0,0.0,-1.3537878787878788,7156.2167,63402.292,98.27738664,98.27738679,110950.0,57.14492294,138.33,140.286519,16742.72,5907.65,1213.23,359.19,6.72,7008.89,2375.12,575.77,23.89,76178.17,3997.37,0.553
1998,7,1.0,0.0,0.0,1.0,0.0,5.0,0.0,-5.15530303030303,7131.1298,63180.028,97.93286451,97.93286415,110950.0,56.94459486,140.66,138.1946837,16784.75,5815.17,1223.51,360.4,6.71,7083.68,2377.21,571.66,23.93,75976.93,4162.49,0.936
1999,7,0.0,0.0,3.0,2.0,1.0,4.0,0.0,-7.547727272727272,7106.0428,62957.764,97.58834102,97.58834151,110950.0,56.74426679,143.38,138.7805903,16862.14,5837.7,1265.44,361.11,6.71,7148.09,2390.44,569.35,24.28,75710.51,4207.93,-0.012
2000,7,0.0,0.0,3.0,0.0,0.0,2.0,0.0,-10.023529411764706,7080.9559,62735.5,97.2438189,97.24381887,110950.0,56.54393871,146.89,148.113627,16847.48,6236.42,1277.11,361.71,6.7,7173.87,2389.33,564.05,24.31,75677.26,3821.96,0.0
2001,7,0.0,0.0,2.0,2.0,1.0,4.0,1.0,8.903943661971832,7059.1978,62542.729,96.94501168,96.94501216,110950.0,56.37019288,148.16,141.0399292,16854.12,5930.29,1277.16,362.41,6.7,7198.47,2389.86,559.58,24.32,75631.6,4144.38,0.469
2002,7,0.0,0.0,4.0,1.0,0.0,1.0,0.0,17.402624113475177,7037.4398,62349.958,96.64620583,96.64620546,110950.0,56.19644705,149.31,142.0316991,16863.57,5971.88,1276.73,363.41,6.7,7228.07,2392.36,559.46,24.36,75572.15,4119.0,0.706
2003,7,0.0,0.0,3.0,1.0,0.0,4.0,0.0,27.726164383561645,7015.6817,62157.187,96.34739861,96.34739875,110950.0,56.02270122,150.17,145.3088038,16889.76,6112.26,1280.11,363.58,6.7,7259.79,2394.57,557.64,24.37,75479.0,4009.15,0.726
2004,7,0.0,0.0,2.0,0.0,0.0,3.0,0.0,10.990763888888887,6993.9236,61964.416,96.0485914,96.04859204,110950.0,55.84895539,152.3,146.9483848,16968.13,6180.79,1399.81,364.48,6.7,7403.15,2434.59,550.53,24.75,74982.07,4059.77,0.638
2005,7,0.0,0.0,3.0,0.0,1.0,3.0,0.0,8.885538461538463,6972.1656,61771.645,95.74978555,95.74978533,110950.0,55.67520955,153.7,136.5657789,16976.59,5731.93,1405.47,364.85,6.7,7410.88,2431.99,545.55,24.83,74984.72,4489.92,0.744
2006,7,0.0,0.0,1.0,0.0,0.0,6.0,0.0,12.550833333333332,6950.4075,61578.874,95.45097833,95.45097862,110950.0,55.50146372,157.17,137.5189687,16979.36,5769.54,1414.15,367.09,6.7,7416.09,2426.74,540.58,24.84,74987.9,4436.97,0.599
2007,7,0.0,0.0,4.0,0.0,0.0,3.0,0.0,18.89216216216216,6928.6494,61386.103,95.15217111,95.15217192,110950.0,55.32771789,160.65,135.4915155,16969.3,5678.68,1412.56,370.28,6.7,7392.38,2427.98,540.6,24.92,75075.13,4467.91,0.69
2008,7,0.0,0.0,2.0,1.0,0.0,3.0,0.0,24.445555555555558,6906.8914,61193.332,94.85336527,94.85336521,110950.0,55.15397206,163.63,127.7457907,16959.3,5341.88,1411.06,372.61,6.7,7402.28,2431.49,541.95,24.97,75110.24,4760.99,0.356
2009,7,0.0,0.0,1.0,2.0,0.0,1.0,0.0,12.42945205479452,6885.1333,61000.561,94.55455805,94.5545585,110950.0,54.98022623,166.58,127.54948,16958.72,5330.47,1411.25,373.23,6.7,7392.68,2432.62,538.16,25.04,75149.79,4741.87,0.846
2010,7,0.0,0.0,3.0,2.0,0.0,5.0,1.0,23.698231292517004,6863.3753,60807.79,94.2557522,94.25575179,110950.0,54.8064804,169.53,126.6642535,16957.21,5289.37,1410.7,373.83,6.7,7393.07,2434.4,532.76,25.1,75164.13,4770.33,1.034
2011,7,0.0,0.0,2.0,1.0,0.0,4.0,0.0,18.541632653061225,6848.18,60673.164,94.04707289,94.04707335,110950.0,54.68514105,172.75,112.545092,16953.93,4677.65,1410.93,374.07,6.7,7396.61,2435.77,532.76,25.06,75164.24,5376.64,0.491
2012,7,0.0,0.0,3.0,0.0,0.0,2.0,0.0,35.531594202898546,6832.9848,60538.538,93.83839496,93.83839491,110950.0,54.56380171,176.27,108.2793574,16952.58,4490.29,1404.87,376.66,6.7,7394.43,2437.94,533.01,25.05,75171.06,5558.3,0.711
2013,7,0.0,0.0,1.0,0.0,0.0,7.0,0.0,30.60801801801802,6817.7895,60403.912,93.62971564,93.62971647,110950.0,54.44246237,182.32,100.2438925,16946.47,4137.93,1393.54,376.15,6.7,7384.01,2446.02,532.94,25.02,75207.52,5888.48,0.839
2014,7,0.0,0.0,4.0,0.0,1.0,2.0,0.0,49.58643835616439,6802.5943,60269.286,93.42103771,93.42103803,110950.0,54.32112303,188.39,101.6639854,16910.45,4193.06,1373.09,375.11,6.7,7339.21,2461.44,540.34,25.44,75339.94,5773.87,0.821
2015,7,1.0,0.0,1.0,1.0,0.0,6.0,1.0,63.56675675675675,6787.3991,60134.66,93.21235977,93.21235959,110950.0,54.19978369,192.08,100.0,16909.38,4117.66,1373.01,375.09,6.7,7338.58,2461.34,540.29,25.41,75340.18,5847.41,1.276
2016,7,0.0,0.0,2.0,0.0,0.0,6.0,0.0,65.07549999999999,6767.6276,59959.49,92.94083482,92.94083549,110950.0,54.04190176,192.33,104.8518191,16902.61,4326.51,1373.58,375.16,6.7,7374.29,2462.19,540.64,25.52,75292.69,5654.89,1.109
2017,7,0.0,0.0,4.0,2.0,1.0,3.0,0.0,46.885784313725495,6742.8278,59739.77,92.60025549,92.60025621,110950.0,53.84386661,197.4,111.0807245,16900.56,4589.89,1373.92,375.05,6.7,7382.42,2463.89,540.4,25.64,75261.83,5409.42,0.774
2018,7,0.0,0.0,2.0,0.0,0.0,3.0,0.0,58.27121621621621,6720.334,59540.48,92.29134479,92.29134465,110950.0,53.66424516,201.04,113.6923009,16893.85,4698.8,1373.72,374.97,6.7,7373.47,2467.48,541.12,25.78,75266.92,5303.22,0.977
2019,7,0.0,0.0,5.0,1.0,0.0,3.0,0.0,74.33337837837838,6697.8412,59341.2,91.98244783,91.9824486,110950.0,53.48463272,206.68,111.4160505,16890.13,4595.06,1373.62,374.99,6.7,7378.44,2473.77,540.93,26.32,75211.6,5448.84,1.278
2020,7,0.0,0.0,3.0,1.0,2.0,1.0,0.0,72.69337837837838,6675.3474,59141.91,91.67353713,91.67353705,110950.0,53.30501127,206.74,109.7572653,16888.12,4523.59,1375.73,374.07,6.77,7392.73,2477.88,541.38,26.4,75169.04,5546.55,1.338
1992,8,0.0,0.0,1.0,0.0,2.0,3.0,0.0,21.851666666666663,980.9054,14606.4,100.0,100.0,54756.6,26.67514053,648.98,98.32552342,11031.96,24436.27,439.81,0.0,25.03,1370.19,165.12,247.72,207.93,14636.43,1649.36,0.64
1993,8,0.0,0.0,1.0,0.0,2.0,3.0,0.0,-20.444901960784318,989.1958,14691.6,100.8451783,100.5833059,54756.6,26.83073821,664.85,98.43266553,11032.29,24447.73,439.7,0.0,25.03,1370.02,164.98,247.2,207.88,14638.01,1621.1,0.31
1994,8,0.0,0.0,3.0,0.0,0.0,2.0,0.0,-15.544901960784314,997.4861,14776.8,101.6903465,101.1666119,54756.6,26.98633589,680.84,98.49065848,11032.62,24446.54,439.59,0.0,25.03,1369.83,164.87,246.71,207.84,14639.9,1605.03,1.532
1995,8,0.0,0.0,0.0,0.0,1.0,8.0,0.0,-4.9766315789473685,1005.7764,14862.0,102.5355146,101.7499178,54756.6,27.14193358,697.89,98.7312405,11058.47,24490.85,439.43,0.0,25.03,1359.69,164.62,245.35,208.25,14586.1,1583.08,1.315
1996,8,0.0,0.0,2.0,0.0,1.0,7.0,0.0,-9.6052,1014.0667,14947.2,103.3806828,102.3332238,54756.6,27.29753126,714.99,98.75869291,11051.98,24480.74,441.03,0.0,25.03,1347.0,164.42,253.64,214.64,14601.48,1563.78,0.179
1997,8,1.0,1.0,0.0,0.0,0.0,7.0,1.0,5.067070707070708,1022.357,15032.4,104.2258509,102.9165297,54756.6,27.45312894,732.1,98.81382769,11049.82,24477.71,440.76,0.0,25.03,1337.44,164.3,254.14,215.14,14620.51,1541.81,1.229
1998,8,0.0,0.0,0.0,1.0,1.0,5.0,0.0,3.6185858585858592,1030.6474,15117.6,105.0710293,103.4998357,54756.6,27.60872662,752.26,99.00166079,11116.93,24505.48,440.81,0.0,25.03,1348.93,164.27,256.42,215.74,14502.49,1530.42,0.938
1999,8,0.0,0.0,3.0,1.0,3.0,6.0,1.0,-0.6713131313131312,1038.9377,15202.8,105.9161974,104.0831416,54756.6,27.7643243,773.06,99.2202962,11222.46,24540.45,440.33,0.0,25.03,1356.58,164.33,260.02,218.02,14328.94,1529.54,1.197
2000,8,0.0,0.0,6.0,0.0,1.0,1.0,0.0,-2.6331372549019605,1047.228,15288.0,106.7613656,104.6664476,54756.7,27.91987099,794.71,99.32452288,11266.21,24545.4,440.36,0.0,25.03,1371.39,164.16,260.73,218.41,14246.92,1525.46,1.173
2001,8,0.0,0.0,5.0,0.0,2.0,5.0,0.0,4.062075471698114,1066.797,15401.1,108.7563592,105.4407657,54756.7,28.12642106,872.28,99.43167111,11286.77,24495.18,439.63,0.0,25.03,1378.68,164.09,259.53,218.62,14203.97,1515.03,1.393
2002,8,0.0,0.0,3.0,0.0,2.0,3.0,0.0,10.628537735849056,1086.3661,15514.2,110.751363,106.2150838,54756.7,28.33297112,958.04,99.50080505,11307.32,24427.03,439.4,0.0,25.03,1385.5,163.64,258.06,218.39,14176.14,1500.2,1.055
2003,8,0.0,1.0,2.0,0.0,2.0,3.0,1.0,20.11639269406393,1105.9351,15627.3,112.7463566,106.9894019,54786.7,28.52389357,1063.18,99.57120501,11330.25,24339.86,439.27,0.0,25.03,1392.17,163.05,257.4,218.14,14150.52,1479.9,1.8
2004,8,0.0,0.0,0.0,0.0,1.0,4.0,0.0,14.468101851851852,1125.5041,15740.4,114.7413502,107.76372,54756.7,28.74607126,1187.5,99.58750789,11351.5,24219.69,438.98,0.0,25.03,1405.75,162.62,256.82,218.12,14128.06,1464.68,0.974
2005,8,0.0,2.0,2.0,0.0,0.0,4.0,1.0,9.212564102564103,1145.0731,15853.5,116.7363438,108.5380381,54755.7,28.95315008,1206.89,99.60803739,11350.25,24205.57,438.63,0.0,25.03,1406.11,162.7,256.31,217.77,14126.76,1462.8,1.021
2006,8,0.0,1.0,0.0,0.0,2.0,4.0,0.0,16.41,1164.6422,15966.6,118.7313476,109.3123562,54755.7,29.15970392,1221.27,99.63182394,11356.76,24197.24,438.07,0.0,25.03,1406.6,162.54,256.02,217.69,14130.66,1446.9,1.312
2007,8,0.0,0.0,0.0,0.0,3.0,2.0,0.0,20.25054054054054,1184.2112,16079.7,120.7263412,110.0866743,54755.7,29.36625776,1235.64,99.67418011,11344.31,24193.69,437.4,0.0,25.03,1406.81,162.78,255.64,217.86,14161.2,1418.45,1.407
2008,8,0.0,1.0,0.0,0.0,3.0,1.0,0.0,23.8074375,1203.7802,16192.8,122.7213348,110.8609924,54755.7,29.5728116,1251.97,99.63602372,11325.86,24167.63,436.8,0.0,25.03,1403.66,162.83,255.54,217.69,14221.05,1390.76,0.991
2009,8,0.0,2.0,0.0,0.0,1.0,3.0,1.0,18.509681818181814,1223.3493,16305.9,124.7163386,111.6353105,54755.7,29.77936544,1261.19,99.7253049,11327.2,24181.16,436.52,0.0,25.03,1416.65,162.84,255.82,217.45,14214.33,1360.57,1.207
2010,8,0.0,1.0,1.0,0.0,2.0,7.0,0.0,29.34647058823529,1242.9183,16419.0,126.7113322,112.4096287,54755.7,29.98591927,1270.1,99.88813305,11367.1,24213.81,435.99,0.0,25.03,1467.21,163.39,255.83,217.23,14105.31,1337.8,0.391
2011,8,0.0,0.0,1.0,0.0,1.0,3.0,0.0,26.68672727272727,1261.0169,16502.4,128.5564235,112.9806112,54755.7,30.13823218,1278.27,99.92527316,11378.77,24215.12,435.68,0.0,25.03,1483.03,163.41,255.69,217.19,14072.0,1334.62,1.526
2012,8,0.0,1.0,0.0,0.0,0.0,1.0,0.0,25.99028985507246,1279.1155,16585.8,130.4015148,113.5515938,54755.7,30.29054509,1290.21,99.9536879,11382.46,24210.42,435.49,0.0,25.03,1486.05,163.12,255.62,217.15,14063.91,1329.33,1.212
2013,8,0.0,0.0,1.0,0.0,2.0,3.0,0.0,21.64269461077844,1297.214,16669.2,132.2465958,114.1225764,54755.7,30.442858,1302.19,99.96716601,11382.71,24201.86,435.4,0.0,25.03,1485.07,162.71,255.54,217.11,14073.66,1317.47,0.705
2014,8,0.0,0.0,3.0,0.0,4.0,7.0,0.0,32.150370370370375,1315.3126,16752.6,134.0916871,114.693559,54755.7,30.59517091,1317.91,99.9156518,11393.87,24173.03,435.47,0.0,25.03,1497.69,162.05,256.11,217.28,14068.16,1312.22,2.036
2015,8,0.0,1.0,1.0,0.0,1.0,9.0,0.0,41.94621621621621,1333.4112,16836.0,135.9367784,115.2645416,54755.7,30.74748382,1327.12,100.0,11393.45,24185.33,435.31,0.0,25.03,1497.35,161.98,256.11,217.21,14069.02,1290.89,1.586
2016,8,0.0,0.0,1.0,0.0,0.0,7.0,0.0,52.97071428571429,1351.8601,16919.4,137.8175816,115.8355242,54755.7,30.89979673,1331.86,99.84380455,11385.81,24140.75,435.31,0.0,25.03,1504.41,161.33,256.15,217.49,14095.9,1304.78,1.764
2017,8,0.0,0.0,1.0,0.0,1.0,1.0,1.0,48.6159477124183,1370.4257,17002.8,139.7102819,116.4065067,54755.7,31.05210964,1337.99,99.78167522,11377.89,24118.76,435.34,0.0,25.03,1507.24,160.98,254.67,217.04,14118.4,1305.46,1.764
2018,8,0.0,2.0,2.0,0.0,3.0,2.0,0.0,58.78270270270271,1389.1081,17086.2,141.6148897,116.9774893,54755.7,31.20442255,1341.78,99.58259595,11382.56,24064.18,435.5,0.0,25.03,1519.14,159.12,254.11,215.93,14126.17,1335.28,2.007
2019,8,0.0,2.0,2.0,0.0,5.0,1.0,0.0,63.18810810810811,1407.9072,17169.6,143.5313946,117.5484719,54755.7,31.35673546,1345.11,99.37185422,11406.75,24007.08,435.57,0.0,25.03,1539.05,157.68,255.17,215.86,14128.73,1342.76,1.968
2020,8,0.0,1.0,3.0,0.0,3.0,0.0,0.0,74.1472072072072,1425.0978,17253.0,145.2839183,118.1194545,54755.7,31.50904837,1345.19,99.33673984,11414.87,23998.12,435.74,0.0,25.11,1549.69,158.14,255.05,215.74,14106.17,1355.14,2.494
1992,9,1.0,0.0,0.0,0.0,0.0,4.0,0.0,11.2675,21.0992,382.466,100.0,100.0,2756.0,13.8775762,13.37,95.2517202,1471.77,283.9,42.67,12.46,0.0,52.56,294.17,5.85,0.02,432.38,109.19,0.423
1993,9,1.0,0.0,1.0,0.0,0.0,0.0,0.0,-15.53470588235294,21.0802,382.239,99.90994919,99.94064832,2756.0,13.86933962,13.61,95.30939608,1471.78,283.84,42.67,12.46,0.0,52.55,293.99,5.83,0.02,432.42,109.17,0.143
1994,9,0.0,0.0,0.0,0.0,1.0,1.0,0.0,-4.984705882352941,21.0612,382.012,99.81989838,99.88129664,2756.0,13.86110305,13.79,95.99189403,1471.79,285.79,42.66,12.46,0.0,52.55,293.87,5.81,0.02,432.43,107.17,0.775
1995,9,0.0,0.0,0.0,0.0,0.0,1.0,0.0,-6.142580645161291,21.0422,381.785,99.72984758,99.82194496,2756.0,13.85286647,13.97,95.76083822,1475.89,284.89,42.53,12.49,0.0,51.6,294.61,6.29,0.02,429.23,106.83,0.87
1996,9,0.0,0.0,2.0,0.0,2.0,2.0,0.0,-12.77441176470588,21.0232,381.558,99.63979677,99.76259328,2756.0,13.8446299,14.06,95.65865559,1477.49,284.48,42.53,12.49,0.0,51.04,294.56,6.29,0.01,428.71,106.68,0.492
1997,9,0.0,0.0,0.0,0.0,0.0,2.0,0.0,-4.6896969696969695,21.0042,381.331,99.54974596,99.7032416,2756.0,13.83639332,14.31,98.38508123,1477.41,292.74,42.5,12.61,0.0,50.48,295.25,6.37,0.01,429.09,97.58,1.052
1998,9,0.0,0.0,0.0,0.0,1.0,2.0,0.0,-1.2578787878787878,20.9852,381.104,99.45969515,99.64388991,2756.0,13.82815675,14.55,98.48441155,1477.41,292.81,42.49,12.63,0.0,50.14,297.11,6.37,0.01,427.23,97.6,1.104
1999,9,0.0,0.0,1.0,0.0,0.0,5.0,0.0,-5.988181818181818,20.9662,380.877,99.36964435,99.58453823,2756.0,13.81992017,14.8,97.27927301,1471.43,288.8,42.83,12.94,0.0,46.63,297.21,6.37,0.01,441.07,96.27,1.155
2000,9,0.0,0.0,2.0,0.0,0.0,3.0,0.0,-11.331764705882351,20.9472,380.65,99.27959354,99.52518655,2756.0,13.8116836,15.09,97.11301227,1471.06,287.99,42.8,13.05,0.0,45.89,297.57,6.55,0.01,442.34,96.0,0.782
2001,9,0.0,0.0,1.0,0.0,1.0,8.0,0.0,6.938571428571429,20.9282,380.423,99.18954273,99.46583487,2756.0,13.80344702,16.28,98.47836541,1471.38,291.06,42.81,13.1,0.0,44.8,296.89,6.54,0.01,444.92,90.55,0.583
2002,9,0.0,0.0,1.0,0.0,1.0,3.0,0.0,14.325774647887323,20.9093,380.196,99.09996588,99.40648319,2756.0,13.79521045,17.05,98.3626518,1472.34,289.93,42.81,13.1,0.0,43.92,296.23,6.53,0.01,446.23,90.2,0.826
2003,9,1.0,0.0,3.0,0.0,1.0,7.0,0.0,30.557123287671235,20.8904,379.969,99.01038902,99.34713151,2756.0,13.78697388,17.61,98.41391906,1472.43,289.53,42.81,13.11,0.0,43.54,296.64,6.49,0.01,446.1,90.08,1.192
2004,9,0.0,0.0,1.0,0.0,2.0,4.0,0.0,10.955416666666666,20.8715,379.742,98.92081216,99.28777983,2756.0,13.7787373,18.16,98.51040757,1472.26,289.28,42.88,13.12,0.0,42.98,296.65,6.48,0.01,446.52,90.0,0.926
2005,9,0.0,0.0,3.0,0.0,5.0,3.0,0.0,9.440461538461538,20.8525,379.515,98.83076136,99.22842815,2756.0,13.77050073,19.1,101.1827235,1473.36,296.68,42.81,13.11,0.0,42.98,296.12,6.43,0.01,444.67,83.07,1.024
2006,9,0.0,0.0,2.0,0.0,1.0,5.0,0.0,12.98388888888889,20.8336,379.288,98.7411845,99.16907647,2756.0,13.76226415,20.33,101.461117,1474.23,296.32,43.02,13.09,0.0,42.95,295.73,6.35,0.01,443.35,82.97,0.855
2007,9,0.0,0.0,4.0,0.0,3.0,4.0,0.0,19.72,20.8147,379.061,98.65160764,99.10972479,2756.0,13.75402758,21.35,101.4515044,1474.2,295.27,42.9,13.12,0.0,42.8,295.28,6.24,0.01,444.5,82.68,1.048
2008,9,0.0,0.0,0.0,0.0,4.0,5.0,0.0,26.27351851851852,20.7958,378.834,98.56203079,99.05037311,2756.0,13.745791,22.29,101.5896589,1475.87,294.76,43.07,13.15,0.0,42.79,295.06,6.22,0.01,442.59,82.53,0.704
2009,9,0.0,0.0,3.0,0.0,0.0,1.0,0.0,13.972517006802722,20.7769,378.607,98.47245393,98.99102142,2756.0,13.73755443,23.02,100.6444152,1477.35,291.08,43.28,13.13,0.0,42.57,294.59,6.18,0.01,442.05,85.08,0.837
2010,9,0.0,0.0,3.0,0.0,2.0,2.0,0.0,27.902448979591835,20.7579,378.38,98.38240312,98.93166974,2756.0,13.72931785,23.94,102.8769967,1479.02,297.13,43.23,13.13,0.0,42.76,294.99,6.13,0.01,438.95,79.07,1.065
2011,9,0.0,0.0,2.0,0.0,2.0,2.0,0.0,22.91877551020408,20.5803,375.274,97.54066505,98.11957141,2756.0,13.61661829,24.84,101.4518776,1479.82,291.78,43.32,13.11,0.0,42.66,295.1,7.18,0.01,436.69,83.83,0.545
2012,9,0.0,0.0,3.0,0.0,2.0,8.0,0.0,37.05420289855072,20.4026,372.168,96.69845302,97.30747308,2756.0,13.50391872,26.08,100.9271288,1481.35,288.9,43.17,13.1,0.0,43.18,295.02,7.18,0.02,433.65,86.67,0.866
2013,9,0.0,0.0,1.0,0.0,0.0,5.0,0.0,32.770900900900905,20.225,369.062,95.85671495,96.49537475,2756.0,13.39121916,27.94,98.79915044,1482.43,280.4,43.17,13.09,0.0,43.38,294.56,7.25,0.02,431.52,94.57,1.118
2014,9,1.0,0.0,1.0,0.0,0.0,0.0,0.0,48.340958904109584,20.0473,365.956,95.01450292,95.68327642,2756.0,13.27851959,29.98,99.80491071,1486.02,281.5,43.1,13.1,0.0,43.98,294.76,7.34,0.02,423.59,94.95,1.363
2015,9,0.0,0.0,1.0,0.0,1.0,2.0,0.0,61.38108108108108,19.8697,362.85,94.17276484,94.87117809,2756.0,13.16582003,31.1,100.0,1485.87,280.99,43.08,13.1,0.0,43.9,294.59,7.31,0.02,423.61,94.78,1.431
2016,9,1.0,0.0,6.0,0.0,1.0,1.0,0.0,62.38992857142857,19.6922,359.74,93.33150072,94.05803392,2756.0,13.05297533,31.1,100.1000668,1486.72,281.3,43.02,13.17,0.0,45.16,294.11,7.31,0.02,421.54,94.88,1.335
2017,9,0.0,0.0,2.0,0.0,3.0,8.0,0.0,47.54029411764706,19.5184,356.63,92.50777281,93.24488974,2756.0,12.94013062,31.66,103.819793,1487.2,292.35,43.02,13.17,0.0,45.6,293.66,7.21,0.02,420.21,84.24,1.205
2018,9,0.0,0.0,0.0,0.0,0.0,9.0,0.0,59.13932432432433,19.3481,353.52,91.7006332,92.43174557,2756.0,12.82728592,32.21,104.918839,1487.1,295.23,42.97,13.21,0.0,45.75,293.73,7.4,0.02,419.41,81.31,1.389
2019,9,0.0,0.0,2.0,0.0,0.0,5.0,0.0,76.95283783783785,19.1744,350.41,90.87737924,91.61860139,2756.0,12.71444122,32.65,103.1601041,1486.61,289.3,42.97,13.21,0.0,46.24,293.13,7.38,0.02,420.03,86.79,1.69
2020,9,0.0,0.0,0.0,0.0,1.0,9.0,0.0,74.32513513513514,19.0043,347.3,90.07118753,90.80545722,2756.0,12.60159652,32.6,103.2162148,1486.81,289.55,43.12,13.29,0.0,46.32,293.22,7.38,0.02,419.36,86.87,1.612
1992,10,0.0,1.0,4.0,1.0,2.0,12.0,0.0,1.3243750000000003,2342.6833,64668.6,100.0,100.0,297319.0,21.75057766,608.84,103.0033266,25136.35,183466.31,4818.16,323.66,783.16,22728.05,705.64,513.58,1213.25,48969.85,8231.44,0.017
1993,10,1.0,0.0,5.0,1.0,2.0,9.0,0.0,-10.998970588235292,2404.7006,65033.9,102.6472763,100.56488,297319.0,21.87344233,623.37,102.7593479,25135.46,183015.32,4817.88,323.55,783.16,22727.29,705.64,513.5,1213.17,48971.7,8667.52,0.211
1994,10,0.0,1.0,2.0,0.0,2.0,14.0,0.0,-21.141617647058823,2466.718,65399.2,105.2945569,101.12976,297319.0,21.996307,636.98,102.6982844,25134.33,182892.77,4817.56,323.5,783.16,22726.59,705.62,513.43,1213.02,48973.4,8777.5,0.1
1995,10,0.0,1.0,3.0,3.0,2.0,7.0,0.0,-1.2962992125984256,2528.7353,65764.5,107.9418332,101.6946401,297319.0,22.11917166,649.65,102.7528016,25055.72,182977.65,4818.44,319.47,783.16,22650.61,706.5,513.74,1211.38,48770.84,9040.9,0.224
1996,10,1.0,0.0,6.0,1.0,4.0,13.0,0.0,-0.2283458646616541,2590.7526,66129.8,110.5891095,102.2595201,297319.0,22.24203633,662.96,102.4976026,25050.46,182507.99,4826.87,321.09,783.16,22456.36,707.75,513.75,1212.45,48820.73,9634.02,0.319
1997,10,0.0,0.0,6.0,2.0,1.0,17.0,0.0,-24.603181818181817,2652.77,66495.1,113.2363901,102.8244001,297319.0,22.364901,675.49,102.6144024,25070.89,182704.19,4832.02,321.19,783.16,22295.93,708.2,513.68,1212.92,48769.92,9610.0,-0.092
1998,10,0.0,2.0,3.0,5.0,4.0,13.0,0.0,-5.157727272727272,2714.7873,66860.4,115.8836664,103.3892801,297319.0,22.48776567,688.22,102.6099966,25088.73,182683.34,4840.08,321.69,783.16,22238.67,710.37,513.92,1213.92,48658.94,9756.15,0.588
1999,10,0.0,1.0,2.0,0.0,3.0,16.0,1.0,-6.91909090909091,2776.8047,67225.7,118.530947,103.9541601,297319.0,22.61063033,700.71,102.4072724,25174.79,182308.77,4840.9,322.89,783.16,21959.14,710.51,515.28,1215.33,48603.4,10362.64,0.467
2000,10,1.0,1.0,6.0,3.0,2.0,6.0,0.0,4.260588235294117,2838.822,67591.0,121.1782233,104.5190402,297319.0,22.733495,714.74,102.3783253,25187.07,182243.36,4850.17,324.36,783.16,21744.74,710.68,516.74,1220.04,48784.59,10418.44,0.356
2001,10,0.0,2.0,9.0,3.0,3.0,25.0,0.0,2.085384615384615,2839.1784,67781.5,121.1934366,104.813619,297319.0,22.7975676,832.46,102.2420402,25174.8,181882.1,4853.52,330.81,783.16,21753.6,709.76,515.5,1220.1,48664.94,10777.36,0.479
2002,10,1.0,2.0,6.0,0.0,4.0,20.0,0.0,-5.664642857142858,2839.5349,67972.0,121.2086542,105.1081978,297319.0,22.86164019,935.17,102.2063337,25154.84,181715.15,4850.35,333.42,783.16,21723.53,709.2,514.74,1221.48,48682.82,10873.55,0.831
2003,10,0.0,2.0,6.0,1.0,7.0,20.0,0.0,5.744123711340206,2839.8913,68162.5,121.2238675,105.4027766,297319.0,22.92571279,1033.21,101.9507918,25134.08,181160.56,4848.5,334.42,783.16,21646.5,709.48,514.85,1226.65,48769.42,11336.78,0.689
2004,10,0.0,0.0,6.0,0.0,0.0,11.0,0.0,4.189372822299651,2840.2478,68353.0,121.2390851,105.6973554,297319.0,22.98978538,1133.77,101.8230386,25120.07,180831.94,4857.54,336.73,783.16,21514.28,709.37,514.12,1228.62,48906.02,11562.39,0.57
2005,10,0.0,2.0,17.0,2.0,4.0,17.0,0.0,12.73223076923077,2840.6042,68543.5,121.2542984,105.9919343,297319.0,23.05385798,1210.54,101.8293325,25107.64,180766.43,4869.3,337.79,783.16,21462.78,709.61,514.12,1230.79,48907.81,11598.06,0.606
2006,10,0.0,1.0,17.0,0.0,2.0,17.0,0.0,2.453472222222222,2840.9606,68734.0,121.2695118,106.2865131,297319.0,23.11793057,1283.19,101.459114,25108.43,180032.0,4885.52,340.13,783.16,21437.83,709.51,514.16,1231.17,48918.01,12254.64,0.685
2007,10,0.0,3.0,16.0,0.0,1.0,12.0,0.0,8.454054054054055,2841.3171,68924.5,121.2847294,106.5810919,297319.0,23.18200317,1359.39,101.203455,25120.07,179498.93,4877.76,341.1,783.16,21392.92,710.11,514.02,1234.35,48966.47,12699.49,0.636
2008,10,0.0,1.0,8.0,1.0,1.0,9.0,0.0,37.444084507042255,2841.6735,69115.0,121.2999427,106.8756707,297319.0,23.24607576,1422.37,101.0698841,25136.23,179197.2,4883.33,342.83,783.16,21375.05,711.0,515.3,1236.95,48964.44,12929.83,0.303
2009,10,1.0,2.0,6.0,2.0,6.0,11.0,0.0,31.54794520547945,2842.03,69305.5,121.3151603,107.1702495,297319.0,23.31014836,1483.01,100.8372529,25149.17,178721.0,4882.12,344.12,783.16,21359.27,711.77,516.05,1239.18,48955.18,13353.94,1.176
2010,10,0.0,1.0,8.0,1.0,7.0,16.0,0.0,47.66945945945946,2842.3864,69496.0,121.3303736,107.4648284,297319.0,23.37422095,1542.51,100.5464584,25169.61,178141.58,4882.61,344.31,783.16,21349.08,711.67,515.76,1242.78,48944.07,13870.42,1.159
2011,10,0.0,2.0,7.0,0.0,3.0,19.0,0.0,40.38068493150685,2861.7815,69762.4,122.1582747,107.8767748,297319.0,23.46382169,1606.37,100.4286461,25154.21,177867.09,4945.5,344.03,783.16,21334.54,710.48,517.16,1244.79,48951.43,14038.65,0.364
2012,10,0.0,2.0,6.0,0.0,1.0,15.0,0.0,50.49369565217391,2881.1766,70028.8,122.9861757,108.2887213,297319.0,23.55342242,1702.63,100.1573744,25164.61,177286.3,4971.55,343.4,783.16,21330.21,710.73,518.92,1247.76,48942.73,14495.83,0.487
2013,10,0.0,1.0,5.0,0.0,5.0,18.0,0.0,60.145022421524665,2900.5718,70295.2,123.8140811,108.7006677,297319.0,23.64302315,1832.07,100.0250331,25178.89,176920.41,4983.8,343.27,783.16,21326.04,710.85,519.19,1249.53,48949.0,14701.71,0.445
2014,10,0.0,3.0,7.0,1.0,5.0,23.0,0.0,45.10125,2919.9669,70561.6,124.6419821,109.1126142,297319.0,23.73262388,1949.17,100.0042607,25154.34,176766.17,5081.1,343.0,783.16,21330.24,708.72,518.76,1248.23,48928.08,14686.92,0.536
2015,10,1.0,1.0,10.0,1.0,6.0,12.0,0.0,60.44027027027027,2939.362,70828.0,125.4698832,109.5245606,297319.0,23.82222461,2020.11,100.0,25156.35,176687.73,5080.21,342.95,783.16,21327.87,708.6,518.24,1248.21,48939.55,14685.1,0.705
2016,10,0.0,1.0,8.0,2.0,3.0,11.0,1.0,84.79939285714286,2950.4176,71094.4,125.9418036,109.9365071,297319.0,23.91182535,2029.88,99.75926969,25175.14,176247.81,5084.96,347.89,783.16,21262.54,708.31,519.67,1248.47,49432.81,14657.53,1.077
2017,10,0.0,1.0,9.0,3.0,5.0,2.0,0.0,56.77720588235294,2961.4732,71360.8,126.413724,110.3484535,297319.0,24.00142608,2095.34,99.63480657,25155.01,175959.35,5091.31,349.13,783.16,21234.94,707.68,520.44,1247.64,49680.07,14673.14,0.962
2018,10,1.0,1.0,9.0,0.0,11.0,2.0,1.0,51.58736486486487,2972.5288,71627.2,126.8856443,110.7603999,297319.0,24.09102681,2131.87,99.38559269,25167.88,175477.97,5093.51,351.23,783.16,21268.16,707.69,525.89,1249.59,49730.26,15010.86,0.881
2019,10,0.0,2.0,5.0,0.0,5.0,7.0,0.0,49.762364864864864,2983.5844,71893.6,127.3575647,111.1723464,297319.0,24.18062754,2201.78,99.18379405,25180.7,175047.15,5106.54,351.41,783.16,21362.81,707.58,528.97,1250.2,49992.81,14984.49,0.813
2020,10,0.0,0.0,5.0,2.0,4.0,5.0,0.0,83.20095238095239,2994.64,72160.0,127.8294851,111.5842928,297319.0,24.27022827,2241.11,98.85903469,25185.75,174426.34,5109.53,351.27,783.27,21412.69,707.28,530.37,1250.51,50138.4,15359.21,0.529
1992,11,0.0,0.0,1.0,1.0,0.0,6.0,0.0,-8.84625,11043.7016,115092.0,100.0,100.0,181157.0,63.53163278,712.54,111.2816272,9096.55,24227.74,4045.5,3953.0,0.0,6761.05,0.0,1595.72,0.0,124229.26,15327.73,0.225
1993,11,0.0,0.0,2.0,0.0,0.0,2.0,0.0,-18.55323529411765,10979.1193,113365.5,99.41521147,98.49989574,181157.0,62.57859205,736.16,109.1061956,9098.07,23716.51,4045.07,3952.65,0.0,6760.63,0.0,1594.71,0.0,124232.55,15812.31,0.246
1994,11,0.0,0.0,6.0,0.0,0.0,2.0,1.0,-14.003235294117648,10914.537,111639.0,98.83042294,96.99979147,181157.0,61.62555132,758.73,103.4376276,9099.46,22423.47,4044.65,3952.36,0.0,6760.1,0.0,1593.82,0.0,124235.61,17080.12,0.347
1995,11,0.0,0.0,5.0,0.0,0.0,4.0,0.0,-9.194032258064516,10849.9547,109912.5,98.24563442,95.49968721,181157.0,60.67251058,783.14,101.8845128,9183.8,22051.03,3999.47,3992.31,0.0,6835.18,0.0,1610.08,0.0,123900.72,17593.01,0.372
1996,11,0.0,0.0,5.0,1.0,0.0,8.0,0.0,-6.184117647058824,10785.3724,108186.0,97.66084589,93.99958294,181157.0,59.71946985,805.74,103.2799025,9191.36,22341.15,4000.25,4003.25,0.0,6842.27,0.0,1612.0,0.0,123905.81,17246.81,0.4
1997,11,1.0,0.0,0.0,0.0,0.0,8.0,1.0,-1.0301515151515153,10720.7901,106459.5,97.07605736,92.49947868,181157.0,58.76642912,826.04,104.9324971,9231.12,22691.23,4005.48,4017.57,0.0,6870.48,0.0,1621.7,0.0,123697.29,16987.76,0.405
1998,11,0.0,0.0,1.0,0.0,0.0,9.0,1.0,-3.3877272727272727,10656.2078,104733.0,96.49126883,90.99937441,181157.0,57.81338839,847.07,105.7002739,9330.14,22842.34,4011.3,4023.15,0.0,6953.64,0.0,1631.61,0.0,123208.74,17101.22,0.992
1999,11,0.0,0.0,1.0,2.0,0.0,13.0,1.0,-4.777121212121212,10591.6255,103006.5,95.90648031,89.49927015,181157.0,56.86034765,865.21,105.1996722,9378.58,22711.94,4014.25,4031.39,0.0,7000.12,0.0,1641.94,0.0,123011.89,17293.36,0.26
2000,11,0.0,0.0,3.0,4.0,0.0,7.0,1.0,-0.4929411764705882,10527.0432,101280.0,95.32169178,87.99916588,187751.9,53.94352867,886.45,105.2889716,9380.95,22710.69,4020.9,4032.94,0.0,7006.03,0.0,1644.02,0.0,123095.01,17171.5,0.265
2001,11,0.0,0.0,4.0,4.0,0.0,6.0,0.0,5.1278873239436615,10514.0833,101117.92,95.20434073,87.85833942,187751.9,53.85720198,923.04,103.8476371,9360.95,22351.13,4036.12,4025.82,0.0,6986.11,0.0,1648.21,0.0,123306.68,17310.91,0.515
2002,11,0.0,0.0,7.0,1.0,0.0,12.0,1.0,8.34177304964539,10501.1234,100955.84,95.08698967,87.71751295,187751.9,53.77087529,937.4,103.847721,9384.29,22336.73,4034.19,4026.7,0.0,6998.2,0.0,1654.17,0.0,123198.12,17378.69,0.599
2003,11,1.0,0.0,8.0,4.0,0.0,10.0,0.0,12.87835616438356,10488.1635,100793.76,94.96963862,87.57668648,187751.9,53.6845486,944.8,103.8898049,9422.08,22338.85,4028.48,4030.15,0.0,7026.13,0.0,1664.75,0.0,123039.42,17454.55,0.599
2004,11,0.0,0.0,1.0,4.0,2.0,13.0,0.0,14.648402777777775,10475.2037,100631.68,94.85228848,87.43586001,187751.9,53.59822191,950.43,105.0651685,9450.1,22596.61,4024.65,4035.58,0.0,7035.92,0.0,1677.19,0.0,122938.83,17239.65,0.546
2005,11,0.0,0.0,3.0,2.0,0.0,7.0,1.0,17.99523076923077,10462.2438,100469.6,94.73493742,87.29503354,187751.9,53.51189522,971.28,105.2845728,9520.17,22624.94,4022.7,4037.75,0.0,7082.07,0.0,1690.77,0.0,122565.57,17433.77,0.706
2006,11,0.0,0.0,8.0,3.0,0.0,8.0,1.0,19.878611111111116,10449.2839,100307.52,94.61758637,87.15420707,187751.9,53.42556853,991.28,103.4836287,9594.55,22201.32,4014.66,4042.14,0.0,7135.98,0.0,1704.41,0.0,122129.51,18135.21,0.401
2007,11,0.0,0.0,8.0,2.0,0.0,8.0,0.0,18.875945945945944,10436.324,100145.44,94.50023532,87.0133806,187751.9,53.33924184,1008.52,102.1263118,9702.97,21879.85,4006.2,4055.96,0.0,7222.7,0.0,1726.33,0.0,121557.23,18789.05,0.448
2008,11,0.0,0.0,12.0,1.0,0.0,11.0,0.0,21.95351851851852,10423.3641,99983.36,94.38288427,86.87255413,187751.9,53.25291515,1024.85,102.0907346,9783.14,21855.52,3991.82,4070.47,0.0,7289.53,0.0,1743.87,0.0,121164.22,19025.17,0.252
2009,11,0.0,0.0,5.0,2.0,0.0,12.0,0.0,25.613333333333333,10410.4042,99821.28,94.26553322,86.73172766,187751.9,53.16658846,1042.5,100.5596653,9783.62,21494.75,3983.75,4083.45,0.0,7298.54,0.0,1767.13,0.0,121163.55,19331.47,0.562
2010,11,0.0,0.0,7.0,1.0,0.0,8.0,0.0,24.16216216216216,10397.4443,99659.2,94.14818216,86.59090119,187751.9,53.08026177,1059.69,101.3749377,9865.85,21660.33,3983.23,4084.78,0.0,7364.53,0.0,1785.65,0.0,120689.76,19455.38,0.768
2011,11,0.0,0.0,6.0,2.0,0.0,11.0,0.0,23.655753424657533,10300.2375,98732.94,93.26798091,85.78610155,187751.9,52.58691923,1078.66,99.89058564,9930.16,21308.63,3976.79,4088.29,0.0,7415.1,0.0,1815.19,0.0,120310.68,20025.2,0.288
2012,11,0.0,0.0,7.0,2.0,2.0,12.0,0.0,34.23550724637681,10203.0306,97806.68,92.38777875,84.98130191,187751.9,52.09357668,1103.35,100.5482534,9992.97,21431.34,3971.83,4089.95,0.0,7462.72,0.0,1832.81,0.0,119949.03,20114.74,0.42
2013,11,0.0,0.0,10.0,2.0,0.0,10.0,0.0,34.72517857142857,10105.8237,96880.42,91.50757659,84.17650228,187751.9,51.60023414,1154.03,99.91804484,10015.55,21239.42,3970.34,4088.9,0.0,7476.16,0.0,1847.51,0.0,119795.23,20361.61,0.773
2014,11,0.0,0.0,6.0,2.0,0.0,8.0,0.0,40.18111111111111,10008.6168,95954.16,90.62737443,83.37170264,187751.9,51.10689159,1217.18,99.75480898,10050.45,21139.7,3916.76,4117.39,0.0,7505.36,0.0,1879.67,0.0,119612.36,20510.0,0.759
2015,11,1.0,0.0,6.0,3.0,0.0,14.0,1.0,49.22,9911.41,95027.9,89.74717318,82.566903,187751.9,50.61354905,1248.59,100.0,10052.25,21163.23,3916.05,4116.9,0.0,7504.85,0.0,1877.71,0.0,119617.33,20451.86,0.755
2016,11,0.0,0.0,10.0,2.0,0.0,26.0,0.0,52.71385714285714,9933.9906,95271.8,89.95163904,82.77882042,187751.9,50.74345453,1256.72,102.5296433,10121.44,21722.05,3920.16,4102.85,0.0,7557.75,0.0,2050.12,0.0,118961.09,20256.68,1.386
2017,11,0.0,0.0,7.0,2.0,1.0,2.0,0.0,53.893137254901966,9798.9641,93949.8,88.72898286,81.63017412,187751.9,50.03933382,1261.96,100.0863802,10146.92,21169.23,3922.15,4098.94,0.0,7578.7,0.0,2077.66,0.0,118765.54,20927.76,0.932
2018,11,0.0,0.0,6.0,2.0,0.0,1.0,0.0,59.46405405405405,9735.8074,93344.27,88.15710305,81.1040472,187751.9,49.71681778,1268.79,99.4739647,10192.14,21025.15,3922.72,4094.69,0.0,7616.36,0.0,2107.68,0.0,118456.38,21264.98,0.846
2019,11,0.0,0.0,11.0,2.0,0.0,3.0,1.0,66.28837837837838,9672.6495,92738.73,87.58521237,80.57791158,187751.9,49.39429641,1275.74,99.53437921,10244.05,21031.74,3919.96,4089.63,0.0,7662.08,0.0,2132.18,0.0,118161.93,21431.58,1.026
2020,11,0.0,0.0,25.0,1.0,0.0,0.0,0.0,65.68148648648649,9609.4928,92133.2,87.01333256,80.05178466,187751.9,49.07178037,1312.15,99.60307509,10290.96,21010.84,3919.54,4077.2,0.0,7698.66,0.0,2140.48,0.0,117929.97,21570.06,1.192
1992,12,0.0,0.0,2.0,0.0,0.0,3.0,0.0,44.4425,419.2432,7745.65,100.0,100.0,29411.0,26.33589473,496.69,99.13492049,3263.29,10846.33,390.47,0.0,42.31,1303.68,31.71,238.71,901.65,9098.06,3568.75,0.494
1993,12,0.0,0.0,0.0,0.0,1.0,2.0,0.0,-30.14058823529412,428.8748,7823.6,102.2973778,101.0063713,29411.0,26.60093162,509.84,99.0757197,3264.57,10826.41,390.26,0.0,42.31,1303.46,31.71,238.55,890.84,9100.23,3583.48,0.486
1994,12,0.0,0.0,1.0,0.0,1.0,2.0,1.0,-13.090588235294115,438.5065,7901.55,104.5947794,102.0127426,29411.0,26.86596852,525.03,98.68437677,3266.03,10766.45,389.89,0.0,42.31,1303.27,31.69,238.38,878.41,9102.71,3637.51,1.479
1995,12,0.0,0.0,0.0,0.0,0.0,2.0,0.0,-10.0575,448.1382,7979.5,106.892181,103.019114,29411.0,27.13100541,540.45,100.0853871,3265.67,10911.33,391.36,0.0,42.31,1289.23,31.87,237.19,866.61,9121.35,3484.3,0.395
1996,12,0.0,0.0,2.0,1.0,0.0,4.0,0.0,12.807272727272728,457.7698,8057.45,109.1895587,104.0254853,29411.0,27.3960423,555.85,100.0671211,3273.52,10893.84,397.2,0.0,42.31,1288.07,31.83,239.84,859.52,9103.52,3496.17,0.218
1997,12,1.0,0.0,0.0,0.0,1.0,3.0,0.0,10.586060606060608,467.4015,8135.4,111.4869603,105.0318566,29411.0,27.66107919,572.44,99.59485943,3288.73,10823.21,397.36,0.0,42.31,1289.73,31.82,240.91,848.81,9077.95,3568.39,0.917
1998,12,0.0,1.0,0.0,1.0,0.0,4.0,0.0,2.7254545454545465,477.0332,8213.35,113.7843619,106.0382279,29411.0,27.92611608,590.55,99.32345803,3325.82,10774.05,397.54,0.0,42.31,1296.85,31.65,242.66,837.81,9010.12,3632.31,0.933
1999,12,0.0,0.0,0.0,1.0,0.0,3.0,1.0,2.989090909090909,486.6649,8291.3,116.0817635,107.0445992,29411.0,28.19115297,609.28,100.0782537,3379.39,10841.68,415.5,0.0,42.31,1337.92,31.32,245.43,830.31,8798.26,3650.26,0.88
2000,12,0.0,0.0,4.0,0.0,0.0,1.0,0.0,1.8888235294117648,496.2965,8369.25,118.3791413,108.0509705,29571.8,28.30145612,626.91,100.7299417,3400.84,10898.62,415.93,0.0,42.31,1351.49,31.26,246.32,820.26,8742.28,3605.45,1.202
2001,12,0.0,0.0,2.0,0.0,1.0,1.0,0.0,3.710555555555557,505.9811,8435.129,120.6891608,108.9014996,29571.8,28.52423255,657.51,100.7658286,3409.81,10872.13,414.97,0.0,42.31,1355.82,31.31,246.56,797.71,8705.6,3647.95,1.495
2002,12,1.0,0.0,3.0,0.0,0.0,2.0,0.0,14.935714285714283,515.6657,8501.008,122.9991804,109.7520286,29571.8,28.74700897,698.77,102.6120945,3417.75,11042.12,414.73,0.0,42.31,1355.66,31.39,246.52,771.22,8687.48,3473.73,0.877
2003,12,0.0,1.0,2.0,0.0,0.0,2.0,0.0,4.439178082191781,525.3502,8566.887,125.3091762,110.6025576,29571.8,28.9697854,734.44,102.096902,3414.94,10947.49,414.36,0.0,42.31,1362.73,31.36,246.74,754.81,8683.72,3548.75,1.489
2004,12,0.0,0.0,0.0,0.0,1.0,3.0,0.0,10.885833333333332,535.0348,8632.766,127.6191957,111.4530866,29571.8,29.19256183,769.87,102.6423679,3420.01,10974.48,414.29,0.0,42.31,1372.53,31.33,246.55,739.77,8663.21,3507.32,0.71
2005,12,0.0,1.0,0.0,0.0,0.0,4.0,0.0,-2.6427692307692308,544.7194,8698.645,129.9292153,112.3036156,29571.8,29.41533826,802.88,102.2186661,3419.72,10892.99,414.0,0.0,42.31,1367.88,31.3,246.49,715.69,8672.48,3575.93,0.534
2006,12,0.0,0.0,0.0,1.0,1.0,3.0,0.0,9.467777777777776,554.4039,8764.524,132.239211,113.1541446,29571.8,29.63811469,824.49,101.1281774,3417.41,10746.61,413.72,0.0,42.31,1363.07,31.37,246.45,702.64,8685.62,3707.99,0.826
2007,12,0.0,1.0,0.0,0.0,0.0,4.0,1.0,-0.5681081081081076,564.0885,8830.403,134.5492306,114.0046736,29571.8,29.86089112,852.14,100.6826264,3415.85,10667.98,413.35,0.0,42.31,1360.25,31.44,246.39,688.7,8698.01,3765.26,1.532
2008,12,0.0,0.0,3.0,0.0,0.0,3.0,0.0,27.65471698113208,573.7731,8896.282,136.8592502,114.8552026,29571.8,30.08366755,871.23,101.6860674,3414.18,10763.7,412.57,0.0,42.31,1357.37,31.62,246.03,680.04,8711.75,3650.87,1.125
2009,12,0.0,1.0,1.0,0.0,1.0,1.0,1.0,19.33958904109589,583.4577,8962.161,139.1692698,115.7057316,29571.8,30.30644398,886.51,99.66136875,3413.17,10516.75,412.49,0.0,42.31,1356.18,31.52,245.98,672.82,8719.62,3884.31,1.213
2010,12,0.0,1.0,1.0,0.0,1.0,5.0,0.0,57.28554054054055,593.1422,9028.04,141.4792655,116.5562606,29571.8,30.52922041,899.94,99.8866127,3418.03,10529.1,412.17,0.0,42.31,1357.63,31.54,246.09,667.52,8708.11,3869.24,0.728
2011,12,0.0,1.0,2.0,1.0,0.0,4.0,0.0,14.475205479452056,602.8135,9081.848,143.7861127,117.2509473,29571.8,30.71117754,912.74,99.42763553,3419.67,10463.78,412.44,0.0,42.31,1357.71,31.5,246.09,663.24,8707.34,3924.85,1.221
2012,12,1.0,1.0,1.0,0.0,0.0,1.0,0.0,28.70623188405797,612.4847,9135.656,146.092936,117.945634,29571.8,30.89313468,926.88,101.6893885,3422.8,10708.43,412.54,0.0,42.31,1358.55,31.44,246.21,658.38,8700.35,3673.78,1.512
2013,12,0.0,0.0,1.0,0.0,0.0,4.0,0.0,27.71446428571429,622.156,9189.464,148.3997832,118.6403207,29571.8,31.07509181,944.26,102.5898228,3424.6,10794.07,412.08,0.0,42.31,1358.41,31.43,246.32,653.32,8701.6,3573.25,0.974
2014,12,0.0,0.0,4.0,0.0,1.0,4.0,0.0,38.27222222222222,631.8273,9243.272,150.7066304,119.3350074,29571.8,31.25704895,966.26,100.9735512,3431.49,10587.14,413.36,0.0,42.31,1364.14,31.39,246.37,648.14,8685.45,3765.61,1.618
2015,12,0.0,0.0,3.0,0.0,1.0,5.0,0.0,19.29054054054054,641.4985,9297.08,153.0134538,120.0296941,29571.8,31.43900608,982.05,100.0,3432.59,10459.96,413.14,0.0,42.31,1363.92,31.33,246.37,644.55,8687.93,3877.52,1.704
2016,12,0.0,0.0,1.0,0.0,0.0,7.0,0.0,46.40385714285714,645.2114,9350.89,153.8990734,120.7244066,29571.8,31.62096998,982.18,100.2046301,3429.89,10483.24,413.21,0.0,42.31,1363.52,31.36,245.91,643.97,8707.8,3838.27,1.71
2017,12,1.0,0.0,1.0,0.0,2.0,2.0,0.0,20.31921568627451,648.9243,9404.7,154.784693,121.4191191,29571.8,31.80293388,989.65,100.0764726,3430.95,10461.11,413.31,0.0,42.31,1363.66,31.34,245.61,639.06,8710.24,3854.43,1.611
2018,12,0.0,2.0,1.0,0.0,1.0,6.0,0.0,64.77783783783784,652.6372,9458.51,155.6703126,122.1138316,29571.8,31.98489777,994.16,100.3828331,3430.54,10491.65,413.54,0.0,42.31,1367.24,31.31,245.51,635.24,8727.07,3803.09,1.843
2019,12,0.0,1.0,1.0,0.0,3.0,3.0,0.0,51.02108108108108,656.3501,9512.32,156.5559322,122.8085442,29571.7,32.16697045,994.37,101.1581678,3436.3,10580.15,414.25,0.0,42.31,1372.77,31.31,245.56,635.62,8733.73,3695.28,1.695
2020,12,0.0,0.0,3.0,1.0,3.0,2.0,0.0,65.20891891891893,660.063,9566.13,157.4415518,123.5032567,29571.7,32.34893496,994.0,104.3872387,3436.02,10949.84,414.93,0.0,42.28,1374.45,31.38,245.78,635.73,8733.38,3323.48,1.889
1992,13,0.0,0.0,0.0,0.0,2.0,2.0,0.0,7.162500000000001,1191.796,24935.2,100.0,100.0,36460.0,68.390565,900.59,92.50207995,1279.59,6979.97,954.53,2.84,0.0,868.03,70.66,7.69,4.01,25696.48,667.79,0.326
1993,13,0.0,0.0,1.0,2.0,3.0,3.0,0.0,-24.23235294117647,1213.844,24927.8,101.849981,99.97032308,36460.0,68.37026879,925.96,92.64089745,1281.02,6966.42,954.09,2.84,0.0,867.88,70.66,7.41,4.01,25699.08,652.78,0.005
1994,13,0.0,0.0,0.0,0.0,3.0,7.0,0.0,-11.999019607843138,1235.892,24920.4,103.6999621,99.94064615,36460.0,68.34997257,948.74,92.84726997,1282.39,6961.23,953.68,2.84,0.0,867.79,70.66,7.28,3.99,25701.7,631.89,0.958
1995,13,0.0,0.0,1.0,0.0,1.0,3.0,0.0,-7.065578947368421,1257.94,24913.0,105.5499431,99.91096923,36460.0,68.32967636,970.35,94.31718719,1285.74,7064.83,953.87,2.84,0.0,863.85,71.25,7.23,4.0,25585.59,622.56,0.342
1996,13,0.0,0.0,0.0,1.0,1.0,4.0,0.0,-5.7897,1279.988,24905.6,107.3999241,99.88129231,36450.0,68.32812071,989.45,94.56313312,1286.92,7066.67,956.28,2.84,0.0,863.8,71.27,7.22,3.96,25581.7,601.94,-0.132
1997,13,0.0,0.0,0.0,1.0,2.0,5.0,0.0,5.824242424242424,1302.036,24898.2,109.2499052,99.85161539,36450.0,68.30781893,1005.47,95.12417678,1291.71,7098.46,956.19,2.84,0.0,865.7,71.41,7.22,3.96,25538.78,590.37,0.449
1998,13,0.0,0.0,1.0,1.0,5.0,6.0,0.0,-1.039393939393939,1324.084,24890.8,111.0998862,99.82193846,36450.0,68.28751715,1020.69,95.56494481,1297.64,7120.81,956.48,2.84,0.0,868.68,72.8,7.21,3.95,25500.13,580.97,1.194
1999,13,0.0,0.0,2.0,0.0,1.0,3.0,0.0,4.05050505050505,1346.132,24883.4,112.9498673,99.79226154,36450.0,68.26721536,1034.92,98.38910994,1328.19,7347.16,956.95,2.84,0.0,883.5,74.76,7.56,3.99,25199.96,592.28,0.944
2000,13,0.0,0.0,1.0,0.0,3.0,11.0,0.0,5.132352941176471,1368.18,24876.0,114.7998483,99.76258462,36450.0,68.24691358,1048.89,98.81786201,1340.75,7369.71,956.8,2.84,0.0,892.47,75.5,7.56,3.98,25147.17,586.41,0.624
2001,13,0.0,0.0,1.0,0.0,4.0,4.0,0.0,2.899074074074074,1396.1376,24885.0,117.145686,99.79867817,36450.0,68.27160494,1060.24,98.9801991,1334.05,7372.19,956.8,2.84,0.0,884.29,75.5,7.52,3.97,25155.72,578.96,0.409
2002,13,0.0,0.0,0.0,0.0,5.0,5.0,1.0,9.450238095238095,1424.0952,24894.0,119.4915237,99.83477173,36450.0,68.2962963,1069.94,99.1541797,1335.73,7377.33,956.75,2.84,0.0,884.91,75.53,7.49,3.97,25143.38,574.29,0.621
2003,13,0.0,0.0,1.0,0.0,2.0,5.0,0.0,10.401232876712328,1452.0528,24903.0,121.8373614,99.87086528,36450.0,68.32098765,1077.36,99.29516851,1334.33,7381.91,956.6,2.84,0.0,882.34,75.87,7.53,3.97,25140.23,569.13,0.312
2004,13,0.0,1.0,2.0,0.0,8.0,2.0,0.0,19.00217592592593,1480.0104,24912.0,124.1831991,99.90695884,36450.0,68.34567901,1083.32,99.79677195,1341.58,7418.69,956.49,2.86,0.0,886.45,76.56,7.61,4.02,25087.02,567.54,1.105
2005,13,0.0,0.0,1.0,0.0,3.0,5.0,0.0,5.585487179487179,1507.968,24921.0,126.5290368,99.94305239,36450.0,68.37037037,1140.89,99.7780767,1343.49,7359.55,955.81,2.86,0.0,884.98,76.5,7.29,3.87,25096.59,560.41,0.724
2006,13,0.0,0.0,2.0,0.0,3.0,2.0,0.0,7.34037037037037,1535.9256,24930.0,128.8748746,99.97914595,36450.0,68.39506173,1173.77,99.79299986,1344.25,7327.93,955.45,2.86,0.0,883.7,76.74,7.21,3.76,25103.09,553.43,0.374
2007,13,0.0,1.0,1.0,0.0,3.0,5.0,0.0,14.95108108108108,1563.8832,24939.0,131.2207123,100.0152395,36450.0,68.41975309,1264.36,99.7690328,1349.23,7235.28,954.68,2.86,0.0,882.46,76.9,6.74,3.67,25114.04,541.89,0.988
2008,13,0.0,1.0,1.0,0.0,0.0,7.0,0.0,18.4216875,1591.8408,24948.0,133.56655,100.0513331,36450.0,68.44444444,1319.13,99.72926752,1350.75,7177.12,953.97,2.89,0.0,880.64,77.19,6.47,3.59,25127.23,533.12,0.657
2009,13,0.0,1.0,0.0,2.0,2.0,9.0,0.0,18.988394495412845,1619.7984,24957.0,135.9123877,100.0874266,36450.0,68.4691358,1401.27,99.68270501,1353.73,7091.02,953.17,2.89,0.0,878.16,77.87,6.05,3.53,25144.26,520.18,0.793
2010,13,0.0,1.0,1.0,0.0,0.0,11.0,0.0,24.615270270270276,1647.756,24966.0,138.2582254,100.1235202,36450.0,68.49382716,1487.44,99.75437104,1361.54,7010.96,951.8,2.89,0.0,878.99,78.19,5.19,3.41,25142.54,509.2,0.913
2011,13,0.0,1.0,1.0,0.0,3.0,10.0,0.0,14.730045662100457,1662.432,24961.6,139.4896442,100.1058744,36450.0,68.48175583,1546.76,99.79305318,1365.97,6954.94,950.47,2.89,0.0,879.15,78.67,4.99,3.37,25143.04,501.92,0.585
2012,13,0.0,0.0,1.0,0.0,6.0,7.0,0.0,35.43062801932367,1677.108,24957.2,140.721063,100.0882287,36450.0,68.4696845,1600.79,99.8461997,1370.26,6905.44,949.2,2.94,0.0,879.54,79.19,4.82,3.33,25143.89,492.78,0.381
2013,13,0.0,1.0,1.0,0.0,7.0,4.0,0.0,21.13443113772455,1691.784,24952.8,141.9524818,100.070583,36450.0,68.45761317,1675.29,99.92487105,1375.48,6837.64,945.56,2.94,0.0,879.73,79.71,4.12,3.19,25144.49,484.02,0.609
2014,13,0.0,1.0,0.0,1.0,9.0,5.0,0.0,45.45611111111111,1706.46,24948.4,143.1839006,100.0529372,36450.0,68.44554184,1743.64,99.99209262,1383.62,6775.01,945.2,2.97,0.0,883.04,80.36,4.07,3.11,25136.13,474.99,0.543
2015,13,0.0,3.0,1.0,0.0,6.0,9.0,0.0,48.05963963963964,1721.136,24944.0,144.4153194,100.0352915,36450.0,68.43347051,1791.08,100.0,1386.35,6728.23,944.68,2.97,0.0,882.45,80.36,4.05,3.08,25143.21,465.62,0.817
2016,13,0.0,2.0,1.0,0.0,4.0,4.0,0.0,67.07671428571429,1745.8,24940.0,146.4848011,100.0192499,36450.0,68.42249657,1793.32,100.1225659,1392.38,6736.45,944.85,2.97,0.0,887.22,80.21,4.08,3.08,25125.52,462.08,1.307
2017,13,0.0,0.0,1.0,0.0,3.0,0.0,0.0,55.66372549019607,1770.385,24935.0,148.5476541,99.99919792,36450.0,68.40877915,1799.56,100.2100244,1395.4,6737.67,944.88,2.97,0.0,889.49,80.13,3.8,3.14,25116.91,458.25,0.781
2018,13,0.0,1.0,1.0,0.0,3.0,1.0,0.0,51.500990990990985,1770.385,24935.0,148.5476541,99.99919792,36450.0,68.40877915,1802.27,100.4406929,1403.44,6754.6,944.92,2.96,0.0,895.61,80.38,3.76,3.16,25087.7,453.35,0.908
2019,13,0.0,2.0,3.0,0.0,4.0,0.0,0.0,61.88297297297297,1770.385,24935.0,148.5476541,99.99919792,36450.0,68.40877915,1808.83,100.5267326,1405.41,6755.37,944.92,2.96,0.0,897.21,80.21,3.68,3.18,25083.19,447.19,1.253
2020,13,0.0,0.0,1.0,0.0,3.0,2.0,0.0,67.31432432432433,1770.385,24935.0,148.5476541,99.99919792,36450.0,68.40877915,1808.48,100.588257,1404.25,6760.76,946.2,2.98,0.0,896.63,80.25,3.7,3.17,25083.36,441.49,1.418
1992,14,0.0,0.0,0.0,0.0,0.0,3.0,0.0,22.13,2525.9073,20433.07,100.0,100.0,32855.0,62.19166033,113.76,109.8317793,1513.13,859.91,462.41,598.04,0.0,1186.2,0.0,7.86,0.0,23256.99,5197.54,0.316
1993,14,0.0,0.0,1.0,0.0,0.0,2.0,0.0,-24.473921568627453,2504.4315,20340.355,99.14977877,99.54625027,32855.0,61.90946583,116.79,107.73924,1513.33,838.33,462.37,597.98,0.0,1186.18,0.0,7.86,0.0,23257.47,5215.55,0.164
1994,14,0.0,0.0,0.0,0.0,0.0,3.0,0.0,-32.92294117647059,2482.9557,20247.64,98.29955755,99.09250054,32855.0,61.62727134,120.0,107.9174018,1513.54,836.7,462.28,597.87,0.0,1186.15,0.0,7.86,0.0,23257.77,5213.71,0.31
1995,14,0.0,0.0,0.0,1.0,0.0,1.0,1.0,-11.43255319148936,2461.4799,20154.925,97.44933632,98.63875081,32855.0,61.34507685,123.63,105.3433936,1523.27,810.25,455.63,619.63,0.0,1199.53,0.0,8.29,0.0,23254.2,5201.41,0.411
1996,14,0.0,0.0,1.0,1.0,1.0,2.0,0.0,-3.561287128712872,2440.0041,20062.21,96.5991151,98.18500108,32855.0,61.06288236,127.36,104.0145878,1517.28,794.74,457.93,625.2,0.0,1197.55,0.0,8.37,0.0,23314.67,5152.74,0.341
1997,14,0.0,0.0,0.0,0.0,1.0,4.0,1.0,-34.38010101010101,2418.5283,19969.495,95.74889387,97.73125135,32855.0,60.78068787,131.3,103.9413605,1521.24,790.15,458.72,629.51,0.0,1202.47,0.0,8.42,0.0,23310.51,5143.49,0.538
1998,14,1.0,0.0,1.0,0.0,0.0,2.0,1.0,-9.57,2397.0525,19876.78,94.89867265,97.27750162,32855.0,60.49849338,135.7,103.0928414,1528.26,778.23,458.52,633.33,0.0,1210.24,0.0,8.48,0.0,23296.16,5146.97,1.122
1999,14,0.0,0.0,1.0,0.0,0.0,3.0,0.0,9.544141414141414,2375.5767,19784.065,94.04845142,96.82375189,32855.0,60.21629889,139.82,103.7349329,1539.08,779.8,456.63,638.64,0.0,1221.83,0.0,8.48,0.0,23268.26,5143.27,0.335
2000,14,0.0,0.0,1.0,0.0,1.0,5.0,0.0,15.929019607843138,2354.1009,19691.35,93.1982302,96.37000216,32855.0,59.9341044,144.09,103.5238062,1549.25,773.66,456.13,639.47,0.0,1232.02,0.0,8.53,0.0,23240.63,5152.09,0.306
2001,14,0.0,0.0,4.0,0.0,0.0,3.0,0.0,20.09803738317757,2335.4519,19616.98,92.45992123,96.00603336,32855.0,59.70774616,158.05,105.501348,1556.42,777.23,456.89,641.94,0.0,1239.22,0.0,8.67,0.0,23230.54,5126.87,0.474
2002,14,0.0,0.0,0.0,1.0,1.0,4.0,0.0,0.1914285714285711,2316.8029,19542.61,91.72161227,95.64206456,32855.0,59.48138792,168.29,114.1632672,1563.06,843.78,455.47,643.52,0.0,1246.08,0.0,8.88,0.0,23221.52,5045.27,0.631
2003,14,0.0,0.0,3.0,0.0,0.0,2.0,0.0,11.393256880733944,2298.154,19468.24,90.98330727,95.27809575,32855.0,59.25502968,177.31,111.4188342,1563.1,810.43,454.58,645.1,0.0,1247.72,0.0,9.01,0.0,23248.25,5040.36,0.66
2004,14,0.0,0.0,3.0,0.0,2.0,2.0,0.0,4.258651162790698,2279.505,19393.87,90.2449983,94.91412695,32855.0,59.02867144,184.07,111.7888241,1571.63,806.95,453.23,647.24,0.0,1257.57,0.0,10.3,0.0,23235.85,5029.02,0.574
2005,14,0.0,0.0,2.0,0.0,0.0,2.0,1.0,-1.0126666666666668,2260.856,19319.5,89.50668934,94.55015815,32855.0,58.80231319,194.65,113.5327397,1586.41,811.83,452.78,648.42,0.0,1271.34,0.0,11.46,0.0,23173.96,5045.01,0.756
2006,14,0.0,0.0,4.0,0.0,0.0,0.0,0.0,5.712777777777778,2242.2071,19245.13,88.76838433,94.18618935,32855.0,58.57595495,201.86,109.1886772,1593.08,766.11,451.93,650.14,0.0,1279.36,0.0,12.28,0.0,23163.56,5077.56,0.496
2007,14,0.0,0.0,2.0,0.0,0.0,2.0,0.0,9.988378378378378,2223.5581,19170.76,88.03007537,93.82222055,32855.0,58.34959671,208.84,103.9558682,1612.75,712.74,449.75,651.97,0.0,1298.87,0.0,13.23,0.0,23082.27,5165.44,0.538
2008,14,0.0,0.0,2.0,0.0,0.0,0.0,0.0,50.829125,2204.9091,19096.39,87.29176641,93.45825175,32855.0,58.12323847,215.23,108.825554,1633.11,749.52,446.29,653.79,0.0,1326.15,0.0,14.28,0.0,22995.08,5162.4,0.402
2009,14,0.0,0.0,2.0,0.0,0.0,1.0,0.0,37.65420814479638,2186.2601,19022.02,86.55345744,93.09428294,32855.0,57.89688023,221.41,106.448948,1647.38,722.27,446.12,655.25,0.0,1348.38,0.0,15.73,0.0,22933.81,5205.46,0.646
2010,14,0.0,0.0,0.0,0.0,0.0,2.0,0.0,56.77567567567568,2167.6112,18947.65,85.81515244,92.73031414,32855.0,57.67052199,227.53,107.0477329,1671.83,721.46,446.04,654.85,0.0,1375.34,0.0,16.97,0.0,22803.69,5278.16,0.876
2011,14,0.0,0.0,1.0,1.0,0.0,1.0,0.0,44.536849315068494,2210.3005,19050.964,87.5052105,93.23593567,32855.0,57.98497641,234.02,107.49011,1682.28,718.89,482.62,655.8,0.0,1384.39,0.0,18.17,0.0,22720.96,5298.68,0.517
2012,14,0.0,0.0,0.0,0.0,0.0,4.0,0.0,60.621980676328505,2252.9899,19154.278,89.19527253,93.74155719,32855.0,58.29943083,243.59,106.103742,1698.75,697.03,498.38,655.74,0.0,1398.25,0.0,18.96,0.0,22626.71,5358.41,0.697
2013,14,0.0,0.0,1.0,0.0,0.0,4.0,0.0,62.73676646706588,2295.6793,19257.592,90.88533455,94.24717872,32855.0,58.61388525,263.02,100.2200844,1708.19,625.44,499.0,655.73,0.0,1405.81,0.0,19.85,0.0,22586.72,5432.03,0.876
2014,14,1.0,0.0,1.0,0.0,0.0,2.0,0.0,44.59,2338.3687,19360.906,92.57539657,94.75280024,32855.0,58.92833967,274.64,101.791294,1737.21,627.75,514.19,662.41,0.0,1433.72,0.0,22.4,0.0,22458.0,5465.51,0.891
2015,14,0.0,0.0,1.0,0.0,0.0,4.0,0.0,43.74855855855856,2381.058,19464.22,94.26545463,95.25842176,32855.0,59.2427941,280.17,100.0,1737.54,606.34,514.16,662.26,0.0,1433.65,0.0,22.36,0.0,22458.91,5480.44,1.046
2016,14,0.0,0.0,4.0,0.0,0.0,5.0,0.0,69.29790476190476,2362.1805,19314.64,93.51809942,94.52637318,32855.0,58.78752093,293.99,102.5031356,1765.81,614.71,520.79,661.44,0.0,1457.16,0.0,24.58,0.0,22305.56,5551.77,1.484
2017,14,0.0,0.0,3.0,0.0,1.0,3.0,0.0,56.65627450980392,2356.0471,19264.49,93.27527974,94.28093772,32855.0,58.63488054,303.07,103.9479408,1778.28,618.44,520.84,661.48,0.0,1467.08,0.0,25.93,0.0,22235.32,5585.43,1.022
2018,14,0.0,0.0,2.0,0.0,0.0,7.0,0.0,53.88135135135135,2350.1059,19214.34,93.04006921,94.03550225,32855.0,58.48224015,307.56,105.1842479,1791.1,624.91,520.79,660.67,0.0,1476.5,0.0,26.74,0.0,22143.72,5643.88,1.026
2019,14,0.0,0.0,4.0,0.0,0.0,0.0,0.0,42.82639639639639,2343.9721,19164.19,92.79723369,93.79006679,32855.0,58.32959976,309.42,106.0708058,1810.82,630.91,522.26,659.56,0.0,1494.19,0.0,28.29,0.0,22042.42,5698.02,1.318
2020,14,0.0,0.0,5.0,0.0,0.0,7.0,0.0,76.59772727272727,2337.8382,19114.04,92.55439422,93.54463133,32855.0,58.17695937,314.15,106.8333146,1817.94,632.95,522.68,657.18,0.0,1500.06,0.0,28.61,0.0,22006.21,5716.47,1.281
1992,15,0.0,2.0,0.0,0.0,1.0,6.0,0.0,14.859166666666669,1931.2182,70149.59,100.0,100.0,194395.0,36.08610818,553.07,96.08821583,17509.21,24210.19,1708.41,714.57,0.0,72138.27,144.8,60.95,2781.37,73620.3,2512.88,0.037
1993,15,0.0,0.0,2.0,0.0,5.0,6.0,0.0,-13.265098039215689,1925.1333,69928.56,99.68491908,99.68491619,194395.0,35.9724067,569.38,96.30865467,17509.91,24250.68,1708.38,714.55,0.0,72125.83,144.69,60.84,2781.3,73622.52,2465.86,0.278
1994,15,0.0,0.0,0.0,0.0,0.0,9.0,0.0,-8.106274509803923,1919.0483,69707.53,99.36983299,99.36983238,194395.0,35.85870521,585.5,96.17502153,17510.52,24200.15,1708.27,714.53,0.0,72114.7,144.57,60.75,2781.14,73624.84,2509.2,0.652
1995,15,1.0,1.0,0.0,0.0,5.0,7.0,0.0,-5.2635106382978725,1912.9633,69486.5,99.05474689,99.05474857,194395.0,35.74500373,600.94,96.29001851,17507.45,24214.34,1723.22,742.34,0.0,72128.35,126.45,60.65,2780.34,73502.63,2567.41,0.735
1996,15,1.0,0.0,1.0,0.0,4.0,6.0,0.0,-18.56316831683168,1906.8784,69265.47,98.73966598,98.73966476,194395.0,35.63130225,616.42,96.37754868,17501.79,24221.4,1737.38,746.13,0.0,72046.35,124.28,60.56,2779.41,73561.32,2558.94,0.48
1997,15,0.0,2.0,0.0,1.0,3.0,6.0,0.0,-5.853838383838384,1900.7934,69044.44,98.42457988,98.42458096,194395.0,35.51760076,631.74,96.57429211,17499.24,24256.8,1742.86,754.51,0.0,71989.99,121.97,60.51,2776.94,73567.71,2551.84,0.404
1998,15,0.0,1.0,2.0,1.0,4.0,7.0,1.0,-5.362929292929293,1894.7085,68823.41,98.10949897,98.10949715,194395.0,35.40389928,648.68,97.00332463,17522.34,24350.42,1747.38,785.71,0.0,71970.27,119.19,60.5,2774.33,73398.44,2576.79,0.645
1999,15,1.0,1.0,4.0,0.0,1.0,8.0,0.0,-0.1326262626262626,1888.6235,68602.38,97.79441287,97.79441334,194395.0,35.29019779,665.77,98.56609295,17710.63,24736.09,1750.43,793.61,0.0,71534.63,116.77,60.59,2772.91,73227.72,2585.0,0.553
2000,15,0.0,1.0,3.0,0.0,2.0,3.0,0.0,-4.057254901960785,1882.5386,68381.35,97.47933196,97.47932953,194395.0,35.17649631,684.39,98.72834369,17724.82,24759.27,1752.94,804.6,0.0,71252.76,113.75,60.52,2774.29,73353.5,2673.2,0.542
2001,15,0.0,0.0,1.0,0.0,5.0,7.0,0.0,5.554392523364487,1900.7379,68237.546,98.42170605,97.27433332,194395.0,35.10252116,721.51,99.26996737,17795.67,24861.73,1749.83,813.51,0.0,71023.79,103.31,60.14,2780.4,73367.98,2676.14,0.475
2002,15,1.0,1.0,2.0,0.0,3.0,7.0,0.0,18.741563981042653,1918.9372,68093.742,99.36408014,97.06933711,194395.0,35.028546,746.82,99.4597987,17826.62,24885.35,1769.52,815.87,0.0,70993.11,94.32,59.79,2773.55,73279.9,2709.22,0.652
2003,15,0.0,1.0,3.0,1.0,2.0,7.0,1.0,25.648858447488585,1937.1365,67949.938,100.3064542,96.8643409,194395.0,34.95457085,765.08,101.3705431,17831.68,25359.51,1794.24,818.39,0.0,70944.51,82.77,59.64,2766.86,73257.23,2274.12,0.811
2004,15,0.0,1.0,2.0,0.0,0.0,3.0,0.0,12.639861111111111,1955.3358,67806.134,101.2488283,96.65934469,194395.0,34.88059569,778.42,99.48044356,17846.22,24859.06,1813.61,820.48,0.0,70885.68,75.47,59.62,2765.41,73240.07,2809.95,0.314
2005,15,0.0,0.0,3.0,0.0,4.0,7.0,0.0,14.279384615384616,1973.5351,67662.33,102.1912024,96.45434849,194395.0,34.80662054,803.15,99.70424249,17851.78,24892.01,1825.92,820.53,0.0,70825.51,70.01,59.53,2762.94,73257.03,2785.61,0.74
2006,15,0.0,1.0,1.0,2.0,3.0,8.0,0.0,8.943333333333333,1991.7344,67518.526,103.1335765,96.24935228,194395.0,34.73264539,825.95,99.86833925,17860.76,24911.5,1829.44,820.93,0.0,70767.09,68.58,59.55,2763.1,73269.46,2777.66,0.873
2007,15,0.0,0.0,2.0,1.0,4.0,11.0,0.0,19.89333333333333,2009.9337,67374.722,104.0759506,96.04435607,194395.0,34.65867023,848.25,100.0046696,17866.15,24924.35,1833.74,822.53,0.0,70717.38,68.12,59.52,2764.11,73267.08,2782.91,0.452
2008,15,0.0,0.0,1.0,1.0,1.0,2.0,0.0,30.482236024844724,2028.1331,67230.918,105.0183299,95.83935986,194395.0,34.58469508,867.8,100.1016815,17899.51,24929.8,1835.07,824.27,0.0,70730.53,66.54,59.45,2766.15,73138.24,2836.77,0.497
2009,15,0.0,0.0,5.0,0.0,2.0,5.0,0.0,23.721232876712328,2046.3324,67087.114,105.960704,95.63436365,194395.0,34.51071993,887.27,100.2423955,17913.99,24946.59,1846.59,824.56,0.0,70756.41,65.91,59.23,2765.6,73056.34,2831.61,0.99
2010,15,0.0,0.0,2.0,2.0,4.0,6.0,0.0,18.885113122171944,2064.5317,66943.31,106.9030781,95.42936744,194395.0,34.43674477,907.73,100.1497541,17918.42,24902.23,1847.05,825.72,0.0,70773.71,65.68,59.24,2766.35,73009.14,2878.64,0.233
2011,15,1.0,1.0,3.0,0.0,5.0,4.0,1.0,18.6985,2060.7544,66820.83,106.7074865,95.25476913,194395.0,34.37373904,927.38,100.0482032,17933.75,24856.43,1852.27,824.94,0.0,70872.19,66.13,59.45,2766.7,72861.21,2933.62,0.941
2012,15,0.0,0.0,0.0,0.0,2.0,7.0,0.0,44.78951690821256,2056.9771,66698.35,106.5118949,95.08017082,194395.0,34.3107333,957.36,100.1917293,17945.05,24863.44,1853.48,824.63,0.0,70944.04,66.11,59.39,2765.41,72744.74,2930.43,0.849
2013,15,0.0,0.0,1.0,0.0,4.0,5.0,0.0,31.5245508982036,2053.1998,66575.87,106.3163034,94.90557251,194395.0,34.24772757,1004.25,100.7586525,17948.22,24962.65,1864.07,824.32,0.0,70956.72,65.99,59.3,2764.66,72693.62,2810.25,0.679
2014,15,0.0,0.0,0.0,0.0,6.0,3.0,0.0,50.65550458715596,2049.4225,66453.39,106.1207118,94.73097419,194395.0,34.18472183,1041.34,100.0958397,17948.13,24754.74,1863.64,825.26,0.0,70946.56,65.99,59.36,2764.45,72694.23,2990.32,0.793
2015,15,0.0,0.0,1.0,0.0,3.0,6.0,0.0,69.48711711711711,2045.6453,66330.91,105.9251254,94.55637588,194395.0,34.12171609,1065.11,100.0,17947.45,24706.28,1863.49,825.22,0.0,70938.94,65.89,59.31,2764.32,72698.15,3019.93,1.028
2016,15,0.0,0.0,5.0,0.0,2.0,7.0,0.0,76.25495238095237,2041.7051,66203.15,105.7210987,94.3742508,194395.0,34.05599424,1164.01,100.2184572,17987.19,24663.69,1865.98,825.92,0.0,70753.35,68.0,59.48,2765.18,72824.58,2976.79,1.233
2017,15,0.0,0.0,1.0,0.0,4.0,1.0,0.0,56.1259477124183,2037.7647,66075.38,105.5170617,94.19211146,194395.0,33.99026724,1193.27,99.42651432,17993.12,24430.33,1864.23,825.06,0.0,70706.18,68.34,59.65,2766.11,72828.98,3218.86,1.501
2018,15,0.0,0.0,1.0,0.0,2.0,2.0,0.0,65.2263963963964,2033.8243,65947.61,105.3130247,94.00997212,194395.0,33.92454024,1211.49,99.25884112,18017.89,24368.88,1863.15,825.12,0.0,70719.71,69.39,61.47,2768.3,72733.69,3314.9,1.123
2019,15,0.0,0.0,3.0,0.0,3.0,0.0,0.0,85.77414414414415,2029.8842,65819.85,105.1090032,93.82784703,194395.0,33.85881839,1264.27,99.31571912,18064.86,24330.77,1862.99,823.6,0.0,70649.57,70.26,63.57,2775.26,72626.32,3422.61,1.262
2020,15,0.0,0.0,2.0,0.0,5.0,3.0,0.0,85.13576576576577,2025.9437,65692.08,104.904961,93.64570769,194395.0,33.79309139,1263.74,99.54379319,18083.39,24390.07,1862.1,821.44,0.0,70666.21,71.55,63.76,2776.05,72555.61,3400.1,1.621
1992,16,0.0,0.0,0.0,0.0,0.0,3.0,1.0,-8.2825,614.5267,5693.752,100.0,100.0,14300.0,39.81644755,10.57,102.3388807,3202.53,2995.87,30.53,0.0,488.22,557.91,2.29,10.3,192.1,7260.73,48.79,-0.023
1993,16,0.0,0.0,1.0,1.0,0.0,1.0,0.0,-14.415588235294118,615.7005,5704.628,100.1910088,100.1910164,14300.0,39.8925035,10.71,101.9600856,3202.5,2984.6,30.53,0.0,488.22,557.9,2.29,10.3,192.1,7260.75,59.93,-0.124
1994,16,0.0,0.0,0.0,0.0,0.0,2.0,0.0,-18.461176470588235,616.8743,5715.504,100.3820176,100.3820328,14300.0,39.96855944,10.8,101.5853062,3202.49,2973.5,30.53,0.0,488.22,557.9,2.29,10.3,192.1,7260.74,70.96,0.207
1995,16,0.0,0.0,1.0,2.0,0.0,2.0,0.0,-4.3100000000000005,618.0482,5726.38,100.5730426,100.5730492,14300.0,40.04461538,10.92,101.6469185,3186.11,2975.19,30.53,0.0,488.22,538.34,2.29,10.3,190.35,7285.35,82.23,0.365
1996,16,0.0,0.0,2.0,0.0,1.0,1.0,0.0,-3.056268656716417,619.222,5737.256,100.7640514,100.7640656,14300.0,40.12067133,11.02,101.3404223,3184.06,2966.09,30.53,0.0,488.22,534.0,2.29,10.3,190.27,7289.92,93.15,0.272
1997,16,0.0,0.0,0.0,1.0,0.0,1.0,0.0,-16.098787878787878,620.3959,5748.132,100.9550765,100.955082,14300.0,40.19672727,11.1,101.282623,3184.56,2964.31,30.53,0.0,488.22,530.63,2.31,10.3,190.26,7283.4,104.22,-0.357
1998,16,0.0,0.0,2.0,0.0,0.0,2.0,0.0,-3.723030303030303,621.5697,5759.008,101.1460853,101.1460984,14300.0,40.27278322,11.3,101.2530083,3185.92,2963.24,30.53,0.0,488.22,530.78,2.31,10.3,190.17,7271.8,115.27,0.365
1999,16,0.0,0.0,1.0,0.0,0.0,2.0,1.0,-5.426060606060606,622.7436,5769.884,101.3371103,101.3371148,14300.0,40.34883916,11.53,104.545616,3216.34,3059.74,30.53,0.0,488.22,556.12,2.31,10.3,190.03,7104.29,130.44,0.662
2000,16,0.0,0.0,1.0,0.0,0.0,1.0,0.0,4.088823529411764,623.9174,5780.76,101.5281191,101.5281312,14335.0,40.32619463,11.89,104.4526872,3217.85,3056.65,30.53,0.0,488.22,558.11,2.31,10.3,190.15,7092.17,141.67,0.109
2001,16,0.0,0.0,0.0,1.0,0.0,3.0,0.0,2.870277777777778,625.8739,5798.887,101.8464942,101.8464977,14335.0,40.45264737,13.83,104.5268941,3222.54,3056.89,30.53,0.0,488.22,563.18,2.31,10.31,187.82,7071.05,153.17,0.469
2002,16,0.0,1.0,0.0,1.0,0.0,4.0,0.0,-1.1278571428571431,627.8303,5817.014,102.164853,102.1648642,14335.0,40.5791001,14.69,104.4033294,3220.29,3052.4,30.53,0.0,488.22,560.29,2.31,10.31,187.28,7076.66,156.87,0.57
2003,16,0.0,1.0,1.0,0.0,0.0,1.0,0.0,4.558767123287671,629.7868,5835.141,102.4832281,102.4832307,14335.0,40.70555284,15.19,104.1164436,3216.76,3043.47,30.53,0.0,488.22,552.9,2.31,10.31,187.2,7088.62,164.33,0.332
2004,16,0.0,0.0,1.0,0.0,0.0,2.0,0.0,6.170277777777778,631.7432,5853.268,102.801587,102.8015973,14335.0,40.83200558,15.53,103.8406504,3213.97,3035.03,30.53,0.0,488.22,548.17,2.31,10.31,187.03,7097.2,171.55,0.386
2005,16,0.0,0.0,2.0,1.0,0.0,5.0,0.0,14.164615384615386,633.6997,5871.395,103.1199621,103.1199638,14335.0,40.95845832,16.12,103.6224549,3212.24,3028.03,30.53,0.0,488.22,539.38,2.31,10.31,186.77,7109.3,176.64,0.73
2006,16,1.0,0.0,1.0,2.0,0.0,2.0,0.0,9.023055555555556,635.6561,5889.522,103.4383209,103.4383303,14335.0,41.08491106,17.1,103.5053577,3212.51,3023.61,30.53,0.0,488.22,536.8,2.31,10.32,186.84,7111.0,180.61,0.854
2007,16,0.0,0.0,1.0,0.0,0.0,6.0,0.0,9.205675675675677,637.6126,5907.649,103.756696,103.7566968,14335.0,41.21136379,17.77,103.440682,3211.27,3021.04,30.53,0.0,488.22,528.64,2.31,10.32,186.72,7120.96,182.07,0.721
2008,16,0.0,0.0,2.0,0.0,0.0,3.0,0.0,33.72401869158878,639.569,5925.776,104.0750548,104.0750633,14335.0,41.33781653,18.39,103.2129553,3212.23,3013.73,30.53,0.0,488.22,526.66,2.31,10.32,186.42,7120.98,190.06,0.379
2009,16,1.0,1.0,2.0,1.0,0.0,2.0,0.0,27.502260273972603,641.5255,5943.903,104.3934299,104.3934299,14335.0,41.46426927,19.26,102.8735083,3213.54,3002.89,30.53,0.0,488.22,526.94,2.31,10.32,186.54,7118.66,200.65,1.177
2010,16,0.0,0.0,2.0,0.0,0.0,6.0,0.0,45.4320945945946,643.4819,5962.03,104.7117888,104.7117964,14335.0,41.59072201,19.89,102.6806412,3214.5,2996.59,30.53,0.0,488.22,527.92,2.31,10.32,186.54,7114.08,208.94,1.2
2011,16,0.0,2.0,2.0,2.0,0.0,2.0,0.0,42.233493150684936,643.4819,5962.03,104.7117888,104.7117964,14335.0,41.59072201,20.59,101.8908469,3214.98,2972.69,30.53,0.0,488.22,527.48,2.31,10.33,186.47,7114.5,231.75,0.282
2012,16,0.0,1.0,1.0,1.0,0.0,3.0,0.0,45.26702898550725,643.4819,5962.03,104.7117888,104.7117964,14335.0,41.59072201,21.42,100.0272319,3215.18,2917.11,30.53,0.0,488.22,528.09,2.31,10.33,186.34,7113.83,286.48,0.468
2013,16,0.0,0.0,2.0,0.0,0.0,3.0,0.0,53.46133928571429,643.4819,5962.03,104.7117888,104.7117964,14335.0,41.59072201,22.74,99.86608828,3216.48,2911.06,30.53,0.0,488.22,528.48,2.33,10.4,186.82,7110.87,291.93,0.232
2014,16,0.0,0.0,3.0,2.0,1.0,2.0,0.0,44.59777777777778,643.4819,5962.03,104.7117888,104.7117964,14335.0,41.59072201,25.45,99.99557481,3217.93,2912.15,30.53,0.0,488.22,529.44,2.33,10.4,186.62,7104.69,292.08,0.401
2015,16,0.0,0.0,0.0,2.0,0.0,2.0,0.0,60.5004054054054,643.4819,5962.03,104.7117888,104.7117964,14335.0,41.59072201,26.7,100.0,3217.93,2911.03,30.51,0.0,488.22,529.34,2.33,10.4,186.62,7104.79,291.97,0.673
2016,16,0.0,0.0,2.0,0.0,0.0,1.0,1.0,73.17535714285714,643.4819,5962.03,104.7117888,104.7117964,14335.0,41.59072201,26.71,98.86170615,3210.39,2877.58,30.56,0.0,488.22,524.83,2.29,10.4,187.09,7153.15,288.62,1.195
2017,16,0.0,0.0,2.0,1.0,0.0,3.0,0.0,56.49450980392157,643.4819,5962.03,104.7117888,104.7117964,14335.0,41.59072201,26.91,98.61716648,3207.88,2870.2,30.57,0.0,488.22,523.56,2.29,10.4,187.15,7164.8,287.88,1.129
2018,16,0.0,1.0,1.0,0.0,0.0,4.0,0.0,50.00243243243243,643.4819,5962.03,104.7117888,104.7117964,14335.0,41.59072201,26.95,98.66182534,3205.73,2871.47,30.57,0.0,488.22,525.36,2.29,10.75,189.15,7161.36,288.0,0.63
2019,16,0.0,0.0,1.0,0.0,1.0,3.0,0.0,53.936216216216216,643.4819,5962.03,104.7117888,104.7117964,14335.0,41.59072201,27.04,98.50456116,3199.44,2866.76,30.58,0.0,488.22,526.28,2.29,11.0,189.07,7171.64,287.53,0.699
2020,16,0.0,0.0,1.0,0.0,0.0,3.0,0.0,75.94837837837838,643.4819,5962.03,104.7117888,104.7117964,14335.0,41.59072201,27.33,98.43542887,3197.07,2864.4,30.6,0.0,488.39,527.85,2.26,11.22,188.84,7174.4,287.29,0.059
1992,17,0.0,0.0,2.0,1.0,0.0,3.0,0.0,-27.8,225.7512,4891.684,100.0,100.0,77088.0,6.345584267,40.48,99.11396022,15985.16,24238.18,540.06,8.21,210.93,7276.89,381.1,2651.63,24978.71,2480.17,372.65,-0.292
1993,17,0.0,0.0,1.0,2.0,1.0,5.0,0.0,-1.7735294117647065,223.5566,4844.131,99.02786785,99.02788079,77088.0,6.283897623,41.24,98.93701207,15985.06,24194.06,540.06,8.21,210.93,7276.76,381.08,2651.59,24978.71,2480.25,416.17,0.522
1994,17,0.0,0.0,1.0,0.0,2.0,3.0,0.0,-1.0,221.3621,4796.578,98.05577999,98.05576157,77088.0,6.22221098,42.21,98.87489452,15984.89,24177.88,540.06,8.21,210.93,7276.63,381.08,2651.55,24978.71,2480.38,431.61,0.289
1995,17,0.0,0.0,3.0,0.0,0.0,6.0,0.0,3.8375,219.1675,4749.025,97.08364784,97.08364236,77088.0,6.160524336,43.07,98.98123975,15983.4,24203.07,534.84,8.22,210.93,7224.99,381.21,2654.24,25007.05,2463.38,449.74,0.018
1996,17,0.0,1.0,1.0,1.0,0.0,1.0,0.0,-6.553030303030303,216.9729,4701.472,96.11151569,96.11152315,77088.0,6.098837692,44.0,98.90400168,15993.82,24183.22,525.64,8.22,210.93,7191.17,381.55,2655.1,25017.98,2460.14,492.37,-0.037
1997,17,0.0,1.0,2.0,0.0,2.0,5.0,0.0,11.501515151515152,214.7784,4653.919,95.13942783,95.13940394,77088.0,6.037151048,44.97,99.01529576,16013.66,24209.5,522.48,8.22,210.93,7177.5,381.72,2655.5,25000.5,2448.53,490.59,-0.285
1998,17,0.0,0.0,1.0,1.0,1.0,6.0,0.0,3.550000000000001,212.5838,4606.366,94.16729568,94.16728472,77088.0,5.975464404,46.04,99.21207483,16053.5,24256.66,520.06,8.29,210.93,7151.53,381.96,2655.3,24976.19,2404.88,498.85,0.53
1999,17,1.0,1.0,2.0,0.0,2.0,6.0,0.0,-28.68636363636364,210.3892,4558.813,93.19516353,93.19516551,77088.0,5.91377776,47.19,99.59906266,16324.22,24350.29,517.28,8.29,210.93,7028.48,382.5,2672.95,24728.81,2387.57,505.63,0.961
2000,17,0.0,1.0,0.0,0.0,0.0,2.0,0.0,-19.738235294117647,208.1946,4511.26,92.22303137,92.2230463,77088.0,5.852091117,48.69,99.54272623,16585.19,24334.99,517.27,8.29,210.93,6923.06,382.6,2731.28,24539.72,2366.26,515.86,0.807
2001,17,0.0,1.0,1.0,2.0,1.0,8.0,0.0,-22.166666666666668,206.2677,4469.507,91.36948109,91.36949566,77088.0,5.797928342,73.86,99.52943655,16628.39,24306.58,517.23,8.29,210.93,6902.04,382.66,2744.08,24504.49,2363.79,521.85,0.88
2002,17,0.0,2.0,3.0,0.0,1.0,9.0,0.0,-8.410714285714286,204.3408,4427.754,90.51593081,90.51594502,77088.0,5.743765567,94.25,99.64915616,16795.03,24315.51,517.67,8.29,210.93,6895.42,382.63,2749.84,24314.42,2363.03,517.15,1.141
2003,17,0.0,1.0,3.0,1.0,1.0,10.0,0.0,7.326575342465754,202.4139,4386.001,89.66238053,89.66239438,77088.0,5.689602792,125.55,99.83605506,16927.83,24330.02,519.0,8.29,210.93,6890.36,382.56,2746.23,24147.76,2367.13,508.6,0.672
2004,17,0.0,0.0,2.0,0.0,0.0,3.0,0.0,1.55125,200.487,4344.248,88.80883025,88.80884374,77088.0,5.635440017,152.19,99.66431769,17544.82,24261.25,525.78,8.27,210.93,6887.26,382.47,2809.62,23420.25,2372.9,588.32,1.188
2005,17,0.0,1.0,5.0,1.0,1.0,3.0,0.0,15.431384615384616,198.5601,4302.495,87.95527997,87.95529311,77088.0,5.581277242,164.49,99.61434323,17789.42,24236.73,526.62,8.28,210.93,6886.48,382.43,2804.53,23140.58,2374.99,638.65,0.38
2006,17,0.0,1.0,7.0,1.0,0.0,7.0,0.0,10.472777777777775,196.6332,4260.742,87.10172969,87.10174247,77088.0,5.527114467,179.51,99.66929168,17899.82,24235.17,526.54,8.29,210.93,6873.87,382.55,2802.38,23015.19,2378.44,651.44,1.218
2007,17,0.0,0.0,6.0,3.0,1.0,1.0,0.0,19.03891891891892,194.7063,4218.989,86.24817941,86.24819183,77088.0,5.472951692,192.74,99.74788953,18637.11,24241.19,528.28,8.39,210.93,6872.84,382.51,2823.25,22215.02,2382.78,669.08,0.855
2008,17,0.0,0.0,3.0,0.0,0.0,5.0,0.0,18.48075471698113,192.7794,4177.236,85.39462913,85.39464119,77088.0,5.418788917,202.12,99.70096074,18739.68,24220.37,529.17,8.46,210.93,6871.78,382.77,2816.31,22094.97,2386.45,701.29,0.569
2009,17,0.0,0.0,3.0,0.0,0.0,2.0,0.0,36.31767123287671,190.8525,4135.483,84.54107885,84.54109055,77088.0,5.364626142,210.76,99.73951065,18827.93,24221.17,529.32,8.49,210.93,6871.86,382.82,2816.03,21990.49,2388.93,705.56,1.191
2010,17,0.0,0.0,4.0,2.0,1.0,3.0,0.0,34.22581081081081,188.9256,4093.73,83.68752857,83.68753991,77088.0,5.310463367,219.48,99.77341026,18859.57,24220.72,529.28,8.49,210.93,6872.31,382.81,2811.62,21956.44,2390.38,702.15,1.45
2011,17,0.0,0.0,1.0,0.0,0.0,7.0,0.0,36.79164383561644,187.4384,4061.504,83.02875023,83.02874838,77088.0,5.268659195,226.4,99.87471784,18901.39,24238.65,537.55,8.48,210.93,6871.4,380.42,2812.83,21910.97,2392.06,673.21,1.006
2012,17,0.0,0.0,3.0,2.0,0.0,8.0,0.0,46.41608695652174,185.9512,4029.278,82.3699719,82.36995685,77088.0,5.226855023,237.7,99.93368621,18895.84,24241.77,537.48,8.48,210.93,6871.36,380.46,2813.44,21913.98,2393.02,659.75,0.446
2013,17,0.0,0.0,2.0,0.0,0.0,5.0,0.0,59.57410714285714,184.4639,3997.052,81.71114927,81.71116532,77088.0,5.185050851,258.3,99.99744276,18894.35,24236.8,537.62,8.47,210.93,6874.56,380.45,2815.62,21906.88,2395.97,644.3,0.991
2014,17,0.0,1.0,1.0,0.0,1.0,2.0,0.0,47.59611111111112,182.9767,3964.826,81.05237093,81.05237378,77088.0,5.143246679,279.1,99.97640988,18867.43,24210.82,542.56,8.44,210.93,6874.42,380.03,2819.27,21926.61,2398.72,645.83,0.57
2015,17,0.0,1.0,6.0,0.0,0.0,10.0,0.0,76.09108108108107,181.4895,3932.6,80.39359259,80.39358225,77088.0,5.101442507,290.89,100.0,18867.54,24204.79,542.56,8.44,210.93,6874.27,380.0,2819.12,21926.0,2401.0,638.56,0.735
2016,17,0.0,0.0,7.0,0.0,1.0,6.0,0.0,76.02228571428572,178.5193,3868.24,79.07789637,79.07787993,77088.0,5.017953508,290.9,99.95418043,18924.95,24193.55,545.68,8.44,210.93,6872.95,379.92,2820.35,21874.86,2413.88,627.67,1.371
2017,17,0.0,0.0,2.0,1.0,2.0,2.0,0.0,66.08921568627451,177.6738,3849.92,78.70336902,78.70336678,77088.0,4.99418846,317.05,99.96848424,18931.42,24170.91,546.24,8.44,210.93,6870.76,379.87,2826.02,21865.12,2423.19,614.15,1.47
2018,17,0.0,1.0,1.0,0.0,0.0,1.0,0.0,47.046216216216216,175.766,3808.58,77.85827938,77.85825904,77088.0,4.940561436,337.88,99.93950544,18945.29,24143.0,546.86,8.42,210.93,6869.13,379.31,2854.83,21823.67,2430.42,614.42,1.572
2019,17,1.0,0.0,8.0,0.0,1.0,2.0,0.0,81.71108108108108,173.8581,3767.24,77.01314545,77.0131513,77088.0,4.886934413,354.5,99.82228558,19012.48,24097.66,547.39,8.42,210.93,6864.9,379.2,2890.28,21708.4,2464.06,625.92,0.774
2020,17,0.0,0.0,4.0,1.0,1.0,1.0,0.0,94.85972972972972,171.9503,3725.9,76.16805581,76.16804356,77088.0,4.833307389,354.81,99.83439287,19094.33,24100.22,547.53,8.43,210.9,6862.44,378.8,2900.31,21614.17,2474.0,617.89,0.618
1992,18,1.0,0.0,1.0,0.0,0.0,0.0,0.0,-10.395,10781.8546,76218.398,100.0,100.0,128000.0,59.54562344,126.99,107.6899058,16303.56,2503.25,1103.97,4.9,300.07,10263.67,216.19,6212.38,9488.27,83093.64,261.78,0.908
1993,18,0.0,0.0,1.0,0.0,0.0,3.0,0.0,-18.65529411764706,10765.5766,76103.327,99.84902412,99.84902464,128000.0,59.45572422,128.89,108.6934772,16310.98,2525.86,1228.64,5.01,300.06,10270.4,231.24,6211.93,9487.93,82910.89,266.77,0.544
1994,18,0.0,0.0,2.0,0.0,0.0,2.0,0.0,-13.046470588235294,10749.2987,75988.256,99.69804916,99.69804928,128000.0,59.365825,130.42,103.0830078,16310.93,2387.3,1228.57,5.01,300.05,10269.94,231.24,6211.45,9487.58,82911.14,405.03,0.522
1995,18,0.0,0.0,0.0,1.0,0.0,3.0,0.0,-10.195806451612905,10733.0207,75873.185,99.54707328,99.54707392,128000.0,59.27592578,132.08,104.7006577,16344.28,2425.15,1259.29,4.84,300.04,10301.29,237.35,6222.2,9474.07,82753.05,425.03,0.792
1996,18,0.0,0.0,0.0,0.0,0.0,2.0,0.0,-5.246470588235294,10716.7428,75758.114,99.39609833,99.39609856,128000.0,59.18602656,134.11,104.7489785,16351.31,2424.3,1281.79,4.67,300.03,10285.1,241.02,6227.93,9473.65,82716.55,438.2,0.15
1997,18,0.0,0.0,0.0,1.0,1.0,4.0,1.0,2.305757575757576,10700.4649,75643.043,99.24512338,99.24512321,128000.0,59.09612734,136.76,104.9021053,16383.38,2425.39,1300.35,4.67,300.03,10257.38,244.36,6221.71,9469.34,82683.78,451.51,0.869
1998,18,0.0,0.0,0.0,2.0,0.0,5.0,0.0,-7.285151515151515,10684.1869,75527.972,99.09414749,99.09414785,128000.0,59.00622813,140.83,105.5395472,16406.25,2436.89,1326.38,4.63,300.01,10238.37,248.46,6237.94,9445.34,82626.99,466.62,1.302
1999,18,0.0,0.0,2.0,1.0,0.0,3.0,0.0,-6.336666666666666,10667.909,75412.901,98.94317254,98.94317249,128000.0,58.91632891,144.35,109.0377241,16497.16,2518.81,1368.15,4.49,300.0,10170.82,266.88,6224.91,9438.73,82448.88,495.52,0.276
2000,18,0.0,0.0,1.0,1.0,0.0,4.0,0.0,0.8152941176470588,10651.631,75297.83,98.79219666,98.79219713,128000.0,58.82642969,148.6,110.3590222,16572.72,2546.83,1374.93,4.49,299.99,10081.37,268.86,6214.12,9431.17,82421.36,514.18,0.32
2001,18,0.0,0.0,3.0,1.0,0.0,0.0,0.0,7.091111111111111,10633.9764,75173.027,98.62845303,98.6284532,128000.0,58.72892734,149.17,110.2640174,16596.31,2543.94,1381.03,4.49,299.99,10055.7,268.01,6134.22,9513.31,82405.93,526.54,0.441
2002,18,1.0,0.0,3.0,0.0,1.0,2.0,0.0,11.397857142857143,10616.3218,75048.224,98.4647094,98.46470927,128000.0,58.631425,149.59,109.6477492,16621.21,2528.47,1380.88,4.49,299.99,10028.8,268.79,6000.63,9667.36,82392.51,536.01,0.741
2003,18,0.0,1.0,2.0,0.0,0.0,2.0,0.0,10.047397260273971,10598.6671,74923.421,98.30096485,98.30096534,128000.0,58.53392266,149.91,108.7220787,16626.54,2505.54,1381.73,4.49,299.99,10022.64,268.26,5953.47,9722.55,82400.02,543.53,0.74
2004,18,1.0,1.0,1.0,1.0,0.0,1.0,0.0,14.68375,10581.0125,74798.618,98.13722122,98.13722141,128000.0,58.43642031,154.36,113.9021427,16685.81,2627.61,1509.39,4.43,299.99,10066.12,380.25,5920.28,9744.61,81903.07,582.8,0.696
2005,18,0.0,0.0,0.0,0.0,0.0,6.0,0.0,17.44030769230769,10563.3579,74673.815,97.97347759,97.97347748,128000.0,58.33891797,154.89,112.3971653,16689.83,2590.32,1501.52,4.43,299.99,10062.67,382.09,5907.02,9749.22,81934.22,602.42,0.802
2006,18,1.0,0.0,1.0,0.0,0.0,3.0,0.0,19.445555555555558,10545.7032,74549.012,97.80973303,97.80973355,128000.0,58.24141563,157.38,111.6220282,16700.52,2568.9,1502.88,4.72,299.99,10058.69,381.0,5898.2,9739.85,81950.04,616.55,0.754
2007,18,0.0,1.0,1.0,0.0,0.0,5.0,0.0,18.048108108108107,10528.0486,74424.209,97.6459894,97.64598962,128000.0,58.14391328,160.0,110.7852134,16718.68,2545.84,1509.75,4.72,299.99,10053.97,379.35,5890.98,9722.41,81963.27,629.69,0.575
2008,18,0.0,0.0,1.0,0.0,0.0,3.0,0.0,20.125555555555557,10510.394,74299.406,97.48224577,97.48224569,128000.0,58.04641094,162.2,110.3589967,16711.01,2533.23,1506.13,4.72,299.99,10050.41,380.53,5897.92,9714.53,81972.57,645.41,0.619
2009,18,0.0,1.0,1.0,4.0,0.0,3.0,0.0,24.15,10492.7393,74174.603,97.31850122,97.31850176,128000.0,57.94890859,164.13,109.7938818,16701.55,2517.5,1508.47,4.72,299.99,10041.74,380.41,5910.36,9701.08,81989.48,659.34,0.854
2010,18,0.0,1.0,1.0,1.0,0.0,4.0,0.0,19.986351351351352,10475.0847,74049.8,97.15475759,97.15475783,128000.0,57.85140625,166.8,109.3657279,16706.39,2504.37,1508.75,4.74,299.99,10036.81,381.16,5921.4,9672.29,82001.93,674.01,1.022
2011,18,0.0,1.0,3.0,0.0,1.0,3.0,0.0,19.248630136986304,10450.8874,73878.746,96.93033145,96.9303317,128000.0,57.71777031,169.1,109.0664093,16690.59,2494.76,1513.33,4.74,299.99,10042.59,381.14,5932.14,9671.42,81985.06,693.81,0.823
2012,18,0.0,1.0,1.0,1.0,0.0,1.0,0.0,32.71289855072464,10426.6901,73707.692,96.70590531,96.70590557,128000.0,57.58413438,171.8,109.2731294,16682.05,2497.11,1514.74,4.74,299.99,10046.69,381.37,5950.62,9647.09,81983.21,699.31,0.931
2013,18,0.0,1.0,2.0,0.0,0.0,3.0,0.0,32.581607142857145,10402.4928,73536.638,96.48147917,96.48147945,128000.0,57.45049844,177.55,106.2937496,16674.84,2418.59,1517.05,4.74,299.99,10048.18,381.01,5950.95,9643.67,81987.92,774.18,0.706
2014,18,0.0,1.0,3.0,0.0,0.0,0.0,0.0,41.44388888888889,10378.2955,73365.584,96.25705303,96.25705332,128000.0,57.3168625,182.59,103.2557078,16670.98,2339.35,1519.06,4.71,299.99,10045.1,382.33,5962.47,9626.44,81992.55,853.19,0.879
2015,18,0.0,1.0,2.0,0.0,0.0,5.0,0.0,51.40567567567568,10354.0982,73194.53,96.03262689,96.03262719,128000.0,57.18322656,186.14,100.0,16670.73,2256.28,1519.06,4.71,299.99,10044.68,382.33,5961.51,9624.61,81992.87,935.75,1.265
2016,18,0.0,0.0,1.0,0.0,0.0,4.0,0.0,55.39942857142857,10328.0342,73010.28,95.7908874,95.79088765,128000.0,57.03928125,187.07,95.88604006,16654.97,2154.87,1518.88,4.71,299.99,9998.79,384.9,5995.81,9585.55,82046.48,1046.65,1.445
2017,18,0.0,0.0,3.0,0.0,0.0,7.0,0.0,53.2386274509804,10303.208,72834.78,95.56062832,95.56062829,128000.0,56.90217188,199.93,94.41822639,16677.83,2106.16,1526.16,4.71,299.99,9985.51,385.55,6035.49,9493.0,82064.81,1099.54,1.023
2018,18,0.0,0.0,0.0,0.0,0.0,10.0,0.0,58.59594594594595,10280.7526,72676.04,95.35235803,95.35235836,128000.0,56.77815625,205.54,93.78563548,16676.64,2085.1,1520.32,4.71,299.99,9968.59,392.37,6139.09,9363.83,82083.19,1139.34,0.799
2019,18,0.0,0.0,3.0,1.0,0.0,17.0,1.0,63.66891891891892,10256.3027,72503.2,95.12558906,95.12558897,128000.0,56.643125,221.3,92.11194306,16574.71,2028.46,1520.95,4.71,299.99,9933.15,392.78,6262.8,9242.44,82208.63,1188.71,1.095
2020,18,0.0,0.0,3.0,1.0,0.0,13.0,0.0,64.04972972972973,10231.8541,72330.37,94.89883215,94.89883269,128000.0,56.50810156,221.21,92.67885388,16509.47,2042.4,1521.31,4.73,300.06,9898.81,392.8,6310.6,9193.58,82310.03,1173.84,1.318
1992,19,0.0,0.0,3.0,0.0,4.0,5.0,0.0,12.34125,937.98,7684.9,100.0,100.0,29817.0,25.773552,75.01,110.3257553,2129.5,7319.32,942.19,544.75,0.0,1404.54,0.0,146.63,0.0,11298.09,5925.48,0.407
1993,19,0.0,0.0,3.0,1.0,6.0,4.0,0.0,-29.926764705882352,937.3243,7637.945,99.93009446,99.3889966,29817.0,25.61607472,76.6,109.8822111,2129.59,7288.0,942.17,544.7,0.0,1404.53,0.0,146.63,0.0,11298.37,5954.91,0.404
1994,19,0.0,0.0,4.0,2.0,11.0,6.0,0.0,-24.58117647058824,936.6687,7590.99,99.86019958,98.77799321,29817.0,25.45859744,77.96,109.4331094,2129.67,7256.54,942.15,544.66,0.0,1404.51,0.0,146.63,0.0,11298.6,5984.78,0.481
1995,19,0.0,0.0,6.0,0.0,7.0,16.0,0.0,-17.181935483870966,936.013,7544.035,99.79029404,98.16698981,29817.0,25.30112017,79.5,109.7582601,2152.64,7276.79,908.17,553.26,0.0,1420.13,0.0,150.0,0.0,11186.75,6058.25,0.528
1996,19,0.0,0.0,1.0,2.0,2.0,10.0,0.0,-8.875294117647059,935.3573,7497.08,99.72038849,97.55598641,29817.0,25.14364289,81.37,108.0521972,2151.63,7160.58,905.75,556.47,0.0,1420.29,0.0,151.03,0.0,11203.16,6155.23,0.432
1997,19,0.0,0.0,1.0,0.0,3.0,9.0,0.0,-8.874848484848485,934.7017,7450.125,99.65049361,96.94498302,29817.0,24.98616561,83.07,105.3587814,2153.02,6978.36,905.24,559.09,0.0,1422.56,0.0,151.64,0.0,11206.91,6325.62,0.505
1998,19,1.0,0.0,0.0,0.0,4.0,11.0,1.0,-11.18090909090909,934.046,7403.17,99.58058807,96.33397962,29817.0,24.82868833,84.68,104.7229915,2151.43,6934.14,905.23,560.72,0.0,1422.43,0.0,152.18,0.0,11227.98,6346.73,1.331
1999,19,0.0,0.0,4.0,4.0,8.0,10.0,0.0,7.878181818181819,933.3903,7356.215,99.51068253,95.72297623,29817.0,24.67121105,86.34,104.0194194,2150.01,6885.32,905.31,563.53,0.0,1423.91,0.0,152.75,0.0,11254.31,6364.02,0.558
2000,19,0.0,0.0,3.0,1.0,6.0,12.0,0.0,11.843823529411765,932.7347,7309.26,99.44078765,95.11197283,29817.0,24.51373378,88.05,103.1414383,2141.89,6824.77,904.26,564.52,0.0,1419.3,0.0,152.89,0.0,11317.88,6371.96,0.669
2001,19,0.0,0.0,3.0,0.0,6.0,4.0,0.0,19.294722222222223,932.0847,7262.306,99.3714898,94.50098245,29817.0,24.35625985,90.43,102.5515924,2140.72,6782.85,903.82,564.77,0.0,1418.71,0.0,152.72,0.0,11335.12,6396.35,0.819
2002,19,1.0,0.0,4.0,0.0,6.0,19.0,0.0,9.410714285714286,931.4347,7215.352,99.30219194,93.88999206,29817.0,24.19878593,91.8,102.1111101,2143.85,6751.96,902.51,565.47,0.0,1421.05,0.0,152.85,0.0,11325.58,6430.43,0.715
2003,19,0.0,0.0,1.0,1.0,8.0,14.0,0.0,14.776164383561644,930.7847,7168.398,99.23289409,93.27900168,29817.0,24.041312,92.68,101.6635687,2142.03,6721.08,901.76,565.87,0.0,1419.18,0.0,152.99,0.0,11339.28,6450.61,0.784
2004,19,0.0,0.0,3.0,1.0,8.0,20.0,0.0,8.214583333333332,930.1348,7121.444,99.1636069,92.66801129,29817.0,23.88383808,93.21,102.0545278,2136.3,6746.76,901.54,568.08,0.0,1411.11,0.0,153.41,0.0,11384.13,6390.97,0.685
2005,19,0.0,0.0,2.0,0.0,2.0,23.0,0.0,-1.6195384615384616,929.4848,7074.49,99.09430905,92.05702091,29817.0,23.72636415,96.25,100.9104717,2135.81,6667.04,900.52,568.97,0.0,1409.06,0.0,153.57,0.0,11393.72,6460.56,0.78
2006,19,0.0,0.0,6.0,3.0,10.0,13.0,0.0,18.280555555555555,928.8348,7027.536,99.02501119,91.44603053,29817.0,23.56889023,99.56,101.5894956,2136.07,6709.24,898.44,570.61,0.0,1405.52,0.0,153.82,0.0,11402.34,6409.9,0.827
2007,19,1.0,0.0,5.0,0.0,8.0,30.0,0.0,14.414864864864866,928.1848,6980.582,98.95571334,90.83504014,29817.0,23.41141631,103.55,101.877837,2131.07,6724.58,896.23,572.3,0.0,1401.88,0.0,153.82,0.0,11446.15,6355.94,0.875
2008,19,0.0,0.0,8.0,1.0,11.0,18.0,0.0,39.45457943925234,927.5348,6933.628,98.88641549,90.22404976,29817.0,23.25394238,108.75,102.4901667,2125.75,6760.42,896.59,575.49,0.0,1398.47,0.0,153.82,0.0,11489.58,6276.65,0.562
2009,19,0.0,0.0,8.0,1.0,14.0,13.0,0.0,36.79292517006803,926.8849,6886.674,98.8171283,89.61305938,29817.0,23.09646846,114.19,102.2581901,2120.42,6739.43,897.4,576.5,0.0,1395.57,0.0,153.98,0.0,11538.73,6249.29,0.726
2010,19,0.0,0.0,9.0,1.0,3.0,12.0,0.0,42.77702702702703,926.2349,6839.72,98.74783044,89.00206899,29817.0,22.93899453,119.88,98.60513257,2120.86,6488.9,896.04,576.59,0.0,1395.99,0.0,154.14,0.0,11544.2,6488.9,1.066
2011,19,0.0,0.0,15.0,3.0,12.0,16.0,0.0,38.24383561643835,925.5723,6874.606,98.67718928,89.45602415,29817.0,23.0559949,126.26,99.89201043,2122.04,6568.77,894.52,577.31,0.0,1396.92,0.0,154.14,0.0,11545.51,6400.03,0.621
2012,19,0.0,0.0,8.0,1.0,9.0,10.0,0.0,52.20434782608695,924.9097,6909.492,98.60654811,89.90997931,29817.0,23.17299527,132.65,100.72803,2124.01,6618.41,892.25,578.87,0.0,1398.36,0.0,154.14,0.0,11541.19,6345.61,0.881
2013,19,0.0,0.0,5.0,0.0,8.0,11.0,0.0,50.95267857142857,924.2471,6944.378,98.53590695,90.36393447,29817.0,23.28999564,147.26,100.64862,2127.16,6598.48,891.47,578.52,0.0,1400.57,0.0,154.23,0.0,11538.4,6349.41,1.024
2014,19,0.0,0.0,3.0,0.0,9.0,8.0,0.0,43.09444444444445,923.5845,6979.264,98.46526578,90.81788963,29817.0,23.40699601,162.03,100.206762,2130.76,6554.1,851.27,593.54,0.0,1406.11,0.0,156.23,0.0,11590.77,6340.71,0.905
2015,19,1.0,0.0,5.0,0.0,10.0,9.0,0.0,41.26486486486486,922.9219,7014.15,98.39462462,91.27184479,29817.0,23.52399638,170.43,100.0,2131.27,6531.84,851.16,593.22,0.0,1406.02,0.0,156.23,0.0,11592.28,6353.06,1.105
2016,19,0.0,0.0,2.0,0.0,8.0,7.0,0.0,49.57521428571428,922.2259,7049.04,98.32042261,91.725852,29817.0,23.64101016,174.37,99.80797551,2136.23,6515.03,851.18,592.37,0.0,1410.77,0.0,156.61,0.0,11578.44,6370.51,1.563
2017,19,0.0,0.0,3.0,0.0,8.0,3.0,0.0,62.03696078431373,921.6193,7083.93,98.25575172,92.1798592,29817.0,23.75802395,175.36,99.54552711,2138.54,6496.45,851.39,592.14,0.0,1412.92,0.0,156.64,0.0,11570.22,6391.85,1.208
2018,19,0.0,0.0,1.0,0.0,7.0,6.0,0.0,54.56716216216216,920.9604,7118.81,98.18550502,92.63373629,29817.0,23.87500419,176.27,99.40486189,2142.57,6486.11,851.32,591.44,0.0,1416.66,0.0,156.59,0.0,11556.17,6408.37,1.242
2019,19,1.0,0.0,1.0,0.0,7.0,8.0,0.0,60.32662162162162,920.252,7153.7,98.10998102,93.0877435,29817.0,23.99201798,178.46,99.32157314,2149.85,6478.34,851.26,590.11,0.0,1423.4,0.0,156.74,0.0,11530.0,6427.35,1.318
2020,19,0.0,0.0,0.0,1.0,6.0,6.0,0.0,71.45513513513514,919.5644,7188.59,98.03667456,93.54175071,29817.0,24.10903176,182.84,99.17947858,2152.71,6464.49,852.43,587.75,0.0,1425.87,0.0,156.54,0.0,11522.91,6440.21,1.47
1992,20,0.0,0.0,1.0,1.0,0.0,4.0,1.0,12.550000000000002,35910.5649,809013.62,100.0,100.0,1638995.0,49.36034704,1392.68,98.21251809,153123.11,155440.78,60646.7,0.0,5309.06,118778.55,87681.5,123385.13,31566.89,954389.59,2001.77,0.361
1993,20,1.0,1.0,2.0,2.0,0.0,3.0,0.0,-27.15294117647059,36020.4125,809045.48,100.3058922,100.0039381,1638618.0,49.37364779,1422.42,98.1527942,153122.98,155315.77,60646.2,0.0,5309.06,118776.61,87680.2,123382.09,31566.4,954388.49,2106.64,0.951
1994,20,0.0,1.0,5.0,0.0,2.0,8.0,0.0,-13.166176470588235,36130.2602,809077.34,100.6117846,100.0078763,1638133.0,49.39021068,1454.08,97.97969427,153121.85,155007.56,60645.8,0.0,5309.06,118774.41,87678.8,123379.06,31565.98,954386.54,2392.31,0.572
1995,20,0.0,2.0,0.0,1.0,3.0,5.0,0.0,9.540634920634922,36240.1078,809109.2,100.9176767,100.0118144,1637838.0,49.40105187,1485.52,98.14931804,153107.2,155246.97,60766.8,0.0,5309.06,118738.43,86795.0,122656.1,31557.68,955739.01,2313.48,2.101
1996,20,0.0,0.0,2.0,1.0,0.0,19.0,1.0,-56.51358208955224,36349.9554,809141.06,101.2235689,100.0157525,1637796.0,49.40426402,1516.73,98.21359299,153218.82,155318.39,61072.0,0.0,5309.06,119095.07,86606.0,122606.69,31698.4,954871.94,2402.05,0.805
1997,20,0.0,1.0,1.0,0.0,0.0,10.0,1.0,-2.5901515151515158,36459.8031,809172.92,101.5294613,100.0196906,1637865.0,49.40412793,1548.46,98.42761189,153417.59,155628.41,61206.8,0.0,5309.06,119380.68,86549.9,122425.47,31732.98,954173.91,2341.76,1.273
1998,20,1.0,1.0,4.0,0.0,1.0,11.0,1.0,17.83712121212121,36569.6507,809204.78,101.8353535,100.0236288,1638130.0,49.39808074,1584.17,98.59945003,153717.65,155867.23,61312.7,0.0,5309.06,119659.48,86544.5,122338.57,31725.84,953399.46,2257.71,-0.045
1999,20,0.0,2.0,1.0,0.0,1.0,4.0,1.0,-4.796212121212121,36679.4984,809236.64,102.1412459,100.0275669,1638851.0,49.37829247,1620.29,98.93591913,154715.01,156368.32,61304.5,0.0,5309.06,120709.11,85653.8,121780.16,31765.46,952181.23,2308.46,0.401
2000,20,0.0,3.0,8.0,2.0,1.0,7.0,5.0,15.3,36789.346,809268.5,102.4471381,100.031505,1638134.0,49.40184991,1660.9,99.61384269,155327.35,157410.23,61340.1,0.0,5309.06,121781.69,85002.9,120455.21,31852.52,951215.88,2359.12,1.3
2001,20,0.0,3.0,3.0,0.0,2.0,9.0,2.0,-1.376619718309859,37006.7596,809855.21,103.0525688,100.1040267,1638044.0,49.44038194,1782.75,99.70882928,155605.76,157440.14,61209.8,0.0,5309.06,122335.0,84199.4,119889.67,31827.09,951755.39,2361.73,0.794
2002,20,0.0,1.0,4.0,1.0,2.0,3.0,3.0,0.3921276595744692,37224.1731,810441.92,103.6579993,100.1765483,1638094.0,49.47468949,1898.3,99.81018944,155753.98,157486.4,61137.7,0.0,5309.06,122628.03,83716.5,119588.34,31794.53,952061.78,2340.64,1.569
2003,20,1.0,0.0,1.0,0.0,1.0,2.0,1.0,5.5971232876712325,37441.5867,811028.63,104.26343,100.24907,1638098.0,49.51038522,2007.74,99.83691232,155653.74,157419.62,61003.8,0.0,5309.06,122680.99,83306.0,119164.08,31802.74,953037.38,2329.97,0.972
2004,20,0.0,0.0,3.0,0.0,3.0,0.0,1.0,28.72868055555556,37659.0003,811615.34,104.8688608,100.3215916,1638123.0,49.54544561,2121.41,99.88292517,156478.87,157379.28,60844.4,0.0,5309.06,123274.06,82185.9,118012.5,31642.8,954133.18,2332.1,1.378
2005,20,0.0,1.0,5.0,1.0,2.0,0.0,0.0,32.158307692307694,37876.4138,812202.05,105.4742912,100.3941133,1638139.0,49.58077733,2178.81,99.89174069,156459.79,157336.14,60779.1,0.0,5309.06,123461.8,82137.4,117870.4,31634.82,954222.65,2325.53,1.684
2006,20,0.0,0.0,3.0,0.0,0.0,8.0,0.0,10.674166666666668,38093.8274,812788.76,106.079722,100.4666349,1637774.0,49.6276507,2213.42,99.8645847,156588.21,157258.12,60713.7,0.0,5309.06,123504.65,82025.3,117636.04,31593.92,954548.15,2324.45,0.531
2007,20,0.0,0.0,1.0,0.0,1.0,3.0,0.0,71.04567567567568,38311.241,813375.47,106.6851527,100.5391566,1637774.0,49.66347433,2249.36,99.79766354,156688.67,157115.38,60593.7,0.0,5309.06,123739.94,81522.4,117236.67,31588.02,955354.05,2318.46,2.466
2008,20,0.0,0.0,0.0,0.0,0.0,8.0,0.0,48.878691588785045,38528.6545,813962.18,107.2905832,100.6116782,1637687.0,49.70193816,2309.43,99.81194389,156743.79,157077.97,60411.4,0.0,5309.06,124104.42,81278.3,116706.57,31617.07,955840.98,2315.19,2.197
2009,20,0.0,0.0,0.0,0.0,0.0,2.0,0.0,11.928979591836734,38746.0681,814548.89,107.8960139,100.6841999,1637687.0,49.73776369,2327.28,99.81355801,156936.47,157062.93,60220.8,0.0,5309.06,124609.46,81006.9,116332.21,31673.58,955922.99,2314.97,1.162
2010,20,1.0,3.0,2.0,0.0,0.0,1.0,2.0,-8.342702702702702,38963.4817,815135.6,108.5014447,100.7567215,1637687.0,49.77358921,2344.45,99.90824018,157323.07,157196.81,59983.6,0.0,5309.06,125123.29,81309.6,116340.14,31685.84,954782.3,2316.94,0.852
2011,20,0.0,0.0,2.0,0.0,1.0,2.0,0.0,49.92972602739726,39158.7337,815094.572,109.0451621,100.7516501,1637687.0,49.77108397,2361.96,99.91086827,157770.23,157183.46,59947.5,0.0,5309.06,125899.87,81361.5,116318.0,31723.95,953522.43,2316.75,1.677
2012,20,1.0,2.0,4.0,0.0,0.0,3.0,1.0,68.91869565217392,39353.9857,815053.544,109.5888795,100.7465788,1637687.0,49.76857873,2404.64,100.0364097,158003.72,157341.31,59919.3,0.0,5309.06,126400.8,81463.7,116354.45,31752.15,952447.1,2319.07,1.907
2013,20,0.0,0.0,2.0,0.0,0.0,2.0,0.0,2.663928571428571,39549.2378,815012.516,110.1325972,100.7415074,1637687.0,49.76607349,2424.09,100.0378143,158086.76,157323.97,59931.8,0.0,5309.06,126624.11,81412.7,116335.69,31783.77,952163.12,2318.82,1.138
2014,20,0.0,0.0,1.0,0.0,0.0,2.0,0.0,14.080555555555556,39744.4898,814971.488,110.6763146,100.7364361,1637687.0,49.76356825,2454.19,99.97506345,158199.87,157193.69,59957.8,0.0,5309.06,127134.63,81094.9,116057.84,31829.58,952165.7,2316.9,1.729
2015,20,0.0,0.0,1.0,0.0,0.0,5.0,1.0,96.02702702702705,39939.7418,814930.46,111.2200321,100.7313647,1637687.0,49.76106301,2470.62,100.0,158348.26,157217.14,59957.5,0.0,5309.06,127629.08,81163.1,116113.08,31909.86,951279.85,2317.24,2.218
2016,20,0.0,0.0,3.0,0.0,0.0,0.0,0.0,54.26228571428572,40120.2571,815121.03,111.7227123,100.7549205,1637687.0,49.77269955,2526.24,99.82531418,157766.79,156875.61,59992.3,0.0,5309.06,127102.6,80943.6,115940.12,31842.31,953030.02,2312.21,2.429
2017,20,0.0,0.0,1.0,0.0,1.0,0.0,0.0,88.47725490196079,40284.5462,815311.6,112.1802074,100.7784764,1637687.0,49.78433608,2554.32,99.82075567,157960.81,156840.09,60011.7,0.0,5309.06,127447.06,81139.8,115837.55,31830.09,952396.98,2311.69,2.099
2018,20,0.0,0.0,2.0,0.0,0.0,2.0,0.0,48.998378378378376,40431.3022,815311.6,112.5888783,100.7784764,1637687.0,49.78433608,2572.27,100.1843721,159452.73,157402.8,60037.3,0.0,5309.06,130692.7,82583.8,115823.15,32010.84,945434.89,2319.98,2.017
2019,20,0.0,0.0,4.0,0.0,0.0,2.0,1.0,76.13351351351352,40586.2115,815311.6,113.0202535,100.7784764,1637687.0,49.78433608,2656.4,100.5045429,160741.31,157831.49,60066.4,0.0,5309.06,133971.59,84262.4,115748.77,32259.35,938483.01,2326.3,2.159
2020,20,0.0,0.0,0.0,0.0,0.0,2.0,0.0,123.20986486486488,40741.1206,815311.6,113.4516283,100.7784764,1637687.0,49.78433608,2656.12,100.6291548,161258.13,158087.28,60050.4,0.0,5309.36,134790.62,84392.7,115825.11,32365.57,937186.52,2330.07,3.669
1992,21,0.0,0.0,0.0,0.0,0.0,4.0,0.0,-15.903333333333334,897.4958,18069.29,100.0,100.0,121309.0,14.89525921,258.7,94.02898346,24121.5,12486.82,563.96,46.71,0.0,64384.95,259.99,9393.95,649.04,10009.83,294.08,0.797
1993,21,0.0,0.0,1.0,0.0,1.0,1.0,0.0,-19.528823529411767,895.8663,18032.89,99.81843926,99.79855324,121309.0,14.8652532,266.0,94.12143015,24120.42,12492.05,563.78,46.71,0.0,64380.27,259.86,9393.9,648.55,10009.54,288.44,0.822
1994,21,0.0,0.0,1.0,0.0,1.0,2.0,0.0,-16.036666666666665,894.2369,17996.49,99.63688967,99.59710647,121309.0,14.83524718,272.51,94.13755135,24119.16,12487.72,563.62,46.71,0.0,64376.14,259.75,9393.83,648.23,10009.34,292.46,0.201
1995,21,1.0,0.0,1.0,0.0,0.0,5.0,0.0,-10.004408602150535,892.6074,17960.09,99.45532893,99.39565971,121309.0,14.80524116,279.06,94.3020017,24145.4,12503.46,562.7,46.74,0.0,64380.13,259.53,9398.24,651.51,9946.31,296.38,0.63
1996,21,0.0,1.0,2.0,1.0,0.0,5.0,0.0,-8.62392156862745,890.9779,17923.69,99.27376819,99.19421294,121309.0,14.77523514,285.39,94.27581186,24163.05,12493.58,563.78,46.78,0.0,64379.87,259.49,9398.93,654.12,9913.27,311.2,-0.143
1997,21,0.0,0.0,1.0,0.0,0.0,6.0,0.0,-3.431616161616162,889.3484,17887.29,99.09220745,98.99276618,121309.0,14.74522913,290.96,94.39837831,24201.58,12504.63,565.98,46.79,0.0,64385.78,259.62,9395.78,656.65,9846.85,314.9,0.244
1998,21,0.0,0.0,0.0,0.0,1.0,6.0,1.0,0.8491919191919192,887.7189,17850.89,98.91064671,98.79131942,121309.0,14.71522311,296.33,94.50253537,24249.18,12513.37,566.78,46.79,0.0,64403.94,259.79,9392.6,660.88,9750.96,328.82,0.842
1999,21,0.0,0.0,2.0,0.0,2.0,2.0,1.0,-2.9255555555555555,886.0895,17814.49,98.72909712,98.58987265,121309.0,14.68521709,301.16,95.2639782,24420.88,12611.76,556.64,46.94,0.0,64670.87,261.05,9378.46,674.11,9208.52,339.12,1.103
2000,21,0.0,0.0,3.0,0.0,1.0,2.0,1.0,-0.7337254901960784,884.46,17778.09,98.54753638,98.38842589,121309.0,14.65521107,306.98,96.33898863,24442.3,12751.65,557.67,46.93,0.0,64729.2,261.86,9361.22,677.47,8978.73,355.44,0.287
2001,21,0.0,0.0,2.0,0.0,2.0,0.0,2.0,5.229906542056075,882.8232,17741.69,98.36516227,98.18697912,121309.0,14.62520505,330.41,96.75624757,24468.67,12784.78,556.94,47.01,0.0,64747.05,261.78,9344.26,682.05,8872.82,373.69,0.535
2002,21,0.0,0.0,1.0,0.0,4.0,2.0,1.0,5.719620853080568,881.1865,17705.29,98.1827993,97.98553236,121309.0,14.59519904,351.27,97.09528995,24474.14,12809.88,553.08,47.08,0.0,64760.5,263.72,9327.33,696.21,8812.27,374.01,0.53
2003,21,0.0,0.0,1.0,0.0,1.0,3.0,0.0,10.78041095890411,879.5497,17668.89,98.00042518,97.78408559,121309.0,14.56519302,369.02,97.42978998,24494.38,12837.47,548.26,47.32,0.0,64782.16,265.25,9314.67,700.07,8733.31,377.57,0.942
2004,21,1.0,0.0,1.0,0.0,0.0,3.0,0.0,12.075555555555557,877.9129,17632.49,97.81805107,97.58263883,121309.0,14.535187,379.01,98.31016129,24516.72,12946.81,544.76,47.51,0.0,64811.01,267.25,9245.07,699.3,8642.1,369.91,0.962
2005,21,0.0,0.0,0.0,0.0,0.0,4.0,0.0,15.414820512820512,876.2762,17596.09,97.6356881,97.38119207,121309.0,14.50518098,397.26,98.47412112,24516.17,12950.79,544.2,47.67,0.0,64801.0,266.84,9241.75,701.69,8628.6,373.53,1.131
2006,21,0.0,0.0,2.0,0.0,0.0,1.0,0.0,19.019074074074076,874.6394,17559.69,97.45331399,97.1797453,121309.0,14.47517497,412.01,98.6482523,24505.19,12959.64,545.99,47.7,0.0,64805.9,266.86,9243.94,704.94,8607.02,370.28,0.429
2007,21,0.0,1.0,1.0,0.0,0.0,3.0,1.0,20.502432432432432,873.0027,17523.29,97.27095102,96.97829854,121309.0,14.44516895,427.44,98.90568382,24500.23,12979.11,546.61,47.7,0.0,64825.33,266.58,9231.0,715.23,8557.4,372.89,0.815
2008,21,0.0,0.0,1.0,0.0,1.0,2.0,1.0,24.08641975308642,871.3659,17486.89,97.0885769,96.77685177,121309.0,14.41516293,440.09,99.03232069,24488.61,12983.62,546.3,47.77,0.0,64832.64,266.43,9229.49,716.78,8532.29,385.45,0.698
2009,21,0.0,0.0,2.0,0.0,2.0,1.0,0.0,26.11725225225225,869.7291,17450.49,96.90620279,96.57540501,121309.0,14.38515691,451.95,99.20324737,24476.39,12994.93,547.23,47.84,0.0,64832.18,266.42,9219.92,719.61,8502.43,410.58,0.723
2010,21,0.0,0.0,0.0,0.0,1.0,1.0,0.0,31.776711711711712,868.0924,17414.09,96.72383982,96.37395825,121309.0,14.3551509,462.21,99.14486679,24469.95,12976.75,547.06,47.86,0.0,64853.38,266.5,9212.57,719.26,8468.66,445.22,1.187
2011,21,0.0,0.0,1.0,0.0,2.0,1.0,0.0,30.628858447488582,866.4846,17377.69,96.54469692,96.17251148,121309.0,14.32514488,472.51,99.26858697,24463.14,12983.23,547.3,47.87,0.0,64864.66,266.55,9212.66,717.13,8448.85,445.61,0.471
2012,21,0.0,0.0,1.0,0.0,1.0,3.0,0.0,38.689275362318845,864.8769,17341.29,96.36556516,95.97106472,121309.0,14.29513886,485.39,99.42638989,24463.32,12991.74,547.06,47.86,0.0,64879.49,266.8,9203.15,714.15,8423.42,447.13,0.624
2013,21,0.0,0.0,0.0,0.0,1.0,5.0,0.0,42.20267857142857,863.2691,17304.89,96.18642227,95.76961795,121309.0,14.26513284,521.09,99.71463316,24457.27,12995.1,546.82,47.86,0.0,64867.01,266.59,9198.72,710.61,8411.09,447.25,0.738
2014,21,0.0,0.0,1.0,0.0,0.0,0.0,0.0,42.00074074074074,861.6614,17268.49,96.00729051,95.56817119,121309.0,14.23512682,540.69,99.93834956,24459.94,13005.83,552.49,47.86,0.0,64867.52,265.56,9194.63,701.03,8386.29,447.62,0.814
2015,21,1.0,0.0,0.0,0.0,0.0,6.0,0.0,51.20684684684685,860.0536,17232.09,95.82814761,95.36672443,121309.0,14.20512081,550.96,100.0,24457.8,13003.91,552.4,47.86,0.0,64862.63,265.48,9194.47,700.76,8385.58,447.55,1.3
2016,21,0.0,1.0,2.0,0.0,0.0,2.0,0.0,49.41785714285714,858.4088,17195.69,95.64488213,95.16527766,121309.0,14.17511479,568.75,100.1500978,24443.28,13006.47,552.13,47.98,0.0,64824.48,265.55,9192.43,696.55,8424.18,447.64,1.57
2017,21,1.0,0.0,1.0,0.0,2.0,0.0,1.0,55.29235294117647,856.5918,17159.29,95.44242993,94.9638309,121309.0,14.14510877,604.34,100.4253903,24437.12,13008.2,552.02,47.9,0.0,64814.74,265.48,9183.0,692.07,8416.91,447.7,1.14
2018,21,0.0,0.0,0.0,0.0,0.0,0.0,0.0,55.96765765765765,854.9459,17122.89,95.25904188,94.76238413,121309.0,14.11510275,621.41,100.7490461,24433.3,13034.99,551.8,47.86,0.0,64822.07,265.68,9169.54,680.31,8393.8,448.62,1.04
2019,21,1.0,0.0,4.0,0.0,1.0,4.0,0.0,64.18477477477478,853.2993,17086.49,95.07557584,94.56093737,121309.0,14.08509674,661.32,101.4554096,24361.36,13090.83,550.96,47.77,0.0,64803.71,265.63,9166.07,676.67,8394.55,450.54,1.926
2020,21,0.0,0.0,1.0,0.0,1.0,2.0,0.0,64.7718018018018,851.652,17050.09,94.89203181,94.35949061,121309.0,14.05509072,750.74,102.1739415,24336.22,13098.84,550.94,47.67,0.0,64754.68,263.95,9154.33,673.59,8387.93,450.82,0.96
1992,22,0.0,0.0,0.0,0.0,0.0,2.0,0.0,18.5725,535.6008,14542.514,100.0,100.0,49944.0,29.11763976,218.69,103.4194857,7176.24,16690.51,414.35,0.0,0.0,6089.51,49.91,1285.29,488.32,13008.16,5211.05,0.305
1993,22,0.0,0.0,0.0,0.0,0.0,2.0,0.0,-24.29588235294117,547.3469,14861.441,102.1930699,102.1930665,49944.0,29.75620895,224.42,103.4472326,7176.01,16689.33,414.21,0.0,0.0,6089.19,49.83,1284.85,487.98,13008.49,5207.76,-0.06
1994,22,0.0,0.0,1.0,0.0,1.0,2.0,2.0,-14.025294117647055,559.093,15180.368,104.3861398,104.386133,49944.0,30.39477815,230.27,103.0956959,7175.9,16625.99,414.03,0.0,0.0,6088.89,49.78,1284.29,487.47,13008.9,5266.51,1.039
1995,22,0.0,2.0,0.0,0.0,0.0,2.0,0.0,-9.13968253968254,570.839,15499.295,106.5791911,106.5791994,49944.0,31.03334735,237.07,102.1020641,7184.76,16456.74,411.82,0.0,0.0,6083.85,49.8,1250.43,503.52,12937.63,5516.44,1.44
1996,22,0.0,0.0,1.0,1.0,0.0,5.0,0.0,2.694029850746269,582.5851,15818.222,108.772261,108.7722659,49944.0,31.67191655,244.68,103.1224644,7185.88,16615.97,410.5,0.0,0.0,6081.6,50.01,1212.57,507.37,12925.89,5397.6,0.713
1997,22,0.0,0.0,1.0,0.0,1.0,1.0,0.0,3.110000000000001,594.3312,16137.149,110.9653309,110.9653324,49944.0,32.31048574,252.53,102.5809998,7189.41,16519.57,414.66,0.0,0.0,6083.42,50.09,1198.22,507.75,12895.57,5520.79,1.528
1998,22,0.0,0.0,0.0,0.0,1.0,1.0,1.0,1.617575757575758,606.0773,16456.076,113.1584008,113.1583989,49944.0,32.94905494,261.09,101.3942817,7208.44,16317.0,416.54,0.0,0.0,6083.72,50.06,1175.73,512.61,12845.13,5761.75,1.174
1999,22,1.0,0.0,0.0,0.0,1.0,2.0,0.0,-0.1142424242424243,617.8234,16775.003,115.3514707,115.3514654,49944.0,33.58762414,269.66,101.5579692,7301.74,16335.18,417.05,0.0,0.0,6099.37,52.09,1105.19,522.55,12626.31,5902.89,0.791
2000,22,0.0,0.0,2.0,0.0,2.0,3.0,1.0,0.043823529411765,629.5694,17093.93,117.544522,117.5445318,49900.0,34.25637275,278.89,101.5156042,7322.62,16319.02,418.41,0.0,0.0,6115.74,52.23,1051.66,523.16,12578.01,5972.28,0.787
2001,22,0.0,0.0,0.0,0.0,1.0,2.0,0.0,3.4138028169014087,634.915,17239.071,118.5425787,118.542578,49852.0,34.58050028,294.16,100.5024428,7319.43,16138.11,419.98,0.0,0.0,6109.01,52.25,1034.3,523.28,12589.69,6151.85,1.381
2002,22,0.0,0.0,1.0,0.0,0.0,3.0,0.0,10.098156028368791,640.2605,17384.212,119.5406168,119.5406241,49904.0,34.83530779,312.9,100.4265396,7338.3,16106.95,420.93,0.0,0.0,6114.73,52.21,1014.55,521.46,12540.05,6209.95,0.79
2003,22,0.0,1.0,0.0,0.0,0.0,4.0,1.0,10.074246575342467,645.6061,17529.353,120.5386736,120.5386703,49921.0,35.11418641,330.2,100.810127,7359.7,16152.38,421.83,0.0,0.0,6116.11,52.32,1005.73,519.84,12514.29,6159.67,1.585
2004,22,0.0,1.0,1.0,0.0,0.0,0.0,1.0,12.749444444444444,650.9516,17674.494,121.5367117,121.5367164,49918.0,35.40705557,346.64,101.2065155,7401.88,16200.75,421.61,0.0,0.0,6143.13,53.05,991.72,517.42,12421.35,6134.52,0.982
2005,22,0.0,1.0,0.0,0.0,0.0,2.0,1.0,7.953692307692307,656.2972,17819.635,122.5347684,122.5347626,49909.0,35.70425174,367.54,100.9987069,7400.23,16145.86,421.06,0.0,0.0,6139.12,53.22,989.7,515.12,12434.67,6165.51,0.864
2006,22,0.0,1.0,1.0,0.0,0.0,2.0,1.0,14.889722222222222,661.6427,17964.776,123.5328065,123.5328087,49898.0,36.00299812,383.98,101.0219271,7401.66,16133.21,420.67,0.0,0.0,6145.91,53.17,986.58,513.81,12431.45,6161.57,1.495
2007,22,0.0,0.0,3.0,0.0,1.0,1.0,0.0,9.567837837837835,666.9882,18109.917,124.5308446,124.5308548,49911.0,36.28442027,402.36,101.0254758,7394.0,16115.42,422.34,0.0,0.0,6142.98,53.11,974.59,512.12,12456.28,6158.84,0.806
2008,22,0.0,0.0,0.0,0.0,0.0,2.0,0.0,25.7,672.3338,18255.058,125.5289014,125.528901,49880.0,36.59795108,415.42,100.890448,7389.83,16080.26,422.58,0.0,0.0,6145.22,53.02,966.42,510.81,12488.26,6160.15,0.846
2009,22,0.0,0.0,0.0,0.0,1.0,2.0,1.0,23.22448979591837,677.6793,18400.199,126.5269395,126.5269471,49866.0,36.89928809,429.27,101.2728535,7389.04,16128.95,423.72,0.0,0.0,6152.34,52.97,961.36,510.1,12493.81,6090.46,1.332
2010,22,0.0,0.0,1.0,0.0,1.0,1.0,0.0,42.81175675675676,683.0249,18545.34,127.5249962,127.5249933,50001.0,37.0899382,442.47,101.5285084,7391.93,16157.54,429.78,0.0,0.0,6157.09,52.79,959.09,508.35,12480.32,6052.63,0.893
2011,22,0.0,0.0,1.0,0.0,0.0,2.0,0.0,21.26904109589041,685.294,18546.508,127.9486513,127.5330249,49988.0,37.10192046,455.35,102.0944397,7394.85,16237.22,433.44,0.0,0.0,6163.32,52.74,958.29,506.2,12469.58,5961.09,1.599
2012,22,0.0,0.0,1.0,0.0,0.0,1.0,1.0,32.232173913043475,687.5632,18547.676,128.3723251,127.5410565,50021.0,37.07977849,471.26,100.1433647,7401.45,15902.31,433.23,0.0,0.0,6189.84,52.82,958.47,505.58,12430.85,6286.28,1.027
2013,22,0.0,0.0,1.0,0.0,1.0,2.0,0.0,32.29160714285714,689.8323,18548.844,128.7959801,127.5490881,50021.0,37.08211351,494.53,99.44291575,7403.96,15764.49,433.75,0.0,0.0,6194.06,52.72,957.82,496.65,12425.22,6408.81,0.894
2014,22,0.0,0.0,0.0,0.0,1.0,4.0,0.0,38.59527777777778,692.1015,18550.012,129.2196539,127.5571198,50021.0,37.08444853,519.25,99.95879293,7412.22,15824.11,439.61,0.0,0.0,6201.09,52.08,956.85,494.24,12404.44,6328.1,1.589
2015,22,0.0,0.0,2.0,0.0,0.0,8.0,0.0,33.16243243243243,694.3707,18551.18,129.6433276,127.5651514,49966.1,37.12753247,535.87,100.0,7411.69,15814.25,439.5,0.0,0.0,6200.7,52.04,956.17,493.18,12405.04,6323.62,1.503
2016,22,0.0,0.0,1.0,0.0,0.0,1.0,0.0,48.21607142857143,710.8512,18555.24,132.7203395,127.5930695,49956.4,37.14286858,536.17,101.1971154,7396.49,16009.67,441.24,0.0,0.0,6188.63,51.4,960.06,493.14,12461.56,6093.67,1.689
2017,22,0.0,0.0,0.0,0.0,0.0,2.0,2.0,37.43343137254902,713.0483,18559.3,133.1305517,127.6209877,49954.735,37.15223392,576.59,100.8443548,7383.76,15911.57,441.69,0.0,0.0,6183.13,51.08,956.88,490.28,12493.3,6143.74,2.003
2018,22,0.0,1.0,1.0,0.0,1.0,3.0,1.0,62.55499999999999,713.3988,18563.59,133.1959922,127.6504874,49960.3479,37.15664678,597.8,99.06685454,7367.69,15599.74,441.77,0.0,0.0,6176.37,50.28,955.26,486.8,12542.62,6413.7,1.107
2019,22,0.0,1.0,4.0,0.0,3.0,3.0,0.0,59.964459459459455,713.7493,18567.88,133.2614328,127.6799871,49957.0036,37.16772156,601.18,98.52805917,7370.66,15508.26,441.94,0.0,0.0,6176.89,50.14,956.36,486.0,12545.07,6495.51,1.49
2020,22,0.0,0.0,0.0,0.0,1.0,1.0,0.0,66.26108108108107,713.9142,18572.17,133.2922206,127.7094868,49955.6645,37.17730549,601.13,97.78079531,7373.47,15386.16,440.92,0.0,0.0,6176.1,50.16,955.55,485.84,12544.0,6618.77,2.037
1992,23,0.0,0.0,2.0,0.0,0.0,1.0,0.0,-18.35,109.2732,2313.548,100.0,100.0,6271.0,36.89280816,45.32,78.84297689,421.88,1254.3,183.86,18.91,0.0,1088.63,0.02,7.26,1.53,2246.43,1385.97,0.35
1993,23,0.0,0.0,2.0,1.0,0.0,1.0,0.0,-18.83235294117647,108.4068,2295.157,99.20712489,99.20507377,6271.0,36.59953755,46.19,77.76190561,421.84,1235.61,183.81,18.91,0.0,1088.45,0.02,7.26,1.53,2246.39,1404.1,0.348
1994,23,0.0,0.0,3.0,0.0,0.0,2.0,0.0,-16.008823529411764,107.5403,2276.766,98.41415827,98.41014753,6271.0,36.30626694,47.03,77.93359089,421.81,1237.6,183.75,18.91,0.0,1088.29,0.02,7.26,1.53,2246.33,1401.58,0.421
1995,23,0.0,0.0,1.0,0.0,0.0,1.0,0.0,-9.985483870967744,106.6739,2258.375,97.62128317,97.6152213,6271.0,36.01299633,48.07,79.71766335,430.58,1265.97,183.2,18.96,0.0,1114.83,0.02,7.38,1.53,2154.73,1428.85,0.72
1996,23,0.0,0.0,1.0,0.0,0.0,3.0,0.0,-9.56470588235294,105.8074,2239.984,96.82831655,96.82029506,6271.0,35.71972572,49.16,80.17763278,432.9,1272.46,183.35,18.98,0.0,1123.91,0.02,7.31,1.53,2129.92,1434.57,0.541
1997,23,0.0,0.0,1.0,0.0,0.0,2.0,0.0,-5.368181818181818,104.941,2221.593,96.03544144,96.02536883,6271.0,35.42645511,50.19,81.01846599,438.87,1285.29,183.31,18.96,0.0,1144.67,0.02,7.31,1.53,2076.57,1447.39,0.695
1998,23,0.0,0.0,2.0,0.0,0.0,1.0,0.0,3.101515151515152,104.0746,2203.202,95.24256634,95.23044259,6271.0,35.1331845,51.45,81.11856518,438.86,1285.68,183.26,18.95,0.0,1144.42,0.02,7.31,1.53,2076.42,1446.21,1.31
1999,23,0.0,0.0,1.0,0.0,0.0,1.0,0.0,-5.322727272727273,103.2081,2184.811,94.44959972,94.43551636,6271.0,34.83991389,52.5,82.59057487,456.83,1308.89,183.59,18.98,0.0,1194.69,0.02,7.31,1.53,1983.46,1446.29,0.483
2000,23,0.0,0.0,2.0,0.0,1.0,1.0,0.0,-3.688235294117647,102.3417,2166.42,93.65672461,93.64059012,6271.0,34.54664328,53.88,83.56960432,460.02,1323.65,184.44,18.99,0.0,1211.21,0.02,7.29,1.53,1953.69,1439.38,0.604
2001,23,1.0,0.0,1.0,0.0,0.0,1.0,0.0,3.5277777777777777,102.0534,2160.14,93.39289048,93.36914557,6271.0,34.44649976,54.29,84.42694557,480.92,1337.37,184.86,19.24,0.0,1258.97,0.02,7.29,1.53,1856.89,1452.71,0.855
2002,23,0.0,0.0,1.0,0.0,0.0,1.0,0.0,5.142857142857143,101.7652,2153.86,93.12914786,93.09770102,6271.0,34.34635624,54.62,86.16867675,485.72,1365.75,184.86,19.24,0.0,1268.51,0.02,7.3,1.53,1836.58,1429.96,1.012
2003,23,0.0,0.0,1.0,0.0,0.0,3.0,0.0,8.065068493150685,101.4769,2147.58,92.86531373,92.82625647,6271.0,34.24621273,55.18,86.96886602,486.43,1378.38,184.62,19.5,0.0,1264.87,0.02,7.3,1.53,1834.35,1421.91,0.915
2004,23,0.0,0.0,1.0,0.0,0.0,4.0,0.0,8.163888888888888,101.1887,2141.3,92.60157111,92.55481192,6271.0,34.14606921,56.04,85.29226998,487.5,1349.89,184.69,19.52,0.0,1261.61,0.02,7.3,1.53,1831.14,1454.88,0.829
2005,23,0.0,0.0,1.0,0.0,0.0,3.0,0.0,10.473076923076922,100.9004,2135.02,92.33773697,92.28336736,6271.0,34.04592569,58.71,93.88590322,487.65,1488.87,184.64,19.55,0.0,1260.59,0.02,7.3,1.53,1832.33,1312.91,0.88
2006,23,0.0,0.0,1.0,0.0,0.0,2.0,0.0,18.727777777777774,100.6122,2128.74,92.07399436,92.01192281,6271.0,33.94578217,61.05,92.82727684,488.59,1469.08,184.7,19.58,0.0,1260.52,0.02,7.32,1.53,1832.54,1329.17,0.628
2007,23,0.0,0.0,3.0,0.0,0.0,4.0,0.0,22.81756756756757,100.3239,2122.46,91.81016022,91.74047826,6271.0,33.84563865,63.14,90.4201752,490.22,1427.31,184.51,19.67,0.0,1261.49,0.02,7.33,1.53,1842.93,1355.94,0.607
2008,23,0.0,0.0,3.0,0.0,1.0,3.0,0.0,29.817777777777778,100.0357,2116.18,91.5464176,91.46903371,6271.0,33.74549514,65.17,97.89109024,492.87,1548.43,184.45,19.77,0.0,1266.17,0.02,7.33,1.53,1836.07,1232.29,0.534
2009,23,0.0,0.0,3.0,0.0,0.0,3.0,0.0,28.7904054054054,99.7474,2109.9,91.28258347,91.19758916,6271.0,33.64535162,67.79,97.35162081,494.37,1536.92,184.39,19.75,0.0,1269.23,0.02,7.41,1.53,1830.35,1242.35,0.744
2010,23,0.0,0.0,2.0,0.0,0.0,7.0,0.0,39.17148648648649,99.4592,2103.62,91.01884085,90.92614461,6271.0,33.5452081,69.99,96.96275062,494.98,1528.31,184.41,19.76,0.0,1268.34,0.02,7.41,1.53,1831.24,1248.12,1.079
2011,23,0.0,0.0,3.0,0.0,1.0,2.0,0.0,36.10739726027398,99.6634,2108.66,91.20571192,91.14399183,6271.0,33.62557806,72.38,99.99256976,497.76,1575.86,184.35,19.77,0.0,1272.39,0.02,7.41,1.53,1822.55,1200.08,0.705
2012,23,1.0,0.0,1.0,0.0,1.0,2.0,0.0,45.14550724637681,99.8676,2113.7,91.39258299,91.36183905,6271.0,33.70594801,75.58,99.68013848,498.11,1567.51,184.3,19.74,0.0,1271.1,0.02,7.41,1.53,1823.03,1205.77,0.93
2013,23,0.0,0.0,2.0,0.0,1.0,3.0,0.0,44.75696428571428,100.0718,2118.74,91.57945407,91.57968627,6271.0,33.78631797,80.72,99.82513086,498.35,1564.76,184.2,19.72,0.0,1265.57,0.02,7.54,1.53,1828.03,1203.66,0.835
2014,23,1.0,0.0,3.0,3.0,0.0,3.0,0.0,45.41166666666666,100.2761,2123.78,91.76641665,91.79753349,6271.0,33.86668793,85.07,99.91006364,498.27,1561.81,185.48,19.78,0.0,1259.91,0.02,7.54,1.53,1833.3,1201.39,0.948
2015,23,0.0,0.0,2.0,0.0,0.0,6.0,0.0,55.45243243243242,100.4803,2128.82,91.95328772,92.01538071,6189.3,34.39516585,87.19,100.0,498.23,1561.17,185.42,19.78,0.0,1259.02,0.02,7.54,1.53,1833.29,1200.9,0.954
2016,23,1.0,0.0,1.0,0.0,0.0,3.0,0.0,47.31814285714286,100.3312,2125.66,91.81684073,91.87879396,6189.3,34.34411,87.19,98.15302101,493.96,1530.73,185.5,20.51,0.0,1319.79,0.02,7.57,1.53,1838.81,1168.5,1.319
2017,23,0.0,0.0,2.0,0.0,1.0,4.0,0.0,51.10294117647059,100.182,2122.5,91.68030221,91.74220721,6189.3,34.29305414,87.25,98.30468645,493.65,1533.17,185.5,20.54,0.0,1323.63,0.02,7.56,1.54,1839.93,1161.32,1.047
2018,23,0.0,0.0,3.0,0.0,0.0,6.0,0.0,51.807297297297296,100.0328,2119.34,91.5437637,91.60562046,6186.4,34.25804992,87.26,99.88686034,497.12,1559.24,185.77,20.74,0.0,1328.87,0.02,7.55,1.54,1829.2,1136.8,0.771
2019,23,1.0,0.0,5.0,0.0,0.0,7.0,0.0,62.028918918918926,99.8837,2116.18,91.40731671,91.46903371,6186.447,34.20671025,87.29,99.55941261,501.31,1553.81,190.0,21.01,0.0,1324.15,0.02,7.5,1.54,1834.6,1132.87,1.223
2020,23,0.0,0.0,2.0,0.0,1.0,2.0,0.0,65.06378378378379,99.7134,2113.02,91.2514688,91.33244696,6186.0,34.15809893,87.19,99.54919127,502.44,1553.67,189.97,20.95,0.0,1323.54,0.02,7.49,1.55,1834.58,1132.41,1.265
1992,24,0.0,0.0,0.0,0.0,4.0,2.0,0.0,15.65625,1593.3329,19288.4,100.0,100.0,51089.0,37.75450684,96.74,107.6748759,3964.69,24836.66,868.06,314.65,0.0,5537.46,11.79,30.37,0.24,11371.38,4806.54,0.358
1993,24,1.0,0.0,3.0,0.0,2.0,3.0,0.0,-16.11176470588235,1590.4869,19252.1,99.8213807,99.81180399,51089.0,37.68345436,97.34,107.3936535,3964.7,24770.93,868.06,314.63,0.0,5537.46,11.79,30.37,0.24,11371.5,4871.54,0.294
1994,24,0.0,0.0,3.0,1.0,3.0,0.0,0.0,-31.32647058823529,1587.6409,19215.8,99.64276141,99.62360797,51089.0,37.61240189,97.98,106.8658296,3964.73,24648.09,868.04,314.6,0.0,5537.45,11.79,30.37,0.24,11371.62,4993.7,0.353
1995,24,0.0,0.0,1.0,0.0,1.0,7.0,0.0,-5.165873015873015,1584.7948,19179.5,99.46413584,99.43541196,51089.0,37.54134941,98.61,106.8070548,3979.53,24633.85,867.84,327.17,0.0,5490.77,11.87,30.47,0.24,11241.9,5156.36,0.681
1996,24,0.0,0.0,1.0,0.0,1.0,5.0,0.0,0.9768656716417904,1581.9488,19143.2,99.28551654,99.24721594,51089.0,37.47029693,99.21,107.4655116,3983.56,24785.69,872.64,329.47,0.0,5450.47,11.91,30.47,0.24,11238.31,5036.57,0.228
1997,24,0.0,0.0,1.0,0.0,2.0,6.0,0.0,-41.54242424242425,1579.1028,19106.9,99.10689725,99.05901993,51089.0,37.39924446,99.95,108.3243601,3991.08,24983.87,877.67,332.21,0.0,5389.77,11.88,30.48,0.24,11244.34,4877.14,0.388
1998,24,0.0,0.0,0.0,0.0,0.0,6.0,0.0,-6.816666666666666,1576.2567,19070.6,98.92827168,98.87082391,51089.0,37.32819198,101.14,109.0296546,4008.4,25145.98,880.74,334.39,0.0,5409.75,11.95,30.54,0.24,11169.05,4746.41,1.424
1999,24,1.0,0.0,6.0,0.0,0.0,4.0,0.0,3.269696969696969,1573.4107,19034.3,98.74965238,98.6826279,51089.0,37.2571395,102.08,108.8529602,4030.33,25104.1,882.5,335.87,0.0,5336.65,11.96,30.5,0.24,11180.71,4823.6,0.409
2000,24,0.0,0.0,4.0,0.0,1.0,6.0,0.0,12.45735294117647,1570.5647,18998.0,98.57103308,98.49443189,51089.0,37.18608702,103.45,108.7644987,4039.92,25082.27,891.45,338.55,0.0,5337.13,11.96,30.47,0.24,11149.89,4853.26,0.042
2001,24,0.0,0.0,5.0,0.0,1.0,6.0,0.0,14.317605633802817,1580.0539,19105.5,99.16658973,99.05176168,51089.0,37.39650414,111.92,108.7754677,4052.54,25076.34,893.57,339.34,0.0,5363.83,12.11,30.89,0.23,11080.53,4877.29,0.628
2002,24,1.0,0.0,2.0,1.0,2.0,3.0,0.0,-3.424642857142857,1589.5431,19213.0,99.76214638,99.60909147,51089.0,37.60692126,120.54,108.6566646,4065.97,25040.2,892.12,340.43,0.0,5409.65,12.44,30.88,0.23,10997.21,4928.9,0.631
2003,24,0.0,0.0,3.0,0.0,1.0,5.0,0.0,7.309448275862068,1599.0323,19320.5,100.357703,100.1664213,51089.0,37.81733837,131.75,108.4612551,4068.25,24983.76,890.25,342.63,0.0,5385.73,12.49,30.88,0.23,11009.91,4982.73,0.771
2004,24,0.0,0.0,3.0,1.0,2.0,6.0,0.0,5.524055944055944,1608.5215,19428.0,100.9532597,100.7237511,51089.0,38.02775549,141.91,108.728654,4081.32,25035.5,887.77,343.44,0.0,5355.91,12.88,30.86,0.23,10979.95,4968.8,0.515
2005,24,1.0,0.0,2.0,0.0,2.0,1.0,1.0,8.820692307692308,1618.0107,19535.5,101.5488163,101.2810809,51089.0,38.2381726,157.0,108.5181506,4081.71,24971.68,884.96,344.65,0.0,5346.36,12.94,30.84,0.22,10986.08,5022.16,0.859
2006,24,0.0,0.0,3.0,0.0,0.0,2.0,0.0,0.0113888888888884,1627.4999,19643.0,102.144373,101.8384107,51089.0,38.44858972,168.22,108.0814224,4083.67,24859.34,884.7,346.71,0.0,5332.63,12.99,30.99,0.19,10995.83,5123.35,0.652
2007,24,0.0,0.0,5.0,0.0,0.0,4.0,0.0,9.591756756756755,1636.9892,19750.5,102.7399359,102.3957404,51089.0,38.65900683,179.74,107.6104854,4088.12,24738.74,881.82,348.95,0.0,5309.58,13.09,31.03,0.18,11008.68,5238.63,0.523
2008,24,1.0,0.0,3.0,0.0,2.0,2.0,0.0,46.70841121495327,1646.4784,19858.0,103.3354925,102.9530702,51089.0,38.86942395,190.82,106.5339983,4091.12,24478.42,880.27,351.14,0.0,5294.75,13.11,31.02,0.18,11018.75,5489.05,0.378
2009,24,0.0,0.0,1.0,0.0,0.0,3.0,0.0,31.80931972789116,1655.9676,19965.5,103.9310492,103.5104,51089.0,39.07984106,201.49,104.3834682,4093.77,23969.75,878.78,352.47,0.0,5287.35,13.14,31.02,0.18,11021.96,5988.68,0.493
2010,24,1.0,0.0,1.0,0.0,0.0,7.0,0.0,52.37966216216216,1665.4568,20073.0,104.5266058,104.0677298,51089.0,39.29025818,212.23,103.8219369,4097.33,23828.99,878.16,352.61,0.0,5280.78,13.3,31.09,0.18,11024.88,6119.06,1.293
2011,24,1.0,0.0,2.0,0.0,1.0,2.0,0.0,38.185753424657534,1665.7391,20070.6,104.5443234,104.0552871,51089.0,39.28556049,225.4,103.8205287,4101.39,23815.48,878.16,353.88,0.0,5252.06,13.21,31.16,0.17,11053.47,6114.2,0.247
2012,24,1.0,0.0,1.0,0.0,0.0,4.0,0.0,55.085072463768114,1666.0215,20068.2,104.5620473,104.0428444,51089.0,39.28086281,244.39,103.2409429,4103.34,23662.28,877.61,353.91,0.0,5243.35,13.21,31.15,0.13,11065.15,6244.06,0.908
2013,24,0.0,0.0,3.0,0.0,0.0,6.0,0.0,59.413603603603605,1666.3038,20065.8,104.5797648,104.0304017,51089.0,39.27616512,273.13,102.6565168,4104.59,23498.2,877.29,354.46,0.0,5238.86,13.15,31.16,0.12,11077.05,6370.55,1.109
2014,24,1.0,1.0,4.0,0.0,1.0,0.0,0.0,44.5125,1666.5862,20063.4,104.5974887,104.017959,51089.0,39.27146744,298.23,100.7796896,4097.93,23038.53,883.61,359.4,0.0,5213.83,12.88,31.39,0.11,11143.38,6759.34,0.692
2015,24,1.0,0.0,0.0,0.0,1.0,3.0,0.0,50.060810810810814,1666.8685,20061.0,104.6152063,104.0055163,51089.0,39.26676975,311.64,100.0,4098.76,22844.56,883.52,359.26,0.0,5213.79,12.88,31.36,0.11,11146.0,6936.72,1.202
2016,24,0.0,1.0,3.0,0.0,0.0,7.0,0.0,82.07135714285714,1663.2125,20017.0,104.3857501,103.7773999,51089.0,39.18064554,313.74,99.55845768,4084.07,22740.18,883.44,358.76,0.0,5182.86,12.85,31.09,0.11,11254.46,6976.96,1.462
2017,24,0.0,0.0,4.0,0.0,2.0,0.0,0.0,49.56676470588236,1660.0215,19981.0,104.1854781,103.5907592,51089.0,39.11018027,323.36,98.78422728,4081.18,22551.3,884.56,360.22,0.0,5185.24,12.56,30.99,0.11,11272.14,7136.91,1.044
2018,24,0.0,0.0,0.0,0.0,0.0,2.0,0.0,55.55283783783784,1657.0306,19945.0,103.9977647,103.4041185,51089.0,39.03971501,329.12,98.74253979,4085.25,22535.9,884.85,360.28,0.0,5187.81,14.35,31.14,0.11,11277.19,7132.6,0.813
2019,24,1.0,0.0,1.0,0.0,1.0,2.0,0.0,35.74743243243243,1653.8406,19909.0,103.7975554,103.2174779,51089.0,38.96924974,329.9,98.30075221,4087.62,22432.81,885.53,359.31,0.0,5156.91,14.41,31.47,0.11,11329.96,7210.55,1.714
2020,24,0.0,0.0,3.0,0.0,4.0,1.0,0.0,75.45082191780821,1650.8501,19873.0,103.6098671,103.0308372,51089.0,38.89878447,331.6,98.08983867,4088.63,22382.38,886.09,357.91,0.0,5147.2,14.49,31.54,0.11,11345.53,7253.35,1.475
1992,25,0.0,0.0,0.0,0.0,0.0,1.0,0.0,10.55625,147.1588,2813.2,100.0,100.0,24193.0,11.6281569,661.82,96.53303905,11867.67,6546.08,461.28,0.0,0.0,765.93,1461.98,499.17,64.77,1984.7,63.92,0.512
1993,25,0.0,0.0,2.0,0.0,0.0,3.0,0.0,-15.59705882352941,151.2882,2830.8,102.8060843,100.6256221,24193.0,11.70090522,681.77,96.62487314,11859.41,6532.99,461.09,0.0,0.0,765.02,1461.34,499.03,63.76,1987.49,65.43,-0.024
1994,25,0.0,0.0,2.0,0.0,0.0,4.0,0.0,-16.772058823529413,155.4176,2848.4,105.6121686,101.2512441,24193.0,11.77365354,701.05,96.70576485,11850.92,6519.75,460.91,0.0,0.0,764.29,1460.93,498.9,62.91,1990.39,67.28,0.406
1995,25,0.0,0.0,0.0,0.0,1.0,3.0,0.0,-2.3958730158730157,159.547,2866.0,108.4182529,101.8768662,24193.0,11.84640185,718.02,97.82931576,11771.12,6586.67,461.86,0.0,0.0,765.27,1446.06,500.3,62.27,2002.5,63.25,1.114
1996,25,0.0,0.0,0.0,0.0,1.0,6.0,0.0,-20.64417910447761,163.6764,2883.6,111.2243372,102.5024883,24193.0,11.91915017,732.12,98.22181467,11735.35,6601.88,463.52,0.0,0.0,766.0,1437.8,501.71,61.86,2016.46,60.63,-0.146
1997,25,0.0,1.0,2.0,0.0,0.0,2.0,0.0,2.307575757575757,167.8058,2901.2,114.0304216,103.1281103,24193.0,11.99189848,742.49,98.86355069,11641.73,6639.43,466.48,0.0,0.0,768.72,1405.47,503.0,61.58,2089.01,59.43,0.877
1998,25,0.0,0.0,1.0,0.0,3.0,5.0,0.0,4.0651515151515145,171.9352,2918.8,116.8365059,103.7537324,24193.0,12.0646468,752.48,99.35898597,11605.37,6666.43,467.26,0.0,0.0,769.62,1400.7,503.88,61.31,2093.78,56.5,0.855
1999,25,0.0,0.0,1.0,0.0,2.0,1.0,0.0,-2.501515151515151,176.0646,2936.4,119.6425902,104.3793545,24193.0,12.13739511,762.33,99.93031711,11551.29,6699.24,468.01,0.0,0.0,773.76,1352.41,506.7,61.16,2144.69,57.74,1.126
2000,25,0.0,0.0,3.0,0.0,3.0,1.0,0.0,-4.894117647058825,180.194,2954.0,122.4486745,105.0049765,24193.0,12.21014343,771.63,100.1014343,11520.01,6702.72,468.63,0.0,0.0,777.57,1323.44,508.16,60.89,2184.97,59.32,0.714
2001,25,0.0,0.0,2.0,0.0,0.0,4.0,0.0,4.242857142857143,183.8935,2964.5,124.9626254,105.378217,24193.0,12.25354441,843.06,100.507098,11487.77,6661.58,466.41,0.0,0.0,773.83,1308.77,508.54,57.89,2209.37,60.12,0.622
2002,25,0.0,0.0,3.0,0.0,2.0,0.0,0.0,8.505281690140846,187.593,2975.0,127.4765763,105.7514574,24193.0,12.2969454,899.08,100.8340129,11456.48,6629.97,465.26,0.0,0.0,773.15,1305.65,507.85,56.47,2226.14,57.29,1.003
2003,25,0.0,1.0,0.0,0.0,0.0,4.0,0.0,27.955,191.2925,2985.5,129.9905272,106.1246979,24193.0,12.34034638,936.2,100.958606,11440.17,6602.15,463.79,0.0,0.0,772.57,1303.29,507.14,56.05,2238.8,57.17,1.185
2004,25,0.0,0.0,1.0,0.0,0.0,3.0,0.0,16.25923611111111,194.992,2996.0,132.5044782,106.4979383,24193.0,12.38374736,976.39,100.97954,11432.88,6563.52,462.96,0.0,0.0,770.71,1300.0,506.9,55.59,2253.1,55.27,1.026
2005,25,0.0,2.0,0.0,0.0,2.0,3.0,0.0,15.140230769230769,198.6915,3006.5,135.0184291,106.8711787,24193.0,12.42714835,978.51,100.8798572,11443.07,6553.96,462.6,0.0,0.0,769.61,1299.68,506.78,55.49,2253.86,53.77,1.108
2006,25,0.0,0.0,0.0,0.0,0.0,2.0,0.0,19.88111111111111,202.391,3017.0,137.53238,107.2444192,24193.0,12.47054933,980.55,100.879095,11448.67,6551.86,462.15,0.0,0.0,769.6,1298.83,506.83,55.43,2255.02,48.38,1.241
2007,25,0.0,0.0,3.0,0.0,1.0,0.0,0.0,30.659864864864865,206.0905,3027.5,140.0463309,107.6176596,24193.0,12.51395032,982.3,100.6088309,11469.37,6529.93,461.49,0.0,0.0,768.49,1298.21,507.37,55.49,2255.31,49.36,1.327
2008,25,0.0,0.0,2.0,0.0,1.0,5.0,0.0,21.90177570093458,209.79,3038.0,142.5602818,107.9909,24193.0,12.5573513,985.91,100.2470537,11497.27,6499.31,460.69,0.0,0.0,766.81,1297.58,508.07,55.53,2256.37,49.79,0.829
2009,25,0.0,1.0,1.0,0.0,1.0,5.0,0.0,18.097551020408165,213.4895,3048.5,145.0742327,108.3641405,24193.0,12.60075228,986.69,100.248084,11498.32,6498.61,460.89,0.0,0.0,766.88,1297.12,508.65,55.5,2258.48,46.2,0.942
2010,25,0.0,1.0,0.0,0.0,1.0,2.0,0.0,15.281904761904762,217.189,3059.0,147.5881836,108.7373809,24193.0,12.64415327,987.4,100.1806671,11499.65,6492.86,460.54,0.0,0.0,767.09,1296.45,509.51,55.52,2258.27,50.03,-0.065
2011,25,0.0,0.0,0.0,0.0,0.0,2.0,0.0,32.750952380952384,220.4452,3078.2,149.8008954,109.4198777,24193.0,12.72351507,988.05,100.1833457,11502.66,6492.41,460.42,0.0,0.0,767.28,1295.42,509.66,55.51,2257.71,48.2,0.837
2012,25,0.0,0.0,5.0,0.0,0.0,0.0,0.0,24.63231884057971,223.7014,3097.4,152.0136071,110.1023745,24193.0,12.80287687,989.67,100.1062967,11511.49,6485.04,460.13,0.0,0.0,766.93,1295.19,509.74,55.35,2255.77,48.02,0.565
2013,25,0.0,1.0,1.0,0.0,3.0,1.0,0.0,18.57945945945946,226.9576,3116.6,154.2263188,110.7848713,24193.0,12.88223866,990.1,100.0660259,11518.01,6481.6,460.69,0.0,0.0,766.82,1294.91,509.84,55.37,2253.53,46.45,0.357
2014,25,0.0,0.0,1.0,0.0,1.0,2.0,0.0,29.08944444444445,230.2138,3135.8,156.4390305,111.4673681,24193.0,12.96160046,990.63,100.0789757,11511.77,6482.04,461.15,0.0,0.0,766.89,1294.16,509.71,55.32,2259.07,46.59,1.712
2015,25,0.0,0.0,1.0,0.0,1.0,3.0,0.0,53.274054054054055,233.47,3155.0,158.6517422,112.1498649,24193.0,13.04096226,991.13,100.0,11511.45,6475.64,461.14,0.0,0.0,766.87,1294.19,509.71,55.32,2259.08,52.79,0.607
2016,25,0.0,0.0,0.0,0.0,0.0,3.0,0.0,56.25414285714286,236.925,3159.0,160.9995461,112.2920518,24193.0,13.05749597,991.6,99.747909,11534.98,6456.35,461.29,0.0,0.0,765.82,1293.42,509.99,55.56,2258.35,49.97,1.155
2017,25,0.0,0.0,1.0,0.0,0.0,29.0,0.0,62.7643137254902,240.464,3164.0,163.4044311,112.4697853,24193.0,13.07816311,992.59,99.66219593,11539.98,6448.96,461.34,0.0,0.0,765.49,1293.6,510.06,55.44,2259.29,50.58,1.419
2018,25,0.0,1.0,0.0,0.0,1.0,28.0,0.0,55.78513513513514,241.148,3173.0,163.8692351,112.7897057,24193.0,13.11536395,993.67,99.57705942,11540.3,6441.52,461.35,0.0,0.0,766.34,1293.34,510.04,55.6,2265.91,49.25,0.994
2019,25,0.0,2.0,1.0,0.0,0.0,14.0,0.0,69.27162162162162,248.196,3182.0,168.6586191,113.109626,24193.0,13.15256479,995.85,99.55585816,11534.99,6437.76,461.57,0.0,0.0,768.96,1293.64,510.23,55.27,2270.46,48.6,1.23
2020,25,0.0,1.0,1.0,0.0,1.0,17.0,0.0,78.61635135135134,252.01,3190.0,171.2503771,113.3939997,24193.0,13.18563221,995.65,99.57330676,11527.44,6439.15,461.97,0.0,0.0,768.97,1293.18,510.29,55.25,2276.49,48.57,1.372
1992,26,0.0,0.0,0.0,0.0,27.0,14.0,2.0,1.5116666666666667,14499.0523,302667.2,100.0,100.0,915896.0,33.04602269,6032.81,97.31036971,199900.32,151507.74,18850.6,192.17,6536.75,202541.92,12527.3,18636.24,18221.44,296011.11,1728.41,0.396
1993,26,0.0,1.0,6.0,0.0,20.0,33.0,1.0,-18.135882352941177,14624.3687,302775.8,100.8643075,100.035881,915896.0,33.05787993,6225.34,97.31383721,199860.53,151320.92,18849.1,191.99,6536.75,202502.81,12523.1,18635.64,18220.04,295999.49,1821.67,0.01
1994,26,0.0,0.0,1.0,1.0,9.0,32.0,3.0,-13.522156862745096,14749.6851,302884.4,101.728615,100.071762,915896.0,33.06973718,6415.94,97.36948142,199817.88,151220.27,18847.4,191.89,6536.75,202468.2,12518.8,18635.34,18218.74,295986.82,1828.55,0.472
1995,26,0.0,2.0,5.0,0.0,10.0,22.0,0.0,-6.630000000000001,14875.0015,302993.0,102.5929226,100.107643,915896.0,33.08159442,6608.82,97.65882243,199732.98,151495.92,18875.3,191.68,6536.75,202425.31,12309.0,18603.05,18222.34,295769.83,1916.2,0.638
1996,26,0.0,0.0,4.0,0.0,9.0,30.0,1.0,-6.5633333333333335,15000.3179,303101.6,103.4572301,100.143524,915896.0,33.09345166,6799.63,97.83842045,199505.83,151595.77,18944.5,191.4,6536.75,202047.9,12176.6,18622.15,18221.94,296096.31,1947.81,-0.005
1997,26,0.0,0.0,8.0,0.0,23.0,26.0,2.0,-2.07040404040404,15125.6343,303210.2,104.3215376,100.179405,915896.0,33.1053089,6967.15,97.93704383,199327.33,151587.94,18984.3,191.18,6536.75,201764.6,12019.5,18643.26,18223.84,296306.94,2133.94,0.389
1998,26,0.0,1.0,7.0,0.0,20.0,29.0,4.0,-0.2209090909090909,15250.9507,303318.8,105.1858451,100.215286,915896.0,33.11716614,7118.73,98.18730192,199461.02,151841.51,19034.3,191.03,6536.75,201595.08,11641.1,18680.64,18227.94,296211.3,2147.3,1.274
1999,26,1.0,1.0,1.0,0.0,16.0,22.0,3.0,0.657878787878788,15376.2671,303427.4,106.0501527,100.251167,915896.0,33.12902338,7245.03,98.43304236,199640.12,152113.0,19111.1,191.02,6536.75,200737.63,10937.9,18760.53,18231.14,296840.22,2341.96,0.756
2000,26,2.0,1.0,8.0,0.0,12.0,20.0,7.0,4.704313725490196,15501.5835,303536.0,106.9144602,100.287048,916192.0,33.13017359,7379.84,98.71963118,199536.68,152442.13,19139.5,190.99,6536.75,200299.99,9941.4,18873.74,18235.84,297762.32,2347.03,1.002
2001,26,0.0,1.0,5.0,0.0,17.0,16.0,3.0,3.808301886792453,15622.2178,304054.4,107.7464753,100.4583252,916192.0,33.18675561,7724.18,98.97998927,199462.93,152519.31,19123.5,190.61,6536.75,200090.45,9185.02,18952.88,18244.44,298308.43,2347.79,0.788
2002,26,1.0,1.0,4.0,0.0,15.0,28.0,8.0,7.722783018867925,15742.8521,304572.8,108.5784903,100.6296024,916192.0,33.24333764,7985.55,99.09933376,199426.2,152451.07,19120.2,190.4,6536.75,200096.46,8819.71,19002.6,18250.14,298400.68,2406.05,0.953
2003,26,0.0,0.0,4.0,1.0,14.0,23.0,3.0,12.314155251141552,15863.4864,305091.2,109.4105054,100.8008796,916192.0,33.29991967,8165.48,99.18812373,199409.3,152414.95,19109.3,190.27,6536.75,200001.34,8447.55,19050.28,18265.14,298658.7,2437.12,0.991
2004,26,0.0,1.0,4.0,0.0,12.0,21.0,3.0,13.300879629629629,15984.1207,305609.6,110.2425205,100.9721569,916192.0,33.35650169,8289.3,99.23301675,199414.9,152363.98,19085.0,190.16,6536.75,199826.92,8020.6,19085.26,18272.64,299160.45,2441.21,0.863
2005,26,0.0,1.0,6.0,0.0,8.0,17.0,1.0,14.991897435897435,16104.755,306128.0,111.0745355,101.1434341,916192.0,33.41308372,8533.05,99.30713375,199379.36,152240.17,19081.2,190.17,6536.75,199743.5,7955.1,19100.51,18279.24,299175.65,2472.17,1.154
2006,26,0.0,2.0,11.0,0.0,12.0,15.0,3.0,18.409444444444446,16225.3892,306646.4,111.9065499,101.3147113,916192.0,33.46966575,8781.08,99.36144995,199373.38,152080.07,19078.8,189.96,6536.75,199781.6,7789.45,19142.61,18286.44,299143.33,2503.37,1.033
2007,26,1.0,0.0,6.0,0.0,13.0,23.0,3.0,16.804864864864864,16346.0235,307164.8,112.738565,101.4859886,916192.0,33.52624777,9003.3,99.45233065,199328.55,152005.09,19066.9,190.2,6536.75,199829.43,7739.9,19154.7,18299.35,298996.44,2536.86,1.148
2008,26,0.0,1.0,4.0,0.0,14.0,25.0,2.0,25.42320987654321,16466.6578,307683.2,113.5705801,101.6572658,914742.0,33.6360635,9171.9,99.52625876,199254.12,151955.96,19046.5,190.28,6536.75,199897.11,7708.38,19252.51,18331.55,298783.7,2557.46,0.219
2009,26,0.0,1.0,4.0,0.0,10.0,28.0,2.0,25.15590909090909,16587.2921,308201.6,114.4025951,101.828543,914742.0,33.69273522,9338.77,99.56212897,199208.15,151847.48,19070.4,190.22,6536.75,199924.32,7613.96,19252.69,18345.55,298782.38,2577.39,0.408
2010,26,0.0,0.0,3.0,0.0,12.0,19.0,0.0,17.324324324324323,16707.9264,308720.0,115.2346102,101.9998203,914742.0,33.74940694,9500.7,99.64026241,199320.83,151811.79,19073.5,190.13,6536.75,200059.55,7624.26,19283.29,18359.66,298327.21,2598.92,0.704
2011,26,1.0,1.0,4.0,0.0,14.0,29.0,3.0,18.124566210045664,16833.2032,308995.0,116.0986446,102.0906791,914742.0,33.77947006,9648.15,99.68889974,199386.68,151743.09,19084.3,190.13,6536.75,200239.56,7622.22,19306.82,18363.06,297945.64,2620.24,0.543
2012,26,2.0,1.0,1.0,0.0,19.0,26.0,2.0,35.20048309178744,16958.48,309270.0,116.962679,102.181538,914742.0,33.80953318,9829.73,99.75960293,199374.5,151675.89,19083.7,190.08,6536.75,200338.67,7627.56,19317.95,18365.36,297703.99,2641.97,1.455
2013,26,0.0,1.0,7.0,0.0,15.0,24.0,5.0,28.448452380952386,17083.7569,309545.0,117.8267141,102.2723969,914742.0,33.8395963,10075.13,99.84715024,199343.48,151572.41,19089.4,190.05,6536.75,200419.82,7623.63,19361.57,18384.86,297459.22,2630.9,0.619
2014,26,1.0,1.0,2.0,1.0,13.0,19.0,1.0,36.92759259259259,17209.0337,309820.0,118.6907485,102.3632557,914742.0,33.86965942,10294.27,99.94437735,199282.06,151510.57,19086.9,190.02,6536.75,200405.1,7622.71,19370.09,18392.06,297375.45,2620.63,0.506
2015,26,1.0,0.0,5.0,0.0,19.0,20.0,4.0,47.05279279279279,17334.3105,310095.0,119.5547829,102.4541146,914742.0,33.89972254,10412.48,100.0,199244.8,151482.53,19085.6,190.02,6536.75,200393.17,7622.6,19379.19,18400.26,297328.88,2611.02,1.53
2016,26,0.0,0.0,6.0,0.0,16.0,23.0,4.0,52.452238095238094,17476.9542,310095.0,120.5385969,102.4541146,914742.0,33.89972254,10566.67,100.0550169,199073.95,151417.13,19112.4,190.27,6536.75,200452.97,7617.6,19373.42,18407.56,297336.15,2600.82,2.223
2017,26,1.0,0.0,3.0,0.0,17.0,5.0,3.0,51.7137908496732,17587.0622,309795.0,121.298012,102.3549959,914742.0,33.86692641,10728.9,100.1767428,199004.43,151452.34,19138.7,190.11,6536.75,200423.91,7599.29,19372.88,18409.06,297239.03,2592.43,1.434
2018,26,1.0,0.0,3.0,1.0,11.0,4.0,3.0,61.64765765765766,17704.7843,309795.0,122.1099416,102.3549959,914742.0,33.86692641,10819.27,100.5663304,199680.67,151992.55,19149.4,189.85,6536.75,200999.15,7632.6,19394.09,18406.66,295284.35,2601.67,1.277
2019,26,0.0,0.0,4.0,0.0,14.0,3.0,2.0,67.7927027027027,17704.7843,309795.0,122.1099416,102.3549959,914742.0,33.86692641,10912.73,100.8395212,200952.81,152341.43,19171.1,189.26,6536.75,201428.12,7717.14,19423.35,18464.16,292942.84,2607.65,1.037
2020,26,1.0,0.0,2.0,0.0,19.0,2.0,1.0,68.2463963963964,17704.7843,309795.0,122.1099416,102.3549959,914742.0,33.86692641,10912.88,100.8772709,201022.4,152408.35,19179.1,189.12,6536.52,201446.15,7725.43,19414.1,18458.13,292820.38,2608.79,1.332
1992,27,0.0,0.0,2.0,1.0,2.0,6.0,0.0,12.34125,350.1345,9857.588,100.0,100.0,32549.0,30.28537897,73.33,124.7139298,1851.38,10058.28,771.01,180.87,0.0,5691.63,58.34,6.1,18.71,12058.98,2175.7,0.047
1993,27,0.0,0.0,1.0,0.0,3.0,4.0,0.0,-29.926764705882352,371.3423,10098.402,106.0570438,102.4429303,32549.0,31.02522965,75.35,123.8027512,1851.38,9982.24,770.97,180.85,0.0,5691.61,58.34,6.1,18.71,12059.35,2249.44,0.292
1994,27,0.0,0.0,1.0,1.0,1.0,4.0,0.0,-24.58117647058824,392.5501,10339.216,112.1140876,104.8858605,32549.0,31.76508034,77.47,121.698868,1851.4,9809.2,770.94,180.85,0.0,5691.6,58.32,6.1,18.71,12059.75,2419.99,0.358
1995,27,0.0,0.0,1.0,0.0,1.0,5.0,0.0,-17.181935483870966,413.7578,10580.03,118.1711028,107.3287908,32549.0,32.50493103,79.66,124.0084787,1893.05,9994.64,760.76,170.09,0.0,5738.27,58.48,6.1,18.54,11731.17,2493.57,0.369
1996,27,0.0,0.0,2.0,0.0,4.0,11.0,0.0,-8.875294117647059,434.9656,10820.844,124.2281466,109.771721,32549.0,33.24478171,81.39,123.3700763,1902.17,9941.05,762.11,171.62,0.0,5695.39,58.58,6.1,18.54,11712.05,2595.34,0.014
1997,27,1.0,0.0,0.0,0.0,3.0,7.0,0.0,-8.874848484848485,456.1734,11061.658,130.2851904,112.2146513,32549.0,33.9846324,83.29,123.3347858,1923.1,9936.28,764.01,172.81,0.0,5680.96,58.61,6.1,18.49,11611.5,2689.18,0.318
1998,27,0.0,0.0,1.0,0.0,3.0,6.0,0.0,-11.18090909090909,477.3811,11302.472,136.3422056,114.6575816,32549.0,34.72448309,85.61,122.5806268,1941.59,9872.69,765.04,174.47,0.0,5687.92,58.79,6.1,18.49,11506.98,2826.64,1.307
1999,27,1.0,0.0,3.0,0.0,1.0,4.0,0.0,7.878181818181819,498.5889,11543.286,142.3992494,117.1005118,32549.0,35.46433377,87.88,122.7475421,1971.65,9883.98,764.52,178.29,0.0,5738.05,58.66,6.1,18.39,11319.38,2917.42,0.737
2000,27,0.0,0.0,2.0,2.0,7.0,6.0,0.0,11.843823529411765,519.7967,11784.1,148.4562932,119.5434421,31106.0,37.88368803,90.27,121.7240653,2000.36,9798.45,766.26,179.61,0.0,5806.94,58.74,6.1,18.39,11156.41,3062.81,0.122
2001,27,0.0,0.0,4.0,0.0,3.0,10.0,0.0,19.294722222222223,516.2818,11944.496,147.4524219,121.1705744,31109.0,38.39562827,94.89,120.7510817,2022.6,9714.78,764.11,181.97,0.0,5937.78,58.94,6.09,18.39,10942.06,3202.71,0.679
2002,27,1.0,0.0,3.0,0.0,1.0,11.0,1.0,9.410714285714286,512.7669,12104.892,146.4485505,122.7977067,31055.0,38.97888263,101.14,120.5234079,2037.86,9690.04,764.91,182.17,0.0,5997.34,59.0,6.08,18.39,10838.31,3249.1,0.715
2003,27,0.0,0.0,3.0,0.0,1.0,6.0,0.0,14.776164383561644,509.252,12265.288,145.4446791,124.424839,31007.0,39.55651305,105.78,119.3902421,2044.47,9593.34,765.26,182.74,0.0,5972.75,59.04,6.08,18.39,10823.29,3373.19,1.074
2004,27,0.0,0.0,3.0,1.0,2.0,10.0,0.0,8.214583333333332,505.7371,12425.684,144.4408077,126.0519713,31007.0,40.07380269,110.12,114.4728873,2053.71,9189.52,764.98,183.55,0.0,5919.0,59.47,6.08,18.44,10826.86,3812.6,0.371
2005,27,1.0,0.0,5.0,0.0,4.0,6.0,0.0,-1.6195384615384616,502.2222,12586.08,143.4369364,127.6791037,31283.7,40.23206974,117.92,109.6908128,2063.27,8793.23,763.43,183.3,0.0,5911.33,59.49,6.08,18.44,10803.97,4223.87,0.817
2006,27,0.0,0.0,5.0,0.0,6.0,7.0,0.0,18.280555555555555,498.7073,12746.476,142.433065,129.306236,31279.5,40.75025496,126.0,109.3904305,2067.85,8760.75,762.65,184.95,0.0,5885.45,59.43,6.05,18.45,10811.07,4261.69,0.885
2007,27,0.0,0.0,5.0,0.0,1.0,5.0,0.0,14.414864864864866,495.1924,12906.872,141.4291936,130.9333683,31255.8,41.29432617,134.77,109.001397,2073.14,8720.37,758.74,186.91,0.0,5851.93,59.65,6.05,18.45,10834.66,4299.65,0.518
2008,27,0.0,0.0,5.0,0.0,5.0,4.0,0.0,39.45457943925234,491.6775,13067.268,140.4253223,132.5605006,31279.2,41.7762219,143.1,106.669227,2080.51,8522.58,757.84,187.68,0.0,5848.05,60.17,6.05,18.46,10821.14,4498.75,0.216
2009,27,0.0,0.0,2.0,1.0,3.0,10.0,0.0,36.79292517006803,488.1627,13227.664,139.4214795,134.1876329,31276.2,42.29306629,152.18,106.5001283,2088.03,8499.76,757.1,187.94,0.0,5857.22,61.4,6.05,18.49,10796.44,4519.71,0.691
2010,27,0.0,0.0,4.0,0.0,3.0,3.0,0.0,42.77702702702703,484.6478,13388.06,138.4176081,135.8147652,31329.4,42.73321545,162.45,103.9419272,2093.99,8281.67,755.83,189.87,0.0,5861.61,62.31,6.17,18.49,10776.75,4735.2,1.113
2011,27,0.0,0.0,3.0,0.0,2.0,5.0,0.0,38.24383561643835,492.226,13522.82,140.5819764,137.1818339,31328.4,43.16473232,171.75,104.0182454,2103.71,8278.57,754.13,193.42,0.0,5893.11,62.97,6.18,18.51,10718.04,4743.95,0.128
2012,27,0.0,0.0,1.0,0.0,3.0,8.0,0.0,52.20434782608695,499.8042,13657.58,142.7463446,138.5489026,31345.7,43.57082471,186.73,103.2862063,2107.66,8204.12,753.65,193.92,0.0,5895.84,64.65,6.16,18.51,10706.98,4806.12,0.764
2013,27,0.0,0.0,6.0,0.0,4.0,9.0,0.0,50.95267857142857,507.3823,13792.34,144.9106843,139.9159713,31300.733,44.06395211,212.05,103.1283081,2111.25,8165.97,753.87,194.0,0.0,5895.07,65.27,6.16,18.51,10706.1,4816.08,0.928
2014,27,0.0,0.0,0.0,0.0,3.0,7.0,0.0,43.09444444444445,514.9605,13927.1,147.0750526,141.28304,31337.1,44.44284889,243.32,102.794878,2116.0,8107.61,757.8,194.27,0.0,5900.89,67.05,6.15,18.5,10697.89,4834.84,0.551
2015,27,1.0,0.0,2.0,0.0,2.0,8.0,0.0,41.26486486486486,522.5387,14061.86,149.2394209,142.6501087,31338.3,44.87116404,256.11,100.0,2116.69,7867.77,757.6,194.22,0.0,5900.75,67.03,6.15,18.49,10700.32,5059.2,1.18
2016,27,0.0,0.0,4.0,0.0,4.0,11.0,0.0,49.57521428571428,530.5364,14377.68,151.5236002,145.8539351,31338.7,45.87835488,256.9,99.23669478,2108.51,7804.97,763.55,197.96,0.0,5877.67,66.04,6.15,18.62,10789.13,5054.83,1.139
2017,27,0.0,0.0,5.0,0.0,4.0,6.026957637997433,0.0,62.03696078431373,538.8473,14415.39,153.8972309,146.236483,31340.3,45.99633698,267.73,98.94862504,2105.78,7770.74,763.91,200.8,0.0,5890.09,66.34,6.13,18.66,10807.51,5046.65,1.103
2018,27,0.0,0.0,3.0,0.0,4.0,6.026957637997433,0.0,54.56716216216216,542.2641,14491.29,154.8730845,147.0064482,31342.9,46.23468154,274.85,98.57017128,2111.6,7732.87,763.97,203.17,0.0,5917.25,66.89,6.12,18.6,10792.01,5056.99,0.78
2019,27,1.0,0.0,5.0,0.0,2.0,6.026957637997433,0.0,60.32662162162162,542.9192,14567.19,155.060184,147.7764135,31342.9,46.47684165,275.6,93.67875941,2116.36,7334.75,764.14,205.14,0.0,5915.48,66.95,6.12,18.59,10876.36,5364.84,1.734
2020,27,0.0,0.0,1.0,0.0,10.0,6.026957637997433,0.0,71.45513513513514,546.1873,14643.09,155.9935682,148.5463787,31342.9,46.71900175,278.92,93.71171234,2119.3,7334.01,765.05,205.28,0.0,5910.09,67.05,6.1,18.62,10911.07,5328.42,1.418
