Country,Year,Carbon stocks in forests,Forest area,Index of carbon stocks in forests,Index of forest extent,Land area,Share of forest area
"Afghanistan, Islamic Rep. of",1992,,1208.44,,100.0,65223.0,1.852781994
"Afghanistan, Islamic Rep. of",1993,,1208.44,,100.0,65223.0,1.852781994
"Afghanistan, Islamic Rep. of",1994,,1208.44,,100.0,65223.0,1.852781994
"Afghanistan, Islamic Rep. of",1995,,1208.44,,100.0,65223.0,1.852781994
"Afghanistan, Islamic Rep. of",1996,,1208.44,,100.0,65223.0,1.852781994
"Afghanistan, Islamic Rep. of",1997,,1208.44,,100.0,65223.0,1.852781994
"Afghanistan, Islamic Rep. of",1998,,1208.44,,100.0,65223.0,1.852781994
"Afghanistan, Islamic Rep. of",1999,,1208.44,,100.0,65223.0,1.852781994
"Afghanistan, Islamic Rep. of",2000,,1208.44,,100.0,65223.0,1.852781994
"Afghanistan, Islamic Rep. of",2001,,1208.44,,100.0,65223.0,1.852781994
"Afghanistan, Islamic Rep. of",2002,,1208.44,,100.0,65223.0,1.852781994
"Afghanistan, Islamic Rep. of",2003,,1208.44,,100.0,65223.0,1.852781994
"Afghanistan, Islamic Rep. of",2004,,1208.44,,100.0,65223.0,1.852781994
"Afghanistan, Islamic Rep. of",2005,,1208.44,,100.0,65223.0,1.852781994
"Afghanistan, Islamic Rep. of",2006,,1208.44,,100.0,65223.0,1.852781994
"Afghanistan, Islamic Rep. of",2007,,1208.44,,100.0,65223.0,1.852781994
"Afghanistan, Islamic Rep. of",2008,,1208.44,,100.0,65223.0,1.852781994
"Afghanistan, Islamic Rep. of",2009,,1208.44,,100.0,65223.0,1.852781994
"Afghanistan, Islamic Rep. of",2010,,1208.44,,100.0,65223.0,1.852781994
"Afghanistan, Islamic Rep. of",2011,,1208.44,,100.0,65223.0,1.852781994
"Afghanistan, Islamic Rep. of",2012,,1208.44,,100.0,65223.0,1.852781994
"Afghanistan, Islamic Rep. of",2013,,1208.44,,100.0,65223.0,1.852781994
"Afghanistan, Islamic Rep. of",2014,,1208.44,,100.0,65223.0,1.852781994
"Afghanistan, Islamic Rep. of",2015,,1208.44,,100.0,65223.0,1.852781994
"Afghanistan, Islamic Rep. of",2016,,1208.44,,100.0,65223.0,1.852781994
"Afghanistan, Islamic Rep. of",2017,,1208.44,,100.0,65223.0,1.852781994
"Afghanistan, Islamic Rep. of",2018,,1208.44,,100.0,65223.0,1.852781994
"Afghanistan, Islamic Rep. of",2019,,1208.44,,100.0,65223.0,1.852781994
"Afghanistan, Islamic Rep. of",2020,,1208.44,,100.0,65223.0,1.852781994
"Afghanistan, Islamic Rep. of",2021,,1208.44,,100.0,65223.0,1.852781994
"Afghanistan, Islamic Rep. of",2022,,1208.44,,100.0,65223.0,1.852781994
Africa,1992,55811.7552,685614.0711,100.0,100.0,,
Africa,1993,57006.7484,702769.4832,102.1411138,102.5021966,,
Africa,1994,56766.9408,699668.6553,101.7114416,102.0499265,,
Africa,1995,56527.1333,696567.8275,101.2817696,101.5976563,,
Africa,1996,56287.3259,693466.9996,100.8520977,101.1453861,,
Africa,1997,56047.5177,690366.1717,100.4224245,100.693116,,
Africa,1998,55807.7105,687265.3438,99.99275296,100.2408458,,
Africa,1999,55567.9025,684164.5159,99.56308004,99.78857563,,
Africa,2000,55328.0951,681063.688,99.13340819,99.33630547,,
Africa,2001,55079.0878,677834.8392,98.68725254,98.86536286,,
Africa,2002,54830.0808,674605.9904,98.24109742,98.39442025,,
Africa,2003,54581.0739,671377.1416,97.79494249,97.92347764,,
Africa,2004,54332.0665,668148.2928,97.34878666,97.45253503,,
Africa,2005,54083.0598,664919.444,96.90263208,96.98159242,,
Africa,2006,53834.0528,661690.5952,96.45647697,96.51064981,,
Africa,2007,53585.0458,658461.7464,96.01032185,96.0397072,,
Africa,2008,53336.0385,655232.8976,95.5641662,95.56876459,,
Africa,2009,53087.0315,652004.0488,95.11801109,95.09782198,,
Africa,2010,52838.0245,648775.2,94.67185597,94.62687937,,
Africa,2011,52532.0036,645042.838,94.12354693,94.08249702,,
Africa,2012,52890.579,668200.15,94.76601983,97.46009864,,
Africa,2013,52578.6891,664293.54,94.20719508,96.89030141,,
Africa,2014,52266.7998,660386.93,93.64837141,96.32050418,,
Africa,2015,51954.91,656480.32,93.08954684,95.75070695,,
Africa,2016,51666.6077,652479.3843,92.57298488,95.16715187,,
Africa,2017,51265.4387,648546.99,91.85419544,94.59359388,,
Africa,2018,50960.3994,644616.828,91.30764517,94.02036148,,
Africa,2019,50654.3608,640606.55,90.75930441,93.43544379,,
Africa,2020,50343.8299,636636.97,90.20291464,92.85646209,,
Africa,2021,,632640.2579,,92.27352305,,
Africa,2022,,628661.6339,,91.69322224,,
Albania,1992,,784.9,,100.0,2740.0,28.6459854
Albania,1993,,782.95,,99.75156071,2740.0,28.57481752
Albania,1994,,781.0,,99.50312142,2740.0,28.50364964
Albania,1995,,779.05,,99.25468213,2740.0,28.43248175
Albania,1996,,777.1,,99.00624283,2740.0,28.36131387
Albania,1997,,775.15,,98.75780354,2740.0,28.29014599
Albania,1998,,773.2,,98.50936425,2740.0,28.2189781
Albania,1999,,771.25,,98.26092496,2740.0,28.14781022
Albania,2000,,769.3,,98.01248567,2740.0,28.07664234
Albania,2001,,770.577,,98.17518155,2740.0,28.12324818
Albania,2002,,771.854,,98.33787744,2740.0,28.16985401
Albania,2003,,773.131,,98.50057332,2740.0,28.21645985
Albania,2004,,774.408,,98.66326921,2740.0,28.26306569
Albania,2005,,775.685,,98.82596509,2740.0,28.30967153
Albania,2006,,776.962,,98.98866098,2740.0,28.35627737
Albania,2007,,778.239,,99.15135686,2740.0,28.40288321
Albania,2008,,779.516,,99.31405275,2740.0,28.44948905
Albania,2009,,780.793,,99.47674863,2740.0,28.49609489
Albania,2010,,782.07,,99.63944452,2740.0,28.54270073
Albania,2011,,783.4935,,99.8208052,2740.0,28.59465328
Albania,2012,,784.917,,100.0021659,2740.0,28.64660584
Albania,2013,,786.3405,,100.1835266,2740.0,28.69855839
Albania,2014,,787.764,,100.3648872,2740.0,28.75051095
Albania,2015,,789.1875,,100.5462479,2740.0,28.8024635
Albania,2016,,789.18,,100.5452924,2740.0,28.80218978
Albania,2017,,788.9025,,100.5099376,2740.0,28.79206204
Albania,2018,,788.9,,100.5096191,2740.0,28.7919708
Albania,2019,,788.9,,100.5096191,2740.0,28.7919708
Albania,2020,,788.9,,100.5096191,2740.0,28.7919708
Albania,2021,,788.9,,100.5096191,2740.0,28.7919708
Albania,2022,,788.9,,100.5096191,2740.0,28.7919708
Algeria,1992,30.8266,1649.4,100.0,100.0,238174.0,0.692518915
Algeria,1993,30.6701,1640.6,99.49232157,99.46647266,238174.0,0.688824137
Algeria,1994,30.5136,1631.8,98.98464313,98.93294531,238174.0,0.685129359
Algeria,1995,30.3571,1623.0,98.4769647,98.39941797,238174.0,0.681434581
Algeria,1996,30.2006,1614.2,97.96928627,97.86589063,238174.0,0.677739804
Algeria,1997,30.0441,1605.4,97.46160783,97.33236328,238174.0,0.674045026
Algeria,1998,29.8876,1596.6,96.9539294,96.79883594,238174.0,0.670350248
Algeria,1999,29.7312,1587.8,96.44657536,96.2653086,238174.0,0.66665547
Algeria,2000,29.5747,1579.0,95.93889693,95.73178125,238174.0,0.662960693
Algeria,2001,30.2307,1612.9,98.06692921,97.78707409,238174.0,0.677193984
Algeria,2002,30.8868,1646.8,100.1952859,99.84236692,238174.0,0.691427276
Algeria,2003,31.5428,1680.7,102.3233182,101.8976598,238174.0,0.705660567
Algeria,2004,32.1989,1714.6,104.4516749,103.9529526,238174.0,0.719893859
Algeria,2005,32.8549,1748.5,106.5797071,106.0082454,238174.0,0.734127151
Algeria,2006,33.5109,1782.4,108.7077394,108.0635383,238174.0,0.748360442
Algeria,2007,34.167,1816.3,110.8360961,110.1188311,238174.0,0.762593734
Algeria,2008,34.823,1850.2,112.9641284,112.1741239,238174.0,0.776827026
Algeria,2009,35.4791,1884.1,115.0924851,114.2294168,238174.0,0.791060317
Algeria,2010,36.1351,1918.0,117.2205173,116.2847096,238174.0,0.805293609
Algeria,2011,36.3057,1925.6,117.7739355,116.7454832,238174.0,0.808484553
Algeria,2012,36.4763,1933.2,118.3273536,117.2062568,238174.0,0.811675498
Algeria,2013,36.6468,1940.8,118.8804474,117.6670304,238174.0,0.814866442
Algeria,2014,36.8174,1948.4,119.4338656,118.127804,238174.0,0.818057387
Algeria,2015,36.988,1956.0,119.9872837,118.5885777,238174.1,0.821247986
Algeria,2016,36.8706,1956.0,119.6064438,118.5885777,238174.1,0.821247986
Algeria,2017,36.6061,1943.0,118.7484186,117.8004123,238174.1,0.815789794
Algeria,2018,36.1682,1930.0,117.3278921,117.0122469,238174.1,0.810331602
Algeria,2019,36.5114,1939.0,118.4412164,117.5578998,238174.1,0.81411035
Algeria,2020,36.7192,1949.0,119.1153095,118.1641809,238174.1,0.81830896
Algeria,2021,,1958.3333,,118.7300412,238174.1,0.822227648
Algeria,2022,,1968.1111,,119.3228507,238174.1,0.826332964
American Samoa,1992,1.1817,18.002,100.0,100.0,20.0,90.01
American Samoa,1993,1.1956,17.968,101.1762715,99.8111321,20.0,89.84
American Samoa,1994,1.2095,17.934,102.3525429,99.62226419,20.0,89.67
American Samoa,1995,1.2234,17.9,103.5288144,99.43339629,20.0,89.5
American Samoa,1996,1.2373,17.866,104.7050859,99.24452839,20.0,89.33
American Samoa,1997,1.2512,17.832,105.8813574,99.05566048,20.0,89.16
American Samoa,1998,1.2651,17.798,107.0576288,98.86679258,20.0,88.99
American Samoa,1999,1.279,17.764,108.2339003,98.67792468,20.0,88.82
American Samoa,2000,1.2929,17.73,109.4101718,98.48905677,20.0,88.65
American Samoa,2001,1.3036,17.7,110.3156469,98.32240862,20.0,88.5
American Samoa,2002,1.3144,17.67,111.2295845,98.15576047,20.0,88.35
American Samoa,2003,1.3251,17.64,112.1350597,97.98911232,20.0,88.2
American Samoa,2004,1.3359,17.61,113.0489972,97.82246417,20.0,88.05
American Samoa,2005,1.3466,17.58,113.9544724,97.65581602,20.0,87.9
American Samoa,2006,1.3573,17.55,114.8599475,97.48916787,20.0,87.75
American Samoa,2007,1.3681,17.52,115.7738851,97.32251972,20.0,87.6
American Samoa,2008,1.3788,17.49,116.6793602,97.15587157,20.0,87.45
American Samoa,2009,1.3896,17.46,117.5932978,96.98922342,20.0,87.3
American Samoa,2010,1.4003,17.43,118.498773,96.82257527,20.0,87.15
American Samoa,2011,1.4101,17.4,119.3280867,96.65592712,20.0,87.0
American Samoa,2012,1.4199,17.37,120.1574004,96.48927897,20.0,86.85
American Samoa,2013,1.4297,17.34,120.9867141,96.32263082,20.0,86.7
American Samoa,2014,1.4395,17.31,121.8160278,96.15598267,20.0,86.55
American Samoa,2015,1.4493,17.28,122.6453415,95.98933452,20.0,86.4
American Samoa,2016,1.4611,17.25,123.6439029,95.82268637,20.0,86.25
American Samoa,2017,1.4727,17.22,124.6255395,95.65603822,20.0,86.1
American Samoa,2018,1.4847,17.19,125.6410256,95.48939007,20.0,85.95
American Samoa,2019,1.4938,17.16,126.4111026,95.32274192,20.0,85.8
American Samoa,2020,1.5054,17.13,127.3927393,95.15609377,20.0,85.65
American Samoa,2021,,17.1,,94.98944562,20.0,85.5
American Samoa,2022,,17.07,,94.82279747,20.0,85.35
Americas,1992,143539.8246,1710039.454,100.0,100.0,,
Americas,1993,143225.9246,1704648.846,99.78131505,99.68476704,,
Americas,1994,142912.0242,1699258.238,99.56262981,99.36953408,,
Americas,1995,142598.1243,1693867.63,99.34394493,99.05430112,,
Americas,1996,142284.2241,1688477.022,99.12525983,98.73906816,,
Americas,1997,141970.3242,1683086.414,98.90657495,98.4238352,,
Americas,1998,141656.4242,1677695.806,98.68788999,98.10860224,,
Americas,1999,141342.524,1672305.198,98.4692049,97.79336928,,
Americas,2000,141028.624,1666914.59,98.25051995,97.47813631,,
Americas,2001,140665.6924,1661853.906,97.99767611,97.18219671,,
Americas,2002,140302.7613,1656793.222,97.74483262,96.88625711,,
Americas,2003,139939.8301,1651732.538,97.49198906,96.5903175,,
Americas,2004,139576.8985,1646671.854,97.23914523,96.2943779,,
Americas,2005,139213.967,1641611.17,96.98630146,95.99843829,,
Americas,2006,138851.0357,1636550.486,96.73345783,95.70249869,,
Americas,2007,138488.1041,1631489.802,96.48061399,95.40655908,,
Americas,2008,138125.173,1626429.118,96.22777051,95.11061948,,
Americas,2009,137762.2417,1621368.434,95.97492688,94.81467987,,
Americas,2010,137399.3103,1616307.75,95.72208318,94.51874027,,
Americas,2011,137308.0556,1613645.89,95.6585087,94.36307953,,
Americas,2012,137216.9093,1610987.79,95.59500974,94.20763867,,
Americas,2013,137125.7636,1608329.69,95.53151119,94.05219782,,
Americas,2014,137034.6174,1605671.59,95.4680123,93.89675696,,
Americas,2015,136943.4716,1603013.49,95.40451368,93.7413161,,
Americas,2016,136837.4255,1600003.02,95.33063446,93.56526928,,
Americas,2017,136673.0453,1596205.189,95.21611558,93.343179,,
Americas,2018,136627.0998,1593849.66,95.1841067,93.20543197,,
Americas,2019,136434.7939,1591309.3,95.0501328,93.05687634,,
Americas,2020,136258.1466,1588889.18,94.92706779,92.91535212,,
Americas,2021,,1586388.9,,92.76914028,,
Americas,2022,,1583942.06,,92.62605352,,
"Andorra, Principality of",1992,1.3898,16.0,100.0,100.0,47.0,34.04255319
"Andorra, Principality of",1993,1.3898,16.0,100.0,100.0,47.0,34.04255319
"Andorra, Principality of",1994,1.3898,16.0,100.0,100.0,47.0,34.04255319
"Andorra, Principality of",1995,1.3898,16.0,100.0,100.0,47.0,34.04255319
"Andorra, Principality of",1996,1.3898,16.0,100.0,100.0,47.0,34.04255319
"Andorra, Principality of",1997,1.3898,16.0,100.0,100.0,47.0,34.04255319
"Andorra, Principality of",1998,1.3898,16.0,100.0,100.0,47.0,34.04255319
"Andorra, Principality of",1999,1.3898,16.0,100.0,100.0,47.0,34.04255319
"Andorra, Principality of",2000,1.3898,16.0,100.0,100.0,47.0,34.04255319
"Andorra, Principality of",2001,1.3898,16.0,100.0,100.0,47.0,34.04255319
"Andorra, Principality of",2002,1.3898,16.0,100.0,100.0,47.0,34.04255319
"Andorra, Principality of",2003,1.3898,16.0,100.0,100.0,47.0,34.04255319
"Andorra, Principality of",2004,1.3898,16.0,100.0,100.0,47.0,34.04255319
"Andorra, Principality of",2005,1.3898,16.0,100.0,100.0,47.0,34.04255319
"Andorra, Principality of",2006,1.3898,16.0,100.0,100.0,47.0,34.04255319
"Andorra, Principality of",2007,1.3898,16.0,100.0,100.0,47.0,34.04255319
"Andorra, Principality of",2008,1.3898,16.0,100.0,100.0,47.0,34.04255319
"Andorra, Principality of",2009,1.3898,16.0,100.0,100.0,47.0,34.04255319
"Andorra, Principality of",2010,1.3898,16.0,100.0,100.0,47.0,34.04255319
"Andorra, Principality of",2011,1.3898,16.0,100.0,100.0,47.0,34.04255319
"Andorra, Principality of",2012,1.3898,16.0,100.0,100.0,47.0,34.04255319
"Andorra, Principality of",2013,1.3898,16.0,100.0,100.0,47.0,34.04255319
"Andorra, Principality of",2014,1.3898,16.0,100.0,100.0,47.0,34.04255319
"Andorra, Principality of",2015,1.3898,16.0,100.0,100.0,47.0,34.04255319
"Andorra, Principality of",2016,1.3898,16.0,100.0,100.0,47.0,34.04255319
"Andorra, Principality of",2017,1.3898,16.0,100.0,100.0,47.0,34.04255319
"Andorra, Principality of",2018,1.3898,16.0,100.0,100.0,47.0,34.04255319
"Andorra, Principality of",2019,1.3898,16.0,100.0,100.0,47.0,34.04255319
"Andorra, Principality of",2020,1.3898,16.0,100.0,100.0,47.0,34.04255319
"Andorra, Principality of",2021,,16.0,,100.0,47.0,34.04255319
"Andorra, Principality of",2022,,16.0,,100.0,47.0,34.04255319
Angola,1992,1364.2896,78951.946,100.0,100.0,124670.0,63.32874469
Angola,1993,1361.604,78796.529,99.8031503,99.80314988,124670.0,63.20408198
Angola,1994,1358.9184,78641.112,99.6063006,99.60629976,124670.0,63.07941927
Angola,1995,1356.2328,78485.695,99.4094509,99.40944964,124670.0,62.95475656
Angola,1996,1353.5472,78330.278,99.2126012,99.21259952,124670.0,62.83009385
Angola,1997,1350.8616,78174.861,99.01575149,99.0157494,124670.0,62.70543114
Angola,1998,1348.176,78019.444,98.81890179,98.81889928,124670.0,62.58076843
Angola,1999,1345.4904,77864.027,98.62205209,98.62204916,124670.0,62.45610572
Angola,2000,1342.8048,77708.61,98.42520239,98.42519904,124670.0,62.33144301
Angola,2001,1333.2133,77153.549,97.72216251,97.72216254,124670.0,61.88621882
Angola,2002,1323.6219,76598.488,97.01912996,97.01912604,124670.0,61.44099463
Angola,2003,1314.0304,76043.427,96.31609007,96.31608954,124670.0,60.99577043
Angola,2004,1304.439,75488.366,95.61305752,95.61305303,124670.0,60.55054624
Angola,2005,1294.8475,74933.305,94.91001764,94.91001653,124670.0,60.10532205
Angola,2006,1285.2561,74378.244,94.20698509,94.20698003,124670.0,59.66009786
Angola,2007,1275.6646,73823.183,93.5039452,93.50394353,124670.0,59.21487367
Angola,2008,1266.0731,73268.122,92.80090532,92.80090702,124670.0,58.76964947
Angola,2009,1256.4817,72713.061,92.09787277,92.09787052,124670.0,58.32442528
Angola,2010,1246.8902,72158.0,91.39483289,91.39483402,124670.0,57.87920109
Angola,2011,1237.2988,71602.938,90.69180033,90.69179625,124670.0,57.4339761
Angola,2012,1227.7073,71047.876,89.98876045,89.98875848,124670.0,56.9887511
Angola,2013,1218.1158,70492.814,89.28572057,89.28572071,124670.0,56.54352611
Angola,2014,1208.5244,69937.752,88.58268802,88.58268294,124670.0,56.09830111
Angola,2015,1198.9329,69382.69,87.87964813,87.87964517,124670.0,55.65307612
Angola,2016,1189.3413,68827.62,87.17660092,87.17659727,124670.0,55.20784471
Angola,2017,1179.75,68272.57,86.4735757,86.4735747,124670.0,54.76262934
Angola,2018,1170.1586,67717.51,85.77054315,85.77053946,124670.0,54.31740595
Angola,2019,1160.567,67162.44,85.06749593,85.06749156,124670.0,53.87217454
Angola,2020,1150.9755,66607.38,84.36445605,84.36445632,124670.0,53.42695115
Angola,2021,,66052.3133,,83.6614126,124670.0,52.98172239
Angola,2022,,65497.2511,,82.95837458,124670.0,52.53649723
Anguilla,1992,0.6954,5.5,100.0,100.0,9.0,61.11111111
Anguilla,1993,0.6954,5.5,100.0,100.0,9.0,61.11111111
Anguilla,1994,0.6954,5.5,100.0,100.0,9.0,61.11111111
Anguilla,1995,0.6954,5.5,100.0,100.0,9.0,61.11111111
Anguilla,1996,0.6954,5.5,100.0,100.0,9.0,61.11111111
Anguilla,1997,0.6954,5.5,100.0,100.0,9.0,61.11111111
Anguilla,1998,0.6954,5.5,100.0,100.0,9.0,61.11111111
Anguilla,1999,0.6954,5.5,100.0,100.0,9.0,61.11111111
Anguilla,2000,0.6954,5.5,100.0,100.0,9.0,61.11111111
Anguilla,2001,0.6954,5.5,100.0,100.0,9.0,61.11111111
Anguilla,2002,0.6954,5.5,100.0,100.0,9.0,61.11111111
Anguilla,2003,0.6954,5.5,100.0,100.0,9.0,61.11111111
Anguilla,2004,0.6954,5.5,100.0,100.0,9.0,61.11111111
Anguilla,2005,0.6954,5.5,100.0,100.0,9.0,61.11111111
Anguilla,2006,0.6954,5.5,100.0,100.0,9.0,61.11111111
Anguilla,2007,0.6954,5.5,100.0,100.0,9.0,61.11111111
Anguilla,2008,0.6954,5.5,100.0,100.0,9.0,61.11111111
Anguilla,2009,0.6954,5.5,100.0,100.0,9.0,61.11111111
Anguilla,2010,0.6954,5.5,100.0,100.0,9.0,61.11111111
Anguilla,2011,0.6954,5.5,100.0,100.0,9.0,61.11111111
Anguilla,2012,0.6954,5.5,100.0,100.0,9.0,61.11111111
Anguilla,2013,0.6954,5.5,100.0,100.0,9.0,61.11111111
Anguilla,2014,0.6954,5.5,100.0,100.0,9.0,61.11111111
Anguilla,2015,0.6954,5.5,100.0,100.0,9.0,61.11111111
Anguilla,2016,0.6954,5.5,100.0,100.0,9.0,61.11111111
Anguilla,2017,0.6954,5.5,100.0,100.0,9.0,61.11111111
Anguilla,2018,0.6954,5.5,100.0,100.0,9.0,61.11111111
Anguilla,2019,0.6954,5.5,100.0,100.0,9.0,61.11111111
Anguilla,2020,0.6954,5.5,100.0,100.0,9.0,61.11111111
Anguilla,2021,,5.5,,100.0,9.0,61.11111111
Anguilla,2022,,5.5,,100.0,9.0,61.11111111
Antigua and Barbuda,1992,1.2615,9.978,100.0,100.0,44.0,22.67727273
Antigua and Barbuda,1993,1.2532,9.912,99.34205311,99.3385448,44.0,22.52727273
Antigua and Barbuda,1994,1.2448,9.846,98.67617915,98.6770896,44.0,22.37727273
Antigua and Barbuda,1995,1.2365,9.78,98.01823226,98.0156344,44.0,22.22727273
Antigua and Barbuda,1996,1.2281,9.714,97.3523583,97.35417919,44.0,22.07727273
Antigua and Barbuda,1997,1.2198,9.648,96.69441141,96.69272399,44.0,21.92727273
Antigua and Barbuda,1998,1.2115,9.582,96.03646453,96.03126879,44.0,21.77727273
Antigua and Barbuda,1999,1.2031,9.516,95.37059057,95.36981359,44.0,21.62727273
Antigua and Barbuda,2000,1.1948,9.45,94.71264368,94.70835839,44.0,21.47727273
Antigua and Barbuda,2001,1.1863,9.383,94.03884265,94.03688114,44.0,21.325
Antigua and Barbuda,2002,1.1778,9.316,93.36504162,93.36540389,44.0,21.17272727
Antigua and Barbuda,2003,1.1694,9.249,92.69916766,92.69392664,44.0,21.02045455
Antigua and Barbuda,2004,1.1609,9.182,92.02536663,92.02244939,44.0,20.86818182
Antigua and Barbuda,2005,1.1524,9.115,91.3515656,91.35097214,44.0,20.71590909
Antigua and Barbuda,2006,1.1439,9.048,90.67776457,90.67949489,44.0,20.56363636
Antigua and Barbuda,2007,1.1355,8.981,90.01189061,90.00801764,44.0,20.41136364
Antigua and Barbuda,2008,1.127,8.914,89.33808958,89.33654039,44.0,20.25909091
Antigua and Barbuda,2009,1.1185,8.847,88.66428855,88.66506314,44.0,20.10681818
Antigua and Barbuda,2010,1.1101,8.78,87.99841459,87.99358589,44.0,19.95454545
Antigua and Barbuda,2011,1.1017,8.714,87.33254063,87.33213069,44.0,19.80454545
Antigua and Barbuda,2012,1.0934,8.648,86.67459374,86.67067549,44.0,19.65454545
Antigua and Barbuda,2013,1.085,8.582,86.00871978,86.00922028,44.0,19.50454545
Antigua and Barbuda,2014,1.0767,8.516,85.35077289,85.34776508,44.0,19.35454545
Antigua and Barbuda,2015,1.0683,8.45,84.68489893,84.68630988,44.0,19.20454545
Antigua and Barbuda,2016,1.0595,8.38,83.98731669,83.98476649,44.0,19.04545455
Antigua and Barbuda,2017,1.0519,8.32,83.38485929,83.38344358,44.0,18.90909091
Antigua and Barbuda,2018,1.043,8.25,82.67934998,82.68190018,44.0,18.75
Antigua and Barbuda,2019,1.0342,8.18,81.98176774,81.98035678,44.0,18.59090909
Antigua and Barbuda,2020,1.0266,8.12,81.37931034,81.37903387,44.0,18.45454545
Antigua and Barbuda,2021,,8.0533,,80.71056324,44.0,18.30295455
Antigua and Barbuda,2022,,7.9911,,80.08719182,44.0,18.16159091
Argentina,1992,3641.7913,34838.8,100.0,100.0,273669.0,12.73026905
Argentina,1993,3630.4948,34656.2,99.68980924,99.47587173,273669.0,12.66354611
Argentina,1994,3619.1983,34473.6,99.37961849,98.95174346,273669.0,12.59682317
Argentina,1995,3607.9018,34291.0,99.06942773,98.42761519,273669.0,12.53010023
Argentina,1996,3596.6053,34108.4,98.75923697,97.90348692,273669.0,12.46337729
Argentina,1997,3585.3087,33925.8,98.44904347,97.37935865,273669.0,12.39665435
Argentina,1998,3574.0122,33743.2,98.13885271,96.85523038,273669.0,12.32993141
Argentina,1999,3562.7157,33560.6,97.82866196,96.3311021,273669.0,12.26320847
Argentina,2000,3551.4192,33378.0,97.5184712,95.80697383,273669.0,12.19648554
Argentina,2001,3526.3652,33061.6,96.83051305,94.898791,273669.0,12.08087142
Argentina,2002,3501.3113,32745.2,96.14255765,93.99060817,273669.0,11.9652573
Argentina,2003,3476.2573,32428.8,95.4545995,93.08242534,273669.0,11.84964318
Argentina,2004,3451.2033,32112.4,94.76664135,92.17424251,273669.0,11.73402906
Argentina,2005,3426.1494,31796.0,94.07868595,91.26605968,273669.0,11.61841495
Argentina,2006,3401.0954,31479.6,93.3907278,90.35787685,273669.0,11.50280083
Argentina,2007,3376.0414,31163.2,92.70276965,89.44969402,273669.0,11.38718671
Argentina,2008,3350.9874,30846.8,92.0148115,88.54151119,273669.0,11.27157259
Argentina,2009,3325.9335,30530.4,91.3268561,87.63332836,273669.0,11.15595848
Argentina,2010,3300.8795,30214.0,90.63889795,86.72514553,273669.0,11.04034436
Argentina,2011,3283.8055,29990.6,90.17006274,86.08390645,273669.0,10.9587129
Argentina,2012,3266.7315,29767.2,89.70122753,85.44266737,273669.0,10.87708144
Argentina,2013,3249.6575,29543.8,89.23239231,84.80142829,273669.0,10.79544998
Argentina,2014,3232.5835,29320.4,88.7635571,84.16018921,273669.0,10.71381852
Argentina,2015,3215.5095,29097.0,88.29472189,83.51895014,273669.0,10.63218706
Argentina,2016,3209.6664,29010.0,88.13427612,83.26922856,273669.0,10.60039683
Argentina,2017,3201.7202,28899.0,87.9160813,82.95061828,273669.0,10.55983688
Argentina,2018,3194.3614,28791.0,87.7140159,82.64061908,273669.0,10.52037315
Argentina,2019,3186.7459,28681.0,87.50490178,82.32487916,273669.0,10.48017861
Argentina,2020,3179.032,28573.0,87.29308569,82.01487996,273669.0,10.44071488
Argentina,2021,,28463.6667,,81.70105371,273669.0,10.40076395
Argentina,2022,,28355.2222,,81.38977864,273669.0,10.3611378
"Armenia, Rep. of",1992,15.9489,334.312,100.0,100.0,2847.0,11.74260625
"Armenia, Rep. of",1993,15.9133,334.103,99.77678711,99.93748355,2847.0,11.73526519
"Armenia, Rep. of",1994,15.8777,333.894,99.55357423,99.8749671,2847.0,11.72792413
"Armenia, Rep. of",1995,15.8421,333.685,99.33036134,99.81245064,2847.0,11.72058307
"Armenia, Rep. of",1996,15.8065,333.476,99.10714846,99.74993419,2847.0,11.71324201
"Armenia, Rep. of",1997,15.7709,333.267,98.88393557,99.68741774,2847.0,11.70590095
"Armenia, Rep. of",1998,15.7352,333.058,98.66009568,99.62490129,2847.0,11.69855989
"Armenia, Rep. of",1999,15.6996,332.849,98.43688279,99.56238484,2847.0,11.69121883
"Armenia, Rep. of",2000,15.664,332.64,98.21366991,99.49986839,2847.0,11.68387777
"Armenia, Rep. of",2001,15.6304,332.432,98.00299707,99.43765106,2847.0,11.67657183
"Armenia, Rep. of",2002,15.5968,332.224,97.79232424,99.37543373,2847.0,11.66926589
"Armenia, Rep. of",2003,15.5632,332.016,97.5816514,99.3132164,2847.0,11.66195996
"Armenia, Rep. of",2004,15.5296,331.808,97.37097856,99.25099907,2847.0,11.65465402
"Armenia, Rep. of",2005,15.496,331.6,97.16030573,99.18878174,2847.0,11.64734809
"Armenia, Rep. of",2006,15.4624,331.392,96.94963289,99.12656441,2847.0,11.64004215
"Armenia, Rep. of",2007,15.4289,331.184,96.73958706,99.06434708,2847.0,11.63273621
"Armenia, Rep. of",2008,15.3953,330.976,96.52891422,99.00212975,2847.0,11.62543028
"Armenia, Rep. of",2009,15.3617,330.768,96.31824138,98.93991242,2847.0,11.61812434
"Armenia, Rep. of",2010,15.3281,330.56,96.10756855,98.87769509,2847.0,11.61081841
"Armenia, Rep. of",2011,15.3494,330.352,96.24112008,98.81547776,2847.0,11.60351247
"Armenia, Rep. of",2012,15.3707,330.144,96.37467161,98.75326043,2847.0,11.59620653
"Armenia, Rep. of",2013,15.3921,329.936,96.50885014,98.6910431,2847.0,11.5889006
"Armenia, Rep. of",2014,15.4134,329.728,96.64240167,98.62882577,2847.0,11.58159466
"Armenia, Rep. of",2015,15.4347,329.52,96.7759532,98.56660844,2847.0,11.57428872
"Armenia, Rep. of",2016,15.4249,329.31,96.71450696,98.50379286,2847.0,11.56691254
"Armenia, Rep. of",2017,15.415,329.1,96.65243371,98.44097729,2847.0,11.55953635
"Armenia, Rep. of",2018,15.4052,328.89,96.59098747,98.37816172,2847.0,11.55216017
"Armenia, Rep. of",2019,15.3954,328.68,96.52954122,98.31534614,2847.0,11.54478398
"Armenia, Rep. of",2020,15.3855,328.47,96.46746798,98.25253057,2847.0,11.5374078
"Armenia, Rep. of",2021,,328.26,,98.189715,2847.0,11.53003161
"Armenia, Rep. of",2022,,328.05,,98.12689942,2847.0,11.52265543
"Aruba, Kingdom of the Netherlands",1992,,0.42,,100.0,18.0,2.333333333
"Aruba, Kingdom of the Netherlands",1993,,0.42,,100.0,18.0,2.333333333
"Aruba, Kingdom of the Netherlands",1994,,0.42,,100.0,18.0,2.333333333
"Aruba, Kingdom of the Netherlands",1995,,0.42,,100.0,18.0,2.333333333
"Aruba, Kingdom of the Netherlands",1996,,0.42,,100.0,18.0,2.333333333
"Aruba, Kingdom of the Netherlands",1997,,0.42,,100.0,18.0,2.333333333
"Aruba, Kingdom of the Netherlands",1998,,0.42,,100.0,18.0,2.333333333
"Aruba, Kingdom of the Netherlands",1999,,0.42,,100.0,18.0,2.333333333
"Aruba, Kingdom of the Netherlands",2000,,0.42,,100.0,18.0,2.333333333
"Aruba, Kingdom of the Netherlands",2001,,0.42,,100.0,18.0,2.333333333
"Aruba, Kingdom of the Netherlands",2002,,0.42,,100.0,18.0,2.333333333
"Aruba, Kingdom of the Netherlands",2003,,0.42,,100.0,18.0,2.333333333
"Aruba, Kingdom of the Netherlands",2004,,0.42,,100.0,18.0,2.333333333
"Aruba, Kingdom of the Netherlands",2005,,0.42,,100.0,18.0,2.333333333
"Aruba, Kingdom of the Netherlands",2006,,0.42,,100.0,18.0,2.333333333
"Aruba, Kingdom of the Netherlands",2007,,0.42,,100.0,18.0,2.333333333
"Aruba, Kingdom of the Netherlands",2008,,0.42,,100.0,18.0,2.333333333
"Aruba, Kingdom of the Netherlands",2009,,0.42,,100.0,18.0,2.333333333
"Aruba, Kingdom of the Netherlands",2010,,0.42,,100.0,18.0,2.333333333
"Aruba, Kingdom of the Netherlands",2011,,0.42,,100.0,18.0,2.333333333
"Aruba, Kingdom of the Netherlands",2012,,0.42,,100.0,18.0,2.333333333
"Aruba, Kingdom of the Netherlands",2013,,0.42,,100.0,18.0,2.333333333
"Aruba, Kingdom of the Netherlands",2014,,0.42,,100.0,18.0,2.333333333
"Aruba, Kingdom of the Netherlands",2015,,0.42,,100.0,18.0,2.333333333
"Aruba, Kingdom of the Netherlands",2016,,0.42,,100.0,18.0,2.333333333
"Aruba, Kingdom of the Netherlands",2017,,0.42,,100.0,18.0,2.333333333
"Aruba, Kingdom of the Netherlands",2018,,0.42,,100.0,18.0,2.333333333
"Aruba, Kingdom of the Netherlands",2019,,0.42,,100.0,18.0,2.333333333
"Aruba, Kingdom of the Netherlands",2020,,0.42,,100.0,18.0,2.333333333
"Aruba, Kingdom of the Netherlands",2021,,0.42,,100.0,18.0,2.333333333
"Aruba, Kingdom of the Netherlands",2022,,0.42,,100.0,18.0,2.333333333
Asia,1992,34188.386,585796.3952,100.0,100.0,,
Asia,1993,34288.0407,585998.0906,100.291487,100.034431,,
Asia,1994,34387.6959,586199.7859,100.5829755,100.0688619,,
Asia,1995,34487.3503,586401.4814,100.8744616,100.1032929,,
Asia,1996,34587.0046,586603.1769,101.1659474,100.1377239,,
Asia,1997,34686.6597,586804.8722,101.4574356,100.1721549,,
Asia,1998,34786.3144,587006.5676,101.7489226,100.2065858,,
Asia,1999,34885.9691,587208.263,102.0404096,100.2410168,,
Asia,2000,34985.6239,587409.9584,102.3318969,100.2754478,,
Asia,2001,35091.3968,589764.9532,102.6412794,100.6774637,,
Asia,2002,35197.1703,592119.9479,102.9506637,101.0794796,,
Asia,2003,35302.9438,594474.9428,103.260048,101.4814956,,
Asia,2004,35408.7174,596829.9376,103.5694326,101.8835115,,
Asia,2005,35514.4906,599184.9325,103.878816,102.2855274,,
Asia,2006,35620.2639,601539.9273,104.1881998,102.6875434,,
Asia,2007,35726.0373,603894.9221,104.4975838,103.0895593,,
Asia,2008,35831.8107,606249.917,104.8069678,103.4915752,,
Asia,2009,35937.5844,608604.9116,105.1163527,103.8935911,,
Asia,2010,36043.3578,610959.9065,105.4257367,104.2956071,,
Asia,2011,36212.4813,611989.2322,105.9204178,104.471321,,
Asia,2012,36381.6047,613018.5577,106.4150987,104.6470348,,
Asia,2013,36550.7279,614047.8833,106.909779,104.8227487,,
Asia,2014,36719.8513,615077.209,107.4044598,104.9984626,,
Asia,2015,36888.9748,616106.5346,107.899141,105.1741765,,
Asia,2016,37142.0364,618419.5977,108.6393385,105.5690344,,
Asia,2017,37196.9873,618894.215,108.8000682,105.6500552,,
Asia,2018,37292.9668,620160.1262,109.0808054,105.8661561,,
Asia,2019,37382.1337,621427.43,109.3416159,106.0824947,,
Asia,2020,37477.0893,622686.81,109.6193582,106.2974807,,
Asia,2021,,623951.4725,,106.5133684,,
Asia,2022,,625212.6134,,106.728655,,
Australia,1992,8425.8715,133468.58,100.0,100.0,768230.0,17.37351835
Australia,1993,8412.8155,133261.77,99.84504867,99.84504967,768230.0,17.34659802
Australia,1994,8399.7596,133054.96,99.69009853,99.69009935,768230.0,17.3196777
Australia,1995,8386.7037,132848.15,99.53514838,99.53514902,768230.0,17.29275738
Australia,1996,8373.6478,132641.34,99.38019824,99.3801987,768230.0,17.26583705
Australia,1997,8360.5919,132434.53,99.22524809,99.22524837,768230.0,17.23891673
Australia,1998,8347.536,132227.72,99.07029795,99.07029804,768230.0,17.21199641
Australia,1999,8334.48,132020.91,98.91534662,98.91534772,768230.0,17.18507608
Australia,2000,8321.4241,131814.1,98.76039648,98.76039739,768230.0,17.15815576
Australia,2001,8314.1017,131587.3,98.67349271,98.59046976,768230.0,17.12863335
Australia,2002,8306.7793,131360.5,98.58658894,98.42054212,768230.0,17.09911094
Australia,2003,8299.4569,131133.7,98.49968517,98.25061449,768230.0,17.06958853
Australia,2004,8292.1346,130906.9,98.41278258,98.08068686,768230.0,17.04006613
Australia,2005,8284.8122,130680.1,98.32587881,97.91075922,768230.0,17.01054372
Australia,2006,8277.4898,130453.3,98.23897504,97.74083159,768230.0,16.98102131
Australia,2007,8270.1674,130226.5,98.15207127,97.57090395,768230.0,16.9514989
Australia,2008,8262.845,129999.7,98.0651675,97.40097632,768230.0,16.92197649
Australia,2009,8255.5226,129772.9,97.97826373,97.23104869,768230.0,16.89245408
Australia,2010,8248.2002,129546.1,97.89135996,97.06112105,768230.0,16.86293167
Australia,2011,8256.9176,130255.78,97.99481988,97.5928417,768230.0,16.95531026
Australia,2012,8265.6351,130965.46,98.09828099,98.12456235,768230.0,17.04768884
Australia,2013,8274.3525,131675.14,98.20174091,98.656283,768230.0,17.14006743
Australia,2014,8283.0699,132384.82,98.30520083,99.18800365,768230.0,17.23244601
Australia,2015,8291.7874,133094.5,98.40866194,99.7197243,768230.0,17.3248246
Australia,2016,8291.5412,134037.2,98.40573999,100.4260329,769202.0,17.42548771
Australia,2017,8292.9967,134017.4,98.42301417,100.4111979,769202.0,17.42291362
Australia,2018,8292.2356,134005.1,98.41398127,100.4019822,769202.0,17.42131456
Australia,2019,8292.2356,134005.1,98.41398127,100.4019822,769202.0,17.42131456
Australia,2020,8292.2356,134005.1,98.41398127,100.4019822,769202.0,17.42131456
Australia,2021,,134005.1,,100.4019822,769202.0,17.42131456
Australia,2022,,134005.1,,100.4019822,769202.0,17.42131456
Austria,1992,342.1532,3788.164,100.0,100.0,8252.0,45.90601066
Austria,1993,345.8543,3794.411,101.0817084,100.1649084,8252.0,45.98171352
Austria,1994,349.5554,3800.658,102.1634169,100.3298168,8252.0,46.05741638
Austria,1995,353.2566,3806.905,103.2451545,100.4947251,8252.0,46.13311924
Austria,1996,356.9577,3813.152,104.3268629,100.6596335,8252.0,46.2088221
Austria,1997,360.6588,3819.399,105.4085714,100.8245419,8252.0,46.28452496
Austria,1998,364.36,3825.646,106.490309,100.9894503,8252.0,46.36022782
Austria,1999,368.0611,3831.893,107.5720174,101.1543587,8252.0,46.43593068
Austria,2000,371.7622,3838.14,108.6537259,101.3192671,8252.0,46.51163354
Austria,2001,373.4691,3840.646,109.152596,101.3854205,8252.0,46.54200194
Austria,2002,375.176,3843.152,109.6514661,101.4515739,8252.0,46.57237033
Austria,2003,376.8829,3845.658,110.1503362,101.5177273,8252.0,46.60273873
Austria,2004,378.5898,3848.164,110.6492063,101.5838807,8252.0,46.63310713
Austria,2005,380.2967,3850.67,111.1480764,101.6500342,8252.0,46.66347552
Austria,2006,382.0035,3853.176,111.6469172,101.7161876,8252.0,46.69384392
Austria,2007,383.7104,3855.682,112.1457873,101.782341,8252.0,46.72421231
Austria,2008,385.4173,3858.188,112.6446574,101.8484944,8252.0,46.75458071
Austria,2009,387.1242,3860.694,113.1435275,101.9146478,8252.0,46.7849491
Austria,2010,388.8311,3863.2,113.6423976,101.9808013,8252.0,46.8153175
Austria,2011,390.7845,3866.798,114.2133115,102.0757813,8252.0,46.85891905
Austria,2012,392.7379,3870.396,114.7842253,102.1707614,8252.0,46.9025206
Austria,2013,394.6914,3873.994,115.3551684,102.2657414,8252.0,46.94612215
Austria,2014,396.6448,3877.592,115.9260822,102.3607214,8252.0,46.9897237
Austria,2015,398.5982,3881.19,116.4969961,102.4557015,8252.0,47.03332525
Austria,2016,400.5607,3884.79,117.0705696,102.5507343,8252.0,47.07695104
Austria,2017,402.564,3888.38,117.6560675,102.6455032,8252.0,47.12045565
Austria,2018,404.5314,3891.97,118.2310731,102.7402721,8252.0,47.16396025
Austria,2019,406.4627,3887.0,118.7955279,102.6090739,8252.0,47.10373243
Austria,2020,408.436,3889.82,119.3722578,102.6835163,8252.0,47.13790596
Austria,2021,,3892.64,,102.7579587,8252.0,47.1720795
Austria,2022,,3895.45,,102.8321372,8252.0,47.20613185
"Azerbaijan, Rep. of",1992,,953.236,,100.0,8321.7,11.45482293
"Azerbaijan, Rep. of",1993,,957.484,,100.4456399,8321.7,11.50587019
"Azerbaijan, Rep. of",1994,,961.732,,100.8912798,8321.7,11.55691746
"Azerbaijan, Rep. of",1995,,965.98,,101.3369197,8321.7,11.60796472
"Azerbaijan, Rep. of",1996,,970.228,,101.7825596,8321.7,11.65901198
"Azerbaijan, Rep. of",1997,,974.476,,102.2281995,8321.7,11.71005924
"Azerbaijan, Rep. of",1998,,978.724,,102.6738394,8309.2,11.7787994
"Azerbaijan, Rep. of",1999,,982.972,,103.1194793,8270.5,11.885279
"Azerbaijan, Rep. of",2000,,987.22,,103.5651192,8260.5,11.95109255
"Azerbaijan, Rep. of",2001,,991.7475,,104.0400803,8260.4,12.00604692
"Azerbaijan, Rep. of",2002,,996.2749,,104.5150309,8261.8,12.05881164
"Azerbaijan, Rep. of",2003,,1000.8024,,104.989992,8265.2,12.10862895
"Azerbaijan, Rep. of",2004,,1005.3298,,105.4649426,8267.2,12.16046303
"Azerbaijan, Rep. of",2005,,1009.8573,,105.9399037,8266.0,12.21700097
"Azerbaijan, Rep. of",2006,,1014.3848,,106.4148647,8263.7,12.27518908
"Azerbaijan, Rep. of",2007,,1018.9122,,106.8898153,8262.9,12.33116944
"Azerbaijan, Rep. of",2008,,1023.4397,,107.3647764,8262.7,12.38626236
"Azerbaijan, Rep. of",2009,,1027.9671,,107.839727,8262.2,12.44180848
"Azerbaijan, Rep. of",2010,,1032.4946,,108.3146881,8265.6,12.49146583
"Azerbaijan, Rep. of",2011,,1041.5731,,109.2670755,8265.8,12.60099567
"Azerbaijan, Rep. of",2012,,1050.6515,,110.2194525,8265.8,12.71082654
"Azerbaijan, Rep. of",2013,,1059.73,,111.1718399,8265.9,12.82050351
"Azerbaijan, Rep. of",2014,,1068.8085,,112.1242274,8266.3,12.92970858
"Azerbaijan, Rep. of",2015,,1077.887,,113.0766148,8266.3,13.03953401
"Azerbaijan, Rep. of",2016,,1087.4752,,114.0824728,8267.0,13.15441152
"Azerbaijan, Rep. of",2017,,1097.1848,,115.1010663,8266.2,13.27314606
"Azerbaijan, Rep. of",2018,,1108.715,,116.3106513,8265.4,13.41393036
"Azerbaijan, Rep. of",2019,,1120.24,,117.5196908,8265.4,13.55336705
"Azerbaijan, Rep. of",2020,,1131.77,,118.7292549,8264.6,13.69418968
"Azerbaijan, Rep. of",2021,,1143.2967,,119.9384727,8265.0,13.83299093
"Azerbaijan, Rep. of",2022,,1154.8256,,121.1479214,8265.0,13.97248155
"Bahamas, The",1992,13.3532,509.86,100.0,100.0,1001.0,50.93506494
"Bahamas, The",1993,13.3532,509.86,100.0,100.0,1001.0,50.93506494
"Bahamas, The",1994,13.3532,509.86,100.0,100.0,1001.0,50.93506494
"Bahamas, The",1995,13.3532,509.86,100.0,100.0,1001.0,50.93506494
"Bahamas, The",1996,13.3532,509.86,100.0,100.0,1001.0,50.93506494
"Bahamas, The",1997,13.3532,509.86,100.0,100.0,1001.0,50.93506494
"Bahamas, The",1998,13.3532,509.86,100.0,100.0,1001.0,50.93506494
"Bahamas, The",1999,13.3532,509.86,100.0,100.0,1001.0,50.93506494
"Bahamas, The",2000,13.3532,509.86,100.0,100.0,1001.0,50.93506494
"Bahamas, The",2001,13.3532,509.86,100.0,100.0,1001.0,50.93506494
"Bahamas, The",2002,13.3532,509.86,100.0,100.0,1001.0,50.93506494
"Bahamas, The",2003,13.3532,509.86,100.0,100.0,1001.0,50.93506494
"Bahamas, The",2004,13.3532,509.86,100.0,100.0,1001.0,50.93506494
"Bahamas, The",2005,13.3532,509.86,100.0,100.0,1001.0,50.93506494
"Bahamas, The",2006,13.3532,509.86,100.0,100.0,1001.0,50.93506494
"Bahamas, The",2007,13.3532,509.86,100.0,100.0,1001.0,50.93506494
"Bahamas, The",2008,13.3532,509.86,100.0,100.0,1001.0,50.93506494
"Bahamas, The",2009,13.3532,509.86,100.0,100.0,1001.0,50.93506494
"Bahamas, The",2010,13.3532,509.86,100.0,100.0,1001.0,50.93506494
"Bahamas, The",2011,13.3532,509.86,100.0,100.0,1001.0,50.93506494
"Bahamas, The",2012,13.3532,509.86,100.0,100.0,1001.0,50.93506494
"Bahamas, The",2013,13.3532,509.86,100.0,100.0,1001.0,50.93506494
"Bahamas, The",2014,13.3532,509.86,100.0,100.0,1001.0,50.93506494
"Bahamas, The",2015,13.3532,509.86,100.0,100.0,1001.0,50.93506494
"Bahamas, The",2016,13.3532,509.86,100.0,100.0,1001.0,50.93506494
"Bahamas, The",2017,13.3532,509.86,100.0,100.0,1001.0,50.93506494
"Bahamas, The",2018,13.3532,509.86,100.0,100.0,1001.0,50.93506494
"Bahamas, The",2019,13.3532,509.86,100.0,100.0,1001.0,50.93506494
"Bahamas, The",2020,13.3532,509.86,100.0,100.0,1001.0,50.93506494
"Bahamas, The",2021,,509.86,,100.0,1001.0,50.93506494
"Bahamas, The",2022,,509.86,,100.0,1001.0,50.93506494
"Bahrain, Kingdom of",1992,,0.25,,100.0,71.0,0.352112676
"Bahrain, Kingdom of",1993,,0.265,,106.0,71.0,0.373239437
"Bahrain, Kingdom of",1994,,0.28,,112.0,71.0,0.394366197
"Bahrain, Kingdom of",1995,,0.295,,118.0,71.0,0.415492958
"Bahrain, Kingdom of",1996,,0.31,,124.0,71.0,0.436619718
"Bahrain, Kingdom of",1997,,0.325,,130.0,71.0,0.457746479
"Bahrain, Kingdom of",1998,,0.34,,136.0,71.0,0.478873239
"Bahrain, Kingdom of",1999,,0.355,,142.0,71.0,0.5
"Bahrain, Kingdom of",2000,,0.37,,148.0,71.0,0.521126761
"Bahrain, Kingdom of",2001,,0.385,,154.0,71.0,0.542253521
"Bahrain, Kingdom of",2002,,0.4,,160.0,71.0,0.563380282
"Bahrain, Kingdom of",2003,,0.415,,166.0,72.0,0.576388889
"Bahrain, Kingdom of",2004,,0.43,,172.0,73.0,0.589041096
"Bahrain, Kingdom of",2005,,0.445,,178.0,74.0,0.601351351
"Bahrain, Kingdom of",2006,,0.46,,184.0,74.0,0.621621622
"Bahrain, Kingdom of",2007,,0.475,,190.0,75.0,0.633333333
"Bahrain, Kingdom of",2008,,0.49,,196.0,76.0,0.644736842
"Bahrain, Kingdom of",2009,,0.505,,202.0,76.0,0.664473684
"Bahrain, Kingdom of",2010,,0.52,,208.0,76.2,0.682414698
"Bahrain, Kingdom of",2011,,0.536,,214.4,76.7,0.698826597
"Bahrain, Kingdom of",2012,,0.552,,220.8,77.0,0.716883117
"Bahrain, Kingdom of",2013,,0.568,,227.2,77.0,0.737662338
"Bahrain, Kingdom of",2014,,0.584,,233.6,77.1,0.757457847
"Bahrain, Kingdom of",2015,,0.6,,240.0,77.8,0.771208226
"Bahrain, Kingdom of",2016,,0.62,,248.0,77.9,0.795892169
"Bahrain, Kingdom of",2017,,0.64,,256.0,78.0,0.820512821
"Bahrain, Kingdom of",2018,,0.66,,264.0,77.8,0.848329049
"Bahrain, Kingdom of",2019,,0.68,,272.0,78.0,0.871794872
"Bahrain, Kingdom of",2020,,0.7,,280.0,78.5,0.891719745
"Bahrain, Kingdom of",2021,,0.72,,288.0,79.0,0.911392405
"Bahrain, Kingdom of",2022,,0.74,,296.0,79.0,0.936708861
Bangladesh,1992,83.5919,1920.3296,100.0,100.0,13017.0,14.75247446
Bangladesh,1993,83.5919,1920.3294,100.0,99.99998959,13017.0,14.75247292
Bangladesh,1994,83.5919,1920.3292,100.0,99.99997917,13017.0,14.75247138
Bangladesh,1995,83.5919,1920.329,100.0,99.99996876,13017.0,14.75246985
Bangladesh,1996,83.5919,1920.3289,100.0,99.99996355,13017.0,14.75246908
Bangladesh,1997,83.5919,1920.3287,100.0,99.99995313,13017.0,14.75246754
Bangladesh,1998,83.5919,1920.3285,100.0,99.99994272,13017.0,14.75246601
Bangladesh,1999,83.5919,1920.3283,100.0,99.9999323,13017.0,14.75246447
Bangladesh,2000,83.5919,1920.3281,100.0,99.99992189,13017.0,14.75246293
Bangladesh,2001,83.4526,1917.1295,99.83335706,99.83335673,13017.0,14.72789045
Bangladesh,2002,83.3134,1913.9309,99.66683375,99.66679158,13017.0,14.70331797
Bangladesh,2003,83.1742,1910.7323,99.50031044,99.50022642,13017.0,14.67874549
Bangladesh,2004,83.0349,1907.5337,99.3336675,99.33366126,13017.0,14.654173
Bangladesh,2005,82.8957,1904.3351,99.16714419,99.16709611,13017.0,14.62960052
Bangladesh,2006,82.7565,1901.1365,99.00062087,99.00053095,13017.0,14.60502804
Bangladesh,2007,82.6172,1897.9379,98.83397793,98.83396579,13017.0,14.58045556
Bangladesh,2008,82.478,1894.7393,98.66745462,98.66740064,13017.0,14.55588308
Bangladesh,2009,82.3388,1891.5406,98.50093131,98.50083027,13017.0,14.53130983
Bangladesh,2010,82.1995,1888.342,98.33428837,98.33426512,13017.0,14.50673734
Bangladesh,2011,82.1565,1887.3536,98.28284798,98.28279479,13017.0,14.4991442
Bangladesh,2012,82.1135,1886.3652,98.23140759,98.23132446,13017.0,14.49155105
Bangladesh,2013,82.0705,1885.3768,98.1799672,98.17985413,13017.0,14.4839579
Bangladesh,2014,82.0274,1884.3884,98.12840718,98.12838379,13017.0,14.47636475
Bangladesh,2015,81.9844,1883.4,98.07696679,98.07691346,13017.0,14.46877161
Bangladesh,2016,81.9844,1883.4,98.07696679,98.07691346,13017.0,14.46877161
Bangladesh,2017,81.9844,1883.4,98.07696679,98.07691346,13017.0,14.46877161
Bangladesh,2018,81.9844,1883.4,98.07696679,98.07691346,13017.0,14.46877161
Bangladesh,2019,81.9844,1883.4,98.07696679,98.07691346,13017.0,14.46877161
Bangladesh,2020,81.9844,1883.4,98.07696679,98.07691346,13017.0,14.46877161
Bangladesh,2021,,1883.4,,98.07691346,13017.0,14.46877161
Bangladesh,2022,,1883.4,,98.07691346,13017.0,14.46877161
Barbados,1992,,6.3,,100.0,43.0,14.65116279
Barbados,1993,,6.3,,100.0,43.0,14.65116279
Barbados,1994,,6.3,,100.0,43.0,14.65116279
Barbados,1995,,6.3,,100.0,43.0,14.65116279
Barbados,1996,,6.3,,100.0,43.0,14.65116279
Barbados,1997,,6.3,,100.0,43.0,14.65116279
Barbados,1998,,6.3,,100.0,43.0,14.65116279
Barbados,1999,,6.3,,100.0,43.0,14.65116279
Barbados,2000,,6.3,,100.0,43.0,14.65116279
Barbados,2001,,6.3,,100.0,43.0,14.65116279
Barbados,2002,,6.3,,100.0,43.0,14.65116279
Barbados,2003,,6.3,,100.0,43.0,14.65116279
Barbados,2004,,6.3,,100.0,43.0,14.65116279
Barbados,2005,,6.3,,100.0,43.0,14.65116279
Barbados,2006,,6.3,,100.0,43.0,14.65116279
Barbados,2007,,6.3,,100.0,43.0,14.65116279
Barbados,2008,,6.3,,100.0,43.0,14.65116279
Barbados,2009,,6.3,,100.0,43.0,14.65116279
Barbados,2010,,6.3,,100.0,43.0,14.65116279
Barbados,2011,,6.3,,100.0,43.0,14.65116279
Barbados,2012,,6.3,,100.0,43.0,14.65116279
Barbados,2013,,6.3,,100.0,43.0,14.65116279
Barbados,2014,,6.3,,100.0,43.0,14.65116279
Barbados,2015,,6.3,,100.0,43.0,14.65116279
Barbados,2016,,6.3,,100.0,43.0,14.65116279
Barbados,2017,,6.3,,100.0,43.0,14.65116279
Barbados,2018,,6.3,,100.0,43.0,14.65116279
Barbados,2019,,6.3,,100.0,43.0,14.65116279
Barbados,2020,,6.3,,100.0,43.0,14.65116279
Barbados,2021,,6.3,,100.0,43.0,14.65116279
Barbados,2022,,6.3,,100.0,43.0,14.65116279
"Belarus, Rep. of",1992,416.0939,7878.6,100.0,100.0,20292.8,38.82460774
"Belarus, Rep. of",1993,431.1969,7927.9,103.6297095,100.6257457,20289.2,39.07448298
"Belarus, Rep. of",1994,446.2999,7977.2,107.2594191,101.2514914,20287.8,39.32018257
"Belarus, Rep. of",1995,461.4029,8026.5,110.8891286,101.8772371,20286.8,39.56513595
"Belarus, Rep. of",1996,476.5058,8075.8,114.5188141,102.5029828,20285.4,39.81089848
"Belarus, Rep. of",1997,491.6088,8125.1,118.1485237,103.1287285,20285.5,40.05373296
"Belarus, Rep. of",1998,506.7118,8174.4,121.7782332,103.7544741,20282.9,40.30192921
"Belarus, Rep. of",1999,521.8147,8223.7,125.4079187,104.3802198,20283.5,40.54379175
"Belarus, Rep. of",2000,536.9177,8273.0,129.0376283,105.0059655,20284.8,40.78423253
"Belarus, Rep. of",2001,549.8495,8308.7,132.1455325,105.4590917,20284.4,40.9610341
"Belarus, Rep. of",2002,562.7814,8344.4,135.2534608,105.9122179,20282.9,41.14007366
"Belarus, Rep. of",2003,575.7132,8380.1,138.3613651,106.3653441,20282.6,41.3166951
"Belarus, Rep. of",2004,588.645,8415.8,141.4692693,106.8184703,20281.5,41.49495846
"Belarus, Rep. of",2005,601.5769,8451.5,144.5771976,107.2715965,20283.3,41.66728294
"Belarus, Rep. of",2006,614.5087,8487.2,147.6851018,107.7247227,20290.4,41.82864803
"Belarus, Rep. of",2007,627.4405,8522.9,150.7930061,108.1778489,20290.1,42.00521437
"Belarus, Rep. of",2008,640.3723,8558.6,153.9009103,108.630975,20290.2,42.18095435
"Belarus, Rep. of",2009,653.3042,8594.3,157.0088386,109.0841012,20289.8,42.3577364
"Belarus, Rep. of",2010,666.236,8630.0,160.1167429,109.5372274,20290.2,42.53284837
"Belarus, Rep. of",2011,676.8229,8630.7,162.6610964,109.5461123,20291.0,42.53462126
"Belarus, Rep. of",2012,687.4098,8631.4,165.20545,109.5549971,20289.9,42.54037723
"Belarus, Rep. of",2013,697.9967,8632.1,167.7498036,109.5638819,20290.8,42.54194019
"Belarus, Rep. of",2014,708.5836,8632.8,170.2941572,109.5727667,20297.3,42.53176531
"Belarus, Rep. of",2015,719.1706,8633.5,172.8385348,109.5816516,20297.8,42.53416626
"Belarus, Rep. of",2016,735.9612,8709.6,176.8738258,110.5475592,20298.8,42.90696987
"Belarus, Rep. of",2017,747.6554,8724.1,179.6842972,110.7316021,20298.8,42.97840266
"Belarus, Rep. of",2018,766.3752,8738.6,184.1832336,110.9156449,20298.0,43.05153217
"Belarus, Rep. of",2019,773.774,8753.1,185.96139,111.0996878,20296.5,43.12615476
"Belarus, Rep. of",2020,778.5629,8767.6,187.1123081,111.2837306,20298.0,43.19440339
"Belarus, Rep. of",2021,,8782.1,,111.4677735,20295.0,43.27223454
"Belarus, Rep. of",2022,,8796.6,,111.6518163,20299.0,43.33513966
Belgium,1992,50.47212157,673.8136976,100.0,100.0,,
Belgium,1993,51.62938998,672.9994854,102.2928864,99.8791636,,
Belgium,1994,52.7866584,672.1852732,104.5857728,99.7583272,,
Belgium,1995,53.94383719,671.371061,106.8784816,99.63749081,,
Belgium,1996,55.1011056,670.5568488,109.171368,99.51665441,,
Belgium,1997,56.25828439,669.7426366,111.4640769,99.39581801,,
Belgium,1998,57.4155528,668.9284244,113.7569633,99.27498161,,
Belgium,1999,58.57282121,668.1142122,116.0498497,99.15414521,,
Belgium,2000,59.73,667.3,118.3425585,99.03330882,3033.3,21.99914285
Belgium,2001,60.5957,669.557,120.0577628,99.36826787,3033.3,22.07355026
Belgium,2002,61.4614,671.814,121.7729671,99.70322693,3033.3,22.14795767
Belgium,2003,62.3271,674.071,123.4881714,100.038186,3033.3,22.22236508
Belgium,2004,63.1927,676.328,125.2031776,100.373145,3033.3,22.29677249
Belgium,2005,64.0584,678.585,126.9183819,100.7081041,3033.3,22.3711799
Belgium,2006,64.9241,680.842,128.6335862,101.0430632,3033.3,22.44558731
Belgium,2007,65.7898,683.099,130.3487905,101.3780222,3033.3,22.51999473
Belgium,2008,66.6555,685.356,132.0639948,101.7129813,3033.3,22.59440214
Belgium,2009,67.5211,687.613,133.779001,102.0479403,3033.3,22.66880955
Belgium,2010,68.3868,689.87,135.4942053,102.3828994,3033.3,22.74321696
Belgium,2011,69.0745,689.756,136.8567396,102.3659808,3033.3,22.73945868
Belgium,2012,69.7621,689.642,138.2190759,102.3490621,3033.3,22.73570039
Belgium,2013,70.4498,689.528,139.5816102,102.3321435,3033.3,22.73194211
Belgium,2014,71.1374,689.414,140.9439465,102.3152249,3033.3,22.72818383
Belgium,2015,71.8251,689.3,142.3064808,102.2983063,3033.3,22.72442554
Belgium,2016,71.8251,689.3,142.3064808,102.2983063,3033.3,22.72442554
Belgium,2017,71.8251,689.3,142.3064808,102.2983063,3033.3,22.72442554
Belgium,2018,71.8251,689.3,142.3064808,102.2983063,3049.3,22.60518808
Belgium,2019,71.8251,689.3,142.3064808,102.2983063,3049.4,22.60444678
Belgium,2020,71.8251,689.3,142.3064808,102.2983063,3049.4,22.60444678
Belgium,2021,,689.3,,102.2983063,3049.4,22.60444678
Belgium,2022,,689.3,,102.2983063,3049.4,22.60444678
Belize,1992,193.3417,1571.884,100.0,100.0,2281.0,68.91205612
Belize,1993,191.6108,1557.811,99.10474564,99.10470493,2281.0,68.29508987
Belize,1994,189.8798,1543.738,98.20943956,98.20940985,2281.0,67.67812363
Belize,1995,188.1488,1529.665,97.31413347,97.31411478,2281.0,67.06115739
Belize,1996,186.4178,1515.592,96.41882739,96.41881971,2281.0,66.44419114
Belize,1997,184.6868,1501.519,95.52352131,95.52352464,2281.0,65.8272249
Belize,1998,182.9559,1487.446,94.62826695,94.62822956,2281.0,65.21025866
Belize,1999,181.2249,1473.373,93.73296087,93.73293449,2281.0,64.59329242
Belize,2000,179.4939,1459.3,92.83765478,92.83763942,2281.0,63.97632617
Belize,2001,178.6586,1452.509,92.40562176,92.40561008,2281.0,63.67860587
Belize,2002,177.8233,1445.718,91.97358873,91.97358075,2281.0,63.38088558
Belize,2003,176.988,1438.927,91.5415557,91.54155141,2281.0,63.08316528
Belize,2004,176.1527,1432.136,91.10952267,91.10952208,2281.0,62.78544498
Belize,2005,175.3174,1425.345,90.67748965,90.67749274,2281.0,62.48772468
Belize,2006,174.4821,1418.554,90.24545662,90.24546341,2281.0,62.19000438
Belize,2007,173.6468,1411.763,89.81342359,89.81343407,2281.0,61.89228409
Belize,2008,172.8116,1404.972,89.38144229,89.38140473,2281.0,61.59456379
Belize,2009,171.9763,1398.181,88.94940926,88.9493754,2281.0,61.29684349
Belize,2010,171.141,1391.39,88.51737623,88.51734606,2281.0,60.99912319
Belize,2011,169.7004,1379.678,87.77227054,87.77225291,2281.0,60.48566418
Belize,2012,168.2598,1367.966,87.02716486,87.02715976,2281.0,59.97220517
Belize,2013,166.8192,1356.254,86.28205917,86.28206662,2281.0,59.45874616
Belize,2014,165.3787,1344.542,85.53700521,85.53697347,2281.0,58.94528715
Belize,2015,163.9381,1332.83,84.79189952,84.79188032,2281.0,58.43182815
Belize,2016,162.5666,1321.68,84.08253367,84.08254044,2281.0,57.94300745
Belize,2017,161.194,1310.52,83.37259888,83.37256439,2281.0,57.45374836
Belize,2018,159.8225,1299.37,82.66323302,82.66322451,2281.0,56.96492766
Belize,2019,158.4498,1288.21,81.95324651,81.95324846,2281.0,56.47566857
Belize,2020,157.0771,1277.05,81.24325999,81.2432724,2281.0,55.98640947
Belize,2021,,1265.89,,80.53329635,2281.0,55.49715037
Belize,2022,,1254.73,,79.8233203,2281.0,55.00789128
Benin,1992,274.2907,4695.15,100.0,100.0,11276.0,41.63843562
Benin,1993,270.2013,4625.15,98.50910002,98.50909982,11276.0,41.0176481
Benin,1994,266.1119,4555.15,97.01820003,97.01819963,11276.0,40.39686059
Benin,1995,262.0225,4485.15,95.52730005,95.52729945,11276.0,39.77607308
Benin,1996,257.9331,4415.15,94.03640007,94.03639926,11276.0,39.15528556
Benin,1997,253.8437,4345.15,92.54550008,92.54549908,11276.0,38.53449805
Benin,1998,249.7543,4275.15,91.0546001,91.05459889,11276.0,37.91371054
Benin,1999,245.6649,4205.15,89.56370012,89.56369871,11276.0,37.29292302
Benin,2000,241.5755,4135.15,88.07280014,88.07279853,11276.0,36.67213551
Benin,2001,238.6545,4085.15,87.00787158,87.00786982,11276.0,36.22871586
Benin,2002,235.7335,4035.15,85.94294302,85.94294112,11276.0,35.7852962
Benin,2003,232.8125,3985.15,84.87801446,84.87801242,11276.0,35.34187655
Benin,2004,229.8915,3935.15,83.8130859,83.81308371,11276.0,34.8984569
Benin,2005,226.9705,3885.15,82.74815734,82.74815501,11276.0,34.45503725
Benin,2006,224.0495,3835.15,81.68322878,81.68322631,11276.0,34.01161759
Benin,2007,221.1285,3785.15,80.61830022,80.6182976,11276.0,33.56819794
Benin,2008,218.2075,3735.15,79.55337166,79.5533689,11276.0,33.12477829
Benin,2009,215.2865,3685.15,78.4884431,78.4884402,11276.0,32.68135864
Benin,2010,212.3655,3635.15,77.42351454,77.4235115,11276.0,32.23793899
Benin,2011,209.4445,3585.15,76.35858598,76.35858279,11276.0,31.79451933
Benin,2012,206.5235,3535.15,75.29365742,75.29365409,11276.0,31.35109968
Benin,2013,203.6025,3485.15,74.22872886,74.22872539,11276.0,30.90768003
Benin,2014,200.6815,3435.15,73.1638003,73.16379668,11276.0,30.46426038
Benin,2015,197.7605,3385.15,72.09887174,72.09886798,11276.0,30.02084072
Benin,2016,194.8395,3335.15,71.03394319,71.03393928,11276.0,29.57742107
Benin,2017,191.9185,3285.15,69.96901463,69.96901057,11276.0,29.13400142
Benin,2018,188.9975,3235.15,68.90408607,68.90408187,11276.0,28.69058177
Benin,2019,186.0765,3185.15,67.83915751,67.83915317,11276.0,28.24716211
Benin,2020,183.1555,3135.15,66.77422895,66.77422447,11276.0,27.80374246
Benin,2021,,3085.15,,65.70929576,11276.0,27.36032281
Benin,2022,,3035.15,,64.64436706,11276.0,26.91690316
Bermuda,1992,,1.0,,100.0,5.4,18.51851852
Bermuda,1993,,1.0,,100.0,5.4,18.51851852
Bermuda,1994,,1.0,,100.0,5.4,18.51851852
Bermuda,1995,,1.0,,100.0,5.4,18.51851852
Bermuda,1996,,1.0,,100.0,5.4,18.51851852
Bermuda,1997,,1.0,,100.0,5.4,18.51851852
Bermuda,1998,,1.0,,100.0,5.4,18.51851852
Bermuda,1999,,1.0,,100.0,5.4,18.51851852
Bermuda,2000,,1.0,,100.0,5.4,18.51851852
Bermuda,2001,,1.0,,100.0,5.4,18.51851852
Bermuda,2002,,1.0,,100.0,5.4,18.51851852
Bermuda,2003,,1.0,,100.0,5.4,18.51851852
Bermuda,2004,,1.0,,100.0,5.4,18.51851852
Bermuda,2005,,1.0,,100.0,5.4,18.51851852
Bermuda,2006,,1.0,,100.0,5.4,18.51851852
Bermuda,2007,,1.0,,100.0,5.4,18.51851852
Bermuda,2008,,1.0,,100.0,5.4,18.51851852
Bermuda,2009,,1.0,,100.0,5.4,18.51851852
Bermuda,2010,,1.0,,100.0,5.4,18.51851852
Bermuda,2011,,1.0,,100.0,5.4,18.51851852
Bermuda,2012,,1.0,,100.0,5.4,18.51851852
Bermuda,2013,,1.0,,100.0,5.4,18.51851852
Bermuda,2014,,1.0,,100.0,5.4,18.51851852
Bermuda,2015,,1.0,,100.0,5.4,18.51851852
Bermuda,2016,,1.0,,100.0,5.4,18.51851852
Bermuda,2017,,1.0,,100.0,5.4,18.51851852
Bermuda,2018,,1.0,,100.0,5.4,18.51851852
Bermuda,2019,,1.0,,100.0,5.4,18.51851852
Bermuda,2020,,1.0,,100.0,5.4,18.51851852
Bermuda,2021,,1.0,,100.0,5.4,18.51851852
Bermuda,2022,,1.0,,100.0,5.4,18.51851852
Bhutan,1992,458.7504,2526.576,100.0,100.0,4672.3,54.07563727
Bhutan,1993,460.553,2536.504,100.392937,100.3929429,4672.3,54.28812362
Bhutan,1994,462.3557,2546.432,100.7858958,100.7858857,3980.0,63.98070352
Bhutan,1995,464.1583,2556.36,101.1788328,101.1788286,3980.0,64.23015075
Bhutan,1996,465.9609,2566.288,101.5717697,101.5717714,3980.0,64.47959799
Bhutan,1997,467.7635,2576.216,101.9647067,101.9647143,3980.0,64.72904523
Bhutan,1998,469.5662,2586.144,102.3576655,102.3576572,3980.0,64.97849246
Bhutan,1999,471.3688,2596.072,102.7506025,102.7506,3980.0,65.2279397
Bhutan,2000,473.1714,2606.0,103.1435395,103.1435429,3980.0,65.47738693
Bhutan,2001,474.9742,2615.929,103.5365201,103.5365253,3980.0,65.7268593
Bhutan,2002,476.777,2625.858,103.9295007,103.9295078,3980.0,65.97633166
Bhutan,2003,478.5798,2635.787,104.3224812,104.3224902,3980.0,66.22580402
Bhutan,2004,480.3827,2645.716,104.7154836,104.7154726,3811.7,69.41039431
Bhutan,2005,482.1855,2655.645,105.1084642,105.1084551,3811.7,69.67088176
Bhutan,2006,483.9883,2665.574,105.5014448,105.5014375,3811.7,69.93136921
Bhutan,2007,485.7911,2675.503,105.8944254,105.89442,3811.7,70.19185665
Bhutan,2008,487.5939,2685.432,106.287406,106.2874024,3811.7,70.4523441
Bhutan,2009,489.3967,2695.361,106.6803865,106.6803848,3811.7,70.71283154
Bhutan,2010,491.1995,2705.29,107.0733671,107.0733673,3811.7,70.97331899
Bhutan,2011,491.5587,2707.268,107.1516668,107.151655,3811.7,71.02521185
Bhutan,2012,491.9178,2709.246,107.2299446,107.2299428,3811.7,71.0771047
Bhutan,2013,492.2769,2711.224,107.3082225,107.3082306,3811.7,71.12899756
Bhutan,2014,492.6361,2713.202,107.3865222,107.3865184,3811.7,71.18089042
Bhutan,2015,492.9952,2715.18,107.4648,107.4648061,3811.7,71.23278327
Bhutan,2016,493.3547,2717.16,107.5431651,107.5431731,3814.4,71.23427013
Bhutan,2017,493.7142,2719.14,107.6215301,107.62154,3814.4,71.28617869
Bhutan,2018,494.0738,2721.12,107.699917,107.6999069,3814.0,71.34556896
Bhutan,2019,494.4333,2723.1,107.778282,107.7782738,3814.0,71.39748296
Bhutan,2020,494.7928,2725.08,107.8566471,107.8566408,3814.0,71.44939696
Bhutan,2021,,2727.06,,107.9350077,3814.0,71.50131096
Bhutan,2022,,2729.04,,108.0133746,3814.0,71.55322496
Bolivia,1992,4408.7595,57264.054,100.0,100.0,108330.0,52.86075325
Bolivia,1993,4387.9466,56993.721,99.52791936,99.52791851,108330.0,52.61120742
Bolivia,1994,4367.1336,56723.388,99.05583645,99.05583702,108330.0,52.36166159
Bolivia,1995,4346.3207,56453.055,98.58375582,98.58375553,108330.0,52.11211576
Bolivia,1996,4325.5078,56182.722,98.11167518,98.11167404,108330.0,51.86256993
Bolivia,1997,4304.6948,55912.389,97.63959227,97.63959254,108330.0,51.61302409
Bolivia,1998,4283.8819,55642.056,97.16751163,97.16751105,108330.0,51.36347826
Bolivia,1999,4263.069,55371.723,96.69543099,96.69542956,108330.0,51.11393243
Bolivia,2000,4242.256,55101.39,96.22334809,96.22334807,108330.0,50.8643866
Bolivia,2001,4226.7396,54899.852,95.87140328,95.87140303,108330.0,50.6783458
Bolivia,2002,4211.2232,54698.314,95.51945848,95.51945798,108330.0,50.49230499
Bolivia,2003,4195.7068,54496.776,95.16751367,95.16751294,108330.0,50.30626419
Bolivia,2004,4180.1904,54295.238,94.81556887,94.8155679,108330.0,50.12022339
Bolivia,2005,4164.674,54093.7,94.46362406,94.46362285,108330.0,49.93418259
Bolivia,2006,4149.1576,53892.162,94.11167926,94.11167781,108330.0,49.74814179
Bolivia,2007,4133.6411,53690.624,93.75973219,93.75973276,108330.0,49.56210099
Bolivia,2008,4118.1247,53489.086,93.40778738,93.40778772,108330.0,49.37606019
Bolivia,2009,4102.6083,53287.548,93.05584258,93.05584268,108330.0,49.19001939
Bolivia,2010,4087.0919,53086.01,92.70389777,92.70389763,108330.0,49.00397858
Bolivia,2011,4070.7887,52874.252,92.33410668,92.33410544,108330.0,48.80850365
Bolivia,2012,4054.4854,52662.494,91.96431332,91.96431325,108330.0,48.61302871
Bolivia,2013,4038.1822,52450.736,91.59452222,91.59452106,108330.0,48.41755377
Bolivia,2014,4021.8789,52238.978,91.22472886,91.22472887,108330.0,48.22207883
Bolivia,2015,4005.5757,52027.22,90.85493777,90.85493668,108330.0,48.0266039
Bolivia,2016,3984.2849,51750.68,90.37201734,90.37201592,108330.0,47.77132835
Bolivia,2017,3964.386,51492.22,89.92066816,89.92066821,108330.0,47.53274255
Bolivia,2018,3945.9869,51253.24,89.50333762,89.50333834,108330.0,47.31213884
Bolivia,2019,3929.0892,51033.76,89.120062,89.12006125,108330.0,47.10953568
Bolivia,2020,3913.6912,50833.76,88.77080276,88.77080201,108330.0,46.92491461
Bolivia,2021,,50620.7733,,88.39886415,108330.0,46.72830546
Bolivia,2022,,50416.4444,,88.04204536,108330.0,46.53968836
Bosnia and Herzegovina,1992,194.567,2190.33,100.0,100.0,5120.0,42.77988281
Bosnia and Herzegovina,1993,193.6934,2180.495,99.551003,99.5509809,5120.0,42.58779297
Bosnia and Herzegovina,1994,192.8197,2170.66,99.1019546,99.1019618,5120.0,42.39570313
Bosnia and Herzegovina,1995,191.9461,2160.825,98.65295759,98.65294271,5120.0,42.20361328
Bosnia and Herzegovina,1996,191.0724,2150.99,98.20390919,98.20392361,5120.0,42.01152344
Bosnia and Herzegovina,1997,190.1988,2141.155,97.75491219,97.75490451,5120.0,41.81943359
Bosnia and Herzegovina,1998,189.3252,2131.32,97.30591519,97.30588541,5120.0,41.62734375
Bosnia and Herzegovina,1999,188.4515,2121.485,96.85686679,96.85686632,5120.0,41.43525391
Bosnia and Herzegovina,2000,187.5779,2111.65,96.40786978,96.40784722,5120.0,41.24316406
Bosnia and Herzegovina,2001,187.498,2110.751,96.36680424,96.36680318,5120.0,41.22560547
Bosnia and Herzegovina,2002,187.4182,2109.852,96.32579009,96.32575913,5120.0,41.20804688
Bosnia and Herzegovina,2003,187.3383,2108.953,96.28472454,96.28471509,5120.0,41.19048828
Bosnia and Herzegovina,2004,187.2584,2108.054,96.243659,96.24367105,5120.0,41.17292969
Bosnia and Herzegovina,2005,187.1786,2107.155,96.20264485,96.202627,5120.0,41.15537109
Bosnia and Herzegovina,2006,187.0987,2106.256,96.1615793,96.16158296,5120.0,41.1378125
Bosnia and Herzegovina,2007,187.0189,2105.357,96.12056515,96.12053891,5120.0,41.12025391
Bosnia and Herzegovina,2008,186.939,2104.458,96.07949961,96.07949487,5120.0,41.10269531
Bosnia and Herzegovina,2009,186.8591,2103.559,96.03843406,96.03845083,5120.0,41.08513672
Bosnia and Herzegovina,2010,186.7793,2102.66,95.99741991,95.99740678,5120.0,41.06757813
Bosnia and Herzegovina,2011,187.8069,2114.228,96.52556703,96.52554638,5120.0,41.29351563
Bosnia and Herzegovina,2012,188.8345,2125.796,97.05371414,97.05368597,5120.0,41.51945313
Bosnia and Herzegovina,2013,189.862,2137.364,97.58180986,97.58182557,5120.0,41.74539063
Bosnia and Herzegovina,2014,190.8896,2148.932,98.10995698,98.10996517,5120.0,41.97132813
Bosnia and Herzegovina,2015,191.9172,2160.5,98.6381041,98.63810476,5120.0,42.19726563
Bosnia and Herzegovina,2016,193.3394,2176.51,99.36906053,99.36904485,5120.0,42.50996094
Bosnia and Herzegovina,2017,194.352,2187.91,99.88949822,99.88951437,5120.0,42.73261719
Bosnia and Herzegovina,2018,194.352,2187.91,99.88949822,99.88951437,5120.0,42.73261719
Bosnia and Herzegovina,2019,194.352,2187.91,99.88949822,99.88951437,5120.0,42.73261719
Bosnia and Herzegovina,2020,194.352,2187.91,99.88949822,99.88951437,5120.0,42.73261719
Bosnia and Herzegovina,2021,,2187.91,,99.88951437,5120.0,42.73261719
Bosnia and Herzegovina,2022,,2187.91,,99.88951437,5120.0,42.73261719
Botswana,1992,1734.1671,18567.1,100.0,100.0,56673.0,32.76180897
Botswana,1993,1723.1179,18448.8,99.36285263,99.3628515,56673.0,32.5530676
Botswana,1994,1712.0687,18330.5,98.72570527,98.72570299,56673.0,32.34432622
Botswana,1995,1701.0195,18212.2,98.0885579,98.08855449,56673.0,32.13558485
Botswana,1996,1689.9703,18093.9,97.45141054,97.45140598,56673.0,31.92684347
Botswana,1997,1678.921,17975.6,96.8142574,96.81425748,56673.0,31.71810209
Botswana,1998,1667.8718,17857.3,96.17711004,96.17710897,56673.0,31.50936072
Botswana,1999,1656.8226,17739.0,95.53996267,95.53996047,56673.0,31.30061934
Botswana,2000,1645.7734,17620.7,94.90281531,94.90281196,56673.0,31.09187797
Botswana,2001,1634.7242,17502.4,94.26566794,94.26566346,56673.0,30.88313659
Botswana,2002,1623.6749,17384.1,93.62851481,93.62851495,56673.0,30.67439521
Botswana,2003,1612.6257,17265.8,92.99136744,92.99136645,56673.0,30.46565384
Botswana,2004,1601.5765,17147.5,92.35422007,92.35421794,56673.0,30.25691246
Botswana,2005,1590.5273,17029.2,91.71707271,91.71706944,56673.0,30.04817109
Botswana,2006,1579.4781,16910.9,91.07992534,91.07992094,56673.0,29.83942971
Botswana,2007,1568.4288,16792.6,90.44277221,90.44277243,56673.0,29.63068833
Botswana,2008,1557.3796,16674.3,89.80562484,89.80562393,56673.0,29.42194696
Botswana,2009,1546.3304,16556.0,89.16847748,89.16847542,56673.0,29.21320558
Botswana,2010,1535.2812,16437.7,88.53133011,88.53132692,56673.0,29.00446421
Botswana,2011,1524.232,16319.4,87.89418275,87.89417841,56673.0,28.79572283
Botswana,2012,1513.1827,16201.1,87.25702961,87.25702991,56673.0,28.58698146
Botswana,2013,1502.1335,16082.8,86.61988225,86.6198814,56673.0,28.37824008
Botswana,2014,1491.0843,15964.5,85.98273488,85.9827329,56673.0,28.1694987
Botswana,2015,1480.0351,15846.2,85.34558752,85.34558439,56673.0,27.96075733
Botswana,2016,1468.9859,15727.9,84.70844015,84.70843589,56673.0,27.75201595
Botswana,2017,1457.9366,15609.6,84.07128702,84.07128738,56673.0,27.54327458
Botswana,2018,1446.8874,15491.3,83.43413965,83.43413888,56673.0,27.3345332
Botswana,2019,1435.8382,15373.0,82.79699229,82.79699038,56673.0,27.12579182
Botswana,2020,1424.789,15254.7,82.15984492,82.15984187,56673.0,26.91705045
Botswana,2021,,15136.4,,81.52269337,56673.0,26.70830907
Botswana,2022,,15018.1,,80.88554486,56673.0,26.4995677
Brazil,1992,58129.1412,581336.12,100.0,100.0,835814.0,69.55328817
Brazil,1993,57845.98,577555.18,99.51287565,99.34961206,835814.0,69.10092198
Brazil,1994,57562.8187,573774.24,99.02575113,98.69922413,835814.0,68.64855578
Brazil,1995,57279.6575,569993.3,98.53862678,98.04883619,835814.0,68.19618958
Brazil,1996,56996.4963,566212.36,98.05150244,97.39844825,835814.0,67.74382339
Brazil,1997,56713.3351,562431.42,97.56437809,96.74806031,835814.0,67.29145719
Brazil,1998,56430.1738,558650.48,97.07725357,96.09767238,835814.0,66.83909099
Brazil,1999,56147.0126,554869.54,96.59012922,95.44728444,835814.0,66.3867248
Brazil,2000,55863.8514,551088.6,96.10300487,94.7968965,835814.0,65.9343586
Brazil,2001,55563.6296,547137.81,95.58653105,94.11729139,835814.0,65.4616709
Brazil,2002,55263.4079,543187.02,95.07005739,93.43768627,835814.0,64.98898319
Brazil,2003,54963.1861,539236.23,94.55358356,92.75808116,835814.0,64.51629549
Brazil,2004,54662.9643,535285.44,94.03710974,92.07847605,835814.0,64.04360779
Brazil,2005,54362.7426,531334.65,93.52063608,91.39887093,835814.0,63.57092009
Brazil,2006,54062.5208,527383.86,93.00416226,90.71926582,835814.0,63.09823238
Brazil,2007,53762.299,523433.07,92.48768843,90.0396607,835814.0,62.62554468
Brazil,2008,53462.0773,519482.28,91.97121478,89.36005559,835814.0,62.15285698
Brazil,2009,53161.8555,515531.49,91.45474095,88.68045048,835814.0,61.68016927
Brazil,2010,52861.6337,511580.7,90.93826712,88.00084536,835814.0,61.20748157
Brazil,2011,52790.2662,510041.52,90.81549307,87.73607943,835814.0,61.02332816
Brazil,2012,52718.8987,508502.34,90.69271902,87.4713135,835814.0,60.83917474
Brazil,2013,52647.5312,506963.16,90.56994498,87.20654756,835814.0,60.65502133
Brazil,2014,52576.1637,505423.98,90.44717093,86.94178163,835814.0,60.47086792
Brazil,2015,52504.7962,503884.8,90.32439688,86.6770157,835814.0,60.28671451
Brazil,2016,52367.163,502082.1,90.08762545,86.36691971,835814.0,60.07103255
Brazil,2017,52209.563,500091.6,89.81650498,86.02451883,835814.0,59.83288148
Brazil,2018,52150.8713,499051.4,89.7155372,85.8455862,835814.0,59.70842795
Brazil,2019,52059.7671,497798.5,89.55880996,85.63006544,835814.0,59.55852618
Brazil,2020,51981.1735,496619.6,89.4236048,85.42727398,835814.0,59.41747805
Brazil,2021,,495391.3667,,85.21599633,835814.0,59.2705275
Brazil,2022,,494196.0222,,85.01037613,835814.0,59.12751189
British Virgin Islands,1992,0.468,3.702,100.0,100.0,15.0,24.68
British Virgin Islands,1993,0.4675,3.698,99.89316239,99.8919503,15.0,24.65333333
British Virgin Islands,1994,0.467,3.694,99.78632479,99.78390059,15.0,24.62666667
British Virgin Islands,1995,0.4665,3.69,99.67948718,99.67585089,15.0,24.6
British Virgin Islands,1996,0.466,3.686,99.57264957,99.56780119,15.0,24.57333333
British Virgin Islands,1997,0.4655,3.682,99.46581197,99.45975149,15.0,24.54666667
British Virgin Islands,1998,0.465,3.678,99.35897436,99.35170178,15.0,24.52
British Virgin Islands,1999,0.4645,3.674,99.25213675,99.24365208,15.0,24.49333333
British Virgin Islands,2000,0.464,3.67,99.14529915,99.13560238,15.0,24.46666667
British Virgin Islands,2001,0.4636,3.667,99.05982906,99.0545651,15.0,24.44666667
British Virgin Islands,2002,0.4632,3.664,98.97435897,98.97352782,15.0,24.42666667
British Virgin Islands,2003,0.4629,3.661,98.91025641,98.89249055,15.0,24.40666667
British Virgin Islands,2004,0.4625,3.658,98.82478632,98.81145327,15.0,24.38666667
British Virgin Islands,2005,0.4621,3.655,98.73931624,98.73041599,15.0,24.36666667
British Virgin Islands,2006,0.4617,3.652,98.65384615,98.64937871,15.0,24.34666667
British Virgin Islands,2007,0.4613,3.649,98.56837607,98.56834144,15.0,24.32666667
British Virgin Islands,2008,0.461,3.646,98.5042735,98.48730416,15.0,24.30666667
British Virgin Islands,2009,0.4606,3.643,98.41880342,98.40626688,15.0,24.28666667
British Virgin Islands,2010,0.4602,3.64,98.33333333,98.32522961,15.0,24.26666667
British Virgin Islands,2011,0.4597,3.636,98.22649573,98.2171799,15.0,24.24
British Virgin Islands,2012,0.4592,3.632,98.11965812,98.1091302,15.0,24.21333333
British Virgin Islands,2013,0.4587,3.628,98.01282051,98.0010805,15.0,24.18666667
British Virgin Islands,2014,0.4582,3.624,97.90598291,97.89303079,15.0,24.16
British Virgin Islands,2015,0.4577,3.62,97.7991453,97.78498109,15.0,24.13333333
British Virgin Islands,2016,0.4577,3.62,97.7991453,97.78498109,15.0,24.13333333
British Virgin Islands,2017,0.4577,3.62,97.7991453,97.78498109,15.0,24.13333333
British Virgin Islands,2018,0.4577,3.62,97.7991453,97.78498109,15.0,24.13333333
British Virgin Islands,2019,0.4577,3.62,97.7991453,97.78498109,15.0,24.13333333
British Virgin Islands,2020,0.4577,3.62,97.7991453,97.78498109,15.0,24.13333333
British Virgin Islands,2021,,3.62,,97.78498109,15.0,24.13333333
British Virgin Islands,2022,,3.62,,97.78498109,15.0,24.13333333
Brunei Darussalam,1992,58.9907,409.8,100.0,100.0,527.0,77.76091082
Brunei Darussalam,1993,58.7604,408.2,99.60959948,99.60956564,527.0,77.4573055
Brunei Darussalam,1994,58.5301,406.6,99.21919896,99.21913128,527.0,77.15370019
Brunei Darussalam,1995,58.2998,405.0,98.82879844,98.82869693,527.0,76.85009488
Brunei Darussalam,1996,58.0694,403.4,98.4382284,98.43826257,527.0,76.54648956
Brunei Darussalam,1997,57.8391,401.8,98.04782788,98.04782821,527.0,76.24288425
Brunei Darussalam,1998,57.6088,400.2,97.65742736,97.65739385,527.0,75.93927894
Brunei Darussalam,1999,57.3785,398.6,97.26702684,97.26695949,527.0,75.63567362
Brunei Darussalam,2000,57.1482,397.0,96.87662632,96.87652513,527.0,75.33206831
Brunei Darussalam,2001,56.9034,395.3,96.46164565,96.46168863,527.0,75.00948767
Brunei Darussalam,2002,56.6587,393.6,96.0468345,96.04685212,527.0,74.68690702
Brunei Darussalam,2003,56.414,391.9,95.63202335,95.63201562,527.0,74.36432638
Brunei Darussalam,2004,56.1693,390.2,95.2172122,95.21717911,527.0,74.04174573
Brunei Darussalam,2005,55.9246,388.5,94.80240106,94.80234261,527.0,73.71916509
Brunei Darussalam,2006,55.6799,386.8,94.38758991,94.3875061,527.0,73.39658444
Brunei Darussalam,2007,55.4351,385.1,93.97260924,93.97266959,527.0,73.0740038
Brunei Darussalam,2008,55.1904,383.4,93.55779809,93.55783309,527.0,72.75142315
Brunei Darussalam,2009,54.9457,381.7,93.14298695,93.14299658,527.0,72.4288425
Brunei Darussalam,2010,54.701,380.0,92.7281758,92.72816008,527.0,72.10626186
Brunei Darussalam,2011,54.701,380.0,92.7281758,92.72816008,527.0,72.10626186
Brunei Darussalam,2012,54.701,380.0,92.7281758,92.72816008,527.0,72.10626186
Brunei Darussalam,2013,54.701,380.0,92.7281758,92.72816008,527.0,72.10626186
Brunei Darussalam,2014,54.701,380.0,92.7281758,92.72816008,527.0,72.10626186
Brunei Darussalam,2015,54.701,380.0,92.7281758,92.72816008,527.0,72.10626186
Brunei Darussalam,2016,54.701,380.0,92.7281758,92.72816008,527.0,72.10626186
Brunei Darussalam,2017,54.701,380.0,92.7281758,92.72816008,527.0,72.10626186
Brunei Darussalam,2018,54.701,380.0,92.7281758,92.72816008,527.0,72.10626186
Brunei Darussalam,2019,54.701,380.0,92.7281758,92.72816008,527.0,72.10626186
Brunei Darussalam,2020,54.701,380.0,92.7281758,92.72816008,527.0,72.10626186
Brunei Darussalam,2021,,380.0,,92.72816008,527.0,72.10626186
Brunei Darussalam,2022,,380.0,,92.72816008,527.0,72.10626186
Bulgaria,1992,225.4562,3336.6,100.0,100.0,11063.0,30.15999277
Bulgaria,1993,231.7202,3341.4,102.7783667,100.143859,11063.0,30.20338064
Bulgaria,1994,237.9843,3346.2,105.5567778,100.287718,11063.0,30.24676851
Bulgaria,1995,244.2484,3351.0,108.3351888,100.4315771,11063.0,30.29015638
Bulgaria,1996,250.5125,3355.8,111.1135999,100.5754361,11063.0,30.33354425
Bulgaria,1997,256.7765,3360.6,113.8919666,100.7192951,11063.0,30.37693212
Bulgaria,1998,263.0406,3365.4,116.6703777,100.8631541,11063.0,30.42031999
Bulgaria,1999,269.3047,3370.2,119.4487887,101.0070131,11063.0,30.46370786
Bulgaria,2000,275.5688,3375.0,122.2271998,101.1508721,11063.0,30.50709572
Bulgaria,2001,282.3175,3411.2,125.2205528,102.2358089,11063.0,30.83431257
Bulgaria,2002,289.0663,3447.4,128.2139502,103.3207457,10880.0,31.68566176
Bulgaria,2003,295.8151,3483.6,131.2073476,104.4056824,10877.0,32.02721339
Bulgaria,2004,302.5639,3519.8,134.200745,105.4906192,10876.0,32.3630011
Bulgaria,2005,309.3127,3556.0,137.1941424,106.575556,10864.0,32.73195876
Bulgaria,2006,316.0615,3592.2,140.1875398,107.6604927,10863.0,33.0682132
Bulgaria,2007,322.8102,3628.4,143.1808928,108.7454295,10861.0,33.40760519
Bulgaria,2008,329.559,3664.6,146.1742902,109.8303662,10861.0,33.74090784
Bulgaria,2009,336.3078,3700.8,149.1676876,110.915303,10856.0,34.0899042
Bulgaria,2010,343.0566,3737.0,152.1610849,112.0002398,10856.0,34.42336035
Bulgaria,2011,346.682,3756.2,153.7691135,112.5756758,10856.0,34.60022108
Bulgaria,2012,350.3074,3775.4,155.377142,113.1511119,10856.0,34.7770818
Bulgaria,2013,353.9328,3794.6,156.9851705,113.726548,10856.0,34.95394252
Bulgaria,2014,357.5582,3813.8,158.593199,114.3019841,10856.0,35.13080324
Bulgaria,2015,361.1836,3833.0,160.2012276,114.8774201,10856.0,35.30766396
Bulgaria,2016,369.5426,3841.0,163.9088213,115.1171852,10856.0,35.38135593
Bulgaria,2017,379.4648,3854.0,168.3097648,115.5068033,10856.0,35.50110538
Bulgaria,2018,389.0975,3867.0,172.582302,115.8964215,10856.0,35.62085483
Bulgaria,2019,398.9804,3880.0,176.9658142,116.2860397,10856.0,35.74060427
Bulgaria,2020,408.8818,3893.0,181.357532,116.6756579,10856.0,35.86035372
Bulgaria,2021,,3906.0,,117.065276,10856.0,35.98010317
Bulgaria,2022,,3919.0,,117.4548942,10856.0,36.09985262
Burkina Faso,1992,286.5434,7616.58,100.0,100.0,27360.0,27.83837719
Burkina Faso,1993,283.1998,7566.57,98.83312615,99.3434061,27360.0,27.65559211
Burkina Faso,1994,279.8561,7516.56,97.6662174,98.68681219,27360.0,27.47280702
Burkina Faso,1995,276.5124,7466.55,96.49930866,98.03021829,27360.0,27.29002193
Burkina Faso,1996,273.1687,7416.54,95.33239991,97.37362438,27360.0,27.10723684
Burkina Faso,1997,269.825,7366.53,94.16549116,96.71703048,27360.0,26.92445175
Burkina Faso,1998,266.4814,7316.52,92.99861731,96.06043657,27360.0,26.74166667
Burkina Faso,1999,263.1377,7266.51,91.83170856,95.40384267,27360.0,26.55888158
Burkina Faso,2000,259.794,7216.5,90.66479982,94.74724877,27360.0,26.37609649
Burkina Faso,2001,255.3074,7166.5,89.09903351,94.09078615,27360.0,26.19334795
Burkina Faso,2002,250.8208,7116.5,87.53326721,93.43432354,27360.0,26.01059942
Burkina Faso,2003,246.3342,7066.5,85.96750091,92.77786093,27360.0,25.82785088
Burkina Faso,2004,241.8476,7016.5,84.40173461,92.12139832,27360.0,25.64510234
Burkina Faso,2005,237.361,6966.5,82.8359683,91.46493571,27360.0,25.4623538
Burkina Faso,2006,232.8744,6916.5,81.270202,90.80847309,27360.0,25.27960526
Burkina Faso,2007,228.3878,6866.5,79.7044357,90.15201048,27360.0,25.09685673
Burkina Faso,2008,223.9012,6816.5,78.1386694,89.49554787,27360.0,24.91410819
Burkina Faso,2009,219.4146,6766.5,76.57290309,88.83908526,27360.0,24.73135965
Burkina Faso,2010,214.928,6716.5,75.00713679,88.18262265,27360.0,24.54861111
Burkina Faso,2011,213.3274,6666.48,74.44854776,87.52589745,27360.0,24.36578947
Burkina Faso,2012,211.7267,6616.46,73.88992383,86.86917225,27360.0,24.18296784
Burkina Faso,2013,210.1261,6566.44,73.3313348,86.21244706,27360.0,24.0001462
Burkina Faso,2014,208.5254,6516.42,72.77271087,85.55572186,27360.0,23.81732456
Burkina Faso,2015,206.9248,6466.4,72.21412184,84.89899666,27360.0,23.63450292
Burkina Faso,2016,198.9084,6416.4,69.41650026,84.24253405,27360.0,23.45175439
Burkina Faso,2017,190.992,6366.4,66.6537774,83.58607144,27360.0,23.26900585
Burkina Faso,2018,183.1756,6316.4,63.92595328,82.92960883,27360.0,23.08625731
Burkina Faso,2019,181.7256,6266.4,63.41992173,82.27314622,27360.0,22.90350877
Burkina Faso,2020,174.0592,6216.4,60.74444569,81.6166836,27360.0,22.72076023
Burkina Faso,2021,,6166.4,,80.96022099,27360.0,22.5380117
Burkina Faso,2022,,6116.4,,80.30375838,27360.0,22.35526316
Burundi,1992,17.8505,259.972,100.0,100.0,2568.0,10.12352025
Burundi,1993,17.2841,251.718,96.82697964,96.8250427,2568.0,9.802102804
Burundi,1994,16.7178,243.464,93.65451948,93.65008539,2568.0,9.480685358
Burundi,1995,16.1515,235.21,90.48205933,90.47512809,2568.0,9.159267913
Burundi,1996,15.5851,226.956,87.30903896,87.30017079,2568.0,8.837850467
Burundi,1997,15.0188,218.702,84.13657881,84.12521348,2568.0,8.516433022
Burundi,1998,14.4525,210.448,80.96411865,80.95025618,2568.0,8.195015576
Burundi,1999,13.8861,202.194,77.79109829,77.77529888,2568.0,7.873598131
Burundi,2000,13.3198,193.94,74.61863813,74.60034158,2568.0,7.552180685
Burundi,2001,13.3198,193.94,74.61863813,74.60034158,2568.0,7.552180685
Burundi,2002,13.3198,193.94,74.61863813,74.60034158,2568.0,7.552180685
Burundi,2003,13.3198,193.94,74.61863813,74.60034158,2568.0,7.552180685
Burundi,2004,13.3198,193.94,74.61863813,74.60034158,2568.0,7.552180685
Burundi,2005,13.3198,193.94,74.61863813,74.60034158,2568.0,7.552180685
Burundi,2006,13.3198,193.94,74.61863813,74.60034158,2568.0,7.552180685
Burundi,2007,13.3198,193.94,74.61863813,74.60034158,2568.0,7.552180685
Burundi,2008,13.3198,193.94,74.61863813,74.60034158,2568.0,7.552180685
Burundi,2009,13.3198,193.94,74.61863813,74.60034158,2568.0,7.552180685
Burundi,2010,13.3198,193.94,74.61863813,74.60034158,2568.0,7.552180685
Burundi,2011,14.6681,211.08,82.17192796,81.19335928,2568.0,8.219626168
Burundi,2012,16.0164,228.22,89.72521778,87.78637699,2568.0,8.887071651
Burundi,2013,17.3647,245.36,97.2785076,94.3793947,2568.0,9.554517134
Burundi,2014,18.7131,262.5,104.8323576,100.9724124,2568.0,10.22196262
Burundi,2015,20.0614,279.64,112.3856475,107.5654301,2568.0,10.8894081
Burundi,2016,20.0614,279.64,112.3856475,107.5654301,2568.0,10.8894081
Burundi,2017,20.0614,279.64,112.3856475,107.5654301,2568.0,10.8894081
Burundi,2018,20.0614,279.64,112.3856475,107.5654301,2568.0,10.8894081
Burundi,2019,20.0614,279.64,112.3856475,107.5654301,2568.0,10.8894081
Burundi,2020,20.0614,279.64,112.3856475,107.5654301,2568.0,10.8894081
Burundi,2021,,279.64,,107.5654301,2568.0,10.8894081
Burundi,2022,,279.64,,107.5654301,2568.0,10.8894081
Cabo Verde,1992,1.1582,20.248,100.0,100.0,403.0,5.024317618
Cabo Verde,1993,1.2974,22.682,112.0186496,112.0209403,403.0,5.628287841
Cabo Verde,1994,1.4366,25.116,124.0372993,124.0418807,403.0,6.232258065
Cabo Verde,1995,1.5759,27.55,136.064583,136.062821,403.0,6.836228288
Cabo Verde,1996,1.7151,29.984,148.0832326,148.0837614,403.0,7.440198511
Cabo Verde,1997,1.8543,32.418,160.1018822,160.1047017,403.0,8.044168734
Cabo Verde,1998,1.9935,34.852,172.1205319,172.125642,403.0,8.648138958
Cabo Verde,1999,2.1328,37.286,184.1478156,184.1465824,403.0,9.252109181
Cabo Verde,2000,2.272,39.72,196.1664652,196.1675227,403.0,9.856079404
Cabo Verde,2001,2.2891,40.02,197.6428941,197.6491505,403.0,9.930521092
Cabo Verde,2002,2.3063,40.32,199.1279572,199.1307783,403.0,10.00496278
Cabo Verde,2003,2.3235,40.62,200.6130202,200.6124062,403.0,10.07940447
Cabo Verde,2004,2.3406,40.92,202.0894491,202.094034,403.0,10.15384615
Cabo Verde,2005,2.3578,41.22,203.5745122,203.5756618,403.0,10.22828784
Cabo Verde,2006,2.3749,41.52,205.0509411,205.0572896,403.0,10.30272953
Cabo Verde,2007,2.3921,41.82,206.5360041,206.5389174,403.0,10.37717122
Cabo Verde,2008,2.4093,42.12,208.0210672,208.0205452,403.0,10.4516129
Cabo Verde,2009,2.4264,42.42,209.4974961,209.5021731,403.0,10.52605459
Cabo Verde,2010,2.4436,42.72,210.9825591,210.9838009,403.0,10.60049628
Cabo Verde,2011,2.4607,43.02,212.4589881,212.4654287,403.0,10.67493797
Cabo Verde,2012,2.4779,43.32,213.9440511,213.9470565,403.0,10.74937965
Cabo Verde,2013,2.4951,43.62,215.4291141,215.4286843,403.0,10.82382134
Cabo Verde,2014,2.5122,43.92,216.9055431,216.9103121,403.0,10.89826303
Cabo Verde,2015,2.5294,44.22,218.3906061,218.3919399,403.0,10.97270471
Cabo Verde,2016,2.5465,44.52,219.8670351,219.8735678,403.0,11.0471464
Cabo Verde,2017,2.5637,44.82,221.3520981,221.3551956,403.0,11.12158809
Cabo Verde,2018,2.5809,45.12,222.8371611,222.8368234,403.0,11.19602978
Cabo Verde,2019,2.598,45.42,224.3135901,224.3184512,403.0,11.27047146
Cabo Verde,2020,2.6152,45.72,225.7986531,225.800079,403.0,11.34491315
Cabo Verde,2021,,46.02,,227.2817068,403.0,11.41935484
Cabo Verde,2022,,46.32,,228.7633347,403.0,11.49379653
Cambodia,1992,556.8792,10960.032,100.0,100.0,17652.0,62.08946295
Cambodia,1993,555.7421,10937.653,99.7958085,99.79581264,17652.0,61.96268412
Cambodia,1994,554.6051,10915.274,99.59163495,99.59162528,17652.0,61.83590528
Cambodia,1995,553.468,10892.895,99.38744345,99.38743792,17652.0,61.70912644
Cambodia,1996,552.3309,10870.516,99.18325195,99.18325056,17652.0,61.58234761
Cambodia,1997,551.1938,10848.137,98.97906045,98.9790632,17652.0,61.45556877
Cambodia,1998,550.0568,10825.758,98.77488691,98.77487584,17652.0,61.32878994
Cambodia,1999,548.9197,10803.379,98.5706954,98.57068848,17652.0,61.2020111
Cambodia,2000,547.7826,10781.0,98.3665039,98.36650112,17652.0,61.07523227
Cambodia,2001,546.8082,10761.823,98.19152879,98.191529,17652.0,60.96659302
Cambodia,2002,545.8338,10742.646,98.01655368,98.01655689,17652.0,60.85795377
Cambodia,2003,544.8595,10723.469,97.84159653,97.84158477,17652.0,60.74931453
Cambodia,2004,543.8851,10704.292,97.66662141,97.66661265,17652.0,60.64067528
Cambodia,2005,542.9107,10685.115,97.4916463,97.49164054,17652.0,60.53203603
Cambodia,2006,541.9363,10665.938,97.31667119,97.31666842,17652.0,60.42339678
Cambodia,2007,540.9619,10646.761,97.14169608,97.1416963,17652.0,60.31475753
Cambodia,2008,539.9875,10627.584,96.96672097,96.96672418,17652.0,60.20611829
Cambodia,2009,539.0132,10608.407,96.79176382,96.79175207,17652.0,60.09747904
Cambodia,2010,538.0388,10589.23,96.6167887,96.61677995,17652.0,59.98883979
Cambodia,2011,520.3324,10240.748,93.43721224,93.43720894,17652.0,58.01466123
Cambodia,2012,502.626,9892.266,90.25763577,90.25763793,17652.0,56.04048266
Cambodia,2013,484.9197,9543.784,87.07807726,87.07806693,17652.0,54.0663041
Cambodia,2014,467.2133,9195.302,83.89850079,83.89849592,17652.0,52.09212554
Cambodia,2015,449.5069,8846.82,80.71892432,80.71892491,17652.0,50.11794697
Cambodia,2016,441.5963,8691.13,79.2984008,79.29839986,17652.0,49.2359506
Cambodia,2017,433.6857,8535.44,77.87787728,77.87787481,17652.0,48.35395423
Cambodia,2018,425.7751,8379.75,76.45735377,76.45734976,17652.0,47.47195785
Cambodia,2019,417.8645,8224.06,75.03683025,75.03682471,17652.0,46.58996148
Cambodia,2020,409.9539,8068.37,73.61630673,73.61629966,17652.0,45.7079651
Cambodia,2021,,7912.68,,72.19577461,17652.0,44.82596873
Cambodia,2022,,7756.99,,70.77524956,17652.0,43.94397235
Cameroon,1992,3447.6929,22319.498,100.0,100.0,47271.0,47.21604789
Cameroon,1993,3433.7518,22229.247,99.59563974,99.59564055,47271.0,47.02512534
Cameroon,1994,3419.8107,22138.996,99.19127948,99.19128109,47271.0,46.83420279
Cameroon,1995,3405.8696,22048.745,98.78691922,98.78692164,47271.0,46.64328024
Cameroon,1996,3391.9286,21958.494,98.38256186,98.38256219,47271.0,46.45235768
Cameroon,1997,3377.9875,21868.243,97.9782016,97.97820274,47271.0,46.26143513
Cameroon,1998,3364.0464,21777.992,97.57384134,97.57384328,47271.0,46.07051258
Cameroon,1999,3350.1054,21687.741,97.16948398,97.16948383,47271.0,45.87959002
Cameroon,2000,3336.1643,21597.49,96.76512372,96.76512438,47271.0,45.68866747
Cameroon,2001,3325.3976,21527.789,96.45283662,96.45283689,47271.0,45.54121766
Cameroon,2002,3314.6309,21458.088,96.14054953,96.1405494,47271.0,45.39376785
Cameroon,2003,3303.8641,21388.387,95.82825953,95.82826191,47271.0,45.24631804
Cameroon,2004,3293.0974,21318.686,95.51597243,95.51597442,47271.0,45.09886823
Cameroon,2005,3282.3307,21248.985,95.20368534,95.20368693,47271.0,44.95141842
Cameroon,2006,3271.564,21179.284,94.89139824,94.89139944,47271.0,44.80396861
Cameroon,2007,3260.7973,21109.583,94.57911115,94.57911195,47271.0,44.6565188
Cameroon,2008,3250.0306,21039.882,94.26682406,94.26682446,47271.0,44.50906899
Cameroon,2009,3239.2639,20970.181,93.95453696,93.95453697,47271.0,44.36161917
Cameroon,2010,3228.4971,20900.48,93.64224696,93.64224948,47271.0,44.21416936
Cameroon,2011,3219.8468,20844.48,93.39134585,93.39134778,47271.0,44.0957035
Cameroon,2012,3211.1965,20788.48,93.14044473,93.14044608,47271.0,43.97723763
Cameroon,2013,3202.5462,20732.48,92.88954361,92.88954438,47271.0,43.85877176
Cameroon,2014,3193.8959,20676.48,92.6386425,92.63864268,47271.0,43.7403059
Cameroon,2015,3185.2455,20620.48,92.38773848,92.38774098,47271.0,43.62184003
Cameroon,2016,3176.5952,20564.48,92.13683736,92.13683928,47271.0,43.50337416
Cameroon,2017,3167.9449,20508.48,91.88593624,91.88593758,47271.0,43.38490829
Cameroon,2018,3159.2946,20452.48,91.63503513,91.63503588,47271.0,43.26644243
Cameroon,2019,3150.6443,20396.48,91.38413401,91.38413418,47271.0,43.14797656
Cameroon,2020,3141.9939,20340.48,91.13322999,91.13323248,47271.0,43.02951069
Cameroon,2021,,20284.48,,90.88233078,47271.0,42.91104483
Cameroon,2022,,20228.48,,90.63142908,47271.0,42.79257896
Canada,1992,20617.0769,348178.738,100.0,100.0,896559.0,38.83500562
Canada,1993,20604.5471,348131.642,99.93922611,99.98647361,896559.0,38.82975264
Canada,1994,20592.0172,348084.546,99.87845173,99.97294723,896559.0,38.82449967
Canada,1995,20579.4874,348037.45,99.81767784,99.95942084,896559.0,38.8192467
Canada,1996,20566.9575,347990.354,99.75690346,99.94589446,896559.0,38.81399372
Canada,1997,20554.4277,347943.258,99.69612957,99.93236807,896559.0,38.80874075
Canada,1998,20541.8979,347896.162,99.63535568,99.91884168,896559.0,38.80348778
Canada,1999,20529.368,347849.066,99.5745813,99.9053153,896559.0,38.79823481
Canada,2000,20516.8382,347801.97,99.51380741,99.89178891,896559.0,38.79298183
Canada,2001,20440.0285,347753.994,99.14125363,99.87800978,896559.0,38.78763071
Canada,2002,20363.2187,347706.018,98.76869936,99.86423065,896559.0,38.78227958
Canada,2003,20286.409,347658.042,98.39614558,99.85045152,896559.0,38.77692846
Canada,2004,20209.5993,347610.066,98.02359179,99.83667239,896559.0,38.77157733
Canada,2005,20132.7895,347562.09,97.65103752,99.82289326,896559.0,38.7662262
Canada,2006,20055.9798,347514.114,97.27848374,99.80911413,896559.0,38.76087508
Canada,2007,19979.1701,347466.138,96.90592996,99.795335,896559.0,38.75552395
Canada,2008,19902.3603,347418.162,96.53337569,99.78155587,896559.0,38.75017283
Canada,2009,19825.5506,347370.186,96.16082191,99.76777674,896559.0,38.7448217
Canada,2010,19748.7409,347322.21,95.78826812,99.75399761,896559.0,38.73947058
Canada,2011,19717.2348,347280.91,95.63545257,99.74213589,896559.0,38.73486407
Canada,2012,19685.7288,347239.61,95.4826375,99.73027417,896559.0,38.73025757
Canada,2013,19654.2227,347198.31,95.32982195,99.71841244,896559.0,38.72565107
Canada,2014,19622.7167,347157.01,95.17700688,99.70655072,896559.0,38.72104457
Canada,2015,19591.2107,347115.71,95.02419181,99.694689,896559.0,38.71643807
Canada,2016,19578.5594,347076.04,94.96282861,99.68329542,896559.0,38.71201338
Canada,2017,19576.4728,347039.05,94.95270787,99.67267157,896559.0,38.7078876
Canada,2018,19574.3868,347002.07,94.94259004,99.66205059,896559.0,38.70376294
Canada,2019,19572.3002,346965.08,94.93246931,99.65142673,896559.0,38.69963717
Canada,2020,19570.2141,346928.1,94.922351,99.64080575,896559.0,38.69551251
Canada,2021,,346891.1133,,99.63018285,878870.0,39.47012793
Canada,2022,,346854.1311,,99.61956123,878870.0,39.46592
Cayman Islands,1992,,13.09,,100.0,24.0,54.54166667
Cayman Islands,1993,,13.07,,99.84721161,24.0,54.45833333
Cayman Islands,1994,,13.05,,99.69442322,24.0,54.375
Cayman Islands,1995,,13.03,,99.54163484,24.0,54.29166667
Cayman Islands,1996,,13.01,,99.38884645,24.0,54.20833333
Cayman Islands,1997,,12.99,,99.23605806,24.0,54.125
Cayman Islands,1998,,12.97,,99.08326967,24.0,54.04166667
Cayman Islands,1999,,12.95,,98.93048128,24.0,53.95833333
Cayman Islands,2000,,12.93,,98.7776929,24.0,53.875
Cayman Islands,2001,,12.909,,98.61726509,24.0,53.7875
Cayman Islands,2002,,12.888,,98.45683728,24.0,53.7
Cayman Islands,2003,,12.867,,98.29640947,24.0,53.6125
Cayman Islands,2004,,12.846,,98.13598167,24.0,53.525
Cayman Islands,2005,,12.825,,97.97555386,24.0,53.4375
Cayman Islands,2006,,12.804,,97.81512605,24.0,53.35
Cayman Islands,2007,,12.783,,97.65469824,24.0,53.2625
Cayman Islands,2008,,12.762,,97.49427044,24.0,53.175
Cayman Islands,2009,,12.741,,97.33384263,24.0,53.0875
Cayman Islands,2010,,12.72,,97.17341482,24.0,53.0
Cayman Islands,2011,,12.72,,97.17341482,24.0,53.0
Cayman Islands,2012,,12.72,,97.17341482,24.0,53.0
Cayman Islands,2013,,12.72,,97.17341482,24.0,53.0
Cayman Islands,2014,,12.72,,97.17341482,24.0,53.0
Cayman Islands,2015,,12.72,,97.17341482,24.0,53.0
Cayman Islands,2016,,12.72,,97.17341482,24.0,53.0
Cayman Islands,2017,,12.72,,97.17341482,24.0,53.0
Cayman Islands,2018,,12.81,,97.86096257,24.0,53.375
Cayman Islands,2019,,12.72,,97.17341482,24.0,53.0
Cayman Islands,2020,,12.72,,97.17341482,24.0,53.0
Cayman Islands,2021,,12.66,,96.71504966,24.0,52.75
Cayman Islands,2022,,12.64,,96.56226127,24.0,52.66666667
Central African Rep.,1992,2928.0524,23143.0,100.0,100.0,62298.0,37.14886513
Central African Rep.,1993,2924.2568,23113.0,99.87037117,99.87037117,62298.0,37.10070949
Central African Rep.,1994,2920.4612,23083.0,99.74074234,99.74074234,62298.0,37.05255385
Central African Rep.,1995,2916.6656,23053.0,99.61111352,99.61111351,62298.0,37.00439822
Central African Rep.,1996,2912.87,23023.0,99.48148469,99.48148468,62298.0,36.95624258
Central African Rep.,1997,2909.0744,22993.0,99.35185586,99.35185585,62298.0,36.90808694
Central African Rep.,1998,2905.2788,22963.0,99.22222703,99.22222702,62298.0,36.8599313
Central African Rep.,1999,2901.4832,22933.0,99.09259821,99.09259819,62298.0,36.81177566
Central African Rep.,2000,2897.6876,22903.0,98.96296938,98.96296936,62298.0,36.76362002
Central African Rep.,2001,2893.892,22873.0,98.83334055,98.83334053,62298.0,36.71546438
Central African Rep.,2002,2890.0964,22843.0,98.70371172,98.70371171,62298.0,36.66730874
Central African Rep.,2003,2886.3008,22813.0,98.5740829,98.57408288,62298.0,36.6191531
Central African Rep.,2004,2882.5052,22783.0,98.44445407,98.44445405,62298.0,36.57099746
Central African Rep.,2005,2878.7096,22753.0,98.31482524,98.31482522,62298.0,36.52284182
Central African Rep.,2006,2874.914,22723.0,98.18519641,98.18519639,62298.0,36.47468619
Central African Rep.,2007,2871.1184,22693.0,98.05556758,98.05556756,62298.0,36.42653055
Central African Rep.,2008,2867.3228,22663.0,97.92593876,97.92593873,62298.0,36.37837491
Central African Rep.,2009,2863.5272,22633.0,97.79630993,97.7963099,62298.0,36.33021927
Central African Rep.,2010,2859.7316,22603.0,97.6666811,97.66668107,62298.0,36.28206363
Central African Rep.,2011,2855.936,22573.0,97.53705227,97.53705224,62298.0,36.23390799
Central African Rep.,2012,2852.1404,22543.0,97.40742345,97.40742341,62298.0,36.18575235
Central African Rep.,2013,2848.3448,22513.0,97.27779462,97.27779458,62298.0,36.13759671
Central African Rep.,2014,2844.5492,22483.0,97.14816579,97.14816575,62298.0,36.08944107
Central African Rep.,2015,2840.7536,22453.0,97.01853696,97.01853692,62298.0,36.04128543
Central African Rep.,2016,2836.958,22423.0,96.88890814,96.88890809,62298.0,35.9931298
Central African Rep.,2017,2833.1624,22393.0,96.75927931,96.75927926,62298.0,35.94497416
Central African Rep.,2018,2829.3668,22363.0,96.62965048,96.62965043,62298.0,35.89681852
Central African Rep.,2019,2825.5712,22333.0,96.50002165,96.5000216,62298.0,35.84866288
Central African Rep.,2020,2821.7756,22303.0,96.37039282,96.37039278,62298.0,35.80050724
Central African Rep.,2021,,22273.0,,96.24076395,62298.0,35.7523516
Central African Rep.,2022,,22243.0,,96.11113512,62298.0,35.70419596
Chad,1992,365.9903,6654.6,100.0,100.0,125920.0,5.28478399
Chad,1993,363.9104,6616.9,99.43170625,99.43347459,125920.0,5.254844346
Chad,1994,361.8306,6579.2,98.86343982,98.86694918,125920.0,5.224904701
Chad,1995,359.7507,6541.5,98.29514607,98.30042377,125920.0,5.194965057
Chad,1996,357.6709,6503.8,97.72687965,97.73389836,125920.0,5.165025413
Chad,1997,355.591,6466.1,97.1585859,97.16737295,125920.0,5.135085769
Chad,1998,353.5112,6428.4,96.59031947,96.60084753,125920.0,5.105146125
Chad,1999,351.4313,6390.7,96.02202572,96.03432212,125920.0,5.07520648
Chad,2000,349.3515,6353.0,95.45375929,95.46779671,125920.0,5.045266836
Chad,2001,344.8037,6270.7,94.21115806,94.23105822,125920.0,4.979907878
Chad,2002,340.2559,6188.4,92.96855682,92.99431972,125920.0,4.91454892
Chad,2003,335.7081,6106.1,91.72595558,91.75758122,125920.0,4.849189962
Chad,2004,331.1603,6023.8,90.48335434,90.52084273,125920.0,4.783831004
Chad,2005,326.6125,5941.5,89.2407531,89.28410423,125920.0,4.718472046
Chad,2006,322.0647,5859.2,87.99815186,88.04736573,125920.0,4.653113088
Chad,2007,317.5169,5776.9,86.75555063,86.81062724,125920.0,4.58775413
Chad,2008,312.9691,5694.6,85.51294939,85.57388874,125920.0,4.522395172
Chad,2009,308.4213,5612.3,84.27034815,84.33715024,125920.0,4.457036213
Chad,2010,303.8735,5530.0,83.02774691,83.10041175,125920.0,4.391677255
Chad,2011,296.8106,5402.0,81.09794167,81.17693024,125920.0,4.290025413
Chad,2012,289.7476,5274.0,79.1681091,79.25344874,125920.0,4.188373571
Chad,2013,282.6847,5146.0,77.23830386,77.32996724,125920.0,4.086721728
Chad,2014,275.6217,5018.0,75.30847129,75.40648574,125920.0,3.985069886
Chad,2015,268.5588,4890.0,73.37866605,73.48300424,125920.0,3.883418043
Chad,2016,261.8658,4769.0,71.54992906,71.66471313,125920.0,3.787325286
Chad,2017,255.3864,4651.0,69.77955427,69.89150362,125920.0,3.693614994
Chad,2018,249.0169,4535.0,68.0392076,68.14834851,125920.0,3.601493011
Chad,2019,242.7678,4422.0,66.33175797,66.450275,125920.0,3.511753494
Chad,2020,236.7406,4313.0,64.68493837,64.81231028,125920.0,3.425190597
Chad,2021,,4201.3333,,63.13427253,125920.0,3.336509927
Chad,2022,,4091.4444,,61.48295014,125920.0,3.249241105
Channel Islands,1992,,0.83,,100.0,19.8,4.191919192
Channel Islands,1993,,0.83,,100.0,19.8,4.191919192
Channel Islands,1994,,0.83,,100.0,19.8,4.191919192
Channel Islands,1995,,0.83,,100.0,19.8,4.191919192
Channel Islands,1996,,0.83,,100.0,19.8,4.191919192
Channel Islands,1997,,0.83,,100.0,19.8,4.191919192
Channel Islands,1998,,0.83,,100.0,19.8,4.191919192
Channel Islands,1999,,0.83,,100.0,19.8,4.191919192
Channel Islands,2000,,0.83,,100.0,19.8,4.191919192
Channel Islands,2001,,0.849,,102.2891566,19.8,4.287878788
Channel Islands,2002,,0.868,,104.5783133,19.8,4.383838384
Channel Islands,2003,,0.887,,106.8674699,19.8,4.47979798
Channel Islands,2004,,0.906,,109.1566265,19.8,4.575757576
Channel Islands,2005,,0.925,,111.4457831,19.8,4.671717172
Channel Islands,2006,,0.944,,113.7349398,19.8,4.767676768
Channel Islands,2007,,0.963,,116.0240964,19.8,4.863636364
Channel Islands,2008,,0.982,,118.313253,19.8,4.95959596
Channel Islands,2009,,1.001,,120.6024096,19.8,5.055555556
Channel Islands,2010,,1.02,,122.8915663,19.8,5.151515152
Channel Islands,2011,,1.02,,122.8915663,19.8,5.151515152
Channel Islands,2012,,1.02,,122.8915663,19.8,5.151515152
Channel Islands,2013,,1.02,,122.8915663,19.8,5.151515152
Channel Islands,2014,,1.02,,122.8915663,19.8,5.151515152
Channel Islands,2015,,1.02,,122.8915663,19.8,5.151515152
Channel Islands,2016,,1.02,,122.8915663,19.8,5.151515152
Channel Islands,2017,,1.02,,122.8915663,19.8,5.151515152
Channel Islands,2018,,1.02,,122.8915663,19.8,5.151515152
Channel Islands,2019,,1.02,,122.8915663,19.8,5.151515152
Channel Islands,2020,,1.02,,122.8915663,19.8,5.151515152
Channel Islands,2021,,1.02,,122.8915663,19.8,5.151515152
Channel Islands,2022,,1.02,,122.8915663,19.8,5.151515152
Chile,1992,2066.833,15360.252,100.0,100.0,74353.2,20.65849486
Chile,1993,2071.6748,15417.353,100.2342618,100.3717452,74353.2,20.73529182
Chile,1994,2076.5165,15474.454,100.4685187,100.7434904,74353.2,20.81208879
Chile,1995,2081.3583,15531.555,100.7027805,101.1152356,74353.2,20.88888575
Chile,1996,2086.2,15588.656,100.9370375,101.4869808,74353.2,20.96568271
Chile,1997,2091.0418,15645.757,101.1712993,101.858726,74353.2,21.04247968
Chile,1998,2095.8835,15702.858,101.4055562,102.2304712,74353.2,21.11927664
Chile,1999,2100.7253,15759.959,101.639818,102.6022164,74353.2,21.19607361
Chile,2000,2105.567,15817.06,101.874075,102.9739616,74353.2,21.27287057
Chile,2001,2115.5162,15907.88,102.3554491,103.565228,74353.2,21.3950173
Chile,2002,2125.4653,15998.7,102.8368185,104.1564943,74353.2,21.51716402
Chile,2003,2135.4144,16089.52,103.3181878,104.7477606,74353.2,21.63931075
Chile,2004,2145.3635,16180.34,103.7995571,105.339027,74353.2,21.76145748
Chile,2005,2155.3127,16271.16,104.2809313,105.9302933,74353.2,21.8836042
Chile,2006,2165.2618,16361.98,104.7623006,106.5215597,74353.2,22.00575093
Chile,2007,2175.2109,16452.8,105.2436699,107.112826,74353.2,22.12789766
Chile,2008,2185.16,16543.62,105.7250392,107.7040924,74353.2,22.25004438
Chile,2009,2195.1092,16634.44,106.2064134,108.2953587,74353.2,22.37219111
Chile,2010,2205.0583,16725.26,106.6877827,108.886625,74353.2,22.49433784
Chile,2011,2227.3514,16899.424,107.7663943,110.0204866,74353.2,22.72857658
Chile,2012,2249.6445,17073.588,108.8450059,111.1543482,74353.2,22.96281532
Chile,2013,2271.9377,17247.752,109.9236223,112.2882099,74353.2,23.19705406
Chile,2014,2294.2308,17421.916,111.0022339,113.4220715,74353.2,23.4312928
Chile,2015,2316.5239,17596.08,112.0808454,114.5559331,74353.2,23.66553154
Chile,2016,2333.4164,17719.01,112.8981587,115.3562455,74353.2,23.83086404
Chile,2017,2348.8914,17841.94,113.6468887,116.1565578,74353.2,23.99619653
Chile,2018,2364.7158,17964.87,114.4125239,116.9568702,74353.2,24.16152903
Chile,2019,2380.1736,18087.8,115.1604218,117.7571826,74353.2,24.32686152
Chile,2020,2395.9818,18210.7,115.9252731,118.5572997,74353.2,24.49215367
Chile,2021,,18333.62,,119.357547,74353.2,24.65747271
Chile,2022,,18456.5266,,120.157707,74353.2,24.82277373
"China, P.R.: Mainland",1992,5188.5163,161112.582,100.0,100.0,938825.0,17.16108774
"China, P.R.: Mainland",1993,5284.2391,163098.578,101.8448974,101.2326759,938825.0,17.37262834
"China, P.R.: Mainland",1994,5379.9619,165084.574,103.6897947,102.4653518,938825.0,17.58416893
"China, P.R.: Mainland",1995,5475.6846,167070.57,105.5346901,103.6980278,938824.0,17.79572849
"China, P.R.: Mainland",1996,5571.4074,169056.566,107.3795875,104.9307037,938823.0,18.00728849
"China, P.R.: Mainland",1997,5667.1302,171042.562,109.2244848,106.1633796,938823.0,18.21882953
"China, P.R.: Mainland",1998,5762.853,173028.558,111.0693822,107.3960555,938823.0,18.43037058
"China, P.R.: Mainland",1999,5858.5757,175014.554,112.9142776,108.6287314,938823.0,18.64191163
"China, P.R.: Mainland",2000,5954.2985,177000.55,114.759175,109.8614073,938822.0,18.85347276
"China, P.R.: Mainland",2001,6045.3574,179361.533,116.5141834,111.3268317,938821.42,19.10496812
"China, P.R.: Mainland",2002,6136.4162,181722.516,118.26919,112.792256,938821.32,19.3564539
"China, P.R.: Mainland",2003,6227.4751,184083.499,120.0241984,114.2576804,938821.27,19.60793869
"China, P.R.: Mainland",2004,6318.534,186444.482,121.7792069,115.7231047,938821.25,19.85942287
"China, P.R.: Mainland",2005,6409.5929,188805.465,123.5342154,117.1885291,938821.18,20.11090813
"China, P.R.: Mainland",2006,6500.6517,191166.448,125.2892219,118.6539534,938821.14,20.36239278
"China, P.R.: Mainland",2007,6591.7106,193527.431,127.0442304,120.1193778,938821.08,20.61387789
"China, P.R.: Mainland",2008,6682.7695,195888.414,128.7992388,121.5848021,938821.08,20.86536169
"China, P.R.: Mainland",2009,6773.8283,198249.397,130.5542453,123.0502265,938821.1,21.11684505
"China, P.R.: Mainland",2010,6864.8872,200610.38,132.3092538,124.5156508,938821.1,21.36832885
"China, P.R.: Mainland",2011,7059.0225,202547.154,136.050888,125.7177754,938821.1,21.57462737
"China, P.R.: Mainland",2012,7253.1578,204483.928,139.7925222,126.9199,938821.1,21.78092589
"China, P.R.: Mainland",2013,7447.2931,206420.702,143.5341564,128.1220246,938821.1,21.9872244
"China, P.R.: Mainland",2014,7641.4284,208357.476,147.2757906,129.3241492,938821.1,22.19352292
"China, P.R.: Mainland",2015,7835.5638,210294.25,151.0174267,130.5262739,938821.1,22.39982144
"China, P.R.: Mainland",2016,8047.9798,212459.867,155.1113909,131.8704377,938821.0,22.63049793
"China, P.R.: Mainland",2017,8217.7753,214339.47,158.383916,133.0370771,938821.0,22.83070681
"China, P.R.: Mainland",2018,8387.1366,216219.04,161.6480727,134.2036961,938821.0,23.03091218
"China, P.R.: Mainland",2019,8553.8275,218098.61,164.8607618,135.3703152,938821.0,23.23111754
"China, P.R.: Mainland",2020,8724.3346,219978.18,168.1470019,136.5369342,938821.0,23.4313229
"China, P.R.: Mainland",2021,,221857.75,,137.7035532,938821.0,23.63152827
"China, P.R.: Mainland",2022,,223737.32,,138.8701722,938821.0,23.83173363
Colombia,1992,7281.6514,64513.612,100.0,100.0,110950.0,58.14656332
Colombia,1993,7256.5644,64291.348,99.6554765,99.65547736,110950.0,57.94623524
Colombia,1994,7231.4775,64069.084,99.31095438,99.31095472,110950.0,57.74590717
Colombia,1995,7206.3906,63846.82,98.96643226,98.96643208,110950.0,57.54557909
Colombia,1996,7181.3036,63624.556,98.62190876,98.62190944,110950.0,57.34525101
Colombia,1997,7156.2167,63402.292,98.27738664,98.27738679,110950.0,57.14492294
Colombia,1998,7131.1298,63180.028,97.93286451,97.93286415,110950.0,56.94459486
Colombia,1999,7106.0428,62957.764,97.58834102,97.58834151,110950.0,56.74426679
Colombia,2000,7080.9559,62735.5,97.2438189,97.24381887,110950.0,56.54393871
Colombia,2001,7059.1978,62542.729,96.94501168,96.94501216,110950.0,56.37019288
Colombia,2002,7037.4398,62349.958,96.64620583,96.64620546,110950.0,56.19644705
Colombia,2003,7015.6817,62157.187,96.34739861,96.34739875,110950.0,56.02270122
Colombia,2004,6993.9236,61964.416,96.0485914,96.04859204,110950.0,55.84895539
Colombia,2005,6972.1656,61771.645,95.74978555,95.74978533,110950.0,55.67520955
Colombia,2006,6950.4075,61578.874,95.45097833,95.45097862,110950.0,55.50146372
Colombia,2007,6928.6494,61386.103,95.15217111,95.15217192,110950.0,55.32771789
Colombia,2008,6906.8914,61193.332,94.85336527,94.85336521,110950.0,55.15397206
Colombia,2009,6885.1333,61000.561,94.55455805,94.5545585,110950.0,54.98022623
Colombia,2010,6863.3753,60807.79,94.2557522,94.25575179,110950.0,54.8064804
Colombia,2011,6848.18,60673.164,94.04707289,94.04707335,110950.0,54.68514105
Colombia,2012,6832.9848,60538.538,93.83839496,93.83839491,110950.0,54.56380171
Colombia,2013,6817.7895,60403.912,93.62971564,93.62971647,110950.0,54.44246237
Colombia,2014,6802.5943,60269.286,93.42103771,93.42103803,110950.0,54.32112303
Colombia,2015,6787.3991,60134.66,93.21235977,93.21235959,110950.0,54.19978369
Colombia,2016,6767.6276,59959.49,92.94083482,92.94083549,110950.0,54.04190176
Colombia,2017,6742.8278,59739.77,92.60025549,92.60025621,110950.0,53.84386661
Colombia,2018,6720.334,59540.48,92.29134479,92.29134465,110950.0,53.66424516
Colombia,2019,6697.8412,59341.2,91.98244783,91.9824486,110950.0,53.48463272
Colombia,2020,6675.3474,59141.91,91.67353713,91.67353705,110950.0,53.30501127
Colombia,2021,,58942.6267,,91.36463588,110950.0,53.12539585
Colombia,2022,,58743.3389,,91.05572774,110950.0,52.94577639
"Comoros, Union of the",1992,1.684,45.184,100.0,100.0,186.1,24.27941967
"Comoros, Union of the",1993,1.6677,44.746,99.03206651,99.03063031,186.1,24.04406233
"Comoros, Union of the",1994,1.6514,44.308,98.06413302,98.06126062,186.1,23.808705
"Comoros, Union of the",1995,1.635,43.87,97.09026128,97.09189093,186.1,23.57334766
"Comoros, Union of the",1996,1.6187,43.432,96.12232779,96.12252125,186.1,23.33799033
"Comoros, Union of the",1997,1.6024,42.994,95.1543943,95.15315156,186.1,23.10263299
"Comoros, Union of the",1998,1.5861,42.556,94.18646081,94.18378187,186.1,22.86727566
"Comoros, Union of the",1999,1.5697,42.118,93.21258907,93.21441218,186.1,22.63191832
"Comoros, Union of the",2000,1.5534,41.68,92.24465558,92.24504249,186.1,22.39656099
"Comoros, Union of the",2001,1.5371,41.242,91.27672209,91.2756728,186.1,22.16120365
"Comoros, Union of the",2002,1.5208,40.804,90.3087886,90.30630312,186.1,21.92584632
"Comoros, Union of the",2003,1.5044,40.366,89.33491686,89.33693343,186.1,21.69048898
"Comoros, Union of the",2004,1.4881,39.928,88.36698337,88.36756374,186.1,21.45513165
"Comoros, Union of the",2005,1.4718,39.49,87.39904988,87.39819405,186.1,21.21977431
"Comoros, Union of the",2006,1.4555,39.052,86.43111639,86.42882436,186.1,20.98441698
"Comoros, Union of the",2007,1.4391,38.614,85.45724466,85.45945467,186.1,20.74905965
"Comoros, Union of the",2008,1.4228,38.176,84.48931116,84.49008499,186.1,20.51370231
"Comoros, Union of the",2009,1.4065,37.738,83.52137767,83.5207153,186.1,20.27834498
"Comoros, Union of the",2010,1.3902,37.3,82.55344418,82.55134561,186.1,20.04298764
"Comoros, Union of the",2011,1.3738,36.862,81.57957245,81.58197592,186.1,19.80763031
"Comoros, Union of the",2012,1.3575,36.424,80.61163895,80.61260623,186.1,19.57227297
"Comoros, Union of the",2013,1.3412,35.986,79.64370546,79.64323654,186.1,19.33691564
"Comoros, Union of the",2014,1.3249,35.548,78.67577197,78.67386686,186.1,19.1015583
"Comoros, Union of the",2015,1.3085,35.11,77.70190024,77.70449717,186.1,18.86620097
"Comoros, Union of the",2016,1.2922,34.67,76.73396675,76.73070113,186.1,18.62976894
"Comoros, Union of the",2017,1.2758,34.23,75.76009501,75.7569051,186.1,18.39333692
"Comoros, Union of the",2018,1.2597,33.8,74.804038,74.80524079,186.1,18.16227834
"Comoros, Union of the",2019,1.2433,33.36,73.83016627,73.83144476,186.1,17.92584632
"Comoros, Union of the",2020,1.2269,32.92,72.85629454,72.85764873,186.1,17.68941429
"Comoros, Union of the",2021,,32.48,,71.88385269,186.1,17.45298227
"Comoros, Union of the",2022,,32.04,,70.91005666,186.1,17.21655024
"Congo, Dem. Rep. of the",1992,22208.8319,149283.0,100.0,100.0,226705.0,65.84901083
"Congo, Dem. Rep. of the",1993,22108.7097,148610.0,99.54917845,99.54917841,226705.0,65.55214927
"Congo, Dem. Rep. of the",1994,22008.5875,147937.0,99.0983569,99.09835681,226705.0,65.25528771
"Congo, Dem. Rep. of the",1995,21908.4653,147264.0,98.64753535,98.64753522,226705.0,64.95842615
"Congo, Dem. Rep. of the",1996,21808.3431,146591.0,98.1967138,98.19671362,226705.0,64.66156459
"Congo, Dem. Rep. of the",1997,21708.2209,145918.0,97.74589225,97.74589203,226705.0,64.36470303
"Congo, Dem. Rep. of the",1998,21608.0986,145245.0,97.29507026,97.29507044,226705.0,64.06784147
"Congo, Dem. Rep. of the",1999,21507.9764,144572.0,96.84424871,96.84424884,226705.0,63.77097991
"Congo, Dem. Rep. of the",2000,21407.8542,143899.0,96.39342716,96.39342725,226705.0,63.47411835
"Congo, Dem. Rep. of the",2001,21307.732,143226.0,95.94260561,95.94260566,226705.0,63.17725679
"Congo, Dem. Rep. of the",2002,21207.6098,142553.0,95.49178406,95.49178406,226705.0,62.88039523
"Congo, Dem. Rep. of the",2003,21107.4876,141880.0,95.04096251,95.04096247,226705.0,62.58353367
"Congo, Dem. Rep. of the",2004,21007.3654,141207.0,94.59014096,94.59014087,226705.0,62.28667211
"Congo, Dem. Rep. of the",2005,20907.2432,140534.0,94.13931941,94.13931928,226705.0,61.98981055
"Congo, Dem. Rep. of the",2006,20807.121,139861.0,93.68849786,93.68849769,226705.0,61.69294899
"Congo, Dem. Rep. of the",2007,20706.9988,139188.0,93.23767631,93.23767609,226705.0,61.39608743
"Congo, Dem. Rep. of the",2008,20606.8766,138515.0,92.78685476,92.7868545,226705.0,61.09922587
"Congo, Dem. Rep. of the",2009,20506.7543,137842.0,92.33603277,92.3360329,226705.0,60.80236431
"Congo, Dem. Rep. of the",2010,20406.6321,137169.0,91.88521122,91.88521131,226705.0,60.50550275
"Congo, Dem. Rep. of the",2011,20242.7804,136067.624,91.14743401,91.14743407,226705.0,60.01968373
"Congo, Dem. Rep. of the",2012,20078.9287,134966.248,90.4096568,90.40965683,226705.0,59.53386471
"Congo, Dem. Rep. of the",2013,19915.077,133864.872,89.67187959,89.67187958,226705.0,59.0480457
"Congo, Dem. Rep. of the",2014,19751.2253,132763.496,88.93410238,88.93410234,226705.0,58.56222668
"Congo, Dem. Rep. of the",2015,19587.3736,131662.12,88.19632517,88.1963251,226705.0,58.07640767
"Congo, Dem. Rep. of the",2016,19423.5213,130560.74,87.45854526,87.45854518,226705.0,57.59058689
"Congo, Dem. Rep. of the",2017,19259.6705,129459.37,86.72077211,86.72077196,226705.0,57.10477052
"Congo, Dem. Rep. of the",2018,19095.8182,128357.99,85.9829922,85.98299204,226705.0,56.61894974
"Congo, Dem. Rep. of the",2019,18931.9659,127256.61,85.24521229,85.24521211,226705.0,56.13312896
"Congo, Dem. Rep. of the",2020,18768.1151,126155.24,84.50743913,84.50743889,226705.0,55.64731259
"Congo, Dem. Rep. of the",2021,,125053.8633,,83.76966118,226705.0,55.16149326
"Congo, Dem. Rep. of the",2022,,123952.4911,,83.03188648,226705.0,54.67567592
"Congo, Rep. of",1992,2973.6194,22291.0,100.0,100.0,34150.0,65.27379209
"Congo, Rep. of",1993,2972.0186,22279.0,99.94616661,99.94616661,34150.0,65.238653
"Congo, Rep. of",1994,2970.4178,22267.0,99.89233323,99.89233323,34150.0,65.20351391
"Congo, Rep. of",1995,2968.817,22255.0,99.83849984,99.83849984,34150.0,65.16837482
"Congo, Rep. of",1996,2967.2162,22243.0,99.78466646,99.78466646,34150.0,65.13323572
"Congo, Rep. of",1997,2965.6154,22231.0,99.73083307,99.73083307,34150.0,65.09809663
"Congo, Rep. of",1998,2964.0146,22219.0,99.67699969,99.67699969,34150.0,65.06295754
"Congo, Rep. of",1999,2962.4138,22207.0,99.6231663,99.6231663,34150.0,65.02781845
"Congo, Rep. of",2000,2960.813,22195.0,99.56933291,99.56933291,34150.0,64.99267936
"Congo, Rep. of",2001,2959.2122,22183.0,99.51549953,99.51549953,34150.0,64.95754026
"Congo, Rep. of",2002,2957.6114,22171.0,99.46166614,99.46166614,34150.0,64.92240117
"Congo, Rep. of",2003,2956.0106,22159.0,99.40783276,99.40783276,34150.0,64.88726208
"Congo, Rep. of",2004,2954.4098,22147.0,99.35399937,99.35399937,34150.0,64.85212299
"Congo, Rep. of",2005,2952.809,22135.0,99.30016599,99.30016599,34150.0,64.81698389
"Congo, Rep. of",2006,2951.2082,22123.0,99.2463326,99.2463326,34150.0,64.7818448
"Congo, Rep. of",2007,2949.6074,22111.0,99.19249921,99.19249921,34150.0,64.74670571
"Congo, Rep. of",2008,2948.0066,22099.0,99.13866583,99.13866583,34150.0,64.71156662
"Congo, Rep. of",2009,2946.4058,22087.0,99.08483244,99.08483244,34150.0,64.67642753
"Congo, Rep. of",2010,2944.805,22075.0,99.03099906,99.03099906,34150.0,64.64128843
"Congo, Rep. of",2011,2943.2042,22063.0,98.97716567,98.97716567,34150.0,64.60614934
"Congo, Rep. of",2012,2941.6034,22051.0,98.92333229,98.92333229,34150.0,64.57101025
"Congo, Rep. of",2013,2940.0026,22039.0,98.8694989,98.8694989,34150.0,64.53587116
"Congo, Rep. of",2014,2938.4018,22027.0,98.81566552,98.81566552,34150.0,64.50073206
"Congo, Rep. of",2015,2936.801,22015.0,98.76183213,98.76183213,34150.0,64.46559297
"Congo, Rep. of",2016,2935.2002,22003.0,98.70799874,98.70799874,34150.0,64.43045388
"Congo, Rep. of",2017,2933.5994,21991.0,98.65416536,98.65416536,34150.0,64.39531479
"Congo, Rep. of",2018,2931.5984,21976.0,98.58687363,98.58687363,34150.0,64.35139092
"Congo, Rep. of",2019,2929.5974,21961.0,98.51958189,98.51958189,34150.0,64.30746706
"Congo, Rep. of",2020,2927.5964,21946.0,98.45229016,98.45229016,34150.0,64.26354319
"Congo, Rep. of",2021,,21931.0,,98.38499843,34150.0,64.21961933
"Congo, Rep. of",2022,,21916.0,,98.3177067,34150.0,64.17569546
Cook Islands,1992,,15.042,,100.0,24.0,62.675
Cook Islands,1993,,15.108,,100.4387714,24.0,62.95
Cook Islands,1994,,15.174,,100.8775429,24.0,63.225
Cook Islands,1995,,15.24,,101.3163143,24.0,63.5
Cook Islands,1996,,15.306,,101.7550858,24.0,63.775
Cook Islands,1997,,15.372,,102.1938572,24.0,64.05
Cook Islands,1998,,15.438,,102.6326286,24.0,64.325
Cook Islands,1999,,15.504,,103.0714001,24.0,64.6
Cook Islands,2000,,15.57,,103.5101715,24.0,64.875
Cook Islands,2001,,15.572,,103.5234676,24.0,64.88333333
Cook Islands,2002,,15.574,,103.5367637,24.0,64.89166667
Cook Islands,2003,,15.576,,103.5500598,24.0,64.9
Cook Islands,2004,,15.578,,103.5633559,24.0,64.90833333
Cook Islands,2005,,15.58,,103.576652,24.0,64.91666667
Cook Islands,2006,,15.582,,103.5899481,24.0,64.925
Cook Islands,2007,,15.584,,103.6032442,24.0,64.93333333
Cook Islands,2008,,15.586,,103.6165404,24.0,64.94166667
Cook Islands,2009,,15.588,,103.6298365,24.0,64.95
Cook Islands,2010,,15.59,,103.6431326,24.0,64.95833333
Cook Islands,2011,,15.59,,103.6431326,24.0,64.95833333
Cook Islands,2012,,15.59,,103.6431326,24.0,64.95833333
Cook Islands,2013,,15.59,,103.6431326,24.0,64.95833333
Cook Islands,2014,,15.59,,103.6431326,24.0,64.95833333
Cook Islands,2015,,15.59,,103.6431326,24.0,64.95833333
Cook Islands,2016,,15.59,,103.6431326,24.0,64.95833333
Cook Islands,2017,,15.59,,103.6431326,24.0,64.95833333
Cook Islands,2018,,15.59,,103.6431326,24.0,64.95833333
Cook Islands,2019,,15.59,,103.6431326,24.0,64.95833333
Cook Islands,2020,,15.59,,103.6431326,24.0,64.95833333
Cook Islands,2021,,15.59,,103.6431326,24.0,64.95833333
Cook Islands,2022,,15.59,,103.6431326,24.0,64.95833333
Costa Rica,1992,359.2731,2897.364,100.0,100.0,5106.0,56.74430082
Costa Rica,1993,358.6509,2892.346,99.82681698,99.82680809,5106.0,56.64602429
Costa Rica,1994,358.0287,2887.328,99.65363396,99.65361618,5106.0,56.54774775
Costa Rica,1995,357.4064,2882.31,99.48042311,99.48042428,5106.0,56.44947121
Costa Rica,1996,356.7842,2877.292,99.30724009,99.30723237,5106.0,56.35119467
Costa Rica,1997,356.162,2872.274,99.13405707,99.13404046,5106.0,56.25291814
Costa Rica,1998,355.5397,2867.256,98.96084622,98.96084855,5106.0,56.1546416
Costa Rica,1999,354.9175,2862.238,98.7876632,98.78765664,5106.0,56.05636506
Costa Rica,2000,354.2953,2857.22,98.61448018,98.61446473,5106.0,55.95808852
Costa Rica,2001,354.4686,2858.618,98.66271647,98.66271549,5106.0,55.98546808
Costa Rica,2002,354.642,2860.016,98.71098059,98.71096624,5106.0,56.01284763
Costa Rica,2003,354.8153,2861.414,98.75921687,98.759217,5106.0,56.04022718
Costa Rica,2004,354.9887,2862.812,98.80748099,98.80746775,5106.0,56.06760674
Costa Rica,2005,355.162,2864.21,98.85571728,98.85571851,5106.0,56.09498629
Costa Rica,2006,355.3354,2865.608,98.9039814,98.90396926,5106.0,56.12236584
Costa Rica,2007,355.5087,2867.006,98.95221769,98.95222002,5106.0,56.1497454
Costa Rica,2008,355.6821,2868.404,99.00048181,99.00047077,5106.0,56.17712495
Costa Rica,2009,355.8554,2869.802,99.04871809,99.04872153,5106.0,56.2045045
Costa Rica,2010,356.0288,2871.2,99.09698221,99.09697228,5106.0,56.23188406
Costa Rica,2011,358.0582,2887.566,99.66184499,99.66183055,5106.0,56.55240893
Costa Rica,2012,360.0876,2903.932,100.2267078,100.2266888,5106.0,56.8729338
Costa Rica,2013,362.117,2920.298,100.7915705,100.7915471,5106.0,57.19345868
Costa Rica,2014,364.1463,2936.664,101.3564055,101.3564053,5106.0,57.51398355
Costa Rica,2015,366.1757,2953.03,101.9212682,101.9212636,5106.0,57.83450842
Costa Rica,2016,368.2056,2969.4,102.4862702,102.4862599,5106.0,58.15511163
Costa Rica,2017,370.2355,2985.77,103.0512721,103.0512562,5106.0,58.47571485
Costa Rica,2018,372.2641,3002.13,103.6159122,103.6159074,5106.0,58.79612221
Costa Rica,2019,374.294,3018.5,104.1809142,104.1809037,5106.0,59.11672542
Costa Rica,2020,376.3239,3034.87,104.7459161,104.7459001,5106.0,59.43732863
Costa Rica,2021,,3051.24,,105.3108964,5106.0,59.75793184
Costa Rica,2022,,3067.61,,105.8758927,5106.0,60.07853506
"Croatia, Rep. of",1992,183.9734,1857.0,100.0,100.0,5591.0,33.21409408
"Croatia, Rep. of",1993,184.2094,1860.5,100.1282794,100.188476,5591.0,33.27669469
"Croatia, Rep. of",1994,184.4453,1864.0,100.2565045,100.3769521,5591.0,33.3392953
"Croatia, Rep. of",1995,184.6813,1867.5,100.3847839,100.5654281,5591.0,33.4018959
"Croatia, Rep. of",1996,184.9172,1871.0,100.5130089,100.7539041,5598.0,33.42265095
"Croatia, Rep. of",1997,185.1532,1874.5,100.6412884,100.9423802,5598.0,33.48517328
"Croatia, Rep. of",1998,185.3891,1878.0,100.7695134,101.1308562,5591.0,33.58969773
"Croatia, Rep. of",1999,185.625,1881.5,100.8977385,101.3193323,5591.0,33.65229834
"Croatia, Rep. of",2000,185.861,1885.0,101.0260179,101.5078083,5591.2,33.71369295
"Croatia, Rep. of",2001,186.0909,1888.5,101.1509816,101.6962843,5591.2,33.77629131
"Croatia, Rep. of",2002,186.3208,1892.0,101.2759453,101.8847604,5591.2,33.83888968
"Croatia, Rep. of",2003,186.5507,1895.5,101.400909,102.0732364,5596.4,33.86998785
"Croatia, Rep. of",2004,186.7806,1899.0,101.5258728,102.2617124,5596.4,33.93252805
"Croatia, Rep. of",2005,187.0105,1902.5,101.6508365,102.4501885,5596.4,33.99506826
"Croatia, Rep. of",2006,187.2404,1906.0,101.7758002,102.6386645,5596.4,34.05760846
"Croatia, Rep. of",2007,187.4703,1909.5,101.9007639,102.8271405,5596.4,34.12014867
"Croatia, Rep. of",2008,187.7002,1913.0,102.0257276,103.0156166,5596.4,34.18268887
"Croatia, Rep. of",2009,187.9301,1916.5,102.1506913,103.2040926,5596.4,34.24522908
"Croatia, Rep. of",2010,188.16,1920.0,102.2756551,103.3925687,5596.4,34.30776928
"Croatia, Rep. of",2011,188.5721,1920.4,102.4996548,103.4141088,5596.4,34.31491673
"Croatia, Rep. of",2012,188.9841,1920.8,102.7236003,103.4356489,5596.4,34.32206418
"Croatia, Rep. of",2013,189.3962,1921.2,102.9476,103.457189,5596.4,34.32921164
"Croatia, Rep. of",2014,189.8083,1921.6,103.1715998,103.4787291,5596.4,34.33635909
"Croatia, Rep. of",2015,190.2203,1922.0,103.3955452,103.5002693,5596.4,34.34350654
"Croatia, Rep. of",2016,192.2004,1924.1202,104.4718421,103.6144426,5596.4,34.38139161
"Croatia, Rep. of",2017,193.354,1931.6084,105.0988893,104.0176844,5596.4,34.51519548
"Croatia, Rep. of",2018,194.2233,1934.11,105.5714033,104.1523963,5596.4,34.55989565
"Croatia, Rep. of",2019,195.1909,1936.61,106.0973489,104.2870221,5596.4,34.60456722
"Croatia, Rep. of",2020,196.1604,1939.11,106.6243272,104.4216478,5596.0,34.65171551
"Croatia, Rep. of",2021,,1941.61,,104.5562736,5596.0,34.69639028
"Croatia, Rep. of",2022,,1944.11,,104.6908993,5596.0,34.74106505
Cuba,1992,141.5474,2133.4,100.0,100.0,10740.0,19.86405959
Cuba,1993,144.4998,2171.1,102.0858031,101.7671323,10740.0,20.2150838
Cuba,1994,147.4521,2208.8,104.1715355,103.5342646,10740.0,20.56610801
Cuba,1995,150.4044,2246.5,106.2572679,105.3013968,10740.0,20.91713222
Cuba,1996,153.3567,2284.2,108.3430003,107.0685291,10740.0,21.26815642
Cuba,1997,156.3091,2321.9,110.4288034,108.8356614,10740.0,21.61918063
Cuba,1998,159.2614,2359.6,112.5145358,110.6027937,10740.0,21.97020484
Cuba,1999,162.2137,2397.3,114.6002682,112.3699259,10740.0,22.32122905
Cuba,2000,165.1661,2435.0,116.6860712,114.1370582,10740.0,22.67225326
Cuba,2001,167.9625,2484.7,118.6616639,116.4666729,10740.0,23.13500931
Cuba,2002,170.759,2534.4,120.6373271,118.7962876,10639.0,23.82178776
Cuba,2003,173.5555,2584.1,122.6129904,121.1259023,10640.0,24.28665414
Cuba,2004,176.352,2633.8,124.5886537,123.455517,10641.0,24.75143314
Cuba,2005,179.1484,2683.5,126.5642463,125.7851317,10644.0,25.2113867
Cuba,2006,181.9449,2733.2,128.5399096,128.1147464,10643.0,25.68072912
Cuba,2007,184.7414,2782.9,130.5155729,130.4443611,10644.0,26.14524615
Cuba,2008,187.5379,2832.6,132.4912362,132.7739758,10644.0,26.61217587
Cuba,2009,190.3344,2882.3,134.4668994,135.1035905,10644.0,27.0791056
Cuba,2010,193.1308,2932.0,136.4424921,137.4332052,10644.0,27.54603533
Cuba,2011,196.5972,2982.4,138.8914244,139.7956314,10686.3,27.90863068
Cuba,2012,200.0635,3032.8,141.340286,142.1580576,10664.9,28.43720991
Cuba,2013,203.5298,3083.2,143.7891477,144.5204837,10422.0,29.58357321
Cuba,2014,206.9961,3133.6,146.2380093,146.8829099,10402.0,30.12497597
Cuba,2015,210.4624,3184.0,148.686871,149.2453361,10410.0,30.58597502
Cuba,2016,214.3921,3241.0,151.4631141,151.9171276,10404.0,31.1514802
Cuba,2017,214.6204,3242.0,151.6244029,151.9640011,10380.0,31.23314066
Cuba,2018,214.6204,3242.0,151.6244029,151.9640011,10380.0,31.23314066
Cuba,2019,214.6204,3242.0,151.6244029,151.9640011,10380.0,31.23314066
Cuba,2020,214.6204,3242.0,151.6244029,151.9640011,10380.0,31.23314066
Cuba,2021,,3242.0,,151.9640011,10380.0,31.23314066
Cuba,2022,,3242.0,,151.9640011,10380.0,31.23314066
Cyprus,1992,2.7107,163.21,100.0,100.0,924.0,17.66341991
Cyprus,1993,2.7297,164.26,100.700926,100.6433429,924.0,17.77705628
Cyprus,1994,2.7487,165.31,101.4018519,101.2866859,924.0,17.89069264
Cyprus,1995,2.7676,166.36,102.0990888,101.9300288,924.0,18.004329
Cyprus,1996,2.7866,167.41,102.8000148,102.5733717,924.0,18.11796537
Cyprus,1997,2.8056,168.46,103.5009407,103.2167147,924.0,18.23160173
Cyprus,1998,2.8245,169.51,104.1981776,103.8600576,924.0,18.3452381
Cyprus,1999,2.8435,170.56,104.8991036,104.5034005,924.0,18.45887446
Cyprus,2000,2.8625,171.61,105.6000295,105.1467435,924.0,18.57251082
Cyprus,2001,2.9343,171.733,108.2487918,105.2221065,924.0,18.58582251
Cyprus,2002,3.0062,171.856,110.9012432,105.2974695,924.0,18.5991342
Cyprus,2003,3.0781,171.979,113.5536946,105.3728325,924.0,18.61244589
Cyprus,2004,3.15,172.102,116.206146,105.4481956,924.0,18.62575758
Cyprus,2005,3.2218,172.225,118.8549083,105.5235586,924.0,18.63906926
Cyprus,2006,3.2937,172.348,121.5073597,105.5989216,924.0,18.65238095
Cyprus,2007,3.3656,172.471,124.1598111,105.6742847,924.0,18.66569264
Cyprus,2008,3.4375,172.594,126.8122625,105.7496477,924.0,18.67900433
Cyprus,2009,3.5094,172.717,129.4647139,105.8250107,924.0,18.69231602
Cyprus,2010,3.5812,172.84,132.1134762,105.9003738,924.0,18.70562771
Cyprus,2011,3.6678,172.814,135.308223,105.8844434,924.0,18.70281385
Cyprus,2012,3.7543,172.788,138.4992806,105.868513,924.0,18.7
Cyprus,2013,3.8408,172.762,141.6903383,105.8525826,924.0,18.69718615
Cyprus,2014,3.9273,172.736,144.8813959,105.8366522,924.0,18.69437229
Cyprus,2015,4.0138,172.71,148.0724536,105.8207218,924.0,18.69155844
Cyprus,2016,4.0805,172.61,150.5330726,105.759451,924.0,18.68073593
Cyprus,2017,4.1473,172.59,152.9973808,105.7471969,924.0,18.67857143
Cyprus,2018,4.2176,172.57,155.5908068,105.7349427,924.0,18.67640693
Cyprus,2019,4.2827,172.55,157.9924005,105.7226886,924.0,18.67424242
Cyprus,2020,4.3529,172.53,160.5821375,105.7104344,924.0,18.67207792
Cyprus,2021,,172.51,,105.6981803,924.0,18.66991342
Cyprus,2022,,172.49,,105.6859261,924.0,18.66774892
Czech Rep.,1992,203.3008157,2631.386286,100.0,100.0,,
Czech Rep.,1993,206.3766,2631.781,101.5129227,100.0150002,7727.0,34.05954445
Czech Rep.,1994,208.9862,2632.568,102.7965379,100.0449084,7727.0,34.06972952
Czech Rep.,1995,211.5959,2633.355,104.0802022,100.0748166,7727.0,34.07991459
Czech Rep.,1996,214.2056,2634.142,105.3638665,100.1047248,7727.0,34.09009965
Czech Rep.,1997,216.8153,2634.929,106.6475308,100.134633,7727.0,34.10028472
Czech Rep.,1998,219.425,2635.716,107.9311951,100.1645412,7727.0,34.11046978
Czech Rep.,1999,222.0347,2636.503,109.2148594,100.1944494,7727.0,34.12065485
Czech Rep.,2000,224.6444,2637.29,110.4985237,100.2243576,7727.0,34.13083991
Czech Rep.,2001,226.572,2639.299,111.4466753,100.3007052,7727.0,34.15683965
Czech Rep.,2002,228.4997,2641.308,112.3948761,100.3770527,7727.0,34.18283939
Czech Rep.,2003,230.4273,2643.317,113.3430278,100.4534003,7727.0,34.20883914
Czech Rep.,2004,232.355,2645.326,114.2912286,100.5297479,7726.0,34.23927
Czech Rep.,2005,234.2826,2647.335,115.2393802,100.6060955,7726.0,34.2652731
Czech Rep.,2006,236.2103,2649.344,116.187581,100.6824431,7725.0,34.29571521
Czech Rep.,2007,238.1379,2651.353,117.1357327,100.7587907,7725.0,34.32172168
Czech Rep.,2008,240.0656,2653.362,118.0839335,100.8351383,7724.0,34.35217504
Czech Rep.,2009,241.9933,2655.371,119.0321343,100.9114859,7724.0,34.37818488
Czech Rep.,2010,243.9209,2657.38,119.9802859,100.9878335,7723.0,34.40864949
Czech Rep.,2011,244.9449,2659.582,120.483973,101.0715156,7723.0,34.43716172
Czech Rep.,2012,245.9689,2661.784,120.9876601,101.1551977,7723.0,34.46567396
Czech Rep.,2013,246.9929,2663.986,121.4913473,101.2388798,7722.0,34.4986532
Czech Rep.,2014,248.0169,2666.188,121.9950344,101.322562,7722.0,34.52716913
Czech Rep.,2015,249.0408,2668.39,122.4986723,101.4062441,7721.0,34.5601606
Czech Rep.,2016,250.2984,2669.85,123.117263,101.4617282,7721.0,34.57907007
Czech Rep.,2017,251.6169,2671.66,123.7658094,101.5305132,7721.0,34.60251263
Czech Rep.,2018,253.9796,2673.47,124.9279788,101.5992982,7721.0,34.62595519
Czech Rep.,2019,255.5427,2675.28,125.6968395,101.6680833,7720.55,34.65141732
Czech Rep.,2020,257.1345,2677.09,126.4798172,101.7368683,7719.853,34.67799193
Czech Rep.,2021,,2678.9,,101.8056533,7718.683,34.70669802
Czech Rep.,2022,,2680.71,,101.8744384,7717.173,34.73694318
Côte d'Ivoire,1992,417.1709,7299.578,100.0,100.0,31800.0,22.9546478
Côte d'Ivoire,1993,401.418,7023.937,96.22387372,96.2238776,31800.0,22.0878522
Côte d'Ivoire,1994,385.6651,6748.296,92.44774743,92.4477552,31800.0,21.2210566
Côte d'Ivoire,1995,369.9122,6472.655,88.67162115,88.6716328,31800.0,20.35426101
Côte d'Ivoire,1996,354.1594,6197.014,84.89551884,84.8955104,31800.0,19.48746541
Côte d'Ivoire,1997,338.4065,5921.373,81.11939256,81.119388,31800.0,18.62066981
Côte d'Ivoire,1998,322.6536,5645.732,77.34326627,77.3432656,31800.0,17.75387421
Côte d'Ivoire,1999,306.9007,5370.091,73.56713999,73.5671432,31800.0,16.88707862
Côte d'Ivoire,2000,291.1478,5094.45,69.79101371,69.7910208,31800.0,16.02028302
Côte d'Ivoire,2001,284.6963,4981.563,68.24452521,68.24453414,31800.0,15.66529245
Côte d'Ivoire,2002,278.2448,4868.676,66.6980367,66.69804748,31800.0,15.31030189
Côte d'Ivoire,2003,271.7933,4755.789,65.1515482,65.15156082,31800.0,14.95531132
Côte d'Ivoire,2004,265.3418,4642.902,63.6050597,63.60507416,31800.0,14.60032075
Côte d'Ivoire,2005,258.8904,4530.015,62.05859517,62.0585875,31800.0,14.24533019
Côte d'Ivoire,2006,252.4389,4417.128,60.51210667,60.51210084,31800.0,13.89033962
Côte d'Ivoire,2007,245.9874,4304.241,58.96561817,58.96561418,31800.0,13.53534906
Côte d'Ivoire,2008,239.5359,4191.354,57.41912967,57.41912752,31800.0,13.18035849
Côte d'Ivoire,2009,233.0844,4078.467,55.87264116,55.87264086,31800.0,12.82536792
Côte d'Ivoire,2010,226.6329,3965.58,54.32615266,54.3261542,31800.0,12.47037736
Côte d'Ivoire,2011,220.1815,3852.694,52.77968813,52.77968124,31800.0,12.11538994
Côte d'Ivoire,2012,213.73,3739.808,51.23319963,51.23320828,31800.0,11.76040252
Côte d'Ivoire,2013,207.2786,3626.922,49.6867351,49.68673532,31800.0,11.40541509
Côte d'Ivoire,2014,200.8272,3514.036,48.14027057,48.14026235,31800.0,11.05042767
Côte d'Ivoire,2015,194.3757,3401.15,46.59378207,46.59378939,31800.0,10.69544025
Côte d'Ivoire,2016,187.9241,3288.26,45.0472696,45.04726164,31800.0,10.34044025
Côte d'Ivoire,2017,181.4724,3175.37,43.50073315,43.50073388,31800.0,9.985440252
Côte d'Ivoire,2018,175.0207,3062.48,41.95419671,41.95420612,31800.0,9.630440252
Côte d'Ivoire,2019,168.5696,2949.6,40.40780409,40.40781536,31800.0,9.275471698
Côte d'Ivoire,2020,162.118,2836.71,38.86129162,38.8612876,31800.0,8.920471698
Côte d'Ivoire,2021,,2723.8267,,37.31485163,31800.0,8.565492767
Côte d'Ivoire,2022,,2610.9389,,35.76835401,31800.0,8.210499686
Denmark,1992,30.9801,539.472,100.0,100.0,4000.0,13.4868
Denmark,1993,31.2045,543.488,100.7243359,100.7444316,4000.0,13.5872
Denmark,1994,31.429,547.504,101.4489947,101.4888632,4000.0,13.6876
Denmark,1995,31.6534,551.52,102.1733306,102.2332948,4000.0,13.788
Denmark,1996,31.8778,555.536,102.8976666,102.9777264,4000.0,13.8884
Denmark,1997,32.1022,559.552,103.6220025,103.722158,4000.0,13.9888
Denmark,1998,32.3267,563.568,104.3466612,104.4665896,4000.0,14.0892
Denmark,1999,32.5511,567.584,105.0709972,105.2110211,4000.0,14.1896
Denmark,2000,32.7755,571.6,105.7953331,105.9554527,4000.0,14.29
Denmark,2001,33.0943,573.089,106.8243808,106.2314634,4000.0,14.327225
Denmark,2002,33.4131,574.578,107.8534285,106.507474,4000.0,14.36445
Denmark,2003,33.732,576.067,108.882799,106.7834846,4000.0,14.401675
Denmark,2004,34.0508,577.556,109.9118466,107.0594952,4000.0,14.4389
Denmark,2005,34.3696,579.045,110.9408943,107.3355058,4000.0,14.476125
Denmark,2006,34.6884,580.534,111.969942,107.6115164,4000.0,14.51335
Denmark,2007,35.0072,582.023,112.9989897,107.8875271,4000.0,14.550575
Denmark,2008,35.326,583.512,114.0280374,108.1635377,4000.0,14.5878
Denmark,2009,35.6448,585.001,115.057085,108.4395483,4000.0,14.625025
Denmark,2010,35.9636,586.49,116.0861327,108.7155589,4000.0,14.66225
Denmark,2011,36.8105,594.128,118.819823,110.1313877,4000.0,14.8532
Denmark,2012,37.6574,601.766,121.5535134,111.5472165,4000.0,15.04415
Denmark,2013,38.5043,609.404,124.2872037,112.9630453,4000.0,15.2351
Denmark,2014,39.3512,617.042,127.0208941,114.3788742,4000.0,15.42605
Denmark,2015,40.1982,624.68,129.7549072,115.794703,4000.0,15.617
Denmark,2016,40.2843,624.66,130.0328275,115.7909956,4000.0,15.6165
Denmark,2017,40.4012,625.6,130.4101665,115.9652401,4000.0,15.64
Denmark,2018,40.4632,626.56,130.610295,116.1431919,4000.0,15.664
Denmark,2019,40.5239,627.5,130.8062272,116.3174363,4000.0,15.6875
Denmark,2020,40.5847,628.44,131.0024822,116.4916808,4000.0,15.711
Denmark,2021,,629.38,,116.6659252,4000.0,15.7345
Denmark,2022,,630.32,,116.8401696,4000.0,15.758
Djibouti,1992,0.3018,5.6,100.0,100.0,2318.0,0.241587575
Djibouti,1993,0.3018,5.6,100.0,100.0,2318.0,0.241587575
Djibouti,1994,0.3018,5.6,100.0,100.0,2318.0,0.241587575
Djibouti,1995,0.3018,5.6,100.0,100.0,2318.0,0.241587575
Djibouti,1996,0.3018,5.6,100.0,100.0,2318.0,0.241587575
Djibouti,1997,0.3018,5.6,100.0,100.0,2318.0,0.241587575
Djibouti,1998,0.3018,5.6,100.0,100.0,2318.0,0.241587575
Djibouti,1999,0.3018,5.6,100.0,100.0,2318.0,0.241587575
Djibouti,2000,0.3018,5.6,100.0,100.0,2318.0,0.241587575
Djibouti,2001,0.3018,5.6,100.0,100.0,2318.0,0.241587575
Djibouti,2002,0.3018,5.6,100.0,100.0,2318.0,0.241587575
Djibouti,2003,0.3018,5.6,100.0,100.0,2318.0,0.241587575
Djibouti,2004,0.3018,5.6,100.0,100.0,2318.0,0.241587575
Djibouti,2005,0.3018,5.6,100.0,100.0,2318.0,0.241587575
Djibouti,2006,0.3018,5.6,100.0,100.0,2318.0,0.241587575
Djibouti,2007,0.3018,5.6,100.0,100.0,2318.0,0.241587575
Djibouti,2008,0.3018,5.6,100.0,100.0,2318.0,0.241587575
Djibouti,2009,0.3018,5.6,100.0,100.0,2318.0,0.241587575
Djibouti,2010,0.3018,5.6,100.0,100.0,2318.0,0.241587575
Djibouti,2011,0.3018,5.6,100.0,100.0,2318.0,0.241587575
Djibouti,2012,0.3018,5.6,100.0,100.0,2318.0,0.241587575
Djibouti,2013,0.3018,5.6,100.0,100.0,2318.0,0.241587575
Djibouti,2014,0.3018,5.6,100.0,100.0,2318.0,0.241587575
Djibouti,2015,0.3018,5.6,100.0,100.0,2318.0,0.241587575
Djibouti,2016,0.3018,5.6,100.0,100.0,2318.0,0.241587575
Djibouti,2017,0.3019,5.61,100.0331345,100.1785714,2318.0,0.242018982
Djibouti,2018,0.3019,5.64,100.0331345,100.7142857,2318.0,0.243313201
Djibouti,2019,0.3018,5.7,100.0,101.7857143,2318.0,0.245901639
Djibouti,2020,0.3018,5.8,100.0,103.5714286,2318.0,0.250215703
Djibouti,2021,,5.8733,,104.8803571,2318.0,0.253377912
Djibouti,2022,,5.9644,,106.5071429,2318.0,0.257308024
Dominica,1992,,49.822,,100.0,75.0,66.42933333
Dominica,1993,,49.578,,99.51025651,75.0,66.104
Dominica,1994,,49.334,,99.02051303,75.0,65.77866667
Dominica,1995,,49.09,,98.53076954,75.0,65.45333333
Dominica,1996,,48.846,,98.04102605,75.0,65.128
Dominica,1997,,48.602,,97.55128257,75.0,64.80266667
Dominica,1998,,48.358,,97.06153908,75.0,64.47733333
Dominica,1999,,48.114,,96.57179559,75.0,64.152
Dominica,2000,,47.87,,96.08205211,75.0,63.82666667
Dominica,2001,,47.87,,96.08205211,75.0,63.82666667
Dominica,2002,,47.87,,96.08205211,75.0,63.82666667
Dominica,2003,,47.87,,96.08205211,75.0,63.82666667
Dominica,2004,,47.87,,96.08205211,75.0,63.82666667
Dominica,2005,,47.87,,96.08205211,75.0,63.82666667
Dominica,2006,,47.87,,96.08205211,75.0,63.82666667
Dominica,2007,,47.87,,96.08205211,75.0,63.82666667
Dominica,2008,,47.87,,96.08205211,75.0,63.82666667
Dominica,2009,,47.87,,96.08205211,75.0,63.82666667
Dominica,2010,,47.87,,96.08205211,75.0,63.82666667
Dominica,2011,,47.87,,96.08205211,75.0,63.82666667
Dominica,2012,,47.87,,96.08205211,75.0,63.82666667
Dominica,2013,,47.87,,96.08205211,75.0,63.82666667
Dominica,2014,,47.87,,96.08205211,75.0,63.82666667
Dominica,2015,,47.87,,96.08205211,75.0,63.82666667
Dominica,2016,,47.87,,96.08205211,75.0,63.82666667
Dominica,2017,,47.87,,96.08205211,75.0,63.82666667
Dominica,2018,,47.87,,96.08205211,75.0,63.82666667
Dominica,2019,,47.87,,96.08205211,75.0,63.82666667
Dominica,2020,,47.87,,96.08205211,75.0,63.82666667
Dominica,2021,,47.87,,96.08205211,75.0,63.82666667
Dominica,2022,,47.87,,96.08205211,75.0,63.82666667
Dominican Rep.,1992,87.6963,1670.406,100.0,100.0,4831.0,34.57681639
Dominican Rep.,1993,89.6786,1708.164,102.2604146,102.2604085,4831.0,35.35839371
Dominican Rep.,1994,91.6609,1745.922,104.5208293,104.5208171,4831.0,36.13997102
Dominican Rep.,1995,93.6432,1783.68,106.7812439,106.7812256,4831.0,36.92154833
Dominican Rep.,1996,95.6255,1821.438,109.0416585,109.0416342,4831.0,37.70312565
Dominican Rep.,1997,97.6078,1859.196,111.3020732,111.3020427,4831.0,38.48470296
Dominican Rep.,1998,99.5901,1896.954,113.5624878,113.5624513,4831.0,39.26628027
Dominican Rep.,1999,101.5724,1934.712,115.8229024,115.8228598,4831.0,40.04785759
Dominican Rep.,2000,103.5547,1972.47,118.0833171,118.0832684,4831.0,40.8294349
Dominican Rep.,2001,104.0831,1982.535,118.6858511,118.6858165,4831.0,41.03777686
Dominican Rep.,2002,104.6115,1992.6,119.288385,119.2883646,4831.0,41.24611882
Dominican Rep.,2003,105.1399,2002.665,119.890919,119.8909127,4831.0,41.45446077
Dominican Rep.,2004,105.6683,2012.73,120.493453,120.4934609,4831.0,41.66280273
Dominican Rep.,2005,106.1967,2022.795,121.0959869,121.096009,4831.0,41.87114469
Dominican Rep.,2006,106.7251,2032.86,121.6985209,121.6985571,4831.0,42.07948665
Dominican Rep.,2007,107.2536,2042.925,122.3011689,122.3011052,4831.0,42.28782861
Dominican Rep.,2008,107.782,2052.99,122.9037029,122.9036534,4831.0,42.49617057
Dominican Rep.,2009,108.3104,2063.055,123.5062369,123.5062015,4831.0,42.70451252
Dominican Rep.,2010,108.8388,2073.12,124.1087708,124.1087496,4831.0,42.91285448
Dominican Rep.,2011,109.1594,2079.226,124.4743507,124.4742895,4831.0,43.03924653
Dominican Rep.,2012,109.4799,2085.332,124.8398165,124.8398294,4831.0,43.16563858
Dominican Rep.,2013,109.8005,2091.438,125.2053964,125.2053692,4831.0,43.29203064
Dominican Rep.,2014,110.1211,2097.544,125.5709762,125.5709091,4831.0,43.41842269
Dominican Rep.,2015,110.4416,2103.65,125.936442,125.936449,4831.0,43.54481474
Dominican Rep.,2016,110.8663,2111.74,126.420727,126.4207624,4831.0,43.71227489
Dominican Rep.,2017,111.2911,2119.83,126.905126,126.9050758,4831.0,43.87973504
Dominican Rep.,2018,111.7158,2127.92,127.389411,127.3893892,4831.0,44.0471952
Dominican Rep.,2019,112.1405,2136.01,127.8736959,127.8737026,4819.802,44.31738067
Dominican Rep.,2020,112.5653,2144.1,128.3580949,128.358016,4819.802,44.48522989
Dominican Rep.,2021,,2152.19,,128.8423293,4819.802,44.65307911
Dominican Rep.,2022,,2160.28,,129.3266427,4819.802,44.82092833
Ecuador,1992,1597.0759,14451.868,100.0,100.0,27684.0,52.202962
Ecuador,1993,1587.1111,14361.697,99.37605971,99.3760599,27684.0,51.87724679
Ecuador,1994,1577.1463,14271.526,98.75211942,98.7521198,27684.0,51.55153157
Ecuador,1995,1567.1815,14181.355,98.12817913,98.12817969,27684.0,51.22581636
Ecuador,1996,1557.2167,14091.184,97.50423884,97.50423959,27684.0,50.90010114
Ecuador,1997,1547.2519,14001.013,96.88029855,96.88029949,27684.0,50.57438593
Ecuador,1998,1537.2871,13910.842,96.25635826,96.25635939,24836.0,56.01079884
Ecuador,1999,1527.3224,13820.671,95.63242423,95.63241928,24836.0,55.64773313
Ecuador,2000,1517.3576,13730.5,95.00848394,95.00847918,24836.0,55.28466742
Ecuador,2001,1509.5963,13660.269,94.52251455,94.52251432,24836.0,55.00188839
Ecuador,2002,1501.8351,13590.038,94.03655143,94.03654946,24836.0,54.71910936
Ecuador,2003,1494.0739,13519.807,93.5505883,93.5505846,24836.0,54.43633033
Ecuador,2004,1486.3126,13449.576,93.06461891,93.06461974,24836.0,54.1535513
Ecuador,2005,1478.5514,13379.345,92.57865578,92.57865488,24836.0,53.87077227
Ecuador,2006,1470.7902,13309.114,92.09269265,92.09269002,24836.0,53.58799324
Ecuador,2007,1463.029,13238.883,91.60672952,91.60672517,24836.0,53.30521421
Ecuador,2008,1455.2677,13168.652,91.12076013,91.12076031,24836.0,53.02243517
Ecuador,2009,1447.5065,13098.421,90.63479701,90.63479545,24836.0,52.73965614
Ecuador,2010,1439.7453,13028.19,90.14883388,90.14883059,24836.0,52.45687711
Ecuador,2011,1435.1257,12986.388,89.85958025,89.85958078,24836.0,52.28856499
Ecuador,2012,1430.5062,12944.586,89.57033288,89.57033098,24836.0,52.12025286
Ecuador,2013,1425.8867,12902.784,89.28108551,89.28108117,24836.0,51.95194073
Ecuador,2014,1421.2671,12860.982,88.99183188,88.99183137,24836.0,51.7836286
Ecuador,2015,1416.6476,12819.18,88.70258452,88.70258156,24836.0,51.61531648
Ecuador,2016,1409.5451,12754.91,88.25786552,88.25786397,24836.0,51.3565389
Ecuador,2017,1402.4426,12690.64,87.81314651,87.81314637,24836.0,51.09776131
Ecuador,2018,1395.3401,12626.37,87.36842751,87.36842877,24836.0,50.83898373
Ecuador,2019,1388.2377,12562.1,86.92371477,86.92371118,24836.0,50.58020615
Ecuador,2020,1381.1352,12497.83,86.47899577,86.47899358,24836.0,50.32142857
Ecuador,2021,,12433.56,,86.03427598,24836.0,50.06265099
Ecuador,2022,,12369.29,,85.58955839,24836.0,49.80387341
"Egypt, Arab Rep. of",1992,3.3981,46.89,100.0,100.0,99545.0,0.047104325
"Egypt, Arab Rep. of",1993,3.5097,48.43,103.2841882,103.2842824,99545.0,0.048651364
"Egypt, Arab Rep. of",1994,3.6213,49.97,106.5683764,106.5685647,99545.0,0.050198403
"Egypt, Arab Rep. of",1995,3.7329,51.51,109.8525647,109.8528471,99545.0,0.051745442
"Egypt, Arab Rep. of",1996,3.8445,53.05,113.1367529,113.1371295,99545.0,0.053292481
"Egypt, Arab Rep. of",1997,3.9561,54.59,116.4209411,116.4214118,99545.0,0.05483952
"Egypt, Arab Rep. of",1998,4.0677,56.13,119.7051293,119.7056942,99545.0,0.056386559
"Egypt, Arab Rep. of",1999,4.1793,57.67,122.9893176,122.9899765,99545.0,0.057933598
"Egypt, Arab Rep. of",2000,4.2909,59.21,126.2735058,126.2742589,99545.0,0.059480637
"Egypt, Arab Rep. of",2001,4.3375,59.853,127.6448604,127.6455534,99545.0,0.060126576
"Egypt, Arab Rep. of",2002,4.3841,60.496,129.0162149,129.0168479,99545.0,0.060772515
"Egypt, Arab Rep. of",2003,4.4307,61.139,130.3875695,130.3881425,99545.0,0.061418454
"Egypt, Arab Rep. of",2004,4.4773,61.782,131.7589241,131.759437,99545.0,0.062064393
"Egypt, Arab Rep. of",2005,4.5239,62.425,133.1302787,133.1307315,99545.0,0.062710332
"Egypt, Arab Rep. of",2006,4.5705,63.068,134.5016333,134.502026,99545.0,0.063356271
"Egypt, Arab Rep. of",2007,4.6171,63.711,135.8729878,135.8733205,99545.0,0.06400221
"Egypt, Arab Rep. of",2008,4.6637,64.354,137.2443424,137.2446151,99545.0,0.064648149
"Egypt, Arab Rep. of",2009,4.7103,64.997,138.615697,138.6159096,99545.0,0.065294088
"Egypt, Arab Rep. of",2010,4.7569,65.64,139.9870516,139.9872041,99545.0,0.065940027
"Egypt, Arab Rep. of",2011,4.5073,62.196,132.6417704,132.6423544,99545.0,0.062480285
"Egypt, Arab Rep. of",2012,4.2578,58.752,125.299432,125.2975048,99545.0,0.059020543
"Egypt, Arab Rep. of",2013,4.0082,55.308,117.9541508,117.9526552,99545.0,0.055560802
"Egypt, Arab Rep. of",2014,3.7586,51.864,110.6088697,110.6078055,99545.0,0.05210106
"Egypt, Arab Rep. of",2015,3.509,48.42,103.2635885,103.2629559,99545.0,0.048641318
"Egypt, Arab Rep. of",2016,3.2597,44.98,95.92713575,95.92663681,99545.0,0.045185594
"Egypt, Arab Rep. of",2017,3.2597,44.98,95.92713575,95.92663681,99545.0,0.045185594
"Egypt, Arab Rep. of",2018,3.2597,44.98,95.92713575,95.92663681,99545.0,0.045185594
"Egypt, Arab Rep. of",2019,3.2597,44.98,95.92713575,95.92663681,99545.0,0.045185594
"Egypt, Arab Rep. of",2020,3.2597,44.98,95.92713575,95.92663681,99545.0,0.045185594
"Egypt, Arab Rep. of",2021,,44.98,,95.92663681,99545.0,0.045185594
"Egypt, Arab Rep. of",2022,,44.98,,95.92663681,99545.0,0.045185594
El Salvador,1992,46.5113,709.88,100.0,100.0,2072.0,34.26061776
El Salvador,1993,46.2165,705.38,99.36617553,99.36609004,2072.0,34.04343629
El Salvador,1994,45.9217,700.88,98.73235106,98.73218009,2072.0,33.82625483
El Salvador,1995,45.6268,696.38,98.09831159,98.09827013,2072.0,33.60907336
El Salvador,1996,45.332,691.88,97.46448712,97.46436017,2072.0,33.39189189
El Salvador,1997,45.0371,687.38,96.83044765,96.83045022,2072.0,33.17471042
El Salvador,1998,44.7423,682.88,96.19662319,96.19654026,2072.0,32.95752896
El Salvador,1999,44.4475,678.38,95.56279872,95.5626303,2072.0,32.74034749
El Salvador,2000,44.1526,673.88,94.92875925,94.92872035,2072.0,32.52316602
El Salvador,2001,43.8578,669.38,94.29493478,94.29481039,2072.0,32.30598456
El Salvador,2002,43.5629,664.88,93.66089531,93.66090043,2072.0,32.08880309
El Salvador,2003,43.2681,660.38,93.02707084,93.02699048,2072.0,31.87162162
El Salvador,2004,42.9733,655.88,92.39324637,92.39308052,2072.0,31.65444015
El Salvador,2005,42.6784,651.38,91.7592069,91.75917056,2072.0,31.43725869
El Salvador,2006,42.3836,646.88,91.12538243,91.12526061,2072.0,31.22007722
El Salvador,2007,42.0887,642.38,90.49134296,90.49135065,2072.0,31.00289575
El Salvador,2008,41.7939,637.88,89.8575185,89.85744069,2072.0,30.78571429
El Salvador,2009,41.4991,633.38,89.22369403,89.22353074,2072.0,30.56853282
El Salvador,2010,41.2042,628.88,88.58965456,88.58962078,2072.0,30.35135135
El Salvador,2011,40.9094,624.38,87.95583009,87.95571082,2072.0,30.13416988
El Salvador,2012,40.6145,619.88,87.32179062,87.32180087,2072.0,29.91698842
El Salvador,2013,40.3197,615.38,86.68796615,86.68789091,2072.0,29.69980695
El Salvador,2014,40.0249,610.88,86.05414168,86.05398095,2072.0,29.48262548
El Salvador,2015,39.73,606.38,85.42010221,85.420071,2072.0,29.26544402
El Salvador,2016,39.4352,601.88,84.78627774,84.78616104,2072.0,29.04826255
El Salvador,2017,39.1403,597.38,84.15223827,84.15225108,2072.0,28.83108108
El Salvador,2018,38.8455,592.88,83.5184138,83.51834113,2072.0,28.61389961
El Salvador,2019,38.5507,588.38,82.88458934,82.88443117,2072.0,28.39671815
El Salvador,2020,38.2558,583.88,82.25054987,82.25052121,2072.0,28.17953668
El Salvador,2021,,579.38,,81.61661126,2072.0,27.96235521
El Salvador,2022,,574.88,,80.9827013,2072.0,27.74517375
Emerging and Developing Economies,1992,241713.7851,3218985.863,100.0,100.0,,
Emerging and Developing Economies,1993,242712.3995,3231324.163,100.4131392,100.3832977,,
Emerging and Developing Economies,1994,242276.2136,3223406.222,100.2326837,100.1373215,,
Emerging and Developing Economies,1995,241840.0274,3215488.282,100.052228,99.89134524,,
Emerging and Developing Economies,1996,241403.8409,3207570.341,99.87177223,99.645369,,
Emerging and Developing Economies,1997,240967.6548,3199652.401,99.69131661,99.39939275,,
Emerging and Developing Economies,1998,240531.469,3191734.46,99.51086112,99.1534165,,
Emerging and Developing Economies,1999,240095.2826,3183816.52,99.33040538,98.90744026,,
Emerging and Developing Economies,2000,239659.0965,3175898.579,99.14994976,98.66146402,,
Emerging and Developing Economies,2001,239339.6854,3170344.637,99.01780542,98.48892701,,
Emerging and Developing Economies,2002,239020.2754,3164790.695,98.88566153,98.31639,,
Emerging and Developing Economies,2003,238700.8656,3159236.754,98.75351772,98.143853,,
Emerging and Developing Economies,2004,238381.455,3153682.812,98.62137358,97.97131599,,
Emerging and Developing Economies,2005,238062.045,3148128.87,98.48922969,97.79877898,,
Emerging and Developing Economies,2006,237990.2153,3145933.328,98.45951285,97.73057297,,
Emerging and Developing Economies,2007,237681.6461,3140424.786,98.33185393,97.55944635,,
Emerging and Developing Economies,2008,237373.0772,3134916.245,98.20419514,97.38831973,,
Emerging and Developing Economies,2009,237064.5087,3129407.702,98.07653651,97.21719309,,
Emerging and Developing Economies,2010,236755.9405,3123899.161,97.94887801,97.04606647,,
Emerging and Developing Economies,2011,236718.5905,3118419.845,97.93342585,96.87584778,,
Emerging and Developing Economies,2012,237345.9451,3139833.963,98.19297025,97.54109202,,
Emerging and Developing Economies,2013,237302.8349,3134184.159,98.17513503,97.365577,,
Emerging and Developing Economies,2014,237259.7255,3128534.355,98.15730013,97.19006197,,
Emerging and Developing Economies,2015,237216.6155,3122884.552,98.13946499,97.01454695,,
Emerging and Developing Economies,2016,237182.5066,3118584.917,98.12535371,96.88097585,,
Emerging and Developing Economies,2017,236696.167,3111907.285,97.92414897,96.67353063,,
Emerging and Developing Economies,2018,236490.5411,3106954.784,97.83907898,96.51967782,,
Emerging and Developing Economies,2019,236260.7567,3101737.71,97.74401431,96.35760583,,
Emerging and Developing Economies,2020,236033.0713,3096673.84,97.64981803,96.20029324,,
Emerging and Developing Economies,2021,,3091507.834,,96.03980772,,
Emerging and Developing Economies,2022,,3086409.918,,95.88143749,,
"Equatorial Guinea, Rep. of",1992,335.3581,2682.436,100.0,100.0,2805.0,95.63051693
"Equatorial Guinea, Rep. of",1993,334.3134,2674.079,99.68848225,99.68845482,2805.0,95.33258467
"Equatorial Guinea, Rep. of",1994,333.2686,2665.722,99.37693469,99.37690964,2805.0,95.03465241
"Equatorial Guinea, Rep. of",1995,332.2238,2657.365,99.06538712,99.06536447,2805.0,94.73672014
"Equatorial Guinea, Rep. of",1996,331.179,2649.008,98.75383955,98.75381929,2805.0,94.43878788
"Equatorial Guinea, Rep. of",1997,330.1342,2640.651,98.44229199,98.44227411,2805.0,94.14085561
"Equatorial Guinea, Rep. of",1998,329.0894,2632.294,98.13074442,98.13072893,2805.0,93.84292335
"Equatorial Guinea, Rep. of",1999,328.0446,2623.937,97.81919685,97.81918376,2805.0,93.54499109
"Equatorial Guinea, Rep. of",2000,326.9998,2615.58,97.50764929,97.50763858,2805.0,93.24705882
"Equatorial Guinea, Rep. of",2001,325.955,2607.223,97.19610172,97.1960934,2805.0,92.94912656
"Equatorial Guinea, Rep. of",2002,324.9102,2598.866,96.88455415,96.88454822,2805.0,92.6511943
"Equatorial Guinea, Rep. of",2003,323.8654,2590.509,96.57300659,96.57300305,2805.0,92.35326203
"Equatorial Guinea, Rep. of",2004,322.8206,2582.152,96.26145902,96.26145787,2805.0,92.05532977
"Equatorial Guinea, Rep. of",2005,321.7759,2573.795,95.94994127,95.94991269,2805.0,91.7573975
"Equatorial Guinea, Rep. of",2006,320.7311,2565.438,95.63839371,95.63836751,2805.0,91.45946524
"Equatorial Guinea, Rep. of",2007,319.6863,2557.081,95.32684614,95.32682234,2805.0,91.16153298
"Equatorial Guinea, Rep. of",2008,318.6415,2548.724,95.01529857,95.01527716,2805.0,90.86360071
"Equatorial Guinea, Rep. of",2009,317.5967,2540.367,94.70375101,94.70373198,2805.0,90.56566845
"Equatorial Guinea, Rep. of",2010,316.5519,2532.01,94.39220344,94.3921868,2805.0,90.26773619
"Equatorial Guinea, Rep. of",2011,315.507,2523.652,94.08062605,94.08060435,2805.0,89.96976827
"Equatorial Guinea, Rep. of",2012,314.4621,2515.294,93.76904867,93.76902189,2805.0,89.67180036
"Equatorial Guinea, Rep. of",2013,313.4171,2506.936,93.45744146,93.45743943,2805.0,89.37383244
"Equatorial Guinea, Rep. of",2014,312.3722,2498.578,93.14586408,93.14585697,2805.0,89.07586453
"Equatorial Guinea, Rep. of",2015,311.3273,2490.22,92.83428669,92.83427452,2805.0,88.77789661
"Equatorial Guinea, Rep. of",2016,310.2821,2481.86,92.52261985,92.5226175,2805.0,88.4798574
"Equatorial Guinea, Rep. of",2017,309.237,2473.5,92.21098283,92.21096049,2805.0,88.18181818
"Equatorial Guinea, Rep. of",2018,308.1918,2465.14,91.89931598,91.89930347,2805.0,87.88377897
"Equatorial Guinea, Rep. of",2019,307.1466,2456.78,91.58764914,91.58764645,2805.0,87.58573975
"Equatorial Guinea, Rep. of",2020,306.1015,2448.42,91.27601212,91.27598944,2805.0,87.28770053
"Equatorial Guinea, Rep. of",2021,,2440.06,,90.96433242,2805.0,86.98966132
"Equatorial Guinea, Rep. of",2022,,2431.7,,90.6526754,2805.0,86.6916221
"Eritrea, The State of",1992,49.28909782,1144.88457,100.0,100.0,,
"Eritrea, The State of",1993,49.102,1140.58,99.62040729,99.62401709,10100.0,11.29287129
"Eritrea, The State of",1994,48.9851,1137.42,99.38323517,99.34800674,10100.0,11.26158416
"Eritrea, The State of",1995,48.8682,1134.26,99.14606304,99.07199638,10100.0,11.23029703
"Eritrea, The State of",1996,48.7514,1131.1,98.9090938,98.79598602,10100.0,11.1990099
"Eritrea, The State of",1997,48.6345,1127.94,98.67192168,98.51997566,10100.0,11.16772277
"Eritrea, The State of",1998,48.5177,1124.78,98.43495244,98.2439653,10100.0,11.13643564
"Eritrea, The State of",1999,48.4008,1121.62,98.19778032,97.96795495,10100.0,11.10514851
"Eritrea, The State of",2000,48.2839,1118.46,97.96060819,97.69194459,10100.0,11.07386139
"Eritrea, The State of",2001,48.1605,1115.3,97.71024857,97.41593423,10100.0,11.04257426
"Eritrea, The State of",2002,48.0372,1112.14,97.46009183,97.13992387,10100.0,11.01128713
"Eritrea, The State of",2003,47.9138,1108.98,97.20973221,96.86391351,10100.0,10.98
"Eritrea, The State of",2004,47.7904,1105.82,96.95937258,96.58790316,12098.2625,9.140320769
"Eritrea, The State of",2005,47.667,1102.66,96.70901296,96.3118928,12102.5326,9.11098558
"Eritrea, The State of",2006,47.5437,1099.5,96.45885622,96.03588244,12100.4031,9.086474152
"Eritrea, The State of",2007,47.4203,1096.34,96.2084966,95.75987208,12103.2606,9.058220229
"Eritrea, The State of",2008,47.2969,1093.18,95.95813697,95.48386172,12105.7494,9.030254666
"Eritrea, The State of",2009,47.1735,1090.02,95.70777735,95.20785137,12106.9592,9.003251617
"Eritrea, The State of",2010,47.0502,1086.86,95.45762061,94.93184101,12106.5103,8.977483792
"Eritrea, The State of",2011,46.9476,1083.7,95.24946098,94.65583065,12108.8989,8.949616385
"Eritrea, The State of",2012,46.8451,1080.54,95.04150425,94.37982029,12108.212,8.924026107
"Eritrea, The State of",2013,46.7426,1077.38,94.83354751,94.10380993,12104.9278,8.900342223
"Eritrea, The State of",2014,46.6401,1074.22,94.62559077,93.82779958,12103.6185,8.875197116
"Eritrea, The State of",2015,46.5376,1071.06,94.41763403,93.55178922,12108.8775,8.845245978
"Eritrea, The State of",2016,46.4109,1067.9,94.16057922,93.27577886,12107.7459,8.819973667
"Eritrea, The State of",2017,46.3055,1064.74,93.94673882,92.9997685,12107.1233,8.79432689
"Eritrea, The State of",2018,46.1575,1061.58,93.64646958,92.72375815,12107.7714,8.767757211
"Eritrea, The State of",2019,46.0413,1058.42,93.41071765,92.44774779,12108.0546,8.741453809
"Eritrea, The State of",2020,45.9355,1055.26,93.19606572,92.17173743,12104.0829,8.71821524
"Eritrea, The State of",2021,,1052.1,,91.89572707,12104.0829,8.692108346
"Eritrea, The State of",2022,,1048.94,,91.61971671,12104.0829,8.666001453
"Estonia, Rep. of",1992,132.677,2212.498,100.0,100.0,4239.0,52.19386648
"Estonia, Rep. of",1993,133.7208,2215.797,100.7867226,100.1491075,4239.0,52.27169144
"Estonia, Rep. of",1994,134.7646,2219.096,101.5734453,100.298215,4239.0,52.3495164
"Estonia, Rep. of",1995,135.8085,2222.395,102.3602433,100.4473224,4239.0,52.42734135
"Estonia, Rep. of",1996,136.8523,2225.694,103.1469659,100.5964299,4239.0,52.50516631
"Estonia, Rep. of",1997,137.8962,2228.993,103.933764,100.7455374,4239.0,52.58299127
"Estonia, Rep. of",1998,138.94,2232.292,104.7204866,100.8946449,4239.0,52.66081623
"Estonia, Rep. of",1999,139.9838,2235.591,105.5072092,101.0437524,4239.0,52.73864119
"Estonia, Rep. of",2000,141.0277,2238.89,106.2940073,101.1928598,4239.0,52.81646615
"Estonia, Rep. of",2001,142.0693,2248.603,107.0790717,101.6318659,4239.0,53.04560038
"Estonia, Rep. of",2002,143.111,2258.316,107.8642116,102.0708719,4239.0,53.27473461
"Estonia, Rep. of",2003,144.1526,2268.029,108.6492761,102.509878,4239.0,53.50386884
"Estonia, Rep. of",2004,145.1943,2277.742,109.4344159,102.948884,4239.0,53.73300307
"Estonia, Rep. of",2005,146.2359,2287.455,110.2194804,103.3878901,4239.0,53.9621373
"Estonia, Rep. of",2006,147.2776,2297.168,111.0046202,103.8268961,4239.0,54.19127153
"Estonia, Rep. of",2007,148.3192,2306.881,111.7896847,104.2659022,4239.0,54.42040576
"Estonia, Rep. of",2008,149.3609,2316.594,112.5748246,104.7049082,4239.0,54.64953999
"Estonia, Rep. of",2009,150.4025,2326.307,113.3598891,105.1439143,4239.0,54.87867422
"Estonia, Rep. of",2010,151.4442,2336.02,114.1450289,105.5829203,4239.0,55.10780845
"Estonia, Rep. of",2011,153.8148,2353.018,115.9317742,106.3511922,4239.0,55.50879925
"Estonia, Rep. of",2012,156.1854,2370.016,117.7185194,107.1194641,4239.0,55.90979004
"Estonia, Rep. of",2013,158.5559,2387.014,119.5051893,107.8877359,4347.0,54.91175523
"Estonia, Rep. of",2014,160.9265,2404.012,121.2919345,108.6560078,4347.0,55.30278353
"Estonia, Rep. of",2015,163.2971,2421.01,123.0786798,109.4242797,4347.0,55.69381182
"Estonia, Rep. of",2016,163.5554,2421.25,123.2733631,109.4351272,4347.0,55.69933287
"Estonia, Rep. of",2017,164.0799,2438.4,123.6686841,110.2102691,4275.0,57.03859649
"Estonia, Rep. of",2018,164.0799,2438.4,123.6686841,110.2102691,4275.0,57.03859649
"Estonia, Rep. of",2019,164.0799,2438.4,123.6686841,110.2102691,4275.0,57.03859649
"Estonia, Rep. of",2020,164.0799,2438.4,123.6686841,110.2102691,4275.0,57.03859649
"Estonia, Rep. of",2021,,2438.4,,110.2102691,4275.0,57.03859649
"Estonia, Rep. of",2022,,2438.4,,110.2102691,4273.0,57.0652937
"Eswatini, Kingdom of",1992,21.8044,463.568,100.0,100.0,1720.0,26.95162791
"Eswatini, Kingdom of",1993,21.8399,464.782,100.1628112,100.2618818,1720.0,27.0222093
"Eswatini, Kingdom of",1994,21.8753,465.996,100.3251637,100.5237635,1720.0,27.0927907
"Eswatini, Kingdom of",1995,21.9108,467.21,100.4879749,100.7856453,1720.0,27.16337209
"Eswatini, Kingdom of",1996,21.9462,468.424,100.6503275,101.047527,1720.0,27.23395349
"Eswatini, Kingdom of",1997,21.9816,469.638,100.81268,101.3094088,1720.0,27.30453488
"Eswatini, Kingdom of",1998,22.0171,470.852,100.9754912,101.5712905,1720.0,27.37511628
"Eswatini, Kingdom of",1999,22.0525,472.066,101.1378437,101.8331723,1720.0,27.44569767
"Eswatini, Kingdom of",2000,22.088,473.28,101.3006549,102.095054,1720.0,27.51627907
"Eswatini, Kingdom of",2001,22.1233,474.495,101.4625488,102.3571515,1720.0,27.5869186
"Eswatini, Kingdom of",2002,22.1587,475.71,101.6249014,102.619249,1720.0,27.65755814
"Eswatini, Kingdom of",2003,22.194,476.925,101.7867953,102.8813464,1720.0,27.72819767
"Eswatini, Kingdom of",2004,22.2294,478.14,101.9491479,103.1434439,1720.0,27.79883721
"Eswatini, Kingdom of",2005,22.2647,479.355,102.1110418,103.4055414,1720.0,27.86947674
"Eswatini, Kingdom of",2006,22.3,480.57,102.2729357,103.6676388,1720.0,27.94011628
"Eswatini, Kingdom of",2007,22.3354,481.785,102.4352883,103.9297363,1720.0,28.01075581
"Eswatini, Kingdom of",2008,22.3707,483.0,102.5971822,104.1918338,1720.0,28.08139535
"Eswatini, Kingdom of",2009,22.4061,484.215,102.7595348,104.4539312,1720.0,28.15203488
"Eswatini, Kingdom of",2010,22.4414,485.43,102.9214287,104.7160287,1720.0,28.22267442
"Eswatini, Kingdom of",2011,22.4779,486.644,103.0888261,104.9779105,1720.0,28.29325581
"Eswatini, Kingdom of",2012,22.5144,487.858,103.2562235,105.2397922,1720.0,28.36383721
"Eswatini, Kingdom of",2013,22.5508,489.072,103.4231623,105.501674,1720.0,28.4344186
"Eswatini, Kingdom of",2014,22.5873,490.286,103.5905597,105.7635557,1720.0,28.505
"Eswatini, Kingdom of",2015,22.6237,491.5,103.7574985,106.0254375,1720.0,28.5755814
"Eswatini, Kingdom of",2016,22.6553,492.72,103.9024234,106.2886135,1720.0,28.64651163
"Eswatini, Kingdom of",2017,22.6911,493.93,104.0666104,106.5496324,1720.0,28.71686047
"Eswatini, Kingdom of",2018,22.7269,495.14,104.2307975,106.8106513,1720.0,28.7872093
"Eswatini, Kingdom of",2019,22.7626,496.35,104.3945259,107.0716702,1720.0,28.85755814
"Eswatini, Kingdom of",2020,22.7982,497.56,104.5577957,107.3326891,1720.0,28.92790698
"Eswatini, Kingdom of",2021,,498.77,,107.5937079,1720.0,28.99825581
"Eswatini, Kingdom of",2022,,499.98,,107.8547268,1720.0,29.06860465
"Ethiopia, The Federal Dem. Rep. of",1992,1385.511902,19111.35543,100.0,100.0,,
"Ethiopia, The Federal Dem. Rep. of",1993,1380.2526,19039.5,99.62040729,99.62401709,100000.0,19.0395
"Ethiopia, The Federal Dem. Rep. of",1994,1374.923,18966.5,99.2357408,99.24204523,100000.0,18.9665
"Ethiopia, The Federal Dem. Rep. of",1995,1369.5935,18893.5,98.85108153,98.86007337,100000.0,18.8935
"Ethiopia, The Federal Dem. Rep. of",1996,1364.2639,18820.5,98.46641504,98.47810151,100000.0,18.8205
"Ethiopia, The Federal Dem. Rep. of",1997,1358.9344,18747.5,98.08175577,98.09612965,100000.0,18.7475
"Ethiopia, The Federal Dem. Rep. of",1998,1353.6048,18674.5,97.69708928,97.71415779,100000.0,18.6745
"Ethiopia, The Federal Dem. Rep. of",1999,1348.2752,18601.5,97.31242279,97.33218593,100000.0,18.6015
"Ethiopia, The Federal Dem. Rep. of",2000,1342.9457,18528.5,96.92776351,96.95021407,100000.0,18.5285
"Ethiopia, The Federal Dem. Rep. of",2001,1336.3731,18455.5,96.45338289,96.5682422,100000.0,18.4555
"Ethiopia, The Federal Dem. Rep. of",2002,1329.8006,18382.5,95.97900948,96.18627034,100000.0,18.3825
"Ethiopia, The Federal Dem. Rep. of",2003,1323.2281,18309.5,95.50463608,95.80429848,100000.0,18.3095
"Ethiopia, The Federal Dem. Rep. of",2004,1316.6556,18236.5,95.03026267,95.42232662,112859.73,16.15855363
"Ethiopia, The Federal Dem. Rep. of",2005,1310.083,18163.5,94.55588205,95.04035476,112859.98,16.09383592
"Ethiopia, The Federal Dem. Rep. of",2006,1303.5105,18090.5,94.08150864,94.6583829,112861.32,16.02896369
"Ethiopia, The Federal Dem. Rep. of",2007,1296.938,18017.5,93.60713524,94.27641104,112863.12,15.96402793
"Ethiopia, The Federal Dem. Rep. of",2008,1290.3654,17944.5,93.13275461,93.89443918,112856.83,15.90023395
"Ethiopia, The Federal Dem. Rep. of",2009,1283.7929,17871.5,92.65838121,93.51246732,112858.86,15.83526539
"Ethiopia, The Federal Dem. Rep. of",2010,1277.2204,17798.5,92.1840078,93.13049546,112857.1,15.77082877
"Ethiopia, The Federal Dem. Rep. of",2011,1270.5175,17725.5,91.70022271,92.74852359,112857.51,15.70608815
"Ethiopia, The Federal Dem. Rep. of",2012,1263.8146,17652.5,91.21643762,92.36655173,112858.21,15.6413078
"Ethiopia, The Federal Dem. Rep. of",2013,1257.1117,17579.5,90.73265253,91.98457987,112857.21,15.57676288
"Ethiopia, The Federal Dem. Rep. of",2014,1250.4088,17506.5,90.24886744,91.60260801,112853.83,15.51254397
"Ethiopia, The Federal Dem. Rep. of",2015,1243.7059,17433.5,89.76508235,91.22063615,112853.94,15.44784347
"Ethiopia, The Federal Dem. Rep. of",2016,1236.9356,17360.5,89.27643264,90.83866429,112855.85,15.38289774
"Ethiopia, The Federal Dem. Rep. of",2017,1230.1785,17287.5,88.78873563,90.45669243,112855.28,15.31829082
"Ethiopia, The Federal Dem. Rep. of",2018,1223.4345,17214.5,88.30198413,90.07472057,112856.14,15.25348997
"Ethiopia, The Federal Dem. Rep. of",2019,1216.7037,17141.5,87.81618535,89.69274871,112857.09,15.188678
"Ethiopia, The Federal Dem. Rep. of",2020,1209.8153,17068.5,87.3190117,89.31077685,112857.14,15.12398772
"Ethiopia, The Federal Dem. Rep. of",2021,,16995.5,,88.92880498,112857.14,15.05930418
"Ethiopia, The Federal Dem. Rep. of",2022,,16922.5,,88.54683312,112857.14,14.99462063
Euro Area,1992,45186.4681,990613.5267,100.0,100.0,,
Euro Area,1993,45771.376,995942.6146,101.2944316,100.5379583,,
Euro Area,1994,46013.1134,996738.4424,101.829409,100.6182952,,
Euro Area,1995,46254.8512,997534.2703,102.3643873,100.6986321,,
Euro Area,1996,46496.5885,998330.0982,102.8993645,100.7789689,,
Euro Area,1997,46738.3265,999125.926,103.4343432,100.8593058,,
Euro Area,1998,46980.0643,999921.7539,103.9693215,100.9396427,,
Euro Area,1999,47221.8016,1000717.582,104.5042987,101.0199795,,
Euro Area,2000,47530.1818,1002267.41,105.1867601,101.1764308,,
Euro Area,2001,47895.0546,1003438.805,105.9942426,101.2946803,,
Euro Area,2002,48259.9275,1004610.2,106.8017252,101.4129298,,
Euro Area,2003,48624.8002,1005781.595,107.6092075,101.5311792,,
Euro Area,2004,48989.6732,1006952.991,108.4166903,101.6494287,,
Euro Area,2005,49354.5462,1008124.386,109.2241732,101.7676782,,
Euro Area,2006,49719.419,1009295.781,110.0316557,101.8859276,,
Euro Area,2007,50084.2915,1010467.176,110.8391375,102.0041771,,
Euro Area,2008,50449.1645,1011638.572,111.6466204,102.1224266,,
Euro Area,2009,50814.0375,1012809.967,112.4541033,102.2406761,,
Euro Area,2010,51178.9101,1013981.362,113.2615853,102.3589255,,
Euro Area,2011,51577.2032,1014346.178,114.1430286,102.3957528,,
Euro Area,2012,51975.4955,1014710.994,115.0244701,102.43258,,
Euro Area,2013,52373.7882,1015075.809,115.9059125,102.4694073,,
Euro Area,2014,52772.0806,1015440.625,116.7873543,102.5062345,,
Euro Area,2015,53170.3736,1015805.441,117.6687974,102.5430618,,
Euro Area,2016,53508.4073,1016331.64,118.4168835,102.5961803,,
Euro Area,2017,53766.0944,1016788.091,118.9871585,102.6422579,,
Euro Area,2018,54016.9419,1017013.45,119.542297,102.6650074,,
Euro Area,2019,54263.776,1017229.16,120.0885537,102.6867827,,
Euro Area,2020,54520.607,1017450.87,120.656934,102.7091638,,
Euro Area,2021,,1017673.77,,102.731665,,
Euro Area,2022,,1017895.881,,102.7540866,,
Faroe Islands,1992,,0.08,,100.0,139.6,0.05730659
Faroe Islands,1993,,0.08,,100.0,139.6,0.05730659
Faroe Islands,1994,,0.08,,100.0,139.6,0.05730659
Faroe Islands,1995,,0.08,,100.0,139.6,0.05730659
Faroe Islands,1996,,0.08,,100.0,139.6,0.05730659
Faroe Islands,1997,,0.08,,100.0,139.6,0.05730659
Faroe Islands,1998,,0.08,,100.0,139.6,0.05730659
Faroe Islands,1999,,0.08,,100.0,139.6,0.05730659
Faroe Islands,2000,,0.08,,100.0,139.6,0.05730659
Faroe Islands,2001,,0.08,,100.0,139.6,0.05730659
Faroe Islands,2002,,0.08,,100.0,139.6,0.05730659
Faroe Islands,2003,,0.08,,100.0,139.6,0.05730659
Faroe Islands,2004,,0.08,,100.0,139.6,0.05730659
Faroe Islands,2005,,0.08,,100.0,139.6,0.05730659
Faroe Islands,2006,,0.08,,100.0,139.6,0.05730659
Faroe Islands,2007,,0.08,,100.0,139.6,0.05730659
Faroe Islands,2008,,0.08,,100.0,139.6,0.05730659
Faroe Islands,2009,,0.08,,100.0,139.6,0.05730659
Faroe Islands,2010,,0.08,,100.0,139.6,0.05730659
Faroe Islands,2011,,0.08,,100.0,139.6,0.05730659
Faroe Islands,2012,,0.08,,100.0,139.6,0.05730659
Faroe Islands,2013,,0.08,,100.0,139.6,0.05730659
Faroe Islands,2014,,0.08,,100.0,139.6,0.05730659
Faroe Islands,2015,,0.08,,100.0,139.6,0.05730659
Faroe Islands,2016,,0.08,,100.0,139.6,0.05730659
Faroe Islands,2017,,0.08,,100.0,139.6,0.05730659
Faroe Islands,2018,,0.08,,100.0,139.6,0.05730659
Faroe Islands,2019,,0.08,,100.0,139.6,0.05730659
Faroe Islands,2020,,0.08,,100.0,136.6,0.058565154
Faroe Islands,2021,,0.08,,100.0,137.0,0.058394161
Faroe Islands,2022,,0.08,,100.0,137.0,0.058394161
"Fiji, Rep. of",1992,114.0294,953.046,100.0,100.0,1827.0,52.16453202
"Fiji, Rep. of",1993,114.752,959.724,100.6336962,100.7007007,1827.0,52.53004926
"Fiji, Rep. of",1994,115.4746,966.402,101.2673924,101.4014014,1827.0,52.8955665
"Fiji, Rep. of",1995,116.1972,973.08,101.9010887,102.1021021,1827.0,53.26108374
"Fiji, Rep. of",1996,116.9198,979.758,102.5347849,102.8028028,1827.0,53.62660099
"Fiji, Rep. of",1997,117.6424,986.436,103.1684811,103.5035035,1827.0,53.99211823
"Fiji, Rep. of",1998,118.365,993.114,103.8021773,104.2042042,1827.0,54.35763547
"Fiji, Rep. of",1999,119.0876,999.792,104.4358736,104.9049049,1827.0,54.72315271
"Fiji, Rep. of",2000,119.8102,1006.47,105.0695698,105.6056056,1827.0,55.08866995
"Fiji, Rep. of",2001,120.5342,1013.147,105.7044938,106.3062014,1827.0,55.45413246
"Fiji, Rep. of",2002,121.2582,1019.824,106.3394177,107.0067972,1827.0,55.81959496
"Fiji, Rep. of",2003,121.9822,1026.501,106.9743417,107.7073929,1827.0,56.18505747
"Fiji, Rep. of",2004,122.7062,1033.178,107.6092657,108.4079887,1827.0,56.55051998
"Fiji, Rep. of",2005,123.4302,1039.855,108.2441897,109.1085845,1827.0,56.91598248
"Fiji, Rep. of",2006,124.1542,1046.532,108.8791136,109.8091802,1827.0,57.28144499
"Fiji, Rep. of",2007,124.8782,1053.209,109.5140376,110.509776,1827.0,57.6469075
"Fiji, Rep. of",2008,125.6022,1059.886,110.1489616,111.2103718,1827.0,58.01237001
"Fiji, Rep. of",2009,126.3262,1066.563,110.7838856,111.9109676,1827.0,58.37783251
"Fiji, Rep. of",2010,127.0502,1073.24,111.4188095,112.6115633,1827.0,58.74329502
"Fiji, Rep. of",2011,127.7741,1079.916,112.0536458,113.3120542,1827.0,59.10870279
"Fiji, Rep. of",2012,128.498,1086.592,112.6884821,114.012545,1827.0,59.47411056
"Fiji, Rep. of",2013,129.2219,1093.268,113.3233184,114.7130359,1827.0,59.83951834
"Fiji, Rep. of",2014,129.9458,1099.944,113.9581547,115.4135267,1827.0,60.20492611
"Fiji, Rep. of",2015,130.6697,1106.62,114.5929909,116.1140176,1827.0,60.57033388
"Fiji, Rep. of",2016,131.3917,1113.3,115.226161,116.8149281,1827.0,60.93596059
"Fiji, Rep. of",2017,132.1016,1119.98,115.8487197,117.5158387,1827.0,61.3015873
"Fiji, Rep. of",2018,132.8332,1126.66,116.4903086,118.2167492,1827.0,61.66721401
"Fiji, Rep. of",2019,133.5528,1133.34,117.121374,118.9176598,1827.0,62.03284072
"Fiji, Rep. of",2020,134.283,1140.02,117.7617351,119.6185704,1827.0,62.39846743
"Fiji, Rep. of",2021,,1146.7,,120.3194809,1827.0,62.76409414
"Fiji, Rep. of",2022,,1153.38,,121.0203915,1827.0,63.12972085
Finland,1992,642.2978,21989.392,100.0,100.0,30459.0,72.1934141
Finland,1993,652.2701,22046.423,101.5525976,100.2593569,30459.0,72.38065268
Finland,1994,662.2424,22103.454,103.1051951,100.5187138,30459.0,72.56789126
Finland,1995,672.2147,22160.485,104.6577927,100.7780706,30459.0,72.75512985
Finland,1996,682.187,22217.516,106.2103903,101.0374275,30459.0,72.94236843
Finland,1997,692.1593,22274.547,107.7629878,101.2967844,30459.0,73.12960701
Finland,1998,702.1316,22331.578,109.3155854,101.5561413,30459.0,73.3168456
Finland,1999,712.1039,22388.609,110.868183,101.8154981,30459.0,73.50408418
Finland,2000,722.0762,22445.64,112.4207805,102.074855,30459.0,73.69132276
Finland,2001,727.8713,22425.276,113.3230255,101.9822467,30459.0,73.62446568
Finland,2002,733.6664,22404.912,114.2252706,101.8896384,30459.0,73.55760859
Finland,2003,739.4614,22384.548,115.1275,101.7970301,30459.0,73.4907515
Finland,2004,745.2565,22364.184,116.0297451,101.7044218,30459.0,73.42389442
Finland,2005,751.0516,22343.82,116.9319901,101.6118136,30459.0,73.35703733
Finland,2006,756.8467,22323.456,117.8342351,101.5192053,30411.0,73.40585972
Finland,2007,762.6417,22303.092,118.7364646,101.426597,30409.0,73.34372061
Finland,2008,768.4368,22282.728,119.6387096,101.3339887,30390.0,73.32256663
Finland,2009,774.2319,22262.364,120.5409547,101.2413804,30390.0,73.25555775
Finland,2010,780.0269,22242.0,121.4431841,101.1487721,30390.0,73.18854886
Finland,2011,796.7053,22275.4,124.0398613,101.3006635,30389.0,73.30086544
Finland,2012,813.3837,22308.8,126.6365384,101.4525549,30389.0,73.41077364
Finland,2013,830.062,22342.2,129.2331999,101.6044464,30389.0,73.52068183
Finland,2014,846.7404,22375.6,131.829877,101.7563378,30389.0,73.63059002
Finland,2015,863.4188,22409.0,134.4265542,101.9082292,30391.0,73.73564542
Finland,2016,863.4188,22409.0,134.4265542,101.9082292,30391.0,73.73564542
Finland,2017,863.4188,22409.0,134.4265542,101.9082292,30392.0,73.73321927
Finland,2018,863.4188,22409.0,134.4265542,101.9082292,30392.0,73.73321927
Finland,2019,863.4188,22409.0,134.4265542,101.9082292,30393.0,73.73079327
Finland,2020,863.4188,22409.0,134.4265542,101.9082292,30394.0,73.72836744
Finland,2021,,22409.0,,101.9082292,30394.77,73.72649966
Finland,2022,,22409.0,,101.9082292,30394.77,73.72649966
France,1992,980.9054,14606.4,100.0,100.0,54756.6,26.67514053
France,1993,989.1958,14691.6,100.8451783,100.5833059,54756.6,26.83073821
France,1994,997.4861,14776.8,101.6903465,101.1666119,54756.6,26.98633589
France,1995,1005.7764,14862.0,102.5355146,101.7499178,54756.6,27.14193358
France,1996,1014.0667,14947.2,103.3806828,102.3332238,54756.6,27.29753126
France,1997,1022.357,15032.4,104.2258509,102.9165297,54756.6,27.45312894
France,1998,1030.6474,15117.6,105.0710293,103.4998357,54756.6,27.60872662
France,1999,1038.9377,15202.8,105.9161974,104.0831416,54756.6,27.7643243
France,2000,1047.228,15288.0,106.7613656,104.6664476,54756.7,27.91987099
France,2001,1066.797,15401.1,108.7563592,105.4407657,54756.7,28.12642106
France,2002,1086.3661,15514.2,110.751363,106.2150838,54756.7,28.33297112
France,2003,1105.9351,15627.3,112.7463566,106.9894019,54786.7,28.52389357
France,2004,1125.5041,15740.4,114.7413502,107.76372,54756.7,28.74607126
France,2005,1145.0731,15853.5,116.7363438,108.5380381,54755.7,28.95315008
France,2006,1164.6422,15966.6,118.7313476,109.3123562,54755.7,29.15970392
France,2007,1184.2112,16079.7,120.7263412,110.0866743,54755.7,29.36625776
France,2008,1203.7802,16192.8,122.7213348,110.8609924,54755.7,29.5728116
France,2009,1223.3493,16305.9,124.7163386,111.6353105,54755.7,29.77936544
France,2010,1242.9183,16419.0,126.7113322,112.4096287,54755.7,29.98591927
France,2011,1261.0169,16502.4,128.5564235,112.9806112,54755.7,30.13823218
France,2012,1279.1155,16585.8,130.4015148,113.5515938,54755.7,30.29054509
France,2013,1297.214,16669.2,132.2465958,114.1225764,54755.7,30.442858
France,2014,1315.3126,16752.6,134.0916871,114.693559,54755.7,30.59517091
France,2015,1333.4112,16836.0,135.9367784,115.2645416,54755.7,30.74748382
France,2016,1351.8601,16919.4,137.8175816,115.8355242,54755.7,30.89979673
France,2017,1370.4257,17002.8,139.7102819,116.4065067,54755.7,31.05210964
France,2018,1389.1081,17086.2,141.6148897,116.9774893,54755.7,31.20442255
France,2019,1407.9072,17169.6,143.5313946,117.5484719,54755.7,31.35673546
France,2020,1425.0978,17253.0,145.2839183,118.1194545,54755.7,31.50904837
France,2021,,17336.4,,118.6904371,54755.7,31.66136128
France,2022,,17419.8,,119.2614197,54755.7,31.81367419
French Polynesia,1992,12.684,145.254,100.0,100.0,366.0,39.68688525
French Polynesia,1993,12.7158,145.666,100.2507096,100.2836411,366.0,39.79945355
French Polynesia,1994,12.7477,146.078,100.5022075,100.5672821,366.0,39.91202186
French Polynesia,1995,12.7795,146.49,100.7529171,100.8509232,366.0,40.02459016
French Polynesia,1996,12.8113,146.902,101.0036266,101.1345643,366.0,40.13715847
French Polynesia,1997,12.8432,147.314,101.2551246,101.4182054,366.0,40.24972678
French Polynesia,1998,12.875,147.726,101.5058341,101.7018464,366.0,40.36229508
French Polynesia,1999,12.9069,148.138,101.7573321,101.9854875,366.0,40.47486339
French Polynesia,2000,12.9387,148.55,102.0080416,102.2691286,347.1,42.79746471
French Polynesia,2001,12.9463,148.641,102.0679596,102.3317774,347.1,42.82368194
French Polynesia,2002,12.954,148.732,102.128666,102.3944263,347.1,42.84989916
French Polynesia,2003,12.9616,148.823,102.188584,102.4570752,347.1,42.87611639
French Polynesia,2004,12.9692,148.914,102.248502,102.5197241,347.1,42.90233362
French Polynesia,2005,12.9768,149.005,102.3084201,102.5823729,347.1,42.92855085
French Polynesia,2006,12.9845,149.096,102.3691265,102.6450218,347.1,42.95476808
French Polynesia,2007,12.9921,149.187,102.4290445,102.7076707,347.1,42.98098531
French Polynesia,2008,12.9997,149.278,102.4889625,102.7703196,347.1,43.00720254
French Polynesia,2009,13.0073,149.369,102.5488805,102.8329685,347.1,43.03341976
French Polynesia,2010,13.015,149.46,102.6095869,102.8956173,347.1,43.05963699
French Polynesia,2011,13.015,149.46,102.6095869,102.8956173,347.1,43.05963699
French Polynesia,2012,13.015,149.46,102.6095869,102.8956173,347.1,43.05963699
French Polynesia,2013,13.015,149.46,102.6095869,102.8956173,347.1,43.05963699
French Polynesia,2014,13.015,149.46,102.6095869,102.8956173,347.1,43.05963699
French Polynesia,2015,13.015,149.46,102.6095869,102.8956173,347.1,43.05963699
French Polynesia,2016,13.015,149.46,102.6095869,102.8956173,347.1,43.05963699
French Polynesia,2017,13.015,149.46,102.6095869,102.8956173,347.1,43.05963699
French Polynesia,2018,13.015,149.46,102.6095869,102.8956173,347.1,43.05963699
French Polynesia,2019,13.015,149.46,102.6095869,102.8956173,347.1,43.05963699
French Polynesia,2020,13.015,149.46,102.6095869,102.8956173,347.1,43.05963699
French Polynesia,2021,,149.46,,102.8956173,347.1,43.05963699
French Polynesia,2022,,149.46,,102.8956173,347.1,43.05963699
G20,1992,171852.0899,2834932.213,100.0,100.0,,
G20,1993,172329.3485,2836456.524,100.2777147,100.0537689,,
G20,1994,172463.4368,2833447.574,100.3557402,99.94763055,,
G20,1995,172597.5251,2830438.625,100.4337656,99.84149225,,
G20,1996,172731.6133,2827429.676,100.5117909,99.73535394,,
G20,1997,172865.7019,2824420.727,100.5898165,99.62921562,,
G20,1998,172999.7904,2821411.778,100.667842,99.52307732,,
G20,1999,173133.8786,2818402.829,100.7458674,99.416939,,
G20,2000,173334.6097,2816147.88,100.862672,99.33739745,,
G20,2001,173521.1211,2815505.79,100.9712022,99.31474824,,
G20,2002,173707.633,2814863.7,101.0797326,99.29209904,,
G20,2003,173894.1445,2814221.611,101.1882629,99.26944983,,
G20,2004,174080.6566,2813579.521,101.2967935,99.24680063,,
G20,2005,174267.1681,2812937.431,101.4053237,99.22415142,,
G20,2006,174453.6795,2812295.342,101.5138539,99.20150221,,
G20,2007,174640.1912,2811653.252,101.6223843,99.178853,,
G20,2008,174826.703,2811011.162,101.7309147,99.1562038,,
G20,2009,175013.2146,2810369.073,101.839445,99.13355459,,
G20,2010,175199.7262,2809726.983,101.9479753,99.11090538,,
G20,2011,175742.2122,2810427.743,102.2636456,99.13562414,,
G20,2012,176284.698,2811128.503,102.5793158,99.1603429,,
G20,2013,176827.184,2811829.263,102.8949861,99.18506165,,
G20,2014,177369.6697,2812530.023,103.2106562,99.20978041,,
G20,2015,177912.1561,2813230.783,103.5263267,99.23449917,,
G20,2016,178499.3508,2815147.107,103.8680128,99.30209599,,
G20,2017,178766.9955,2813868.158,104.0237542,99.25698208,,
G20,2018,179157.622,2814384.65,104.251058,99.27520092,,
G20,2019,179415.5617,2814690.11,104.4011521,99.28597578,,
G20,2020,179693.1706,2815077.36,104.5626915,99.29963572,,
G20,2021,,2815415.277,,99.31155546,,
G20,2022,,2815786.083,,99.32463537,,
G7,1992,43728.0089,819813.5767,100.0,100.0,,
G7,1993,44301.2952,825080.0246,101.3110277,100.6423958,,
G7,1994,44531.4111,825813.2124,101.8372714,100.7318293,,
G7,1995,44761.5272,826546.4003,102.3635156,100.8212628,,
G7,1996,44991.6431,827279.5882,102.8897593,100.9106963,,
G7,1997,45221.7593,828012.776,103.4160037,101.0001297,,
G7,1998,45451.8756,828745.9639,103.9422483,101.0895632,,
G7,1999,45681.9914,829479.1517,104.4684918,101.1789967,,
G7,2000,45978.7501,830966.3396,105.1471385,101.3604023,,
G7,2001,46157.3148,831937.7579,105.5554917,101.4788949,,
G7,2002,46335.8796,832909.1763,105.9638451,101.5973875,,
G7,2003,46514.4444,833880.5946,106.3721984,101.7158801,,
G7,2004,46693.0093,834852.013,106.780552,101.8343727,,
G7,2005,46871.5739,835823.4313,107.188905,101.9528653,,
G7,2006,47050.1386,836794.8496,107.5972581,102.0713579,,
G7,2007,47228.7033,837766.268,108.0056113,102.1898505,,
G7,2008,47407.2682,838737.6863,108.4139649,102.308343,,
G7,2009,47585.833,839709.1047,108.8223182,102.4268356,,
G7,2010,47764.3976,840680.523,109.2306711,102.5453282,,
G7,2011,48050.3814,841257.733,109.8846771,102.6157357,,
G7,2012,48336.3648,841834.943,110.5386822,102.6861432,,
G7,2013,48622.3484,842412.153,111.1926878,102.7565506,,
G7,2014,48908.3319,842989.363,111.8466931,102.8269581,,
G7,2015,49194.3156,843566.573,112.5006988,102.8973656,,
G7,2016,49471.1341,843739.5702,113.133745,102.9184676,,
G7,2017,49678.7296,843617.3584,113.6084877,102.9035603,,
G7,2018,49863.1342,843772.18,114.0301959,102.9224453,,
G7,2019,49938.6639,843918.27,114.202922,102.9402652,,
G7,2020,50018.053,844070.15,114.3844741,102.9587914,,
G7,2021,,844223.3634,,102.9774802,,
G7,2022,,844375.6889,,102.9960607,,
Gabon,1992,3090.0209,23749.296,100.0,100.0,25767.0,92.16942601
Gabon,1993,3089.2192,23743.134,99.97405519,99.97405397,25767.0,92.1455117
Gabon,1994,3088.4174,23736.972,99.94810715,99.94810794,25767.0,92.12159739
Gabon,1995,3087.6157,23730.81,99.92216234,99.9221619,25767.0,92.09768308
Gabon,1996,3086.814,23724.648,99.89621753,99.89621587,25767.0,92.07376877
Gabon,1997,3086.0122,23718.486,99.87026949,99.87026984,25767.0,92.04985447
Gabon,1998,3085.2105,23712.324,99.84432468,99.84432381,25767.0,92.02594016
Gabon,1999,3084.4087,23706.162,99.81837663,99.81837777,25767.0,92.00202585
Gabon,2000,3083.607,23700.0,99.79243182,99.79243174,25767.0,91.97811154
Gabon,2001,3082.9488,23694.941,99.771131,99.77113006,25767.0,91.9584779
Gabon,2002,3082.2905,23689.882,99.74982693,99.74982837,25767.0,91.93884426
Gabon,2003,3081.6323,23684.823,99.72852611,99.72852669,25767.0,91.91921062
Gabon,2004,3080.9741,23679.764,99.70722528,99.70722501,25767.0,91.89957698
Gabon,2005,3080.3159,23674.705,99.68592445,99.68592332,25767.0,91.87994334
Gabon,2006,3079.6576,23669.646,99.66462039,99.66462164,25767.0,91.8603097
Gabon,2007,3078.9994,23664.587,99.64331956,99.64331995,25767.0,91.84067606
Gabon,2008,3078.3412,23659.528,99.62201874,99.62201827,25767.0,91.82104242
Gabon,2009,3077.683,23654.469,99.60071791,99.60071659,25767.0,91.80140878
Gabon,2010,3077.0247,23649.41,99.57941385,99.5794149,25767.0,91.78177514
Gabon,2011,3075.4788,23637.528,99.52938506,99.52938394,25767.0,91.73566189
Gabon,2012,3073.9328,23625.646,99.47935304,99.47935299,25767.0,91.68954865
Gabon,2013,3072.3868,23613.764,99.42932101,99.42932203,25767.0,91.6434354
Gabon,2014,3070.8409,23601.882,99.37929222,99.37929107,25767.0,91.59732216
Gabon,2015,3069.2949,23590.0,99.3292602,99.32926012,25767.0,91.55120891
Gabon,2016,3067.7492,23578.12,99.27923788,99.27923758,25767.0,91.50510343
Gabon,2017,3066.2035,23566.24,99.22921557,99.22921505,25767.0,91.45899794
Gabon,2018,3064.6578,23554.36,99.17919325,99.17919251,25767.0,91.41289246
Gabon,2019,3063.1121,23542.48,99.12917094,99.12916998,25767.0,91.36678698
Gabon,2020,3061.5664,23530.6,99.07914862,99.07914744,25767.0,91.32068149
Gabon,2021,,23518.72,,99.02912491,25767.0,91.27457601
Gabon,2022,,23506.84,,98.97910237,25767.0,91.22847052
"Gambia, The",1992,10.1202,403.194,100.0,100.0,1012.0,39.84130435
"Gambia, The",1993,9.9763,397.461,98.57809134,98.57810384,1012.0,39.27480237
"Gambia, The",1994,9.8324,391.728,97.15618268,97.15620768,1012.0,38.7083004
"Gambia, The",1995,9.6885,385.995,95.73427403,95.73431152,1012.0,38.14179842
"Gambia, The",1996,9.5446,380.262,94.31236537,94.31241536,1012.0,37.57529644
"Gambia, The",1997,9.4007,374.529,92.89045671,92.8905192,1012.0,37.00879447
"Gambia, The",1998,9.2568,368.796,91.46854805,91.46862304,1012.0,36.44229249
"Gambia, The",1999,9.1129,363.063,90.04663939,90.04672689,1012.0,35.87579051
"Gambia, The",2000,8.969,357.33,88.62473074,88.62483073,1012.0,35.30928854
"Gambia, The",2001,8.8251,351.597,87.20282208,87.20293457,1012.0,34.74278656
"Gambia, The",2002,8.6812,345.864,85.78091342,85.78103841,1012.0,34.17628458
"Gambia, The",2003,8.5373,340.131,84.35900476,84.35914225,1012.0,33.60978261
"Gambia, The",2004,8.3934,334.398,82.9370961,82.93724609,1012.0,33.04328063
"Gambia, The",2005,8.2495,328.665,81.51518745,81.51534993,1012.0,32.47677866
"Gambia, The",2006,8.1056,322.932,80.09327879,80.09345377,1012.0,31.91027668
"Gambia, The",2007,7.9617,317.199,78.67137013,78.67155761,1012.0,31.3437747
"Gambia, The",2008,7.8178,311.466,77.24946147,77.24966145,1012.0,30.77727273
"Gambia, The",2009,7.6739,305.733,75.82755282,75.82776529,1012.0,30.21077075
"Gambia, The",2010,7.53,300.0,74.40564416,74.40586913,1012.0,29.64426877
"Gambia, The",2011,7.3861,294.268,72.9837355,72.984221,1012.0,29.07786561
"Gambia, The",2012,7.2423,288.536,71.56281496,71.56257286,1012.0,28.51146245
"Gambia, The",2013,7.0984,282.804,70.14090631,70.14092472,1012.0,27.94505929
"Gambia, The",2014,6.9545,277.072,68.71899765,68.71927658,1012.0,27.37865613
"Gambia, The",2015,6.8106,271.34,67.29708899,67.29762844,1012.0,26.81225296
"Gambia, The",2016,6.6666,265.6,65.87419221,65.87399614,1012.0,26.24505929
"Gambia, The",2017,6.5227,259.87,64.45228355,64.45284404,1012.0,25.67885375
"Gambia, The",2018,6.3789,254.14,63.03136302,63.03169194,1012.0,25.11264822
"Gambia, The",2019,6.2348,248.4,61.60747811,61.60805964,1012.0,24.54545455
"Gambia, The",2020,6.091,242.67,60.18655758,60.18690754,1012.0,23.97924901
"Gambia, The",2021,,236.9333,,58.76409371,1012.0,23.41238142
"Gambia, The",2022,,231.2011,,57.34239597,1012.0,22.8459585
Georgia,1992,162.8544,2753.96,100.0,100.0,6949.0,39.63102605
Georgia,1993,167.8364,2754.79,103.0591743,100.0301384,6949.0,39.64297021
Georgia,1994,172.8185,2755.62,106.1184101,100.0602768,6949.0,39.65491438
Georgia,1995,177.8006,2756.45,109.1776458,100.0904153,6949.0,39.66685854
Georgia,1996,182.7826,2757.28,112.2368201,100.1205537,6949.0,39.67880271
Georgia,1997,187.7647,2758.11,115.2960559,100.1506921,6949.0,39.69074687
Georgia,1998,192.7467,2758.94,118.3552302,100.1808305,6949.0,39.70269103
Georgia,1999,197.7288,2759.77,121.4144659,100.2109689,6949.0,39.7146352
Georgia,2000,202.7109,2760.6,124.4737017,100.2411074,6949.0,39.72657936
Georgia,2001,203.6699,2766.78,125.0625712,100.4655115,6949.0,39.81551302
Georgia,2002,204.6289,2772.96,125.6514408,100.6899156,6949.0,39.90444668
Georgia,2003,205.5879,2779.14,126.2403104,100.9143197,6949.0,39.99338034
Georgia,2004,206.5469,2785.32,126.8291799,101.1387239,6949.0,40.082314
Georgia,2005,207.5059,2791.5,127.4180495,101.363128,6949.0,40.17124766
Georgia,2006,208.4649,2797.68,128.0069191,101.5875321,6949.0,40.26018132
Georgia,2007,209.4239,2803.86,128.5957886,101.8119363,6949.0,40.34911498
Georgia,2008,210.3829,2810.04,129.1846582,102.0363404,6949.0,40.43804864
Georgia,2009,211.3419,2816.22,129.7735278,102.2607445,6949.0,40.5269823
Georgia,2010,212.3009,2822.4,130.3623973,102.4851487,6949.0,40.61591596
Georgia,2011,212.3009,2822.4,130.3623973,102.4851487,6949.0,40.61591596
Georgia,2012,212.3009,2822.4,130.3623973,102.4851487,6949.0,40.61591596
Georgia,2013,212.3009,2822.4,130.3623973,102.4851487,6949.0,40.61591596
Georgia,2014,212.3009,2822.4,130.3623973,102.4851487,6949.0,40.61591596
Georgia,2015,212.3009,2822.4,130.3623973,102.4851487,6949.0,40.61591596
Georgia,2016,212.3009,2822.4,130.3623973,102.4851487,6949.0,40.61591596
Georgia,2017,212.3009,2822.4,130.3623973,102.4851487,6949.0,40.61591596
Georgia,2018,212.3009,2822.4,130.3623973,102.4851487,6949.0,40.61591596
Georgia,2019,212.3009,2822.4,130.3623973,102.4851487,6949.0,40.61591596
Georgia,2020,212.3009,2822.4,130.3623973,102.4851487,6949.0,40.61591596
Georgia,2021,,2822.4,,102.4851487,6949.0,40.61591596
Georgia,2022,,2822.4,,102.4851487,6949.0,40.61591596
Germany,1992,904.8522,11310.8,100.0,100.0,34913.0,32.39710137
Germany,1993,921.5503,11316.2,101.8453953,100.047742,34912.0,32.41349679
Germany,1994,938.2483,11321.6,103.6907796,100.095484,34911.0,32.42989316
Germany,1995,954.9464,11327.0,105.5361749,100.1432259,34910.0,32.44629046
Germany,1996,971.6445,11332.4,107.3815702,100.1909679,34909.0,32.4626887
Germany,1997,988.3426,11337.8,109.2269655,100.2387099,34905.0,32.48187939
Germany,1998,1005.0407,11343.2,111.0723608,100.2864519,34902.0,32.50014326
Germany,1999,1021.7388,11348.6,112.9177561,100.3341939,34898.0,32.51934208
Germany,2000,1038.4368,11354.0,114.7631403,100.3819358,34895.0,32.53761284
Germany,2001,1046.1275,11359.5,115.6130802,100.4305619,34890.0,32.55803955
Germany,2002,1053.8182,11365.0,116.4630201,100.479188,34886.0,32.57753827
Germany,2003,1061.5089,11370.5,117.3129601,100.5278141,34881.0,32.59797598
Germany,2004,1069.1996,11376.0,118.1629,100.5764402,34877.0,32.6174843
Germany,2005,1076.8903,11381.5,119.0128399,100.6250663,34876.0,32.6341897
Germany,2006,1084.581,11387.0,119.8627798,100.6736924,34872.0,32.65370498
Germany,2007,1092.2717,11392.5,120.7127197,100.7223185,34867.0,32.67416181
Germany,2008,1099.9624,11398.0,121.5626596,100.7709446,34863.0,32.69368672
Germany,2009,1107.6531,11403.5,122.4125995,100.8195707,34861.0,32.71133932
Germany,2010,1115.3438,11409.0,123.2625395,100.8681968,34857.0,32.73087185
Germany,2011,1125.9992,11411.0,124.440124,100.885879,34856.0,32.73754877
Germany,2012,1136.6545,11413.0,125.6176976,100.9035612,34854.0,32.74516555
Germany,2013,1147.3098,11415.0,126.7952711,100.9212434,34888.0,32.71898647
Germany,2014,1157.9651,11417.0,127.9728446,100.9389256,34890.0,32.72284322
Germany,2015,1168.6205,11419.0,129.1504292,100.9566078,34886.0,32.73232815
Germany,2016,1179.3543,11419.0,130.3366782,100.9566078,34936.0,32.68548202
Germany,2017,1189.974,11419.0,131.5103174,100.9566078,34937.0,32.68454647
Germany,2018,1200.5937,11419.0,132.6839566,100.9566078,34938.0,32.68361097
Germany,2019,1211.3275,11419.0,133.8702055,100.9566078,34939.0,32.68267552
Germany,2020,1221.9472,11419.0,135.0438447,100.9566078,34939.0,32.68267552
Germany,2021,,11419.0,,100.9566078,34939.0,32.68267552
Germany,2022,,11419.0,,100.9566078,34936.0,32.68548202
Ghana,1992,588.3392,9709.13,100.0,100.0,22754.0,42.66999209
Ghana,1993,585.6741,9601.565,99.54701302,98.89212525,22754.0,42.19726202
Ghana,1994,583.0091,9494.0,99.09404303,97.78425049,22754.0,41.72453195
Ghana,1995,580.3441,9386.435,98.64107304,96.67637574,22754.0,41.25180188
Ghana,1996,577.6791,9278.87,98.18810305,95.56850099,22754.0,40.77907181
Ghana,1997,575.014,9171.305,97.73511607,94.46062624,22754.0,40.30634174
Ghana,1998,572.349,9063.74,97.28214608,93.35275148,22754.0,39.83361167
Ghana,1999,569.684,8956.175,96.82917609,92.24487673,22754.0,39.3608816
Ghana,2000,567.0189,8848.61,96.37618911,91.13700198,22754.0,38.88815153
Ghana,2001,554.5433,8758.042,94.25571167,90.20418925,22754.0,38.49012042
Ghana,2002,542.0676,8667.474,92.13521724,89.27137653,22754.0,38.0920893
Ghana,2003,529.592,8576.906,90.0147398,88.33856381,22754.0,37.69405819
Ghana,2004,517.1163,8486.338,87.89424536,87.40575108,22754.0,37.29602707
Ghana,2005,504.6406,8395.77,85.77375092,86.47293836,22754.0,36.89799596
Ghana,2006,492.165,8305.202,83.65327349,85.54012563,22754.0,36.49996484
Ghana,2007,479.6893,8214.634,81.53277905,84.60731291,22754.0,36.10193373
Ghana,2008,467.2137,8124.066,79.41230161,83.67450019,22754.0,35.70390261
Ghana,2009,454.738,8033.498,77.29180718,82.74168746,22754.0,35.3058715
Ghana,2010,442.2623,7942.93,75.17131274,81.80887474,22754.0,34.90784038
Ghana,2011,434.2692,7930.432,73.81272572,81.68015054,22754.0,34.85291377
Ghana,2012,426.276,7917.934,72.4541217,81.55142634,22754.0,34.79798717
Ghana,2013,418.2828,7905.436,71.09551769,81.42270214,22754.0,34.74306056
Ghana,2014,410.2896,7892.938,69.73691367,81.29397794,22754.0,34.68813395
Ghana,2015,402.2965,7880.44,68.37832665,81.16525374,22754.0,34.63320735
Ghana,2016,417.9774,7922.24,71.04360886,81.59577635,22754.0,34.81691131
Ghana,2017,433.642,7964.04,73.70612055,82.02629896,22754.0,35.00061528
Ghana,2018,434.5134,7971.26,73.85423239,82.10066195,22754.0,35.03234596
Ghana,2019,435.5452,7978.48,74.02960741,82.17502495,22753.3,35.06515538
Ghana,2020,436.4191,7985.71,74.17814417,82.24949094,22753.0,35.09739375
Ghana,2021,,7992.9333,,82.32388793,22753.3,35.12867716
Ghana,2022,,8000.1611,,82.39833126,22753.3,35.1604431
Greece,1992,72.3288,3358.8867,100.0,100.0,12890.0,26.05808146
Greece,1993,72.9678,3389.0546,100.8834655,100.8981518,12890.0,26.29212258
Greece,1994,73.6068,3419.2224,101.766931,101.7963005,12890.0,26.52616292
Greece,1995,74.2459,3449.3903,102.6505348,102.6944523,12890.0,26.76020403
Greece,1996,74.8849,3479.5582,103.5340003,103.5926041,12890.0,26.99424515
Greece,1997,75.5239,3509.726,104.4174658,104.4907528,12890.0,27.22828549
Greece,1998,76.1629,3539.8939,105.3009313,105.3889046,12890.0,27.46232661
Greece,1999,76.8019,3570.0617,106.1843968,106.2870534,12890.0,27.69636695
Greece,2000,77.4409,3600.2296,107.0678623,107.1852051,12890.0,27.93040807
Greece,2001,78.1208,3630.3869,108.0078751,108.0830413,12890.0,28.16436695
Greece,2002,78.8007,3660.5443,108.947888,108.9808805,12890.0,28.39832661
Greece,2003,79.4806,3690.7016,109.8879008,109.8787167,12890.0,28.63228549
Greece,2004,80.1605,3720.859,110.8279136,110.7765558,12890.0,28.86624515
Greece,2005,80.8404,3751.0163,111.7679265,111.674392,12890.0,29.10020403
Greece,2006,81.5203,3781.1736,112.7079393,112.5722282,12890.0,29.33416292
Greece,2007,82.2002,3811.331,113.6479521,113.4700673,12890.0,29.56812258
Greece,2008,82.8801,3841.4883,114.587965,114.3679035,12890.0,29.80208146
Greece,2009,83.56,3871.6457,115.5279778,115.2657427,12890.0,30.03604112
Greece,2010,84.2399,3901.803,116.4679906,116.1635788,12890.0,30.27
Greece,2011,84.2399,3901.803,116.4679906,116.1635788,12890.0,30.27
Greece,2012,84.2399,3901.803,116.4679906,116.1635788,12890.0,30.27
Greece,2013,84.2399,3901.803,116.4679906,116.1635788,12890.0,30.27
Greece,2014,84.2399,3901.803,116.4679906,116.1635788,12890.0,30.27
Greece,2015,84.2399,3901.803,116.4679906,116.1635788,12890.0,30.27
Greece,2016,84.2399,3901.8,116.4679906,116.1634895,12890.0,30.26997673
Greece,2017,84.2399,3901.8,116.4679906,116.1634895,12890.0,30.26997673
Greece,2018,84.2399,3901.8,116.4679906,116.1634895,12890.0,30.26997673
Greece,2019,84.2399,3901.8,116.4679906,116.1634895,12890.0,30.26997673
Greece,2020,84.2399,3901.8,116.4679906,116.1634895,12890.0,30.26997673
Greece,2021,,3901.8,,116.1634895,12890.0,30.26997673
Greece,2022,,3901.8,,116.1634895,12890.0,30.26997673
Greenland,1992,,0.22,,100.0,34170.0,0.00064384
Greenland,1993,,0.22,,100.0,34170.0,0.00064384
Greenland,1994,,0.22,,100.0,34170.0,0.00064384
Greenland,1995,,0.22,,100.0,34170.0,0.00064384
Greenland,1996,,0.22,,100.0,34170.0,0.00064384
Greenland,1997,,0.22,,100.0,41045.0,0.000535997
Greenland,1998,,0.22,,100.0,41045.0,0.000535997
Greenland,1999,,0.22,,100.0,41045.0,0.000535997
Greenland,2000,,0.22,,100.0,41045.0,0.000535997
Greenland,2001,,0.22,,100.0,41045.0,0.000535997
Greenland,2002,,0.22,,100.0,41045.0,0.000535997
Greenland,2003,,0.22,,100.0,41045.0,0.000535997
Greenland,2004,,0.22,,100.0,41045.0,0.000535997
Greenland,2005,,0.22,,100.0,41045.0,0.000535997
Greenland,2006,,0.22,,100.0,41045.0,0.000535997
Greenland,2007,,0.22,,100.0,41045.0,0.000535997
Greenland,2008,,0.22,,100.0,41045.0,0.000535997
Greenland,2009,,0.22,,100.0,41045.0,0.000535997
Greenland,2010,,0.22,,100.0,41045.0,0.000535997
Greenland,2011,,0.22,,100.0,41045.0,0.000535997
Greenland,2012,,0.22,,100.0,41045.0,0.000535997
Greenland,2013,,0.22,,100.0,41045.0,0.000535997
Greenland,2014,,0.22,,100.0,41045.0,0.000535997
Greenland,2015,,0.22,,100.0,41045.0,0.000535997
Greenland,2016,,0.22,,100.0,41045.0,0.000535997
Greenland,2017,,0.22,,100.0,41045.0,0.000535997
Greenland,2018,,0.22,,100.0,41045.0,0.000535997
Greenland,2019,,0.22,,100.0,41045.0,0.000535997
Greenland,2020,,0.22,,100.0,41045.0,0.000535997
Greenland,2021,,0.22,,100.0,41045.0,0.000535997
Greenland,2022,,0.22,,100.0,41045.0,0.000535997
Grenada,1992,1.154,17.7,100.0,100.0,34.0,52.05882353
Grenada,1993,1.154,17.7,100.0,100.0,34.0,52.05882353
Grenada,1994,1.154,17.7,100.0,100.0,34.0,52.05882353
Grenada,1995,1.154,17.7,100.0,100.0,34.0,52.05882353
Grenada,1996,1.154,17.7,100.0,100.0,34.0,52.05882353
Grenada,1997,1.154,17.7,100.0,100.0,34.0,52.05882353
Grenada,1998,1.154,17.7,100.0,100.0,34.0,52.05882353
Grenada,1999,1.154,17.7,100.0,100.0,34.0,52.05882353
Grenada,2000,1.154,17.7,100.0,100.0,34.0,52.05882353
Grenada,2001,1.154,17.7,100.0,100.0,34.0,52.05882353
Grenada,2002,1.154,17.7,100.0,100.0,34.0,52.05882353
Grenada,2003,1.154,17.7,100.0,100.0,34.0,52.05882353
Grenada,2004,1.154,17.7,100.0,100.0,34.0,52.05882353
Grenada,2005,1.154,17.7,100.0,100.0,34.0,52.05882353
Grenada,2006,1.154,17.7,100.0,100.0,34.0,52.05882353
Grenada,2007,1.154,17.7,100.0,100.0,34.0,52.05882353
Grenada,2008,1.154,17.7,100.0,100.0,34.0,52.05882353
Grenada,2009,1.154,17.7,100.0,100.0,34.0,52.05882353
Grenada,2010,1.154,17.7,100.0,100.0,34.0,52.05882353
Grenada,2011,1.154,17.7,100.0,100.0,34.0,52.05882353
Grenada,2012,1.154,17.7,100.0,100.0,34.0,52.05882353
Grenada,2013,1.154,17.7,100.0,100.0,34.0,52.05882353
Grenada,2014,1.154,17.7,100.0,100.0,34.0,52.05882353
Grenada,2015,1.154,17.7,100.0,100.0,34.0,52.05882353
Grenada,2016,1.154,17.7,100.0,100.0,34.0,52.05882353
Grenada,2017,1.154,17.7,100.0,100.0,34.0,52.05882353
Grenada,2018,1.154,17.7,100.0,100.0,34.0,52.05882353
Grenada,2019,1.154,17.7,100.0,100.0,34.0,52.05882353
Grenada,2020,1.154,17.7,100.0,100.0,34.0,52.05882353
Grenada,2021,,17.7,,100.0,34.0,52.05882353
Grenada,2022,,17.7,,100.0,34.0,52.05882353
Guadeloupe,1992,14.8496,74.4,100.0,100.0,169.0,44.02366864
Guadeloupe,1993,14.8314,74.31,99.87743778,99.87903226,169.0,43.9704142
Guadeloupe,1994,14.8132,74.22,99.75487555,99.75806452,169.0,43.91715976
Guadeloupe,1995,14.795,74.13,99.63231333,99.63709677,169.0,43.86390533
Guadeloupe,1996,14.7769,74.04,99.51042452,99.51612903,169.0,43.81065089
Guadeloupe,1997,14.7587,73.95,99.3878623,99.39516129,169.0,43.75739645
Guadeloupe,1998,14.7405,73.86,99.26530008,99.27419355,169.0,43.70414201
Guadeloupe,1999,14.7223,73.77,99.14273785,99.15322581,169.0,43.65088757
Guadeloupe,2000,14.7041,73.68,99.02017563,99.03225806,169.0,43.59763314
Guadeloupe,2001,14.6896,73.608,98.9225299,98.93548387,169.0,43.55502959
Guadeloupe,2002,14.6751,73.536,98.82488417,98.83870968,169.0,43.51242604
Guadeloupe,2003,14.6605,73.464,98.72656503,98.74193548,169.0,43.46982249
Guadeloupe,2004,14.646,73.392,98.6289193,98.64516129,169.0,43.42721893
Guadeloupe,2005,14.6314,73.32,98.53060015,98.5483871,169.0,43.38461538
Guadeloupe,2006,14.6169,73.248,98.43295442,98.4516129,169.0,43.34201183
Guadeloupe,2007,14.6023,73.176,98.33463528,98.35483871,169.0,43.29940828
Guadeloupe,2008,14.5878,73.104,98.23698955,98.25806452,169.0,43.25680473
Guadeloupe,2009,14.5733,73.032,98.13934382,98.16129032,169.0,43.21420118
Guadeloupe,2010,14.5587,72.96,98.04102467,98.06451613,169.0,43.17159763
Guadeloupe,2011,14.4802,71.684,97.51239091,96.34946237,162.0,44.24938272
Guadeloupe,2012,14.5072,71.818,97.69421399,96.52956989,162.0,44.33209877
Guadeloupe,2013,14.5343,71.952,97.87671048,96.70967742,162.0,44.41481481
Guadeloupe,2014,14.5614,72.086,98.05920698,96.88978495,162.0,44.49753086
Guadeloupe,2015,14.5884,72.22,98.24103006,97.06989247,162.0,44.58024691
Guadeloupe,2016,14.5763,72.16,98.15954639,96.98924731,162.0,44.54320988
Guadeloupe,2017,14.5641,72.0996,98.07738929,96.90806452,162.0,44.50592593
Guadeloupe,2018,14.5521,72.04,97.99657903,96.82795699,162.0,44.4691358
Guadeloupe,2019,14.54,71.98,97.91509536,96.74731183,162.0,44.43209877
Guadeloupe,2020,14.5278,71.92,97.83293826,96.66666667,162.0,44.39506173
Guadeloupe,2021,,71.86,,96.58602151,162.0,44.35802469
Guadeloupe,2022,,71.8,,96.50537634,162.0,44.32098765
Guam,1992,1.8,24.0,100.0,100.0,54.0,44.44444444
Guam,1993,1.8,24.0,100.0,100.0,54.0,44.44444444
Guam,1994,1.8,24.0,100.0,100.0,54.0,44.44444444
Guam,1995,1.8,24.0,100.0,100.0,54.0,44.44444444
Guam,1996,1.8,24.0,100.0,100.0,54.0,44.44444444
Guam,1997,1.8,24.0,100.0,100.0,54.0,44.44444444
Guam,1998,1.8,24.0,100.0,100.0,54.0,44.44444444
Guam,1999,1.8,24.0,100.0,100.0,54.0,44.44444444
Guam,2000,1.8,24.0,100.0,100.0,54.0,44.44444444
Guam,2001,1.8,24.0,100.0,100.0,54.0,44.44444444
Guam,2002,1.8,24.0,100.0,100.0,54.0,44.44444444
Guam,2003,1.8,24.0,100.0,100.0,54.0,44.44444444
Guam,2004,1.8,24.0,100.0,100.0,54.0,44.44444444
Guam,2005,1.8,24.0,100.0,100.0,54.0,44.44444444
Guam,2006,1.8,24.0,100.0,100.0,54.0,44.44444444
Guam,2007,1.8,24.0,100.0,100.0,54.0,44.44444444
Guam,2008,1.8,24.0,100.0,100.0,54.0,44.44444444
Guam,2009,1.8,24.0,100.0,100.0,54.0,44.44444444
Guam,2010,1.8,24.0,100.0,100.0,54.0,44.44444444
Guam,2011,1.8,24.2,100.0,100.8333333,54.0,44.81481481
Guam,2012,1.8,24.4,100.0,101.6666667,54.0,45.18518519
Guam,2013,1.8,24.6,100.0,102.5,54.0,45.55555556
Guam,2014,1.8,24.8,100.0,103.3333333,54.0,45.92592593
Guam,2015,1.8,25.0,100.0,104.1666667,54.0,46.2962963
Guam,2016,2.016,28.0,112.0,116.6666667,54.0,51.85185185
Guam,2017,2.016,28.0,112.0,116.6666667,54.0,51.85185185
Guam,2018,2.016,28.0,112.0,116.6666667,54.0,51.85185185
Guam,2019,2.016,28.0,112.0,116.6666667,54.0,51.85185185
Guam,2020,2.016,28.0,112.0,116.6666667,54.0,51.85185185
Guam,2021,,28.0,,116.6666667,54.0,51.85185185
Guam,2022,,28.0,,116.6666667,54.0,51.85185185
Guatemala,1992,358.7836,4666.8,100.0,100.0,10716.0,43.54983203
Guatemala,1993,354.386,4609.6,98.77430295,98.77432073,10716.0,43.01605077
Guatemala,1994,349.9885,4552.4,97.54863377,97.54864147,10716.0,42.4822695
Guatemala,1995,345.591,4495.2,96.32296459,96.3229622,10716.0,41.94848824
Guatemala,1996,341.1934,4438.0,95.09726755,95.09728293,10716.0,41.41470698
Guatemala,1997,336.7959,4380.8,93.87159837,93.87160367,10716.0,40.88092572
Guatemala,1998,332.3984,4323.6,92.64592919,92.6459244,10716.0,40.34714446
Guatemala,1999,328.0008,4266.4,91.42023214,91.42024514,10716.0,39.8133632
Guatemala,2000,323.6033,4209.2,90.19456296,90.19456587,10716.0,39.27958193
Guatemala,2001,319.8623,4160.54,89.15187316,89.15188137,10716.0,38.82549459
Guatemala,2002,316.1213,4111.88,88.10918336,88.10919688,10716.0,38.37140724
Guatemala,2003,312.3804,4063.22,87.06652144,87.06651239,10716.0,37.9173199
Guatemala,2004,308.6394,4014.56,86.02383164,86.02382789,10716.0,37.46323255
Guatemala,2005,304.8984,3965.9,84.98114184,84.9811434,10716.0,37.0091452
Guatemala,2006,301.1574,3917.24,83.93845204,83.9384589,10716.0,36.55505786
Guatemala,2007,297.4164,3868.58,82.89576224,82.89577441,10716.0,36.10097051
Guatemala,2008,293.6754,3819.92,81.85307244,81.85308991,10716.0,35.64688317
Guatemala,2009,289.9345,3771.26,80.81041051,80.81040542,10716.0,35.19279582
Guatemala,2010,286.1935,3722.6,79.76772071,79.76772092,10716.0,34.73870847
Guatemala,2011,284.0901,3695.24,79.18146203,79.18145196,10716.0,34.48338932
Guatemala,2012,281.9866,3667.88,78.59517548,78.59518299,10716.0,34.22807018
Guatemala,2013,279.8832,3640.52,78.0089168,78.00891403,10716.0,33.97275103
Guatemala,2014,277.7797,3613.16,77.42263024,77.42264507,10716.0,33.71743188
Guatemala,2015,275.6763,3585.8,76.83637156,76.8363761,10716.0,33.46211273
Guatemala,2016,274.7845,3574.2,76.58780948,76.58781178,10716.0,33.35386338
Guatemala,2017,273.8927,3562.6,76.33924739,76.33924745,10716.0,33.24561404
Guatemala,2018,273.0009,3551.0,76.0906853,76.09068312,10716.0,33.13736469
Guatemala,2019,272.1091,3539.4,75.84212322,75.8421188,10716.0,33.02911534
Guatemala,2020,271.2173,3527.8,75.59356113,75.59355447,10716.0,32.92086599
Guatemala,2021,,3516.2,,75.34499014,10716.0,32.81261665
Guatemala,2022,,3504.6,,75.09642582,10716.0,32.7043673
"Guiana, French",1992,1726.6552,8115.888,100.0,100.0,8302.0,97.75822693
"Guiana, French",1993,1725.6859,8111.332,99.94386256,99.9438632,8301.0,97.71511866
"Guiana, French",1994,1724.7166,8106.776,99.88772512,99.8877264,8272.0,98.00261122
"Guiana, French",1995,1723.7473,8102.22,99.83158768,99.83158959,8271.0,97.95937613
"Guiana, French",1996,1722.778,8097.664,99.77545025,99.77545279,8271.0,97.9042921
"Guiana, French",1997,1721.8087,8093.108,99.71931281,99.71931599,8271.0,97.84920808
"Guiana, French",1998,1720.8394,8088.552,99.66317537,99.66317919,8271.0,97.79412405
"Guiana, French",1999,1719.8701,8083.996,99.60703793,99.60704238,8271.0,97.73904002
"Guiana, French",2000,1718.9009,8079.44,99.55090628,99.55090558,8271.0,97.68395599
"Guiana, French",2001,1717.9873,8075.146,99.49799474,99.49799702,8271.0,97.63203966
"Guiana, French",2002,1717.0738,8070.852,99.44508898,99.44508845,8272.0,97.56832689
"Guiana, French",2003,1716.1602,8066.558,99.39217743,99.39217988,8273.0,97.50462952
"Guiana, French",2004,1715.2467,8062.264,99.33927167,99.33927132,8274.0,97.44094755
"Guiana, French",2005,1714.3331,8057.97,99.28636013,99.28636275,8274.0,97.38905004
"Guiana, French",2006,1713.4196,8053.676,99.23345437,99.23345418,8274.0,97.33715253
"Guiana, French",2007,1712.506,8049.382,99.18054282,99.18054562,8275.0,97.27349849
"Guiana, French",2008,1711.5925,8045.088,99.12763706,99.12763705,8277.0,97.19811526
"Guiana, French",2009,1710.6789,8040.794,99.07472552,99.07472848,8277.0,97.14623656
"Guiana, French",2010,1709.7654,8036.5,99.02181976,99.02181992,8277.0,97.09435786
"Guiana, French",2011,1709.0633,8033.2,98.98115733,98.98115893,8277.0,97.05448834
"Guiana, French",2012,1708.3612,8029.9,98.94049489,98.94049795,8279.0,96.99118251
"Guiana, French",2013,1707.6591,8026.6,98.89983246,98.89983696,8279.0,96.95132262
"Guiana, French",2014,1706.9571,8023.3,98.85917582,98.85917598,8279.0,96.91146274
"Guiana, French",2015,1706.255,8020.0,98.81851339,98.81851499,8281.0,96.84820674
"Guiana, French",2016,1705.5253,8016.57,98.77625249,98.77625221,8281.0,96.80678662
"Guiana, French",2017,1704.7955,8013.14,98.7339858,98.73398943,8281.0,96.7653665
"Guiana, French",2018,1704.0658,8009.71,98.6917249,98.69172665,8281.0,96.72394638
"Guiana, French",2019,1703.3361,8006.28,98.649464,98.64946387,8281.0,96.68252626
"Guiana, French",2020,1702.6063,8002.85,98.60719731,98.60720109,8281.0,96.64110615
"Guiana, French",2021,,7999.42,,98.5649383,8281.0,96.59968603
"Guiana, French",2022,,7995.99,,98.52267552,8281.0,96.55826591
Guinea,1992,551.4934,7206.6,100.0,100.0,24572.0,29.32850399
Guinea,1993,548.8239,7171.9,99.51595069,99.51849693,24572.0,29.18728634
Guinea,1994,546.1545,7137.2,99.03191951,99.03699387,24572.0,29.0460687
Guinea,1995,543.485,7102.5,98.5478702,98.5554908,24572.0,28.90485105
Guinea,1996,540.8156,7067.8,98.06383902,98.07398773,24572.0,28.7636334
Guinea,1997,538.1461,7033.1,97.57978971,97.59248467,24572.0,28.62241576
Guinea,1998,535.4767,6998.4,97.09575853,97.1109816,24572.0,28.48119811
Guinea,1999,532.8072,6963.7,96.61170922,96.62947853,24572.0,28.33998047
Guinea,2000,530.1378,6929.0,96.12767805,96.14797547,24572.0,28.19876282
Guinea,2001,527.3703,6893.0,95.6258588,95.64843338,24572.0,28.0522546
Guinea,2002,524.6028,6857.0,95.12403956,95.14889129,24572.0,27.90574638
Guinea,2003,521.8353,6821.0,94.62222032,94.64934921,24572.0,27.75923816
Guinea,2004,519.0678,6785.0,94.12040108,94.14980712,24572.0,27.61272994
Guinea,2005,516.3003,6749.0,93.61858184,93.65026503,24572.0,27.46622172
Guinea,2006,513.5328,6713.0,93.11676259,93.15072295,24572.0,27.3197135
Guinea,2007,510.7653,6677.0,92.61494335,92.65118086,24572.0,27.17320527
Guinea,2008,507.9978,6641.0,92.11312411,92.15163878,24572.0,27.02669705
Guinea,2009,505.2303,6605.0,91.61130487,91.65209669,24572.0,26.88018883
Guinea,2010,502.4628,6569.0,91.10948563,91.1525546,24572.0,26.73368061
Guinea,2011,499.6836,6533.0,90.60554487,90.65301252,24572.0,26.58717239
Guinea,2012,496.9044,6497.0,90.10160412,90.15347043,24572.0,26.44066417
Guinea,2013,494.1252,6461.0,89.59766336,89.65392834,24572.0,26.29415595
Guinea,2014,491.346,6425.0,89.09372261,89.15438626,24572.0,26.14764773
Guinea,2015,488.5668,6389.0,88.58978185,88.65484417,24572.0,26.00113951
Guinea,2016,485.508,6349.0,88.0351424,88.09979741,24572.0,25.8383526
Guinea,2017,482.4492,6309.0,87.48050294,87.54475065,24572.0,25.67556568
Guinea,2018,479.3277,6269.0,86.91449435,86.98970388,24572.0,25.51277877
Guinea,2019,476.2693,6229.0,86.35992743,86.43465712,24572.0,25.34999186
Guinea,2020,473.2109,6189.0,85.8053605,85.87961036,24572.0,25.18720495
Guinea,2021,,6149.0,,85.32456359,24572.0,25.02441804
Guinea,2022,,6109.0,,84.76951683,24572.0,24.86163112
Guinea-Bissau,1992,106.3891,2216.44,100.0,100.0,2812.0,78.82076814
Guinea-Bissau,1993,105.9838,2207.995,99.61903992,99.6189836,2812.0,78.52044808
Guinea-Bissau,1994,105.5784,2199.55,99.23798585,99.23796719,2812.0,78.22012802
Guinea-Bissau,1995,105.173,2191.105,98.85693177,98.85695079,2812.0,77.91980797
Guinea-Bissau,1996,104.7677,2182.66,98.47597169,98.47593438,2812.0,77.61948791
Guinea-Bissau,1997,104.3623,2174.215,98.09491762,98.09491798,2812.0,77.31916785
Guinea-Bissau,1998,103.957,2165.77,97.71395754,97.71390157,2812.0,77.0188478
Guinea-Bissau,1999,103.5516,2157.325,97.33290346,97.33288517,2812.0,76.71852774
Guinea-Bissau,2000,103.1462,2148.88,96.95184939,96.95186876,2812.0,76.41820768
Guinea-Bissau,2001,102.7409,2140.435,96.57088931,96.57085236,2812.0,76.11788762
Guinea-Bissau,2002,102.3355,2131.99,96.18983524,96.18983595,2812.0,75.81756757
Guinea-Bissau,2003,101.9302,2123.545,95.80887516,95.80881955,2812.0,75.51724751
Guinea-Bissau,2004,101.5248,2115.1,95.42782108,95.42780314,2812.0,75.21692745
Guinea-Bissau,2005,101.1194,2106.655,95.04676701,95.04678674,2812.0,74.9166074
Guinea-Bissau,2006,100.7141,2098.21,94.66580693,94.66577033,2812.0,74.61628734
Guinea-Bissau,2007,100.3087,2089.765,94.28475286,94.28475393,2812.0,74.31596728
Guinea-Bissau,2008,99.9034,2081.32,93.90379278,93.90373753,2812.0,74.01564723
Guinea-Bissau,2009,99.498,2072.875,93.5227387,93.52272112,2812.0,73.71532717
Guinea-Bissau,2010,99.0926,2064.43,93.14168463,93.14170472,2812.0,73.41500711
Guinea-Bissau,2011,98.6873,2055.986,92.76072455,92.76073343,2812.0,73.11472262
Guinea-Bissau,2012,98.282,2047.542,92.37976447,92.37976214,2812.0,72.81443812
Guinea-Bissau,2013,97.8767,2039.098,91.99880439,91.99879085,2812.0,72.51415363
Guinea-Bissau,2014,97.4714,2030.654,91.61784431,91.61781957,2812.0,72.21386913
Guinea-Bissau,2015,97.0661,2022.21,91.23688423,91.23684828,2812.0,71.91358464
Guinea-Bissau,2016,96.661,2013.77,90.85611214,90.85605746,2812.0,71.61344239
Guinea-Bissau,2017,96.2558,2005.33,90.47524605,90.47526664,2812.0,71.31330014
Guinea-Bissau,2018,95.8507,1996.89,90.09447396,90.09447583,2812.0,71.01315789
Guinea-Bissau,2019,95.4456,1988.45,89.71370187,89.71368501,2812.0,70.71301565
Guinea-Bissau,2020,95.0405,1980.01,89.33292978,89.33289419,2812.0,70.4128734
Guinea-Bissau,2021,,1971.57,,88.95210337,2812.0,70.11273115
Guinea-Bissau,2022,,1963.13,,88.57131256,2812.0,69.8125889
Guyana,1992,5368.9944,18594.564,100.0,100.0,19685.0,94.46057404
Guyana,1993,5367.8992,18590.771,99.97960139,99.97960157,19685.0,94.44130556
Guyana,1994,5366.804,18586.978,99.95920279,99.95920313,19685.0,94.42203708
Guyana,1995,5365.7088,18583.185,99.93880418,99.9388047,19685.0,94.40276861
Guyana,1996,5364.6136,18579.392,99.91840558,99.91840626,19685.0,94.38350013
Guyana,1997,5363.5185,18575.599,99.89800883,99.89800783,19685.0,94.36423165
Guyana,1998,5362.4233,18571.806,99.87761023,99.87760939,19685.0,94.34496317
Guyana,1999,5361.3281,18568.013,99.85721162,99.85721096,19685.0,94.32569469
Guyana,2000,5360.2329,18564.22,99.83681302,99.83681252,19685.0,94.30642621
Guyana,2001,5358.9506,18559.779,99.81292959,99.8129292,19685.0,94.28386589
Guyana,2002,5357.6683,18555.338,99.78904616,99.78904587,19685.0,94.26130556
Guyana,2003,5356.386,18550.897,99.76516273,99.76516255,19685.0,94.23874524
Guyana,2004,5355.1037,18546.456,99.7412793,99.74127923,19685.0,94.21618491
Guyana,2005,5353.8214,18542.015,99.71739587,99.7173959,19685.0,94.19362459
Guyana,2006,5352.5391,18537.574,99.69351244,99.69351258,19685.0,94.17106426
Guyana,2007,5351.2568,18533.133,99.66962901,99.66962925,19685.0,94.14850394
Guyana,2008,5349.9745,18528.692,99.64574558,99.64574593,19685.0,94.12594361
Guyana,2009,5348.6922,18524.251,99.62186215,99.6218626,19685.0,94.10338329
Guyana,2010,5347.4099,18519.81,99.59797872,99.59797928,19685.0,94.08082296
Guyana,2011,5344.0346,18508.12,99.5351122,99.53511144,19685.0,94.02143764
Guyana,2012,5340.6592,18496.43,99.47224382,99.47224361,19685.0,93.96205232
Guyana,2013,5337.2838,18484.74,99.40937543,99.40937577,19685.0,93.90266701
Guyana,2014,5333.9085,18473.05,99.34650891,99.34650794,19685.0,93.84328169
Guyana,2015,5330.5331,18461.36,99.28364053,99.2836401,19685.0,93.78389637
Guyana,2016,5327.8767,18452.16,99.23416385,99.23416327,19685.0,93.73716027
Guyana,2017,5325.2174,18442.95,99.18463316,99.18463267,19685.0,93.69037338
Guyana,2018,5322.561,18433.75,99.13515648,99.13515584,19685.0,93.64363729
Guyana,2019,5319.9017,18424.54,99.08562579,99.08562524,19685.0,93.59685039
Guyana,2020,5317.2453,18415.34,99.03614912,99.03614841,19685.0,93.5501143
Guyana,2021,,18406.1333,,98.98663556,19685.0,93.50334417
Guyana,2022,,18396.9311,,98.9371469,19685.0,93.4565969
Haiti,1992,21.0992,382.466,100.0,100.0,2756.0,13.8775762
Haiti,1993,21.0802,382.239,99.90994919,99.94064832,2756.0,13.86933962
Haiti,1994,21.0612,382.012,99.81989838,99.88129664,2756.0,13.86110305
Haiti,1995,21.0422,381.785,99.72984758,99.82194496,2756.0,13.85286647
Haiti,1996,21.0232,381.558,99.63979677,99.76259328,2756.0,13.8446299
Haiti,1997,21.0042,381.331,99.54974596,99.7032416,2756.0,13.83639332
Haiti,1998,20.9852,381.104,99.45969515,99.64388991,2756.0,13.82815675
Haiti,1999,20.9662,380.877,99.36964435,99.58453823,2756.0,13.81992017
Haiti,2000,20.9472,380.65,99.27959354,99.52518655,2756.0,13.8116836
Haiti,2001,20.9282,380.423,99.18954273,99.46583487,2756.0,13.80344702
Haiti,2002,20.9093,380.196,99.09996588,99.40648319,2756.0,13.79521045
Haiti,2003,20.8904,379.969,99.01038902,99.34713151,2756.0,13.78697388
Haiti,2004,20.8715,379.742,98.92081216,99.28777983,2756.0,13.7787373
Haiti,2005,20.8525,379.515,98.83076136,99.22842815,2756.0,13.77050073
Haiti,2006,20.8336,379.288,98.7411845,99.16907647,2756.0,13.76226415
Haiti,2007,20.8147,379.061,98.65160764,99.10972479,2756.0,13.75402758
Haiti,2008,20.7958,378.834,98.56203079,99.05037311,2756.0,13.745791
Haiti,2009,20.7769,378.607,98.47245393,98.99102142,2756.0,13.73755443
Haiti,2010,20.7579,378.38,98.38240312,98.93166974,2756.0,13.72931785
Haiti,2011,20.5803,375.274,97.54066505,98.11957141,2756.0,13.61661829
Haiti,2012,20.4026,372.168,96.69845302,97.30747308,2756.0,13.50391872
Haiti,2013,20.225,369.062,95.85671495,96.49537475,2756.0,13.39121916
Haiti,2014,20.0473,365.956,95.01450292,95.68327642,2756.0,13.27851959
Haiti,2015,19.8697,362.85,94.17276484,94.87117809,2756.0,13.16582003
Haiti,2016,19.6922,359.74,93.33150072,94.05803392,2756.0,13.05297533
Haiti,2017,19.5184,356.63,92.50777281,93.24488974,2756.0,12.94013062
Haiti,2018,19.3481,353.52,91.7006332,92.43174557,2756.0,12.82728592
Haiti,2019,19.1744,350.41,90.87737924,91.61860139,2756.0,12.71444122
Haiti,2020,19.0043,347.3,90.07118753,90.80545722,2756.0,12.60159652
Haiti,2021,,344.19,,89.99231304,2756.0,12.48875181
Haiti,2022,,341.08,,89.17916887,2756.0,12.37590711
Honduras,1992,500.3811,6945.878,100.0,100.0,11189.0,62.07773706
Honduras,1993,498.8717,6924.927,99.69834992,99.69836787,11189.0,61.89049066
Honduras,1994,497.3624,6903.976,99.39671982,99.39673573,11189.0,61.70324426
Honduras,1995,495.8531,6883.025,99.09508972,99.0951036,11189.0,61.51599786
Honduras,1996,494.3438,6862.074,98.79345963,98.79347147,11189.0,61.32875145
Honduras,1997,492.8345,6841.123,98.49182953,98.49183933,11189.0,61.14150505
Honduras,1998,491.3252,6820.172,98.19019943,98.1902072,11189.0,60.95425865
Honduras,1999,489.8159,6799.221,97.88856933,97.88857507,11189.0,60.76701224
Honduras,2000,488.3066,6778.27,97.58693923,97.58694293,11189.0,60.57976584
Honduras,2001,486.8456,6757.99,97.29496178,97.2949712,11189.0,60.3985164
Honduras,2002,485.3846,6737.71,97.00298433,97.00299948,11189.0,60.21726696
Honduras,2003,483.9237,6717.43,96.71102686,96.71102775,11189.0,60.03601752
Honduras,2004,482.4627,6697.15,96.4190494,96.41905602,11189.0,59.85476808
Honduras,2005,481.0017,6676.87,96.12707195,96.12708429,11189.0,59.67351863
Honduras,2006,479.5407,6656.59,95.83509449,95.83511257,11189.0,59.49226919
Honduras,2007,478.0798,6636.31,95.54313702,95.54314084,11189.0,59.31101975
Honduras,2008,476.6188,6616.03,95.25115957,95.25116911,11189.0,59.12977031
Honduras,2009,475.1578,6595.75,94.95918211,94.95919738,11189.0,58.94852087
Honduras,2010,473.6969,6575.47,94.66722464,94.66722566,11189.0,58.76727143
Honduras,2011,472.0883,6553.142,94.34574967,94.34576881,11189.0,58.56771829
Honduras,2012,470.4798,6530.814,94.02429468,94.02431197,11189.0,58.36816516
Honduras,2013,468.8713,6508.486,93.7028397,93.70285513,11189.0,58.16861203
Honduras,2014,467.2628,6486.158,93.38138471,93.38139829,11189.0,57.9690589
Honduras,2015,465.6543,6463.83,93.05992972,93.05994145,11189.0,57.76950576
Honduras,2016,464.1573,6443.05,92.76075775,92.76077121,11189.0,57.58378765
Honduras,2017,462.6488,6422.11,92.45928753,92.45929744,11189.0,57.39663956
Honduras,2018,461.1396,6401.16,92.15767742,92.15767971,11189.0,57.20940209
Honduras,2019,459.6303,6380.21,91.85604732,91.85606197,11189.0,57.02216463
Honduras,2020,458.1211,6359.26,91.55443721,91.55444423,11189.0,56.83492716
Honduras,2021,,6338.31,,91.2528265,11189.0,56.6476897
Honduras,2022,,6317.36,,90.95120876,11189.0,56.46045223
Hungary,1992,106.3287,1835.354,100.0,100.0,8987.0,20.42232113
Hungary,1993,107.4704,1846.081,101.0737458,100.5844649,8986.0,20.5439684
Hungary,1994,108.6121,1856.808,102.1474917,101.1689298,8986.0,20.66334298
Hungary,1995,109.7538,1867.535,103.2212375,101.7533947,8986.0,20.78271756
Hungary,1996,110.8955,1878.262,104.2949834,102.3378596,8986.0,20.90209214
Hungary,1997,112.0372,1888.989,105.3687292,102.9223245,8980.0,21.03551225
Hungary,1998,113.1789,1899.716,106.4424751,103.5067894,8980.0,21.15496659
Hungary,1999,114.3206,1910.443,107.5162209,104.0912543,8980.0,21.27442094
Hungary,2000,115.4623,1921.17,108.5899668,104.6757192,8962.0,21.43684445
Hungary,2001,116.3909,1933.692,109.4632964,105.3579854,8962.0,21.57656773
Hungary,2002,117.3194,1946.214,110.3365319,106.0402516,8962.0,21.71629101
Hungary,2003,118.248,1958.736,111.2098615,106.7225178,8962.0,21.85601428
Hungary,2004,119.1766,1971.258,112.0831911,107.404784,8962.0,21.99573756
Hungary,2005,120.1051,1983.78,112.9564266,108.0870502,8961.0,22.13793103
Hungary,2006,121.0337,1996.302,113.8297562,108.7693164,8961.0,22.2776699
Hungary,2007,121.9622,2008.824,114.7029918,109.4515826,8961.0,22.41740877
Hungary,2008,122.8908,2021.346,115.5763214,110.1338488,8961.0,22.55714764
Hungary,2009,123.8194,2033.868,116.4496509,110.816115,9053.0,22.46623219
Hungary,2010,124.7479,2046.39,117.3228865,111.4983812,9053.0,22.60455098
Hungary,2011,125.9295,2049.276,118.4341575,111.6556261,9053.0,22.63642991
Hungary,2012,127.1112,2052.162,119.5455225,111.812871,9053.0,22.66830885
Hungary,2013,128.2928,2055.048,120.6567935,111.9701158,9053.0,22.70018778
Hungary,2014,129.4744,2057.934,121.7680645,112.1273607,9126.0,22.55023011
Hungary,2015,130.656,2060.82,122.8793355,112.2846056,9126.0,22.58185404
Hungary,2016,131.8411,2058.73,123.9938982,112.1707311,9126.0,22.55895244
Hungary,2017,133.0848,2057.27,125.163573,112.0911824,9126.0,22.5429542
Hungary,2018,133.8404,2055.92,125.8741995,112.0176271,9126.0,22.5281613
Hungary,2019,134.7938,2054.47,126.770853,111.9386233,9126.0,22.51227263
Hungary,2020,135.7861,2053.01,127.7040912,111.8590746,9126.0,22.49627438
Hungary,2021,,2051.5567,,111.779891,9126.0,22.48034955
Hungary,2022,,2050.0989,,111.7004621,9126.0,22.46437541
Iceland,1992,0.2203,19.622,100.0,100.0,10025.0,0.195730673
Iceland,1993,0.2258,20.898,102.4965956,106.5029049,10025.0,0.208458853
Iceland,1994,0.2313,22.174,104.9931911,113.0058098,10025.0,0.221187032
Iceland,1995,0.2368,23.45,107.4897867,119.5087147,10025.0,0.233915212
Iceland,1996,0.2423,24.726,109.9863822,126.0116196,10025.0,0.246643392
Iceland,1997,0.2478,26.002,112.4829778,132.5145245,10025.0,0.259371571
Iceland,1998,0.2533,27.278,114.9795733,139.0174294,10025.0,0.272099751
Iceland,1999,0.2588,28.554,117.4761689,145.5203343,10025.0,0.28482793
Iceland,2000,0.2643,29.83,119.9727644,152.0232392,10025.0,0.29755611
Iceland,2001,0.2815,31.314,127.7802996,159.5861788,10025.0,0.312359102
Iceland,2002,0.2987,32.798,135.5878348,167.1491183,10025.0,0.327162095
Iceland,2003,0.3159,34.282,143.39537,174.7120579,10025.0,0.341965087
Iceland,2004,0.3331,35.766,151.2029051,182.2749975,10025.0,0.35676808
Iceland,2005,0.3504,37.25,159.055833,189.837937,10025.0,0.371571072
Iceland,2006,0.3676,38.734,166.8633681,197.4008766,10025.0,0.386374065
Iceland,2007,0.3848,40.218,174.6709033,204.9638161,10025.0,0.401177057
Iceland,2008,0.402,41.702,182.4784385,212.5267557,10025.0,0.41598005
Iceland,2009,0.4192,43.186,190.2859737,220.0896952,10025.0,0.430783042
Iceland,2010,0.4364,44.67,198.0935089,227.6526348,10025.0,0.445586035
Iceland,2011,0.4687,45.368,212.7553336,231.2098665,10025.0,0.452548628
Iceland,2012,0.5009,46.066,227.3717658,234.7670982,10025.0,0.459511222
Iceland,2013,0.5332,46.764,242.0335906,238.3243298,10025.0,0.466473815
Iceland,2014,0.5654,47.462,256.6500227,241.8815615,10025.0,0.473436409
Iceland,2015,0.5977,48.16,271.3118475,245.4387932,10025.0,0.480399002
Iceland,2016,0.6301,48.66,286.0190649,247.9869534,10025.0,0.485386534
Iceland,2017,0.6622,49.38,300.5901044,251.6563041,10025.0,0.492568579
Iceland,2018,0.6951,50.04,315.5242851,255.0198756,10083.0,0.496280869
Iceland,2019,0.7269,50.69,329.9591466,258.3324839,10083.0,0.502727363
Iceland,2020,0.7595,51.35,344.7571493,261.6960554,10083.0,0.509273034
Iceland,2021,,52.0,,265.0086637,10083.0,0.515719528
Iceland,2022,,52.66,,268.3722352,10083.0,0.522265199
India,1992,2342.6833,64668.6,100.0,100.0,297319.0,21.75057766
India,1993,2404.7006,65033.9,102.6472763,100.56488,297319.0,21.87344233
India,1994,2466.718,65399.2,105.2945569,101.12976,297319.0,21.996307
India,1995,2528.7353,65764.5,107.9418332,101.6946401,297319.0,22.11917166
India,1996,2590.7526,66129.8,110.5891095,102.2595201,297319.0,22.24203633
India,1997,2652.77,66495.1,113.2363901,102.8244001,297319.0,22.364901
India,1998,2714.7873,66860.4,115.8836664,103.3892801,297319.0,22.48776567
India,1999,2776.8047,67225.7,118.530947,103.9541601,297319.0,22.61063033
India,2000,2838.822,67591.0,121.1782233,104.5190402,297319.0,22.733495
India,2001,2839.1784,67781.5,121.1934366,104.813619,297319.0,22.7975676
India,2002,2839.5349,67972.0,121.2086542,105.1081978,297319.0,22.86164019
India,2003,2839.8913,68162.5,121.2238675,105.4027766,297319.0,22.92571279
India,2004,2840.2478,68353.0,121.2390851,105.6973554,297319.0,22.98978538
India,2005,2840.6042,68543.5,121.2542984,105.9919343,297319.0,23.05385798
India,2006,2840.9606,68734.0,121.2695118,106.2865131,297319.0,23.11793057
India,2007,2841.3171,68924.5,121.2847294,106.5810919,297319.0,23.18200317
India,2008,2841.6735,69115.0,121.2999427,106.8756707,297319.0,23.24607576
India,2009,2842.03,69305.5,121.3151603,107.1702495,297319.0,23.31014836
India,2010,2842.3864,69496.0,121.3303736,107.4648284,297319.0,23.37422095
India,2011,2861.7815,69762.4,122.1582747,107.8767748,297319.0,23.46382169
India,2012,2881.1766,70028.8,122.9861757,108.2887213,297319.0,23.55342242
India,2013,2900.5718,70295.2,123.8140811,108.7006677,297319.0,23.64302315
India,2014,2919.9669,70561.6,124.6419821,109.1126142,297319.0,23.73262388
India,2015,2939.362,70828.0,125.4698832,109.5245606,297319.0,23.82222461
India,2016,2950.4176,71094.4,125.9418036,109.9365071,297319.0,23.91182535
India,2017,2961.4732,71360.8,126.413724,110.3484535,297319.0,24.00142608
India,2018,2972.5288,71627.2,126.8856443,110.7603999,297319.0,24.09102681
India,2019,2983.5844,71893.6,127.3575647,111.1723464,297319.0,24.18062754
India,2020,2994.64,72160.0,127.8294851,111.5842928,297319.0,24.27022827
India,2021,,72426.4,,111.9962393,297319.0,24.35982901
India,2022,,72692.8,,112.4081857,297319.0,24.44942974
Indonesia,1992,11043.7016,115092.0,100.0,100.0,181157.0,63.53163278
Indonesia,1993,10979.1193,113365.5,99.41521147,98.49989574,181157.0,62.57859205
Indonesia,1994,10914.537,111639.0,98.83042294,96.99979147,181157.0,61.62555132
Indonesia,1995,10849.9547,109912.5,98.24563442,95.49968721,181157.0,60.67251058
Indonesia,1996,10785.3724,108186.0,97.66084589,93.99958294,181157.0,59.71946985
Indonesia,1997,10720.7901,106459.5,97.07605736,92.49947868,181157.0,58.76642912
Indonesia,1998,10656.2078,104733.0,96.49126883,90.99937441,181157.0,57.81338839
Indonesia,1999,10591.6255,103006.5,95.90648031,89.49927015,181157.0,56.86034765
Indonesia,2000,10527.0432,101280.0,95.32169178,87.99916588,187751.9,53.94352867
Indonesia,2001,10514.0833,101117.92,95.20434073,87.85833942,187751.9,53.85720198
Indonesia,2002,10501.1234,100955.84,95.08698967,87.71751295,187751.9,53.77087529
Indonesia,2003,10488.1635,100793.76,94.96963862,87.57668648,187751.9,53.6845486
Indonesia,2004,10475.2037,100631.68,94.85228848,87.43586001,187751.9,53.59822191
Indonesia,2005,10462.2438,100469.6,94.73493742,87.29503354,187751.9,53.51189522
Indonesia,2006,10449.2839,100307.52,94.61758637,87.15420707,187751.9,53.42556853
Indonesia,2007,10436.324,100145.44,94.50023532,87.0133806,187751.9,53.33924184
Indonesia,2008,10423.3641,99983.36,94.38288427,86.87255413,187751.9,53.25291515
Indonesia,2009,10410.4042,99821.28,94.26553322,86.73172766,187751.9,53.16658846
Indonesia,2010,10397.4443,99659.2,94.14818216,86.59090119,187751.9,53.08026177
Indonesia,2011,10300.2375,98732.94,93.26798091,85.78610155,187751.9,52.58691923
Indonesia,2012,10203.0306,97806.68,92.38777875,84.98130191,187751.9,52.09357668
Indonesia,2013,10105.8237,96880.42,91.50757659,84.17650228,187751.9,51.60023414
Indonesia,2014,10008.6168,95954.16,90.62737443,83.37170264,187751.9,51.10689159
Indonesia,2015,9911.41,95027.9,89.74717318,82.566903,187751.9,50.61354905
Indonesia,2016,9933.9906,95271.8,89.95163904,82.77882042,187751.9,50.74345453
Indonesia,2017,9798.9641,93949.8,88.72898286,81.63017412,187751.9,50.03933382
Indonesia,2018,9735.8074,93344.27,88.15710305,81.1040472,187751.9,49.71681778
Indonesia,2019,9672.6495,92738.73,87.58521237,80.57791158,187751.9,49.39429641
Indonesia,2020,9609.4928,92133.2,87.01333256,80.05178466,187751.9,49.07178037
Indonesia,2021,,91527.6633,,79.52565191,189255.547,48.36194487
Indonesia,2022,,90922.1311,,78.99952308,189255.547,48.04199007
"Iran, Islamic Rep. of",1992,723.3337,9125.98,100.0,100.0,162876.0,5.603023159
"Iran, Islamic Rep. of",1993,728.9014,9150.94,100.7697277,100.2735049,162876.0,5.6183477
"Iran, Islamic Rep. of",1994,734.469,9175.9,101.5394416,100.5470097,162876.0,5.633672241
"Iran, Islamic Rep. of",1995,740.0366,9200.86,102.3091555,100.8205146,162876.0,5.648996783
"Iran, Islamic Rep. of",1996,745.6043,9225.82,103.0788832,101.0940195,162876.0,5.664321324
"Iran, Islamic Rep. of",1997,751.1719,9250.78,103.8485971,101.3675244,162876.0,5.679645866
"Iran, Islamic Rep. of",1998,756.7396,9275.74,104.6183248,101.6410292,162876.0,5.694970407
"Iran, Islamic Rep. of",1999,762.3072,9300.7,105.3880387,101.9145341,162876.0,5.710294948
"Iran, Islamic Rep. of",2000,767.8748,9325.66,106.1577526,102.188039,162876.0,5.72561949
"Iran, Islamic Rep. of",2001,779.9484,9462.292,107.8269131,103.6852152,162876.0,5.809506619
"Iran, Islamic Rep. of",2002,792.022,9598.924,109.4960735,105.1823914,162876.0,5.893393747
"Iran, Islamic Rep. of",2003,804.0955,9735.556,111.1652201,106.6795676,162876.0,5.977280876
"Iran, Islamic Rep. of",2004,816.1691,9872.188,112.8343806,108.1767438,162876.0,6.061168005
"Iran, Islamic Rep. of",2005,828.2427,10008.82,114.503541,109.67392,162876.0,6.145055134
"Iran, Islamic Rep. of",2006,840.3162,10145.452,116.1726877,111.1710961,162876.0,6.228942263
"Iran, Islamic Rep. of",2007,852.3898,10282.084,117.8418481,112.6682723,162876.0,6.312829392
"Iran, Islamic Rep. of",2008,864.4633,10418.716,119.5109947,114.1654485,162876.0,6.396716521
"Iran, Islamic Rep. of",2009,876.5369,10555.348,121.1801552,115.6626247,162876.0,6.480603649
"Iran, Islamic Rep. of",2010,888.6105,10691.98,122.8493156,117.1598009,162876.0,6.564490778
"Iran, Islamic Rep. of",2011,888.6105,10691.98,122.8493156,117.1598009,162876.0,6.564490778
"Iran, Islamic Rep. of",2012,888.6105,10691.98,122.8493156,117.1598009,162876.0,6.564490778
"Iran, Islamic Rep. of",2013,888.6105,10691.98,122.8493156,117.1598009,162876.0,6.564490778
"Iran, Islamic Rep. of",2014,888.6105,10691.98,122.8493156,117.1598009,162876.0,6.564490778
"Iran, Islamic Rep. of",2015,888.6105,10691.98,122.8493156,117.1598009,162876.0,6.564490778
"Iran, Islamic Rep. of",2016,888.5937,10702.08,122.846993,117.270474,162876.0,6.570691815
"Iran, Islamic Rep. of",2017,888.5505,10710.59,122.8410207,117.3637242,162250.0,6.601288136
"Iran, Islamic Rep. of",2018,888.5199,10727.03,122.8367903,117.5438693,162250.0,6.611420647
"Iran, Islamic Rep. of",2019,888.5924,10743.47,122.8468133,117.7240143,162250.0,6.621553159
"Iran, Islamic Rep. of",2020,888.5345,10751.87,122.8388087,117.8160592,162250.0,6.626730354
"Iran, Islamic Rep. of",2021,,10765.63,,117.9668375,162250.0,6.635211094
"Iran, Islamic Rep. of",2022,,10775.8167,,118.0784606,162250.0,6.641489492
Iraq,1992,25.819,806.8,100.0,100.0,43737.0,1.844662414
Iraq,1993,25.8565,808.2,100.1452419,100.173525,43737.0,1.847863365
Iraq,1994,25.8939,809.6,100.2900964,100.3470501,43737.0,1.851064316
Iraq,1995,25.9314,811.0,100.4353383,100.5205751,43737.0,1.854265267
Iraq,1996,25.9689,812.4,100.5805802,100.6941001,43737.0,1.857466219
Iraq,1997,26.0063,813.8,100.7254348,100.8676252,43737.0,1.86066717
Iraq,1998,26.0438,815.2,100.8706766,101.0411502,43737.0,1.863868121
Iraq,1999,26.0813,816.6,101.0159185,101.2146753,43737.0,1.867069072
Iraq,2000,26.1187,818.0,101.1607731,101.3882003,43737.0,1.870270023
Iraq,2001,26.1328,818.7,101.215384,101.4749628,43737.0,1.871870499
Iraq,2002,26.1469,819.4,101.269995,101.5617253,43737.0,1.873470974
Iraq,2003,26.161,820.1,101.3246059,101.6484879,43737.0,1.87507145
Iraq,2004,26.1751,820.8,101.3792169,101.7352504,43737.0,1.876671925
Iraq,2005,26.1892,821.5,101.4338278,101.8220129,43737.0,1.878272401
Iraq,2006,26.2033,822.2,101.4884387,101.9087754,43737.0,1.879872877
Iraq,2007,26.2174,822.9,101.5430497,101.9955379,43737.0,1.881473352
Iraq,2008,26.2315,823.6,101.5976606,102.0823004,43737.0,1.883073828
Iraq,2009,26.2456,824.3,101.6522716,102.169063,43432.0,1.897909376
Iraq,2010,26.2598,825.0,101.7072698,102.2558255,43432.0,1.89952109
Iraq,2011,26.2367,825.0,101.6178008,102.2558255,43432.0,1.89952109
Iraq,2012,26.2136,825.0,101.5283318,102.2558255,43432.0,1.89952109
Iraq,2013,26.1904,825.0,101.4384755,102.2558255,43412.8,1.900361184
Iraq,2014,26.1673,825.0,101.3490065,102.2558255,43412.8,1.900361184
Iraq,2015,26.1442,825.0,101.2595375,102.2558255,43412.8,1.900361184
Iraq,2016,26.0123,825.0,100.7486735,102.2558255,43412.8,1.900361184
Iraq,2017,25.8885,825.0,100.2691816,102.2558255,43412.8,1.900361184
Iraq,2018,25.7482,825.0,99.72578334,102.2558255,43412.8,1.900361184
Iraq,2019,25.6163,825.0,99.21491925,102.2558255,43412.8,1.900361184
Iraq,2020,25.4677,825.0,98.6393741,102.2558255,43412.8,1.900361184
Iraq,2021,,825.0,,102.2558255,43412.8,1.900361184
Iraq,2022,,825.0,,102.2558255,43412.8,1.900361184
Ireland,1992,26.5479,495.384,100.0,100.0,6889.0,7.190942082
Ireland,1993,27.5237,512.256,103.6756203,103.4058427,6889.0,7.43585426
Ireland,1994,28.4996,529.128,107.3516173,106.8116855,6889.0,7.680766439
Ireland,1995,29.4754,546.0,111.0272376,110.2175282,6889.0,7.925678618
Ireland,1996,30.4512,562.872,114.7028579,113.623371,6889.0,8.170590797
Ireland,1997,31.4271,579.744,118.3788548,117.0292137,6889.0,8.415502976
Ireland,1998,32.4029,596.616,122.0544751,120.4350564,6889.0,8.660415155
Ireland,1999,33.3788,613.488,125.7304721,123.8408992,6889.0,8.905327333
Ireland,2000,34.3546,630.36,129.4060924,127.2467419,6889.0,9.150239512
Ireland,2001,35.2357,639.362,132.724999,129.0639181,6889.0,9.280911598
Ireland,2002,36.1167,648.364,136.0435289,130.8810943,6889.0,9.411583684
Ireland,2003,36.9978,657.366,139.3624354,132.6982704,6889.0,9.54225577
Ireland,2004,37.8788,666.368,142.6809653,134.5154466,6889.0,9.672927856
Ireland,2005,38.7599,675.37,145.9998719,136.3326228,6889.0,9.803599942
Ireland,2006,39.6409,684.372,149.3184018,138.1497989,6889.0,9.934272028
Ireland,2007,40.522,693.374,152.6373084,139.9669751,6889.0,10.06494411
Ireland,2008,41.4031,702.376,155.956215,141.7841513,6889.0,10.1956162
Ireland,2009,42.2841,711.378,159.2747449,143.6013275,6889.0,10.32628829
Ireland,2010,43.1652,720.38,162.5936515,145.4185036,6889.0,10.45696037
Ireland,2011,44.0772,727.238,166.0289514,146.8028842,6889.0,10.55651038
Ireland,2012,44.9892,734.096,169.4642514,148.1872648,6889.0,10.65606039
Ireland,2013,45.9013,740.954,172.8999281,149.5716454,6889.0,10.75561039
Ireland,2014,46.8133,747.812,176.335228,150.956026,6889.0,10.8551604
Ireland,2015,47.7253,754.67,179.770528,152.3404066,6889.0,10.95471041
Ireland,2016,48.92,762.35,184.2706956,153.8907191,6889.0,11.06619248
Ireland,2017,49.5662,770.02,186.7047864,155.439013,6889.0,11.17752939
Ireland,2018,50.5435,774.02,190.3860569,156.2464674,6889.0,11.23559297
Ireland,2019,51.8706,778.02,195.3849457,157.0539218,6889.0,11.29365655
Ireland,2020,53.0288,782.02,199.747626,157.8613762,6889.0,11.35172013
Ireland,2021,,786.02,,158.6688306,6889.0,11.40978371
Ireland,2022,,790.02,,159.4762851,6889.0,11.46784729
Isle of Man,1992,,3.46,,100.0,57.0,6.070175439
Isle of Man,1993,,3.46,,100.0,57.0,6.070175439
Isle of Man,1994,,3.46,,100.0,57.0,6.070175439
Isle of Man,1995,,3.46,,100.0,57.0,6.070175439
Isle of Man,1996,,3.46,,100.0,57.0,6.070175439
Isle of Man,1997,,3.46,,100.0,57.0,6.070175439
Isle of Man,1998,,3.46,,100.0,57.0,6.070175439
Isle of Man,1999,,3.46,,100.0,57.0,6.070175439
Isle of Man,2000,,3.46,,100.0,57.0,6.070175439
Isle of Man,2001,,3.46,,100.0,57.0,6.070175439
Isle of Man,2002,,3.46,,100.0,57.0,6.070175439
Isle of Man,2003,,3.46,,100.0,57.0,6.070175439
Isle of Man,2004,,3.46,,100.0,57.0,6.070175439
Isle of Man,2005,,3.46,,100.0,57.0,6.070175439
Isle of Man,2006,,3.46,,100.0,57.0,6.070175439
Isle of Man,2007,,3.46,,100.0,57.0,6.070175439
Isle of Man,2008,,3.46,,100.0,57.0,6.070175439
Isle of Man,2009,,3.46,,100.0,57.0,6.070175439
Isle of Man,2010,,3.46,,100.0,57.0,6.070175439
Isle of Man,2011,,3.46,,100.0,57.0,6.070175439
Isle of Man,2012,,3.46,,100.0,57.0,6.070175439
Isle of Man,2013,,3.46,,100.0,57.0,6.070175439
Isle of Man,2014,,3.46,,100.0,57.0,6.070175439
Isle of Man,2015,,3.46,,100.0,57.0,6.070175439
Isle of Man,2016,,3.46,,100.0,57.0,6.070175439
Isle of Man,2017,,3.46,,100.0,57.0,6.070175439
Isle of Man,2018,,3.46,,100.0,57.0,6.070175439
Isle of Man,2019,,3.46,,100.0,57.0,6.070175439
Isle of Man,2020,,3.46,,100.0,57.0,6.070175439
Isle of Man,2021,,3.46,,100.0,57.0,6.070175439
Isle of Man,2022,,3.46,,100.0,57.0,6.070175439
Israel,1992,0.6019,136.2,100.0,100.0,2164.0,6.293900185
Israel,1993,0.6086,138.3,101.1131417,101.5418502,2164.0,6.390942699
Israel,1994,0.6152,140.4,102.2096694,103.0837004,2164.0,6.487985213
Israel,1995,0.6218,142.5,103.306197,104.6255507,2164.0,6.585027726
Israel,1996,0.6284,144.6,104.4027247,106.1674009,2164.0,6.68207024
Israel,1997,0.635,146.7,105.4992524,107.7092511,2164.0,6.779112754
Israel,1998,0.6416,148.8,106.59578,109.2511013,2164.0,6.876155268
Israel,1999,0.6482,150.9,107.6923077,110.7929515,2164.0,6.973197782
Israel,2000,0.6548,153.0,108.7888354,112.3348018,2164.0,7.070240296
Israel,2001,0.6568,153.1,109.1211165,112.4082232,2164.0,7.074861368
Israel,2002,0.6588,153.2,109.4533976,112.4816446,2164.0,7.07948244
Israel,2003,0.6607,153.3,109.7690646,112.5550661,2164.0,7.084103512
Israel,2004,0.6627,153.4,110.1013457,112.6284875,2164.0,7.088724584
Israel,2005,0.6647,153.5,110.4336268,112.701909,2164.0,7.093345656
Israel,2006,0.6666,153.6,110.7492939,112.7753304,2164.0,7.097966728
Israel,2007,0.6686,153.7,111.081575,112.8487518,2164.0,7.1025878
Israel,2008,0.6706,153.8,111.4138561,112.9221733,2164.0,7.107208872
Israel,2009,0.6726,153.9,111.7461372,112.9955947,2164.0,7.111829945
Israel,2010,0.6745,154.0,112.0618043,113.0690162,2164.0,7.116451017
Israel,2011,0.6868,156.2,114.1053331,114.6842878,2164.0,7.218114603
Israel,2012,0.6991,158.4,116.1488619,116.2995595,2164.0,7.319778189
Israel,2013,0.7113,160.6,118.1757767,117.9148311,2164.0,7.421441774
Israel,2014,0.7236,162.8,120.2193055,119.5301028,2164.0,7.52310536
Israel,2015,0.7359,165.0,122.2628344,121.1453744,2164.0,7.624768946
Israel,2016,0.6244,140.0,103.7381625,102.7900147,2164.0,6.469500924
Israel,2017,0.6244,140.0,103.7381625,102.7900147,2164.0,6.469500924
Israel,2018,0.6244,140.0,103.7381625,102.7900147,2164.0,6.469500924
Israel,2019,0.6244,140.0,103.7381625,102.7900147,2164.0,6.469500924
Israel,2020,0.6244,140.0,103.7381625,102.7900147,2164.0,6.469500924
Israel,2021,,140.0,,102.7900147,2164.0,6.469500924
Israel,2022,,140.0,,102.7900147,2164.0,6.469500924
Italy,1992,419.2432,7745.65,100.0,100.0,29411.0,26.33589473
Italy,1993,428.8748,7823.6,102.2973778,101.0063713,29411.0,26.60093162
Italy,1994,438.5065,7901.55,104.5947794,102.0127426,29411.0,26.86596852
Italy,1995,448.1382,7979.5,106.892181,103.019114,29411.0,27.13100541
Italy,1996,457.7698,8057.45,109.1895587,104.0254853,29411.0,27.3960423
Italy,1997,467.4015,8135.4,111.4869603,105.0318566,29411.0,27.66107919
Italy,1998,477.0332,8213.35,113.7843619,106.0382279,29411.0,27.92611608
Italy,1999,486.6649,8291.3,116.0817635,107.0445992,29411.0,28.19115297
Italy,2000,496.2965,8369.25,118.3791413,108.0509705,29571.8,28.30145612
Italy,2001,505.9811,8435.129,120.6891608,108.9014996,29571.8,28.52423255
Italy,2002,515.6657,8501.008,122.9991804,109.7520286,29571.8,28.74700897
Italy,2003,525.3502,8566.887,125.3091762,110.6025576,29571.8,28.9697854
Italy,2004,535.0348,8632.766,127.6191957,111.4530866,29571.8,29.19256183
Italy,2005,544.7194,8698.645,129.9292153,112.3036156,29571.8,29.41533826
Italy,2006,554.4039,8764.524,132.239211,113.1541446,29571.8,29.63811469
Italy,2007,564.0885,8830.403,134.5492306,114.0046736,29571.8,29.86089112
Italy,2008,573.7731,8896.282,136.8592502,114.8552026,29571.8,30.08366755
Italy,2009,583.4577,8962.161,139.1692698,115.7057316,29571.8,30.30644398
Italy,2010,593.1422,9028.04,141.4792655,116.5562606,29571.8,30.52922041
Italy,2011,602.8135,9081.848,143.7861127,117.2509473,29571.8,30.71117754
Italy,2012,612.4847,9135.656,146.092936,117.945634,29571.8,30.89313468
Italy,2013,622.156,9189.464,148.3997832,118.6403207,29571.8,31.07509181
Italy,2014,631.8273,9243.272,150.7066304,119.3350074,29571.8,31.25704895
Italy,2015,641.4985,9297.08,153.0134538,120.0296941,29571.8,31.43900608
Italy,2016,645.2114,9350.89,153.8990734,120.7244066,29571.8,31.62096998
Italy,2017,648.9243,9404.7,154.784693,121.4191191,29571.8,31.80293388
Italy,2018,652.6372,9458.51,155.6703126,122.1138316,29571.8,31.98489777
Italy,2019,656.3501,9512.32,156.5559322,122.8085442,29571.7,32.16697045
Italy,2020,660.063,9566.13,157.4415518,123.5032567,29571.7,32.34893496
Italy,2021,,9619.94,,124.1979692,29571.7,32.53089947
Italy,2022,,9673.75,,124.8926817,29572.0,32.71253212
Jamaica,1992,48.4207,521.224,100.0,100.0,1083.0,48.12779317
Jamaica,1993,48.3733,521.196,99.90210798,99.99462803,1083.0,48.12520776
Jamaica,1994,48.3259,521.168,99.80421597,99.98925606,1083.0,48.12262235
Jamaica,1995,48.2785,521.14,99.70632395,99.98388409,1083.0,48.12003693
Jamaica,1996,48.2311,521.112,99.60843193,99.97851212,1083.0,48.11745152
Jamaica,1997,48.1836,521.084,99.51033339,99.97314015,1083.0,48.11486611
Jamaica,1998,48.1362,521.056,99.41244137,99.96776818,1083.0,48.1122807
Jamaica,1999,48.0888,521.028,99.31454936,99.96239621,1083.0,48.10969529
Jamaica,2000,48.0414,521.0,99.21665734,99.95702424,1083.0,48.10710988
Jamaica,2001,48.7765,524.745,100.7348097,100.6755253,1083.0,48.45290859
Jamaica,2002,49.5117,528.49,102.2531686,101.3940264,1083.0,48.79870729
Jamaica,2003,50.2468,532.235,103.7713209,102.1125274,1083.0,49.144506
Jamaica,2004,50.9819,535.98,105.2894733,102.8310285,1083.0,49.49030471
Jamaica,2005,51.717,539.725,106.8076257,103.5495296,1083.0,49.83610342
Jamaica,2006,52.4522,543.47,108.3259845,104.2680306,1083.0,50.18190212
Jamaica,2007,53.1873,547.215,109.8441369,104.9865317,1083.0,50.52770083
Jamaica,2008,53.9224,550.96,111.3622893,105.7050328,1083.0,50.87349954
Jamaica,2009,54.6575,554.705,112.8804416,106.4235338,1083.0,51.21929825
Jamaica,2010,55.3927,558.45,114.3988005,107.1420349,1083.0,51.56509695
Jamaica,2011,55.4037,562.252,114.4215181,107.8714718,1083.0,51.91615882
Jamaica,2012,55.4147,566.054,114.4442356,108.6009086,1083.0,52.26722068
Jamaica,2013,55.4257,569.856,114.4669532,109.3303455,1083.0,52.61828255
Jamaica,2014,55.4367,573.658,114.4896707,110.0597824,1083.0,52.96934441
Jamaica,2015,55.4477,577.46,114.5123883,110.7892192,1083.0,53.32040628
Jamaica,2016,55.4773,581.34,114.5735192,111.5336209,1083.0,53.67867036
Jamaica,2017,55.4915,585.23,114.6028455,112.2799411,1083.0,54.0378578
Jamaica,2018,55.5246,589.12,114.6712047,113.0262613,1083.0,54.39704524
Jamaica,2019,55.5463,593.0,114.7160202,113.7706629,1083.0,54.75530933
Jamaica,2020,55.5824,596.89,114.7905751,114.5169831,1083.0,55.11449677
Jamaica,2021,,600.7733,,115.2620179,1083.0,55.47306556
Jamaica,2022,,604.6611,,116.007916,1083.0,55.83204986
Japan,1992,1191.796,24935.2,100.0,100.0,36460.0,68.390565
Japan,1993,1213.844,24927.8,101.849981,99.97032308,36460.0,68.37026879
Japan,1994,1235.892,24920.4,103.6999621,99.94064615,36460.0,68.34997257
Japan,1995,1257.94,24913.0,105.5499431,99.91096923,36460.0,68.32967636
Japan,1996,1279.988,24905.6,107.3999241,99.88129231,36450.0,68.32812071
Japan,1997,1302.036,24898.2,109.2499052,99.85161539,36450.0,68.30781893
Japan,1998,1324.084,24890.8,111.0998862,99.82193846,36450.0,68.28751715
Japan,1999,1346.132,24883.4,112.9498673,99.79226154,36450.0,68.26721536
Japan,2000,1368.18,24876.0,114.7998483,99.76258462,36450.0,68.24691358
Japan,2001,1396.1376,24885.0,117.145686,99.79867817,36450.0,68.27160494
Japan,2002,1424.0952,24894.0,119.4915237,99.83477173,36450.0,68.2962963
Japan,2003,1452.0528,24903.0,121.8373614,99.87086528,36450.0,68.32098765
Japan,2004,1480.0104,24912.0,124.1831991,99.90695884,36450.0,68.34567901
Japan,2005,1507.968,24921.0,126.5290368,99.94305239,36450.0,68.37037037
Japan,2006,1535.9256,24930.0,128.8748746,99.97914595,36450.0,68.39506173
Japan,2007,1563.8832,24939.0,131.2207123,100.0152395,36450.0,68.41975309
Japan,2008,1591.8408,24948.0,133.56655,100.0513331,36450.0,68.44444444
Japan,2009,1619.7984,24957.0,135.9123877,100.0874266,36450.0,68.4691358
Japan,2010,1647.756,24966.0,138.2582254,100.1235202,36450.0,68.49382716
Japan,2011,1662.432,24961.6,139.4896442,100.1058744,36450.0,68.48175583
Japan,2012,1677.108,24957.2,140.721063,100.0882287,36450.0,68.4696845
Japan,2013,1691.784,24952.8,141.9524818,100.070583,36450.0,68.45761317
Japan,2014,1706.46,24948.4,143.1839006,100.0529372,36450.0,68.44554184
Japan,2015,1721.136,24944.0,144.4153194,100.0352915,36450.0,68.43347051
Japan,2016,1745.8,24940.0,146.4848011,100.0192499,36450.0,68.42249657
Japan,2017,1770.385,24935.0,148.5476541,99.99919792,36450.0,68.40877915
Japan,2018,1770.385,24935.0,148.5476541,99.99919792,36450.0,68.40877915
Japan,2019,1770.385,24935.0,148.5476541,99.99919792,36450.0,68.40877915
Japan,2020,1770.385,24935.0,148.5476541,99.99919792,36450.0,68.40877915
Japan,2021,,24935.0,,99.99919792,36450.0,68.40877915
Japan,2022,,24935.0,,99.99919792,36450.0,68.40877915
Jordan,1992,3.3374,97.5,100.0,100.0,8824.0,1.10494107
Jordan,1993,3.3374,97.5,100.0,100.0,8824.0,1.10494107
Jordan,1994,3.3374,97.5,100.0,100.0,8824.0,1.10494107
Jordan,1995,3.3374,97.5,100.0,100.0,8824.0,1.10494107
Jordan,1996,3.3374,97.5,100.0,100.0,8824.0,1.10494107
Jordan,1997,3.3374,97.5,100.0,100.0,8824.0,1.10494107
Jordan,1998,3.3374,97.5,100.0,100.0,8824.0,1.10494107
Jordan,1999,3.3374,97.5,100.0,100.0,8824.0,1.10494107
Jordan,2000,3.3374,97.5,100.0,100.0,8824.0,1.10494107
Jordan,2001,3.3374,97.5,100.0,100.0,8824.0,1.10494107
Jordan,2002,3.3374,97.5,100.0,100.0,8824.0,1.10494107
Jordan,2003,3.3374,97.5,100.0,100.0,8824.0,1.10494107
Jordan,2004,3.3374,97.5,100.0,100.0,8824.0,1.10494107
Jordan,2005,3.3374,97.5,100.0,100.0,8824.0,1.10494107
Jordan,2006,3.3374,97.5,100.0,100.0,8824.0,1.10494107
Jordan,2007,3.3374,97.5,100.0,100.0,8824.0,1.10494107
Jordan,2008,3.3374,97.5,100.0,100.0,8824.0,1.10494107
Jordan,2009,3.3374,97.5,100.0,100.0,8878.0,1.09822032
Jordan,2010,3.3374,97.5,100.0,100.0,8878.0,1.09822032
Jordan,2011,3.3374,97.5,100.0,100.0,8878.0,1.09822032
Jordan,2012,3.3374,97.5,100.0,100.0,8878.0,1.09822032
Jordan,2013,3.3374,97.5,100.0,100.0,8878.0,1.09822032
Jordan,2014,3.3374,97.5,100.0,100.0,8878.0,1.09822032
Jordan,2015,3.3374,97.5,100.0,100.0,8878.0,1.09822032
Jordan,2016,3.3374,97.5,100.0,100.0,8878.0,1.09822032
Jordan,2017,3.3374,97.5,100.0,100.0,8878.0,1.09822032
Jordan,2018,3.3374,97.5,100.0,100.0,8878.0,1.09822032
Jordan,2019,3.3374,97.5,100.0,100.0,8879.4,1.098047165
Jordan,2020,3.3374,97.5,100.0,100.0,8879.4,1.098047165
Jordan,2021,,97.5,,100.0,8879.4,1.098047165
Jordan,2022,,97.5,,100.0,8879.4,1.098047165
"Kazakhstan, Rep. of",1992,149.2956,3161.181,100.0,100.0,269970.0,1.170937882
"Kazakhstan, Rep. of",1993,149.5199,3160.6491,100.1502389,99.98317401,269970.0,1.17074086
"Kazakhstan, Rep. of",1994,149.7443,3160.1172,100.3005447,99.96634802,269970.0,1.170543838
"Kazakhstan, Rep. of",1995,149.9687,3159.5853,100.4508505,99.94952203,269970.0,1.170346816
"Kazakhstan, Rep. of",1996,150.193,3159.0534,100.6010894,99.93269604,269970.0,1.170149794
"Kazakhstan, Rep. of",1997,150.4174,3158.5215,100.7513952,99.91587005,269970.0,1.169952773
"Kazakhstan, Rep. of",1998,150.6417,3157.9896,100.9016341,99.89904406,269970.0,1.169755751
"Kazakhstan, Rep. of",1999,150.8661,3157.4577,101.0519399,99.88221807,269970.0,1.169558729
"Kazakhstan, Rep. of",2000,151.0905,3156.9258,101.2022457,99.86539208,269970.0,1.169361707
"Kazakhstan, Rep. of",2001,151.5033,3149.4512,101.4787442,99.62894247,269970.0,1.166593029
"Kazakhstan, Rep. of",2002,151.9161,3141.9765,101.7552426,99.39248971,269970.0,1.163824314
"Kazakhstan, Rep. of",2003,152.3289,3134.5019,102.0317411,99.1560401,269970.0,1.161055636
"Kazakhstan, Rep. of",2004,152.7417,3127.0273,102.3082395,98.91959049,269970.0,1.158286958
"Kazakhstan, Rep. of",2005,153.1545,3119.5527,102.5847379,98.68314089,269970.0,1.15551828
"Kazakhstan, Rep. of",2006,153.5673,3112.078,102.8612364,98.44668812,269970.0,1.152749565
"Kazakhstan, Rep. of",2007,153.9801,3104.6034,103.1377348,98.21023852,269970.0,1.149980887
"Kazakhstan, Rep. of",2008,154.3929,3097.1288,103.4142332,97.97378891,269970.0,1.147212209
"Kazakhstan, Rep. of",2009,154.8058,3089.6541,103.6907987,97.73733614,269970.0,1.144443494
"Kazakhstan, Rep. of",2010,155.2186,3082.1795,103.9672971,97.50088654,269970.0,1.141674816
"Kazakhstan, Rep. of",2011,157.9079,3127.4349,105.7686228,98.93248441,269970.0,1.158437938
"Kazakhstan, Rep. of",2012,160.5972,3172.6902,107.5699485,100.3640791,269970.0,1.175201022
"Kazakhstan, Rep. of",2013,163.2865,3217.9455,109.3712742,101.7956738,269970.0,1.191964107
"Kazakhstan, Rep. of",2014,165.9758,3263.2009,111.1725999,103.2272717,269970.0,1.208727229
"Kazakhstan, Rep. of",2015,168.6651,3308.4562,112.9739256,104.6588664,269970.0,1.225490314
"Kazakhstan, Rep. of",2016,168.6545,3337.71,112.9668255,105.5842737,269970.0,1.236326258
"Kazakhstan, Rep. of",2017,168.651,3366.96,112.9644812,106.5095608,269970.0,1.247160796
"Kazakhstan, Rep. of",2018,172.7308,3396.2012,115.6971806,107.4345695,269970.0,1.257992073
"Kazakhstan, Rep. of",2019,172.7449,3425.44,115.706625,108.3595024,269970.0,1.268822462
"Kazakhstan, Rep. of",2020,172.734,3454.68,115.699324,109.2844731,269970.0,1.279653295
"Kazakhstan, Rep. of",2021,,3483.9192,,110.2094186,269970.0,1.290483832
"Kazakhstan, Rep. of",2022,,3513.1589,,111.1343798,269970.0,1.301314553
Kenya,1992,459.4758,3879.07,100.0,100.0,56914.0,6.815669255
Kenya,1993,460.6917,3889.335,100.2646276,100.2646253,56914.0,6.833705239
Kenya,1994,461.9076,3899.6,100.5292553,100.5292506,56914.0,6.851741224
Kenya,1995,463.1235,3909.865,100.7938829,100.7938759,56914.0,6.869777208
Kenya,1996,464.3394,3920.13,101.0585106,101.0585011,56914.0,6.887813192
Kenya,1997,465.5553,3930.395,101.3231382,101.3231264,56914.0,6.905849176
Kenya,1998,466.7712,3940.66,101.5877659,101.5877517,56914.0,6.92388516
Kenya,1999,467.9871,3950.925,101.8523935,101.852377,56914.0,6.941921144
Kenya,2000,469.203,3961.19,102.1170212,102.1170023,56914.0,6.959957128
Kenya,2001,465.111,3926.705,101.2264411,101.2280005,56914.0,6.89936571
Kenya,2002,461.019,3892.22,100.335861,100.3389988,56914.0,6.838774291
Kenya,2003,456.927,3857.735,99.4452809,99.44999704,56914.0,6.778182872
Kenya,2004,452.835,3823.25,98.55470081,98.56099529,56914.0,6.717591454
Kenya,2005,448.7431,3788.765,97.66414249,97.67199354,56914.0,6.657000035
Kenya,2006,444.6511,3754.28,96.77356239,96.7829918,56914.0,6.596408617
Kenya,2007,440.5591,3719.795,95.8829823,95.89399005,56914.0,6.535817198
Kenya,2008,436.4671,3685.31,94.99240221,95.00498831,56914.0,6.475225779
Kenya,2009,432.3751,3650.825,94.10182212,94.11598656,56914.0,6.414634361
Kenya,2010,428.2831,3616.34,93.21124203,93.22698482,56914.0,6.354042942
Kenya,2011,426.0513,3597.554,92.7255146,92.74269348,56914.0,6.321035246
Kenya,2012,423.8194,3578.768,92.2397654,92.25840214,56914.0,6.28802755
Kenya,2013,421.5875,3559.982,91.75401621,91.7741108,56914.0,6.255019855
Kenya,2014,419.3557,3541.196,91.26828878,91.28981947,56914.0,6.222012159
Kenya,2015,417.1238,3522.41,90.78253958,90.80552813,56914.0,6.189004463
Kenya,2016,420.6598,3551.97,91.55211221,91.56756645,56914.0,6.240942475
Kenya,2017,424.1606,3581.53,92.31402394,92.32960478,56914.0,6.292880486
Kenya,2018,427.6614,3611.09,93.07593566,93.0916431,56914.0,6.344818498
Kenya,2019,427.6614,3611.09,93.07593566,93.0916431,56914.0,6.344818498
Kenya,2020,427.6614,3611.09,93.07593566,93.0916431,56914.0,6.344818498
Kenya,2021,,3611.09,,93.0916431,56914.0,6.344818498
Kenya,2022,,3611.09,,93.0916431,56914.0,6.344818498
Kiribati,1992,,1.18,,100.0,81.0,1.456790123
Kiribati,1993,,1.18,,100.0,81.0,1.456790123
Kiribati,1994,,1.18,,100.0,81.0,1.456790123
Kiribati,1995,,1.18,,100.0,81.0,1.456790123
Kiribati,1996,,1.18,,100.0,81.0,1.456790123
Kiribati,1997,,1.18,,100.0,81.0,1.456790123
Kiribati,1998,,1.18,,100.0,81.0,1.456790123
Kiribati,1999,,1.18,,100.0,81.0,1.456790123
Kiribati,2000,,1.18,,100.0,81.0,1.456790123
Kiribati,2001,,1.18,,100.0,81.0,1.456790123
Kiribati,2002,,1.18,,100.0,81.0,1.456790123
Kiribati,2003,,1.18,,100.0,81.0,1.456790123
Kiribati,2004,,1.18,,100.0,81.0,1.456790123
Kiribati,2005,,1.18,,100.0,81.0,1.456790123
Kiribati,2006,,1.18,,100.0,81.0,1.456790123
Kiribati,2007,,1.18,,100.0,81.0,1.456790123
Kiribati,2008,,1.18,,100.0,81.0,1.456790123
Kiribati,2009,,1.18,,100.0,81.0,1.456790123
Kiribati,2010,,1.18,,100.0,81.0,1.456790123
Kiribati,2011,,1.18,,100.0,81.0,1.456790123
Kiribati,2012,,1.18,,100.0,81.0,1.456790123
Kiribati,2013,,1.18,,100.0,81.0,1.456790123
Kiribati,2014,,1.18,,100.0,81.0,1.456790123
Kiribati,2015,,1.18,,100.0,81.0,1.456790123
Kiribati,2016,,1.18,,100.0,81.0,1.456790123
Kiribati,2017,,1.18,,100.0,81.0,1.456790123
Kiribati,2018,,1.18,,100.0,81.0,1.456790123
Kiribati,2019,,1.18,,100.0,81.0,1.456790123
Kiribati,2020,,1.18,,100.0,81.0,1.456790123
Kiribati,2021,,1.18,,100.0,81.0,1.456790123
Kiribati,2022,,1.18,,100.0,81.0,1.456790123
"Korea, Dem. People's Rep. of",1992,268.6251,6820.562,100.0,100.0,12041.0,56.64448136
"Korea, Dem. People's Rep. of",1993,266.909,6774.828,99.36115426,99.32946874,12041.0,56.2646624
"Korea, Dem. People's Rep. of",1994,265.1928,6729.094,98.7222713,98.65893749,12041.0,55.88484345
"Korea, Dem. People's Rep. of",1995,263.4766,6683.36,98.08338834,97.98840623,12041.0,55.5050245
"Korea, Dem. People's Rep. of",1996,261.7604,6637.626,97.44450537,97.31787498,12041.0,55.12520555
"Korea, Dem. People's Rep. of",1997,260.0442,6591.892,96.80562241,96.64734372,12041.0,54.7453866
"Korea, Dem. People's Rep. of",1998,258.3281,6546.158,96.16677667,95.97681247,12041.0,54.36556764
"Korea, Dem. People's Rep. of",1999,256.6119,6500.424,95.52789371,95.30628121,12041.0,53.98574869
"Korea, Dem. People's Rep. of",2000,254.8957,6454.69,94.88901074,94.63574996,12041.0,53.60592974
"Korea, Dem. People's Rep. of",2001,254.4506,6433.46,94.72331513,94.32448528,12041.0,53.42961548
"Korea, Dem. People's Rep. of",2002,254.0055,6412.23,94.55761952,94.01322061,12041.0,53.25330122
"Korea, Dem. People's Rep. of",2003,253.5604,6391.0,94.39192391,93.70195594,12041.0,53.07698696
"Korea, Dem. People's Rep. of",2004,253.1153,6369.77,94.2262283,93.39069127,12041.0,52.9006727
"Korea, Dem. People's Rep. of",2005,252.6702,6348.54,94.06053269,93.07942659,12041.0,52.72435844
"Korea, Dem. People's Rep. of",2006,252.2251,6327.31,93.89483708,92.76816192,12041.0,52.54804418
"Korea, Dem. People's Rep. of",2007,251.78,6306.08,93.72914147,92.45689725,12041.0,52.37172992
"Korea, Dem. People's Rep. of",2008,251.3349,6284.85,93.56344586,92.14563257,12041.0,52.19541566
"Korea, Dem. People's Rep. of",2009,250.8898,6263.62,93.39775025,91.8343679,12041.0,52.0191014
"Korea, Dem. People's Rep. of",2010,250.4447,6242.39,93.23205464,91.52310323,12041.0,51.84278714
"Korea, Dem. People's Rep. of",2011,249.5929,6221.16,92.91495843,91.21183856,12041.0,51.66647288
"Korea, Dem. People's Rep. of",2012,248.7412,6199.93,92.59789945,90.90057388,12041.0,51.49015862
"Korea, Dem. People's Rep. of",2013,247.8894,6178.7,92.28080325,90.58930921,12041.0,51.31384437
"Korea, Dem. People's Rep. of",2014,247.0377,6157.47,91.96374427,90.27804454,12041.0,51.13753011
"Korea, Dem. People's Rep. of",2015,246.1859,6136.24,91.64664806,89.96677986,12041.0,50.96121585
"Korea, Dem. People's Rep. of",2016,245.2119,6115.01,91.28406095,89.65551519,12041.0,50.78490159
"Korea, Dem. People's Rep. of",2017,244.3606,6093.78,90.96715087,89.34425052,12041.0,50.60858733
"Korea, Dem. People's Rep. of",2018,243.5093,6072.55,90.6502408,89.03298584,12041.0,50.43227307
"Korea, Dem. People's Rep. of",2019,242.6579,6051.32,90.3332935,88.72172117,12041.0,50.25595881
"Korea, Dem. People's Rep. of",2020,241.8066,6030.09,90.01638343,88.4104565,12041.0,50.07964455
"Korea, Dem. People's Rep. of",2021,,6008.86,,88.09919183,12041.0,49.90333029
"Korea, Dem. People's Rep. of",2022,,5987.63,,87.78792715,12041.0,49.72701603
"Korea, Rep. of",1992,157.7709,6536.0,100.0,100.0,9646.0,67.75865644
"Korea, Rep. of",1993,169.3448,6528.5,107.3358902,99.88525092,9646.0,67.680904
"Korea, Rep. of",1994,180.9187,6521.0,114.6717804,99.77050184,9646.0,67.60315157
"Korea, Rep. of",1995,192.4926,6513.5,122.0076706,99.65575275,9646.0,67.52539913
"Korea, Rep. of",1996,204.0665,6506.0,129.3435608,99.54100367,9646.0,67.44764669
"Korea, Rep. of",1997,215.6404,6498.5,136.679451,99.42625459,9646.0,67.36989426
"Korea, Rep. of",1998,227.2143,6491.0,144.0153412,99.31150551,9646.0,67.29214182
"Korea, Rep. of",1999,238.7882,6483.5,151.3512314,99.19675643,9646.0,67.21438938
"Korea, Rep. of",2000,250.3622,6476.0,158.687185,99.08200734,9646.0,67.13663695
"Korea, Rep. of",2001,266.7584,6467.1,169.0795958,98.94583843,9674.0,66.85032045
"Korea, Rep. of",2002,283.1547,6458.2,179.4720699,98.80966952,9679.0,66.72383511
"Korea, Rep. of",2003,299.5509,6449.3,189.8644807,98.67350061,9680.0,66.625
"Korea, Rep. of",2004,315.9472,6440.4,200.2569549,98.5373317,9682.0,66.51931419
"Korea, Rep. of",2005,332.3434,6431.5,210.6493656,98.40116279,9685.0,66.40681466
"Korea, Rep. of",2006,348.7397,6422.6,221.0418398,98.26499388,9688.0,66.29438481
"Korea, Rep. of",2007,365.1359,6413.7,231.4342505,98.12882497,9692.0,66.17519604
"Korea, Rep. of",2008,381.5322,6404.8,241.8267247,97.99265606,9699.0,66.03567378
"Korea, Rep. of",2009,397.9284,6395.9,252.2191355,97.85648715,9706.0,65.89635277
"Korea, Rep. of",2010,414.3247,6387.0,262.6116096,97.72031824,9720.0,65.70987654
"Korea, Rep. of",2011,428.0863,6377.0,271.3341307,97.56731946,9719.0,65.61374627
"Korea, Rep. of",2012,441.848,6367.0,280.0567151,97.41432069,9731.0,65.43006885
"Korea, Rep. of",2013,455.6096,6357.0,288.7792362,97.26132191,9742.6,65.24952271
"Korea, Rep. of",2014,469.3712,6347.0,297.5017573,97.10832313,9743.0,65.1442061
"Korea, Rep. of",2015,483.1329,6337.0,306.2243418,96.95532436,9744.5,65.03155626
"Korea, Rep. of",2016,496.133,6325.0,314.4642009,96.77172583,9748.9,64.87911457
"Korea, Rep. of",2017,511.9928,6317.0,324.5166251,96.64932681,9751.0,64.78309917
"Korea, Rep. of",2018,521.5889,6307.0,330.5989254,96.49632803,9752.0,64.67391304
"Korea, Rep. of",2019,533.7967,6297.0,338.3366007,96.34332925,9760.0,64.51844262
"Korea, Rep. of",2020,545.5859,6287.0,345.8089546,96.19033048,9760.0,64.41598361
"Korea, Rep. of",2021,,6277.0,,96.0373317,9760.0,64.31352459
"Korea, Rep. of",2022,,6267.0,,95.88433293,9760.0,64.21106557
Kuwait,1992,,3.73,,100.0,1782.0,0.209315376
Kuwait,1993,,3.87,,103.7533512,1782.0,0.217171717
Kuwait,1994,,4.01,,107.5067024,1782.0,0.225028058
Kuwait,1995,,4.15,,111.2600536,1782.0,0.2328844
Kuwait,1996,,4.29,,115.0134048,1782.0,0.240740741
Kuwait,1997,,4.43,,118.766756,1782.0,0.248597082
Kuwait,1998,,4.57,,122.5201072,1782.0,0.256453423
Kuwait,1999,,4.71,,126.2734584,1782.0,0.264309764
Kuwait,2000,,4.85,,130.0268097,1782.0,0.272166105
Kuwait,2001,,4.99,,133.7801609,1782.0,0.280022447
Kuwait,2002,,5.13,,137.5335121,1782.0,0.287878788
Kuwait,2003,,5.27,,141.2868633,1782.0,0.295735129
Kuwait,2004,,5.41,,145.0402145,1782.0,0.30359147
Kuwait,2005,,5.55,,148.7935657,1782.0,0.311447811
Kuwait,2006,,5.69,,152.5469169,1782.0,0.319304153
Kuwait,2007,,5.83,,156.3002681,1782.0,0.327160494
Kuwait,2008,,5.97,,160.0536193,1782.0,0.335016835
Kuwait,2009,,6.11,,163.8069705,1782.0,0.342873176
Kuwait,2010,,6.25,,167.5603217,1782.0,0.350729517
Kuwait,2011,,6.25,,167.5603217,1782.0,0.350729517
Kuwait,2012,,6.25,,167.5603217,1782.0,0.350729517
Kuwait,2013,,6.25,,167.5603217,1782.0,0.350729517
Kuwait,2014,,6.25,,167.5603217,1782.0,0.350729517
Kuwait,2015,,6.25,,167.5603217,1782.0,0.350729517
Kuwait,2016,,6.25,,167.5603217,1782.0,0.350729517
Kuwait,2017,,6.25,,167.5603217,1782.0,0.350729517
Kuwait,2018,,6.25,,167.5603217,1782.0,0.350729517
Kuwait,2019,,6.25,,167.5603217,1782.0,0.350729517
Kuwait,2020,,6.25,,167.5603217,1782.0,0.350729517
Kuwait,2021,,6.25,,167.5603217,1782.0,0.350729517
Kuwait,2022,,6.25,,167.5603217,1782.0,0.350729517
Kyrgyz Rep.,1992,32.9119,1145.318,100.0,100.0,19180.0,5.971418144
Kyrgyz Rep.,1993,33.1908,1149.7658,100.8474139,100.3883463,19180.0,5.994607925
Kyrgyz Rep.,1994,33.4698,1154.2135,101.6951315,100.7766839,19180.0,6.017797185
Kyrgyz Rep.,1995,33.7488,1158.6613,102.5428492,101.1650301,19180.0,6.040986966
Kyrgyz Rep.,1996,34.0277,1163.109,103.3902631,101.5533677,19180.0,6.064176225
Kyrgyz Rep.,1997,34.3067,1167.5567,104.2379808,101.9417053,19180.0,6.087365485
Kyrgyz Rep.,1998,34.5857,1172.0045,105.0856985,102.3300516,19180.0,6.110555266
Kyrgyz Rep.,1999,34.8646,1176.4523,105.9331123,102.7183979,19180.0,6.133745047
Kyrgyz Rep.,2000,35.1436,1180.9,106.78083,103.1067354,19180.0,6.156934307
Kyrgyz Rep.,2001,35.1461,1185.778,106.7884261,103.5326433,19180.0,6.182367049
Kyrgyz Rep.,2002,35.1486,1190.656,106.7960221,103.9585512,19180.0,6.207799791
Kyrgyz Rep.,2003,35.1512,1195.534,106.803922,104.3844592,19180.0,6.233232534
Kyrgyz Rep.,2004,35.1537,1200.412,106.811518,104.8103671,19180.0,6.258665276
Kyrgyz Rep.,2005,35.1562,1205.29,106.8191141,105.236275,19180.0,6.284098019
Kyrgyz Rep.,2006,35.1587,1210.168,106.8267101,105.6621829,19180.0,6.309530761
Kyrgyz Rep.,2007,35.1613,1215.046,106.83461,106.0880908,19180.0,6.334963504
Kyrgyz Rep.,2008,35.1638,1219.924,106.842206,106.5139987,19180.0,6.360396246
Kyrgyz Rep.,2009,35.1663,1224.802,106.849802,106.9399066,19180.0,6.385828989
Kyrgyz Rep.,2010,35.1688,1229.68,106.8573981,107.3658146,19180.0,6.411261731
Kyrgyz Rep.,2011,35.3705,1234.106,107.4702463,107.7522575,19180.0,6.434337852
Kyrgyz Rep.,2012,35.5722,1238.532,108.0830946,108.1387003,19180.0,6.457413973
Kyrgyz Rep.,2013,35.7739,1242.958,108.6959428,108.5251432,19180.0,6.480490094
Kyrgyz Rep.,2014,35.9756,1247.384,109.308791,108.9115861,19180.0,6.503566215
Kyrgyz Rep.,2015,36.1773,1251.81,109.9216393,109.298029,19180.0,6.526642336
Kyrgyz Rep.,2016,36.9083,1256.24,112.1427204,109.6848212,19180.0,6.549739312
Kyrgyz Rep.,2017,37.5426,1260.6642,114.0699868,110.0711069,19180.0,6.572806048
Kyrgyz Rep.,2018,38.5077,1278.9,117.0023608,111.663311,19180.0,6.667883212
Kyrgyz Rep.,2019,39.5628,1297.14,120.2081922,113.2558818,19180.0,6.762982273
Kyrgyz Rep.,2020,40.6321,1315.38,123.457169,114.8484526,19180.0,6.858081335
Kyrgyz Rep.,2021,,1333.62,,116.4410234,19180.0,6.953180396
Kyrgyz Rep.,2022,,1351.86,,118.0335942,19180.0,7.048279458
Lao People's Dem. Rep.,1992,1217.0517,17759.4,100.0,100.0,23080.0,76.94714038
Lao People's Dem. Rep.,1993,1214.1871,17717.6,99.76462791,99.76463169,23080.0,76.7660312
Lao People's Dem. Rep.,1994,1211.3226,17675.8,99.52926404,99.52926338,23080.0,76.58492201
Lao People's Dem. Rep.,1995,1208.458,17634.0,99.29389195,99.29389506,23080.0,76.40381282
Lao People's Dem. Rep.,1996,1205.5935,17592.2,99.05852808,99.05852675,23080.0,76.22270364
Lao People's Dem. Rep.,1997,1202.7289,17550.4,98.82315599,98.82315844,23080.0,76.04159445
Lao People's Dem. Rep.,1998,1199.8644,17508.6,98.58779212,98.58779013,23080.0,75.86048527
Lao People's Dem. Rep.,1999,1196.9998,17466.8,98.35242003,98.35242182,23080.0,75.67937608
Lao People's Dem. Rep.,2000,1194.1353,17425.0,98.11705616,98.1170535,23080.0,75.4982669
Lao People's Dem. Rep.,2001,1190.815,17376.55,97.84424113,97.84424023,23080.0,75.28834489
Lao People's Dem. Rep.,2002,1187.4947,17328.1,97.57142609,97.57142696,23080.0,75.07842288
Lao People's Dem. Rep.,2003,1184.1744,17279.65,97.29861106,97.29861369,23080.0,74.86850087
Lao People's Dem. Rep.,2004,1180.8541,17231.2,97.02579603,97.02580042,23080.0,74.65857886
Lao People's Dem. Rep.,2005,1177.5339,17182.75,96.75298921,96.75298715,23080.0,74.44865685
Lao People's Dem. Rep.,2006,1174.2136,17134.3,96.48017418,96.48017388,23080.0,74.23873484
Lao People's Dem. Rep.,2007,1170.8933,17085.85,96.20735915,96.20736061,23080.0,74.02881282
Lao People's Dem. Rep.,2008,1167.573,17037.4,95.93454411,95.93454734,23080.0,73.81889081
Lao People's Dem. Rep.,2009,1164.2527,16988.95,95.66172908,95.66173407,23080.0,73.6089688
Lao People's Dem. Rep.,2010,1160.9325,16940.5,95.38892226,95.3889208,23080.0,73.39904679
Lao People's Dem. Rep.,2011,1158.5682,16906.0,95.19465771,95.19465748,23080.0,73.24956672
Lao People's Dem. Rep.,2012,1156.2039,16871.5,95.00039316,95.00039416,23080.0,73.10008666
Lao People's Dem. Rep.,2013,1153.8396,16837.0,94.80612861,94.80613084,23080.0,72.95060659
Lao People's Dem. Rep.,2014,1151.4753,16802.5,94.61186406,94.61186752,23080.0,72.80112652
Lao People's Dem. Rep.,2015,1149.111,16768.0,94.41759952,94.4176042,23080.0,72.65164645
Lao People's Dem. Rep.,2016,1146.7468,16733.5,94.22334318,94.22334088,23080.0,72.50216638
Lao People's Dem. Rep.,2017,1144.3825,16699.0,94.02907863,94.02907756,23080.0,72.35268631
Lao People's Dem. Rep.,2018,1142.0182,16664.5,93.83481408,93.83481424,23080.0,72.20320624
Lao People's Dem. Rep.,2019,1139.6539,16630.0,93.64054953,93.64055092,23080.0,72.05372617
Lao People's Dem. Rep.,2020,1137.2896,16595.5,93.44628499,93.4462876,23080.0,71.9042461
Lao People's Dem. Rep.,2021,,16561.0,,93.25202428,23080.0,71.75476603
Lao People's Dem. Rep.,2022,,16526.5,,93.05776096,23080.0,71.60528596
Latvia,1992,197.6927,3186.6,100.0,100.0,6222.7,51.20928214
Latvia,1993,201.7774,3193.4,102.0661866,100.2133936,6222.7,51.31855947
Latvia,1994,205.8621,3200.2,104.1323731,100.4267872,6222.7,51.42783679
Latvia,1995,209.9468,3207.0,106.1985597,100.6401808,6222.7,51.53711411
Latvia,1996,214.0315,3213.8,108.2647462,100.8535743,6222.7,51.64639144
Latvia,1997,218.1162,3220.6,110.3309328,101.0669679,6222.7,51.75566876
Latvia,1998,222.2009,3227.4,112.3971194,101.2803615,6222.7,51.86494608
Latvia,1999,226.2856,3234.2,114.4633059,101.4937551,6222.7,51.97422341
Latvia,2000,230.3703,3241.0,116.5294925,101.7071487,6222.7,52.08350073
Latvia,2001,234.7857,3254.112,118.7629589,102.1186217,6222.7,52.29421312
Latvia,2002,239.2011,3267.224,120.9964253,102.5300948,6222.7,52.50492551
Latvia,2003,243.6165,3280.336,123.2298916,102.9415678,6222.7,52.71563791
Latvia,2004,248.0319,3293.448,125.463358,103.3530409,6222.7,52.9263503
Latvia,2005,252.4473,3306.56,127.6968244,103.7645139,6222.7,53.13706269
Latvia,2006,256.8627,3319.672,129.9302908,104.1759869,6222.7,53.34777508
Latvia,2007,261.2781,3332.784,132.1637572,104.58746,6222.7,53.55848747
Latvia,2008,265.6935,3345.896,134.3972236,104.998933,6222.7,53.76919987
Latvia,2009,270.1089,3359.008,136.63069,105.4104061,6222.7,53.97991226
Latvia,2010,274.5243,3372.12,138.8641563,105.8218791,6222.7,54.19062465
Latvia,2011,275.9038,3375.984,139.5619565,105.9431369,6222.7,54.25271988
Latvia,2012,277.2833,3379.848,140.2597567,106.0643947,6222.7,54.31481511
Latvia,2013,278.6627,3383.712,140.9575063,106.1856524,6222.7,54.37691034
Latvia,2014,280.0422,3387.576,141.6553064,106.3069102,6222.7,54.43900558
Latvia,2015,281.4217,3391.44,142.3531066,106.428168,6222.7,54.50110081
Latvia,2016,282.8972,3395.31,143.099467,106.549614,6222.7,54.56329246
Latvia,2017,284.2394,3399.18,143.7783995,106.6710601,6222.7,54.62548411
Latvia,2018,285.652,3403.05,144.4929428,106.7925061,6222.7,54.68767577
Latvia,2019,287.033,3406.92,145.1915018,106.9139522,6222.7,54.74986742
Latvia,2020,288.4164,3410.79,145.8912747,107.0353982,6223.0,54.80941668
Latvia,2021,,3414.66,,107.1568443,6223.0,54.87160534
Latvia,2022,,3418.53,,107.2782903,6223.0,54.93379399
Lebanon,1992,4.8852,139.396,100.0,100.0,1023.0,13.62619746
Lebanon,1993,4.8817,139.244,99.92835503,99.89095813,1023.0,13.6113392
Lebanon,1994,4.8782,139.092,99.85671006,99.78191627,1023.0,13.59648094
Lebanon,1995,4.8747,138.94,99.78506509,99.6728744,1023.0,13.58162268
Lebanon,1996,4.8711,138.788,99.71137313,99.56383253,1023.0,13.56676442
Lebanon,1997,4.8676,138.636,99.63972816,99.45479067,1023.0,13.55190616
Lebanon,1998,4.8641,138.484,99.56808319,99.3457488,1023.0,13.5370479
Lebanon,1999,4.8606,138.332,99.49643822,99.23670694,1023.0,13.52218964
Lebanon,2000,4.857,138.18,99.42274625,99.12766507,1023.0,13.50733138
Lebanon,2001,4.8551,138.097,99.38385327,99.06812247,1023.0,13.49921799
Lebanon,2002,4.8531,138.014,99.34291329,99.00857987,1023.0,13.49110459
Lebanon,2003,4.8512,137.931,99.30402031,98.94903728,1023.0,13.4829912
Lebanon,2004,4.8492,137.848,99.26308032,98.88949468,1023.0,13.47487781
Lebanon,2005,4.8472,137.765,99.22214034,98.82995208,1023.0,13.46676442
Lebanon,2006,4.8453,137.682,99.18324736,98.77040948,1023.0,13.45865103
Lebanon,2007,4.8433,137.599,99.14230738,98.71086688,1023.0,13.45053763
Lebanon,2008,4.8414,137.516,99.10341439,98.65132428,1023.0,13.44242424
Lebanon,2009,4.8394,137.433,99.06247441,98.59178169,1023.0,13.43431085
Lebanon,2010,4.8375,137.35,99.02358143,98.53223909,1023.0,13.42619746
Lebanon,2011,4.8582,137.946,99.44731024,98.95979799,1023.0,13.48445748
Lebanon,2012,4.8789,138.542,99.87103906,99.38735688,1023.0,13.5427175
Lebanon,2013,4.8996,139.138,100.2947679,99.81491578,1023.0,13.60097752
Lebanon,2014,4.9203,139.734,100.7184967,100.2424747,1023.0,13.65923754
Lebanon,2015,4.941,140.33,101.1422255,100.6700336,1023.0,13.71749756
Lebanon,2016,4.9621,140.93,101.5741423,101.100462,1023.0,13.77614858
Lebanon,2017,4.9847,141.53,102.0367641,101.5308904,1023.0,13.83479961
Lebanon,2018,5.0058,142.13,102.4686809,101.9613188,1023.0,13.89345064
Lebanon,2019,5.027,142.73,102.9026447,102.3917473,1023.0,13.95210166
Lebanon,2020,5.0481,143.33,103.3345615,102.8221757,1023.0,14.01075269
Lebanon,2021,,143.93,,103.2526041,1023.0,14.06940371
Lebanon,2022,,144.53,,103.6830325,1023.0,14.12805474
"Lesotho, Kingdom of",1992,1.6394,34.52,100.0,100.0,3036.0,1.137022398
"Lesotho, Kingdom of",1993,1.6394,34.52,100.0,100.0,3036.0,1.137022398
"Lesotho, Kingdom of",1994,1.6394,34.52,100.0,100.0,3036.0,1.137022398
"Lesotho, Kingdom of",1995,1.6394,34.52,100.0,100.0,3036.0,1.137022398
"Lesotho, Kingdom of",1996,1.6394,34.52,100.0,100.0,3036.0,1.137022398
"Lesotho, Kingdom of",1997,1.6394,34.52,100.0,100.0,3036.0,1.137022398
"Lesotho, Kingdom of",1998,1.6394,34.52,100.0,100.0,3036.0,1.137022398
"Lesotho, Kingdom of",1999,1.6394,34.52,100.0,100.0,3036.0,1.137022398
"Lesotho, Kingdom of",2000,1.6394,34.52,100.0,100.0,3036.0,1.137022398
"Lesotho, Kingdom of",2001,1.6394,34.52,100.0,100.0,3036.0,1.137022398
"Lesotho, Kingdom of",2002,1.6394,34.52,100.0,100.0,3036.0,1.137022398
"Lesotho, Kingdom of",2003,1.6394,34.52,100.0,100.0,3036.0,1.137022398
"Lesotho, Kingdom of",2004,1.6394,34.52,100.0,100.0,3036.0,1.137022398
"Lesotho, Kingdom of",2005,1.6394,34.52,100.0,100.0,3036.0,1.137022398
"Lesotho, Kingdom of",2006,1.6394,34.52,100.0,100.0,3036.0,1.137022398
"Lesotho, Kingdom of",2007,1.6394,34.52,100.0,100.0,3036.0,1.137022398
"Lesotho, Kingdom of",2008,1.6394,34.52,100.0,100.0,3036.0,1.137022398
"Lesotho, Kingdom of",2009,1.6394,34.52,100.0,100.0,3036.0,1.137022398
"Lesotho, Kingdom of",2010,1.6394,34.52,100.0,100.0,3036.0,1.137022398
"Lesotho, Kingdom of",2011,1.6394,34.52,100.0,100.0,3036.0,1.137022398
"Lesotho, Kingdom of",2012,1.6394,34.52,100.0,100.0,3036.0,1.137022398
"Lesotho, Kingdom of",2013,1.6394,34.52,100.0,100.0,3036.0,1.137022398
"Lesotho, Kingdom of",2014,1.6394,34.52,100.0,100.0,3036.0,1.137022398
"Lesotho, Kingdom of",2015,1.6394,34.52,100.0,100.0,3036.0,1.137022398
"Lesotho, Kingdom of",2016,1.6394,34.52,100.0,100.0,3036.0,1.137022398
"Lesotho, Kingdom of",2017,1.6394,34.52,100.0,100.0,3036.0,1.137022398
"Lesotho, Kingdom of",2018,1.6394,34.52,100.0,100.0,3036.0,1.137022398
"Lesotho, Kingdom of",2019,1.6394,34.52,100.0,100.0,3036.0,1.137022398
"Lesotho, Kingdom of",2020,1.6394,34.52,100.0,100.0,3036.0,1.137022398
"Lesotho, Kingdom of",2021,,34.52,,100.0,3036.0,1.137022398
"Lesotho, Kingdom of",2022,,34.52,,100.0,3036.0,1.137022398
Liberia,1992,1013.3116,8464.72,100.0,100.0,9632.0,87.88122924
Liberia,1993,1009.6892,8434.46,99.64251865,99.64251623,9632.0,87.56706811
Liberia,1994,1006.0668,8404.2,99.2850373,99.28503246,9632.0,87.25290698
Liberia,1995,1002.4444,8373.94,98.92755595,98.9275487,9632.0,86.93874585
Liberia,1996,998.8219,8343.68,98.57006473,98.57006493,9632.0,86.62458472
Liberia,1997,995.1995,8313.42,98.21258338,98.21258116,9632.0,86.31042359
Liberia,1998,991.5771,8283.16,97.85510202,97.85509739,9632.0,85.99626246
Liberia,1999,987.9547,8252.9,97.49762067,97.49761362,9632.0,85.68210133
Liberia,2000,984.3322,8222.64,97.14012945,97.14012986,9632.0,85.3679402
Liberia,2001,980.7098,8192.38,96.7826481,96.78264609,9632.0,85.05377907
Liberia,2002,977.0874,8162.12,96.42516675,96.42516232,9632.0,84.73961794
Liberia,2003,973.465,8131.86,96.0676854,96.06767855,9632.0,84.42545681
Liberia,2004,969.8425,8101.6,95.71019418,95.71019478,9632.0,84.11129568
Liberia,2005,966.2201,8071.34,95.35271283,95.35271102,9632.0,83.79713455
Liberia,2006,962.5977,8041.08,94.99523148,94.99522725,9632.0,83.48297342
Liberia,2007,958.9753,8010.82,94.63775013,94.63774348,9632.0,83.16881229
Liberia,2008,955.3528,7980.56,94.28025891,94.28025971,9632.0,82.85465116
Liberia,2009,951.7304,7950.3,93.92277755,93.92277595,9632.0,82.54049003
Liberia,2010,948.108,7920.04,93.5652962,93.56529218,9632.0,82.2263289
Liberia,2011,944.4856,7889.78,93.20781485,93.20780841,9632.0,81.91216777
Liberia,2012,940.8631,7859.52,92.85032363,92.85032464,9632.0,81.59800664
Liberia,2013,937.2407,7829.26,92.49284228,92.49284087,9632.0,81.28384551
Liberia,2014,933.6183,7799.0,92.13536093,92.13535711,9632.0,80.96968439
Liberia,2015,929.9959,7768.74,91.77787958,91.77787334,9632.0,80.65552326
Liberia,2016,926.3734,7738.48,91.42038836,91.42038957,9632.0,80.34136213
Liberia,2017,922.751,7708.22,91.06290701,91.0629058,9632.0,80.027201
Liberia,2018,919.1286,7677.96,90.70542566,90.70542203,9632.0,79.71303987
Liberia,2019,915.5062,7647.7,90.3479443,90.34793827,9632.0,79.39887874
Liberia,2020,911.8837,7617.44,89.99045308,89.9904545,9632.0,79.08471761
Liberia,2021,,7587.18,,89.63297073,9632.0,78.77055648
Liberia,2022,,7556.92,,89.27548696,9632.0,78.45639535
Libya,1992,6.05,217.0,100.0,100.0,175954.0,0.123327688
Libya,1993,6.05,217.0,100.0,100.0,175954.0,0.123327688
Libya,1994,6.05,217.0,100.0,100.0,175954.0,0.123327688
Libya,1995,6.05,217.0,100.0,100.0,175954.0,0.123327688
Libya,1996,6.05,217.0,100.0,100.0,175954.0,0.123327688
Libya,1997,6.05,217.0,100.0,100.0,175954.0,0.123327688
Libya,1998,6.05,217.0,100.0,100.0,175954.0,0.123327688
Libya,1999,6.05,217.0,100.0,100.0,175954.0,0.123327688
Libya,2000,6.05,217.0,100.0,100.0,175954.0,0.123327688
Libya,2001,6.05,217.0,100.0,100.0,175954.0,0.123327688
Libya,2002,6.05,217.0,100.0,100.0,175954.0,0.123327688
Libya,2003,6.05,217.0,100.0,100.0,175954.0,0.123327688
Libya,2004,6.05,217.0,100.0,100.0,175954.0,0.123327688
Libya,2005,6.05,217.0,100.0,100.0,175954.0,0.123327688
Libya,2006,6.05,217.0,100.0,100.0,175954.0,0.123327688
Libya,2007,6.05,217.0,100.0,100.0,175954.0,0.123327688
Libya,2008,6.05,217.0,100.0,100.0,175954.0,0.123327688
Libya,2009,6.05,217.0,100.0,100.0,175954.0,0.123327688
Libya,2010,6.05,217.0,100.0,100.0,175954.0,0.123327688
Libya,2011,6.05,217.0,100.0,100.0,175954.0,0.123327688
Libya,2012,6.05,217.0,100.0,100.0,175954.0,0.123327688
Libya,2013,6.05,217.0,100.0,100.0,175954.0,0.123327688
Libya,2014,6.05,217.0,100.0,100.0,175954.0,0.123327688
Libya,2015,6.05,217.0,100.0,100.0,175954.0,0.123327688
Libya,2016,6.05,217.0,100.0,100.0,175954.0,0.123327688
Libya,2017,6.05,217.0,100.0,100.0,175954.0,0.123327688
Libya,2018,6.05,217.0,100.0,100.0,175954.0,0.123327688
Libya,2019,6.05,217.0,100.0,100.0,175954.0,0.123327688
Libya,2020,6.05,217.0,100.0,100.0,175954.0,0.123327688
Libya,2021,,217.0,,100.0,175954.0,0.123327688
Libya,2022,,217.0,,100.0,175954.0,0.123327688
Liechtenstein,1992,1.0361,6.54,100.0,100.0,16.0,40.875
Liechtenstein,1993,1.0299,6.56,99.40160216,100.3058104,16.0,41.0
Liechtenstein,1994,1.0238,6.58,98.8128559,100.6116208,16.0,41.125
Liechtenstein,1995,1.0176,6.6,98.21445806,100.9174312,16.0,41.25
Liechtenstein,1996,1.0115,6.62,97.6257118,101.2232416,16.0,41.375
Liechtenstein,1997,1.0053,6.64,97.02731397,101.529052,16.0,41.5
Liechtenstein,1998,0.9992,6.66,96.43856771,101.8348624,16.0,41.625
Liechtenstein,1999,0.993,6.68,95.84016987,102.1406728,16.0,41.75
Liechtenstein,2000,0.9868,6.7,95.24177203,102.4464832,16.0,41.875
Liechtenstein,2001,0.9789,6.6999,94.47929737,102.4449541,16.0,41.874375
Liechtenstein,2002,0.9709,6.6998,93.70717112,102.4434251,16.0,41.87375
Liechtenstein,2003,0.9629,6.6998,92.93504488,102.4434251,16.0,41.87375
Liechtenstein,2004,0.955,6.6997,92.17257022,102.441896,16.0,41.873125
Liechtenstein,2005,0.947,6.6996,91.40044397,102.440367,16.0,41.8725
Liechtenstein,2006,0.939,6.6995,90.62831773,102.4388379,16.0,41.871875
Liechtenstein,2007,0.931,6.6994,89.85619149,102.4373089,16.0,41.87125
Liechtenstein,2008,0.9231,6.6994,89.09371682,102.4373089,16.0,41.87125
Liechtenstein,2009,0.9151,6.6993,88.32159058,102.4357798,16.0,41.870625
Liechtenstein,2010,0.9071,6.6992,87.54946434,102.4342508,16.0,41.87
Liechtenstein,2011,0.9072,6.6994,87.55911592,102.4373089,16.0,41.87125
Liechtenstein,2012,0.9072,6.6995,87.55911592,102.4388379,16.0,41.871875
Liechtenstein,2013,0.9072,6.6997,87.55911592,102.441896,16.0,41.873125
Liechtenstein,2014,0.9072,6.6998,87.55911592,102.4434251,16.0,41.87375
Liechtenstein,2015,0.9072,6.7,87.55911592,102.4464832,16.0,41.875
Liechtenstein,2016,0.9072,6.7,87.55911592,102.4464832,16.0,41.875
Liechtenstein,2017,0.9072,6.7,87.55911592,102.4464832,16.0,41.875
Liechtenstein,2018,0.9072,6.7,87.55911592,102.4464832,16.0,41.875
Liechtenstein,2019,0.9072,6.7,87.55911592,102.4464832,16.0,41.875
Liechtenstein,2020,0.9072,6.7,87.55911592,102.4464832,16.0,41.875
Liechtenstein,2021,,6.7,,102.4464832,16.0,41.875
Liechtenstein,2022,,6.7,,102.4464832,16.0,41.875
Lithuania,1992,136.3368,1960.0,100.0,100.0,6268.0,31.26994257
Lithuania,1993,137.5,1967.5,100.8531812,100.3826531,6268.0,31.38959796
Lithuania,1994,138.6631,1975.0,101.7062891,100.7653061,6268.0,31.50925335
Lithuania,1995,139.8262,1982.5,102.559397,101.1479592,6268.0,31.62890874
Lithuania,1996,140.9894,1990.0,103.4125783,101.5306122,6268.0,31.74856414
Lithuania,1997,142.1525,1997.5,104.2656862,101.9132653,6268.0,31.86821953
Lithuania,1998,143.3157,2005.0,105.1188674,102.2959184,6268.0,31.98787492
Lithuania,1999,144.4788,2012.5,105.9719753,102.6785714,6268.0,32.10753031
Lithuania,2000,145.642,2020.0,106.8251565,103.0612245,6268.0,32.22718571
Lithuania,2001,146.9405,2035.0,107.7775773,103.8265306,6268.0,32.46649649
Lithuania,2002,148.239,2050.0,108.7299981,104.5918367,6268.0,32.70580728
Lithuania,2003,149.5375,2065.0,109.6824188,105.3571429,6268.0,32.94511806
Lithuania,2004,150.836,2080.0,110.6348396,106.122449,6268.0,33.18442884
Lithuania,2005,152.1345,2095.0,111.5872604,106.8877551,6268.0,33.42373963
Lithuania,2006,153.433,2110.0,112.5396811,107.6530612,6268.0,33.66305041
Lithuania,2007,154.7315,2125.0,113.4921019,108.4183673,6268.0,33.9023612
Lithuania,2008,156.03,2140.0,114.4445227,109.1836735,6267.5,34.14439569
Lithuania,2009,157.3285,2155.0,115.3969435,109.9489796,6267.5,34.38372557
Lithuania,2010,158.627,2170.0,116.3493642,110.7142857,6267.5,34.62305544
Lithuania,2011,161.5874,2173.4,118.5207516,110.8877551,6267.4,34.67785685
Lithuania,2012,164.5478,2176.8,120.6921389,111.0612245,6267.4,34.73210582
Lithuania,2013,167.5083,2180.2,122.8635996,111.2346939,6267.5,34.78579976
Lithuania,2014,170.4687,2183.6,125.0349869,111.4081633,6265.0,34.85395052
Lithuania,2015,173.4291,2187.0,127.2063742,111.5816327,6265.0,34.90822027
Lithuania,2016,175.419,2190.0,128.6659215,111.7346939,6264.2,34.96056959
Lithuania,2017,176.778,2196.0,129.6627176,112.0408163,6264.1,35.05691161
Lithuania,2018,178.038,2198.0,130.5868995,112.1428571,6263.0,35.0950024
Lithuania,2019,179.52,2200.0,131.6739134,112.244898,6262.0,35.13254551
Lithuania,2020,180.7021,2201.0,132.5409574,112.2959184,6262.0,35.14851485
Lithuania,2021,,2202.6667,,112.3809541,6261.0,35.18074908
Lithuania,2022,,2203.8889,,112.4433112,6260.4,35.20364354
Luxembourg,1992,5.841178429,87.54630239,100.0,100.0,,
Luxembourg,1993,5.975110015,87.44051459,102.2928864,99.8791636,,
Luxembourg,1994,6.109041601,87.33472679,104.5857728,99.7583272,,
Luxembourg,1995,6.242962815,87.22893899,106.8784816,99.63749081,,
Luxembourg,1996,6.376894401,87.12315119,109.171368,99.51665441,,
Luxembourg,1997,6.510815614,87.0173634,111.4640769,99.39581801,,
Luxembourg,1998,6.6447472,86.9115756,113.7569633,99.27498161,,
Luxembourg,1999,6.778678787,86.8057878,116.0498497,99.15414521,,
Luxembourg,2000,6.9126,86.7,118.3425585,99.03330882,257.446,33.67696527
Luxembourg,2001,7.0541,86.9,120.7650149,99.26175936,257.446,33.75465146
Luxembourg,2002,7.1957,87.1,123.1891833,99.49020989,257.446,33.83233766
Luxembourg,2003,7.3372,87.3,125.6116397,99.71866043,257.446,33.91002385
Luxembourg,2004,7.4788,87.5,128.035808,99.94711097,257.446,33.98771004
Luxembourg,2005,7.6203,87.7,130.4582644,100.1755615,257.446,34.06539624
Luxembourg,2006,7.7619,87.9,132.8824328,100.4040121,257.446,34.14308243
Luxembourg,2007,7.9034,88.1,135.3048892,100.6324626,257.446,34.22076863
Luxembourg,2008,8.045,88.3,137.7290575,100.8609131,257.446,34.29845482
Luxembourg,2009,8.1865,88.5,140.1515139,101.0893637,257.446,34.37614102
Luxembourg,2010,8.328,88.7,142.5739703,101.3178142,257.446,34.45382721
Luxembourg,2011,8.3942,88.7,143.7073033,101.3178142,257.446,34.45382721
Luxembourg,2012,8.4604,88.7,144.8406362,101.3178142,257.446,34.45382721
Luxembourg,2013,8.5266,88.7,145.9739692,101.3178142,257.446,34.45382721
Luxembourg,2014,8.5927,88.7,147.1055902,101.3178142,257.446,34.45382721
Luxembourg,2015,8.6589,88.7,148.2389231,101.3178142,257.446,34.45382721
Luxembourg,2016,8.6474,88.7,148.042045,101.3178142,257.446,34.45382721
Luxembourg,2017,8.7396,88.7,149.6204936,101.3178142,257.446,34.45382721
Luxembourg,2018,8.831,88.7,151.1852464,101.3178142,257.446,34.45382721
Luxembourg,2019,8.9232,88.7,152.763695,101.3178142,257.446,34.45382721
Luxembourg,2020,9.0403,88.7,154.7684275,101.3178142,257.446,34.45382721
Luxembourg,2021,,88.7,,101.3178142,257.446,34.45382721
Luxembourg,2022,,88.7,,101.3178142,257.446,34.45382721
"Madagascar, Rep. of",1992,1314.9999,13560.894,100.0,100.0,58154.0,23.31893593
"Madagascar, Rep. of",1993,1308.5729,13494.616,99.51125472,99.51125641,58154.0,23.20496612
"Madagascar, Rep. of",1994,1302.1459,13428.338,99.02250943,99.02251282,58154.0,23.09099632
"Madagascar, Rep. of",1995,1295.719,13362.06,98.53377175,98.53376923,58154.0,22.97702652
"Madagascar, Rep. of",1996,1289.292,13295.782,98.04502647,98.04502565,58154.0,22.86305671
"Madagascar, Rep. of",1997,1282.865,13229.504,97.55628118,97.55628206,58154.0,22.74908691
"Madagascar, Rep. of",1998,1276.438,13163.226,97.0675359,97.06753847,58154.0,22.6351171
"Madagascar, Rep. of",1999,1270.011,13096.948,96.57879061,96.57879488,58154.0,22.5211473
"Madagascar, Rep. of",2000,1263.5841,13030.67,96.09005293,96.09005129,58154.0,22.40717749
"Madagascar, Rep. of",2001,1259.0392,12983.801,95.74443314,95.74443248,58154.0,22.32658287
"Madagascar, Rep. of",2002,1254.4943,12936.932,95.39881334,95.39881368,58154.0,22.24598824
"Madagascar, Rep. of",2003,1249.9494,12890.063,95.05319354,95.05319487,58154.0,22.16539361
"Madagascar, Rep. of",2004,1245.4045,12843.194,94.70757374,94.70757606,58154.0,22.08479898
"Madagascar, Rep. of",2005,1240.8596,12796.325,94.36195394,94.36195726,58154.0,22.00420435
"Madagascar, Rep. of",2006,1236.3147,12749.456,94.01633415,94.01633845,58154.0,21.92360973
"Madagascar, Rep. of",2007,1231.7699,12702.587,93.67072195,93.67071964,58154.0,21.8430151
"Madagascar, Rep. of",2008,1227.225,12655.718,93.32510215,93.32510084,58154.0,21.76242047
"Madagascar, Rep. of",2009,1222.6801,12608.849,92.97948236,92.97948203,58154.0,21.68182584
"Madagascar, Rep. of",2010,1218.1352,12561.98,92.63386256,92.63386322,58154.0,21.60123121
"Madagascar, Rep. of",2011,1216.8535,12548.762,92.53639487,92.53639177,58179.5,21.56904408
"Madagascar, Rep. of",2012,1215.5717,12535.544,92.43891958,92.43892032,58179.5,21.54632474
"Madagascar, Rep. of",2013,1214.29,12522.326,92.34145189,92.34144887,58180.0,21.52342042
"Madagascar, Rep. of",2014,1213.0082,12509.108,92.2439766,92.24397743,58180.0,21.50070127
"Madagascar, Rep. of",2015,1211.7265,12495.89,92.14650891,92.14650598,58180.0,21.47798212
"Madagascar, Rep. of",2016,1210.4455,12482.68,92.04909445,92.04909352,58180.0,21.45527673
"Madagascar, Rep. of",2017,1209.1635,12469.46,91.95160395,91.95160732,58180.0,21.43255414
"Madagascar, Rep. of",2018,1207.8816,12456.24,91.85412105,91.85412112,58180.0,21.40983156
"Madagascar, Rep. of",2019,1206.6006,12443.03,91.7567066,91.75670867,58180.0,21.38712616
"Madagascar, Rep. of",2020,1205.3187,12429.81,91.6592237,91.65922247,58180.0,21.36440358
"Madagascar, Rep. of",2021,,12416.5967,,91.56178568,58180.0,21.34169251
"Madagascar, Rep. of",2022,,12403.3789,,91.4643157,58180.0,21.3189737
Malawi,1992,156.8724,3417.7,100.0,100.0,9428.0,36.25053034
Malawi,1993,154.9446,3375.7,98.77110314,98.77110337,9428.0,35.80504879
Malawi,1994,153.0168,3333.7,97.54220628,97.54220675,9428.0,35.35956725
Malawi,1995,151.089,3291.7,96.31330942,96.31331012,9428.0,34.9140857
Malawi,1996,149.1612,3249.7,95.08441255,95.08441349,9428.0,34.46860416
Malawi,1997,147.2334,3207.7,93.85551569,93.85551687,9428.0,34.02312261
Malawi,1998,145.3056,3165.7,92.62661883,92.62662024,9428.0,33.57764107
Malawi,1999,143.3778,3123.7,91.39772197,91.39772362,9428.0,33.13215952
Malawi,2000,141.45,3081.7,90.16882511,90.16882699,9428.0,32.68667798
Malawi,2001,139.5222,3039.7,88.93992825,88.93993036,9428.0,32.24119644
Malawi,2002,137.5944,2997.7,87.71103139,87.71103374,9428.0,31.79571489
Malawi,2003,135.6666,2955.7,86.48213452,86.48213711,9428.0,31.35023335
Malawi,2004,133.7388,2913.7,85.25323766,85.25324048,9428.0,30.9047518
Malawi,2005,131.811,2871.7,84.0243408,84.02434386,9428.0,30.45927026
Malawi,2006,129.8832,2829.7,82.79544394,82.79544723,9428.0,30.01378871
Malawi,2007,127.9554,2787.7,81.56654708,81.5665506,9428.0,29.56830717
Malawi,2008,126.0276,2745.7,80.33765022,80.33765398,9428.0,29.12282563
Malawi,2009,124.0998,2703.7,79.10875336,79.10875735,9428.0,28.67734408
Malawi,2010,122.172,2661.7,77.87985649,77.87986073,9428.0,28.23186254
Malawi,2011,120.2442,2619.7,76.65095963,76.6509641,9428.0,27.78638099
Malawi,2012,118.3164,2577.7,75.42206277,75.42206747,9428.0,27.34089945
Malawi,2013,116.3886,2535.7,74.19316591,74.19317085,9428.0,26.8954179
Malawi,2014,114.4608,2493.7,72.96426905,72.96427422,9428.0,26.44993636
Malawi,2015,112.533,2451.7,71.73537219,71.73537759,9428.0,26.00445482
Malawi,2016,110.6052,2409.7,70.50647533,70.50648097,9428.0,25.55897327
Malawi,2017,108.6774,2367.7,69.27757847,69.27758434,9428.0,25.11349173
Malawi,2018,106.7496,2325.7,68.0486816,68.04868771,9428.0,24.66801018
Malawi,2019,104.8218,2283.7,66.81978474,66.81979109,9428.0,24.22252864
Malawi,2020,102.894,2241.7,65.59088788,65.59089446,9428.0,23.77704709
Malawi,2021,,2199.7,,64.36199783,9428.0,23.33156555
Malawi,2022,,2157.7,,63.13310121,9428.0,22.88608401
Malaysia,1992,2525.9073,20433.07,100.0,100.0,32855.0,62.19166033
Malaysia,1993,2504.4315,20340.355,99.14977877,99.54625027,32855.0,61.90946583
Malaysia,1994,2482.9557,20247.64,98.29955755,99.09250054,32855.0,61.62727134
Malaysia,1995,2461.4799,20154.925,97.44933632,98.63875081,32855.0,61.34507685
Malaysia,1996,2440.0041,20062.21,96.5991151,98.18500108,32855.0,61.06288236
Malaysia,1997,2418.5283,19969.495,95.74889387,97.73125135,32855.0,60.78068787
Malaysia,1998,2397.0525,19876.78,94.89867265,97.27750162,32855.0,60.49849338
Malaysia,1999,2375.5767,19784.065,94.04845142,96.82375189,32855.0,60.21629889
Malaysia,2000,2354.1009,19691.35,93.1982302,96.37000216,32855.0,59.9341044
Malaysia,2001,2335.4519,19616.98,92.45992123,96.00603336,32855.0,59.70774616
Malaysia,2002,2316.8029,19542.61,91.72161227,95.64206456,32855.0,59.48138792
Malaysia,2003,2298.154,19468.24,90.98330727,95.27809575,32855.0,59.25502968
Malaysia,2004,2279.505,19393.87,90.2449983,94.91412695,32855.0,59.02867144
Malaysia,2005,2260.856,19319.5,89.50668934,94.55015815,32855.0,58.80231319
Malaysia,2006,2242.2071,19245.13,88.76838433,94.18618935,32855.0,58.57595495
Malaysia,2007,2223.5581,19170.76,88.03007537,93.82222055,32855.0,58.34959671
Malaysia,2008,2204.9091,19096.39,87.29176641,93.45825175,32855.0,58.12323847
Malaysia,2009,2186.2601,19022.02,86.55345744,93.09428294,32855.0,57.89688023
Malaysia,2010,2167.6112,18947.65,85.81515244,92.73031414,32855.0,57.67052199
Malaysia,2011,2210.3005,19050.964,87.5052105,93.23593567,32855.0,57.98497641
Malaysia,2012,2252.9899,19154.278,89.19527253,93.74155719,32855.0,58.29943083
Malaysia,2013,2295.6793,19257.592,90.88533455,94.24717872,32855.0,58.61388525
Malaysia,2014,2338.3687,19360.906,92.57539657,94.75280024,32855.0,58.92833967
Malaysia,2015,2381.058,19464.22,94.26545463,95.25842176,32855.0,59.2427941
Malaysia,2016,2362.1805,19314.64,93.51809942,94.52637318,32855.0,58.78752093
Malaysia,2017,2356.0471,19264.49,93.27527974,94.28093772,32855.0,58.63488054
Malaysia,2018,2350.1059,19214.34,93.04006921,94.03550225,32855.0,58.48224015
Malaysia,2019,2343.9721,19164.19,92.79723369,93.79006679,32855.0,58.32959976
Malaysia,2020,2337.8382,19114.04,92.55439422,93.54463133,32855.0,58.17695937
Malaysia,2021,,19063.89,,93.29919586,32855.0,58.02431898
Malaysia,2022,,19013.74,,93.0537604,32855.0,57.87167859
Maldives,1992,0.0645,0.82,100.0,100.0,30.0,2.733333333
Maldives,1993,0.0645,0.82,100.0,100.0,30.0,2.733333333
Maldives,1994,0.0645,0.82,100.0,100.0,30.0,2.733333333
Maldives,1995,0.0645,0.82,100.0,100.0,30.0,2.733333333
Maldives,1996,0.0645,0.82,100.0,100.0,30.0,2.733333333
Maldives,1997,0.0645,0.82,100.0,100.0,30.0,2.733333333
Maldives,1998,0.0645,0.82,100.0,100.0,30.0,2.733333333
Maldives,1999,0.0645,0.82,100.0,100.0,30.0,2.733333333
Maldives,2000,0.0645,0.82,100.0,100.0,30.0,2.733333333
Maldives,2001,0.0645,0.82,100.0,100.0,30.0,2.733333333
Maldives,2002,0.0645,0.82,100.0,100.0,30.0,2.733333333
Maldives,2003,0.0645,0.82,100.0,100.0,30.0,2.733333333
Maldives,2004,0.0645,0.82,100.0,100.0,30.0,2.733333333
Maldives,2005,0.0645,0.82,100.0,100.0,30.0,2.733333333
Maldives,2006,0.0645,0.82,100.0,100.0,30.0,2.733333333
Maldives,2007,0.0645,0.82,100.0,100.0,30.0,2.733333333
Maldives,2008,0.0645,0.82,100.0,100.0,30.0,2.733333333
Maldives,2009,0.0645,0.82,100.0,100.0,30.0,2.733333333
Maldives,2010,0.0645,0.82,100.0,100.0,30.0,2.733333333
Maldives,2011,0.0645,0.82,100.0,100.0,30.0,2.733333333
Maldives,2012,0.0645,0.82,100.0,100.0,30.0,2.733333333
Maldives,2013,0.0645,0.82,100.0,100.0,30.0,2.733333333
Maldives,2014,0.0645,0.82,100.0,100.0,30.0,2.733333333
Maldives,2015,0.0645,0.82,100.0,100.0,30.0,2.733333333
Maldives,2016,0.0645,0.82,100.0,100.0,30.0,2.733333333
Maldives,2017,0.0645,0.82,100.0,100.0,30.0,2.733333333
Maldives,2018,0.0645,0.82,100.0,100.0,30.0,2.733333333
Maldives,2019,0.0645,0.82,100.0,100.0,30.0,2.733333333
Maldives,2020,0.0645,0.82,100.0,100.0,30.0,2.733333333
Maldives,2021,,0.82,,100.0,30.0,2.733333333
Maldives,2022,,0.82,,100.0,30.0,2.733333333
Mali,1992,362.316,13296.0,100.0,100.0,122019.0,10.89666363
Mali,1993,362.316,13296.0,100.0,100.0,122019.0,10.89666363
Mali,1994,362.316,13296.0,100.0,100.0,122019.0,10.89666363
Mali,1995,362.316,13296.0,100.0,100.0,122019.0,10.89666363
Mali,1996,362.316,13296.0,100.0,100.0,122019.0,10.89666363
Mali,1997,362.316,13296.0,100.0,100.0,122019.0,10.89666363
Mali,1998,362.316,13296.0,100.0,100.0,122019.0,10.89666363
Mali,1999,362.316,13296.0,100.0,100.0,122019.0,10.89666363
Mali,2000,362.316,13296.0,100.0,100.0,122019.0,10.89666363
Mali,2001,362.316,13296.0,100.0,100.0,122019.0,10.89666363
Mali,2002,362.316,13296.0,100.0,100.0,122019.0,10.89666363
Mali,2003,362.316,13296.0,100.0,100.0,122019.0,10.89666363
Mali,2004,362.316,13296.0,100.0,100.0,122019.0,10.89666363
Mali,2005,362.316,13296.0,100.0,100.0,122019.0,10.89666363
Mali,2006,362.316,13296.0,100.0,100.0,122019.0,10.89666363
Mali,2007,362.316,13296.0,100.0,100.0,122019.0,10.89666363
Mali,2008,362.316,13296.0,100.0,100.0,122019.0,10.89666363
Mali,2009,362.316,13296.0,100.0,100.0,122019.0,10.89666363
Mali,2010,362.316,13296.0,100.0,100.0,122019.0,10.89666363
Mali,2011,362.316,13296.0,100.0,100.0,122019.0,10.89666363
Mali,2012,362.316,13296.0,100.0,100.0,122019.0,10.89666363
Mali,2013,362.316,13296.0,100.0,100.0,122019.0,10.89666363
Mali,2014,362.316,13296.0,100.0,100.0,122019.0,10.89666363
Mali,2015,362.316,13296.0,100.0,100.0,122019.0,10.89666363
Mali,2016,362.316,13296.0,100.0,100.0,122019.0,10.89666363
Mali,2017,362.316,13296.0,100.0,100.0,122019.0,10.89666363
Mali,2018,362.316,13296.0,100.0,100.0,122019.0,10.89666363
Mali,2019,362.316,13296.0,100.0,100.0,122019.0,10.89666363
Mali,2020,362.316,13296.0,100.0,100.0,122019.0,10.89666363
Mali,2021,,13296.0,,100.0,122019.0,10.89666363
Mali,2022,,13296.0,,100.0,122019.0,10.89666363
Malta,1992,0.0,0.35,,100.0,32.0,1.09375
Malta,1993,0.0,0.35,,100.0,32.0,1.09375
Malta,1994,0.0,0.35,,100.0,32.0,1.09375
Malta,1995,0.0,0.35,,100.0,32.0,1.09375
Malta,1996,0.0,0.35,,100.0,32.0,1.09375
Malta,1997,0.0,0.35,,100.0,32.0,1.09375
Malta,1998,0.0,0.35,,100.0,32.0,1.09375
Malta,1999,0.0,0.35,,100.0,32.0,1.09375
Malta,2000,0.0,0.35,,100.0,32.0,1.09375
Malta,2001,0.0,0.35,,100.0,32.0,1.09375
Malta,2002,0.0,0.35,,100.0,32.0,1.09375
Malta,2003,0.0,0.35,,100.0,32.0,1.09375
Malta,2004,0.0,0.35,,100.0,32.0,1.09375
Malta,2005,0.0,0.35,,100.0,32.0,1.09375
Malta,2006,0.0,0.35,,100.0,32.0,1.09375
Malta,2007,0.0,0.35,,100.0,32.0,1.09375
Malta,2008,0.0,0.35,,100.0,32.0,1.09375
Malta,2009,0.0,0.35,,100.0,32.0,1.09375
Malta,2010,0.0,0.35,,100.0,32.0,1.09375
Malta,2011,0.0,0.35,,100.0,32.0,1.09375
Malta,2012,0.0,0.35,,100.0,32.0,1.09375
Malta,2013,0.0,0.35,,100.0,32.0,1.09375
Malta,2014,0.0,0.35,,100.0,32.0,1.09375
Malta,2015,0.0,0.35,,100.0,32.0,1.09375
Malta,2016,0.0,0.38,,108.5714286,32.0,1.1875
Malta,2017,0.0,0.42,,120.0,32.0,1.3125
Malta,2018,0.0,0.46,,131.4285714,32.0,1.4375
Malta,2019,0.0,0.46,,131.4285714,32.0,1.4375
Malta,2020,0.0,0.46,,131.4285714,32.0,1.4375
Malta,2021,,0.46,,131.4285714,32.0,1.4375
Malta,2022,,0.46,,131.4285714,32.0,1.4375
"Marshall Islands, Rep. of the",1992,0.7238,9.4,100.0,100.0,18.0,52.22222222
"Marshall Islands, Rep. of the",1993,0.7238,9.4,100.0,100.0,18.0,52.22222222
"Marshall Islands, Rep. of the",1994,0.7238,9.4,100.0,100.0,18.0,52.22222222
"Marshall Islands, Rep. of the",1995,0.7238,9.4,100.0,100.0,18.0,52.22222222
"Marshall Islands, Rep. of the",1996,0.7238,9.4,100.0,100.0,18.0,52.22222222
"Marshall Islands, Rep. of the",1997,0.7238,9.4,100.0,100.0,18.0,52.22222222
"Marshall Islands, Rep. of the",1998,0.7238,9.4,100.0,100.0,18.0,52.22222222
"Marshall Islands, Rep. of the",1999,0.7238,9.4,100.0,100.0,18.0,52.22222222
"Marshall Islands, Rep. of the",2000,0.7238,9.4,100.0,100.0,18.0,52.22222222
"Marshall Islands, Rep. of the",2001,0.7238,9.4,100.0,100.0,18.0,52.22222222
"Marshall Islands, Rep. of the",2002,0.7238,9.4,100.0,100.0,18.0,52.22222222
"Marshall Islands, Rep. of the",2003,0.7238,9.4,100.0,100.0,18.0,52.22222222
"Marshall Islands, Rep. of the",2004,0.7238,9.4,100.0,100.0,18.0,52.22222222
"Marshall Islands, Rep. of the",2005,0.7238,9.4,100.0,100.0,18.0,52.22222222
"Marshall Islands, Rep. of the",2006,0.7238,9.4,100.0,100.0,18.0,52.22222222
"Marshall Islands, Rep. of the",2007,0.7238,9.4,100.0,100.0,18.0,52.22222222
"Marshall Islands, Rep. of the",2008,0.7238,9.4,100.0,100.0,18.0,52.22222222
"Marshall Islands, Rep. of the",2009,0.7238,9.4,100.0,100.0,18.0,52.22222222
"Marshall Islands, Rep. of the",2010,0.7238,9.4,100.0,100.0,18.0,52.22222222
"Marshall Islands, Rep. of the",2011,0.7238,9.4,100.0,100.0,18.0,52.22222222
"Marshall Islands, Rep. of the",2012,0.7238,9.4,100.0,100.0,18.0,52.22222222
"Marshall Islands, Rep. of the",2013,0.7238,9.4,100.0,100.0,18.0,52.22222222
"Marshall Islands, Rep. of the",2014,0.7238,9.4,100.0,100.0,18.0,52.22222222
"Marshall Islands, Rep. of the",2015,0.7238,9.4,100.0,100.0,18.0,52.22222222
"Marshall Islands, Rep. of the",2016,0.7238,9.4,100.0,100.0,18.0,52.22222222
"Marshall Islands, Rep. of the",2017,0.7238,9.4,100.0,100.0,18.0,52.22222222
"Marshall Islands, Rep. of the",2018,0.7238,9.4,100.0,100.0,18.0,52.22222222
"Marshall Islands, Rep. of the",2019,0.7238,9.4,100.0,100.0,18.0,52.22222222
"Marshall Islands, Rep. of the",2020,0.7238,9.4,100.0,100.0,18.0,52.22222222
"Marshall Islands, Rep. of the",2021,,9.4,,100.0,18.0,52.22222222
"Marshall Islands, Rep. of the",2022,,9.4,,100.0,18.0,52.22222222
Martinique,1992,8.6436,48.02,100.0,100.0,106.0,45.30188679
Martinique,1993,8.6598,48.11,100.1874219,100.1874219,106.0,45.38679245
Martinique,1994,8.676,48.2,100.3748438,100.3748438,106.0,45.47169811
Martinique,1995,8.6922,48.29,100.5622657,100.5622657,106.0,45.55660377
Martinique,1996,8.7084,48.38,100.7496876,100.7496876,106.0,45.64150943
Martinique,1997,8.7246,48.47,100.9371095,100.9371095,106.0,45.72641509
Martinique,1998,8.7408,48.56,101.1245314,101.1245314,106.0,45.81132075
Martinique,1999,8.757,48.65,101.3119534,101.3119534,106.0,45.89622642
Martinique,2000,8.7732,48.74,101.4993753,101.4993753,106.0,45.98113208
Martinique,2001,8.8011,48.895,101.8221574,101.8221574,106.0,46.12735849
Martinique,2002,8.829,49.05,102.1449396,102.1449396,106.0,46.27358491
Martinique,2003,8.8569,49.205,102.4677218,102.4677218,106.0,46.41981132
Martinique,2004,8.8848,49.36,102.790504,102.790504,106.0,46.56603774
Martinique,2005,8.9127,49.515,103.1132861,103.1132861,106.0,46.71226415
Martinique,2006,8.9406,49.67,103.4360683,103.4360683,106.0,46.85849057
Martinique,2007,8.9685,49.825,103.7588505,103.7588505,106.0,47.00471698
Martinique,2008,8.9964,49.98,104.0816327,104.0816327,106.0,47.1509434
Martinique,2009,9.0243,50.135,104.4044148,104.4044148,106.0,47.29716981
Martinique,2010,9.0522,50.29,104.727197,104.727197,106.0,47.44339623
Martinique,2011,9.0882,50.49,105.1436901,105.1436901,106.0,47.63207547
Martinique,2012,9.1242,50.69,105.5601833,105.5601833,106.0,47.82075472
Martinique,2013,9.1602,50.89,105.9766764,105.9766764,106.0,48.00943396
Martinique,2014,9.1962,51.09,106.3931695,106.3931695,106.0,48.19811321
Martinique,2015,9.2322,51.29,106.8096626,106.8096626,106.0,48.38679245
Martinique,2016,9.2682,51.49,107.2261558,107.2261558,106.0,48.5754717
Martinique,2017,9.304,51.689,107.640335,107.6405664,106.0,48.76320755
Martinique,2018,9.3402,51.89,108.059142,108.059142,106.0,48.95283019
Martinique,2019,9.3762,52.09,108.4756352,108.4756352,106.0,49.14150943
Martinique,2020,9.4122,52.29,108.8921283,108.8921283,106.0,49.33018868
Martinique,2021,,52.49,,109.3086214,106.0,49.51886792
Martinique,2022,,52.69,,109.7251145,106.0,49.70754717
"Mauritania, Islamic Rep. of",1992,11.9409,465.16,100.0,100.0,103070.0,0.451304938
"Mauritania, Islamic Rep. of",1993,11.8323,459.72,99.09052082,98.83050993,103070.0,0.446026972
"Mauritania, Islamic Rep. of",1994,11.7237,454.28,98.18104163,97.66101986,103070.0,0.440749006
"Mauritania, Islamic Rep. of",1995,11.6152,448.84,97.2723999,96.4915298,103070.0,0.435471039
"Mauritania, Islamic Rep. of",1996,11.5066,443.4,96.36292072,95.32203973,103070.0,0.430193073
"Mauritania, Islamic Rep. of",1997,11.398,437.96,95.45344153,94.15254966,103070.0,0.424915106
"Mauritania, Islamic Rep. of",1998,11.2894,432.52,94.54396235,92.98305959,103070.0,0.41963714
"Mauritania, Islamic Rep. of",1999,11.1808,427.08,93.63448316,91.81356952,103070.0,0.414359173
"Mauritania, Islamic Rep. of",2000,11.0723,421.64,92.72584144,90.64407946,103070.0,0.409081207
"Mauritania, Islamic Rep. of",2001,10.9643,416.2,91.821387,89.47458939,103070.0,0.403803241
"Mauritania, Islamic Rep. of",2002,10.8563,410.76,90.91693256,88.30509932,103070.0,0.398525274
"Mauritania, Islamic Rep. of",2003,10.7484,405.32,90.01331558,87.13560925,103070.0,0.393247308
"Mauritania, Islamic Rep. of",2004,10.6404,399.88,89.10886114,85.96611918,103070.0,0.387969341
"Mauritania, Islamic Rep. of",2005,10.5324,394.44,88.2044067,84.79662912,103070.0,0.382691375
"Mauritania, Islamic Rep. of",2006,10.4245,389.0,87.30078972,83.62713905,103070.0,0.377413408
"Mauritania, Islamic Rep. of",2007,10.3165,383.56,86.39633528,82.45764898,103070.0,0.372135442
"Mauritania, Islamic Rep. of",2008,10.2085,378.12,85.49188085,81.28815891,103070.0,0.366857476
"Mauritania, Islamic Rep. of",2009,10.1006,372.68,84.58826387,80.11866885,103070.0,0.361579509
"Mauritania, Islamic Rep. of",2010,9.9926,367.24,83.68380943,78.94917878,103070.0,0.356301543
"Mauritania, Islamic Rep. of",2011,9.8847,361.8,82.78019245,77.77968871,103070.0,0.351023576
"Mauritania, Islamic Rep. of",2012,9.7768,356.36,81.87657547,76.61019864,103070.0,0.34574561
"Mauritania, Islamic Rep. of",2013,9.6689,350.92,80.97295849,75.44070857,103070.0,0.340467643
"Mauritania, Islamic Rep. of",2014,9.561,345.48,80.06934151,74.27121851,103070.0,0.335189677
"Mauritania, Islamic Rep. of",2015,9.4531,340.04,79.16572453,73.10172844,103070.0,0.32991171
"Mauritania, Islamic Rep. of",2016,11.5604,334.6,96.81347302,71.93223837,103070.0,0.324633744
"Mauritania, Islamic Rep. of",2017,11.4035,329.2,95.49950171,70.77134749,103070.0,0.319394586
"Mauritania, Islamic Rep. of",2018,11.2486,323.7,94.20227956,69.58895864,103070.0,0.314058407
"Mauritania, Islamic Rep. of",2019,11.0896,318.3,92.87072164,68.42806776,103070.0,0.308819249
"Mauritania, Islamic Rep. of",2020,10.9292,312.8,91.52743931,67.24567891,103070.0,0.30348307
"Mauritania, Islamic Rep. of",2021,,307.3667,,66.0776292,103070.0,0.298211604
"Mauritania, Islamic Rep. of",2022,,301.8889,,64.9000129,103070.0,0.292896963
Mauritius,1992,2.9999,41.242,100.0,100.0,203.0,20.31625616
Mauritius,1993,3.0062,41.328,100.210007,100.2085253,203.0,20.35862069
Mauritius,1994,3.0125,41.414,100.420014,100.4170506,203.0,20.40098522
Mauritius,1995,3.0187,41.5,100.6266876,100.6255759,203.0,20.44334975
Mauritius,1996,3.025,41.586,100.8366946,100.8341012,203.0,20.48571429
Mauritius,1997,3.0312,41.672,101.0433681,101.0426264,203.0,20.52807882
Mauritius,1998,3.0375,41.758,101.2533751,101.2511517,203.0,20.57044335
Mauritius,1999,3.0437,41.844,101.4600487,101.459677,203.0,20.61280788
Mauritius,2000,3.05,41.93,101.6700557,101.6682023,203.0,20.65517241
Mauritius,2001,3.0269,41.576,100.90003,100.809854,203.0,20.48078818
Mauritius,2002,3.0039,41.222,100.1333378,99.95150575,203.0,20.30640394
Mauritius,2003,2.9808,40.868,99.36331211,99.09315746,203.0,20.1320197
Mauritius,2004,2.9577,40.514,98.59328644,98.23480918,203.0,19.95763547
Mauritius,2005,2.9347,40.16,97.82659422,97.37646089,203.0,19.78325123
Mauritius,2006,2.9116,39.806,97.05656855,96.5181126,203.0,19.608867
Mauritius,2007,2.8885,39.452,96.28654288,95.65976432,203.0,19.43448276
Mauritius,2008,2.8655,39.098,95.51985066,94.80141603,203.0,19.26009852
Mauritius,2009,2.8424,38.744,94.74982499,93.94306775,203.0,19.08571429
Mauritius,2010,2.8194,38.39,93.98313277,93.08471946,203.0,18.91133005
Mauritius,2011,2.818,38.372,93.93646455,93.04107463,199.7,19.21482223
Mauritius,2012,2.8166,38.354,93.88979633,92.9974298,199.7,19.20580871
Mauritius,2013,2.8152,38.336,93.8431281,92.95378498,199.7,19.19679519
Mauritius,2014,2.8138,38.318,93.79645988,92.91014015,199.7,19.18778167
Mauritius,2015,2.8124,38.3,93.74979166,92.86649532,199.7,19.17876815
Mauritius,2016,2.8113,38.29,93.71312377,92.84224819,199.7,19.17376064
Mauritius,2017,2.8377,38.65,94.59315311,93.71514476,199.7,19.35403105
Mauritius,2018,2.8406,38.69,94.68982299,93.81213326,199.7,19.37406109
Mauritius,2019,2.8436,38.73,94.78982633,93.90912177,199.7,19.39409114
Mauritius,2020,2.8465,38.77,94.88649622,94.00611028,199.7,19.41412118
Mauritius,2021,,38.81,,94.10309878,199.7,19.43415123
Mauritius,2022,,38.85,,94.20008729,199.7,19.45418127
Mayotte,1992,,18.414,,100.0,37.4,49.23529412
Mayotte,1993,,18.071,,98.13728685,37.4,48.31818182
Mayotte,1994,,17.728,,96.27457369,37.4,47.40106952
Mayotte,1995,,17.385,,94.41186054,37.4,46.48395722
Mayotte,1996,,17.042,,92.54914739,37.4,45.56684492
Mayotte,1997,,16.699,,90.68643423,37.4,44.64973262
Mayotte,1998,,16.356,,88.82372108,37.4,43.73262032
Mayotte,1999,,16.013,,86.96100793,37.4,42.81550802
Mayotte,2000,,15.67,,85.09829478,37.4,41.89839572
Mayotte,2001,,15.544,,84.4140328,37.4,41.56149733
Mayotte,2002,,15.418,,83.72977083,37.4,41.22459893
Mayotte,2003,,15.292,,83.04550885,37.4,40.88770053
Mayotte,2004,,15.166,,82.36124688,37.4,40.55080214
Mayotte,2005,,15.04,,81.6769849,37.4,40.21390374
Mayotte,2006,,14.914,,80.99272293,37.4,39.87700535
Mayotte,2007,,14.788,,80.30846095,37.4,39.54010695
Mayotte,2008,,14.662,,79.62419898,37.4,39.20320856
Mayotte,2009,,14.536,,78.939937,37.4,38.86631016
Mayotte,2010,,14.41,,78.25567503,37.4,38.52941176
Mayotte,2011,,14.356,,77.9624199,37.4,38.38502674
Mayotte,2012,,14.302,,77.66916477,37.4,38.24064171
Mayotte,2013,,14.248,,77.37590963,37.4,38.09625668
Mayotte,2014,,14.194,,77.0826545,37.4,37.95187166
Mayotte,2015,,14.14,,76.78939937,37.4,37.80748663
Mayotte,2016,,14.0864,,76.4983165,37.4,37.66417112
Mayotte,2017,,14.04,,76.24633431,37.4,37.54010695
Mayotte,2018,,13.99,,75.97480178,37.4,37.40641711
Mayotte,2019,,13.94,,75.70326925,37.4,37.27272727
Mayotte,2020,,13.89,,75.43173672,36.626,37.92387921
Mayotte,2021,,13.84,,75.16020419,36.626,37.78736417
Mayotte,2022,,13.79,,74.88867166,36.626,37.65084912
Mexico,1992,1931.2182,70149.59,100.0,100.0,194395.0,36.08610818
Mexico,1993,1925.1333,69928.56,99.68491908,99.68491619,194395.0,35.9724067
Mexico,1994,1919.0483,69707.53,99.36983299,99.36983238,194395.0,35.85870521
Mexico,1995,1912.9633,69486.5,99.05474689,99.05474857,194395.0,35.74500373
Mexico,1996,1906.8784,69265.47,98.73966598,98.73966476,194395.0,35.63130225
Mexico,1997,1900.7934,69044.44,98.42457988,98.42458096,194395.0,35.51760076
Mexico,1998,1894.7085,68823.41,98.10949897,98.10949715,194395.0,35.40389928
Mexico,1999,1888.6235,68602.38,97.79441287,97.79441334,194395.0,35.29019779
Mexico,2000,1882.5386,68381.35,97.47933196,97.47932953,194395.0,35.17649631
Mexico,2001,1900.7379,68237.546,98.42170605,97.27433332,194395.0,35.10252116
Mexico,2002,1918.9372,68093.742,99.36408014,97.06933711,194395.0,35.028546
Mexico,2003,1937.1365,67949.938,100.3064542,96.8643409,194395.0,34.95457085
Mexico,2004,1955.3358,67806.134,101.2488283,96.65934469,194395.0,34.88059569
Mexico,2005,1973.5351,67662.33,102.1912024,96.45434849,194395.0,34.80662054
Mexico,2006,1991.7344,67518.526,103.1335765,96.24935228,194395.0,34.73264539
Mexico,2007,2009.9337,67374.722,104.0759506,96.04435607,194395.0,34.65867023
Mexico,2008,2028.1331,67230.918,105.0183299,95.83935986,194395.0,34.58469508
Mexico,2009,2046.3324,67087.114,105.960704,95.63436365,194395.0,34.51071993
Mexico,2010,2064.5317,66943.31,106.9030781,95.42936744,194395.0,34.43674477
Mexico,2011,2060.7544,66820.83,106.7074865,95.25476913,194395.0,34.37373904
Mexico,2012,2056.9771,66698.35,106.5118949,95.08017082,194395.0,34.3107333
Mexico,2013,2053.1998,66575.87,106.3163034,94.90557251,194395.0,34.24772757
Mexico,2014,2049.4225,66453.39,106.1207118,94.73097419,194395.0,34.18472183
Mexico,2015,2045.6453,66330.91,105.9251254,94.55637588,194395.0,34.12171609
Mexico,2016,2041.7051,66203.15,105.7210987,94.3742508,194395.0,34.05599424
Mexico,2017,2037.7647,66075.38,105.5170617,94.19211146,194395.0,33.99026724
Mexico,2018,2033.8243,65947.61,105.3130247,94.00997212,194395.0,33.92454024
Mexico,2019,2029.8842,65819.85,105.1090032,93.82784703,194395.0,33.85881839
Mexico,2020,2025.9437,65692.08,104.904961,93.64570769,194395.0,33.79309139
Mexico,2021,,65564.3167,,93.46357791,194395.0,33.72736783
Mexico,2022,,65436.5489,,93.2814417,194395.0,33.66164197
"Micronesia, Federated States of",1992,20.2261,63.636,100.0,100.0,70.0,90.90857143
"Micronesia, Federated States of",1993,20.234,63.664,100.0390584,100.0440003,70.0,90.94857143
"Micronesia, Federated States of",1994,20.2419,63.692,100.0781169,100.0880005,70.0,90.98857143
"Micronesia, Federated States of",1995,20.2499,63.72,100.1176697,100.1320008,70.0,91.02857143
"Micronesia, Federated States of",1996,20.2578,63.748,100.1567282,100.176001,70.0,91.06857143
"Micronesia, Federated States of",1997,20.2658,63.776,100.196281,100.2200013,70.0,91.10857143
"Micronesia, Federated States of",1998,20.2737,63.804,100.2353395,100.2640015,70.0,91.14857143
"Micronesia, Federated States of",1999,20.2817,63.832,100.2748923,100.3080018,70.0,91.18857143
"Micronesia, Federated States of",2000,20.2896,63.86,100.3139508,100.352002,70.0,91.22857143
"Micronesia, Federated States of",2001,20.2977,63.887,100.3539981,100.3944308,70.0,91.26714286
"Micronesia, Federated States of",2002,20.3057,63.914,100.3935509,100.4368596,70.0,91.30571429
"Micronesia, Federated States of",2003,20.3138,63.941,100.4335982,100.4792885,70.0,91.34428571
"Micronesia, Federated States of",2004,20.3219,63.968,100.4736454,100.5217173,70.0,91.38285714
"Micronesia, Federated States of",2005,20.3299,63.995,100.5131983,100.5641461,70.0,91.42142857
"Micronesia, Federated States of",2006,20.338,64.022,100.5532456,100.6065749,70.0,91.46
"Micronesia, Federated States of",2007,20.3461,64.049,100.5932928,100.6490037,70.0,91.49857143
"Micronesia, Federated States of",2008,20.3541,64.076,100.6328457,100.6914325,70.0,91.53714286
"Micronesia, Federated States of",2009,20.3622,64.103,100.6728929,100.7338613,70.0,91.57571429
"Micronesia, Federated States of",2010,20.3703,64.13,100.7129402,100.7762902,70.0,91.61428571
"Micronesia, Federated States of",2011,20.3782,64.158,100.7519987,100.8202904,70.0,91.65428571
"Micronesia, Federated States of",2012,20.3862,64.186,100.7915515,100.8642907,70.0,91.69428571
"Micronesia, Federated States of",2013,20.3942,64.214,100.8311044,100.9082909,70.0,91.73428571
"Micronesia, Federated States of",2014,20.4022,64.242,100.8706572,100.9522912,70.0,91.77428571
"Micronesia, Federated States of",2015,20.4102,64.27,100.9102101,100.9962914,70.0,91.81428571
"Micronesia, Federated States of",2016,20.4198,64.3,100.9576735,101.0434345,70.0,91.85714286
"Micronesia, Federated States of",2017,20.4293,64.33,101.0046425,101.0905777,70.0,91.9
"Micronesia, Federated States of",2018,20.4388,64.36,101.0516115,101.1377208,70.0,91.94285714
"Micronesia, Federated States of",2019,20.4483,64.39,101.0985805,101.1848639,70.0,91.98571429
"Micronesia, Federated States of",2020,20.4579,64.42,101.146044,101.232007,70.0,92.02857143
"Micronesia, Federated States of",2021,,64.45,,101.2791502,70.0,92.07142857
"Micronesia, Federated States of",2022,,64.48,,101.3262933,70.0,92.11428571
"Moldova, Rep. of",1992,19.9989,329.2,100.0,100.0,3287.0,10.01521144
"Moldova, Rep. of",1993,20.1143,331.1,100.5770317,100.5771567,3295.0,10.04855842
"Moldova, Rep. of",1994,20.2297,333.0,101.1540635,101.1543135,3294.0,10.10928962
"Moldova, Rep. of",1995,20.3452,334.9,101.7315952,101.7314702,3293.0,10.1700577
"Moldova, Rep. of",1996,20.4606,336.8,102.308627,102.308627,3293.0,10.22775585
"Moldova, Rep. of",1997,20.576,338.7,102.8856587,102.8857837,3292.0,10.28857837
"Moldova, Rep. of",1998,20.6914,340.6,103.4626904,103.4629405,3291.0,10.34943786
"Moldova, Rep. of",1999,20.8069,342.5,104.0402222,104.0400972,3290.0,10.41033435
"Moldova, Rep. of",2000,20.9223,344.4,104.6172539,104.6172539,3288.0,10.47445255
"Moldova, Rep. of",2001,21.2272,347.41,106.1418378,105.5315917,3288.0,10.56599757
"Moldova, Rep. of",2002,21.5322,350.42,107.6669217,106.4459295,3288.0,10.65754258
"Moldova, Rep. of",2003,21.8371,353.43,109.1915055,107.3602673,3287.0,10.75235777
"Moldova, Rep. of",2004,22.1421,356.44,110.7165894,108.2746051,3288.0,10.8406326
"Moldova, Rep. of",2005,22.447,359.45,112.2411733,109.1889429,3289.0,10.92885375
"Moldova, Rep. of",2006,22.752,362.46,113.7662571,110.1032807,3289.0,11.02037093
"Moldova, Rep. of",2007,23.0569,365.47,115.290841,111.0176185,3289.0,11.11188811
"Moldova, Rep. of",2008,23.3619,368.48,116.8159249,111.9319563,3289.0,11.20340529
"Moldova, Rep. of",2009,23.6668,371.49,118.3405087,112.846294,3289.0,11.29492247
"Moldova, Rep. of",2010,23.9717,374.5,119.8650926,113.7606318,3285.0,11.40030441
"Moldova, Rep. of",2011,24.1241,376.88,120.6271345,114.4835966,3285.0,11.47275495
"Moldova, Rep. of",2012,24.2764,379.26,121.3886764,115.2065614,3286.0,11.54169203
"Moldova, Rep. of",2013,24.4288,381.64,122.1507183,115.9295261,3288.0,11.60705596
"Moldova, Rep. of",2014,24.5811,384.02,122.9122602,116.6524909,3288.0,11.67944039
"Moldova, Rep. of",2015,24.7335,386.4,123.6743021,117.3754557,3288.0,11.75182482
"Moldova, Rep. of",2016,24.7399,386.5,123.7063038,117.4058323,3288.0,11.75486618
"Moldova, Rep. of",2017,24.7399,386.5,123.7063038,117.4058323,3289.0,11.75129219
"Moldova, Rep. of",2018,24.7399,386.5,123.7063038,117.4058323,3288.53,11.75297169
"Moldova, Rep. of",2019,24.7399,386.5,123.7063038,117.4058323,3288.59,11.75275726
"Moldova, Rep. of",2020,24.7399,386.5,123.7063038,117.4058323,3288.46,11.75322187
"Moldova, Rep. of",2021,,386.5,,117.4058323,3297.0,11.72277828
"Moldova, Rep. of",2022,,386.5,,117.4058323,3289.0,11.75129219
Mongolia,1992,540.4061,14334.38,100.0,100.0,154743.8742,9.263293991
Mongolia,1993,540.074,14325.57,99.93854622,99.93853937,154743.8742,9.257600712
Mongolia,1994,539.7419,14316.76,99.87709243,99.87707874,154743.8742,9.251907434
Mongolia,1995,539.4097,14307.95,99.81562014,99.81561812,154743.8742,9.246214155
Mongolia,1996,539.0776,14299.14,99.75416636,99.75415749,154743.8742,9.240520876
Mongolia,1997,538.7454,14290.33,99.69269407,99.69269686,154743.8742,9.234827597
Mongolia,1998,538.4133,14281.52,99.63124028,99.63123623,154743.8742,9.229134319
Mongolia,1999,538.0812,14272.71,99.5697865,99.5697756,154743.8742,9.22344104
Mongolia,2000,537.749,14263.9,99.50831421,99.50831497,154743.8742,9.217747761
Mongolia,2001,537.4474,14255.9,99.45250433,99.4525051,154743.8742,9.212577928
Mongolia,2002,537.1458,14247.9,99.39669445,99.39669522,154743.8968,9.207406751
Mongolia,2003,536.8442,14239.9,99.34088457,99.34088534,155468.6058,9.159341159
Mongolia,2004,536.5426,14231.9,99.28507469,99.28507546,155444.4019,9.155620805
Mongolia,2005,536.241,14223.9,99.22926481,99.22926558,155444.4091,9.150473846
Mongolia,2006,535.9394,14215.9,99.17345493,99.17345571,155745.9093,9.12762336
Mongolia,2007,535.6378,14207.9,99.11764505,99.11764583,155745.9093,9.122486789
Mongolia,2008,535.3362,14199.9,99.06183516,99.06183595,155746.5087,9.117315129
Mongolia,2009,535.0346,14191.9,99.00602528,99.00602607,155746.5134,9.112178302
Mongolia,2010,534.733,14183.9,98.9502154,98.95021619,155729.2418,9.108051793
Mongolia,2011,534.691,14182.786,98.94244347,98.94244467,155725.1947,9.107573137
Mongolia,2012,534.649,14181.672,98.93467154,98.93467314,155725.1947,9.106857774
Mongolia,2013,534.607,14180.558,98.9268996,98.92690162,155725.3053,9.106135944
Mongolia,2014,534.565,14179.444,98.91912767,98.91913009,155725.2921,9.105421354
Mongolia,2015,534.523,14178.33,98.91135574,98.91135857,155725.54,9.104691498
Mongolia,2016,534.4812,14177.22,98.90362081,98.90361495,155725.54,9.103978705
Mongolia,2017,534.4393,14176.11,98.89586739,98.89587132,155725.54,9.103265913
Mongolia,2018,534.3975,14175.0,98.88813246,98.8881277,155725.5,9.102555458
Mongolia,2019,534.3557,14173.89,98.88039754,98.88038408,155725.8,9.101825131
Mongolia,2020,534.3138,14172.78,98.87264411,98.87264046,155750.6803,9.099658488
Mongolia,2021,,14171.67,,98.86489684,155750.7,9.09894466
Mongolia,2022,,14170.56,,98.85715322,155750.6789,9.098233215
Montenegro,1992,29.84174612,659.8997856,100.0,100.0,,
Montenegro,1993,29.9941839,663.1677168,100.5108206,100.4952163,,
Montenegro,1994,30.14662168,666.4356479,101.0216412,100.9904326,,
Montenegro,1995,30.29907648,669.7035791,101.5325188,101.4856488,,
Montenegro,1996,30.45151426,672.9715102,102.0433393,101.9808651,,
Montenegro,1997,30.60396905,676.2394414,102.5542169,102.4760814,,
Montenegro,1998,30.75640683,679.5073726,103.0650375,102.9712977,,
Montenegro,1999,30.90884461,682.7753037,103.5758581,103.4665139,,
Montenegro,2000,31.06129941,686.0432349,104.0867357,103.9617302,,
Montenegro,2001,32.90617434,696.1360291,110.2689307,105.4911737,,
Montenegro,2002,34.75106628,706.2288232,116.4511826,107.0206172,,
Montenegro,2003,36.5959412,716.3216174,122.6333776,108.5500606,,
Montenegro,2004,38.44083314,726.4144116,128.8156296,110.0795041,,
Montenegro,2005,40.28572508,736.5072058,134.9978816,111.6089476,,
Montenegro,2006,42.1306,746.6,141.1800765,113.1383911,1345.0,55.50929368
Montenegro,2007,43.2649,766.7,144.9811276,116.1843081,1345.0,57.00371747
Montenegro,2008,44.3991,786.8,148.7818435,119.2302251,1345.0,58.49814126
Montenegro,2009,45.5334,806.9,152.5828945,122.2761422,1345.0,59.99256506
Montenegro,2010,46.6676,827.0,156.3836105,125.3220592,1345.0,61.48698885
Montenegro,2011,46.6676,827.0,156.3836105,125.3220592,1345.0,61.48698885
Montenegro,2012,46.6676,827.0,156.3836105,125.3220592,1345.0,61.48698885
Montenegro,2013,46.6676,827.0,156.3836105,125.3220592,1345.0,61.48698885
Montenegro,2014,46.6676,827.0,156.3836105,125.3220592,1345.0,61.48698885
Montenegro,2015,46.6676,827.0,156.3836105,125.3220592,1345.0,61.48698885
Montenegro,2016,46.6676,827.0,156.3836105,125.3220592,1345.0,61.48698885
Montenegro,2017,46.6676,827.0,156.3836105,125.3220592,1345.0,61.48698885
Montenegro,2018,46.6676,827.0,156.3836105,125.3220592,1345.0,61.48698885
Montenegro,2019,46.6676,827.0,156.3836105,125.3220592,1345.0,61.48698885
Montenegro,2020,46.6676,827.0,156.3836105,125.3220592,1345.0,61.48698885
Montenegro,2021,,827.0,,125.3220592,1345.0,61.48698885
Montenegro,2022,,827.0,,125.3220592,1345.0,61.48698885
Montserrat,1992,,3.3,,100.0,10.0,33.0
Montserrat,1993,,3.2,,96.96969697,10.0,32.0
Montserrat,1994,,3.1,,93.93939394,10.0,31.0
Montserrat,1995,,3.0,,90.90909091,10.0,30.0
Montserrat,1996,,2.9,,87.87878788,10.0,29.0
Montserrat,1997,,2.8,,84.84848485,10.0,28.0
Montserrat,1998,,2.7,,81.81818182,10.0,27.0
Montserrat,1999,,2.6,,78.78787879,10.0,26.0
Montserrat,2000,,2.5,,75.75757576,10.0,25.0
Montserrat,2001,,2.5,,75.75757576,10.0,25.0
Montserrat,2002,,2.5,,75.75757576,10.0,25.0
Montserrat,2003,,2.5,,75.75757576,10.0,25.0
Montserrat,2004,,2.5,,75.75757576,10.0,25.0
Montserrat,2005,,2.5,,75.75757576,10.0,25.0
Montserrat,2006,,2.5,,75.75757576,10.0,25.0
Montserrat,2007,,2.5,,75.75757576,10.0,25.0
Montserrat,2008,,2.5,,75.75757576,10.0,25.0
Montserrat,2009,,2.5,,75.75757576,10.0,25.0
Montserrat,2010,,2.5,,75.75757576,10.0,25.0
Montserrat,2011,,2.5,,75.75757576,10.0,25.0
Montserrat,2012,,2.5,,75.75757576,10.0,25.0
Montserrat,2013,,2.5,,75.75757576,10.0,25.0
Montserrat,2014,,2.5,,75.75757576,10.0,25.0
Montserrat,2015,,2.5,,75.75757576,10.0,25.0
Montserrat,2016,,2.5,,75.75757576,10.0,25.0
Montserrat,2017,,2.5,,75.75757576,10.0,25.0
Montserrat,2018,,2.5,,75.75757576,10.0,25.0
Montserrat,2019,,2.5,,75.75757576,10.0,25.0
Montserrat,2020,,2.5,,75.75757576,10.0,25.0
Montserrat,2021,,2.5,,75.75757576,10.0,25.0
Montserrat,2022,,2.5,,75.75757576,10.0,25.0
Morocco,1992,122.1392,5489.54,100.0,100.0,44630.0,12.30011203
Morocco,1993,123.4741,5491.665,101.0929333,100.03871,44630.0,12.3048734
Morocco,1994,124.8089,5493.79,102.1857847,100.07742,44630.0,12.30963477
Morocco,1995,126.1437,5495.915,103.2786362,100.1161299,44630.0,12.31439615
Morocco,1996,127.4785,5498.04,104.3714876,100.1548399,44630.0,12.31915752
Morocco,1997,128.8133,5500.165,105.464339,100.1935499,44630.0,12.32391889
Morocco,1998,130.1481,5502.29,106.5571905,100.2322599,44630.0,12.32868026
Morocco,1999,131.4829,5504.415,107.6500419,100.2709699,44630.0,12.33344163
Morocco,2000,132.8177,5506.54,108.7428934,100.3096799,44630.0,12.338203
Morocco,2001,134.0515,5523.343,109.7530523,100.6157711,44630.0,12.37585257
Morocco,2002,135.2853,5540.146,110.7632112,100.9218623,44630.0,12.41350213
Morocco,2003,136.5191,5556.949,111.7733701,101.2279535,44630.0,12.45115169
Morocco,2004,137.7528,5573.752,112.7834471,101.5340447,44630.0,12.48880125
Morocco,2005,138.9866,5590.555,113.793606,101.840136,44630.0,12.52645082
Morocco,2006,140.2204,5607.358,114.8037649,102.1462272,44630.0,12.56410038
Morocco,2007,141.4542,5624.161,115.8139238,102.4523184,44630.0,12.60174994
Morocco,2008,142.6879,5640.964,116.8240008,102.7584096,44630.0,12.63939951
Morocco,2009,143.9217,5657.767,117.8341597,103.0645009,44630.0,12.67704907
Morocco,2010,145.1555,5674.57,118.8443186,103.3705921,44630.0,12.71469863
Morocco,2011,145.5484,5676.594,119.1660008,103.4074622,44630.0,12.7192337
Morocco,2012,145.9412,5678.618,119.487601,103.4443323,44630.0,12.72376877
Morocco,2013,146.3341,5680.642,119.8092832,103.4812024,44630.0,12.72830383
Morocco,2014,146.7269,5682.666,120.1308835,103.5180726,44630.0,12.7328389
Morocco,2015,147.1198,5684.69,120.4525656,103.5549427,44630.0,12.73737396
Morocco,2016,147.6246,5699.79,120.8658645,103.8300113,44630.0,12.77120771
Morocco,2017,148.1586,5711.59,121.3030706,104.0449655,44630.0,12.79764732
Morocco,2018,148.7041,5721.59,121.7496922,104.2271301,44630.0,12.82005378
Morocco,2019,149.2063,5732.09,122.1608624,104.418403,44630.0,12.84358055
Morocco,2020,149.7641,5742.49,122.6175544,104.6078542,44630.0,12.86688326
Morocco,2021,,5752.9567,,104.7985205,44630.0,12.89033542
Morocco,2022,,5763.3789,,104.9883761,44630.0,12.91368788
"Mozambique, Rep. of",1992,2585.8468,42940.0,100.0,100.0,78638.0,54.60464407
"Mozambique, Rep. of",1993,2572.6586,42721.0,99.48998525,99.48998603,78638.0,54.32615275
"Mozambique, Rep. of",1994,2559.4704,42502.0,98.97997051,98.97997205,78638.0,54.04766144
"Mozambique, Rep. of",1995,2546.2823,42283.0,98.46995963,98.46995808,78638.0,53.76917012
"Mozambique, Rep. of",1996,2533.0941,42064.0,97.95994488,97.95994411,78638.0,53.49067881
"Mozambique, Rep. of",1997,2519.9059,41845.0,97.44993014,97.44993014,78638.0,53.21218749
"Mozambique, Rep. of",1998,2506.7177,41626.0,96.93991539,96.93991616,78638.0,52.93369618
"Mozambique, Rep. of",1999,2493.5295,41407.0,96.42990064,96.42990219,78638.0,52.65520486
"Mozambique, Rep. of",2000,2480.3414,41188.0,95.91988976,95.91988822,78638.0,52.37671355
"Mozambique, Rep. of",2001,2466.9975,40966.414,95.40385378,95.40385189,78638.0,52.09493375
"Mozambique, Rep. of",2002,2453.6535,40744.828,94.88781393,94.88781556,78638.0,51.81315395
"Mozambique, Rep. of",2003,2440.3096,40523.242,94.37177794,94.37177923,78638.0,51.53137414
"Mozambique, Rep. of",2004,2426.9657,40301.656,93.85574196,93.8557429,78638.0,51.24959434
"Mozambique, Rep. of",2005,2413.6218,40080.07,93.33970597,93.33970657,78638.0,50.96781454
"Mozambique, Rep. of",2006,2400.2779,39858.484,92.82366999,92.82367024,78638.0,50.68603474
"Mozambique, Rep. of",2007,2386.934,39636.898,92.307634,92.30763391,78638.0,50.40425494
"Mozambique, Rep. of",2008,2373.5901,39415.312,91.79159802,91.79159758,78638.0,50.12247514
"Mozambique, Rep. of",2009,2360.2462,39193.726,91.27556203,91.27556125,78638.0,49.84069534
"Mozambique, Rep. of",2010,2346.9023,38972.14,90.75952605,90.75952492,78638.0,49.55891554
"Mozambique, Rep. of",2011,2334.4712,38765.712,90.27878991,90.27878901,78638.0,49.2964114
"Mozambique, Rep. of",2012,2322.0401,38559.284,89.79805377,89.7980531,78638.0,49.03390727
"Mozambique, Rep. of",2013,2309.609,38352.856,89.31731764,89.31731719,78638.0,48.77140314
"Mozambique, Rep. of",2014,2297.1779,38146.428,88.8365815,88.83658128,78638.0,48.50889901
"Mozambique, Rep. of",2015,2284.7468,37940.0,88.35584537,88.35584537,78638.0,48.24639487
"Mozambique, Rep. of",2016,2265.9756,37628.29,87.62992456,87.62992548,78638.0,47.8500089
"Mozambique, Rep. of",2017,2252.6255,37406.6,87.11364881,87.11364695,78638.0,47.56809685
"Mozambique, Rep. of",2018,2241.6394,37224.168,86.68879378,86.68879367,78638.0,47.33610723
"Mozambique, Rep. of",2019,2226.0991,36966.11,86.0878185,86.08782021,78638.0,47.00794781
"Mozambique, Rep. of",2020,2212.7092,36743.76,85.57000361,85.57000466,78638.0,46.72519647
"Mozambique, Rep. of",2021,,36497.6047,,84.99675058,78638.0,46.41217312
"Mozambique, Rep. of",2022,,36267.3196,,84.46045552,78638.0,46.11933111
Myanmar,1992,2938.3246,38348.406,100.0,100.0,65354.0,58.67797839
Myanmar,1993,2905.0269,37913.369,98.86677939,98.86556693,65354.0,58.012316
Myanmar,1994,2871.7293,37478.332,97.73356218,97.73113386,65354.0,57.34665361
Myanmar,1995,2838.4316,37043.295,96.60034157,96.59670079,65354.0,56.68099122
Myanmar,1996,2805.1339,36608.258,95.46712096,95.46226771,65354.0,56.01532882
Myanmar,1997,2771.8363,36173.221,94.33390375,94.32783464,65354.0,55.34966643
Myanmar,1998,2738.5386,35738.184,93.20068314,93.19340157,65354.0,54.68400404
Myanmar,1999,2705.2409,35303.147,92.06746253,92.0589685,65354.0,54.01834165
Myanmar,2000,2671.9433,34868.11,90.93424532,90.92453543,65354.0,53.35267925
Myanmar,2001,2643.5748,34525.399,89.96878017,90.03085813,65354.0,52.82828748
Myanmar,2002,2615.2063,34182.688,89.00331502,89.13718083,65354.0,52.30389571
Myanmar,2003,2586.8378,33839.977,88.03784987,88.24350352,65354.0,51.77950393
Myanmar,2004,2558.4693,33497.266,87.07238472,87.34982622,65342.0,51.26452511
Myanmar,2005,2530.1008,33154.555,86.10691957,86.45614892,65336.0,50.74469665
Myanmar,2006,2501.7323,32811.844,85.14145442,85.56247162,65347.0,50.21170673
Myanmar,2007,2473.3638,32469.133,84.17598927,84.66879432,65352.0,49.68345728
Myanmar,2008,2444.9953,32126.422,83.21052412,83.77511702,65331.0,49.17485114
Myanmar,2009,2416.6269,31783.711,82.24506237,82.88143971,65330.0,48.65101944
Myanmar,2010,2388.2584,31441.0,81.27959722,81.98776241,65326.0,48.12938187
Myanmar,2011,2364.4523,31151.288,80.46940423,81.23228903,65329.0,47.68370555
Myanmar,2012,2340.6462,30861.576,79.65921124,80.47681565,65315.0,47.25036515
Myanmar,2013,2316.8401,30571.864,78.84901825,79.72134226,65308.0,46.81182091
Myanmar,2014,2293.0341,30282.152,78.03882866,78.96586888,65308.0,46.36821216
Myanmar,2015,2269.228,29992.44,77.22863567,78.2103955,65308.0,45.92460342
Myanmar,2016,2246.1204,29702.73,76.44221472,77.45492733,65278.0,45.50189957
Myanmar,2017,2223.0361,29413.02,75.65658675,76.69945916,65275.0,45.06016086
Myanmar,2018,2200.5573,29123.31,74.89156576,75.943991,65270.0,44.61974874
Myanmar,2019,2178.3785,28833.6,74.13675467,75.18852283,65270.0,44.17588479
Myanmar,2020,2155.92,28543.89,73.37242454,74.43305466,65267.0,43.73403098
Myanmar,2021,,28254.18,,73.67758649,65267.0,43.29014663
Myanmar,2022,,27964.47,,72.92211833,65267.0,42.84626228
Namibia,1992,349.831,8627.1528,100.0,100.0,82329.0,10.47887476
Namibia,1993,346.9516,8556.1442,99.17691685,99.17691733,82329.0,10.39262496
Namibia,1994,344.0722,8485.1356,98.35383371,98.35383465,82329.0,10.30637515
Namibia,1995,341.1928,8414.127,97.53075056,97.53075198,82329.0,10.22012535
Namibia,1996,338.3135,8343.1184,96.707696,96.7076693,82329.0,10.13387555
Namibia,1997,335.4341,8272.1098,95.88461286,95.88458663,82329.0,10.04762575
Namibia,1998,332.5547,8201.1012,95.06152971,95.06150395,82329.0,9.961375943
Namibia,1999,329.6753,8130.0926,94.23844656,94.23842128,82329.0,9.87512614
Namibia,2000,326.7959,8059.084,93.41536342,93.4153386,82329.0,9.788876338
Namibia,2001,323.9164,7988.0746,92.59225169,92.59224666,82329.0,9.702625563
Namibia,2002,321.037,7917.0652,91.76916854,91.76915471,82329.0,9.616374789
Namibia,2003,318.1576,7846.0558,90.9460854,90.94606276,82329.0,9.530124015
Namibia,2004,315.2781,7775.0464,90.12297366,90.12297081,82329.0,9.44387324
Namibia,2005,312.3987,7704.037,89.29989052,89.29987887,82329.0,9.357622466
Namibia,2006,309.5193,7633.0276,88.47680737,88.47678692,82329.0,9.271371692
Namibia,2007,306.6398,7562.0182,87.65369564,87.65369497,82329.0,9.185120917
Namibia,2008,303.7604,7491.0088,86.8306125,86.83060302,82329.0,9.098870143
Namibia,2009,300.881,7419.9994,86.00752935,86.00751108,82329.0,9.012619369
Namibia,2010,298.0015,7348.99,85.18441762,85.18441913,82329.0,8.926368594
Namibia,2011,295.1222,7277.982,84.36136306,84.36134341,82329.0,8.84011952
Namibia,2012,292.2428,7206.974,83.53827991,83.53826769,82329.0,8.753870447
Namibia,2013,289.3634,7135.966,82.71519677,82.71519197,82329.0,8.667621373
Namibia,2014,286.484,7064.958,81.89211362,81.89211625,82329.0,8.581372299
Namibia,2015,283.6047,6993.95,81.06905906,81.06904053,82329.0,8.495123225
Namibia,2016,280.7252,6922.94,80.24594733,80.24594163,82329.0,8.408871722
Namibia,2017,277.8458,6851.93,79.42286418,79.42284273,82329.0,8.322620219
Namibia,2018,274.9663,6780.92,78.59975245,78.59974382,82329.0,8.236368716
Namibia,2019,272.0869,6709.91,77.77666931,77.77664492,82329.0,8.150117213
Namibia,2020,269.2074,6638.9,76.95355757,76.95354602,82329.0,8.06386571
Namibia,2021,,6567.89,,76.13044712,82329.0,7.977614206
Namibia,2022,,6496.88,,75.30734821,82329.0,7.891362703
Nepal,1992,614.5267,5693.752,100.0,100.0,14300.0,39.81644755
Nepal,1993,615.7005,5704.628,100.1910088,100.1910164,14300.0,39.8925035
Nepal,1994,616.8743,5715.504,100.3820176,100.3820328,14300.0,39.96855944
Nepal,1995,618.0482,5726.38,100.5730426,100.5730492,14300.0,40.04461538
Nepal,1996,619.222,5737.256,100.7640514,100.7640656,14300.0,40.12067133
Nepal,1997,620.3959,5748.132,100.9550765,100.955082,14300.0,40.19672727
Nepal,1998,621.5697,5759.008,101.1460853,101.1460984,14300.0,40.27278322
Nepal,1999,622.7436,5769.884,101.3371103,101.3371148,14300.0,40.34883916
Nepal,2000,623.9174,5780.76,101.5281191,101.5281312,14335.0,40.32619463
Nepal,2001,625.8739,5798.887,101.8464942,101.8464977,14335.0,40.45264737
Nepal,2002,627.8303,5817.014,102.164853,102.1648642,14335.0,40.5791001
Nepal,2003,629.7868,5835.141,102.4832281,102.4832307,14335.0,40.70555284
Nepal,2004,631.7432,5853.268,102.801587,102.8015973,14335.0,40.83200558
Nepal,2005,633.6997,5871.395,103.1199621,103.1199638,14335.0,40.95845832
Nepal,2006,635.6561,5889.522,103.4383209,103.4383303,14335.0,41.08491106
Nepal,2007,637.6126,5907.649,103.756696,103.7566968,14335.0,41.21136379
Nepal,2008,639.569,5925.776,104.0750548,104.0750633,14335.0,41.33781653
Nepal,2009,641.5255,5943.903,104.3934299,104.3934299,14335.0,41.46426927
Nepal,2010,643.4819,5962.03,104.7117888,104.7117964,14335.0,41.59072201
Nepal,2011,643.4819,5962.03,104.7117888,104.7117964,14335.0,41.59072201
Nepal,2012,643.4819,5962.03,104.7117888,104.7117964,14335.0,41.59072201
Nepal,2013,643.4819,5962.03,104.7117888,104.7117964,14335.0,41.59072201
Nepal,2014,643.4819,5962.03,104.7117888,104.7117964,14335.0,41.59072201
Nepal,2015,643.4819,5962.03,104.7117888,104.7117964,14335.0,41.59072201
Nepal,2016,643.4819,5962.03,104.7117888,104.7117964,14335.0,41.59072201
Nepal,2017,643.4819,5962.03,104.7117888,104.7117964,14335.0,41.59072201
Nepal,2018,643.4819,5962.03,104.7117888,104.7117964,14335.0,41.59072201
Nepal,2019,643.4819,5962.03,104.7117888,104.7117964,14335.0,41.59072201
Nepal,2020,643.4819,5962.03,104.7117888,104.7117964,14335.0,41.59072201
Nepal,2021,,5962.03,,104.7117964,14335.0,41.59072201
Nepal,2022,,5962.03,,104.7117964,14335.0,41.59072201
Netherlands Antilles,1992,0.0032,2.35,100.0,100.0,80.0,2.9375
Netherlands Antilles,1993,0.0032,2.35,100.0,100.0,80.0,2.9375
Netherlands Antilles,1994,0.0032,2.35,100.0,100.0,80.0,2.9375
Netherlands Antilles,1995,0.0032,2.35,100.0,100.0,80.0,2.9375
Netherlands Antilles,1996,0.0032,2.35,100.0,100.0,80.0,2.9375
Netherlands Antilles,1997,0.0032,2.35,100.0,100.0,80.0,2.9375
Netherlands Antilles,1998,0.0032,2.35,100.0,100.0,80.0,2.9375
Netherlands Antilles,1999,0.0032,2.35,100.0,100.0,80.0,2.9375
Netherlands Antilles,2000,0.0032,2.35,100.0,100.0,80.0,2.9375
Netherlands Antilles,2001,0.0032,2.35,100.0,100.0,80.0,2.9375
Netherlands Antilles,2002,0.0032,2.35,100.0,100.0,80.0,2.9375
Netherlands Antilles,2003,0.0032,2.35,100.0,100.0,80.0,2.9375
Netherlands Antilles,2004,0.0032,2.35,100.0,100.0,80.0,2.9375
Netherlands Antilles,2005,0.0032,2.35,100.0,100.0,80.0,2.9375
Netherlands Antilles,2006,0.0032,2.35,100.0,100.0,80.0,2.9375
Netherlands Antilles,2007,0.0032,2.35,100.0,100.0,80.0,2.9375
Netherlands Antilles,2008,0.0032,2.35,100.0,100.0,80.0,2.9375
Netherlands Antilles,2009,0.0032,2.35,100.0,100.0,80.0,2.9375
Netherlands Antilles,2010,0.0032,2.35,100.0,100.0,80.0,2.9375
"Netherlands, The",1992,7.389,348.164,100.0,100.0,3376.0,10.31291469
"Netherlands, The",1993,7.5439,349.581,102.0963595,100.4069921,3376.0,10.35488744
"Netherlands, The",1994,7.6988,350.998,104.1927189,100.8139842,3376.0,10.39686019
"Netherlands, The",1995,7.8536,352.415,106.287725,101.2209763,3376.0,10.43883294
"Netherlands, The",1996,8.0085,353.832,108.3840844,101.6279684,3376.0,10.48080569
"Netherlands, The",1997,8.1634,355.249,110.4804439,102.0349605,3376.0,10.52277844
"Netherlands, The",1998,8.3183,356.666,112.5768034,102.4419526,3376.0,10.56475118
"Netherlands, The",1999,8.4731,358.083,114.6718094,102.8489448,3376.0,10.60672393
"Netherlands, The",2000,8.628,359.5,116.7681689,103.2559369,3376.0,10.64869668
"Netherlands, The",2001,8.8446,360.898,119.6995534,103.6574718,3376.0,10.69010664
"Netherlands, The",2002,9.0611,362.296,122.6295845,104.0590067,3376.0,10.73151659
"Netherlands, The",2003,9.2777,363.694,125.560969,104.4605416,3376.0,10.77292654
"Netherlands, The",2004,9.4942,365.092,128.4910001,104.8620765,3376.0,10.81433649
"Netherlands, The",2005,9.7108,366.49,131.4223846,105.2636114,3376.0,10.85574645
"Netherlands, The",2006,9.9273,367.888,134.3524158,105.6651463,3376.0,10.8971564
"Netherlands, The",2007,10.1439,369.286,137.2838002,106.0666812,3376.0,10.93856635
"Netherlands, The",2008,10.3605,370.684,140.2151847,106.4682161,3376.0,10.9799763
"Netherlands, The",2009,10.577,372.082,143.1452159,106.869751,3373.0,11.03118885
"Netherlands, The",2010,10.7936,373.48,146.0766004,107.2712859,3373.0,11.07263564
"Netherlands, The",2011,10.9413,371.75,148.0755177,106.7743937,3372.0,11.02461447
"Netherlands, The",2012,11.0891,370.02,150.0757883,106.2775014,3372.0,10.97330961
"Netherlands, The",2013,11.2368,368.29,152.0747056,105.7806091,3369.0,10.93173048
"Netherlands, The",2014,11.3845,366.56,154.073623,105.2837169,3369.0,10.88037993
"Netherlands, The",2015,11.5323,364.83,156.0738936,104.7868246,3367.0,10.83546184
"Netherlands, The",2016,11.6714,365.76,157.9564217,105.0539401,3367.0,10.86308286
"Netherlands, The",2017,11.8114,366.7,159.8511301,105.3239278,3367.0,10.89100089
"Netherlands, The",2018,11.948,367.63,161.6998241,105.5910433,3367.0,10.91862192
"Netherlands, The",2019,12.0891,368.57,163.6094194,105.861031,3367.0,10.94653995
"Netherlands, The",2020,12.2304,369.5,165.5217215,106.1281465,3367.0,10.97416097
"Netherlands, The",2021,,370.4367,,106.3971864,3367.0,11.00198099
"Netherlands, The",2022,,371.3689,,106.6649338,3367.0,11.02966736
New Caledonia,1992,70.2358,832.474,100.0,100.0,1828.0,45.54015317
New Caledonia,1993,70.2925,833.146,100.0807281,100.0807232,1828.0,45.57691466
New Caledonia,1994,70.3492,833.818,100.1614561,100.1614465,1828.0,45.61367615
New Caledonia,1995,70.4059,834.49,100.2421842,100.2421697,1828.0,45.65043764
New Caledonia,1996,70.4626,835.162,100.3229122,100.322893,1828.0,45.68719912
New Caledonia,1997,70.5193,835.834,100.4036403,100.4036162,1828.0,45.72396061
New Caledonia,1998,70.576,836.506,100.4843684,100.4843395,1828.0,45.7607221
New Caledonia,1999,70.6327,837.178,100.5650964,100.5650627,1828.0,45.79748359
New Caledonia,2000,70.6894,837.85,100.6458245,100.6457859,1828.0,45.83424508
New Caledonia,2001,70.6993,837.967,100.6599199,100.6598404,1828.0,45.84064551
New Caledonia,2002,70.7091,838.084,100.6738729,100.6738949,1828.0,45.84704595
New Caledonia,2003,70.719,838.201,100.6879682,100.6879494,1828.0,45.85344639
New Caledonia,2004,70.7289,838.318,100.7020636,100.7020039,1828.0,45.85984683
New Caledonia,2005,70.7388,838.435,100.716159,100.7160584,1828.0,45.86624726
New Caledonia,2006,70.7486,838.552,100.730112,100.7301129,1828.0,45.8726477
New Caledonia,2007,70.7585,838.669,100.7442074,100.7441674,1828.0,45.87904814
New Caledonia,2008,70.7684,838.786,100.7583027,100.7582219,1828.0,45.88544858
New Caledonia,2009,70.7782,838.903,100.7722557,100.7722764,1828.0,45.89184902
New Caledonia,2010,70.7881,839.02,100.7863511,100.7863309,1828.0,45.89824945
New Caledonia,2011,70.7797,838.92,100.7743914,100.7743185,1828.0,45.89277899
New Caledonia,2012,70.7712,838.82,100.7622893,100.7623061,1828.0,45.88730853
New Caledonia,2013,70.7628,838.72,100.7503296,100.7502937,1828.0,45.88183807
New Caledonia,2014,70.7544,838.62,100.7383699,100.7382813,1828.0,45.87636761
New Caledonia,2015,70.7459,838.52,100.7262678,100.7262689,1828.0,45.87089716
New Caledonia,2016,70.7375,838.42,100.7143081,100.7142565,1828.0,45.8654267
New Caledonia,2017,70.7291,838.32,100.7023484,100.7022442,1828.0,45.85995624
New Caledonia,2018,70.7206,838.22,100.6902463,100.6902318,1828.0,45.85448578
New Caledonia,2019,70.7122,838.12,100.6782866,100.6782194,1828.0,45.84901532
New Caledonia,2020,70.7037,838.02,100.6661845,100.666207,1828.0,45.84354486
New Caledonia,2021,,837.92,,100.6541946,1828.0,45.8380744
New Caledonia,2022,,837.82,,100.6421822,1828.0,45.83260394
New Zealand,1992,1650.1239,9467.904,100.0,100.0,26331.0,35.95725191
New Zealand,1993,1657.5021,9515.721,100.4471301,100.5050431,26331.0,36.13885154
New Zealand,1994,1664.8804,9563.538,100.8942662,101.0100863,26331.0,36.32045118
New Zealand,1995,1672.2586,9611.355,101.3413962,101.5151294,26331.0,36.50205081
New Zealand,1996,1679.6369,9659.172,101.7885324,102.0201726,26331.0,36.68365045
New Zealand,1997,1687.0151,9706.989,102.2356624,102.5252157,26331.0,36.86525009
New Zealand,1998,1694.3934,9754.806,102.6827985,103.0302589,26331.0,37.04684972
New Zealand,1999,1701.7716,9802.623,103.1299286,103.535302,26331.0,37.22844936
New Zealand,2000,1709.1498,9850.44,103.5770587,104.0403451,26331.0,37.41004899
New Zealand,2001,1715.6881,9850.208,103.9732895,104.0378948,26331.0,37.4091679
New Zealand,2002,1722.2264,9849.976,104.3695204,104.0354444,26331.0,37.40828681
New Zealand,2003,1728.7647,9849.744,104.7657512,104.032994,26331.0,37.40740572
New Zealand,2004,1735.303,9849.512,105.1619821,104.0305436,26331.0,37.40652463
New Zealand,2005,1741.8413,9849.28,105.5582129,104.0280932,26331.0,37.40564354
New Zealand,2006,1748.3796,9849.048,105.9544438,104.0256428,26331.0,37.40476245
New Zealand,2007,1754.9179,9848.816,106.3506746,104.0231925,26331.0,37.40388136
New Zealand,2008,1761.4562,9848.584,106.7469055,104.0207421,26331.0,37.40300027
New Zealand,2009,1767.9945,9848.352,107.1431363,104.0182917,26331.0,37.40211918
New Zealand,2010,1774.5327,9848.12,107.5393611,104.0158413,26331.0,37.40123808
New Zealand,2011,1779.4016,9847.818,107.8344238,104.0126516,26331.0,37.40009115
New Zealand,2012,1784.2705,9847.516,108.1294865,104.0094619,26331.0,37.39894421
New Zealand,2013,1789.1394,9847.214,108.4245492,104.0062721,26331.0,37.39779727
New Zealand,2014,1794.0083,9846.912,108.7196119,104.0030824,26331.0,37.39665034
New Zealand,2015,1798.8772,9846.61,109.0146746,103.9998927,26331.0,37.3955034
New Zealand,2016,1803.4323,9846.75,109.2907205,104.0013714,26331.0,37.39603509
New Zealand,2017,1806.2519,9850.85,109.4615926,104.0446756,26331.0,37.41160609
New Zealand,2018,1810.194,9855.15,109.7004898,104.0900922,26331.0,37.42793665
New Zealand,2019,1813.4799,9865.52,109.8996203,104.1996201,26331.0,37.46731989
New Zealand,2020,1814.8946,9892.59,109.9853532,104.4855334,26331.0,37.57012647
New Zealand,2021,,9908.5267,,104.6538569,26331.0,37.63065094
New Zealand,2022,,9931.8856,,104.9005736,26331.0,37.71936349
Nicaragua,1992,328.8739,6199.32,100.0,100.0,12034.0,51.51504072
Nicaragua,1993,323.5689,6099.32,98.38691973,98.38691986,12034.0,50.68406182
Nicaragua,1994,318.2639,5999.32,96.77383946,96.77383971,12034.0,49.85308293
Nicaragua,1995,312.9589,5899.32,95.16075918,95.16075957,12034.0,49.02210404
Nicaragua,1996,307.6539,5799.32,93.54767891,93.54767942,12034.0,48.19112515
Nicaragua,1997,302.3489,5699.32,91.93459864,91.93459928,12034.0,47.36014625
Nicaragua,1998,297.0439,5599.32,90.32151837,90.32151913,12034.0,46.52916736
Nicaragua,1999,291.7389,5499.32,88.7084381,88.70843899,12034.0,45.69818847
Nicaragua,2000,286.4339,5399.32,87.09535783,87.09535885,12034.0,44.86720957
Nicaragua,2001,280.0087,5278.203,85.14166068,85.14164457,12034.0,43.86075287
Nicaragua,2002,273.5834,5157.086,83.18793313,83.18793029,12034.0,42.85429616
Nicaragua,2003,267.1582,5035.969,81.23423598,81.23421601,12034.0,41.84783945
Nicaragua,2004,260.7329,4914.852,79.28050843,79.28050173,12034.0,40.84138275
Nicaragua,2005,254.3076,4793.735,77.32678087,77.32678745,12034.0,39.83492604
Nicaragua,2006,247.8824,4672.618,75.37308373,75.37307318,12034.0,38.82846934
Nicaragua,2007,241.4571,4551.501,73.41935617,73.4193589,12034.0,37.82201263
Nicaragua,2008,235.0319,4430.384,71.46565903,71.46564462,12034.0,36.81555592
Nicaragua,2009,228.6066,4309.267,69.51193147,69.51193034,12034.0,35.80909922
Nicaragua,2010,222.1814,4188.15,67.55823433,67.55821606,12034.0,34.80264251
Nicaragua,2011,219.204,4132.026,66.65290253,66.65289096,12034.0,34.33626392
Nicaragua,2012,216.2266,4075.902,65.74757073,65.74756586,12034.0,33.86988532
Nicaragua,2013,213.2492,4019.778,64.84223893,64.84224076,12034.0,33.40350673
Nicaragua,2014,210.2718,3963.654,63.93690712,63.93691566,12034.0,32.93712814
Nicaragua,2015,207.2945,3907.53,63.03160573,63.03159056,12034.0,32.47074954
Nicaragua,2016,201.9895,3807.53,61.41852546,61.41851042,12034.0,31.63977065
Nicaragua,2017,196.6845,3707.53,59.80544519,59.80543027,12034.0,30.80879176
Nicaragua,2018,191.3795,3607.53,58.19236492,58.19235013,12034.0,29.97781286
Nicaragua,2019,186.0745,3507.53,56.57928464,56.57926998,12034.0,29.14683397
Nicaragua,2020,180.7695,3407.53,54.96620437,54.96618984,12034.0,28.31585508
Nicaragua,2021,,3307.53,,53.3531097,12034.0,27.48487618
Nicaragua,2022,,3207.53,,51.74002955,12034.0,26.65389729
Niger,1992,44.0343,1821.62,100.0,100.0,126670.0,1.438083208
Niger,1993,42.4877,1759.93,96.48773797,96.61345396,126670.0,1.389381858
Niger,1994,40.9412,1698.24,92.97570303,93.22690792,126670.0,1.340680508
Niger,1995,39.3946,1636.55,89.463441,89.84036188,126670.0,1.291979158
Niger,1996,37.8481,1574.86,85.95140606,86.45381583,126670.0,1.243277808
Niger,1997,36.3015,1513.17,82.43914403,83.06726979,126670.0,1.194576459
Niger,1998,34.755,1451.48,78.92710909,79.68072375,126670.0,1.145875109
Niger,1999,33.2084,1389.79,75.41484706,76.29417771,126670.0,1.097173759
Niger,2000,31.6619,1328.1,71.90281213,72.90763167,126670.0,1.048472409
Niger,2001,31.3261,1315.68,71.14022478,72.22582097,126670.0,1.038667403
Niger,2002,30.9903,1303.26,70.37763743,71.54401028,126670.0,1.028862398
Niger,2003,30.6544,1290.84,69.61482299,70.86219958,126670.0,1.019057393
Niger,2004,30.3186,1278.42,68.85223564,70.18038888,126670.0,1.009252388
Niger,2005,29.9828,1266.0,68.0896483,69.49857819,126670.0,0.999447383
Niger,2006,29.647,1253.58,67.32706095,68.81676749,126670.0,0.989642378
Niger,2007,29.3112,1241.16,66.5644736,68.1349568,126670.0,0.979837373
Niger,2008,28.9753,1228.74,65.80165916,67.4531461,126670.0,0.970032368
Niger,2009,28.6395,1216.32,65.03907181,66.7713354,126670.0,0.960227362
Niger,2010,28.3037,1203.9,64.27648447,66.08952471,126670.0,0.950422357
Niger,2011,27.9683,1191.48,63.5148055,65.40771401,126670.0,0.940617352
Niger,2012,27.6329,1179.06,62.75312654,64.72590332,126670.0,0.930812347
Niger,2013,27.2975,1166.64,61.99144758,64.04409262,126670.0,0.921007342
Niger,2014,26.9622,1154.22,61.22999571,63.36228192,126670.0,0.911202337
Niger,2015,26.6268,1141.8,60.46831674,62.68047123,126670.0,0.901397332
Niger,2016,26.2807,1129.38,59.68233854,61.99866053,126670.0,0.891592327
Niger,2017,25.947,1116.96,58.9245202,61.31684984,126670.0,0.881787321
Niger,2018,25.6143,1104.54,58.16897282,60.63503914,126670.0,0.871982316
Niger,2019,25.2717,1092.12,57.39094297,59.95322845,126670.0,0.862177311
Niger,2020,24.9303,1079.7,56.61563826,59.27141775,126670.0,0.852372306
Niger,2021,,1067.28,,58.58960705,126670.0,0.842567301
Niger,2022,,1054.86,,57.90779636,126670.0,0.832762296
Nigeria,1992,2012.3821,26199.48,100.0,100.0,91077.0,28.76629665
Nigeria,1993,1999.8386,26036.175,99.37668398,99.3766861,91077.0,28.58699233
Nigeria,1994,1987.2951,25872.87,98.75336796,98.7533722,91077.0,28.407688
Nigeria,1995,1974.7517,25709.565,98.13005691,98.13005831,91077.0,28.22838368
Nigeria,1996,1962.2082,25546.26,97.50674089,97.50674441,91077.0,28.04907935
Nigeria,1997,1949.6648,25382.955,96.88342984,96.88343051,91077.0,27.86977503
Nigeria,1998,1937.1213,25219.65,96.26011382,96.26011661,91077.0,27.6904707
Nigeria,1999,1924.5779,25056.345,95.63680277,95.63680272,91077.0,27.51116638
Nigeria,2000,1912.0344,24893.04,95.01348675,95.01348882,91077.0,27.33186205
Nigeria,2001,1899.4909,24729.734,94.39017073,94.3901711,91077.0,27.15255663
Nigeria,2002,1886.9473,24566.428,93.76684974,93.76685339,91077.0,26.97325121
Nigeria,2003,1874.4038,24403.122,93.14353373,93.14353567,91077.0,26.79394578
Nigeria,2004,1861.8603,24239.816,92.52021771,92.52021796,91077.0,26.61464036
Nigeria,2005,1849.3167,24076.51,91.89689672,91.89690024,91077.0,26.43533494
Nigeria,2006,1836.7732,23913.204,91.2735807,91.27358253,91077.0,26.25602951
Nigeria,2007,1824.2297,23749.898,90.65026468,90.65026481,91077.0,26.07672409
Nigeria,2008,1811.6861,23586.592,90.02694369,90.0269471,91077.0,25.89741867
Nigeria,2009,1799.1426,23423.286,89.40362767,89.40362939,91077.0,25.71811324
Nigeria,2010,1786.5991,23259.98,88.78031165,88.78031167,91077.0,25.53880782
Nigeria,2011,1774.0555,23096.674,88.15699066,88.15699396,91077.0,25.3595024
Nigeria,2012,1761.512,22933.368,87.53367464,87.53367624,91077.0,25.18019698
Nigeria,2013,1748.9685,22770.062,86.91035862,86.91035853,91077.0,25.00089155
Nigeria,2014,1736.4249,22606.756,86.28703764,86.28704081,91077.0,24.82158613
Nigeria,2015,1723.8814,22443.45,85.66372162,85.6637231,91077.0,24.64228071
Nigeria,2016,1711.3382,22280.1479,85.0404205,85.04042027,91077.0,24.46297957
Nigeria,2017,1698.7952,22116.85,84.41712933,84.41713347,91077.0,24.28368304
Nigeria,2018,1686.2522,21953.55,83.79383816,83.79383866,91077.0,24.1043842
Nigeria,2019,1673.7091,21790.25,83.17054202,83.17054384,91077.0,23.92508537
Nigeria,2020,1661.166,21626.95,82.54724587,82.54724903,91077.0,23.74578653
Nigeria,2021,,21463.65,,81.92395422,91077.0,23.5664877
Nigeria,2022,,21300.35,,81.3006594,91077.0,23.38718886
Niue,1992,1.1951,18.91,100.0,100.0,26.0,72.73076923
Niue,1993,1.1945,18.9,99.949795,99.94711793,26.0,72.69230769
Niue,1994,1.1939,18.89,99.89958999,99.89423585,26.0,72.65384615
Niue,1995,1.1933,18.88,99.84938499,99.84135378,26.0,72.61538462
Niue,1996,1.1927,18.87,99.79917998,99.78847171,26.0,72.57692308
Niue,1997,1.1921,18.86,99.74897498,99.73558964,26.0,72.53846154
Niue,1998,1.1915,18.85,99.69876998,99.68270756,26.0,72.5
Niue,1999,1.1909,18.84,99.64856497,99.62982549,26.0,72.46153846
Niue,2000,1.1902,18.83,99.58999247,99.57694342,26.0,72.42307692
Niue,2001,1.1899,18.824,99.56488997,99.54521417,26.0,72.4
Niue,2002,1.1895,18.818,99.53141996,99.51348493,26.0,72.37692308
Niue,2003,1.1891,18.812,99.49794996,99.48175568,26.0,72.35384615
Niue,2004,1.1887,18.806,99.46447996,99.45002644,26.0,72.33076923
Niue,2005,1.1883,18.8,99.43100996,99.4182972,26.0,72.30769231
Niue,2006,1.188,18.794,99.40590746,99.38656795,26.0,72.28461538
Niue,2007,1.1876,18.788,99.37243745,99.35483871,26.0,72.26153846
Niue,2008,1.1872,18.782,99.33896745,99.32310947,26.0,72.23846154
Niue,2009,1.1868,18.776,99.30549745,99.29138022,26.0,72.21538462
Niue,2010,1.1865,18.77,99.28039495,99.25965098,26.0,72.19230769
Niue,2011,1.1871,18.78,99.33059995,99.31253305,26.0,72.23076923
Niue,2012,1.1877,18.79,99.38080495,99.36541512,26.0,72.26923077
Niue,2013,1.1883,18.8,99.43100996,99.4182972,26.0,72.30769231
Niue,2014,1.189,18.81,99.48958246,99.47117927,26.0,72.34615385
Niue,2015,1.1896,18.82,99.53978747,99.52406134,26.0,72.38461538
Niue,2016,1.1902,18.83,99.58999247,99.57694342,26.0,72.42307692
Niue,2017,1.1909,18.84,99.64856497,99.62982549,26.0,72.46153846
Niue,2018,1.1915,18.85,99.69876998,99.68270756,26.0,72.5
Niue,2019,1.192,18.86,99.74060748,99.73558964,26.0,72.53846154
Niue,2020,1.1926,18.87,99.79081248,99.78847171,26.0,72.57692308
Niue,2021,,18.88,,99.84135378,26.0,72.61538462
Niue,2022,,18.89,,99.89423585,26.0,72.65384615
Norfolk Island,1992,,0.49,,100.0,4.0,12.25
Norfolk Island,1993,,0.49,,100.0,4.0,12.25
Norfolk Island,1994,,0.49,,100.0,4.0,12.25
Norfolk Island,1995,,0.49,,100.0,4.0,12.25
Norfolk Island,1996,,0.49,,100.0,4.0,12.25
Norfolk Island,1997,,0.49,,100.0,4.0,12.25
Norfolk Island,1998,,0.49,,100.0,4.0,12.25
Norfolk Island,1999,,0.49,,100.0,4.0,12.25
Norfolk Island,2000,,0.49,,100.0,4.0,12.25
Norfolk Island,2001,,0.49,,100.0,4.0,12.25
Norfolk Island,2002,,0.49,,100.0,4.0,12.25
Norfolk Island,2003,,0.49,,100.0,4.0,12.25
Norfolk Island,2004,,0.49,,100.0,4.0,12.25
Norfolk Island,2005,,0.49,,100.0,4.0,12.25
Norfolk Island,2006,,0.49,,100.0,4.0,12.25
Norfolk Island,2007,,0.49,,100.0,4.0,12.25
Norfolk Island,2008,,0.49,,100.0,4.0,12.25
Norfolk Island,2009,,0.49,,100.0,4.0,12.25
Norfolk Island,2010,,0.49,,100.0,4.0,12.25
Norfolk Island,2011,,0.49,,100.0,4.0,12.25
Norfolk Island,2012,,0.49,,100.0,4.0,12.25
Norfolk Island,2013,,0.49,,100.0,4.0,12.25
Norfolk Island,2014,,0.49,,100.0,4.0,12.25
Norfolk Island,2015,,0.49,,100.0,4.0,12.25
Norfolk Island,2016,,0.49,,100.0,4.0,12.25
Norfolk Island,2017,,0.49,,100.0,4.0,12.25
Norfolk Island,2018,,0.49,,100.0,4.0,12.25
Norfolk Island,2019,,0.49,,100.0,4.0,12.25
Norfolk Island,2020,,0.49,,100.0,4.0,12.25
Norfolk Island,2021,,0.49,,100.0,4.0,12.25
Norfolk Island,2022,,0.49,,100.0,4.0,12.25
"North Macedonia, Republic of ",1992,42.5946,921.11,100.0,100.0,2543.0,36.22139206
"North Macedonia, Republic of ",1993,42.7654,925.665,100.4009898,100.4945121,2543.0,36.40051121
"North Macedonia, Republic of ",1994,42.9362,930.22,100.8019796,100.9890241,2543.0,36.57963036
"North Macedonia, Republic of ",1995,43.107,934.775,101.2029694,101.4835362,2543.0,36.75874951
"North Macedonia, Republic of ",1996,43.2779,939.33,101.604194,101.9780482,2543.0,36.93786866
"North Macedonia, Republic of ",1997,43.4487,943.885,102.0051838,102.4725603,2543.0,37.11698781
"North Macedonia, Republic of ",1998,43.6195,948.44,102.4061736,102.9670723,2543.0,37.29610696
"North Macedonia, Republic of ",1999,43.7903,952.995,102.8071633,103.4615844,2543.0,37.47522611
"North Macedonia, Republic of ",2000,43.9611,957.55,103.2081531,103.9560964,2543.0,37.65434526
"North Macedonia, Republic of ",2001,43.8255,957.838,102.8898029,103.9873631,2543.0,37.66567047
"North Macedonia, Republic of ",2002,43.6898,958.126,102.5712179,104.0186297,2543.0,37.67699567
"North Macedonia, Republic of ",2003,43.5542,958.414,102.2528677,104.0498963,2543.0,37.68832088
"North Macedonia, Republic of ",2004,43.4185,958.702,101.9342827,104.0811629,2543.0,37.69964609
"North Macedonia, Republic of ",2005,43.2829,958.99,101.6159325,104.1124296,2543.0,37.71097129
"North Macedonia, Republic of ",2006,43.1473,959.278,101.2975823,104.1436962,2543.0,37.7222965
"North Macedonia, Republic of ",2007,43.0116,959.566,100.9789973,104.1749628,2523.0,38.0327388
"North Macedonia, Republic of ",2008,42.876,959.854,100.6606471,104.2062294,2523.0,38.04415379
"North Macedonia, Republic of ",2009,42.7403,960.142,100.3420621,104.2374961,2522.0,38.07065821
"North Macedonia, Republic of ",2010,42.6047,960.43,100.0237119,104.2687627,2522.0,38.08207772
"North Macedonia, Republic of ",2011,42.6396,967.224,100.1056472,105.006351,2522.0,38.35146709
"North Macedonia, Republic of ",2012,42.6744,974.018,100.1873477,105.7439394,2522.0,38.62085646
"North Macedonia, Republic of ",2013,42.7093,980.812,100.269283,106.4815277,2522.0,38.89024584
"North Macedonia, Republic of ",2014,42.7442,987.606,100.3512182,107.2191161,2522.0,39.15963521
"North Macedonia, Republic of ",2015,42.7791,994.4,100.4331535,107.9567044,2522.0,39.42902458
"North Macedonia, Republic of ",2016,42.8114,1001.67,100.5089847,108.7459695,2522.0,39.71728787
"North Macedonia, Republic of ",2017,42.8137,1001.49,100.5143845,108.7264279,2522.0,39.71015067
"North Macedonia, Republic of ",2018,42.8137,1001.49,100.5143845,108.7264279,2522.0,39.71015067
"North Macedonia, Republic of ",2019,42.8137,1001.49,100.5143845,108.7264279,2522.0,39.71015067
"North Macedonia, Republic of ",2020,42.8137,1001.49,100.5143845,108.7264279,2522.0,39.71015067
"North Macedonia, Republic of ",2021,,1001.49,,108.7264279,2522.0,39.71015067
"North Macedonia, Republic of ",2022,,1001.49,,108.7264279,2522.0,39.71015067
Northern Mariana Islands,1992,,33.28,,100.0,46.0,72.34782609
Northern Mariana Islands,1993,,33.115,,99.50420673,46.0,71.98913043
Northern Mariana Islands,1994,,32.95,,99.00841346,46.0,71.63043478
Northern Mariana Islands,1995,,32.785,,98.51262019,46.0,71.27173913
Northern Mariana Islands,1996,,32.62,,98.01682692,46.0,70.91304348
Northern Mariana Islands,1997,,32.455,,97.52103365,46.0,70.55434783
Northern Mariana Islands,1998,,32.29,,97.02524038,46.0,70.19565217
Northern Mariana Islands,1999,,32.125,,96.52944712,46.0,69.83695652
Northern Mariana Islands,2000,,31.96,,96.03365385,46.0,69.47826087
Northern Mariana Islands,2001,,31.796,,95.54086538,46.0,69.12173913
Northern Mariana Islands,2002,,31.632,,95.04807692,46.0,68.76521739
Northern Mariana Islands,2003,,31.468,,94.55528846,46.0,68.40869565
Northern Mariana Islands,2004,,31.304,,94.0625,46.0,68.05217391
Northern Mariana Islands,2005,,31.14,,93.56971154,46.0,67.69565217
Northern Mariana Islands,2006,,30.976,,93.07692308,46.0,67.33913043
Northern Mariana Islands,2007,,30.812,,92.58413462,46.0,66.9826087
Northern Mariana Islands,2008,,30.648,,92.09134615,46.0,66.62608696
Northern Mariana Islands,2009,,30.484,,91.59855769,46.0,66.26956522
Northern Mariana Islands,2010,,30.32,,91.10576923,46.0,65.91304348
Northern Mariana Islands,2011,,30.154,,90.60697115,46.0,65.55217391
Northern Mariana Islands,2012,,29.988,,90.10817308,46.0,65.19130435
Northern Mariana Islands,2013,,29.822,,89.609375,46.0,64.83043478
Northern Mariana Islands,2014,,29.656,,89.11057692,46.0,64.46956522
Northern Mariana Islands,2015,,29.49,,88.61177885,46.0,64.10869565
Northern Mariana Islands,2016,,24.36,,73.19711538,46.0,52.95652174
Northern Mariana Islands,2017,,24.36,,73.19711538,46.0,52.95652174
Northern Mariana Islands,2018,,24.36,,73.19711538,46.0,52.95652174
Northern Mariana Islands,2019,,24.36,,73.19711538,46.0,52.95652174
Northern Mariana Islands,2020,,24.36,,73.19711538,46.0,52.95652174
Northern Mariana Islands,2021,,24.36,,73.19711538,46.0,52.95652174
Northern Mariana Islands,2022,,24.36,,73.19711538,46.0,52.95652174
Norway,1992,338.8264,12128.2,100.0,100.0,36524.4,33.20574739
Norway,1993,343.2445,12126.3,101.3039421,99.98433403,36524.4,33.20054539
Norway,1994,347.6625,12124.4,102.6078546,99.96866806,36524.4,33.19534339
Norway,1995,352.0805,12122.5,103.9117672,99.95300209,36524.4,33.19014138
Norway,1996,356.4985,12120.6,105.2156798,99.93733613,36524.4,33.18493938
Norway,1997,360.9165,12118.7,106.5195923,99.92167016,36524.4,33.17973738
Norway,1998,365.3345,12116.8,107.8235049,99.90600419,36524.4,33.17453538
Norway,1999,369.7526,12114.9,109.127447,99.89033822,36524.4,33.16933338
Norway,2000,374.1706,12113.0,110.4313595,99.87467225,36524.4,33.16413138
Norway,2001,380.7201,12111.9,112.3643553,99.86560248,36524.4,33.16111969
Norway,2002,387.2696,12110.8,114.2973511,99.85653271,36524.4,33.158108
Norway,2003,393.8191,12109.7,116.2303469,99.84746294,36524.4,33.15509632
Norway,2004,400.3686,12108.6,118.1633426,99.83839317,36524.4,33.15208463
Norway,2005,406.9181,12107.5,120.0963384,99.8293234,36524.4,33.14907295
Norway,2006,413.4676,12106.4,122.0293342,99.82025362,36524.4,33.14606126
Norway,2007,420.0171,12105.3,123.96233,99.81118385,36524.4,33.14304958
Norway,2008,426.5666,12104.2,125.8953257,99.80211408,36524.4,33.14003789
Norway,2009,433.1162,12103.1,127.828351,99.79304431,36524.4,33.13702621
Norway,2010,439.6657,12102.0,129.7613468,99.78397454,36524.4,33.13401452
Norway,2011,445.1697,12109.8,131.3857775,99.84828746,36524.4,33.15537011
Norway,2012,450.6737,12117.6,133.0102082,99.91260039,36524.4,33.1767257
Norway,2013,456.1777,12125.4,134.6346389,99.97691331,36512.296,33.2090866
Norway,2014,461.6817,12133.2,136.2590695,100.0412262,36510.8,33.23181086
Norway,2015,467.1857,12141.0,137.8835002,100.1055392,36519.07,33.24564399
Norway,2016,472.7098,12148.8,139.5138631,100.1698521,36514.573,33.27109973
Norway,2017,478.2406,12156.6,141.1462035,100.234165,36512.3,33.29453362
Norway,2018,483.6565,12164.4,142.7446326,100.2984779,36510.8,33.31726503
Norway,2019,489.2007,12172.2,144.3809278,100.3627909,36509.4,33.33990698
Norway,2020,494.7516,12180.0,146.0192004,100.4271038,36428.5,33.43535968
Norway,2021,,12187.8,,100.4914167,36427.0,33.45814918
Norway,2022,,12195.6,,100.5557296,36427.0,33.47956186
Oceania,1992,13879.3561,184645.1372,100.0,100.0,,
Oceania,1993,13872.3237,184480.5509,99.94933194,99.91086345,,
Oceania,1994,13865.2915,184315.9645,99.89866533,99.82172685,,
Oceania,1995,13858.2592,184151.3781,99.84799799,99.73259025,,
Oceania,1996,13851.2271,183986.7918,99.7973321,99.6434537,,
Oceania,1997,13844.1949,183822.2054,99.74666548,99.5543171,,
Oceania,1998,13837.1627,183657.619,99.69599887,99.4651805,,
Oceania,1999,13830.1306,183493.0326,99.64533297,99.3760439,,
Oceania,2000,13823.0982,183328.4463,99.59466491,99.28690735,,
Oceania,2001,13821.6907,183097.1052,99.58452395,99.16161778,,
Oceania,2002,13820.2831,182865.7641,99.57438227,99.03632821,,
Oceania,2003,13818.8755,182634.423,99.56424059,98.91103864,,
Oceania,2004,13817.4682,182403.0819,99.55410107,98.78574907,,
Oceania,2005,13816.0606,182171.7408,99.54395939,98.6604595,,
Oceania,2006,13814.6531,181940.3997,99.53381843,98.53516993,,
Oceania,2007,13813.2456,181709.0586,99.52367747,98.40988036,,
Oceania,2008,13811.8379,181477.7175,99.51353507,98.28459078,,
Oceania,2009,13810.4303,181246.3764,99.50339339,98.15930121,,
Oceania,2010,13809.0231,181015.0353,99.49325459,98.03401164,,
Oceania,2011,13825.3336,181699.0104,99.61077085,98.40443846,,
Oceania,2012,13841.6443,182382.9855,99.72828855,98.77486527,,
Oceania,2013,13857.955,183066.9607,99.84580625,99.14529214,,
Oceania,2014,13874.2659,183750.9358,99.96332539,99.51571895,,
Oceania,2015,13890.5766,184434.9109,100.0808431,99.88614577,,
Oceania,2016,13890.6788,185346.55,100.0815794,100.3798707,,
Oceania,2017,13867.6557,185302.78,99.91569926,100.3561658,,
Oceania,2018,13848.8299,185266.72,99.7800604,100.3366364,,
Oceania,2019,13857.4075,185249.02,99.84186154,100.3270505,,
Oceania,2020,13833.3443,185248.02,99.6684875,100.3265089,,
Oceania,2021,,185235.8867,,100.3199378,,
Oceania,2022,,185231.1756,,100.3173863,,
Oman,1992,0.188,3.0,100.0,100.0,30950.0,0.009693053
Oman,1993,0.188,3.0,100.0,100.0,30950.0,0.009693053
Oman,1994,0.188,3.0,100.0,100.0,30950.0,0.009693053
Oman,1995,0.188,3.0,100.0,100.0,30950.0,0.009693053
Oman,1996,0.188,3.0,100.0,100.0,30950.0,0.009693053
Oman,1997,0.188,3.0,100.0,100.0,30950.0,0.009693053
Oman,1998,0.188,3.0,100.0,100.0,30950.0,0.009693053
Oman,1999,0.188,3.0,100.0,100.0,30950.0,0.009693053
Oman,2000,0.188,3.0,100.0,100.0,30950.0,0.009693053
Oman,2001,0.188,3.0,100.0,100.0,30950.0,0.009693053
Oman,2002,0.188,3.0,100.0,100.0,30950.0,0.009693053
Oman,2003,0.188,3.0,100.0,100.0,30950.0,0.009693053
Oman,2004,0.188,3.0,100.0,100.0,30950.0,0.009693053
Oman,2005,0.188,3.0,100.0,100.0,30950.0,0.009693053
Oman,2006,0.188,3.0,100.0,100.0,30950.0,0.009693053
Oman,2007,0.188,3.0,100.0,100.0,30950.0,0.009693053
Oman,2008,0.188,3.0,100.0,100.0,30950.0,0.009693053
Oman,2009,0.188,3.0,100.0,100.0,30950.0,0.009693053
Oman,2010,0.188,3.0,100.0,100.0,30950.0,0.009693053
Oman,2011,0.188,3.0,100.0,100.0,30950.0,0.009693053
Oman,2012,0.188,3.0,100.0,100.0,30950.0,0.009693053
Oman,2013,0.188,3.0,100.0,100.0,30950.0,0.009693053
Oman,2014,0.188,3.0,100.0,100.0,30950.0,0.009693053
Oman,2015,0.188,3.0,100.0,100.0,30950.0,0.009693053
Oman,2016,0.1775,2.8,94.41489362,93.33333333,30950.0,0.00904685
Oman,2017,0.1723,2.7,91.64893617,90.0,30950.0,0.008723748
Oman,2018,0.1671,2.6,88.88297872,86.66666667,30950.0,0.008400646
Oman,2019,0.1619,2.5,86.11702128,83.33333333,30950.0,0.008077544
Oman,2020,0.1619,2.5,86.11702128,83.33333333,30950.0,0.008077544
Oman,2021,,2.4333,,81.11,30950.0,0.007862036
Oman,2022,,2.4111,,80.37,30950.0,0.007790307
Pakistan,1992,225.7512,4891.684,100.0,100.0,77088.0,6.345584267
Pakistan,1993,223.5566,4844.131,99.02786785,99.02788079,77088.0,6.283897623
Pakistan,1994,221.3621,4796.578,98.05577999,98.05576157,77088.0,6.22221098
Pakistan,1995,219.1675,4749.025,97.08364784,97.08364236,77088.0,6.160524336
Pakistan,1996,216.9729,4701.472,96.11151569,96.11152315,77088.0,6.098837692
Pakistan,1997,214.7784,4653.919,95.13942783,95.13940394,77088.0,6.037151048
Pakistan,1998,212.5838,4606.366,94.16729568,94.16728472,77088.0,5.975464404
Pakistan,1999,210.3892,4558.813,93.19516353,93.19516551,77088.0,5.91377776
Pakistan,2000,208.1946,4511.26,92.22303137,92.2230463,77088.0,5.852091117
Pakistan,2001,206.2677,4469.507,91.36948109,91.36949566,77088.0,5.797928342
Pakistan,2002,204.3408,4427.754,90.51593081,90.51594502,77088.0,5.743765567
Pakistan,2003,202.4139,4386.001,89.66238053,89.66239438,77088.0,5.689602792
Pakistan,2004,200.487,4344.248,88.80883025,88.80884374,77088.0,5.635440017
Pakistan,2005,198.5601,4302.495,87.95527997,87.95529311,77088.0,5.581277242
Pakistan,2006,196.6332,4260.742,87.10172969,87.10174247,77088.0,5.527114467
Pakistan,2007,194.7063,4218.989,86.24817941,86.24819183,77088.0,5.472951692
Pakistan,2008,192.7794,4177.236,85.39462913,85.39464119,77088.0,5.418788917
Pakistan,2009,190.8525,4135.483,84.54107885,84.54109055,77088.0,5.364626142
Pakistan,2010,188.9256,4093.73,83.68752857,83.68753991,77088.0,5.310463367
Pakistan,2011,187.4384,4061.504,83.02875023,83.02874838,77088.0,5.268659195
Pakistan,2012,185.9512,4029.278,82.3699719,82.36995685,77088.0,5.226855023
Pakistan,2013,184.4639,3997.052,81.71114927,81.71116532,77088.0,5.185050851
Pakistan,2014,182.9767,3964.826,81.05237093,81.05237378,77088.0,5.143246679
Pakistan,2015,181.4895,3932.6,80.39359259,80.39358225,77088.0,5.101442507
Pakistan,2016,178.5193,3868.24,79.07789637,79.07787993,77088.0,5.017953508
Pakistan,2017,177.6738,3849.92,78.70336902,78.70336678,77088.0,4.99418846
Pakistan,2018,175.766,3808.58,77.85827938,77.85825904,77088.0,4.940561436
Pakistan,2019,173.8581,3767.24,77.01314545,77.0131513,77088.0,4.886934413
Pakistan,2020,171.9503,3725.9,76.16805581,76.16804356,77088.0,4.833307389
Pakistan,2021,,3684.56,,75.32293582,77088.0,4.779680365
Pakistan,2022,,3643.22,,74.47782809,77088.0,4.726053342
"Palau, Rep. of",1992,10.1586,38.436,100.0,100.0,46.0,83.55652174
"Palau, Rep. of",1993,10.1964,38.579,100.3720985,100.372047,46.0,83.8673913
"Palau, Rep. of",1994,10.2342,38.722,100.744197,100.7440941,46.0,84.17826087
"Palau, Rep. of",1995,10.272,38.865,101.1162956,101.1161411,46.0,84.48913043
"Palau, Rep. of",1996,10.3098,39.008,101.4883941,101.4881882,46.0,84.8
"Palau, Rep. of",1997,10.3476,39.151,101.8604926,101.8602352,46.0,85.11086957
"Palau, Rep. of",1998,10.3854,39.294,102.2325911,102.2322822,46.0,85.42173913
"Palau, Rep. of",1999,10.4232,39.437,102.6046896,102.6043293,46.0,85.7326087
"Palau, Rep. of",2000,10.461,39.58,102.9767881,102.9763763,46.0,86.04347826
"Palau, Rep. of",2001,10.4869,39.678,103.2317445,103.2313456,46.0,86.25652174
"Palau, Rep. of",2002,10.5128,39.776,103.4867009,103.4863149,46.0,86.46956522
"Palau, Rep. of",2003,10.5387,39.874,103.7416573,103.7412842,46.0,86.6826087
"Palau, Rep. of",2004,10.5646,39.972,103.9966137,103.9962535,46.0,86.89565217
"Palau, Rep. of",2005,10.5905,40.07,104.2515701,104.2512228,46.0,87.10869565
"Palau, Rep. of",2006,10.6164,40.168,104.5065265,104.5061921,46.0,87.32173913
"Palau, Rep. of",2007,10.6423,40.266,104.7614829,104.7611614,46.0,87.53478261
"Palau, Rep. of",2008,10.6682,40.364,105.0164393,105.0161307,46.0,87.74782609
"Palau, Rep. of",2009,10.6941,40.462,105.2713957,105.2711,46.0,87.96086957
"Palau, Rep. of",2010,10.72,40.56,105.5263521,105.5260693,46.0,88.17391304
"Palau, Rep. of",2011,10.7427,40.646,105.749808,105.7498179,46.0,88.36086957
"Palau, Rep. of",2012,10.7655,40.732,105.9742484,105.9735664,46.0,88.54782609
"Palau, Rep. of",2013,10.7882,40.818,106.1977044,106.197315,46.0,88.73478261
"Palau, Rep. of",2014,10.8109,40.904,106.4211604,106.4210636,46.0,88.92173913
"Palau, Rep. of",2015,10.8337,40.99,106.6456008,106.6448122,46.0,89.10869565
"Palau, Rep. of",2016,10.8574,41.08,106.8789006,106.8789676,46.0,89.30434783
"Palau, Rep. of",2017,10.8786,41.16,107.0875908,107.0871058,46.0,89.47826087
"Palau, Rep. of",2018,10.9024,41.25,107.3218751,107.3212613,46.0,89.67391304
"Palau, Rep. of",2019,10.9235,41.33,107.5295808,107.5293995,46.0,89.84782609
"Palau, Rep. of",2020,10.9447,41.41,107.738271,107.7375377,46.0,90.02173913
"Palau, Rep. of",2021,,41.49,,107.9456759,46.0,90.19565217
"Palau, Rep. of",2022,,41.57,,108.1538141,46.0,90.36956522
Panama,1992,388.3621,4574.348,100.0,100.0,7434.0,61.53279526
Panama,1993,386.9591,4557.822,99.63873921,99.63872447,7434.0,61.31049233
Panama,1994,385.556,4541.296,99.27745267,99.27744894,7434.0,61.0881894
Panama,1995,384.153,4524.77,98.91619187,98.91617341,7434.0,60.86588647
Panama,1996,382.7499,4508.244,98.55490533,98.55489788,7434.0,60.64358354
Panama,1997,381.3469,4491.718,98.19364454,98.19362235,7434.0,60.4212806
Panama,1998,379.9438,4475.192,97.832358,97.83234682,7434.0,60.19897767
Panama,1999,378.5407,4458.666,97.47107146,97.47107129,7434.0,59.97667474
Panama,2000,377.1377,4442.14,97.10981066,97.10979576,7434.0,59.75437181
Panama,2001,376.1686,4430.725,96.8602755,96.860252,7434.0,59.60082055
Panama,2002,375.1994,4419.31,96.61071459,96.61070824,7434.0,59.4472693
Panama,2003,374.2303,4407.895,96.36117943,96.36116448,7434.0,59.29371805
Panama,2004,373.2612,4396.48,96.11164426,96.11162072,7434.0,59.1401668
Panama,2005,372.292,4385.065,95.86208335,95.86207696,7434.0,58.98661555
Panama,2006,371.3229,4373.65,95.61254819,95.6125332,7434.0,58.8330643
Panama,2007,370.3538,4362.235,95.36301302,95.36298944,7434.0,58.67951305
Panama,2008,369.3846,4350.82,95.11345211,95.11344568,7434.0,58.5259618
Panama,2009,368.4155,4339.405,94.86391695,94.86390192,7434.0,58.37241055
Panama,2010,367.4464,4327.99,94.61438178,94.61435816,7434.0,58.2188593
Panama,2011,366.4771,4316.574,94.36479512,94.36479253,7434.0,58.06529459
Panama,2012,365.5079,4305.158,94.11523421,94.11522691,7434.0,57.91172989
Panama,2013,364.5387,4293.742,93.8656733,93.86566129,7434.0,57.75816519
Panama,2014,363.5695,4282.326,93.61611239,93.61609567,7412.0,57.77558014
Panama,2015,362.6003,4270.91,93.36655147,93.36653005,7412.0,57.62155963
Panama,2016,361.6316,4259.5,93.11711931,93.11709559,7412.0,57.46762008
Panama,2017,360.662,4248.08,92.8674554,92.86744253,7412.0,57.3135456
Panama,2018,359.6933,4236.67,92.61802323,92.61800807,7418.0,57.11337288
Panama,2019,358.7237,4225.25,92.36835932,92.36835501,7418.0,56.95942303
Panama,2020,357.755,4213.84,92.11892716,92.11892055,7418.0,56.80560798
Panama,2021,,4202.4233,,91.86933963,7418.0,56.65170262
Panama,2022,,4191.0111,,91.61985708,7418.0,56.49785791
Papua New Guinea,1992,3371.9938,36375.3372,100.0,100.0,45286.0,80.32358168
Papua New Guinea,1993,3370.8655,36363.1659,99.96653908,99.96653969,45286.0,80.29670516
Papua New Guinea,1994,3369.7372,36350.9945,99.93307817,99.93307911,45286.0,80.26982842
Papua New Guinea,1995,3368.6089,36338.8231,99.89961725,99.89961853,45286.0,80.24295168
Papua New Guinea,1996,3367.4806,36326.6518,99.86615634,99.86615822,45286.0,80.21607517
Papua New Guinea,1997,3366.3523,36314.4804,99.83269542,99.83269763,45286.0,80.18919843
Papua New Guinea,1998,3365.224,36302.309,99.79923451,99.79923705,45286.0,80.16232169
Papua New Guinea,1999,3364.0958,36290.1376,99.76577656,99.76577647,45286.0,80.13544495
Papua New Guinea,2000,3362.9675,36277.9663,99.73231564,99.73231616,45286.0,80.10856843
Papua New Guinea,2001,3362.049,36268.0582,99.70507656,99.70507765,45286.0,80.08668948
Papua New Guinea,2002,3361.1305,36258.1501,99.67783749,99.67783914,45286.0,80.06481054
Papua New Guinea,2003,3360.212,36248.242,99.65059841,99.65060063,45286.0,80.04293159
Papua New Guinea,2004,3359.2935,36238.3339,99.62335933,99.62336212,45286.0,80.02105264
Papua New Guinea,2005,3358.3751,36228.4258,99.59612322,99.59612361,45286.0,79.9991737
Papua New Guinea,2006,3357.4566,36218.5177,99.56888414,99.5688851,45286.0,79.97729475
Papua New Guinea,2007,3356.5381,36208.6096,99.54164506,99.54164659,45286.0,79.9554158
Papua New Guinea,2008,3355.6196,36198.7015,99.51440599,99.51440808,45286.0,79.93353685
Papua New Guinea,2009,3354.7011,36188.7934,99.48716691,99.48716956,45286.0,79.91165791
Papua New Guinea,2010,3353.7827,36178.8853,99.4599308,99.45993105,45286.0,79.88977896
Papua New Guinea,2011,3350.9189,36147.9924,99.37500182,99.37500291,45286.0,79.82156163
Papua New Guinea,2012,3348.0551,36117.0995,99.29007283,99.29007476,45286.0,79.7533443
Papua New Guinea,2013,3345.1914,36086.2067,99.20514682,99.20514689,45286.0,79.68512719
Papua New Guinea,2014,3342.3276,36055.3138,99.12021784,99.12021874,45286.0,79.61690986
Papua New Guinea,2015,3339.4638,36024.4209,99.03528885,99.03529059,45286.0,79.54869253
Papua New Guinea,2016,3336.2619,35989.88,98.94033316,98.94033367,45286.0,79.47241973
Papua New Guinea,2017,3333.1536,35956.35,98.84815328,98.84815583,45286.0,79.39837919
Papua New Guinea,2018,3330.0454,35922.82,98.75597636,98.75597799,45286.0,79.32433865
Papua New Guinea,2019,3326.9372,35889.29,98.66379944,98.66380015,45286.0,79.25029811
Papua New Guinea,2020,3323.829,35855.76,98.57162252,98.57162231,45286.0,79.17625756
Papua New Guinea,2021,,35822.23,,98.47944447,45286.0,79.10221702
Papua New Guinea,2022,,35788.7,,98.38726663,45286.0,79.02817648
Paraguay,1992,1123.5716,25035.018,100.0,100.0,39730.0,63.01288195
Paraguay,1993,1112.1083,24779.597,98.97974459,98.97974509,39730.0,62.36998993
Paraguay,1994,1100.645,24524.176,97.95948919,97.95949018,39730.0,61.72709791
Paraguay,1995,1089.1817,24268.755,96.93923378,96.93923527,39730.0,61.08420589
Paraguay,1996,1077.7184,24013.334,95.91897837,95.91898037,39730.0,60.44131387
Paraguay,1997,1066.2551,23757.913,94.89872297,94.89872546,39730.0,59.79842185
Paraguay,1998,1054.7918,23502.492,93.87846756,93.87847055,39730.0,59.15552983
Paraguay,1999,1043.3285,23247.071,92.85821215,92.85821564,39730.0,58.51263781
Paraguay,2000,1031.8653,22991.65,91.83796564,91.83796073,39730.0,57.86974578
Paraguay,2001,1016.5098,22649.506,90.47129707,90.47129904,39730.0,57.00857287
Paraguay,2002,1001.1544,22307.362,89.10463739,89.10463735,39730.0,56.14739995
Paraguay,2003,985.799,21965.218,87.73797771,87.73797566,39730.0,55.28622703
Paraguay,2004,970.4436,21623.074,86.37131804,86.37131397,39730.0,54.42505412
Paraguay,2005,955.0881,21280.93,85.00464946,85.00465228,39730.0,53.5638812
Paraguay,2006,939.7327,20938.786,83.63798978,83.63799059,39730.0,52.70270828
Paraguay,2007,924.3773,20596.642,82.2713301,82.2713289,39730.0,51.84153536
Paraguay,2008,909.0219,20254.498,80.90467043,80.90466721,39730.0,50.98036245
Paraguay,2009,893.6664,19912.354,79.53800185,79.53800552,39730.0,50.11918953
Paraguay,2010,878.311,19570.21,78.17134217,78.17134384,39730.0,49.25801661
Paraguay,2011,859.7193,19155.956,76.51664567,76.5166456,39730.0,48.21534357
Paraguay,2012,841.1276,18741.702,74.86194916,74.86194737,39730.0,47.17267053
Paraguay,2013,822.5359,18327.448,73.20725266,73.20724914,39730.0,46.12999748
Paraguay,2014,803.9441,17913.194,71.55254725,71.55255091,39730.0,45.08732444
Paraguay,2015,785.3524,17498.94,69.89785075,69.89785268,39730.0,44.0446514
Paraguay,2016,777.9109,17333.13,69.23554316,69.23554039,39730.0,43.62730934
Paraguay,2017,760.2793,16940.27,67.66629737,67.66629846,39730.0,42.63848477
Paraguay,2018,747.7425,16660.93,66.55049843,66.55050138,39730.0,41.93538887
Paraguay,2019,735.2062,16381.6,65.43474399,65.43474425,39730.0,41.23231815
Paraguay,2020,722.6694,16102.26,64.31894505,64.31894716,39730.0,40.52922225
Paraguay,2021,,15822.9267,,63.20317685,39730.0,39.82614322
Paraguay,2022,,15543.5889,,62.08738855,39601.2042,39.25029356
Peru,1992,10781.8546,76218.398,100.0,100.0,128000.0,59.54562344
Peru,1993,10765.5766,76103.327,99.84902412,99.84902464,128000.0,59.45572422
Peru,1994,10749.2987,75988.256,99.69804916,99.69804928,128000.0,59.365825
Peru,1995,10733.0207,75873.185,99.54707328,99.54707392,128000.0,59.27592578
Peru,1996,10716.7428,75758.114,99.39609833,99.39609856,128000.0,59.18602656
Peru,1997,10700.4649,75643.043,99.24512338,99.24512321,128000.0,59.09612734
Peru,1998,10684.1869,75527.972,99.09414749,99.09414785,128000.0,59.00622813
Peru,1999,10667.909,75412.901,98.94317254,98.94317249,128000.0,58.91632891
Peru,2000,10651.631,75297.83,98.79219666,98.79219713,128000.0,58.82642969
Peru,2001,10633.9764,75173.027,98.62845303,98.6284532,128000.0,58.72892734
Peru,2002,10616.3218,75048.224,98.4647094,98.46470927,128000.0,58.631425
Peru,2003,10598.6671,74923.421,98.30096485,98.30096534,128000.0,58.53392266
Peru,2004,10581.0125,74798.618,98.13722122,98.13722141,128000.0,58.43642031
Peru,2005,10563.3579,74673.815,97.97347759,97.97347748,128000.0,58.33891797
Peru,2006,10545.7032,74549.012,97.80973303,97.80973355,128000.0,58.24141563
Peru,2007,10528.0486,74424.209,97.6459894,97.64598962,128000.0,58.14391328
Peru,2008,10510.394,74299.406,97.48224577,97.48224569,128000.0,58.04641094
Peru,2009,10492.7393,74174.603,97.31850122,97.31850176,128000.0,57.94890859
Peru,2010,10475.0847,74049.8,97.15475759,97.15475783,128000.0,57.85140625
Peru,2011,10450.8874,73878.746,96.93033145,96.9303317,128000.0,57.71777031
Peru,2012,10426.6901,73707.692,96.70590531,96.70590557,128000.0,57.58413438
Peru,2013,10402.4928,73536.638,96.48147917,96.48147945,128000.0,57.45049844
Peru,2014,10378.2955,73365.584,96.25705303,96.25705332,128000.0,57.3168625
Peru,2015,10354.0982,73194.53,96.03262689,96.03262719,128000.0,57.18322656
Peru,2016,10328.0342,73010.28,95.7908874,95.79088765,128000.0,57.03928125
Peru,2017,10303.208,72834.78,95.56062832,95.56062829,128000.0,56.90217188
Peru,2018,10280.7526,72676.04,95.35235803,95.35235836,128000.0,56.77815625
Peru,2019,10256.3027,72503.2,95.12558906,95.12558897,128000.0,56.643125
Peru,2020,10231.8541,72330.37,94.89883215,94.89883269,128000.0,56.50810156
Peru,2021,,72157.5333,,94.67206763,128000.0,56.37307289
Peru,2022,,71984.7011,,94.44530847,128000.0,56.23804773
Philippines,1992,937.98,7684.9,100.0,100.0,29817.0,25.773552
Philippines,1993,937.3243,7637.945,99.93009446,99.3889966,29817.0,25.61607472
Philippines,1994,936.6687,7590.99,99.86019958,98.77799321,29817.0,25.45859744
Philippines,1995,936.013,7544.035,99.79029404,98.16698981,29817.0,25.30112017
Philippines,1996,935.3573,7497.08,99.72038849,97.55598641,29817.0,25.14364289
Philippines,1997,934.7017,7450.125,99.65049361,96.94498302,29817.0,24.98616561
Philippines,1998,934.046,7403.17,99.58058807,96.33397962,29817.0,24.82868833
Philippines,1999,933.3903,7356.215,99.51068253,95.72297623,29817.0,24.67121105
Philippines,2000,932.7347,7309.26,99.44078765,95.11197283,29817.0,24.51373378
Philippines,2001,932.0847,7262.306,99.3714898,94.50098245,29817.0,24.35625985
Philippines,2002,931.4347,7215.352,99.30219194,93.88999206,29817.0,24.19878593
Philippines,2003,930.7847,7168.398,99.23289409,93.27900168,29817.0,24.041312
Philippines,2004,930.1348,7121.444,99.1636069,92.66801129,29817.0,23.88383808
Philippines,2005,929.4848,7074.49,99.09430905,92.05702091,29817.0,23.72636415
Philippines,2006,928.8348,7027.536,99.02501119,91.44603053,29817.0,23.56889023
Philippines,2007,928.1848,6980.582,98.95571334,90.83504014,29817.0,23.41141631
Philippines,2008,927.5348,6933.628,98.88641549,90.22404976,29817.0,23.25394238
Philippines,2009,926.8849,6886.674,98.8171283,89.61305938,29817.0,23.09646846
Philippines,2010,926.2349,6839.72,98.74783044,89.00206899,29817.0,22.93899453
Philippines,2011,925.5723,6874.606,98.67718928,89.45602415,29817.0,23.0559949
Philippines,2012,924.9097,6909.492,98.60654811,89.90997931,29817.0,23.17299527
Philippines,2013,924.2471,6944.378,98.53590695,90.36393447,29817.0,23.28999564
Philippines,2014,923.5845,6979.264,98.46526578,90.81788963,29817.0,23.40699601
Philippines,2015,922.9219,7014.15,98.39462462,91.27184479,29817.0,23.52399638
Philippines,2016,922.2259,7049.04,98.32042261,91.725852,29817.0,23.64101016
Philippines,2017,921.6193,7083.93,98.25575172,92.1798592,29817.0,23.75802395
Philippines,2018,920.9604,7118.81,98.18550502,92.63373629,29817.0,23.87500419
Philippines,2019,920.252,7153.7,98.10998102,93.0877435,29817.0,23.99201798
Philippines,2020,919.5644,7188.59,98.03667456,93.54175071,29817.0,24.10903176
Philippines,2021,,7223.48,,93.99575791,29817.0,24.22604554
Philippines,2022,,7258.37,,94.44976512,29817.0,24.34305933
Pitcairn Islands,1992,,3.5,,100.0,4.7,74.46808511
Pitcairn Islands,1993,,3.5,,100.0,4.7,74.46808511
Pitcairn Islands,1994,,3.5,,100.0,4.7,74.46808511
Pitcairn Islands,1995,,3.5,,100.0,4.7,74.46808511
Pitcairn Islands,1996,,3.5,,100.0,4.7,74.46808511
Pitcairn Islands,1997,,3.5,,100.0,4.7,74.46808511
Pitcairn Islands,1998,,3.5,,100.0,4.7,74.46808511
Pitcairn Islands,1999,,3.5,,100.0,4.7,74.46808511
Pitcairn Islands,2000,,3.5,,100.0,4.7,74.46808511
Pitcairn Islands,2001,,3.5,,100.0,4.7,74.46808511
Pitcairn Islands,2002,,3.5,,100.0,4.7,74.46808511
Pitcairn Islands,2003,,3.5,,100.0,4.7,74.46808511
Pitcairn Islands,2004,,3.5,,100.0,4.7,74.46808511
Pitcairn Islands,2005,,3.5,,100.0,4.7,74.46808511
Pitcairn Islands,2006,,3.5,,100.0,4.7,74.46808511
Pitcairn Islands,2007,,3.5,,100.0,4.7,74.46808511
Pitcairn Islands,2008,,3.5,,100.0,4.7,74.46808511
Pitcairn Islands,2009,,3.5,,100.0,4.7,74.46808511
Pitcairn Islands,2010,,3.5,,100.0,4.7,74.46808511
Pitcairn Islands,2011,,3.5,,100.0,4.7,74.46808511
Pitcairn Islands,2012,,3.5,,100.0,4.7,74.46808511
Pitcairn Islands,2013,,3.5,,100.0,4.7,74.46808511
Pitcairn Islands,2014,,3.5,,100.0,4.7,74.46808511
Pitcairn Islands,2015,,3.5,,100.0,4.7,74.46808511
Pitcairn Islands,2016,,3.5,,100.0,4.7,74.46808511
Pitcairn Islands,2017,,3.5,,100.0,4.7,74.46808511
Pitcairn Islands,2018,,3.5,,100.0,4.7,74.46808511
Pitcairn Islands,2019,,3.5,,100.0,4.7,74.46808511
Pitcairn Islands,2020,,3.5,,100.0,4.7,74.46808511
Pitcairn Islands,2021,,3.5,,100.0,4.7,74.46808511
Pitcairn Islands,2022,,3.5,,100.0,4.7,74.46808511
"Poland, Rep. of",1992,485.3048,8917.4,100.0,100.0,30629.0,29.11423814
"Poland, Rep. of",1993,492.5842,8935.1,101.4999646,100.1984883,30629.0,29.17202651
"Poland, Rep. of",1994,499.8636,8952.8,102.9999291,100.3969767,30629.0,29.22981488
"Poland, Rep. of",1995,507.143,8970.5,104.4998937,100.595465,30629.0,29.28760325
"Poland, Rep. of",1996,514.4224,8988.2,105.9998582,100.7939534,30629.0,29.34539162
"Poland, Rep. of",1997,521.7018,9005.9,107.4998228,100.9924417,30629.0,29.40317999
"Poland, Rep. of",1998,528.9812,9023.6,108.9997874,101.1909301,30629.0,29.46096836
"Poland, Rep. of",1999,536.2606,9041.3,110.4997519,101.3894184,30629.0,29.51875673
"Poland, Rep. of",2000,543.54,9059.0,111.9997165,101.5879068,30629.0,29.5765451
"Poland, Rep. of",2001,566.6167,9086.0,116.7548106,101.8906856,30629.0,29.66469686
"Poland, Rep. of",2002,589.6934,9113.0,121.5099047,102.1934645,30629.0,29.75284861
"Poland, Rep. of",2003,612.7701,9140.0,126.2649988,102.4962433,30624.0,29.84587252
"Poland, Rep. of",2004,635.8468,9167.0,131.0200929,102.7990221,30633.0,29.92524402
"Poland, Rep. of",2005,658.9235,9194.0,135.7751871,103.101801,30633.0,30.01338426
"Poland, Rep. of",2006,682.0002,9221.0,140.5302812,103.4045798,30632.0,30.10250718
"Poland, Rep. of",2007,705.0769,9248.0,145.2853753,103.7073586,30632.0,30.1906503
"Poland, Rep. of",2008,728.1536,9275.0,150.0404694,104.0101375,30630.0,30.28077049
"Poland, Rep. of",2009,751.2303,9302.0,154.7955635,104.3129163,30628.0,30.37090244
"Poland, Rep. of",2010,774.307,9329.0,159.5506576,104.6156952,30628.0,30.45905707
"Poland, Rep. of",2011,785.2376,9347.2,161.8029741,104.8197905,30623.0,30.52346276
"Poland, Rep. of",2012,796.1682,9365.4,164.0552906,105.0238859,30622.0,30.58389393
"Poland, Rep. of",2013,807.0988,9383.6,166.3076071,105.2279813,30621.0,30.64432906
"Poland, Rep. of",2014,818.0294,9401.8,168.5599236,105.4320766,30619.0,30.70577093
"Poland, Rep. of",2015,828.96,9420.0,170.8122401,105.636172,30619.0,30.76521114
"Poland, Rep. of",2016,839.715,9435.0,173.0283731,105.8043824,30619.0,30.81420033
"Poland, Rep. of",2017,850.23,9447.0,175.1950527,105.9389508,30619.0,30.85339168
"Poland, Rep. of",2018,860.769,9459.0,177.3666776,106.0735192,30617.0,30.89460104
"Poland, Rep. of",2019,871.332,9471.0,179.5432479,106.2080876,30611.0,30.93985822
"Poland, Rep. of",2020,891.402,9483.0,183.6787932,106.3426559,30613.0,30.9770359
"Poland, Rep. of",2021,,9495.0,,106.4772243,30610.0,31.01927475
"Poland, Rep. of",2022,,9507.0,,106.6117927,30609.0,31.05949231
Portugal,1992,89.0768,3375.4,100.0,100.0,9150.0,36.88961749
Portugal,1993,88.7654,3363.6,99.65041402,99.6504118,9150.0,36.76065574
Portugal,1994,88.454,3351.8,99.30082805,99.30082361,9150.0,36.63169399
Portugal,1995,88.1426,3340.0,98.95124207,98.95123541,9150.0,36.50273224
Portugal,1996,87.8312,3328.2,98.6016561,98.60164721,9150.0,36.37377049
Portugal,1997,87.5198,3316.4,98.25207012,98.25205902,9150.0,36.24480874
Portugal,1998,87.2084,3304.6,97.90248415,97.90247082,9150.0,36.11584699
Portugal,1999,86.897,3292.8,97.55289817,97.55288262,9150.0,35.98688525
Portugal,2000,86.5856,3281.0,97.2033122,97.20329442,9150.0,35.8579235
Portugal,2001,86.5091,3278.1,97.11743125,97.11737868,9150.0,35.82622951
Portugal,2002,86.4325,3275.2,97.03143804,97.03146294,9150.0,35.79453552
Portugal,2003,86.356,3272.3,96.94555709,96.94554719,9150.0,35.76284153
Portugal,2004,86.2795,3269.4,96.85967614,96.85963145,9150.0,35.73114754
Portugal,2005,86.2029,3266.5,96.77368293,96.77371571,9147.0,35.71116213
Portugal,2006,86.1264,3263.6,96.68780199,96.68779996,9147.0,35.67945775
Portugal,2007,86.0499,3260.7,96.60192104,96.60188422,9147.0,35.64775336
Portugal,2008,85.9733,3257.8,96.51592783,96.51596848,9147.0,35.61604898
Portugal,2009,85.8968,3254.9,96.43004688,96.43005273,9159.0,35.53772246
Portugal,2010,85.8203,3252.0,96.34416593,96.34413699,9159.0,35.50605961
Portugal,2011,86.1237,3264.0,96.68477089,96.69965041,9159.0,35.63707828
Portugal,2012,86.4271,3276.0,97.02537586,97.05516383,9159.0,35.76809695
Portugal,2013,86.7306,3288.0,97.36609308,97.41067725,9160.52,35.8931589
Portugal,2014,87.034,3300.0,97.70669804,97.76619067,9160.56,36.02399853
Portugal,2015,87.3374,3312.0,98.047303,98.12170409,9160.56,36.15499489
Portugal,2016,87.3374,3312.0,98.047303,98.12170409,9160.56,36.15499489
Portugal,2017,87.3374,3312.0,98.047303,98.12170409,9160.56,36.15499489
Portugal,2018,87.3374,3312.0,98.047303,98.12170409,9160.56,36.15499489
Portugal,2019,87.3374,3312.0,98.047303,98.12170409,9160.56,36.15499489
Portugal,2020,87.3374,3312.0,98.047303,98.12170409,9160.56,36.15499489
Portugal,2021,,3312.0,,98.12170409,9160.56,36.15499489
Portugal,2022,,3312.0,,98.12170409,9160.56,36.15499489
Puerto Rico,1992,10.6973,342.094,100.0,100.0,887.0,38.567531
Puerto Rico,1993,11.0376,352.976,103.1811766,103.180997,887.0,39.79436302
Puerto Rico,1994,11.3778,363.858,106.3614183,106.3619941,887.0,41.02119504
Puerto Rico,1995,11.7181,374.74,109.5425949,109.5429911,887.0,42.24802706
Puerto Rico,1996,12.0584,385.622,112.7237714,112.7239881,887.0,43.47485908
Puerto Rico,1997,12.3987,396.504,115.904948,115.9049852,887.0,44.70169109
Puerto Rico,1998,12.739,407.386,119.0861245,119.0859822,887.0,45.92852311
Puerto Rico,1999,13.0792,418.268,122.2663663,122.2669793,887.0,47.15535513
Puerto Rico,2000,13.4195,429.15,125.4475428,125.4479763,887.0,48.38218715
Puerto Rico,2001,14.037,435.38,131.2200275,127.2691132,887.0,49.08455468
Puerto Rico,2002,14.6544,441.61,136.9915773,129.09025,887.0,49.78692221
Puerto Rico,2003,15.2719,447.84,142.764062,130.9113869,887.0,50.48928974
Puerto Rico,2004,15.8894,454.07,148.5365466,132.7325238,887.0,51.19165727
Puerto Rico,2005,16.5068,460.3,154.3080964,134.5536607,887.0,51.8940248
Puerto Rico,2006,17.1243,466.53,160.0805811,136.3747976,887.0,52.59639233
Puerto Rico,2007,17.7417,472.76,165.8521309,138.1959345,887.0,53.29875986
Puerto Rico,2008,18.3592,478.99,171.6246156,140.0170713,887.0,54.0011274
Puerto Rico,2009,18.9767,485.22,177.3971002,141.8382082,887.0,54.70349493
Puerto Rico,2010,19.5941,491.45,183.16865,143.6593451,887.0,55.40586246
Puerto Rico,2011,19.7557,491.936,184.6793116,143.8014113,887.0,55.46065389
Puerto Rico,2012,19.9173,492.422,186.1899732,143.9434775,887.0,55.51544532
Puerto Rico,2013,20.079,492.908,187.7015696,144.0855437,887.0,55.57023675
Puerto Rico,2014,20.2406,493.394,189.2122311,144.22761,887.0,55.62502818
Puerto Rico,2015,20.4022,493.88,190.7228927,144.3696762,887.0,55.67981962
Puerto Rico,2016,21.1294,494.37,197.5208698,144.5129117,887.0,55.73506201
Puerto Rico,2017,21.8629,494.86,204.3777402,144.6561471,887.0,55.7903044
Puerto Rico,2018,22.5979,495.35,211.2486328,144.7993826,887.0,55.84554679
Puerto Rico,2019,23.3342,495.84,218.1316781,144.9426181,887.0,55.90078918
Puerto Rico,2020,24.072,496.33,225.0287456,145.0858536,887.0,55.95603157
Puerto Rico,2021,,496.82,,145.2290891,887.0,56.01127396
Puerto Rico,2022,,497.31,,145.3723246,887.0,56.06651635
Qatar,1992,0.0,0.0,,,1161.0,0.0
Qatar,1993,0.0,0.0,,,1161.0,0.0
Qatar,1994,0.0,0.0,,,1161.0,0.0
Qatar,1995,0.0,0.0,,,1161.0,0.0
Qatar,1996,0.0,0.0,,,1161.0,0.0
Qatar,1997,0.0,0.0,,,1161.0,0.0
Qatar,1998,0.0,0.0,,,1161.0,0.0
Qatar,1999,0.0,0.0,,,1161.0,0.0
Qatar,2000,0.0,0.0,,,1161.0,0.0
Qatar,2001,0.0,0.0,,,1161.0,0.0
Qatar,2002,0.0,0.0,,,1161.0,0.0
Qatar,2003,0.0,0.0,,,1161.0,0.0
Qatar,2004,0.0,0.0,,,1161.0,0.0
Qatar,2005,0.0,0.0,,,1161.0,0.0
Qatar,2006,0.0,0.0,,,1161.0,0.0
Qatar,2007,0.0,0.0,,,1161.0,0.0
Qatar,2008,0.0,0.0,,,1161.0,0.0
Qatar,2009,0.0,0.0,,,1161.0,0.0
Qatar,2010,0.0,0.0,,,1161.0,0.0
Qatar,2011,0.0,0.0,,,1161.0,0.0
Qatar,2012,0.0,0.0,,,1161.0,0.0
Qatar,2013,0.0,0.0,,,1161.0,0.0
Qatar,2014,0.0,0.0,,,1149.0,0.0
Qatar,2015,0.0,0.0,,,1149.0,0.0
Qatar,2016,0.0,0.0,,,1149.0,0.0
Qatar,2017,0.0,0.0,,,1149.0,0.0
Qatar,2018,0.0,0.0,,,1149.0,0.0
Qatar,2019,0.0,0.0,,,1149.0,0.0
Qatar,2020,0.0,0.0,,,1149.0,0.0
Qatar,2021,,0.0,,,1149.0,0.0
Qatar,2022,,0.0,,,1149.0,0.0
Romania,1992,382.2,6370.0,100.0,100.0,22946.0,27.76082977
Romania,1993,382.17,6369.5,99.99215071,99.99215071,22946.0,27.75865075
Romania,1994,382.14,6369.0,99.98430141,99.98430141,22951.0,27.75042482
Romania,1995,382.11,6368.5,99.97645212,99.97645212,22949.0,27.75066452
Romania,1996,382.08,6368.0,99.96860283,99.96860283,22952.0,27.74485884
Romania,1997,382.05,6367.5,99.96075353,99.96075353,22953.0,27.7414717
Romania,1998,382.02,6367.0,99.95290424,99.95290424,22959.0,27.73204408
Romania,1999,381.99,6366.5,99.94505495,99.94505495,22960.0,27.72865854
Romania,2000,381.96,6366.0,99.93720565,99.93720565,22971.0,27.7132036
Romania,2001,382.854,6380.9,100.1711146,100.1711146,22971.0,27.778068
Romania,2002,383.748,6395.8,100.4050235,100.4050235,22987.0,27.82355244
Romania,2003,384.642,6410.7,100.6389325,100.6389325,22995.0,27.87866928
Romania,2004,385.536,6425.6,100.8728414,100.8728414,23000.0,27.9373913
Romania,2005,386.43,6440.5,101.1067504,101.1067504,22998.0,28.0046091
Romania,2006,387.324,6455.4,101.3406593,101.3406593,22998.0,28.06939734
Romania,2007,388.218,6470.3,101.5745683,101.5745683,22989.0,28.14519988
Romania,2008,389.112,6485.2,101.8084772,101.8084772,22990.0,28.20878643
Romania,2009,390.006,6500.1,102.0423862,102.0423862,23006.0,28.25393376
Romania,2010,390.9,6515.0,102.2762951,102.2762951,23005.0,28.31993045
Romania,2011,468.8197,6592.192,122.6634485,103.4881005,23017.0,28.64053526
Romania,2012,546.7394,6669.384,143.0506018,104.6999058,23002.0,28.99480045
Romania,2013,624.6591,6746.576,163.4377551,105.9117111,23003.0,29.32911359
Romania,2014,702.5789,6823.768,183.8249346,107.1235165,23008.0,29.65824061
Romania,2015,780.4986,6900.96,204.2120879,108.3353218,23008.0,29.99374131
Romania,2016,812.5004,6929.05,212.5851387,108.7762951,23008.0,30.11582928
Romania,2017,812.5004,6929.05,212.5851387,108.7762951,23008.0,30.11582928
Romania,2018,812.5004,6929.05,212.5851387,108.7762951,23008.0,30.11582928
Romania,2019,812.5004,6929.05,212.5851387,108.7762951,23008.0,30.11582928
Romania,2020,812.5004,6929.05,212.5851387,108.7762951,23008.0,30.11582928
Romania,2021,,6929.05,,108.7762951,23008.0,30.11582928
Romania,2022,,6929.05,,108.7762951,23008.0,30.11582928
Russian Federation,1992,35910.5649,809013.62,100.0,100.0,1638995.0,49.36034704
Russian Federation,1993,36020.4125,809045.48,100.3058922,100.0039381,1638618.0,49.37364779
Russian Federation,1994,36130.2602,809077.34,100.6117846,100.0078763,1638133.0,49.39021068
Russian Federation,1995,36240.1078,809109.2,100.9176767,100.0118144,1637838.0,49.40105187
Russian Federation,1996,36349.9554,809141.06,101.2235689,100.0157525,1637796.0,49.40426402
Russian Federation,1997,36459.8031,809172.92,101.5294613,100.0196906,1637865.0,49.40412793
Russian Federation,1998,36569.6507,809204.78,101.8353535,100.0236288,1638130.0,49.39808074
Russian Federation,1999,36679.4984,809236.64,102.1412459,100.0275669,1638851.0,49.37829247
Russian Federation,2000,36789.346,809268.5,102.4471381,100.031505,1638134.0,49.40184991
Russian Federation,2001,37006.7596,809855.21,103.0525688,100.1040267,1638044.0,49.44038194
Russian Federation,2002,37224.1731,810441.92,103.6579993,100.1765483,1638094.0,49.47468949
Russian Federation,2003,37441.5867,811028.63,104.26343,100.24907,1638098.0,49.51038522
Russian Federation,2004,37659.0003,811615.34,104.8688608,100.3215916,1638123.0,49.54544561
Russian Federation,2005,37876.4138,812202.05,105.4742912,100.3941133,1638139.0,49.58077733
Russian Federation,2006,38093.8274,812788.76,106.079722,100.4666349,1637774.0,49.6276507
Russian Federation,2007,38311.241,813375.47,106.6851527,100.5391566,1637774.0,49.66347433
Russian Federation,2008,38528.6545,813962.18,107.2905832,100.6116782,1637687.0,49.70193816
Russian Federation,2009,38746.0681,814548.89,107.8960139,100.6841999,1637687.0,49.73776369
Russian Federation,2010,38963.4817,815135.6,108.5014447,100.7567215,1637687.0,49.77358921
Russian Federation,2011,39158.7337,815094.572,109.0451621,100.7516501,1637687.0,49.77108397
Russian Federation,2012,39353.9857,815053.544,109.5888795,100.7465788,1637687.0,49.76857873
Russian Federation,2013,39549.2378,815012.516,110.1325972,100.7415074,1637687.0,49.76607349
Russian Federation,2014,39744.4898,814971.488,110.6763146,100.7364361,1637687.0,49.76356825
Russian Federation,2015,39939.7418,814930.46,111.2200321,100.7313647,1637687.0,49.76106301
Russian Federation,2016,40120.2571,815121.03,111.7227123,100.7549205,1637687.0,49.77269955
Russian Federation,2017,40284.5462,815311.6,112.1802074,100.7784764,1637687.0,49.78433608
Russian Federation,2018,40431.3022,815311.6,112.5888783,100.7784764,1637687.0,49.78433608
Russian Federation,2019,40586.2115,815311.6,113.0202535,100.7784764,1637687.0,49.78433608
Russian Federation,2020,40741.1206,815311.6,113.4516283,100.7784764,1637687.0,49.78433608
Russian Federation,2021,,815311.6,,100.7784764,1637687.0,49.78433608
Russian Federation,2022,,815311.6,,100.7784764,1637687.0,49.78433608
Rwanda,1992,25.8587,311.0,100.0,100.0,2467.0,12.60640454
Rwanda,1993,25.6531,308.0,99.20490976,99.03536977,2467.0,12.48479935
Rwanda,1994,25.4475,305.0,98.40981952,98.07073955,2467.0,12.36319416
Rwanda,1995,25.242,302.0,97.615116,97.10610932,2467.0,12.24158897
Rwanda,1996,25.0364,299.0,96.82002576,96.1414791,2467.0,12.11998379
Rwanda,1997,24.8309,296.0,96.02532223,95.17684887,2467.0,11.9983786
Rwanda,1998,24.6253,293.0,95.23023199,94.21221865,2467.0,11.87677341
Rwanda,1999,24.4198,290.0,94.43552847,93.24758842,2467.0,11.75516822
Rwanda,2000,24.2142,287.0,93.64043823,92.2829582,2467.0,11.63356303
Rwanda,2001,24.0675,284.8,93.07312433,91.5755627,2467.0,11.54438589
Rwanda,2002,23.9209,282.6,92.50619714,90.8681672,2467.0,11.45520876
Rwanda,2003,23.7742,280.4,91.93888324,90.1607717,2467.0,11.36603162
Rwanda,2004,23.6276,278.2,91.37195605,89.45337621,2467.0,11.27685448
Rwanda,2005,23.4809,276.0,90.80464215,88.74598071,2467.0,11.18767734
Rwanda,2006,23.3342,273.8,90.23732825,88.03858521,2467.0,11.0985002
Rwanda,2007,23.1876,271.6,89.67040106,87.33118971,2467.0,11.00932306
Rwanda,2008,23.0409,269.4,89.10308716,86.62379421,2467.0,10.92014593
Rwanda,2009,22.8943,267.2,88.53615998,85.91639871,2467.0,10.83096879
Rwanda,2010,22.7476,265.0,87.96884608,85.20900322,2467.0,10.74179165
Rwanda,2011,22.8442,266.0,88.34241474,85.53054662,2467.0,10.78232671
Rwanda,2012,22.9409,267.0,88.71637012,85.85209003,2467.0,10.82286178
Rwanda,2013,23.0375,268.0,89.08993878,86.17363344,2467.0,10.86339684
Rwanda,2014,23.1342,269.0,89.46389416,86.49517685,2467.0,10.9039319
Rwanda,2015,23.2308,270.0,89.83746283,86.81672026,2467.0,10.94446696
Rwanda,2016,23.4192,272.0,90.56603774,87.45980707,2467.0,11.02553709
Rwanda,2017,23.5135,273.0,90.93071191,87.78135048,2467.0,11.06607215
Rwanda,2018,23.6078,274.0,91.29538608,88.10289389,2467.0,11.10660722
Rwanda,2019,23.6995,275.0,91.65000561,88.4244373,2467.0,11.14714228
Rwanda,2020,23.7967,276.0,92.02589457,88.74598071,2467.0,11.18767734
Rwanda,2021,,277.0,,89.06752412,2467.0,11.2282124
Rwanda,2022,,278.0,,89.38906752,2467.0,11.26874747
Réunion,1992,6.3759,88.554,100.0,100.0,250.0,35.4216
Réunion,1993,6.3976,88.856,100.3403441,100.3410348,250.0,35.5424
Réunion,1994,6.4194,89.158,100.6822566,100.6820697,250.0,35.6632
Réunion,1995,6.4411,89.46,101.0226007,101.0231045,250.0,35.784
Réunion,1996,6.4629,89.762,101.3645132,101.3641394,250.0,35.9048
Réunion,1997,6.4846,90.064,101.7048574,101.7051742,250.0,36.0256
Réunion,1998,6.5064,90.366,102.0467699,102.0462091,250.0,36.1464
Réunion,1999,6.5281,90.668,102.387114,102.3872439,250.0,36.2672
Réunion,2000,6.5498,90.97,102.7274581,102.7282788,250.0,36.388
Réunion,2001,6.5716,91.272,103.0693706,103.0693136,250.0,36.5088
Réunion,2002,6.5933,91.574,103.4097147,103.4103485,250.0,36.6296
Réunion,2003,6.6151,91.876,103.7516272,103.7513833,250.0,36.7504
Réunion,2004,6.6368,92.178,104.0919713,104.0924182,250.0,36.8712
Réunion,2005,6.6586,92.48,104.4338838,104.433453,250.0,36.992
Réunion,2006,6.6803,92.782,104.774228,104.7744879,250.0,37.1128
Réunion,2007,6.702,93.084,105.1145721,105.1155227,250.0,37.2336
Réunion,2008,6.7238,93.386,105.4564846,105.4565576,250.0,37.3544
Réunion,2009,6.7455,93.688,105.7968287,105.7975924,250.0,37.4752
Réunion,2010,6.7673,93.99,106.1387412,106.1386273,250.0,37.596
Réunion,2011,6.7968,94.4,106.601421,106.6016216,250.0,37.76
Réunion,2012,6.8263,94.81,107.0641008,107.0646159,250.0,37.924
Réunion,2013,6.8558,95.22,107.5267805,107.5276103,251.0,37.93625498
Réunion,2014,6.8854,95.63,107.9910287,107.9906046,251.0,38.09960159
Réunion,2015,6.9149,96.04,108.4537085,108.4535989,251.0,38.26294821
Réunion,2016,6.9494,96.52,108.9948086,108.9956411,251.0,38.45418327
Réunion,2017,6.984,97.0,109.5374771,109.5376832,251.0,38.64541833
Réunion,2018,7.0186,97.48,110.0801455,110.0797254,251.0,38.83665339
Réunion,2019,7.0531,97.96,110.6212456,110.6217675,251.0,39.02788845
Réunion,2020,7.0877,98.44,111.1639141,111.1638097,251.0,39.21912351
Réunion,2021,,98.92,,111.7058518,251.0,39.41035857
Réunion,2022,,99.4,,112.2478939,251.0,39.60159363
Saint Helena,1992,,2.0,,100.0,39.0,5.128205128
Saint Helena,1993,,2.0,,100.0,39.0,5.128205128
Saint Helena,1994,,2.0,,100.0,39.0,5.128205128
Saint Helena,1995,,2.0,,100.0,39.0,5.128205128
Saint Helena,1996,,2.0,,100.0,39.0,5.128205128
Saint Helena,1997,,2.0,,100.0,39.0,5.128205128
Saint Helena,1998,,2.0,,100.0,39.0,5.128205128
Saint Helena,1999,,2.0,,100.0,39.0,5.128205128
Saint Helena,2000,,2.0,,100.0,39.0,5.128205128
Saint Helena,2001,,2.0,,100.0,39.0,5.128205128
Saint Helena,2002,,2.0,,100.0,39.0,5.128205128
Saint Helena,2003,,2.0,,100.0,39.0,5.128205128
Saint Helena,2004,,2.0,,100.0,39.0,5.128205128
Saint Helena,2005,,2.0,,100.0,39.0,5.128205128
Saint Helena,2006,,2.0,,100.0,39.0,5.128205128
Saint Helena,2007,,2.0,,100.0,39.0,5.128205128
Saint Helena,2008,,2.0,,100.0,39.0,5.128205128
Saint Helena,2009,,2.0,,100.0,39.0,5.128205128
Saint Helena,2010,,2.0,,100.0,39.0,5.128205128
Saint Helena,2011,,2.0,,100.0,39.0,5.128205128
Saint Helena,2012,,2.0,,100.0,39.0,5.128205128
Saint Helena,2013,,2.0,,100.0,39.0,5.128205128
Saint Helena,2014,,2.0,,100.0,39.0,5.128205128
Saint Helena,2015,,2.0,,100.0,39.0,5.128205128
Saint Helena,2016,,2.0,,100.0,39.0,5.128205128
Saint Helena,2017,,2.0,,100.0,39.0,5.128205128
Saint Helena,2018,,2.0,,100.0,39.0,5.128205128
Saint Helena,2019,,2.0,,100.0,39.0,5.128205128
Saint Helena,2020,,2.0,,100.0,39.0,5.128205128
Saint Helena,2021,,2.0,,100.0,39.0,5.128205128
Saint Helena,2022,,2.0,,100.0,39.0,5.128205128
Saint Pierre and Miquelon,1992,0.0315,1.854,100.0,100.0,23.0,8.060869565
Saint Pierre and Miquelon,1993,0.0311,1.831,98.73015873,98.75943905,23.0,7.960869565
Saint Pierre and Miquelon,1994,0.0307,1.808,97.46031746,97.5188781,23.0,7.860869565
Saint Pierre and Miquelon,1995,0.0303,1.785,96.19047619,96.27831715,23.0,7.760869565
Saint Pierre and Miquelon,1996,0.0299,1.762,94.92063492,95.0377562,23.0,7.660869565
Saint Pierre and Miquelon,1997,0.0295,1.739,93.65079365,93.79719525,23.0,7.560869565
Saint Pierre and Miquelon,1998,0.0291,1.716,92.38095238,92.5566343,23.0,7.460869565
Saint Pierre and Miquelon,1999,0.0287,1.693,91.11111111,91.31607335,23.0,7.360869565
Saint Pierre and Miquelon,2000,0.0283,1.67,89.84126984,90.07551241,23.0,7.260869565
Saint Pierre and Miquelon,2001,0.0279,1.647,88.57142857,88.83495146,23.0,7.160869565
Saint Pierre and Miquelon,2002,0.0276,1.624,87.61904762,87.59439051,23.0,7.060869565
Saint Pierre and Miquelon,2003,0.0272,1.601,86.34920635,86.35382956,23.0,6.960869565
Saint Pierre and Miquelon,2004,0.0268,1.578,85.07936508,85.11326861,23.0,6.860869565
Saint Pierre and Miquelon,2005,0.0264,1.555,83.80952381,83.87270766,23.0,6.760869565
Saint Pierre and Miquelon,2006,0.026,1.532,82.53968254,82.63214671,23.0,6.660869565
Saint Pierre and Miquelon,2007,0.0256,1.509,81.26984127,81.39158576,23.0,6.560869565
Saint Pierre and Miquelon,2008,0.0252,1.486,80.0,80.15102481,23.0,6.460869565
Saint Pierre and Miquelon,2009,0.0248,1.463,78.73015873,78.91046386,23.0,6.360869565
Saint Pierre and Miquelon,2010,0.0244,1.44,77.46031746,77.66990291,23.0,6.260869565
Saint Pierre and Miquelon,2011,0.0241,1.418,76.50793651,76.4832794,23.0,6.165217391
Saint Pierre and Miquelon,2012,0.0237,1.396,75.23809524,75.29665588,23.0,6.069565217
Saint Pierre and Miquelon,2013,0.0233,1.374,73.96825397,74.11003236,23.0,5.973913043
Saint Pierre and Miquelon,2014,0.0229,1.352,72.6984127,72.92340885,23.0,5.87826087
Saint Pierre and Miquelon,2015,0.0226,1.33,71.74603175,71.73678533,23.0,5.782608696
Saint Pierre and Miquelon,2016,0.0222,1.31,70.47619048,70.65803668,23.0,5.695652174
Saint Pierre and Miquelon,2017,0.0219,1.29,69.52380952,69.57928803,23.0,5.608695652
Saint Pierre and Miquelon,2018,0.0214,1.26,67.93650794,67.96116505,23.0,5.47826087
Saint Pierre and Miquelon,2019,0.021,1.24,66.66666667,66.8824164,23.0,5.391304348
Saint Pierre and Miquelon,2020,0.0207,1.22,65.71428571,65.80366775,23.0,5.304347826
Saint Pierre and Miquelon,2021,,1.2,,64.72491909,23.0,5.217391304
Saint Pierre and Miquelon,2022,,1.18,,63.64617044,23.0,5.130434783
Samoa,1992,10.393,175.166,100.0,100.0,283.0,61.89611307
Samoa,1993,10.3637,174.684,99.71807948,99.72483244,283.0,61.72579505
Samoa,1994,10.3344,174.202,99.43615895,99.44966489,283.0,61.55547703
Samoa,1995,10.3051,173.72,99.15423843,99.17449733,283.0,61.38515901
Samoa,1996,10.2758,173.238,98.87231791,98.89932978,283.0,61.21484099
Samoa,1997,10.2465,172.756,98.59039738,98.62416222,283.0,61.04452297
Samoa,1998,10.2173,172.274,98.30943905,98.34899467,283.0,60.87420495
Samoa,1999,10.188,171.792,98.02751852,98.07382711,283.0,60.70388693
Samoa,2000,10.1587,171.31,97.745598,97.79865956,283.0,60.5335689
Samoa,2001,10.1296,170.828,97.46560185,97.523492,283.0,60.36325088
Samoa,2002,10.1005,170.346,97.1856057,97.24832445,283.0,60.19293286
Samoa,2003,10.0714,169.864,96.90560954,96.97315689,283.0,60.02261484
Samoa,2004,10.0424,169.382,96.62657558,96.69798934,283.0,59.85229682
Samoa,2005,10.0133,168.9,96.34657943,96.42282178,283.0,59.6819788
Samoa,2006,9.9842,168.418,96.06658328,96.14765423,283.0,59.51166078
Samoa,2007,9.9551,167.936,95.78658713,95.87248667,283.0,59.34134276
Samoa,2008,9.926,167.454,95.50659097,95.59731911,283.0,59.17102473
Samoa,2009,9.8969,166.972,95.22659482,95.32215156,283.0,59.00070671
Samoa,2010,9.8679,166.49,94.94756086,95.046984,283.0,58.83038869
Samoa,2011,9.8382,166.006,94.66179159,94.77067467,283.0,58.65936396
Samoa,2012,9.8085,165.522,94.37602232,94.49436534,283.0,58.48833922
Samoa,2013,9.7788,165.038,94.09025305,94.21805602,283.0,58.31731449
Samoa,2014,9.7492,164.554,93.80544597,93.94174669,283.0,58.14628975
Samoa,2015,9.7195,164.07,93.51967671,93.66543736,283.0,57.97526502
Samoa,2016,9.6911,163.59,93.24641586,93.39141158,283.0,57.80565371
Samoa,2017,9.661,163.11,92.95679784,93.11738579,278.0,58.67266187
Samoa,2018,9.6326,162.63,92.683537,92.84336001,278.0,58.5
Samoa,2019,9.6025,162.15,92.39391898,92.56933423,278.0,58.32733813
Samoa,2020,9.5741,161.67,92.12065814,92.29530845,278.0,58.15467626
Samoa,2021,,161.19,,92.02128267,278.0,57.98201439
Samoa,2022,,160.71,,91.74725689,278.0,57.80935252
"San Marino, Rep. of",1992,0.0413,1.0,100.0,100.0,6.0,16.66666667
"San Marino, Rep. of",1993,0.042,1.0,101.6949153,100.0,6.0,16.66666667
"San Marino, Rep. of",1994,0.0426,1.0,103.1476998,100.0,6.0,16.66666667
"San Marino, Rep. of",1995,0.0432,1.0,104.6004843,100.0,6.0,16.66666667
"San Marino, Rep. of",1996,0.0438,1.0,106.0532688,100.0,6.0,16.66666667
"San Marino, Rep. of",1997,0.0445,1.0,107.748184,100.0,6.0,16.66666667
"San Marino, Rep. of",1998,0.0451,1.0,109.2009685,100.0,6.0,16.66666667
"San Marino, Rep. of",1999,0.0457,1.0,110.653753,100.0,6.0,16.66666667
"San Marino, Rep. of",2000,0.0463,1.0,112.1065375,100.0,6.0,16.66666667
"San Marino, Rep. of",2001,0.0469,1.0,113.559322,100.0,6.0,16.66666667
"San Marino, Rep. of",2002,0.0475,1.0,115.0121065,100.0,6.0,16.66666667
"San Marino, Rep. of",2003,0.0481,1.0,116.464891,100.0,6.0,16.66666667
"San Marino, Rep. of",2004,0.0487,1.0,117.9176755,100.0,6.0,16.66666667
"San Marino, Rep. of",2005,0.0493,1.0,119.37046,100.0,6.0,16.66666667
"San Marino, Rep. of",2006,0.0499,1.0,120.8232446,100.0,6.0,16.66666667
"San Marino, Rep. of",2007,0.0504,1.0,122.0338983,100.0,6.0,16.66666667
"San Marino, Rep. of",2008,0.051,1.0,123.4866828,100.0,6.0,16.66666667
"San Marino, Rep. of",2009,0.0516,1.0,124.9394673,100.0,6.0,16.66666667
"San Marino, Rep. of",2010,0.0522,1.0,126.3922518,100.0,6.0,16.66666667
"San Marino, Rep. of",2011,0.0528,1.0,127.8450363,100.0,6.0,16.66666667
"San Marino, Rep. of",2012,0.0533,1.0,129.0556901,100.0,6.0,16.66666667
"San Marino, Rep. of",2013,0.0539,1.0,130.5084746,100.0,6.0,16.66666667
"San Marino, Rep. of",2014,0.0544,1.0,131.7191283,100.0,6.0,16.66666667
"San Marino, Rep. of",2015,0.055,1.0,133.1719128,100.0,6.0,16.66666667
"San Marino, Rep. of",2016,0.055,1.0,133.1719128,100.0,6.0,16.66666667
"San Marino, Rep. of",2017,0.055,1.0,133.1719128,100.0,6.0,16.66666667
"San Marino, Rep. of",2018,0.055,1.0,133.1719128,100.0,6.0,16.66666667
"San Marino, Rep. of",2019,0.055,1.0,133.1719128,100.0,6.0,16.66666667
"San Marino, Rep. of",2020,0.055,1.0,133.1719128,100.0,6.0,16.66666667
"San Marino, Rep. of",2021,,1.0,,100.0,6.0,16.66666667
"San Marino, Rep. of",2022,,1.0,,100.0,6.0,16.66666667
Saudi Arabia,1992,16.1889,977.0,100.0,100.0,214969.0,0.454484135
Saudi Arabia,1993,16.1889,977.0,100.0,100.0,214969.0,0.454484135
Saudi Arabia,1994,16.1889,977.0,100.0,100.0,214969.0,0.454484135
Saudi Arabia,1995,16.1889,977.0,100.0,100.0,214969.0,0.454484135
Saudi Arabia,1996,16.1889,977.0,100.0,100.0,214969.0,0.454484135
Saudi Arabia,1997,16.1889,977.0,100.0,100.0,214969.0,0.454484135
Saudi Arabia,1998,16.1889,977.0,100.0,100.0,214969.0,0.454484135
Saudi Arabia,1999,16.1889,977.0,100.0,100.0,214969.0,0.454484135
Saudi Arabia,2000,16.1889,977.0,100.0,100.0,214969.0,0.454484135
Saudi Arabia,2001,16.1889,977.0,100.0,100.0,214969.0,0.454484135
Saudi Arabia,2002,16.1889,977.0,100.0,100.0,214969.0,0.454484135
Saudi Arabia,2003,16.1889,977.0,100.0,100.0,214969.0,0.454484135
Saudi Arabia,2004,16.1889,977.0,100.0,100.0,214969.0,0.454484135
Saudi Arabia,2005,16.1889,977.0,100.0,100.0,214969.0,0.454484135
Saudi Arabia,2006,16.1889,977.0,100.0,100.0,214969.0,0.454484135
Saudi Arabia,2007,16.1889,977.0,100.0,100.0,214969.0,0.454484135
Saudi Arabia,2008,16.1889,977.0,100.0,100.0,214969.0,0.454484135
Saudi Arabia,2009,16.1889,977.0,100.0,100.0,214969.0,0.454484135
Saudi Arabia,2010,16.1889,977.0,100.0,100.0,214969.0,0.454484135
Saudi Arabia,2011,16.1889,977.0,100.0,100.0,214969.0,0.454484135
Saudi Arabia,2012,16.1889,977.0,100.0,100.0,214969.0,0.454484135
Saudi Arabia,2013,16.1889,977.0,100.0,100.0,214969.0,0.454484135
Saudi Arabia,2014,16.1889,977.0,100.0,100.0,214969.0,0.454484135
Saudi Arabia,2015,16.1889,977.0,100.0,100.0,214969.0,0.454484135
Saudi Arabia,2016,16.1889,977.0,100.0,100.0,214969.0,0.454484135
Saudi Arabia,2017,16.1889,977.0,100.0,100.0,214969.0,0.454484135
Saudi Arabia,2018,16.1889,977.0,100.0,100.0,214969.0,0.454484135
Saudi Arabia,2019,16.1889,977.0,100.0,100.0,214969.0,0.454484135
Saudi Arabia,2020,16.1889,977.0,100.0,100.0,214969.0,0.454484135
Saudi Arabia,2021,,977.0,,100.0,214969.0,0.454484135
Saudi Arabia,2022,,977.0,,100.0,214969.0,0.454484135
Senegal,1992,258.1954,9213.16,100.0,100.0,19253.0,47.8531138
Senegal,1993,256.8627,9168.16,99.48384053,99.51156824,19253.0,47.61938399
Senegal,1994,255.5301,9123.16,98.9677198,99.02313647,19253.0,47.38565418
Senegal,1995,254.1975,9078.16,98.45159906,98.53470471,19253.0,47.15192438
Senegal,1996,252.8649,9033.16,97.93547832,98.04627294,19253.0,46.91819457
Senegal,1997,251.5322,8988.16,97.41931886,97.55784118,19253.0,46.68446476
Senegal,1998,250.1996,8943.16,96.90319812,97.06940941,19253.0,46.45073495
Senegal,1999,248.867,8898.16,96.38707738,96.58097765,19253.0,46.21700514
Senegal,2000,247.5344,8853.16,95.87095665,96.09254588,19253.0,45.98327533
Senegal,2001,245.7974,8814.66,95.19821035,95.67466537,19253.0,45.7833065
Senegal,2002,244.0604,8776.16,94.52546405,95.25678486,19253.0,45.58333766
Senegal,2003,242.3234,8737.66,93.85271775,94.83890435,19253.0,45.38336883
Senegal,2004,240.5864,8699.16,93.17997145,94.42102384,19253.0,45.18339999
Senegal,2005,238.8495,8660.66,92.50726388,94.00314333,19253.0,44.98343115
Senegal,2006,237.1125,8622.16,91.83451758,93.58526282,19253.0,44.78346232
Senegal,2007,235.3755,8583.66,91.16177128,93.16738231,19253.0,44.58349348
Senegal,2008,233.6385,8545.16,90.48902498,92.7495018,19253.0,44.38352465
Senegal,2009,231.9016,8506.66,89.81631741,92.33162129,19253.0,44.18355581
Senegal,2010,230.1646,8468.16,89.14357111,91.91374078,19253.0,43.98358697
Senegal,2011,228.9451,8428.16,88.67125441,91.47957921,19253.0,43.77582714
Senegal,2012,227.7256,8388.16,88.1989377,91.04541764,19253.0,43.56806731
Senegal,2013,226.5061,8348.16,87.726621,90.61125607,19253.0,43.36030748
Senegal,2014,225.2866,8308.16,87.2543043,90.1770945,19253.0,43.15254765
Senegal,2015,224.0671,8268.16,86.7819876,89.74293294,19253.0,42.94478783
Senegal,2016,222.9009,8228.16,86.33031417,89.30877137,19253.0,42.737028
Senegal,2017,221.7354,8188.16,85.87891186,88.8746098,19253.0,42.52926817
Senegal,2018,220.5707,8148.16,85.4278194,88.44044823,19253.0,42.32150834
Senegal,2019,219.3257,8108.16,84.94562645,88.00628666,19253.0,42.11374851
Senegal,2020,218.163,8068.16,84.49530859,87.57212509,19253.0,41.90598868
Senegal,2021,,8028.16,,87.13796352,19253.0,41.69822885
Senegal,2022,,7988.16,,86.70380195,19253.0,41.49046902
Serbia and Montenegro,1992,175.3649,2968.4,100.0,100.0,10200.0,29.10196078
Serbia and Montenegro,1993,176.2607,2983.1,100.5108206,100.4952163,10200.0,29.24607843
Serbia and Montenegro,1994,177.1565,2997.8,101.0216412,100.9904326,10200.0,29.39019608
Serbia and Montenegro,1995,178.0524,3012.5,101.5325188,101.4856488,10200.0,29.53431373
Serbia and Montenegro,1996,178.9482,3027.2,102.0433393,101.9808651,10200.0,29.67843137
Serbia and Montenegro,1997,179.8441,3041.9,102.5542169,102.4760814,10200.0,29.82254902
Serbia and Montenegro,1998,180.7399,3056.6,103.0650375,102.9712977,10200.0,29.96666667
Serbia and Montenegro,1999,181.6357,3071.3,103.5758581,103.4665139,10200.0,30.11078431
Serbia and Montenegro,2000,182.5316,3086.0,104.0867357,103.9617302,10200.0,30.25490196
Serbia and Montenegro,2001,193.373,3131.4,110.2689307,105.4911737,10200.0,30.7
Serbia and Montenegro,2002,204.2145,3176.8,116.4511826,107.0206172,10200.0,31.14509804
Serbia and Montenegro,2003,215.0559,3222.2,122.6333776,108.5500606,10200.0,31.59019608
Serbia and Montenegro,2004,225.8974,3267.6,128.8156296,110.0795041,10200.0,32.03529412
Serbia and Montenegro,2005,236.7389,3313.0,134.9978816,111.6089476,10200.0,32.48039216
"Serbia, Rep. of",1992,145.5231539,2308.500214,100.0,100.0,,
"Serbia, Rep. of",1993,146.2665161,2319.932283,100.5108206,100.4952163,,
"Serbia, Rep. of",1994,147.0098783,2331.364352,101.0216412,100.9904326,,
"Serbia, Rep. of",1995,147.7533235,2342.796421,101.5325188,101.4856488,,
"Serbia, Rep. of",1996,148.4966857,2354.22849,102.0433393,101.9808651,,
"Serbia, Rep. of",1997,149.2401309,2365.660559,102.5542169,102.4760814,,
"Serbia, Rep. of",1998,149.9834932,2377.092627,103.0650375,102.9712977,,
"Serbia, Rep. of",1999,150.7268554,2388.524696,103.5758581,103.4665139,,
"Serbia, Rep. of",2000,151.4703006,2399.956765,104.0867357,103.9617302,,
"Serbia, Rep. of",2001,160.4668257,2435.263971,110.2689307,105.4911737,,
"Serbia, Rep. of",2002,169.4634337,2470.571177,116.4511826,107.0206172,,
"Serbia, Rep. of",2003,178.4599588,2505.878383,122.6333776,108.5500606,,
"Serbia, Rep. of",2004,187.4565669,2541.185588,128.8156296,110.0795041,,
"Serbia, Rep. of",2005,196.4531749,2576.492794,134.9978816,111.6089476,,
"Serbia, Rep. of",2006,205.4497,2611.8,141.1800765,113.1383911,8746.0,29.86279442
"Serbia, Rep. of",2007,215.1569,2637.1,147.8506301,114.2343407,8746.0,30.15206952
"Serbia, Rep. of",2008,224.8641,2662.4,154.5211837,115.3302904,8746.0,30.44134461
"Serbia, Rep. of",2009,234.5713,2687.7,161.1917374,116.42624,8746.0,30.73061971
"Serbia, Rep. of",2010,244.2785,2713.0,167.862291,117.5221896,8746.0,31.01989481
"Serbia, Rep. of",2011,245.0542,2714.306,168.3953333,117.5787632,8746.0,31.03482735
"Serbia, Rep. of",2012,245.83,2715.612,168.9284443,117.6353367,8746.0,31.04975989
"Serbia, Rep. of",2013,246.6057,2716.918,169.4614867,117.6919102,8746.0,31.06469243
"Serbia, Rep. of",2014,247.3814,2718.224,169.994529,117.7484838,8746.0,31.07962497
"Serbia, Rep. of",2015,248.1571,2719.53,170.5275713,117.8050573,8746.0,31.09455751
"Serbia, Rep. of",2016,248.9509,2720.18,171.0730515,117.8332141,8746.0,31.10198948
"Serbia, Rep. of",2017,247.8798,2721.86,170.3370174,117.9059886,8746.0,31.12119826
"Serbia, Rep. of",2018,248.1375,2722.0,170.5141027,117.9120532,8746.0,31.12279899
"Serbia, Rep. of",2019,248.3481,2722.22,170.6588219,117.9215832,8746.0,31.12531443
"Serbia, Rep. of",2020,248.2785,2722.65,170.6109945,117.94021,8409.0,32.37780949
"Serbia, Rep. of",2021,,2722.94,,117.9527722,8409.0,32.38125818
"Serbia, Rep. of",2022,,2723.3233,,117.9693761,8409.0,32.38581639
Seychelles,1992,3.3939,33.7,100.0,100.0,46.0,73.26086957
Seychelles,1993,3.3939,33.7,100.0,100.0,46.0,73.26086957
Seychelles,1994,3.3939,33.7,100.0,100.0,46.0,73.26086957
Seychelles,1995,3.3939,33.7,100.0,100.0,46.0,73.26086957
Seychelles,1996,3.3939,33.7,100.0,100.0,46.0,73.26086957
Seychelles,1997,3.3939,33.7,100.0,100.0,46.0,73.26086957
Seychelles,1998,3.3939,33.7,100.0,100.0,46.0,73.26086957
Seychelles,1999,3.3939,33.7,100.0,100.0,46.0,73.26086957
Seychelles,2000,3.3939,33.7,100.0,100.0,46.0,73.26086957
Seychelles,2001,3.3939,33.7,100.0,100.0,46.0,73.26086957
Seychelles,2002,3.3939,33.7,100.0,100.0,46.0,73.26086957
Seychelles,2003,3.3939,33.7,100.0,100.0,46.0,73.26086957
Seychelles,2004,3.3939,33.7,100.0,100.0,46.0,73.26086957
Seychelles,2005,3.3939,33.7,100.0,100.0,46.0,73.26086957
Seychelles,2006,3.3939,33.7,100.0,100.0,46.0,73.26086957
Seychelles,2007,3.3939,33.7,100.0,100.0,46.0,73.26086957
Seychelles,2008,3.3939,33.7,100.0,100.0,46.0,73.26086957
Seychelles,2009,3.3939,33.7,100.0,100.0,46.0,73.26086957
Seychelles,2010,3.3939,33.7,100.0,100.0,46.0,73.26086957
Seychelles,2011,3.3939,33.7,100.0,100.0,46.0,73.26086957
Seychelles,2012,3.3939,33.7,100.0,100.0,46.0,73.26086957
Seychelles,2013,3.3939,33.7,100.0,100.0,46.0,73.26086957
Seychelles,2014,3.3939,33.7,100.0,100.0,46.0,73.26086957
Seychelles,2015,3.3939,33.7,100.0,100.0,46.0,73.26086957
Seychelles,2016,3.3939,33.7,100.0,100.0,46.0,73.26086957
Seychelles,2017,3.3939,33.7,100.0,100.0,46.0,73.26086957
Seychelles,2018,3.3939,33.7,100.0,100.0,46.0,73.26086957
Seychelles,2019,3.3939,33.7,100.0,100.0,46.0,73.26086957
Seychelles,2020,3.3939,33.7,100.0,100.0,46.0,73.26086957
Seychelles,2021,,33.7,,100.0,46.0,73.26086957
Seychelles,2022,,33.7,,100.0,46.0,73.26086957
Sierra Leone,1992,142.7851,3087.246,100.0,100.0,7218.0,42.77148795
Sierra Leone,1993,141.8728,3067.519,99.36106779,99.36101626,7218.0,42.49818509
Sierra Leone,1994,140.9604,3047.792,98.72206554,98.72203252,7218.0,42.22488224
Sierra Leone,1995,140.048,3028.065,98.08306329,98.08304878,7218.0,41.95157938
Sierra Leone,1996,139.1356,3008.338,97.44406104,97.44406503,7218.0,41.67827653
Sierra Leone,1997,138.2233,2988.611,96.80512883,96.80508129,7218.0,41.40497368
Sierra Leone,1998,137.3109,2968.884,96.16612658,96.16609755,7218.0,41.13167082
Sierra Leone,1999,136.3985,2949.157,95.52712433,95.52711381,7218.0,40.85836797
Sierra Leone,2000,135.4861,2929.43,94.88812208,94.88813007,7218.0,40.58506511
Sierra Leone,2001,134.5738,2909.703,94.24918987,94.24914633,7218.0,40.31176226
Sierra Leone,2002,133.6614,2889.976,93.61018762,93.61016259,7218.0,40.03845941
Sierra Leone,2003,132.749,2870.249,92.97118537,92.97117884,7218.0,39.76515655
Sierra Leone,2004,131.8366,2850.522,92.33218312,92.3321951,7218.0,39.4918537
Sierra Leone,2005,130.9243,2830.795,91.69325091,91.69321136,7218.0,39.21855085
Sierra Leone,2006,130.0119,2811.068,91.05424866,91.05422762,7218.0,38.94524799
Sierra Leone,2007,129.0995,2791.341,90.41524641,90.41524388,7218.0,38.67194514
Sierra Leone,2008,128.1871,2771.614,89.77624416,89.77626014,7218.0,38.39864228
Sierra Leone,2009,127.2748,2751.887,89.13731195,89.13727639,7218.0,38.12533943
Sierra Leone,2010,126.3624,2732.16,88.4983097,88.49829265,7218.0,37.85203658
Sierra Leone,2011,125.4501,2712.434,87.85937748,87.8593413,7218.0,37.57874758
Sierra Leone,2012,124.5377,2692.708,87.22037524,87.22038995,7218.0,37.30545858
Sierra Leone,2013,123.6254,2672.982,86.58144302,86.5814386,7218.0,37.03216958
Sierra Leone,2014,122.7131,2653.256,85.94251081,85.94248725,7218.0,36.75888058
Sierra Leone,2015,121.8008,2633.53,85.30357859,85.3035359,7218.0,36.48559158
Sierra Leone,2016,120.8882,2613.8,84.66443628,84.66445499,7218.0,36.21224716
Sierra Leone,2017,119.9757,2594.07,84.02536399,84.02537407,7218.0,35.93890274
Sierra Leone,2018,119.0632,2574.34,83.38629171,83.38629316,7218.0,35.66555833
Sierra Leone,2019,118.1507,2554.61,82.74721942,82.74721224,7218.0,35.39221391
Sierra Leone,2020,117.2382,2534.88,82.10814714,82.10813132,7218.0,35.11886949
Sierra Leone,2021,,2515.15,,81.46905041,7218.0,34.84552508
Sierra Leone,2022,,2495.42,,80.82996949,7218.0,34.57218066
Singapore,1992,0.9121,15.2642,100.0,100.0,67.0,22.78238806
Singapore,1993,0.9257,15.4829,101.4910646,101.4327642,67.0,23.10880597
Singapore,1994,0.9393,15.7015,102.9821292,102.8648734,67.0,23.43507463
Singapore,1995,0.9529,15.9202,104.4731937,104.2976376,67.0,23.76149254
Singapore,1996,0.9665,16.1389,105.9642583,105.7304019,67.0,24.08791045
Singapore,1997,0.9801,16.3575,107.4553229,107.162511,67.0,24.4141791
Singapore,1998,0.9938,16.5762,108.9573512,108.5952752,67.0,24.74059701
Singapore,1999,1.0074,16.7948,110.4484157,110.0273843,67.0,25.06686567
Singapore,2000,1.021,17.0135,111.9394803,111.4601486,67.0,25.39328358
Singapore,2001,1.0358,17.0861,113.5621094,111.9357713,67.0,25.50164179
Singapore,2002,1.0506,17.1588,115.1847385,112.4120491,67.5,25.42044444
Singapore,2003,1.0654,17.2315,116.8073676,112.8883269,68.7,25.08224163
Singapore,2004,1.0802,17.3042,118.4299967,113.3646048,68.9,25.1149492
Singapore,2005,1.0949,17.3769,120.0416621,113.8408826,68.9,25.22046444
Singapore,2006,1.1097,17.4496,121.6642912,114.3171604,69.4,25.14351585
Singapore,2007,1.1245,17.5223,123.2869203,114.7934382,69.5,25.21194245
Singapore,2008,1.1393,17.595,124.9095494,115.2697161,70.0,25.13571429
Singapore,2009,1.1541,17.6677,126.5321785,115.7459939,70.0,25.23957143
Singapore,2010,1.1689,17.7404,128.1548076,116.2222717,70.2,25.27122507
Singapore,2011,1.1826,17.4866,129.6568359,114.5595577,70.4,24.83892045
Singapore,2012,1.1962,17.2328,131.1479004,112.8968436,70.6,24.40906516
Singapore,2013,1.2099,16.979,132.6499287,111.2341295,70.7,24.0155587
Singapore,2014,1.2235,16.7252,134.1409933,109.5714155,70.9,23.58984485
Singapore,2015,1.2372,16.4714,135.6430216,107.9087014,70.9,23.23187588
Singapore,2016,1.2475,16.2855,136.7722837,106.690819,70.9,22.9696756
Singapore,2017,1.234,16.11,135.2921829,105.54107,71.2,22.62640449
Singapore,2018,1.2202,15.93,133.7791909,104.3618401,71.4,22.31092437
Singapore,2019,1.2065,15.75,132.2771626,103.1826103,71.6,21.9972067
Singapore,2020,1.1927,15.57,130.7641706,102.0033805,71.8,21.68523677
Singapore,2021,,15.39,,100.8241506,71.8,21.43454039
Singapore,2022,,15.21,,99.6449208,71.8,21.18384401
Slovak Rep.,1992,139.8693843,1901.873714,100.0,100.0,,
Slovak Rep.,1993,141.9855,1902.159,101.5129227,100.0150002,4810.0,39.54592516
Slovak Rep.,1994,144.5677,1902.052,103.3590737,100.0093742,4810.0,39.54370062
Slovak Rep.,1995,147.1498,1901.945,105.2051532,100.0037482,4810.0,39.54147609
Slovak Rep.,1996,149.732,1901.838,107.0513042,99.99812215,4810.0,39.53925156
Slovak Rep.,1997,152.3142,1901.731,108.8974551,99.99249612,4810.0,39.53702703
Slovak Rep.,1998,154.8964,1901.624,110.7436061,99.98687009,4810.0,39.53480249
Slovak Rep.,1999,157.4785,1901.517,112.5896856,99.98124406,4810.0,39.53257796
Slovak Rep.,2000,160.0607,1901.41,114.4358366,99.97561803,4810.0,39.53035343
Slovak Rep.,2001,162.3611,1903.06,116.0805139,100.0623746,4810.0,39.56465696
Slovak Rep.,2002,164.6615,1904.71,117.7251912,100.1491311,4810.0,39.5989605
Slovak Rep.,2003,166.9618,1906.36,119.3697969,100.2358877,4811.0,39.62502598
Slovak Rep.,2004,169.2622,1908.01,121.0144742,100.3226442,4810.0,39.66756757
Slovak Rep.,2005,171.5626,1909.66,122.6591515,100.4094008,4810.0,39.7018711
Slovak Rep.,2006,173.863,1911.31,124.3038288,100.4961573,4810.0,39.73617464
Slovak Rep.,2007,176.1634,1912.96,125.9485061,100.5829139,4810.0,39.77047817
Slovak Rep.,2008,178.4637,1914.61,127.5931119,100.6696704,4810.0,39.8047817
Slovak Rep.,2009,180.7641,1916.26,129.2377892,100.756427,4809.0,39.84736952
Slovak Rep.,2010,183.0645,1917.91,130.8824665,100.8431835,4809.1,39.88085089
Slovak Rep.,2011,185.148,1918.678,132.3720705,100.8835647,4808.8,39.8993096
Slovak Rep.,2012,187.2314,1919.446,133.8616031,100.923946,4808.8,39.91528032
Slovak Rep.,2013,189.3149,1920.214,135.3512071,100.9643272,4808.8,39.93125104
Slovak Rep.,2014,191.3983,1920.982,136.8407397,101.0047084,4808.0,39.95386855
Slovak Rep.,2015,193.4818,1921.75,138.3303437,101.0450897,4808.2,39.96817936
Slovak Rep.,2016,194.7604,1923.37,139.2444823,101.1302688,4808.0,40.00353577
Slovak Rep.,2017,194.9781,1925.9,139.4001275,101.2632955,4808.0,40.05615641
Slovak Rep.,2018,194.9781,1925.9,139.4001275,101.2632955,4808.0,40.05615641
Slovak Rep.,2019,194.9781,1925.9,139.4001275,101.2632955,4808.0,40.05615641
Slovak Rep.,2020,194.9781,1925.9,139.4001275,101.2632955,4808.0,40.05615641
Slovak Rep.,2021,,1925.9,,101.2632955,4808.0,40.05615641
Slovak Rep.,2022,,1925.9,,101.2632955,4808.0,40.05615641
"Slovenia, Rep. of",1992,123.95,1197.0,100.0,100.0,2014.0,59.43396226
"Slovenia, Rep. of",1993,126.5428,1201.5,102.0918112,100.3759398,2014.0,59.65739821
"Slovenia, Rep. of",1994,129.1356,1206.0,104.1836224,100.7518797,2014.0,59.88083416
"Slovenia, Rep. of",1995,131.7285,1210.5,106.2755143,101.1278195,2014.0,60.10427011
"Slovenia, Rep. of",1996,134.3213,1215.0,108.3673255,101.5037594,2014.0,60.32770606
"Slovenia, Rep. of",1997,136.9141,1219.5,110.4591367,101.8796992,2014.0,60.55114201
"Slovenia, Rep. of",1998,139.5069,1224.0,112.550948,102.2556391,2014.0,60.77457795
"Slovenia, Rep. of",1999,142.0997,1228.5,114.6427592,102.6315789,2014.0,60.9980139
"Slovenia, Rep. of",2000,144.6926,1233.0,116.7346511,103.0075188,2014.0,61.22144985
"Slovenia, Rep. of",2001,147.8746,1234.4,119.3018152,103.1244779,2014.0,61.29096326
"Slovenia, Rep. of",2002,151.0566,1235.8,121.8689794,103.2414369,2014.0,61.36047666
"Slovenia, Rep. of",2003,154.2386,1237.2,124.4361436,103.358396,2014.0,61.42999007
"Slovenia, Rep. of",2004,157.4207,1238.6,127.0033885,103.4753551,2014.0,61.49950348
"Slovenia, Rep. of",2005,160.6027,1240.0,129.5705526,103.5923141,2014.0,61.56901688
"Slovenia, Rep. of",2006,163.7847,1241.4,132.1377168,103.7092732,2014.0,61.63853029
"Slovenia, Rep. of",2007,166.9668,1242.8,134.7049617,103.8262322,2014.0,61.70804369
"Slovenia, Rep. of",2008,170.1488,1244.2,137.2721259,103.9431913,2014.62,61.75854504
"Slovenia, Rep. of",2009,173.3308,1245.6,139.83929,104.0601504,2014.58,61.82926466
"Slovenia, Rep. of",2010,176.5128,1247.0,142.4064542,104.1771094,2014.62,61.89752906
"Slovenia, Rep. of",2011,177.27,1247.2,143.0173457,104.1938179,2014.6,61.90807108
"Slovenia, Rep. of",2012,178.0271,1247.4,143.6281565,104.2105263,2014.57,61.91892066
"Slovenia, Rep. of",2013,178.7843,1247.6,144.239048,104.2272348,2014.0,61.94637537
"Slovenia, Rep. of",2014,179.5414,1247.8,144.8498588,104.2439432,2014.0,61.95630586
"Slovenia, Rep. of",2015,180.2986,1248.0,145.4607503,104.2606516,2014.26,61.95823776
"Slovenia, Rep. of",2016,180.0551,1245.97,145.2643001,104.091061,2014.2,61.85929898
"Slovenia, Rep. of",2017,179.8723,1243.93,145.1168213,103.9206349,2013.81,61.7699783
"Slovenia, Rep. of",2018,178.8584,1241.9,144.2988302,103.7510443,2013.64,61.67438072
"Slovenia, Rep. of",2019,179.5441,1239.86,144.8520371,103.5806182,2013.64,61.57307165
"Slovenia, Rep. of",2020,180.03,1237.83,145.24405,103.4110276,2013.64,61.47225919
"Slovenia, Rep. of",2021,,1235.7933,,103.2408772,2013.64,61.371114
"Slovenia, Rep. of",2022,,1233.7611,,103.0711028,2013.64,61.27019229
Solomon Islands,1992,187.1567,2543.448,100.0,100.0,2799.0,90.8698821
Solomon Islands,1993,186.0898,2542.717,99.42994293,99.97125949,2799.0,90.84376563
Solomon Islands,1994,185.0229,2541.986,98.85988586,99.94251897,2799.0,90.81764916
Solomon Islands,1995,183.956,2541.255,98.28982879,99.91377846,2799.0,90.79153269
Solomon Islands,1996,182.8892,2540.524,97.71982515,99.88503795,2799.0,90.76541622
Solomon Islands,1997,181.8223,2539.793,97.14976808,99.85629744,2799.0,90.73929975
Solomon Islands,1998,180.7554,2539.062,96.57971101,99.82755692,2799.0,90.71318328
Solomon Islands,1999,179.6885,2538.331,96.00965394,99.79881641,2799.0,90.68706681
Solomon Islands,2000,178.6217,2537.6,95.4396503,99.7700759,2799.0,90.66095034
Solomon Islands,2001,178.1602,2536.868,95.19306549,99.74129607,2799.0,90.63479814
Solomon Islands,2002,177.6988,2536.136,94.94653411,99.71251624,2799.0,90.60864594
Solomon Islands,2003,177.2374,2535.404,94.70000272,99.68373641,2799.0,90.58249375
Solomon Islands,2004,176.7759,2534.672,94.45341791,99.65495658,2799.0,90.55634155
Solomon Islands,2005,176.3145,2533.94,94.20688653,99.62617675,2799.0,90.53018935
Solomon Islands,2006,175.8531,2533.208,93.96035515,99.59739692,2799.0,90.50403716
Solomon Islands,2007,175.3916,2532.476,93.71377033,99.56861709,2799.0,90.47788496
Solomon Islands,2008,174.9302,2531.744,93.46723895,99.53983726,2799.0,90.45173276
Solomon Islands,2009,174.4688,2531.012,93.22070757,99.51105743,2799.0,90.42558056
Solomon Islands,2010,174.0074,2530.28,92.97417618,99.4822776,2799.0,90.39942837
Solomon Islands,2011,178.8688,2529.548,95.57167871,99.45349777,2799.0,90.37327617
Solomon Islands,2012,183.7302,2528.816,98.16918123,99.42471794,2799.0,90.34712397
Solomon Islands,2013,188.5916,2528.084,100.7666837,99.39593811,2799.0,90.32097178
Solomon Islands,2014,193.453,2527.352,103.3641863,99.36715828,2799.0,90.29481958
Solomon Islands,2015,198.3144,2526.62,105.9616888,99.33837845,2799.0,90.26866738
Solomon Islands,2016,196.3627,2525.89,104.9188728,99.30967726,2799.0,90.24258664
Solomon Islands,2017,171.4584,2525.16,91.61221586,99.28097606,2799.0,90.21650589
Solomon Islands,2018,151.8192,2524.43,81.11876305,99.25227486,2799.0,90.19042515
Solomon Islands,2019,159.4978,2523.7,85.22152827,99.22357367,2799.0,90.16434441
Solomon Islands,2020,136.3918,2522.97,72.87572393,99.19487247,2799.0,90.13826367
Solomon Islands,2021,,2522.24,,99.16617128,2799.0,90.11218292
Solomon Islands,2022,,2521.51,,99.13747008,2799.0,90.08610218
Somalia,1992,501.2341,8129.0,100.0,100.0,62734.0,12.95788568
Somalia,1993,496.5017,8052.25,99.05585035,99.05584943,62734.0,12.83554372
Somalia,1994,491.7693,7975.5,98.1117007,98.11169886,62734.0,12.71320177
Somalia,1995,487.0369,7898.75,97.16755105,97.16754828,62734.0,12.59085982
Somalia,1996,482.3045,7822.0,96.2234014,96.22339771,62734.0,12.46851787
Somalia,1997,477.5721,7745.25,95.27925175,95.27924714,62734.0,12.34617592
Somalia,1998,472.8397,7668.5,94.3351021,94.33509657,62734.0,12.22383397
Somalia,1999,468.1073,7591.75,93.39095245,93.390946,62734.0,12.10149201
Somalia,2000,463.3749,7515.0,92.4468028,92.44679542,62734.0,11.97915006
Somalia,2001,458.6425,7438.25,91.50265315,91.50264485,62734.0,11.85680811
Somalia,2002,453.9101,7361.5,90.5585035,90.55849428,62734.0,11.73446616
Somalia,2003,449.1777,7284.75,89.61435385,89.61434371,62734.0,11.61212421
Somalia,2004,444.4453,7208.0,88.6702042,88.67019314,62734.0,11.48978226
Somalia,2005,439.7129,7131.25,87.72605455,87.72604256,62734.0,11.3674403
Somalia,2006,434.9805,7054.5,86.7819049,86.78189199,62734.0,11.24509835
Somalia,2007,430.2481,6977.75,85.83775525,85.83774142,62734.0,11.1227564
Somalia,2008,425.5157,6901.0,84.8936056,84.89359085,62734.0,11.00041445
Somalia,2009,420.7833,6824.25,83.94945595,83.94944028,62734.0,10.8780725
Somalia,2010,416.0509,6747.5,83.0053063,83.0052897,62734.0,10.75573054
Somalia,2011,411.3184,6670.75,82.0611367,82.06113913,62734.0,10.63338859
Somalia,2012,406.586,6594.0,81.11698705,81.11698856,62734.0,10.51104664
Somalia,2013,401.8536,6517.25,80.1728374,80.17283799,62734.0,10.38870469
Somalia,2014,397.1212,6440.5,79.22868775,79.22868742,62734.0,10.26636274
Somalia,2015,392.3888,6363.75,78.2845381,78.28453684,62734.0,10.14402079
Somalia,2016,387.6564,6287.0,77.34038845,77.34038627,62734.0,10.02167883
Somalia,2017,382.924,6210.25,76.3962388,76.3962357,62734.0,9.899336883
Somalia,2018,378.1916,6133.5,75.45208915,75.45208513,62734.0,9.776994931
Somalia,2019,373.4592,6056.75,74.5079395,74.50793456,62734.0,9.654652979
Somalia,2020,368.7268,5980.0,73.56378985,73.56378398,62734.0,9.532311028
Somalia,2021,,5903.25,,72.61963341,62734.0,9.409969076
Somalia,2022,,5826.5,,71.67548284,62734.0,9.287627124
South Africa,1992,897.4958,18069.29,100.0,100.0,121309.0,14.89525921
South Africa,1993,895.8663,18032.89,99.81843926,99.79855324,121309.0,14.8652532
South Africa,1994,894.2369,17996.49,99.63688967,99.59710647,121309.0,14.83524718
South Africa,1995,892.6074,17960.09,99.45532893,99.39565971,121309.0,14.80524116
South Africa,1996,890.9779,17923.69,99.27376819,99.19421294,121309.0,14.77523514
South Africa,1997,889.3484,17887.29,99.09220745,98.99276618,121309.0,14.74522913
South Africa,1998,887.7189,17850.89,98.91064671,98.79131942,121309.0,14.71522311
South Africa,1999,886.0895,17814.49,98.72909712,98.58987265,121309.0,14.68521709
South Africa,2000,884.46,17778.09,98.54753638,98.38842589,121309.0,14.65521107
South Africa,2001,882.8232,17741.69,98.36516227,98.18697912,121309.0,14.62520505
South Africa,2002,881.1865,17705.29,98.1827993,97.98553236,121309.0,14.59519904
South Africa,2003,879.5497,17668.89,98.00042518,97.78408559,121309.0,14.56519302
South Africa,2004,877.9129,17632.49,97.81805107,97.58263883,121309.0,14.535187
South Africa,2005,876.2762,17596.09,97.6356881,97.38119207,121309.0,14.50518098
South Africa,2006,874.6394,17559.69,97.45331399,97.1797453,121309.0,14.47517497
South Africa,2007,873.0027,17523.29,97.27095102,96.97829854,121309.0,14.44516895
South Africa,2008,871.3659,17486.89,97.0885769,96.77685177,121309.0,14.41516293
South Africa,2009,869.7291,17450.49,96.90620279,96.57540501,121309.0,14.38515691
South Africa,2010,868.0924,17414.09,96.72383982,96.37395825,121309.0,14.3551509
South Africa,2011,866.4846,17377.69,96.54469692,96.17251148,121309.0,14.32514488
South Africa,2012,864.8769,17341.29,96.36556516,95.97106472,121309.0,14.29513886
South Africa,2013,863.2691,17304.89,96.18642227,95.76961795,121309.0,14.26513284
South Africa,2014,861.6614,17268.49,96.00729051,95.56817119,121309.0,14.23512682
South Africa,2015,860.0536,17232.09,95.82814761,95.36672443,121309.0,14.20512081
South Africa,2016,858.4088,17195.69,95.64488213,95.16527766,121309.0,14.17511479
South Africa,2017,856.5918,17159.29,95.44242993,94.9638309,121309.0,14.14510877
South Africa,2018,854.9459,17122.89,95.25904188,94.76238413,121309.0,14.11510275
South Africa,2019,853.2993,17086.49,95.07557584,94.56093737,121309.0,14.08509674
South Africa,2020,851.652,17050.09,94.89203181,94.35949061,121309.0,14.05509072
South Africa,2021,,17013.69,,94.15804384,121309.0,14.0250847
South Africa,2022,,16977.29,,93.95659708,121309.0,13.99507868
"South Sudan, Rep. of",1992,,8085.586362,,100.0,,
"South Sudan, Rep. of",1993,,8039.163777,,99.42586002,,
"South Sudan, Rep. of",1994,,7992.741193,,98.85172003,,
"South Sudan, Rep. of",1995,,7946.318609,,98.27758005,,
"South Sudan, Rep. of",1996,,7899.896025,,97.70344007,,
"South Sudan, Rep. of",1997,,7853.473441,,97.12930008,,
"South Sudan, Rep. of",1998,,7807.050856,,96.5551601,,
"South Sudan, Rep. of",1999,,7760.628272,,95.98102012,,
"South Sudan, Rep. of",2000,,7714.205688,,95.40688013,,
"South Sudan, Rep. of",2001,,7667.760746,,94.83246364,,
"South Sudan, Rep. of",2002,,7621.315804,,94.25804714,,
"South Sudan, Rep. of",2003,,7574.870863,,93.68363065,,
"South Sudan, Rep. of",2004,,7528.425921,,93.10921415,,
"South Sudan, Rep. of",2005,,7481.980979,,92.53479766,,
"South Sudan, Rep. of",2006,,7435.536037,,91.96038116,,
"South Sudan, Rep. of",2007,,7389.091096,,91.38596467,,
"South Sudan, Rep. of",2008,,7342.646154,,90.81154817,,
"South Sudan, Rep. of",2009,,7296.201212,,90.23713168,,
"South Sudan, Rep. of",2010,,7249.75627,,89.66271519,,
"South Sudan, Rep. of",2011,,7203.378135,,89.08912493,,
"South Sudan, Rep. of",2012,,7157.0,,88.51553468,63193.0,11.32562151
"South Sudan, Rep. of",2013,,7157.0,,88.51553468,63193.0,11.32562151
"South Sudan, Rep. of",2014,,7157.0,,88.51553468,63193.0,11.32562151
"South Sudan, Rep. of",2015,,7157.0,,88.51553468,63193.0,11.32562151
"South Sudan, Rep. of",2016,,7157.0,,88.51553468,63193.0,11.32562151
"South Sudan, Rep. of",2017,,7157.0,,88.51553468,63193.0,11.32562151
"South Sudan, Rep. of",2018,,7157.0,,88.51553468,63193.0,11.32562151
"South Sudan, Rep. of",2019,,7157.0,,88.51553468,63193.0,11.32562151
"South Sudan, Rep. of",2020,,7157.0,,88.51553468,63193.0,11.32562151
"South Sudan, Rep. of",2021,,7157.0,,88.51553468,63193.0,11.32562151
"South Sudan, Rep. of",2022,,7157.0,,88.51553468,63193.0,11.32562151
Spain,1992,535.6008,14542.514,100.0,100.0,49944.0,29.11763976
Spain,1993,547.3469,14861.441,102.1930699,102.1930665,49944.0,29.75620895
Spain,1994,559.093,15180.368,104.3861398,104.386133,49944.0,30.39477815
Spain,1995,570.839,15499.295,106.5791911,106.5791994,49944.0,31.03334735
Spain,1996,582.5851,15818.222,108.772261,108.7722659,49944.0,31.67191655
Spain,1997,594.3312,16137.149,110.9653309,110.9653324,49944.0,32.31048574
Spain,1998,606.0773,16456.076,113.1584008,113.1583989,49944.0,32.94905494
Spain,1999,617.8234,16775.003,115.3514707,115.3514654,49944.0,33.58762414
Spain,2000,629.5694,17093.93,117.544522,117.5445318,49900.0,34.25637275
Spain,2001,634.915,17239.071,118.5425787,118.542578,49852.0,34.58050028
Spain,2002,640.2605,17384.212,119.5406168,119.5406241,49904.0,34.83530779
Spain,2003,645.6061,17529.353,120.5386736,120.5386703,49921.0,35.11418641
Spain,2004,650.9516,17674.494,121.5367117,121.5367164,49918.0,35.40705557
Spain,2005,656.2972,17819.635,122.5347684,122.5347626,49909.0,35.70425174
Spain,2006,661.6427,17964.776,123.5328065,123.5328087,49898.0,36.00299812
Spain,2007,666.9882,18109.917,124.5308446,124.5308548,49911.0,36.28442027
Spain,2008,672.3338,18255.058,125.5289014,125.528901,49880.0,36.59795108
Spain,2009,677.6793,18400.199,126.5269395,126.5269471,49866.0,36.89928809
Spain,2010,683.0249,18545.34,127.5249962,127.5249933,50001.0,37.0899382
Spain,2011,685.294,18546.508,127.9486513,127.5330249,49988.0,37.10192046
Spain,2012,687.5632,18547.676,128.3723251,127.5410565,50021.0,37.07977849
Spain,2013,689.8323,18548.844,128.7959801,127.5490881,50021.0,37.08211351
Spain,2014,692.1015,18550.012,129.2196539,127.5571198,50021.0,37.08444853
Spain,2015,694.3707,18551.18,129.6433276,127.5651514,49966.1,37.12753247
Spain,2016,710.8512,18555.24,132.7203395,127.5930695,49956.4,37.14286858
Spain,2017,713.0483,18559.3,133.1305517,127.6209877,49954.735,37.15223392
Spain,2018,713.3988,18563.59,133.1959922,127.6504874,49960.3479,37.15664678
Spain,2019,713.7493,18567.88,133.2614328,127.6799871,49957.0036,37.16772156
Spain,2020,713.9142,18572.17,133.2922206,127.7094868,49955.6645,37.17730549
Spain,2021,,18576.46,,127.7389865,49973.3244,37.17275211
Spain,2022,,18580.75,,127.7684862,49971.3681,37.18279228
Sri Lanka,1992,109.2732,2313.548,100.0,100.0,6271.0,36.89280816
Sri Lanka,1993,108.4068,2295.157,99.20712489,99.20507377,6271.0,36.59953755
Sri Lanka,1994,107.5403,2276.766,98.41415827,98.41014753,6271.0,36.30626694
Sri Lanka,1995,106.6739,2258.375,97.62128317,97.6152213,6271.0,36.01299633
Sri Lanka,1996,105.8074,2239.984,96.82831655,96.82029506,6271.0,35.71972572
Sri Lanka,1997,104.941,2221.593,96.03544144,96.02536883,6271.0,35.42645511
Sri Lanka,1998,104.0746,2203.202,95.24256634,95.23044259,6271.0,35.1331845
Sri Lanka,1999,103.2081,2184.811,94.44959972,94.43551636,6271.0,34.83991389
Sri Lanka,2000,102.3417,2166.42,93.65672461,93.64059012,6271.0,34.54664328
Sri Lanka,2001,102.0534,2160.14,93.39289048,93.36914557,6271.0,34.44649976
Sri Lanka,2002,101.7652,2153.86,93.12914786,93.09770102,6271.0,34.34635624
Sri Lanka,2003,101.4769,2147.58,92.86531373,92.82625647,6271.0,34.24621273
Sri Lanka,2004,101.1887,2141.3,92.60157111,92.55481192,6271.0,34.14606921
Sri Lanka,2005,100.9004,2135.02,92.33773697,92.28336736,6271.0,34.04592569
Sri Lanka,2006,100.6122,2128.74,92.07399436,92.01192281,6271.0,33.94578217
Sri Lanka,2007,100.3239,2122.46,91.81016022,91.74047826,6271.0,33.84563865
Sri Lanka,2008,100.0357,2116.18,91.5464176,91.46903371,6271.0,33.74549514
Sri Lanka,2009,99.7474,2109.9,91.28258347,91.19758916,6271.0,33.64535162
Sri Lanka,2010,99.4592,2103.62,91.01884085,90.92614461,6271.0,33.5452081
Sri Lanka,2011,99.6634,2108.66,91.20571192,91.14399183,6271.0,33.62557806
Sri Lanka,2012,99.8676,2113.7,91.39258299,91.36183905,6271.0,33.70594801
Sri Lanka,2013,100.0718,2118.74,91.57945407,91.57968627,6271.0,33.78631797
Sri Lanka,2014,100.2761,2123.78,91.76641665,91.79753349,6271.0,33.86668793
Sri Lanka,2015,100.4803,2128.82,91.95328772,92.01538071,6189.3,34.39516585
Sri Lanka,2016,100.3312,2125.66,91.81684073,91.87879396,6189.3,34.34411
Sri Lanka,2017,100.182,2122.5,91.68030221,91.74220721,6189.3,34.29305414
Sri Lanka,2018,100.0328,2119.34,91.5437637,91.60562046,6186.4,34.25804992
Sri Lanka,2019,99.8837,2116.18,91.40731671,91.46903371,6186.447,34.20671025
Sri Lanka,2020,99.7134,2113.02,91.2514688,91.33244696,6186.0,34.15809893
Sri Lanka,2021,,2109.86,,91.19586021,6186.0,34.10701584
Sri Lanka,2022,,2106.7,,91.05927346,6186.0,34.05593275
St. Kitts and Nevis,1992,1.3907,11.0,100.0,100.0,26.0,42.30769231
St. Kitts and Nevis,1993,1.3907,11.0,100.0,100.0,26.0,42.30769231
St. Kitts and Nevis,1994,1.3907,11.0,100.0,100.0,26.0,42.30769231
St. Kitts and Nevis,1995,1.3907,11.0,100.0,100.0,26.0,42.30769231
St. Kitts and Nevis,1996,1.3907,11.0,100.0,100.0,26.0,42.30769231
St. Kitts and Nevis,1997,1.3907,11.0,100.0,100.0,26.0,42.30769231
St. Kitts and Nevis,1998,1.3907,11.0,100.0,100.0,26.0,42.30769231
St. Kitts and Nevis,1999,1.3907,11.0,100.0,100.0,26.0,42.30769231
St. Kitts and Nevis,2000,1.3907,11.0,100.0,100.0,26.0,42.30769231
St. Kitts and Nevis,2001,1.3907,11.0,100.0,100.0,26.0,42.30769231
St. Kitts and Nevis,2002,1.3907,11.0,100.0,100.0,26.0,42.30769231
St. Kitts and Nevis,2003,1.3907,11.0,100.0,100.0,26.0,42.30769231
St. Kitts and Nevis,2004,1.3907,11.0,100.0,100.0,26.0,42.30769231
St. Kitts and Nevis,2005,1.3907,11.0,100.0,100.0,26.0,42.30769231
St. Kitts and Nevis,2006,1.3907,11.0,100.0,100.0,26.0,42.30769231
St. Kitts and Nevis,2007,1.3907,11.0,100.0,100.0,26.0,42.30769231
St. Kitts and Nevis,2008,1.3907,11.0,100.0,100.0,26.0,42.30769231
St. Kitts and Nevis,2009,1.3907,11.0,100.0,100.0,26.0,42.30769231
St. Kitts and Nevis,2010,1.3907,11.0,100.0,100.0,26.0,42.30769231
St. Kitts and Nevis,2011,1.3907,11.0,100.0,100.0,26.0,42.30769231
St. Kitts and Nevis,2012,1.3907,11.0,100.0,100.0,26.0,42.30769231
St. Kitts and Nevis,2013,1.3907,11.0,100.0,100.0,26.0,42.30769231
St. Kitts and Nevis,2014,1.3907,11.0,100.0,100.0,26.0,42.30769231
St. Kitts and Nevis,2015,1.3907,11.0,100.0,100.0,26.0,42.30769231
St. Kitts and Nevis,2016,1.3907,11.0,100.0,100.0,26.0,42.30769231
St. Kitts and Nevis,2017,1.3907,11.0,100.0,100.0,26.0,42.30769231
St. Kitts and Nevis,2018,1.3907,11.0,100.0,100.0,26.0,42.30769231
St. Kitts and Nevis,2019,1.3907,11.0,100.0,100.0,26.0,42.30769231
St. Kitts and Nevis,2020,1.3907,11.0,100.0,100.0,26.0,42.30769231
St. Kitts and Nevis,2021,,11.0,,100.0,26.0,42.30769231
St. Kitts and Nevis,2022,,11.0,,100.0,26.0,42.30769231
St. Lucia,1992,2.5092,21.218,100.0,100.0,61.0,34.78360656
St. Lucia,1993,2.5468,21.192,101.4984856,99.87746253,61.0,34.74098361
St. Lucia,1994,2.5845,21.166,103.0009565,99.75492506,61.0,34.69836066
St. Lucia,1995,2.6221,21.14,104.4994421,99.6323876,61.0,34.6557377
St. Lucia,1996,2.6597,21.114,105.9979276,99.50985013,61.0,34.61311475
St. Lucia,1997,2.6974,21.088,107.5003985,99.38731266,61.0,34.5704918
St. Lucia,1998,2.735,21.062,108.9988841,99.26477519,61.0,34.52786885
St. Lucia,1999,2.7727,21.036,110.501355,99.14223772,61.0,34.4852459
St. Lucia,2000,2.8103,21.01,111.9998406,99.01970025,61.0,34.44262295
St. Lucia,2001,2.8433,20.986,113.3150008,98.90658875,61.0,34.40327869
St. Lucia,2002,2.8764,20.962,114.6341463,98.79347724,61.0,34.36393443
St. Lucia,2003,2.9094,20.938,115.9493066,98.68036573,61.0,34.32459016
St. Lucia,2004,2.9424,20.914,117.2644668,98.56725422,61.0,34.2852459
St. Lucia,2005,2.9755,20.89,118.5836123,98.45414271,61.0,34.24590164
St. Lucia,2006,3.0085,20.866,119.8987725,98.3410312,61.0,34.20655738
St. Lucia,2007,3.0415,20.842,121.2139327,98.22791969,61.0,34.16721311
St. Lucia,2008,3.0746,20.818,122.5330783,98.11480818,61.0,34.12786885
St. Lucia,2009,3.1076,20.794,123.8482385,98.00169667,61.0,34.08852459
St. Lucia,2010,3.1406,20.77,125.1633987,97.88858516,61.0,34.04918033
St. Lucia,2011,3.1805,20.77,126.7535469,97.88858516,61.0,34.04918033
St. Lucia,2012,3.2204,20.77,128.3436952,97.88858516,61.0,34.04918033
St. Lucia,2013,3.2603,20.77,129.9338435,97.88858516,61.0,34.04918033
St. Lucia,2014,3.3001,20.77,131.5200064,97.88858516,61.0,34.04918033
St. Lucia,2015,3.34,20.77,133.1101546,97.88858516,61.0,34.04918033
St. Lucia,2016,3.3799,20.77,134.7003029,97.88858516,61.0,34.04918033
St. Lucia,2017,3.4198,20.77,136.2904511,97.88858516,61.0,34.04918033
St. Lucia,2018,3.4599,20.77,137.8885701,97.88858516,61.0,34.04918033
St. Lucia,2019,3.4997,20.77,139.474733,97.88858516,61.0,34.04918033
St. Lucia,2020,3.5396,20.77,141.0648812,97.88858516,61.0,34.04918033
St. Lucia,2021,,20.77,,97.88858516,61.0,34.04918033
St. Lucia,2022,,20.77,,97.88858516,61.0,34.04918033
St. Vincent and the Grenadines,1992,3.5427,27.74,100.0,100.0,39.0,71.12820513
St. Vincent and the Grenadines,1993,3.5554,27.84,100.3584836,100.3604903,39.0,71.38461538
St. Vincent and the Grenadines,1994,3.5682,27.94,100.71979,100.7209805,39.0,71.64102564
St. Vincent and the Grenadines,1995,3.581,28.04,101.0810963,101.0814708,39.0,71.8974359
St. Vincent and the Grenadines,1996,3.5938,28.14,101.4424027,101.4419611,39.0,72.15384615
St. Vincent and the Grenadines,1997,3.6065,28.24,101.8008863,101.8024513,39.0,72.41025641
St. Vincent and the Grenadines,1998,3.6193,28.34,102.1621927,102.1629416,39.0,72.66666667
St. Vincent and the Grenadines,1999,3.6321,28.44,102.523499,102.5234319,39.0,72.92307692
St. Vincent and the Grenadines,2000,3.6448,28.54,102.8819827,102.8839221,39.0,73.17948718
St. Vincent and the Grenadines,2001,3.6448,28.54,102.8819827,102.8839221,39.0,73.17948718
St. Vincent and the Grenadines,2002,3.6448,28.54,102.8819827,102.8839221,39.0,73.17948718
St. Vincent and the Grenadines,2003,3.6448,28.54,102.8819827,102.8839221,39.0,73.17948718
St. Vincent and the Grenadines,2004,3.6448,28.54,102.8819827,102.8839221,39.0,73.17948718
St. Vincent and the Grenadines,2005,3.6448,28.54,102.8819827,102.8839221,39.0,73.17948718
St. Vincent and the Grenadines,2006,3.6448,28.54,102.8819827,102.8839221,39.0,73.17948718
St. Vincent and the Grenadines,2007,3.6448,28.54,102.8819827,102.8839221,39.0,73.17948718
St. Vincent and the Grenadines,2008,3.6448,28.54,102.8819827,102.8839221,39.0,73.17948718
St. Vincent and the Grenadines,2009,3.6448,28.54,102.8819827,102.8839221,39.0,73.17948718
St. Vincent and the Grenadines,2010,3.6448,28.54,102.8819827,102.8839221,39.0,73.17948718
St. Vincent and the Grenadines,2011,3.6448,28.54,102.8819827,102.8839221,39.0,73.17948718
St. Vincent and the Grenadines,2012,3.6448,28.54,102.8819827,102.8839221,39.0,73.17948718
St. Vincent and the Grenadines,2013,3.6448,28.54,102.8819827,102.8839221,39.0,73.17948718
St. Vincent and the Grenadines,2014,3.6448,28.54,102.8819827,102.8839221,39.0,73.17948718
St. Vincent and the Grenadines,2015,3.6448,28.54,102.8819827,102.8839221,39.0,73.17948718
St. Vincent and the Grenadines,2016,3.6448,28.54,102.8819827,102.8839221,39.0,73.17948718
St. Vincent and the Grenadines,2017,3.6448,28.54,102.8819827,102.8839221,39.0,73.17948718
St. Vincent and the Grenadines,2018,3.6448,28.54,102.8819827,102.8839221,39.0,73.17948718
St. Vincent and the Grenadines,2019,3.6448,28.54,102.8819827,102.8839221,39.0,73.17948718
St. Vincent and the Grenadines,2020,3.6448,28.54,102.8819827,102.8839221,39.0,73.17948718
St. Vincent and the Grenadines,2021,,28.54,,102.8839221,39.0,73.17948718
St. Vincent and the Grenadines,2022,,28.54,,102.8839221,39.0,73.17948718
Sudan,1992,782.0994,22292.89364,100.0,100.0,,
Sudan,1993,776.2251,22164.90122,99.24890621,99.42586002,,
Sudan,1994,770.3509,22036.90881,98.49782521,98.85172003,,
Sudan,1995,764.4766,21908.91639,97.74673143,98.27758005,,
Sudan,1996,758.6023,21780.92398,96.99563764,97.70344007,,
Sudan,1997,752.728,21652.93156,96.24454385,97.12930008,,
Sudan,1998,746.8537,21524.93914,95.49345007,96.5551601,,
Sudan,1999,740.9794,21396.94673,94.74235628,95.98102012,,
Sudan,2000,735.1051,21268.95431,93.99126249,95.40688013,,
Sudan,2001,729.2279,21140.90025,93.23979791,94.83246364,,
Sudan,2002,723.3508,21012.8462,92.48834611,94.25804714,,
Sudan,2003,717.4737,20884.79214,91.73689431,93.68363065,,
Sudan,2004,711.5966,20756.73808,90.98544252,93.10921415,,
Sudan,2005,705.7194,20628.68402,90.23397793,92.53479766,,
Sudan,2006,699.8423,20500.62996,89.48252613,91.96038116,,
Sudan,2007,693.9652,20372.5759,88.73107434,91.38596467,,
Sudan,2008,688.0881,20244.52185,87.97962254,90.81154817,,
Sudan,2009,682.2109,20116.46779,87.22815796,90.23713168,,
Sudan,2010,676.3338,19988.41373,86.47670616,89.66271519,,
Sudan,2011,670.4651,19860.54386,85.72632839,89.08912493,,
Sudan,2012,664.5965,19732.674,84.97596341,88.51553468,186800.0,10.56352998
Sudan,2013,658.7278,19558.426,84.22558565,87.73390443,186800.0,10.47024946
Sudan,2014,652.8591,19384.178,83.47520788,86.95227418,186800.0,10.37696895
Sudan,2015,646.9904,19209.93,82.72483012,86.17064393,186800.0,10.28368844
Sudan,2016,641.543,19048.19,82.02832019,85.44512125,186800.0,10.19710385
Sudan,2017,635.7447,18876.03,81.28694383,84.67285722,186800.0,10.10494111
Sudan,2018,629.9463,18703.87,80.5455547,83.90059318,186800.0,10.01277837
Sudan,2019,624.148,18531.71,79.80417834,83.12832915,186800.0,9.920615632
Sudan,2020,618.3496,18359.55,79.06278921,82.35606511,186800.0,9.828452891
Sudan,2021,,18187.39,,81.58380108,186800.0,9.73629015
Sudan,2022,,18015.23,,80.81153704,186800.0,9.644127409
Suriname,1992,3244.512,15370.278,100.0,100.0,16050.761,95.76043155
Suriname,1993,3243.736,15366.602,99.97608269,99.97608371,16050.761,95.73752921
Suriname,1994,3242.96,15362.926,99.95216538,99.95216742,16050.761,95.71462686
Suriname,1995,3242.1841,15359.25,99.92825115,99.92825114,16050.761,95.69172452
Suriname,1996,3241.4081,15355.574,99.90433384,99.90433485,16050.761,95.66882218
Suriname,1997,3240.6321,15351.898,99.88041653,99.88041856,16050.761,95.64591984
Suriname,1998,3239.8562,15348.222,99.8565023,99.85650227,16050.761,95.6230175
Suriname,1999,3239.0802,15344.546,99.83258499,99.83258598,16050.761,95.60011516
Suriname,2000,3238.3042,15340.87,99.80866768,99.80866969,16050.761,95.57721282
Suriname,2001,3237.4386,15336.769,99.78198879,99.78198833,16050.761,95.55166263
Suriname,2002,3236.5729,15332.668,99.75530681,99.75530696,16050.761,95.52611244
Suriname,2003,3235.7072,15328.567,99.72862483,99.7286256,16050.761,95.50056225
Suriname,2004,3234.8415,15324.466,99.70194285,99.70194423,16050.761,95.47501206
Suriname,2005,3233.9758,15320.365,99.67526087,99.67526287,16050.761,95.44946187
Suriname,2006,3233.1102,15316.264,99.64858197,99.6485815,16050.761,95.42391168
Suriname,2007,3232.2445,15312.163,99.6219,99.62190014,16050.761,95.39836149
Suriname,2008,3231.3788,15308.062,99.59521802,99.59521877,16050.761,95.3728113
Suriname,2009,3230.5131,15303.961,99.56853604,99.56853741,16050.761,95.3472611
Suriname,2010,3229.6474,15299.86,99.54185406,99.54185604,16050.761,95.32171091
Suriname,2011,3227.613,15290.222,99.47915126,99.4791506,16050.761,95.26166392
Suriname,2012,3225.5785,15280.584,99.41644537,99.41644517,16050.761,95.20161692
Suriname,2013,3223.544,15270.946,99.35373948,99.35373973,16050.761,95.14156992
Suriname,2014,3221.5095,15261.308,99.2910336,99.29103429,16050.761,95.08152293
Suriname,2015,3219.475,15251.67,99.22832771,99.22832886,16050.761,95.02147593
Suriname,2016,3217.0791,15240.32,99.15448302,99.15448504,16050.761,94.95076277
Suriname,2017,3215.5382,15233.02,99.10699051,99.10699078,16050.761,94.90528206
Suriname,2018,3212.9545,15220.78,99.02735758,99.02735656,16050.761,94.82902399
Suriname,2019,3210.3686,15208.53,98.94765684,98.94765729,16050.761,94.75270363
Suriname,2020,3207.7849,15196.29,98.86802391,98.86802308,16050.761,94.67644556
Suriname,2021,,15184.0433,,98.78834527,16050.761,94.60014575
Suriname,2022,,15171.8011,,98.70869675,16050.761,94.52387398
Sweden,1992,1244.9194,28083.0,100.0,100.0,40733.97,68.94245761
Sweden,1993,1245.3627,28093.0,100.0356087,100.0356087,40733.97,68.96700714
Sweden,1994,1245.806,28103.0,100.0712175,100.0712175,40733.97,68.99155668
Sweden,1995,1246.2493,28113.0,100.1068262,100.1068262,40733.97,69.01610621
Sweden,1996,1246.6926,28123.0,100.1424349,100.1424349,40733.97,69.04065575
Sweden,1997,1247.1359,28133.0,100.1780437,100.1780437,40733.97,69.06520528
Sweden,1998,1247.5792,28143.0,100.2136524,100.2136524,40733.97,69.08975482
Sweden,1999,1248.0225,28153.0,100.2492611,100.2492611,40733.97,69.11430435
Sweden,2000,1248.4658,28163.0,100.2848698,100.2848699,40733.97,69.13885389
Sweden,2001,1252.6146,28154.0,100.6181284,100.252822,40733.97,69.1167593
Sweden,2002,1256.7635,28145.0,100.9513949,100.2207741,40733.97,69.09466472
Sweden,2003,1260.9124,28136.0,101.2846615,100.1887263,40733.97,69.07257014
Sweden,2004,1265.0612,28127.0,101.61792,100.1566784,40733.97,69.05047556
Sweden,2005,1269.2101,28118.0,101.9511866,100.1246306,40733.97,69.02838098
Sweden,2006,1273.3589,28109.0,102.2844451,100.0925827,40733.97,69.0062864
Sweden,2007,1277.5078,28100.0,102.6177116,100.0605348,40733.97,68.98419182
Sweden,2008,1281.6566,28091.0,102.9509702,100.028487,40733.97,68.96209724
Sweden,2009,1285.8055,28082.0,103.2842367,99.99643913,40733.97,68.94000266
Sweden,2010,1289.9543,28073.0,103.6174952,99.96439127,40733.97,68.91790808
Sweden,2011,1297.2139,28054.4,104.2006334,99.89815903,40733.97,68.87224594
Sweden,2012,1304.4734,28035.8,104.7837635,99.83192679,40733.97,68.82658381
Sweden,2013,1311.7329,28017.2,105.3668936,99.76569455,40733.97,68.78092167
Sweden,2014,1318.9925,27998.6,105.9500318,99.69946231,40733.97,68.73525954
Sweden,2015,1326.252,27980.0,106.5331619,99.63323007,40731.064,68.69449814
Sweden,2016,1331.848,27980.0,106.9826689,99.63323007,40731.064,68.69449814
Sweden,2017,1337.7238,27980.0,107.4546513,99.63323007,40731.064,68.69449814
Sweden,2018,1343.3198,27980.0,107.9041583,99.63323007,40731.064,68.69449814
Sweden,2019,1349.1956,27980.0,108.3761407,99.63323007,40728.0,68.69966608
Sweden,2020,1355.0714,27980.0,108.848123,99.63323007,40728.0,68.69966608
Sweden,2021,,27980.0,,99.63323007,40728.0,68.69966608
Sweden,2022,,27980.0,,99.63323007,40728.0,68.69966608
Switzerland,1992,136.7716,1162.036,100.0,100.0,3952.943,29.39673049
Switzerland,1993,137.274,1166.304,100.3673277,100.3672864,3952.951,29.50464096
Switzerland,1994,137.7763,1170.572,100.7345823,100.7345728,3952.959,29.612551
Switzerland,1995,138.2787,1174.84,101.10191,101.1018592,3952.967,29.72046061
Switzerland,1996,138.781,1179.108,101.4691647,101.4691455,3952.8454,29.82934774
Switzerland,1997,139.2834,1183.376,101.8364924,101.8364319,3952.7237,29.93824233
Switzerland,1998,139.7857,1187.644,102.203747,102.2037183,3952.6019,30.04714439
Switzerland,1999,140.288,1191.912,102.5710016,102.5710047,3952.48,30.15605392
Switzerland,2000,140.7904,1196.18,102.9383293,102.9382911,3952.3581,30.26497017
Switzerland,2001,141.5144,1200.034,103.467679,103.2699503,3952.236,30.36341959
Switzerland,2002,142.2384,1203.888,103.9970286,103.6016096,3952.1139,30.4618751
Switzerland,2003,142.9624,1207.742,104.5263783,103.9332688,3951.9917,30.56033746
Switzerland,2004,143.6865,1211.596,105.0558011,104.2649281,3951.8694,30.65880669
Switzerland,2005,144.4105,1215.45,105.5851507,104.5965874,3951.747,30.75728279
Switzerland,2006,145.1345,1219.304,106.1145004,104.9282466,3951.6245,30.85576577
Switzerland,2007,145.8585,1223.158,106.64385,105.2599059,3951.502,30.95425486
Switzerland,2008,146.5825,1227.012,107.1731997,105.5915651,3951.4422,31.05225733
Switzerland,2009,147.3066,1230.866,107.7026225,105.9232244,3951.3824,31.15026275
Switzerland,2010,148.0306,1234.72,108.2319721,106.2548837,3951.3225,31.24827194
Switzerland,2011,148.7157,1238.158,108.7328802,106.5507437,3951.2626,31.33575582
Switzerland,2012,149.4008,1241.596,109.2337883,106.8466037,3951.2028,31.42324155
Switzerland,2013,150.0859,1245.034,109.7346964,107.1424637,3951.1428,31.51073153
Switzerland,2014,150.771,1248.472,110.2356045,107.4383238,3951.0829,31.59822336
Switzerland,2015,151.4561,1251.91,110.7365126,107.7341838,3951.023,31.68571785
Switzerland,2016,152.1359,1255.35,111.2335456,108.0302159,3950.963,31.77326642
Switzerland,2017,152.8297,1258.79,111.7408146,108.3262481,3950.963,31.8603338
Switzerland,2018,153.5377,1262.23,112.2584659,108.6222802,3950.963,31.94740118
Switzerland,2019,154.2219,1265.67,112.758716,108.9183123,3950.963,32.03446856
Switzerland,2020,154.9203,1269.11,113.2693483,109.2143445,3950.963,32.12153594
Switzerland,2021,,1272.55,,109.5103766,3950.963,32.20860332
Switzerland,2022,,1275.99,,109.8064088,3950.963,32.2956707
Syrian Arab Rep.,1992,11.7336,384.08,100.0,100.0,18378.0,2.089890086
Syrian Arab Rep.,1993,11.9169,390.08,101.5621804,101.5621745,18378.0,2.122537817
Syrian Arab Rep.,1994,12.1002,396.08,103.1243608,103.1243491,18378.0,2.155185548
Syrian Arab Rep.,1995,12.2835,402.08,104.6865412,104.6865236,18378.0,2.187833279
Syrian Arab Rep.,1996,12.4668,408.08,106.2487216,106.2486982,18378.0,2.22048101
Syrian Arab Rep.,1997,12.6501,414.08,107.810902,107.8108727,18378.0,2.253128741
Syrian Arab Rep.,1998,12.8334,420.08,109.3730824,109.3730473,18378.0,2.285776472
Syrian Arab Rep.,1999,13.0167,426.08,110.9352628,110.9352218,18378.0,2.318424203
Syrian Arab Rep.,2000,13.2,432.08,112.4974432,112.4973964,18378.0,2.351071934
Syrian Arab Rep.,2001,13.3833,438.08,114.0596236,114.0595709,18378.0,2.383719665
Syrian Arab Rep.,2002,13.5666,444.08,115.621804,115.6217455,18378.0,2.416367396
Syrian Arab Rep.,2003,13.7499,450.08,117.1839845,117.18392,18359.0,2.451549649
Syrian Arab Rep.,2004,13.9332,456.08,118.7461649,118.7460946,18357.0,2.484501825
Syrian Arab Rep.,2005,14.1165,462.08,120.3083453,120.3082691,18357.0,2.517186904
Syrian Arab Rep.,2006,14.2998,468.08,121.8705257,121.8704437,18363.0,2.549038828
Syrian Arab Rep.,2007,14.4831,474.08,123.4327061,123.4326182,18364.0,2.581572642
Syrian Arab Rep.,2008,14.6664,480.08,124.9948865,124.9947928,18364.0,2.614245262
Syrian Arab Rep.,2009,14.8497,486.08,126.5570669,126.5569673,18364.0,2.646917883
Syrian Arab Rep.,2010,15.033,492.08,128.1192473,128.1191418,18363.0,2.679736427
Syrian Arab Rep.,2011,15.2174,498.08,129.6908025,129.6813164,18363.0,2.712410826
Syrian Arab Rep.,2012,15.4017,504.08,131.2615054,131.2434909,18363.0,2.745085226
Syrian Arab Rep.,2013,15.5861,510.08,132.8330606,132.8056655,18363.0,2.777759625
Syrian Arab Rep.,2014,15.7704,516.08,134.4037636,134.36784,18363.0,2.810434025
Syrian Arab Rep.,2015,15.9548,522.08,135.9753187,135.9300146,18363.0,2.843108425
Syrian Arab Rep.,2016,15.9548,522.08,135.9753187,135.9300146,18363.0,2.843108425
Syrian Arab Rep.,2017,15.9495,522.08,135.9301493,135.9300146,18363.0,2.843108425
Syrian Arab Rep.,2018,15.9548,522.08,135.9753187,135.9300146,18363.0,2.843108425
Syrian Arab Rep.,2019,15.9495,522.08,135.9301493,135.9300146,18363.0,2.843108425
Syrian Arab Rep.,2020,15.9495,522.08,135.9301493,135.9300146,18363.0,2.843108425
Syrian Arab Rep.,2021,,522.08,,135.9300146,18363.0,2.843108425
Syrian Arab Rep.,2022,,522.08,,135.9300146,18517.9709,2.819315371
"São Tomé and Príncipe, Dem. Rep. of",1992,5.547,58.568,100.0,100.0,96.0,61.00833333
"São Tomé and Príncipe, Dem. Rep. of",1993,5.5445,58.542,99.95493059,99.95560716,96.0,60.98125
"São Tomé and Príncipe, Dem. Rep. of",1994,5.5421,58.516,99.91166396,99.91121431,96.0,60.95416667
"São Tomé and Príncipe, Dem. Rep. of",1995,5.5396,58.49,99.86659456,99.86682147,96.0,60.92708333
"São Tomé and Príncipe, Dem. Rep. of",1996,5.5371,58.464,99.82152515,99.82242863,96.0,60.9
"São Tomé and Príncipe, Dem. Rep. of",1997,5.5347,58.438,99.77825852,99.77803579,96.0,60.87291667
"São Tomé and Príncipe, Dem. Rep. of",1998,5.5322,58.412,99.73318911,99.73364294,96.0,60.84583333
"São Tomé and Príncipe, Dem. Rep. of",1999,5.5297,58.386,99.6881197,99.6892501,96.0,60.81875
"São Tomé and Príncipe, Dem. Rep. of",2000,5.5273,58.36,99.64485307,99.64485726,96.0,60.79166667
"São Tomé and Príncipe, Dem. Rep. of",2001,5.5248,58.334,99.59978367,99.60046442,96.0,60.76458333
"São Tomé and Príncipe, Dem. Rep. of",2002,5.5224,58.308,99.55651704,99.55607157,96.0,60.7375
"São Tomé and Príncipe, Dem. Rep. of",2003,5.5199,58.282,99.51144763,99.51167873,96.0,60.71041667
"São Tomé and Príncipe, Dem. Rep. of",2004,5.5174,58.256,99.46637822,99.46728589,96.0,60.68333333
"São Tomé and Príncipe, Dem. Rep. of",2005,5.515,58.23,99.42311159,99.42289305,96.0,60.65625
"São Tomé and Príncipe, Dem. Rep. of",2006,5.5125,58.204,99.37804218,99.3785002,96.0,60.62916667
"São Tomé and Príncipe, Dem. Rep. of",2007,5.51,58.178,99.33297278,99.33410736,96.0,60.60208333
"São Tomé and Príncipe, Dem. Rep. of",2008,5.5076,58.152,99.28970615,99.28971452,96.0,60.575
"São Tomé and Príncipe, Dem. Rep. of",2009,5.5051,58.126,99.24463674,99.24532168,96.0,60.54791667
"São Tomé and Príncipe, Dem. Rep. of",2010,5.5027,58.1,99.20137011,99.20092883,96.0,60.52083333
"São Tomé and Príncipe, Dem. Rep. of",2011,5.4439,57.48,98.14133766,98.14233028,96.0,59.875
"São Tomé and Príncipe, Dem. Rep. of",2012,5.3852,56.86,97.08310799,97.08373173,96.0,59.22916667
"São Tomé and Príncipe, Dem. Rep. of",2013,5.3265,56.24,96.02487831,96.02513318,96.0,58.58333333
"São Tomé and Príncipe, Dem. Rep. of",2014,5.2678,55.62,94.96664864,94.96653463,96.0,57.9375
"São Tomé and Príncipe, Dem. Rep. of",2015,5.2091,55.0,93.90841897,93.90793607,96.0,57.29166667
"São Tomé and Príncipe, Dem. Rep. of",2016,5.1503,54.38,92.84838652,92.84933752,96.0,56.64583333
"São Tomé and Príncipe, Dem. Rep. of",2017,5.0916,53.76,91.79015684,91.79073897,96.0,56.0
"São Tomé and Príncipe, Dem. Rep. of",2018,5.0329,53.14,90.73192717,90.73214042,96.0,55.35416667
"São Tomé and Príncipe, Dem. Rep. of",2019,4.9742,52.52,89.67369749,89.67354187,96.0,54.70833333
"São Tomé and Príncipe, Dem. Rep. of",2020,4.9154,51.9,88.61366504,88.61494331,96.0,54.0625
"São Tomé and Príncipe, Dem. Rep. of",2021,,51.28,,87.55634476,96.0,53.41666667
"São Tomé and Príncipe, Dem. Rep. of",2022,,50.66,,86.49774621,96.0,52.77083333
"Tajikistan, Rep. of",1992,,408.4,,100.0,13996.0,2.917976565
"Tajikistan, Rep. of",1993,,408.6,,100.0489716,13996.0,2.919405544
"Tajikistan, Rep. of",1994,,408.8,,100.0979432,13996.0,2.920834524
"Tajikistan, Rep. of",1995,,409.0,,100.1469148,13996.0,2.922263504
"Tajikistan, Rep. of",1996,,409.2,,100.1958864,13996.0,2.923692484
"Tajikistan, Rep. of",1997,,409.4,,100.244858,13996.0,2.925121463
"Tajikistan, Rep. of",1998,,409.6,,100.2938296,13996.0,2.926550443
"Tajikistan, Rep. of",1999,,409.8,,100.3428012,13996.0,2.927979423
"Tajikistan, Rep. of",2000,,410.0,,100.3917728,13996.0,2.929408402
"Tajikistan, Rep. of",2001,,410.0,,100.3917728,13996.0,2.929408402
"Tajikistan, Rep. of",2002,,410.0,,100.3917728,13996.0,2.929408402
"Tajikistan, Rep. of",2003,,410.0,,100.3917728,13996.0,2.929408402
"Tajikistan, Rep. of",2004,,410.0,,100.3917728,13996.0,2.929408402
"Tajikistan, Rep. of",2005,,410.0,,100.3917728,13996.0,2.929408402
"Tajikistan, Rep. of",2006,,410.0,,100.3917728,13996.0,2.929408402
"Tajikistan, Rep. of",2007,,410.0,,100.3917728,13996.0,2.929408402
"Tajikistan, Rep. of",2008,,410.0,,100.3917728,13996.0,2.929408402
"Tajikistan, Rep. of",2009,,410.0,,100.3917728,13996.0,2.929408402
"Tajikistan, Rep. of",2010,,410.0,,100.3917728,13996.0,2.929408402
"Tajikistan, Rep. of",2011,,412.36,,100.9696376,13996.0,2.946270363
"Tajikistan, Rep. of",2012,,414.72,,101.5475024,13996.0,2.963132324
"Tajikistan, Rep. of",2013,,417.08,,102.1253673,13996.0,2.979994284
"Tajikistan, Rep. of",2014,,419.44,,102.7032321,13878.6,3.022206851
"Tajikistan, Rep. of",2015,,421.8,,103.281097,13879.0,3.039123856
"Tajikistan, Rep. of",2016,,421.8,,103.281097,13879.0,3.039123856
"Tajikistan, Rep. of",2017,,421.8,,103.281097,13879.0,3.039123856
"Tajikistan, Rep. of",2018,,421.8,,103.281097,13879.0,3.039123856
"Tajikistan, Rep. of",2019,,422.8,,103.5259549,13879.0,3.046328986
"Tajikistan, Rep. of",2020,,423.8,,103.7708129,13879.0,3.053534116
"Tajikistan, Rep. of",2021,,424.8,,104.0156709,13879.0,3.060739246
"Tajikistan, Rep. of",2022,,425.8,,104.2605289,13879.0,3.067944376
"Tanzania, United Rep. of",1992,1948.6227,56646.01,100.0,100.0,88580.0,63.94898397
"Tanzania, United Rep. of",1993,1935.8259,56274.01,99.34329001,99.34329002,88580.0,63.52902461
"Tanzania, United Rep. of",1994,1923.0291,55902.01,98.68658001,98.68658004,88580.0,63.10906525
"Tanzania, United Rep. of",1995,1910.2323,55530.01,98.02987002,98.02987006,88580.0,62.68910589
"Tanzania, United Rep. of",1996,1897.4355,55158.01,97.37316003,97.37316009,88580.0,62.26914653
"Tanzania, United Rep. of",1997,1884.6387,54786.01,96.71645003,96.71645011,88580.0,61.84918718
"Tanzania, United Rep. of",1998,1871.8419,54414.01,96.05974004,96.05974013,88580.0,61.42922782
"Tanzania, United Rep. of",1999,1859.0451,54042.01,95.40303005,95.40303015,88580.0,61.00926846
"Tanzania, United Rep. of",2000,1846.2483,53670.01,94.74632005,94.74632017,88580.0,60.5893091
"Tanzania, United Rep. of",2001,1833.4515,53298.01,94.08961006,94.08961019,88580.0,60.16934974
"Tanzania, United Rep. of",2002,1820.6547,52926.01,93.43290007,93.43290022,88580.0,59.74939038
"Tanzania, United Rep. of",2003,1807.8579,52554.01,92.77619008,92.77619024,88580.0,59.32943102
"Tanzania, United Rep. of",2004,1795.0611,52182.01,92.11948008,92.11948026,88580.0,58.90947166
"Tanzania, United Rep. of",2005,1782.2643,51810.01,91.46277009,91.46277028,88580.0,58.48951231
"Tanzania, United Rep. of",2006,1769.4675,51438.01,90.8060601,90.8060603,88580.0,58.06955295
"Tanzania, United Rep. of",2007,1756.6707,51066.01,90.1493501,90.14935032,88580.0,57.64959359
"Tanzania, United Rep. of",2008,1743.8739,50694.01,89.49264011,89.49264035,88580.0,57.22963423
"Tanzania, United Rep. of",2009,1731.0771,50322.01,88.83593012,88.83593037,88580.0,56.80967487
"Tanzania, United Rep. of",2010,1718.2803,49950.01,88.17922012,88.17922039,88580.0,56.38971551
"Tanzania, United Rep. of",2011,1705.4835,49578.008,87.52251013,87.52250688,88580.0,55.96975389
"Tanzania, United Rep. of",2012,1692.6866,49206.006,86.865795,86.86579337,88580.0,55.54979228
"Tanzania, United Rep. of",2013,1679.8897,48834.004,86.20907988,86.20907986,88580.0,55.12983066
"Tanzania, United Rep. of",2014,1667.0929,48462.002,85.55236989,85.55236635,88580.0,54.70986904
"Tanzania, United Rep. of",2015,1654.296,48090.0,84.89565476,84.89565284,88580.0,54.28990743
"Tanzania, United Rep. of",2016,1638.1624,47621.0,84.06770587,84.06770397,88580.0,53.76044254
"Tanzania, United Rep. of",2017,1622.0288,47152.0,83.23975698,83.2397551,88580.0,53.23097765
"Tanzania, United Rep. of",2018,1605.8952,46683.0,82.41180809,82.41180623,88580.0,52.70151276
"Tanzania, United Rep. of",2019,1589.7616,46214.0,81.5838592,81.58385736,88580.0,52.17204787
"Tanzania, United Rep. of",2020,1573.628,45745.0,80.75591032,80.75590849,88580.0,51.64258298
"Tanzania, United Rep. of",2021,,45276.0,,79.92795962,88580.0,51.11311809
"Tanzania, United Rep. of",2022,,44807.0,,79.10001075,88580.0,50.58365319
Thailand,1992,1593.3329,19288.4,100.0,100.0,51089.0,37.75450684
Thailand,1993,1590.4869,19252.1,99.8213807,99.81180399,51089.0,37.68345436
Thailand,1994,1587.6409,19215.8,99.64276141,99.62360797,51089.0,37.61240189
Thailand,1995,1584.7948,19179.5,99.46413584,99.43541196,51089.0,37.54134941
Thailand,1996,1581.9488,19143.2,99.28551654,99.24721594,51089.0,37.47029693
Thailand,1997,1579.1028,19106.9,99.10689725,99.05901993,51089.0,37.39924446
Thailand,1998,1576.2567,19070.6,98.92827168,98.87082391,51089.0,37.32819198
Thailand,1999,1573.4107,19034.3,98.74965238,98.6826279,51089.0,37.2571395
Thailand,2000,1570.5647,18998.0,98.57103308,98.49443189,51089.0,37.18608702
Thailand,2001,1580.0539,19105.5,99.16658973,99.05176168,51089.0,37.39650414
Thailand,2002,1589.5431,19213.0,99.76214638,99.60909147,51089.0,37.60692126
Thailand,2003,1599.0323,19320.5,100.357703,100.1664213,51089.0,37.81733837
Thailand,2004,1608.5215,19428.0,100.9532597,100.7237511,51089.0,38.02775549
Thailand,2005,1618.0107,19535.5,101.5488163,101.2810809,51089.0,38.2381726
Thailand,2006,1627.4999,19643.0,102.144373,101.8384107,51089.0,38.44858972
Thailand,2007,1636.9892,19750.5,102.7399359,102.3957404,51089.0,38.65900683
Thailand,2008,1646.4784,19858.0,103.3354925,102.9530702,51089.0,38.86942395
Thailand,2009,1655.9676,19965.5,103.9310492,103.5104,51089.0,39.07984106
Thailand,2010,1665.4568,20073.0,104.5266058,104.0677298,51089.0,39.29025818
Thailand,2011,1665.7391,20070.6,104.5443234,104.0552871,51089.0,39.28556049
Thailand,2012,1666.0215,20068.2,104.5620473,104.0428444,51089.0,39.28086281
Thailand,2013,1666.3038,20065.8,104.5797648,104.0304017,51089.0,39.27616512
Thailand,2014,1666.5862,20063.4,104.5974887,104.017959,51089.0,39.27146744
Thailand,2015,1666.8685,20061.0,104.6152063,104.0055163,51089.0,39.26676975
Thailand,2016,1663.2125,20017.0,104.3857501,103.7773999,51089.0,39.18064554
Thailand,2017,1660.0215,19981.0,104.1854781,103.5907592,51089.0,39.11018027
Thailand,2018,1657.0306,19945.0,103.9977647,103.4041185,51089.0,39.03971501
Thailand,2019,1653.8406,19909.0,103.7975554,103.2174779,51089.0,38.96924974
Thailand,2020,1650.8501,19873.0,103.6098671,103.0308372,51089.0,38.89878447
Thailand,2021,,19837.0,,102.8441965,51089.0,38.82831921
Thailand,2022,,19801.0,,102.6575558,51089.0,38.75785394
"Timor-Leste, Dem. Rep. of",1992,86.6575,960.3,100.0,100.0,1487.0,64.57969065
"Timor-Leste, Dem. Rep. of",1993,86.5311,958.9,99.85413842,99.85421223,1487.0,64.48554136
"Timor-Leste, Dem. Rep. of",1994,86.4048,957.5,99.70839223,99.70842445,1487.0,64.39139206
"Timor-Leste, Dem. Rep. of",1995,86.2785,956.1,99.56264605,99.56263668,1487.0,64.29724277
"Timor-Leste, Dem. Rep. of",1996,86.1521,954.7,99.41678447,99.4168489,1487.0,64.20309348
"Timor-Leste, Dem. Rep. of",1997,86.0258,953.3,99.27103828,99.27106113,1487.0,64.10894418
"Timor-Leste, Dem. Rep. of",1998,85.8995,951.9,99.1252921,99.12527335,1487.0,64.01479489
"Timor-Leste, Dem. Rep. of",1999,85.7731,950.5,98.97943052,98.97948558,1487.0,63.9206456
"Timor-Leste, Dem. Rep. of",2000,85.6468,949.1,98.83368433,98.8336978,1487.0,63.8264963
"Timor-Leste, Dem. Rep. of",2001,85.5204,947.7,98.68782275,98.68791003,1487.0,63.73234701
"Timor-Leste, Dem. Rep. of",2002,85.3941,946.3,98.54207657,98.54212225,1487.0,63.63819771
"Timor-Leste, Dem. Rep. of",2003,85.2678,944.9,98.39633038,98.39633448,1487.0,63.54404842
"Timor-Leste, Dem. Rep. of",2004,85.1414,943.5,98.2504688,98.2505467,1487.0,63.44989913
"Timor-Leste, Dem. Rep. of",2005,85.0151,942.1,98.10472261,98.10475893,1487.0,63.35574983
"Timor-Leste, Dem. Rep. of",2006,84.8888,940.7,97.95897643,97.95897115,1487.0,63.26160054
"Timor-Leste, Dem. Rep. of",2007,84.7624,939.3,97.81311485,97.81318338,1487.0,63.16745124
"Timor-Leste, Dem. Rep. of",2008,84.6361,937.9,97.66736866,97.66739561,1487.0,63.07330195
"Timor-Leste, Dem. Rep. of",2009,84.5098,936.5,97.52162248,97.52160783,1487.0,62.97915266
"Timor-Leste, Dem. Rep. of",2010,84.3834,935.1,97.3757609,97.37582006,1487.0,62.88500336
"Timor-Leste, Dem. Rep. of",2011,84.2571,933.7,97.23001471,97.23003228,1487.0,62.79085407
"Timor-Leste, Dem. Rep. of",2012,84.1308,932.3,97.08426853,97.08424451,1487.0,62.69670477
"Timor-Leste, Dem. Rep. of",2013,84.0044,930.9,96.93840695,96.93845673,1487.0,62.60255548
"Timor-Leste, Dem. Rep. of",2014,83.8781,929.5,96.79266076,96.79266896,1487.0,62.50840619
"Timor-Leste, Dem. Rep. of",2015,83.7517,928.1,96.64679918,96.64688118,1487.0,62.41425689
"Timor-Leste, Dem. Rep. of",2016,83.6254,926.7,96.501053,96.50109341,1487.0,62.3201076
"Timor-Leste, Dem. Rep. of",2017,83.5261,925.6,96.38646395,96.38654587,1487.0,62.24613315
"Timor-Leste, Dem. Rep. of",2018,83.3727,923.9,96.20944523,96.20951786,1487.0,62.13180901
"Timor-Leste, Dem. Rep. of",2019,83.2464,922.5,96.06369905,96.06373008,1487.0,62.03765972
"Timor-Leste, Dem. Rep. of",2020,83.1201,921.1,95.91795286,95.91794231,1487.0,61.94351042
"Timor-Leste, Dem. Rep. of",2021,,919.7,,95.77215454,1487.0,61.84936113
"Timor-Leste, Dem. Rep. of",2022,,918.3,,95.62636676,1487.0,61.75521184
Togo,1992,98.2472,1343.0208,100.0,100.0,5439.0,24.6924214
Togo,1993,97.5204,1333.7012,99.26023337,99.3060718,5439.0,24.52107373
Togo,1994,96.7936,1324.3816,98.52046674,98.61214361,5439.0,24.34972605
Togo,1995,96.0669,1315.062,97.7808019,97.91821541,5439.0,24.17837838
Togo,1996,95.3401,1305.7424,97.04103527,97.22428722,5439.0,24.0070307
Togo,1997,94.6133,1296.4228,96.30126864,96.53035902,5439.0,23.83568303
Togo,1998,93.8865,1287.1032,95.56150201,95.83643083,5439.0,23.66433536
Togo,1999,93.1597,1277.7836,94.82173538,95.14250263,5439.0,23.49298768
Togo,2000,92.433,1268.464,94.08207053,94.44857444,5439.0,23.32164001
Togo,2001,92.1752,1265.5046,93.8196712,94.22822044,5439.0,23.26722927
Togo,2002,91.9174,1262.5452,93.55727186,94.00786645,5439.0,23.21281853
Togo,2003,91.6597,1259.5858,93.29497431,93.78751245,5439.0,23.1584078
Togo,2004,91.4019,1256.6264,93.03257497,93.56715845,5439.0,23.10399706
Togo,2005,91.1441,1253.667,92.77017564,93.34680446,5439.0,23.04958632
Togo,2006,90.8863,1250.7076,92.5077763,93.12645046,5439.0,22.99517558
Togo,2007,90.6286,1247.7482,92.24547875,92.90609647,5439.0,22.94076485
Togo,2008,90.3708,1244.7888,91.98307942,92.68574247,5439.0,22.88635411
Togo,2009,90.113,1241.8294,91.72068008,92.46538847,5439.0,22.83194337
Togo,2010,89.8552,1238.87,91.45828074,92.24503448,5439.0,22.77753263
Togo,2011,89.5989,1235.91,91.19740817,92.02463581,5439.0,22.72311087
Togo,2012,89.3426,1232.95,90.9365356,91.80423713,5439.0,22.6686891
Togo,2013,89.0863,1229.99,90.67566302,91.58383846,5439.0,22.61426733
Togo,2014,88.83,1227.03,90.41479045,91.36343979,5439.0,22.55984556
Togo,2015,88.5737,1224.07,90.15391787,91.14304112,5439.0,22.50542379
Togo,2016,88.3229,1221.11,89.89864342,90.92264245,5439.0,22.45100202
Togo,2017,88.0722,1218.15,89.64347076,90.70224378,5439.0,22.39658025
Togo,2018,87.8096,1215.19,89.37618578,90.48184511,5439.0,22.34215849
Togo,2019,87.717,1212.23,89.28193373,90.26144643,5439.0,22.28773672
Togo,2020,87.4665,1209.27,89.02696464,90.04104776,5439.0,22.23331495
Togo,2021,,1206.31,,89.82064909,5439.0,22.17889318
Togo,2022,,1203.35,,89.60025042,5439.0,22.12447141
Tonga,1992,1.0142,8.95,100.0,100.0,72.0,12.43055556
Tonga,1993,1.0142,8.95,100.0,100.0,72.0,12.43055556
Tonga,1994,1.0142,8.95,100.0,100.0,72.0,12.43055556
Tonga,1995,1.0142,8.95,100.0,100.0,72.0,12.43055556
Tonga,1996,1.0142,8.95,100.0,100.0,72.0,12.43055556
Tonga,1997,1.0142,8.95,100.0,100.0,72.0,12.43055556
Tonga,1998,1.0142,8.95,100.0,100.0,72.0,12.43055556
Tonga,1999,1.0142,8.95,100.0,100.0,72.0,12.43055556
Tonga,2000,1.0142,8.95,100.0,100.0,72.0,12.43055556
Tonga,2001,1.0142,8.95,100.0,100.0,72.0,12.43055556
Tonga,2002,1.0142,8.95,100.0,100.0,72.0,12.43055556
Tonga,2003,1.0142,8.95,100.0,100.0,72.0,12.43055556
Tonga,2004,1.0142,8.95,100.0,100.0,72.0,12.43055556
Tonga,2005,1.0142,8.95,100.0,100.0,72.0,12.43055556
Tonga,2006,1.0142,8.95,100.0,100.0,72.0,12.43055556
Tonga,2007,1.0142,8.95,100.0,100.0,72.0,12.43055556
Tonga,2008,1.0142,8.95,100.0,100.0,72.0,12.43055556
Tonga,2009,1.0142,8.95,100.0,100.0,72.0,12.43055556
Tonga,2010,1.0142,8.95,100.0,100.0,72.0,12.43055556
Tonga,2011,1.0142,8.95,100.0,100.0,72.0,12.43055556
Tonga,2012,1.0142,8.95,100.0,100.0,72.0,12.43055556
Tonga,2013,1.0142,8.95,100.0,100.0,72.0,12.43055556
Tonga,2014,1.0142,8.95,100.0,100.0,72.0,12.43055556
Tonga,2015,1.0142,8.95,100.0,100.0,72.0,12.43055556
Tonga,2016,1.0142,8.95,100.0,100.0,72.0,12.43055556
Tonga,2017,1.0142,8.95,100.0,100.0,72.0,12.43055556
Tonga,2018,1.0142,8.95,100.0,100.0,72.0,12.43055556
Tonga,2019,1.0142,8.95,100.0,100.0,72.0,12.43055556
Tonga,2020,1.0142,8.95,100.0,100.0,72.0,12.43055556
Tonga,2021,,8.95,,100.0,72.0,12.43055556
Tonga,2022,,8.95,,100.0,72.0,12.43055556
Trinidad and Tobago,1992,13.0217,240.978,100.0,100.0,513.0,46.97426901
Trinidad and Tobago,1993,12.9994,240.437,99.8287474,99.77549818,513.0,46.86881092
Trinidad and Tobago,1994,12.977,239.896,99.65672685,99.55099636,513.0,46.76335283
Trinidad and Tobago,1995,12.9547,239.355,99.48547425,99.32649453,513.0,46.65789474
Trinidad and Tobago,1996,12.9324,238.814,99.31422165,99.10199271,513.0,46.55243665
Trinidad and Tobago,1997,12.91,238.273,99.1422011,98.87749089,513.0,46.44697856
Trinidad and Tobago,1998,12.8877,237.732,98.97094849,98.65298907,513.0,46.34152047
Trinidad and Tobago,1999,12.8653,237.191,98.79892794,98.42848725,513.0,46.23606238
Trinidad and Tobago,2000,12.843,236.65,98.62767534,98.20398543,513.0,46.13060429
Trinidad and Tobago,2001,12.8058,236.226,98.34199836,98.02803575,513.0,46.04795322
Trinidad and Tobago,2002,12.7686,235.802,98.05632137,97.85208608,513.0,45.96530214
Trinidad and Tobago,2003,12.7314,235.378,97.77064439,97.67613641,513.0,45.88265107
Trinidad and Tobago,2004,12.6942,234.954,97.4849674,97.50018674,513.0,45.8
Trinidad and Tobago,2005,12.6571,234.53,97.20005836,97.32423707,513.0,45.71734893
Trinidad and Tobago,2006,12.6199,234.106,96.91438138,97.1482874,513.0,45.63469786
Trinidad and Tobago,2007,12.5827,233.682,96.62870439,96.97233772,513.0,45.55204678
Trinidad and Tobago,2008,12.5455,233.258,96.34302741,96.79638805,513.0,45.46939571
Trinidad and Tobago,2009,12.5083,232.834,96.05735042,96.62043838,513.0,45.38674464
Trinidad and Tobago,2010,12.4711,232.41,95.77167344,96.44448871,513.0,45.30409357
Trinidad and Tobago,2011,12.4405,231.986,95.53668108,96.26853904,513.0,45.2214425
Trinidad and Tobago,2012,12.41,231.562,95.30245667,96.09258937,513.0,45.13879142
Trinidad and Tobago,2013,12.3794,231.138,95.06746431,95.91663969,513.0,45.05614035
Trinidad and Tobago,2014,12.3488,230.714,94.83247195,95.74069002,513.0,44.97348928
Trinidad and Tobago,2015,12.3182,230.29,94.59747959,95.56474035,513.0,44.89083821
Trinidad and Tobago,2016,12.2843,229.87,94.33714492,95.39045058,513.0,44.80896686
Trinidad and Tobago,2017,12.2503,229.45,94.0760423,95.21616081,513.0,44.72709552
Trinidad and Tobago,2018,12.2142,229.03,93.79881275,95.04187104,513.0,44.64522417
Trinidad and Tobago,2019,12.1803,228.61,93.53847808,94.86758127,513.0,44.56335283
Trinidad and Tobago,2020,12.1466,228.19,93.2796793,94.6932915,513.0,44.48148148
Trinidad and Tobago,2021,,227.77,,94.51900173,513.0,44.39961014
Trinidad and Tobago,2022,,227.35,,94.34471197,513.0,44.31773879
Tunisia,1992,20.4899,648.7515,100.0,100.0,15536.0,4.175794928
Tunisia,1993,20.7403,651.1388,101.2220655,100.3679837,15536.0,4.191161174
Tunisia,1994,20.9907,653.5261,102.444131,100.7359675,15536.0,4.20652742
Tunisia,1995,21.2411,655.9135,103.6661965,101.1039666,15536.0,4.22189431
Tunisia,1996,21.4915,658.3008,104.888262,101.4719504,15536.0,4.237260556
Tunisia,1997,21.7419,660.6881,106.1103275,101.8399341,15536.0,4.252626802
Tunisia,1998,21.9924,663.0754,107.3328811,102.2079178,15536.0,4.267993048
Tunisia,1999,22.2428,665.4627,108.5549466,102.5759016,15536.0,4.283359295
Tunisia,2000,22.4932,667.85,109.7770121,102.9438853,15536.0,4.298725541
Tunisia,2001,22.8499,669.808,111.5178698,103.2456958,15536.0,4.311328527
Tunisia,2002,23.2066,671.766,113.2587275,103.5475062,15536.0,4.323931514
Tunisia,2003,23.5634,673.724,115.0000732,103.8493167,15536.0,4.336534501
Tunisia,2004,23.9201,675.682,116.7409309,104.1511272,15536.0,4.349137487
Tunisia,2005,24.2768,677.64,118.4817886,104.4529377,15536.0,4.361740474
Tunisia,2006,24.6336,679.598,120.2231343,104.7547482,15536.0,4.37434346
Tunisia,2007,24.9903,681.556,121.963992,105.0565586,15536.0,4.386946447
Tunisia,2008,25.347,683.514,123.7048497,105.3583691,15536.0,4.399549434
Tunisia,2009,25.7037,685.472,125.4457074,105.6601796,15536.0,4.41215242
Tunisia,2010,26.0605,687.43,127.1870531,105.9619901,15536.0,4.424755407
Tunisia,2011,25.0022,688.96,122.0220694,106.1978277,15536.0,4.434603502
Tunisia,2012,23.9439,690.49,116.8570857,106.4336653,15536.0,4.444451596
Tunisia,2013,22.8856,692.02,111.692102,106.6695029,15536.0,4.454299691
Tunisia,2014,21.8273,693.55,106.5271182,106.9053405,15536.0,4.464147786
Tunisia,2015,20.769,695.08,101.3621345,107.1411781,15536.0,4.473995881
Tunisia,2016,26.4572,696.61,129.123129,107.3770157,15536.0,4.483843975
Tunisia,2017,25.4681,698.14,124.2958726,107.6128533,15536.0,4.49369207
Tunisia,2018,25.9578,699.67,126.6858306,107.8486909,15536.0,4.503540165
Tunisia,2019,25.9584,701.2,126.6887589,108.0845285,15536.0,4.51338826
Tunisia,2020,25.9307,702.73,126.5535703,108.3203661,15536.0,4.523236354
Tunisia,2021,,704.26,,108.5562037,15536.0,4.533084449
Tunisia,2022,,705.79,,108.7920413,15536.0,4.542932544
Turkmenistan,1992,11.2667,4127.0,100.0,100.0,46993.0,8.782159045
Turkmenistan,1993,11.2667,4127.0,100.0,100.0,46993.0,8.782159045
Turkmenistan,1994,11.2667,4127.0,100.0,100.0,46993.0,8.782159045
Turkmenistan,1995,11.2667,4127.0,100.0,100.0,46993.0,8.782159045
Turkmenistan,1996,11.2667,4127.0,100.0,100.0,46993.0,8.782159045
Turkmenistan,1997,11.2667,4127.0,100.0,100.0,46993.0,8.782159045
Turkmenistan,1998,11.2667,4127.0,100.0,100.0,46993.0,8.782159045
Turkmenistan,1999,11.2667,4127.0,100.0,100.0,46993.0,8.782159045
Turkmenistan,2000,11.2667,4127.0,100.0,100.0,46993.0,8.782159045
Turkmenistan,2001,11.3121,4127.0,100.4029574,100.0,46993.0,8.782159045
Turkmenistan,2002,11.3575,4127.0,100.8059148,100.0,46993.0,8.782159045
Turkmenistan,2003,11.4029,4127.0,101.2088722,100.0,46993.0,8.782159045
Turkmenistan,2004,11.4483,4127.0,101.6118296,100.0,46993.0,8.782159045
Turkmenistan,2005,11.4937,4127.0,102.0147869,100.0,46993.0,8.782159045
Turkmenistan,2006,11.5391,4127.0,102.4177443,100.0,46993.0,8.782159045
Turkmenistan,2007,11.5845,4127.0,102.8207017,100.0,46993.0,8.782159045
Turkmenistan,2008,11.6299,4127.0,103.2236591,100.0,46993.0,8.782159045
Turkmenistan,2009,11.6753,4127.0,103.6266165,100.0,46993.0,8.782159045
Turkmenistan,2010,11.7207,4127.0,104.0295739,100.0,46993.0,8.782159045
Turkmenistan,2011,11.7207,4127.0,104.0295739,100.0,46993.0,8.782159045
Turkmenistan,2012,11.7207,4127.0,104.0295739,100.0,46993.0,8.782159045
Turkmenistan,2013,11.7207,4127.0,104.0295739,100.0,46993.0,8.782159045
Turkmenistan,2014,11.7207,4127.0,104.0295739,100.0,46993.0,8.782159045
Turkmenistan,2015,11.7207,4127.0,104.0295739,100.0,46993.0,8.782159045
Turkmenistan,2016,11.7207,4127.0,104.0295739,100.0,46993.0,8.782159045
Turkmenistan,2017,11.7207,4127.0,104.0295739,100.0,46993.0,8.782159045
Turkmenistan,2018,11.7207,4127.0,104.0295739,100.0,46993.0,8.782159045
Turkmenistan,2019,11.7207,4127.0,104.0295739,100.0,46993.0,8.782159045
Turkmenistan,2020,11.7207,4127.0,104.0295739,100.0,46993.0,8.782159045
Turkmenistan,2021,,4127.0,,100.0,46993.0,8.782159045
Turkmenistan,2022,,4127.0,,100.0,46993.0,8.782159045
Turks and Caicos Islands,1992,0.8371,10.52,100.0,100.0,95.0,11.07368421
Turks and Caicos Islands,1993,0.8371,10.52,100.0,100.0,95.0,11.07368421
Turks and Caicos Islands,1994,0.8371,10.52,100.0,100.0,95.0,11.07368421
Turks and Caicos Islands,1995,0.8371,10.52,100.0,100.0,95.0,11.07368421
Turks and Caicos Islands,1996,0.8371,10.52,100.0,100.0,95.0,11.07368421
Turks and Caicos Islands,1997,0.8371,10.52,100.0,100.0,95.0,11.07368421
Turks and Caicos Islands,1998,0.8371,10.52,100.0,100.0,95.0,11.07368421
Turks and Caicos Islands,1999,0.8371,10.52,100.0,100.0,95.0,11.07368421
Turks and Caicos Islands,2000,0.8371,10.52,100.0,100.0,95.0,11.07368421
Turks and Caicos Islands,2001,0.8371,10.52,100.0,100.0,95.0,11.07368421
Turks and Caicos Islands,2002,0.8371,10.52,100.0,100.0,95.0,11.07368421
Turks and Caicos Islands,2003,0.8371,10.52,100.0,100.0,95.0,11.07368421
Turks and Caicos Islands,2004,0.8371,10.52,100.0,100.0,95.0,11.07368421
Turks and Caicos Islands,2005,0.8371,10.52,100.0,100.0,95.0,11.07368421
Turks and Caicos Islands,2006,0.8371,10.52,100.0,100.0,95.0,11.07368421
Turks and Caicos Islands,2007,0.8371,10.52,100.0,100.0,95.0,11.07368421
Turks and Caicos Islands,2008,0.8371,10.52,100.0,100.0,95.0,11.07368421
Turks and Caicos Islands,2009,0.8371,10.52,100.0,100.0,95.0,11.07368421
Turks and Caicos Islands,2010,0.8371,10.52,100.0,100.0,95.0,11.07368421
Turks and Caicos Islands,2011,0.8371,10.52,100.0,100.0,95.0,11.07368421
Turks and Caicos Islands,2012,0.8371,10.52,100.0,100.0,95.0,11.07368421
Turks and Caicos Islands,2013,0.8371,10.52,100.0,100.0,95.0,11.07368421
Turks and Caicos Islands,2014,0.8371,10.52,100.0,100.0,95.0,11.07368421
Turks and Caicos Islands,2015,0.8371,10.52,100.0,100.0,95.0,11.07368421
Turks and Caicos Islands,2016,0.8371,10.52,100.0,100.0,95.0,11.07368421
Turks and Caicos Islands,2017,0.8371,10.52,100.0,100.0,95.0,11.07368421
Turks and Caicos Islands,2018,0.8371,10.52,100.0,100.0,95.0,11.07368421
Turks and Caicos Islands,2019,0.8371,10.52,100.0,100.0,95.0,11.07368421
Turks and Caicos Islands,2020,0.8371,10.52,100.0,100.0,95.0,11.07368421
Turks and Caicos Islands,2021,,10.52,,100.0,95.0,11.07368421
Turks and Caicos Islands,2022,,10.52,,100.0,95.0,11.07368421
Tuvalu,1992,,1.0,,100.0,3.0,33.33333333
Tuvalu,1993,,1.0,,100.0,3.0,33.33333333
Tuvalu,1994,,1.0,,100.0,3.0,33.33333333
Tuvalu,1995,,1.0,,100.0,3.0,33.33333333
Tuvalu,1996,,1.0,,100.0,3.0,33.33333333
Tuvalu,1997,,1.0,,100.0,3.0,33.33333333
Tuvalu,1998,,1.0,,100.0,3.0,33.33333333
Tuvalu,1999,,1.0,,100.0,3.0,33.33333333
Tuvalu,2000,,1.0,,100.0,3.0,33.33333333
Tuvalu,2001,,1.0,,100.0,3.0,33.33333333
Tuvalu,2002,,1.0,,100.0,3.0,33.33333333
Tuvalu,2003,,1.0,,100.0,3.0,33.33333333
Tuvalu,2004,,1.0,,100.0,3.0,33.33333333
Tuvalu,2005,,1.0,,100.0,3.0,33.33333333
Tuvalu,2006,,1.0,,100.0,3.0,33.33333333
Tuvalu,2007,,1.0,,100.0,3.0,33.33333333
Tuvalu,2008,,1.0,,100.0,3.0,33.33333333
Tuvalu,2009,,1.0,,100.0,3.0,33.33333333
Tuvalu,2010,,1.0,,100.0,3.0,33.33333333
Tuvalu,2011,,1.0,,100.0,3.0,33.33333333
Tuvalu,2012,,1.0,,100.0,3.0,33.33333333
Tuvalu,2013,,1.0,,100.0,3.0,33.33333333
Tuvalu,2014,,1.0,,100.0,3.0,33.33333333
Tuvalu,2015,,1.0,,100.0,3.0,33.33333333
Tuvalu,2016,,1.0,,100.0,3.0,33.33333333
Tuvalu,2017,,1.0,,100.0,3.0,33.33333333
Tuvalu,2018,,1.0,,100.0,3.0,33.33333333
Tuvalu,2019,,1.0,,100.0,3.0,33.33333333
Tuvalu,2020,,1.0,,100.0,3.0,33.33333333
Tuvalu,2021,,1.0,,100.0,3.0,33.33333333
Tuvalu,2022,,1.0,,100.0,3.0,33.33333333
"Türkiye, Rep. of",1992,439.1371,19856.454,100.0,100.0,76963.0,25.8
"Türkiye, Rep. of",1993,443.7582,19892.941,101.0523137,100.1837539,76963.0,25.84740849
"Türkiye, Rep. of",1994,448.3792,19929.428,102.1046047,100.3675077,76963.0,25.89481699
"Türkiye, Rep. of",1995,453.0003,19965.915,103.1569184,100.5512616,76963.0,25.94222548
"Türkiye, Rep. of",1996,457.6213,20002.402,104.2092094,100.7350154,76963.0,25.98963398
"Türkiye, Rep. of",1997,462.2424,20038.889,105.2615231,100.9187693,76963.0,26.03704247
"Türkiye, Rep. of",1998,466.8634,20075.376,106.3138141,101.1025231,76963.0,26.08445097
"Türkiye, Rep. of",1999,471.4845,20111.863,107.3661278,101.286277,76963.0,26.13185946
"Türkiye, Rep. of",2000,476.1055,20148.35,108.4184188,101.4700309,76963.0,26.17926796
"Türkiye, Rep. of",2001,487.8227,20241.823,111.0866515,101.9407745,76963.0,26.30071983
"Türkiye, Rep. of",2002,499.54,20335.296,113.7549071,102.4115182,76963.0,26.42217169
"Türkiye, Rep. of",2003,511.2572,20428.769,116.4231398,102.8822619,76963.0,26.54362356
"Türkiye, Rep. of",2004,522.9745,20522.242,119.0913954,103.3530055,76963.0,26.66507543
"Türkiye, Rep. of",2005,534.6917,20615.715,121.7596281,103.8237492,76963.0,26.78652729
"Türkiye, Rep. of",2006,546.4089,20709.188,124.4278609,104.2944929,76963.0,26.90797916
"Türkiye, Rep. of",2007,558.1262,20802.661,127.0961165,104.7652365,76963.0,27.02943103
"Türkiye, Rep. of",2008,569.8434,20896.134,129.7643492,105.2359802,76963.0,27.15088289
"Türkiye, Rep. of",2009,581.5606,20989.607,132.432582,105.7067239,76963.0,27.27233476
"Türkiye, Rep. of",2010,593.2779,21083.08,135.1008375,106.1774675,76963.0,27.39378662
"Türkiye, Rep. of",2011,609.5521,21192.524,138.8067872,106.7286435,76963.0,27.53599002
"Türkiye, Rep. of",2012,625.8263,21301.968,142.5127369,107.2798194,76963.0,27.67819342
"Türkiye, Rep. of",2013,642.1006,21411.412,146.2187094,107.8309954,76963.0,27.82039681
"Türkiye, Rep. of",2014,658.3748,21520.856,149.9246591,108.3821714,76963.0,27.96260021
"Türkiye, Rep. of",2015,674.6491,21630.3,153.6306315,108.9333473,76963.0,28.10480361
"Türkiye, Rep. of",2016,694.7652,21630.3,158.2114561,108.9333473,76963.0,28.10480361
"Türkiye, Rep. of",2017,698.689,21752.46,159.1049811,109.5485629,76963.0,28.26352923
"Türkiye, Rep. of",2018,703.6965,21908.36,160.2452856,110.3336981,76963.0,28.4660941
"Türkiye, Rep. of",2019,708.7072,22064.36,161.3863188,111.1193368,76963.0,28.6687889
"Türkiye, Rep. of",2020,713.718,22220.36,162.5273747,111.9049756,76963.0,28.8714837
"Türkiye, Rep. of",2021,,22376.36,,112.6906143,76963.0,29.0741785
"Türkiye, Rep. of",2022,,22532.36,,113.4762531,76963.0,29.2768733
Uganda,1992,195.2568,3492.966,100.0,100.0,19981.0,17.48143737
Uganda,1993,192.9508,3451.714,98.8189912,98.81899795,19981.0,17.27498123
Uganda,1994,190.6448,3410.462,97.63798239,97.6379959,19981.0,17.0685251
Uganda,1995,188.3388,3369.21,96.45697359,96.45699386,19981.0,16.86206897
Uganda,1996,186.0329,3327.958,95.276016,95.27599181,19981.0,16.65561283
Uganda,1997,183.7269,3286.706,94.09500719,94.09498976,19981.0,16.4491567
Uganda,1998,181.4209,3245.454,92.91399839,92.91398771,19981.0,16.24270057
Uganda,1999,179.1149,3204.202,91.73298958,91.73298566,19981.0,16.03624443
Uganda,2000,176.8089,3162.95,90.55198078,90.55198362,19981.0,15.8297883
Uganda,2001,174.5029,3121.697,89.37097197,89.37095294,19981.0,15.62332716
Uganda,2002,172.1968,3080.444,88.18991195,88.18992226,19981.0,15.41686602
Uganda,2003,169.8908,3039.191,87.00890315,87.00889158,19981.0,15.21040488
Uganda,2004,167.5847,2997.938,85.82784313,85.82786091,19981.0,15.00394375
Uganda,2005,165.2787,2956.685,84.64683432,84.64683023,19981.0,14.79748261
Uganda,2006,162.9726,2915.432,83.4657743,83.46579955,19981.0,14.59102147
Uganda,2007,160.6666,2874.179,82.2847655,82.28476888,19981.0,14.38456033
Uganda,2008,158.3606,2832.926,81.10375669,81.1037382,19981.0,14.17809919
Uganda,2009,156.0545,2791.673,79.92269667,79.92270752,19981.0,13.97163806
Uganda,2010,153.7485,2750.42,78.74168787,78.74167684,20052.0,13.71643726
Uganda,2011,151.4425,2709.168,77.56067906,77.5606748,20052.0,13.51071215
Uganda,2012,149.1365,2667.916,76.37967026,76.37967275,20052.0,13.30498703
Uganda,2013,146.8305,2626.664,75.19866146,75.1986707,20052.0,13.09926192
Uganda,2014,144.5245,2585.412,74.01765265,74.01766865,20052.0,12.8935368
Uganda,2015,142.2185,2544.16,72.83664385,72.8366666,20052.0,12.68781169
Uganda,2016,139.9127,2502.91,71.65573747,71.65572181,20052.0,12.48209655
Uganda,2017,137.6068,2461.66,70.47477988,70.47477702,20052.0,12.27638141
Uganda,2018,135.3009,2420.41,69.29382229,69.29383223,20052.0,12.07066627
Uganda,2019,132.9945,2379.15,68.11260863,68.11260115,20052.0,11.86490126
Uganda,2020,130.6886,2337.9,66.93165104,66.93165636,20052.0,11.65918612
Uganda,2021,,2296.6433,,65.75051976,20052.0,11.45343756
Uganda,2022,,2255.3911,,64.56951198,20052.0,11.24771145
Ukraine,1992,531.6254,9321.2,100.0,100.0,57935.0,16.08906533
Ukraine,1993,547.9211,9344.8,103.0652599,100.2531863,57935.0,16.12980064
Ukraine,1994,564.2168,9368.4,106.1305197,100.5063726,57935.0,16.17053595
Ukraine,1995,580.5125,9392.0,109.1957796,100.7595589,57935.0,16.21127125
Ukraine,1996,596.8082,9415.6,112.2610394,101.0127451,57935.0,16.25200656
Ukraine,1997,613.104,9439.2,115.3263181,101.2659314,57935.0,16.29274187
Ukraine,1998,629.3997,9462.8,118.391578,101.5191177,57935.0,16.33347717
Ukraine,1999,645.6954,9486.4,121.4568378,101.772304,57935.0,16.37421248
Ukraine,2000,661.9911,9510.0,124.5220977,102.0254903,57935.0,16.41494779
Ukraine,2001,671.5936,9513.8,126.3283508,102.0662576,57935.0,16.42150686
Ukraine,2002,681.196,9517.6,128.134585,102.1070248,57934.0,16.4283495
Ukraine,2003,690.7985,9521.4,129.940838,102.1477921,57934.0,16.43490869
Ukraine,2004,700.4009,9525.2,131.7470723,102.1885594,57934.0,16.44146788
Ukraine,2005,710.0034,9529.0,133.5533253,102.2293267,57938.0,16.4468915
Ukraine,2006,719.6059,9532.8,135.3595784,102.270094,57936.0,16.45401823
Ukraine,2007,729.2083,9536.6,137.1658126,102.3108613,57933.0,16.46142958
Ukraine,2008,738.8108,9540.4,138.9720657,102.3516285,57932.0,16.46827315
Ukraine,2009,748.4133,9544.2,140.7783187,102.3923958,57932.0,16.47483256
Ukraine,2010,758.0157,9548.0,142.584553,102.4331631,57932.0,16.48139198
Ukraine,2011,764.8067,9569.8,143.8619562,102.6670386,57932.0,16.5190223
Ukraine,2012,771.5977,9591.6,145.1393594,102.900914,57932.0,16.55665263
Ukraine,2013,778.3886,9613.4,146.4167438,103.1347895,57932.0,16.59428295
Ukraine,2014,785.1796,9635.2,147.694147,103.368665,57929.0,16.6327746
Ukraine,2015,791.9706,9657.0,148.9715503,103.6025404,57929.0,16.67040688
Ukraine,2016,802.112,9664.0,150.8791717,103.6776381,57929.0,16.68249064
Ukraine,2017,802.693,9671.0,150.9884592,103.7527357,57930.0,16.69428621
Ukraine,2018,812.952,9678.0,152.9182014,103.8278333,57940.0,16.70348637
Ukraine,2019,813.456,9684.0,153.013005,103.8922027,57940.0,16.71384191
Ukraine,2020,822.9717,9690.0,154.8029308,103.9565721,57940.0,16.72419745
Ukraine,2021,,9696.0,,104.0209415,57940.0,16.73455299
Ukraine,2022,,9702.0,,104.0853109,57940.0,16.74490853
United Arab Emirates,1992,12.8846,257.886,100.0,100.0,7102.0,3.631174317
United Arab Emirates,1993,13.2068,264.329,102.5006597,102.4983908,7102.0,3.721895241
United Arab Emirates,1994,13.529,270.772,105.0013194,104.9967815,7102.0,3.812616164
United Arab Emirates,1995,13.8512,277.215,107.5019791,107.4951723,7102.0,3.903337088
United Arab Emirates,1996,14.1734,283.658,110.0026388,109.993563,7102.0,3.994058012
United Arab Emirates,1997,14.4956,290.101,112.5032985,112.4919538,7102.0,4.084778936
United Arab Emirates,1998,14.8178,296.544,115.0039582,114.9903446,7102.0,4.175499859
United Arab Emirates,1999,15.14,302.987,117.5046179,117.4887353,7102.0,4.266220783
United Arab Emirates,2000,15.4622,309.43,120.0052776,119.9871261,7102.0,4.356941707
United Arab Emirates,2001,15.5009,310.217,120.3056362,120.2922997,7102.0,4.368023092
United Arab Emirates,2002,15.5396,311.004,120.6059948,120.5974733,7102.0,4.379104478
United Arab Emirates,2003,15.5783,311.791,120.9063533,120.9026469,7102.0,4.390185863
United Arab Emirates,2004,15.617,312.578,121.2067119,121.2078205,7102.0,4.401267249
United Arab Emirates,2005,15.6557,313.365,121.5070705,121.5129941,7102.0,4.412348634
United Arab Emirates,2006,15.6944,314.152,121.807429,121.8181677,7102.0,4.42343002
United Arab Emirates,2007,15.7331,314.939,122.1077876,122.1233413,7102.0,4.434511405
United Arab Emirates,2008,15.7718,315.726,122.4081462,122.4285149,7102.0,4.445592791
United Arab Emirates,2009,15.8104,316.513,122.7077286,122.7336885,7102.0,4.456674176
United Arab Emirates,2010,15.8491,317.3,123.0080872,123.0388621,7102.0,4.467755562
United Arab Emirates,2011,15.8548,317.3,123.052326,123.0388621,7102.0,4.467755562
United Arab Emirates,2012,15.8606,317.3,123.097341,123.0388621,7102.0,4.467755562
United Arab Emirates,2013,15.8663,317.3,123.1415799,123.0388621,7102.0,4.467755562
United Arab Emirates,2014,15.872,317.3,123.1858187,123.0388621,7102.0,4.467755562
United Arab Emirates,2015,15.8777,317.3,123.2300576,123.0388621,7102.0,4.467755562
United Arab Emirates,2016,15.8777,317.3,123.2300576,123.0388621,7102.0,4.467755562
United Arab Emirates,2017,15.8777,317.3,123.2300576,123.0388621,7102.0,4.467755562
United Arab Emirates,2018,15.8777,317.3,123.2300576,123.0388621,7102.0,4.467755562
United Arab Emirates,2019,15.8777,317.3,123.2300576,123.0388621,7102.0,4.467755562
United Arab Emirates,2020,15.8777,317.3,123.2300576,123.0388621,7102.0,4.467755562
United Arab Emirates,2021,,317.3,,123.0388621,7102.0,4.467755562
United Arab Emirates,2022,,317.3,,123.0388621,7102.0,4.467755562
United Kingdom,1992,147.1588,2813.2,100.0,100.0,24193.0,11.6281569
United Kingdom,1993,151.2882,2830.8,102.8060843,100.6256221,24193.0,11.70090522
United Kingdom,1994,155.4176,2848.4,105.6121686,101.2512441,24193.0,11.77365354
United Kingdom,1995,159.547,2866.0,108.4182529,101.8768662,24193.0,11.84640185
United Kingdom,1996,163.6764,2883.6,111.2243372,102.5024883,24193.0,11.91915017
United Kingdom,1997,167.8058,2901.2,114.0304216,103.1281103,24193.0,11.99189848
United Kingdom,1998,171.9352,2918.8,116.8365059,103.7537324,24193.0,12.0646468
United Kingdom,1999,176.0646,2936.4,119.6425902,104.3793545,24193.0,12.13739511
United Kingdom,2000,180.194,2954.0,122.4486745,105.0049765,24193.0,12.21014343
United Kingdom,2001,183.8935,2964.5,124.9626254,105.378217,24193.0,12.25354441
United Kingdom,2002,187.593,2975.0,127.4765763,105.7514574,24193.0,12.2969454
United Kingdom,2003,191.2925,2985.5,129.9905272,106.1246979,24193.0,12.34034638
United Kingdom,2004,194.992,2996.0,132.5044782,106.4979383,24193.0,12.38374736
United Kingdom,2005,198.6915,3006.5,135.0184291,106.8711787,24193.0,12.42714835
United Kingdom,2006,202.391,3017.0,137.53238,107.2444192,24193.0,12.47054933
United Kingdom,2007,206.0905,3027.5,140.0463309,107.6176596,24193.0,12.51395032
United Kingdom,2008,209.79,3038.0,142.5602818,107.9909,24193.0,12.5573513
United Kingdom,2009,213.4895,3048.5,145.0742327,108.3641405,24193.0,12.60075228
United Kingdom,2010,217.189,3059.0,147.5881836,108.7373809,24193.0,12.64415327
United Kingdom,2011,220.4452,3078.2,149.8008954,109.4198777,24193.0,12.72351507
United Kingdom,2012,223.7014,3097.4,152.0136071,110.1023745,24193.0,12.80287687
United Kingdom,2013,226.9576,3116.6,154.2263188,110.7848713,24193.0,12.88223866
United Kingdom,2014,230.2138,3135.8,156.4390305,111.4673681,24193.0,12.96160046
United Kingdom,2015,233.47,3155.0,158.6517422,112.1498649,24193.0,13.04096226
United Kingdom,2016,236.925,3159.0,160.9995461,112.2920518,24193.0,13.05749597
United Kingdom,2017,240.464,3164.0,163.4044311,112.4697853,24193.0,13.07816311
United Kingdom,2018,241.148,3173.0,163.8692351,112.7897057,24193.0,13.11536395
United Kingdom,2019,248.196,3182.0,168.6586191,113.109626,24193.0,13.15256479
United Kingdom,2020,252.01,3190.0,171.2503771,113.3939997,24193.0,13.18563221
United Kingdom,2021,,3198.6667,,113.7020724,24193.0,13.22145538
United Kingdom,2022,,3206.9,,113.9947391,24193.0,13.25548712
United States,1992,14499.0523,302667.2,100.0,100.0,915896.0,33.04602269
United States,1993,14624.3687,302775.8,100.8643075,100.035881,915896.0,33.05787993
United States,1994,14749.6851,302884.4,101.728615,100.071762,915896.0,33.06973718
United States,1995,14875.0015,302993.0,102.5929226,100.107643,915896.0,33.08159442
United States,1996,15000.3179,303101.6,103.4572301,100.143524,915896.0,33.09345166
United States,1997,15125.6343,303210.2,104.3215376,100.179405,915896.0,33.1053089
United States,1998,15250.9507,303318.8,105.1858451,100.215286,915896.0,33.11716614
United States,1999,15376.2671,303427.4,106.0501527,100.251167,915896.0,33.12902338
United States,2000,15501.5835,303536.0,106.9144602,100.287048,916192.0,33.13017359
United States,2001,15622.2178,304054.4,107.7464753,100.4583252,916192.0,33.18675561
United States,2002,15742.8521,304572.8,108.5784903,100.6296024,916192.0,33.24333764
United States,2003,15863.4864,305091.2,109.4105054,100.8008796,916192.0,33.29991967
United States,2004,15984.1207,305609.6,110.2425205,100.9721569,916192.0,33.35650169
United States,2005,16104.755,306128.0,111.0745355,101.1434341,916192.0,33.41308372
United States,2006,16225.3892,306646.4,111.9065499,101.3147113,916192.0,33.46966575
United States,2007,16346.0235,307164.8,112.738565,101.4859886,916192.0,33.52624777
United States,2008,16466.6578,307683.2,113.5705801,101.6572658,914742.0,33.6360635
United States,2009,16587.2921,308201.6,114.4025951,101.828543,914742.0,33.69273522
United States,2010,16707.9264,308720.0,115.2346102,101.9998203,914742.0,33.74940694
United States,2011,16833.2032,308995.0,116.0986446,102.0906791,914742.0,33.77947006
United States,2012,16958.48,309270.0,116.962679,102.181538,914742.0,33.80953318
United States,2013,17083.7569,309545.0,117.8267141,102.2723969,914742.0,33.8395963
United States,2014,17209.0337,309820.0,118.6907485,102.3632557,914742.0,33.86965942
United States,2015,17334.3105,310095.0,119.5547829,102.4541146,914742.0,33.89972254
United States,2016,17476.9542,310095.0,120.5385969,102.4541146,914742.0,33.89972254
United States,2017,17587.0622,309795.0,121.298012,102.3549959,914742.0,33.86692641
United States,2018,17704.7843,309795.0,122.1099416,102.3549959,914742.0,33.86692641
United States,2019,17704.7843,309795.0,122.1099416,102.3549959,914742.0,33.86692641
United States,2020,17704.7843,309795.0,122.1099416,102.3549959,914742.0,33.86692641
United States,2021,,309795.0,,102.3549959,914742.0,33.86692641
United States,2022,,309795.0,,102.3549959,914742.0,33.86692641
United States Virgin Islands,1992,0.3884,23.726,100.0,100.0,35.0,67.78857143
United States Virgin Islands,1993,0.3817,23.319,98.27497425,98.28458231,35.0,66.62571429
United States Virgin Islands,1994,0.3751,22.912,96.57569516,96.56916463,35.0,65.46285714
United States Virgin Islands,1995,0.3684,22.505,94.85066941,94.85374694,35.0,64.3
United States Virgin Islands,1996,0.3617,22.098,93.12564367,93.13832926,35.0,63.13714286
United States Virgin Islands,1997,0.3551,21.691,91.42636457,91.42291157,35.0,61.97428571
United States Virgin Islands,1998,0.3484,21.284,89.70133883,89.70749389,35.0,60.81142857
United States Virgin Islands,1999,0.3418,20.877,88.00205973,87.9920762,35.0,59.64857143
United States Virgin Islands,2000,0.3351,20.47,86.27703399,86.27665852,35.0,58.48571429
United States Virgin Islands,2001,0.3478,20.266,89.54685891,85.41684228,35.0,57.90285714
United States Virgin Islands,2002,0.3605,20.062,92.81668383,84.55702605,35.0,57.32
United States Virgin Islands,2003,0.3732,19.858,96.08650875,83.69720981,35.0,56.73714286
United States Virgin Islands,2004,0.3859,19.654,99.35633368,82.83739358,35.0,56.15428571
United States Virgin Islands,2005,0.3987,19.45,102.6519053,81.97757734,35.0,55.57142857
United States Virgin Islands,2006,0.4114,19.246,105.9217302,81.11776111,35.0,54.98857143
United States Virgin Islands,2007,0.4241,19.042,109.1915551,80.25794487,35.0,54.40571429
United States Virgin Islands,2008,0.4368,18.838,112.46138,79.39812864,35.0,53.82285714
United States Virgin Islands,2009,0.4495,18.634,115.7312049,78.5383124,35.0,53.24
United States Virgin Islands,2010,0.4622,18.43,119.0010299,77.67849616,35.0,52.65714286
United States Virgin Islands,2011,0.4738,18.576,121.9876416,78.29385484,35.0,53.07428571
United States Virgin Islands,2012,0.4853,18.722,124.9485067,78.90921352,35.0,53.49142857
United States Virgin Islands,2013,0.4969,18.868,127.9351184,79.5245722,35.0,53.90857143
United States Virgin Islands,2014,0.5084,19.014,130.8959835,80.13993088,35.0,54.32571429
United States Virgin Islands,2015,0.52,19.16,133.8825953,80.75528956,35.0,54.74285714
United States Virgin Islands,2016,0.5639,19.31,145.1853759,81.38750738,35.0,55.17142857
United States Virgin Islands,2017,0.6085,19.46,156.6683831,82.0197252,35.0,55.6
United States Virgin Islands,2018,0.6536,19.61,168.2801236,82.65194302,35.0,56.02857143
United States Virgin Islands,2019,0.6993,19.76,180.046344,83.28416084,35.0,56.45714286
United States Virgin Islands,2020,0.7456,19.91,191.9670443,83.91637866,35.0,56.88571429
United States Virgin Islands,2021,,20.06,,84.54859648,35.0,57.31428571
United States Virgin Islands,2022,,20.21,,85.1808143,35.0,57.74285714
Uruguay,1992,48.8545,912.2,100.0,100.0,17502.0,5.211975774
Uruguay,1993,52.5018,969.3,107.4656378,106.2595922,17502.0,5.538224203
Uruguay,1994,56.1491,1026.4,114.9312755,112.5191844,17502.0,5.864472632
Uruguay,1995,59.7964,1083.5,122.3969133,118.7787766,17502.0,6.19072106
Uruguay,1996,63.4437,1140.6,129.862551,125.0383688,17502.0,6.516969489
Uruguay,1997,67.0911,1197.7,137.3283935,131.297961,17502.0,6.843217918
Uruguay,1998,70.7384,1254.8,144.7940313,137.5575532,17502.0,7.169466347
Uruguay,1999,74.3857,1311.9,152.259669,143.8171454,17502.0,7.495714775
Uruguay,2000,78.033,1369.0,159.7253068,150.0767376,17502.0,7.821963204
Uruguay,2001,80.7906,1405.23,165.3698226,154.0484543,17502.0,8.028968118
Uruguay,2002,83.5483,1441.46,171.0145432,158.020171,17502.0,8.235973032
Uruguay,2003,86.3059,1477.69,176.659059,161.9918877,17502.0,8.442977945
Uruguay,2004,89.0635,1513.92,182.3035749,165.9636045,17502.0,8.649982859
Uruguay,2005,91.8212,1550.15,187.9482954,169.9353212,17502.0,8.856987773
Uruguay,2006,94.5788,1586.38,193.5928113,173.9070379,17502.0,9.063992687
Uruguay,2007,97.3364,1622.61,199.2373272,177.8787547,17502.0,9.2709976
Uruguay,2008,100.094,1658.84,204.881843,181.8504714,17502.0,9.478002514
Uruguay,2009,102.8517,1695.07,210.5265636,185.8221881,17502.0,9.685007428
Uruguay,2010,105.6093,1731.3,216.1710794,189.7939048,17502.0,9.892012341
Uruguay,2011,107.5274,1769.04,220.0972275,193.9311554,17502.0,10.10764484
Uruguay,2012,109.4456,1806.78,224.0235802,198.0684061,17502.0,10.32327734
Uruguay,2013,111.3637,1844.52,227.9497283,202.2056567,17502.0,10.53890984
Uruguay,2014,113.2819,1882.26,231.876081,206.3429073,17502.0,10.75454234
Uruguay,2015,115.2,1920.0,235.8022291,210.4801579,17502.0,10.97017484
Uruguay,2016,116.82,1947.0,239.1181979,213.4400351,17502.0,11.12444292
Uruguay,2017,118.08,1968.0,241.6972848,215.7421618,17502.0,11.24442921
Uruguay,2018,117.351,1989.0,240.2050988,218.0442885,17502.0,11.3644155
Uruguay,2019,118.59,2010.0,242.7412009,220.3464153,17502.0,11.48440178
Uruguay,2020,117.798,2031.0,241.1200606,222.648542,17502.0,11.60438807
Uruguay,2021,,2052.0,,224.9506687,17502.0,11.72437436
Uruguay,2022,,2073.0,,227.2527954,17502.0,11.84436064
"Uzbekistan, Rep. of",1992,78.4946,2631.7884,100.0,100.0,42540.0,6.186620592
"Uzbekistan, Rep. of",1993,78.711,2672.9974,100.2756878,101.5658174,42540.0,6.283491772
"Uzbekistan, Rep. of",1994,78.9274,2714.2065,100.5513755,103.1316385,42540.0,6.380363188
"Uzbekistan, Rep. of",1995,79.1438,2755.4156,100.8270633,104.6974597,42540.0,6.477234603
"Uzbekistan, Rep. of",1996,79.3603,2796.6247,101.1028784,106.2632809,42540.0,6.574106018
"Uzbekistan, Rep. of",1997,79.5767,2837.8338,101.3785662,107.8291021,42540.0,6.670977433
"Uzbekistan, Rep. of",1998,79.7931,2879.0428,101.6542539,109.3949194,42540.0,6.767848613
"Uzbekistan, Rep. of",1999,80.0096,2920.2519,101.9300691,110.9607406,42540.0,6.864720028
"Uzbekistan, Rep. of",2000,80.226,2961.461,102.2057568,112.5265618,43596.5,6.792887044
"Uzbekistan, Rep. of",2001,83.391,3000.2749,106.2378813,114.0013726,43591.1,6.882769419
"Uzbekistan, Rep. of",2002,86.5561,3039.0888,110.2701332,115.4761834,43591.1,6.971810301
"Uzbekistan, Rep. of",2003,89.7212,3077.9027,114.3023851,116.9509942,43587.7,7.061401955
"Uzbekistan, Rep. of",2004,92.8862,3116.7166,118.3345096,118.4258051,43585.3,7.150843518
"Uzbekistan, Rep. of",2005,96.0513,3155.5305,122.3667615,119.9006159,43584.9,7.239962694
"Uzbekistan, Rep. of",2006,99.2164,3194.3444,126.3990134,121.3754267,43585.0,7.328999426
"Uzbekistan, Rep. of",2007,102.3814,3233.1583,130.4311379,122.8502375,43598.4,7.415772827
"Uzbekistan, Rep. of",2008,105.5465,3271.9722,134.4633898,124.3250483,43596.7,7.50509144
"Uzbekistan, Rep. of",2009,108.7116,3310.7861,138.4956417,125.7998591,43594.5,7.594504123
"Uzbekistan, Rep. of",2010,111.8766,3349.6,142.5277662,127.27467,43589.2,7.6844723
"Uzbekistan, Rep. of",2011,112.7286,3389.56,143.6131912,128.7930291,43580.9,7.777627355
"Uzbekistan, Rep. of",2012,113.5805,3429.52,144.6984888,130.3113883,43580.0,7.869481413
"Uzbekistan, Rep. of",2013,114.4325,3469.48,145.7839138,131.8297474,43578.9,7.961375803
"Uzbekistan, Rep. of",2014,115.2844,3509.44,146.8692114,133.3481066,43578.9,8.053071555
"Uzbekistan, Rep. of",2015,116.1364,3549.4,147.9546364,134.8664657,44060.0,8.055832955
"Uzbekistan, Rep. of",2016,117.3437,3586.3,149.492704,136.2685541,44059.1,8.139748656
"Uzbekistan, Rep. of",2017,118.1891,3612.136,150.5697207,137.250244,44058.8,8.198443898
"Uzbekistan, Rep. of",2018,119.0347,3637.98,151.6469923,138.2322378,44058.7,8.257120614
"Uzbekistan, Rep. of",2019,119.8802,3663.82,152.7241364,139.2140797,44055.5,8.316373665
"Uzbekistan, Rep. of",2020,120.7257,3689.66,153.8012806,140.1959215,44065.0,8.373221378
"Uzbekistan, Rep. of",2021,,3715.5,,141.1777634,44065.3,8.431804617
"Uzbekistan, Rep. of",2022,,3741.34,,142.1596052,44065.2,8.49046413
Vanuatu,1992,,442.3,,100.0,1219.0,36.28383921
Vanuatu,1993,,442.3,,100.0,1219.0,36.28383921
Vanuatu,1994,,442.3,,100.0,1219.0,36.28383921
Vanuatu,1995,,442.3,,100.0,1219.0,36.28383921
Vanuatu,1996,,442.3,,100.0,1219.0,36.28383921
Vanuatu,1997,,442.3,,100.0,1219.0,36.28383921
Vanuatu,1998,,442.3,,100.0,1219.0,36.28383921
Vanuatu,1999,,442.3,,100.0,1219.0,36.28383921
Vanuatu,2000,,442.3,,100.0,1219.0,36.28383921
Vanuatu,2001,,442.3,,100.0,1219.0,36.28383921
Vanuatu,2002,,442.3,,100.0,1219.0,36.28383921
Vanuatu,2003,,442.3,,100.0,1219.0,36.28383921
Vanuatu,2004,,442.3,,100.0,1219.0,36.28383921
Vanuatu,2005,,442.3,,100.0,1219.0,36.28383921
Vanuatu,2006,,442.3,,100.0,1219.0,36.28383921
Vanuatu,2007,,442.3,,100.0,1219.0,36.28383921
Vanuatu,2008,,442.3,,100.0,1219.0,36.28383921
Vanuatu,2009,,442.3,,100.0,1219.0,36.28383921
Vanuatu,2010,,442.3,,100.0,1219.0,36.28383921
Vanuatu,2011,,442.3,,100.0,1219.0,36.28383921
Vanuatu,2012,,442.3,,100.0,1219.0,36.28383921
Vanuatu,2013,,442.3,,100.0,1219.0,36.28383921
Vanuatu,2014,,442.3,,100.0,1219.0,36.28383921
Vanuatu,2015,,442.3,,100.0,1219.0,36.28383921
Vanuatu,2016,,442.3,,100.0,1219.0,36.28383921
Vanuatu,2017,,442.3,,100.0,1219.0,36.28383921
Vanuatu,2018,,442.3,,100.0,1219.0,36.28383921
Vanuatu,2019,,442.3,,100.0,1219.0,36.28383921
Vanuatu,2020,,442.3,,100.0,1219.0,36.28383921
Vanuatu,2021,,442.3,,100.0,1219.0,36.28383921
Vanuatu,2022,,442.3,,100.0,1219.0,36.28383921
"Venezuela, Rep. Bolivariana de",1992,6252.3003,51451.0,100.0,100.0,88205.0,58.33116037
"Venezuela, Rep. Bolivariana de",1993,6213.1886,51163.5,99.37444303,99.44121591,88205.0,58.00521512
"Venezuela, Rep. Bolivariana de",1994,6174.0769,50876.0,98.74888607,98.88243183,88205.0,57.67926988
"Venezuela, Rep. Bolivariana de",1995,6134.9653,50588.5,98.1233307,98.32364774,88205.0,57.35332464
"Venezuela, Rep. Bolivariana de",1996,6095.8536,50301.0,97.49777374,97.76486366,88205.0,57.0273794
"Venezuela, Rep. Bolivariana de",1997,6056.7419,50013.5,96.87221677,97.20607957,88205.0,56.70143416
"Venezuela, Rep. Bolivariana de",1998,6017.6302,49726.0,96.24665981,96.64729549,88205.0,56.37548892
"Venezuela, Rep. Bolivariana de",1999,5978.5185,49438.5,95.62110284,96.0885114,88205.0,56.04954368
"Venezuela, Rep. Bolivariana de",2000,5939.4068,49151.0,94.99554588,95.52972731,88205.0,55.72359844
"Venezuela, Rep. Bolivariana de",2001,5916.0962,48986.4,94.6227135,95.20981128,88205.0,55.5369877
"Venezuela, Rep. Bolivariana de",2002,5892.7856,48821.8,94.24988112,94.88989524,88205.0,55.35037696
"Venezuela, Rep. Bolivariana de",2003,5869.475,48657.2,93.87704874,94.5699792,88205.0,55.16376623
"Venezuela, Rep. Bolivariana de",2004,5846.1643,48492.6,93.50421476,94.25006317,88205.0,54.97715549
"Venezuela, Rep. Bolivariana de",2005,5822.8537,48328.0,93.13138238,93.93014713,88205.0,54.79054475
"Venezuela, Rep. Bolivariana de",2006,5799.5431,48163.4,92.75855,93.61023109,88205.0,54.60393402
"Venezuela, Rep. Bolivariana de",2007,5776.2325,47998.8,92.38571762,93.29031506,88205.0,54.41732328
"Venezuela, Rep. Bolivariana de",2008,5752.9218,47834.2,92.01288364,92.97039902,88205.0,54.23071254
"Venezuela, Rep. Bolivariana de",2009,5729.6112,47669.6,91.64005126,92.65048298,88205.0,54.04410181
"Venezuela, Rep. Bolivariana de",2010,5706.3006,47505.0,91.26721888,92.33056695,88205.0,53.85749107
"Venezuela, Rep. Bolivariana de",2011,5677.2163,47340.6,90.80204129,92.01103963,88205.0,53.67110708
"Venezuela, Rep. Bolivariana de",2012,5648.1319,47176.2,90.3368621,91.69151231,88205.0,53.48472309
"Venezuela, Rep. Bolivariana de",2013,5619.0476,47011.8,89.87168451,91.371985,88205.0,53.2983391
"Venezuela, Rep. Bolivariana de",2014,5589.9633,46847.4,89.40650691,91.05245768,88205.0,53.1119551
"Venezuela, Rep. Bolivariana de",2015,5560.879,46683.0,88.94132932,90.73293036,88205.0,52.92557111
"Venezuela, Rep. Bolivariana de",2016,5543.7677,46543.26,88.66764925,90.46133214,88205.0,52.76714472
"Venezuela, Rep. Bolivariana de",2017,5529.5962,46428.18,88.44098867,90.23766302,88205.0,52.63667593
"Venezuela, Rep. Bolivariana de",2018,5518.3638,46337.76,88.26133639,90.06192299,88205.0,52.53416473
"Venezuela, Rep. Bolivariana de",2019,5510.0698,46272.0,88.12868122,89.93411207,88205.0,52.45961113
"Venezuela, Rep. Bolivariana de",2020,5505.1756,46230.9,88.05040283,89.85423024,88205.0,52.41301514
"Venezuela, Rep. Bolivariana de",2021,,46173.36,,89.74239568,88205.0,52.34778074
"Venezuela, Rep. Bolivariana de",2022,,46126.78,,89.65186294,88205.0,52.29497194
Vietnam,1992,350.1345,9857.588,100.0,100.0,32549.0,30.28537897
Vietnam,1993,371.3423,10098.402,106.0570438,102.4429303,32549.0,31.02522965
Vietnam,1994,392.5501,10339.216,112.1140876,104.8858605,32549.0,31.76508034
Vietnam,1995,413.7578,10580.03,118.1711028,107.3287908,32549.0,32.50493103
Vietnam,1996,434.9656,10820.844,124.2281466,109.771721,32549.0,33.24478171
Vietnam,1997,456.1734,11061.658,130.2851904,112.2146513,32549.0,33.9846324
Vietnam,1998,477.3811,11302.472,136.3422056,114.6575816,32549.0,34.72448309
Vietnam,1999,498.5889,11543.286,142.3992494,117.1005118,32549.0,35.46433377
Vietnam,2000,519.7967,11784.1,148.4562932,119.5434421,31106.0,37.88368803
Vietnam,2001,516.2818,11944.496,147.4524219,121.1705744,31109.0,38.39562827
Vietnam,2002,512.7669,12104.892,146.4485505,122.7977067,31055.0,38.97888263
Vietnam,2003,509.252,12265.288,145.4446791,124.424839,31007.0,39.55651305
Vietnam,2004,505.7371,12425.684,144.4408077,126.0519713,31007.0,40.07380269
Vietnam,2005,502.2222,12586.08,143.4369364,127.6791037,31283.7,40.23206974
Vietnam,2006,498.7073,12746.476,142.433065,129.306236,31279.5,40.75025496
Vietnam,2007,495.1924,12906.872,141.4291936,130.9333683,31255.8,41.29432617
Vietnam,2008,491.6775,13067.268,140.4253223,132.5605006,31279.2,41.7762219
Vietnam,2009,488.1627,13227.664,139.4214795,134.1876329,31276.2,42.29306629
Vietnam,2010,484.6478,13388.06,138.4176081,135.8147652,31329.4,42.73321545
Vietnam,2011,492.226,13522.82,140.5819764,137.1818339,31328.4,43.16473232
Vietnam,2012,499.8042,13657.58,142.7463446,138.5489026,31345.7,43.57082471
Vietnam,2013,507.3823,13792.34,144.9106843,139.9159713,31300.733,44.06395211
Vietnam,2014,514.9605,13927.1,147.0750526,141.28304,31337.1,44.44284889
Vietnam,2015,522.5387,14061.86,149.2394209,142.6501087,31338.3,44.87116404
Vietnam,2016,530.5364,14377.68,151.5236002,145.8539351,31338.7,45.87835488
Vietnam,2017,538.8473,14415.39,153.8972309,146.236483,31340.3,45.99633698
Vietnam,2018,542.2641,14491.29,154.8730845,147.0064482,31342.9,46.23468154
Vietnam,2019,542.9192,14567.19,155.060184,147.7764135,31342.9,46.47684165
Vietnam,2020,546.1873,14643.09,155.9935682,148.5463787,31342.9,46.71900175
Vietnam,2021,,14718.99,,149.3163439,31342.9,46.96116186
Vietnam,2022,,14794.89,,150.0863091,31342.9,47.20332196
Wallis and Futuna Islands,1992,0.5685,5.802,100.0,100.0,14.0,41.44285714
Wallis and Futuna Islands,1993,0.5683,5.803,99.9648197,100.0172354,14.0,41.45
Wallis and Futuna Islands,1994,0.568,5.804,99.91204925,100.0344709,14.0,41.45714286
Wallis and Futuna Islands,1995,0.5677,5.805,99.8592788,100.0517063,14.0,41.46428571
Wallis and Futuna Islands,1996,0.5675,5.806,99.8240985,100.0689417,14.0,41.47142857
Wallis and Futuna Islands,1997,0.5672,5.807,99.77132806,100.0861772,14.0,41.47857143
Wallis and Futuna Islands,1998,0.5669,5.808,99.71855761,100.1034126,14.0,41.48571429
Wallis and Futuna Islands,1999,0.5667,5.809,99.68337731,100.1206481,14.0,41.49285714
Wallis and Futuna Islands,2000,0.5664,5.81,99.63060686,100.1378835,14.0,41.5
Wallis and Futuna Islands,2001,0.5662,5.811,99.59542656,100.1551189,14.0,41.50714286
Wallis and Futuna Islands,2002,0.5659,5.812,99.54265611,100.1723544,14.0,41.51428571
Wallis and Futuna Islands,2003,0.5656,5.813,99.48988566,100.1895898,14.0,41.52142857
Wallis and Futuna Islands,2004,0.5654,5.814,99.45470536,100.2068252,14.0,41.52857143
Wallis and Futuna Islands,2005,0.5651,5.815,99.40193492,100.2240607,14.0,41.53571429
Wallis and Futuna Islands,2006,0.5648,5.816,99.34916447,100.2412961,14.0,41.54285714
Wallis and Futuna Islands,2007,0.5646,5.817,99.31398417,100.2585315,14.0,41.55
Wallis and Futuna Islands,2008,0.5643,5.818,99.26121372,100.275767,14.0,41.55714286
Wallis and Futuna Islands,2009,0.564,5.819,99.20844327,100.2930024,14.0,41.56428571
Wallis and Futuna Islands,2010,0.5638,5.82,99.17326297,100.3102378,14.0,41.57142857
Wallis and Futuna Islands,2011,0.5636,5.822,99.13808267,100.3447087,14.0,41.58571429
Wallis and Futuna Islands,2012,0.5634,5.824,99.10290237,100.3791796,14.0,41.6
Wallis and Futuna Islands,2013,0.5632,5.826,99.06772208,100.4136505,14.0,41.61428571
Wallis and Futuna Islands,2014,0.5631,5.828,99.05013193,100.4481213,14.0,41.62857143
Wallis and Futuna Islands,2015,0.5629,5.83,99.01495163,100.4825922,14.0,41.64285714
Wallis and Futuna Islands,2016,0.5629,5.83,99.01495163,100.4825922,14.0,41.64285714
Wallis and Futuna Islands,2017,0.5629,5.83,99.01495163,100.4825922,14.0,41.64285714
Wallis and Futuna Islands,2018,0.5629,5.83,99.01495163,100.4825922,14.0,41.64285714
Wallis and Futuna Islands,2019,0.5629,5.83,99.01495163,100.4825922,14.0,41.64285714
Wallis and Futuna Islands,2020,0.5629,5.83,99.01495163,100.4825922,14.0,41.64285714
Wallis and Futuna Islands,2021,,5.83,,100.4825922,14.0,41.64285714
Wallis and Futuna Islands,2022,,5.83,,100.4825922,14.0,41.64285714
West Bank and Gaza,1992,,9.08,,100.0,602.0,1.508305648
West Bank and Gaza,1993,,9.08,,100.0,602.0,1.508305648
West Bank and Gaza,1994,,9.08,,100.0,602.0,1.508305648
West Bank and Gaza,1995,,9.08,,100.0,602.0,1.508305648
West Bank and Gaza,1996,,9.08,,100.0,602.0,1.508305648
West Bank and Gaza,1997,,9.08,,100.0,602.0,1.508305648
West Bank and Gaza,1998,,9.08,,100.0,602.0,1.508305648
West Bank and Gaza,1999,,9.08,,100.0,602.0,1.508305648
West Bank and Gaza,2000,,9.08,,100.0,602.0,1.508305648
West Bank and Gaza,2001,,9.167,,100.9581498,602.0,1.522757475
West Bank and Gaza,2002,,9.254,,101.9162996,602.0,1.537209302
West Bank and Gaza,2003,,9.341,,102.8744493,602.0,1.55166113
West Bank and Gaza,2004,,9.428,,103.8325991,602.0,1.566112957
West Bank and Gaza,2005,,9.515,,104.7907489,602.0,1.580564784
West Bank and Gaza,2006,,9.602,,105.7488987,602.0,1.595016611
West Bank and Gaza,2007,,9.689,,106.7070485,602.0,1.609468439
West Bank and Gaza,2008,,9.776,,107.6651982,602.0,1.623920266
West Bank and Gaza,2009,,9.863,,108.623348,602.0,1.638372093
West Bank and Gaza,2010,,9.95,,109.5814978,602.0,1.65282392
West Bank and Gaza,2011,,9.988,,110.0,602.0,1.659136213
West Bank and Gaza,2012,,10.026,,110.4185022,602.0,1.665448505
West Bank and Gaza,2013,,10.064,,110.8370044,602.0,1.671760797
West Bank and Gaza,2014,,10.102,,111.2555066,602.0,1.67807309
West Bank and Gaza,2015,,10.14,,111.6740088,602.0,1.684385382
West Bank and Gaza,2016,,10.14,,111.6740088,602.0,1.684385382
West Bank and Gaza,2017,,10.14,,111.6740088,602.0,1.684385382
West Bank and Gaza,2018,,10.14,,111.6740088,602.0,1.684385382
West Bank and Gaza,2019,,10.14,,111.6740088,602.0,1.684385382
West Bank and Gaza,2020,,10.14,,111.6740088,602.0,1.684385382
West Bank and Gaza,2021,,10.14,,111.6740088,602.5,1.682987552
West Bank and Gaza,2022,,10.14,,111.6740088,602.5,1.682987552
Western Sahara,1992,14.8175,665.942,100.0,100.0,26600.0,2.503541353
Western Sahara,1993,14.9832,666.363,101.1182723,100.0632187,26600.0,2.50512406
Western Sahara,1994,15.149,666.784,102.2372195,100.1264374,26600.0,2.506706767
Western Sahara,1995,15.3148,667.205,103.3561667,100.1896562,26600.0,2.508289474
Western Sahara,1996,15.4806,667.626,104.4751139,100.2528749,26600.0,2.50987218
Western Sahara,1997,15.6464,668.047,105.5940611,100.3160936,26600.0,2.511454887
Western Sahara,1998,15.8122,668.468,106.7130083,100.3793123,26600.0,2.513037594
Western Sahara,1999,15.978,668.889,107.8319555,100.442531,26600.0,2.514620301
Western Sahara,2000,16.1438,669.31,108.9509026,100.5057497,26600.0,2.516203008
Western Sahara,2001,16.2307,668.89,109.5373714,100.4426812,26600.0,2.51462406
Western Sahara,2002,16.3177,668.47,110.1245149,100.3796126,26600.0,2.513045113
Western Sahara,2003,16.4047,668.05,110.7116585,100.3165441,26600.0,2.511466165
Western Sahara,2004,16.4917,667.63,111.2988021,100.2534755,26600.0,2.509887218
Western Sahara,2005,16.5786,667.21,111.8852708,100.190407,26600.0,2.508308271
Western Sahara,2006,16.6656,666.79,112.4724144,100.1273384,26600.0,2.506729323
Western Sahara,2007,16.7526,666.37,113.059558,100.0642699,26600.0,2.505150376
Western Sahara,2008,16.8396,665.95,113.6467015,100.0012013,26600.0,2.503571429
Western Sahara,2009,16.9265,665.53,114.2331702,99.93813275,26600.0,2.501992481
Western Sahara,2010,17.0135,665.11,114.8203138,99.87506419,26600.0,2.500413534
Western Sahara,2011,17.0513,665.028,115.0754176,99.86275081,26600.0,2.500105263
Western Sahara,2012,17.0891,664.946,115.3305213,99.85043743,26600.0,2.499796992
Western Sahara,2013,17.1269,664.864,115.5856251,99.83812404,26600.0,2.499488722
Western Sahara,2014,17.1647,664.782,115.8407289,99.82581066,26600.0,2.499180451
Western Sahara,2015,17.2024,664.7,116.0951578,99.81349727,26600.0,2.49887218
Western Sahara,2016,17.2263,665.11,116.2564535,99.87506419,26600.0,2.500413534
Western Sahara,2017,17.2423,664.7,116.3644339,99.81349727,26600.0,2.49887218
Western Sahara,2018,17.287,665.14,116.6661043,99.87956909,26600.0,2.500526316
Western Sahara,2019,17.3113,665.05,116.8300995,99.8660544,26600.0,2.50018797
Western Sahara,2020,17.345,665.07,117.0575333,99.86905767,26600.0,2.500263158
Western Sahara,2021,,665.0167,,99.86105397,26600.0,2.500062782
Western Sahara,2022,,665.0122,,99.86037823,26600.0,2.500045865
World,1992,296948.8291,4220756.642,100.0,100.0,,
World,1993,296723.9289,4212918.252,99.92426298,99.81428946,,
World,1994,296499.029,4205079.862,99.84852606,99.62857892,,
World,1995,296274.129,4197241.472,99.7727891,99.44286838,,
World,1996,296049.2285,4189403.083,99.69705198,99.25715784,,
World,1997,295824.3288,4181564.692,99.62131513,99.0714473,,
World,1998,295599.4295,4173726.302,99.54557841,98.88573676,,
World,1999,295374.5288,4165887.912,99.46984122,98.70002621,,
World,2000,295149.629,4158049.522,99.39410433,98.51431567,,
World,2001,295000.1375,4152876.264,99.34376182,98.3917486,,
World,2002,294850.6476,4147703.007,99.29341984,98.26918153,,
World,2003,294701.1574,4142529.749,99.24307777,98.14661446,,
World,2004,294551.6671,4137356.491,99.19273566,98.02404739,,
World,2005,294402.1767,4132183.233,99.14239352,97.90148031,,
World,2006,294252.6864,4127009.975,99.09205141,97.77891324,,
World,2007,294103.1955,4121836.718,99.0417091,97.65634617,,
World,2008,293953.7052,4116663.46,98.99136699,97.5337791,,
World,2009,293804.2152,4111490.202,98.94102499,97.41121203,,
World,2010,293654.725,4106316.944,98.89068291,97.28864495,,
World,2011,293834.6057,4101823.291,98.95125924,97.18217936,,
World,2012,294014.594,4097333.397,99.01187181,97.07580285,,
World,2013,294194.5829,4092843.503,99.07248457,96.96942634,,
World,2014,294374.5721,4088353.61,99.13309744,96.86304983,,
World,2015,294554.5616,4083863.716,99.19371041,96.75667332,,
World,2016,294750.681,4080599.782,99.25975526,96.67934278,,
World,2017,294474.0169,4073753.425,99.16658631,96.5171359,,
World,2018,294450.3036,4068919.514,99.15860066,96.4026088,,
World,2019,294295.808,4063830.76,99.10657297,96.28204383,,
World,2020,294135.6234,4058917.72,99.05262947,96.16564195,,
World,2021,,4053892.727,,96.04658763,,
World,2022,,4048942.374,,95.92930171,,
"Yemen, Rep. of",1992,5.1661,549.0,100.0,100.0,52797.0,1.039831809
"Yemen, Rep. of",1993,5.1661,549.0,100.0,100.0,52797.0,1.039831809
"Yemen, Rep. of",1994,5.1661,549.0,100.0,100.0,52797.0,1.039831809
"Yemen, Rep. of",1995,5.1661,549.0,100.0,100.0,52797.0,1.039831809
"Yemen, Rep. of",1996,5.1661,549.0,100.0,100.0,52797.0,1.039831809
"Yemen, Rep. of",1997,5.1661,549.0,100.0,100.0,52797.0,1.039831809
"Yemen, Rep. of",1998,5.1661,549.0,100.0,100.0,52797.0,1.039831809
"Yemen, Rep. of",1999,5.1661,549.0,100.0,100.0,52797.0,1.039831809
"Yemen, Rep. of",2000,5.1661,549.0,100.0,100.0,52797.0,1.039831809
"Yemen, Rep. of",2001,5.1661,549.0,100.0,100.0,52797.0,1.039831809
"Yemen, Rep. of",2002,5.1661,549.0,100.0,100.0,52797.0,1.039831809
"Yemen, Rep. of",2003,5.1661,549.0,100.0,100.0,52797.0,1.039831809
"Yemen, Rep. of",2004,5.1661,549.0,100.0,100.0,52797.0,1.039831809
"Yemen, Rep. of",2005,5.1661,549.0,100.0,100.0,52797.0,1.039831809
"Yemen, Rep. of",2006,5.1661,549.0,100.0,100.0,52797.0,1.039831809
"Yemen, Rep. of",2007,5.1661,549.0,100.0,100.0,52797.0,1.039831809
"Yemen, Rep. of",2008,5.1661,549.0,100.0,100.0,52797.0,1.039831809
"Yemen, Rep. of",2009,5.1661,549.0,100.0,100.0,52797.0,1.039831809
"Yemen, Rep. of",2010,5.1661,549.0,100.0,100.0,52797.0,1.039831809
"Yemen, Rep. of",2011,5.1661,549.0,100.0,100.0,52797.0,1.039831809
"Yemen, Rep. of",2012,5.1661,549.0,100.0,100.0,52797.0,1.039831809
"Yemen, Rep. of",2013,5.1661,549.0,100.0,100.0,52797.0,1.039831809
"Yemen, Rep. of",2014,5.1661,549.0,100.0,100.0,52797.0,1.039831809
"Yemen, Rep. of",2015,5.1661,549.0,100.0,100.0,52797.0,1.039831809
"Yemen, Rep. of",2016,5.1661,549.0,100.0,100.0,52797.0,1.039831809
"Yemen, Rep. of",2017,5.1661,549.0,100.0,100.0,52797.0,1.039831809
"Yemen, Rep. of",2018,5.1661,549.0,100.0,100.0,52797.0,1.039831809
"Yemen, Rep. of",2019,5.1661,549.0,100.0,100.0,52797.0,1.039831809
"Yemen, Rep. of",2020,5.1661,549.0,100.0,100.0,52797.0,1.039831809
"Yemen, Rep. of",2021,,549.0,,100.0,52797.0,1.039831809
"Yemen, Rep. of",2022,,549.0,,100.0,52797.0,1.039831809
Zambia,1992,1306.595,47340.4,100.0,100.0,74339.0,63.68178211
Zambia,1993,1305.607,47304.6,99.92438361,99.92437749,74339.0,63.63362434
Zambia,1994,1304.6189,47268.8,99.84875956,99.84875497,74339.0,63.58546658
Zambia,1995,1303.6308,47233.0,99.77313552,99.77313246,74339.0,63.53730882
Zambia,1996,1302.6427,47197.2,99.69751147,99.69750995,74339.0,63.48915105
Zambia,1997,1301.6546,47161.4,99.62188742,99.62188744,74339.0,63.44099329
Zambia,1998,1300.6666,47125.6,99.54627103,99.54626492,74339.0,63.39283552
Zambia,1999,1299.6785,47089.8,99.47064699,99.47064241,74339.0,63.34467776
Zambia,2000,1298.6904,47054.0,99.39502294,99.3950199,74339.0,63.29652
Zambia,2001,1297.7023,47018.2,99.3193989,99.31939739,74339.0,63.24836223
Zambia,2002,1296.7142,46982.4,99.24377485,99.24377487,74339.0,63.20020447
Zambia,2003,1295.7262,46946.6,99.16815846,99.16815236,74339.0,63.1520467
Zambia,2004,1294.7381,46910.8,99.09253441,99.09252985,74339.0,63.10388894
Zambia,2005,1293.75,46875.0,99.01691037,99.01690733,74339.0,63.05573118
Zambia,2006,1292.7619,46839.2,98.94128632,98.94128482,74339.0,63.00757341
Zambia,2007,1291.7738,46803.4,98.86566227,98.86566231,74339.0,62.95941565
Zambia,2008,1290.7858,46767.6,98.79004588,98.7900398,74339.0,62.91125789
Zambia,2009,1289.7977,46731.8,98.71442184,98.71441728,74339.0,62.86310012
Zambia,2010,1288.8096,46696.0,98.63879779,98.63879477,74339.0,62.81494236
Zambia,2011,1283.6158,46507.82,98.2412913,98.24129074,74339.0,62.56180471
Zambia,2012,1278.4221,46319.64,97.84379245,97.8437867,74339.0,62.30866705
Zambia,2013,1273.2283,46131.46,97.44628596,97.44628267,74339.0,62.0555294
Zambia,2014,1268.0345,45943.28,97.04877946,97.04877863,74339.0,61.80239175
Zambia,2015,1262.8408,45755.1,96.65128062,96.6512746,74339.0,61.54925409
Zambia,2016,1257.6437,45566.8,96.25352156,96.25351708,74339.0,61.29595502
Zambia,2017,1252.4513,45378.67,95.85612221,95.85611866,74339.0,61.04288462
Zambia,2018,1247.2567,45190.46,95.45855449,95.45855126,74339.0,60.78970661
Zambia,2019,1242.0618,45002.24,95.0609638,95.06096273,74339.0,60.53651515
Zambia,2020,1236.8672,44814.03,94.66339608,94.66339532,74339.0,60.28333714
Zambia,2021,,44625.8133,,94.26581377,74339.0,60.03015012
Zambia,2022,,44437.6011,,93.86824171,74339.0,59.77696915
Zimbabwe,1992,1183.6078,18734.54,100.0,100.0,38685.0,48.42843479
Zimbabwe,1993,1180.771,18688.47,99.76032601,99.75409057,38685.0,48.30934471
Zimbabwe,1994,1177.9343,18642.4,99.52066048,99.50818115,38685.0,48.19025462
Zimbabwe,1995,1175.0975,18596.33,99.28098649,99.26227172,38685.0,48.07116453
Zimbabwe,1996,1172.2607,18550.26,99.0413125,99.01636229,38685.0,47.95207445
Zimbabwe,1997,1169.4239,18504.19,98.80163852,98.77045286,38685.0,47.83298436
Zimbabwe,1998,1166.5872,18458.12,98.56197298,98.52454344,38685.0,47.71389427
Zimbabwe,1999,1163.7504,18412.05,98.32229899,98.27863401,38685.0,47.59480419
Zimbabwe,2000,1160.9136,18365.98,98.082625,98.03272458,38685.0,47.4757141
Zimbabwe,2001,1157.9299,18319.91,97.83053981,97.78681516,38685.0,47.35662401
Zimbabwe,2002,1154.9462,18273.84,97.57845462,97.54090573,38685.0,47.23753393
Zimbabwe,2003,1151.9625,18227.77,97.32636943,97.2949963,38685.0,47.11844384
Zimbabwe,2004,1148.9788,18181.7,97.07428424,97.04908687,38685.0,46.99935375
Zimbabwe,2005,1145.9951,18135.63,96.82219904,96.80317745,38685.0,46.88026367
Zimbabwe,2006,1143.0114,18089.56,96.57011385,96.55726802,38685.0,46.76117358
Zimbabwe,2007,1140.0277,18043.49,96.31802866,96.31135859,38685.0,46.64208349
Zimbabwe,2008,1137.0439,17997.42,96.06593502,96.06544917,38685.0,46.52299341
Zimbabwe,2009,1134.0602,17951.35,95.81384982,95.81953974,38685.0,46.40390332
Zimbabwe,2010,1131.0765,17905.28,95.56176463,95.57363031,38685.0,46.28481324
Zimbabwe,2011,1127.9895,17859.21,95.30095189,95.32772088,38685.0,46.16572315
Zimbabwe,2012,1124.9026,17813.14,95.04014759,95.08181146,38685.0,46.04663306
Zimbabwe,2013,1121.8156,17767.07,94.77933484,94.83590203,38685.0,45.92754298
Zimbabwe,2014,1118.7286,17721.0,94.5185221,94.5899926,38685.0,45.80845289
Zimbabwe,2015,1115.6416,17674.93,94.25770935,94.34408317,38685.0,45.6893628
Zimbabwe,2016,1114.8491,17628.86,94.19075305,94.09817375,38685.0,45.57027272
Zimbabwe,2017,1004.8564,17582.79,84.89775076,93.85226432,38685.0,45.45118263
Zimbabwe,2018,1002.2235,17536.72,84.67530376,93.60635489,38685.0,45.33209254
Zimbabwe,2019,999.5906,17490.65,84.45285677,93.36044547,38685.0,45.21300246
Zimbabwe,2020,996.7833,17444.58,84.21567516,93.11453604,38685.0,45.09391237
Zimbabwe,2021,,17398.51,,92.86862661,38685.0,44.97482228
Zimbabwe,2022,,17352.44,,92.62271718,38685.0,44.8557322
