Year,Country,Artificial surfaces (including urban and associated areas): Climate altering,Climate Altering Land Cover Index: Climate altering,Grassland: Climate regulating,Herbaceous crops: Climate altering,Inland water bodies: Climate regulating,Mangroves: Climate regulating,Permanent snow and glaciers: Climate regulating,Shrub-covered areas: Climate regulating,"Shrubs and/or herbaceous vegetation, aquatic or regularly flooded: Climate regulating",Sparsely natural vegetated areas: Climate neutral,Terrestrial barren land: Climate neutral,Total Land Cover: Climate altering,Total Land Cover: Climate neutral,Total Land Cover: Climate regulating,Tree-covered areas: Climate regulating,Woody crops: Climate regulating
1992,"Afghanistan, Islamic Rep. of",25.32,98.59218778,24035.39,5763.35,261.23,0.0,317.57,3350.55,5.82,4275.26,24963.0,,,,1263.7,87.43
1992,Africa,,91.83208096,,,,,,,,,,290073.32,890573.61,1419131.0,,
1992,Albania,12.83,95.19283024,401.78,985.6,55.67,0.0,0.0,323.11,6.5,32.98,52.04,,,,786.8,213.15
1992,Algeria,79.55,94.06172189,826.89,8368.58,165.53,0.0,0.0,2063.4,2.08,9113.08,208988.93,,,,1534.52,588.74
1992,American Samoa,0.01,100.3331252,1.48,2.61,1.36,0.16,0.0,1.05,0.0,0.02,0.0,,,,8.21,5.17
1992,Americas,,93.01466777,,,,,,,,,,446690.71,308022.54,3192836.41,,
1992,"Andorra, Principality of",0.17,85.43666419,10.46,0.3,0.0,0.0,0.0,0.8,0.0,5.16,2.3,,,,28.3,0.3
1992,Angola,24.32,93.67627954,17906.34,5316.14,224.48,19.75,0.0,23404.35,720.91,47.31,2666.46,,,,74739.66,354.41
1992,Anguilla,0.05,74.90660025,4.81,0.04,1.22,0.05,0.0,0.12,0.91,0.0,0.02,,,,0.77,0.04
1992,Antigua and Barbuda,0.54,84.3902439,14.19,1.19,6.86,0.5,0.0,0.93,4.09,0.02,0.0,,,,17.42,0.3
1992,Argentina,306.72,92.17860947,14600.69,49504.82,4362.56,0.0,685.92,95921.21,8501.96,46863.31,12508.7,,,,43495.57,1885.19
1992,"Armenia, Rep. of",27.52,94.6338004,655.84,812.39,128.59,0.0,0.0,431.79,1.31,45.55,46.28,,,,701.21,115.23
1992,"Aruba, Kingdom of the Netherlands",0.13,31.98118843,2.98,0.57,0.77,0.02,0.0,11.41,0.25,1.18,0.0,,,,0.16,0.57
1992,Asia,,100.7925978,,,,,,,,,,681912.57,986004.97,1452553.55,,
1992,Australia,576.07,94.78522811,128486.4,50527.73,1490.63,2526.35,0.0,184454.52,10077.1,279546.0,36965.3,,,,76753.54,554.29
1992,Austria,79.96,95.91983402,1433.76,1685.97,67.5,0.0,34.13,297.88,12.84,111.11,195.13,,,,4391.69,82.19
1992,"Azerbaijan, Rep. of",32.16,91.46675899,944.2,3323.17,8013.19,0.0,0.0,978.31,3.35,907.87,459.69,,,,1229.54,604.97
1992,"Bahamas, The",6.11,93.38485058,155.49,12.95,287.08,79.37,0.0,34.94,272.85,3.46,1.57,,,,396.46,3.7
1992,"Bahrain, Kingdom of",10.67,68.97361934,1.52,0.64,6.29,0.0,0.0,0.18,0.04,2.23,42.43,,,,2.3,1.28
1992,Bangladesh,15.76,108.5046031,954.47,9365.24,1221.34,422.56,0.0,881.99,35.97,0.59,7.13,,,,763.98,369.87
1992,Barbados,3.06,103.294232,4.07,25.24,0.95,0.0,0.0,1.5,0.29,0.04,0.0,,,,6.98,1.58
1992,"Belarus, Rep. of",56.97,98.10276147,1294.84,9702.95,206.97,0.0,0.0,527.61,40.19,1.27,0.17,,,,8603.94,282.29
1992,Belgium,0.0,,0.0,0.0,0.0,0.0,0.0,0.0,0.0,0.0,0.0,,,,0.0,0.0
1992,Belize,0.44,59.21775676,62.88,66.05,65.0,48.07,0.0,81.58,14.63,0.02,0.64,,,,1820.63,36.56
1992,Benin,14.15,105.1706012,419.53,3260.96,23.79,6.78,0.0,4174.21,2.32,0.08,1.05,,,,3463.6,230.07
1992,Bermuda,0.19,100.0,0.04,0.08,3.05,0.0,0.0,0.01,0.74,1.99,0.0,,,,0.05,0.08
1992,Bhutan,0.03,91.71964399,542.93,57.68,1.13,0.0,104.63,256.97,0.05,4.78,6.43,,,,2799.18,8.12
1992,Bolivia,52.67,58.35780788,10779.86,3176.95,1096.07,0.0,85.87,10909.5,2682.49,7467.25,8702.86,,,,63836.68,267.45
1992,Bosnia and Herzegovina,17.3,85.4112536,676.77,1005.03,23.41,0.0,0.0,243.92,6.0,3.15,1.11,,,,2961.83,177.36
1992,Botswana,13.2,89.95434847,4047.37,2653.57,41.45,0.0,0.0,45588.96,757.71,54.67,917.91,,,,4051.51,10.61
1992,Brazil,998.78,84.83648561,63033.68,122419.82,10471.2,652.62,0.0,148715.26,12777.9,179.99,451.75,,,,470206.64,23882.62
1992,British Virgin Islands,0.49,37.88182157,1.42,0.04,3.19,1.32,0.0,0.05,2.5,0.03,0.0,,,,6.28,0.02
1992,Brunei Darussalam,1.08,115.511085,10.33,27.29,11.59,18.57,0.0,7.47,0.0,0.21,0.0,,,,490.27,27.29
1992,Bulgaria,105.51,98.06137403,788.75,5208.24,117.6,0.0,0.0,376.16,10.37,12.62,61.91,,,,4091.84,364.2
1992,Burkina Faso,12.86,99.43023437,5845.93,15471.48,93.87,0.0,0.0,4261.11,26.09,86.15,88.01,,,,1296.94,313.46
1992,Burundi,2.11,90.34219242,458.8,1009.84,199.82,0.0,0.0,278.53,23.51,0.0,0.0,,,,329.16,401.76
1992,Cabo Verde,2.23,100.1864697,49.6,19.84,36.01,0.0,0.0,142.77,2.83,5.68,140.09,,,,8.48,1.45
1992,Cambodia,4.94,85.63522787,1015.17,5775.56,408.54,42.81,0.0,1471.66,475.73,0.28,1.82,,,,8876.67,179.51
1992,Cameroon,26.19,95.04888832,1654.99,4598.1,370.27,234.3,0.0,2636.1,171.92,0.17,4.87,,,,36220.39,925.79
1992,Canada,544.03,98.38632097,159004.78,51881.94,102942.0,0.0,18314.8,52336.35,11967.9,109590.63,39381.67,,,,436976.11,154.64
1992,Cayman Islands,0.26,65.38039378,0.63,0.95,2.72,8.48,0.0,0.32,0.78,0.04,0.0,,,,9.58,2.39
1992,Central African Rep.,8.46,86.99330581,4998.47,777.42,83.39,0.0,0.0,5098.45,24.11,0.0,0.2,,,,51336.96,37.42
1992,Chad,14.58,93.84026396,15938.89,17570.42,367.22,0.0,0.0,15785.62,668.3,6808.09,63961.84,,,,5969.3,147.21
1992,Chile,99.31,123.4048726,5063.21,2992.98,2737.38,0.0,2797.08,14648.23,118.74,11776.88,14019.7,,,,20916.58,326.28
1992,"China, P.R.: Hong Kong",10.28,117.1769384,10.42,19.19,15.56,1.9,0.0,11.37,0.35,0.04,0.02,,,,36.72,3.2
1992,"China, P.R.: Macao",0.43,73.17073171,0.13,0.17,0.55,0.0,0.0,0.02,0.02,0.0,0.0,,,,0.12,0.17
1992,"China, P.R.: Mainland",2566.64,102.3910363,290056.42,204110.67,12331.3,123.09,6286.23,25587.67,3088.73,21593.35,172421.23,,,,185315.49,12954.14
1992,Colombia,127.17,146.5613031,16617.55,6189.24,1099.41,345.89,6.74,6920.24,2373.43,578.14,23.01,,,,76556.94,3689.35
1992,"Comoros, Union of the",1.22,104.8701299,12.99,8.47,4.46,0.81,0.0,18.87,0.0,0.0,0.0,,,,114.21,4.56
1992,"Congo, Dem. Rep. of the",71.72,87.20081015,7385.5,17612.68,4327.68,246.46,0.0,8539.78,4851.14,5.45,27.24,,,,188241.18,3154.51
1992,"Congo, Rep. of",11.07,108.3900787,2238.42,2625.01,285.78,76.17,0.0,2343.78,99.97,0.26,0.04,,,,26361.87,246.09
1992,Cook Islands,0.01,151.4741045,1.27,2.67,3.52,0.0,0.0,0.86,0.08,1.23,0.0,,,,10.91,4.0
1992,Costa Rica,15.18,127.2592067,332.67,379.73,40.04,32.35,0.0,287.09,3.52,0.0,2.3,,,,3639.46,394.91
1992,"Croatia, Rep. of",34.28,94.87272148,547.18,1912.61,100.07,0.0,0.0,264.3,27.24,31.6,8.93,,,,2552.93,178.32
1992,Cuba,40.72,102.6408911,1261.01,3573.43,419.86,391.96,0.0,454.89,218.79,1.09,0.43,,,,4237.94,499.78
1992,Cyprus,9.31,84.78442475,84.12,213.73,20.14,0.0,0.0,113.35,0.66,136.31,79.94,,,,181.81,95.34
1992,Czech Rep.,0.0,,0.0,0.0,0.0,0.0,0.0,0.0,0.0,0.0,0.0,,,,0.0,0.0
1992,Côte d'Ivoire,62.78,101.1691079,1265.57,5710.6,265.67,11.37,0.0,4349.2,12.92,0.02,0.09,,,,12800.64,7906.99
1992,Denmark,75.32,101.0914247,501.21,2928.15,265.92,0.0,0.0,88.63,56.94,0.95,2.22,,,,505.31,10.38
1992,Djibouti,1.13,80.31709194,69.47,1.4,19.04,0.75,0.0,24.61,93.88,23.6,1943.92,,,,1.82,0.7
1992,Dominica,0.19,74.19354839,0.19,0.04,1.29,3.15,0.0,0.03,0.0,0.26,0.0,,,,69.98,0.11
1992,Dominican Rep.,28.06,102.4530012,826.51,915.94,53.43,17.97,0.0,182.44,213.52,1.96,0.49,,,,2139.56,453.9
1992,Ecuador,45.8,130.5448561,1837.57,1397.42,295.21,188.15,12.45,3024.62,110.56,35.39,348.48,,,,17281.05,1186.9
1992,"Egypt, Arab Rep. of",78.67,105.700071,248.45,3850.57,811.19,2.05,0.0,104.98,1121.07,1212.98,90792.86,,,,24.69,560.96
1992,El Salvador,15.42,97.28820576,100.67,317.45,47.22,39.82,0.0,90.44,1.64,0.0,1.29,,,,1329.69,141.99
1992,Emerging and Developing Countries Asia excluding China,,103.9582463,,,,,,,,,,298707.52,108851.63,587404.28,,
1992,Emerging and Developing Countries Europe,,98.22314779,,,,,,,,,,289588.63,160387.02,1497650.2,,
1992,Emerging and Developing Economies,,97.28131284,,,,,,,,,,1455136.96,2152888.19,6012520.29,,
1992,"Equatorial Guinea, Rep. of",1.01,25.34901136,23.05,29.85,19.3,40.32,0.0,13.25,0.88,0.0,0.0,,,,2440.24,149.23
1992,"Eritrea, The State of",0.0,,0.0,0.0,0.0,0.0,0.0,0.0,0.0,0.0,0.0,,,,0.0,0.0
1992,"Estonia, Rep. of",12.44,78.86785867,313.73,786.7,254.25,0.0,0.0,120.89,179.89,3.03,0.56,,,,2841.01,8.47
1992,"Eswatini, Kingdom of",1.81,83.03330417,245.31,444.22,5.89,0.0,0.0,187.22,8.63,0.23,22.96,,,,790.31,29.78
1992,"Ethiopia, The Federal Dem. Rep. of",0.0,,0.0,0.0,0.0,0.0,0.0,0.0,0.0,0.0,0.0,,,,0.0,0.0
1992,Europe,,96.79913794,,,,,,,,,,359372.42,177427.75,1721081.84,,
1992,Falkland Islands (Malvinas),0.01,739.9877352,1034.38,0.36,65.36,0.0,0.0,35.29,0.02,7.96,8.22,,,,54.75,0.36
1992,Faroe Islands,0.0,100.0,98.1,1.27,5.87,0.0,0.0,12.06,2.46,6.68,0.51,,,,10.59,1.27
1992,"Fiji, Rep. of",1.77,130.9293952,62.13,249.13,61.07,43.78,0.0,40.37,0.0,4.36,0.0,,,,1246.49,120.64
1992,Finland,32.39,85.23580844,689.73,2136.82,3270.56,0.0,0.0,774.94,3112.13,666.23,15.28,,,,22849.32,1.96
1992,France,648.98,98.32552342,11031.96,24436.27,439.81,0.0,25.03,1370.19,165.12,247.72,207.93,,,,14636.43,1649.36
1992,French Polynesia,0.41,89.09489625,20.33,10.05,86.91,1.84,0.0,13.75,0.0,38.36,0.0,,,,126.38,105.55
1992,Gabon,7.36,84.67106009,645.61,583.23,282.7,223.54,0.0,676.63,28.28,0.05,0.0,,,,23827.9,305.5
1992,"Gambia, The",5.16,96.55093311,49.16,573.76,94.66,136.11,0.0,150.14,4.5,0.0,1.38,,,,95.9,17.71
1992,Georgia,40.64,89.75190716,910.34,1209.99,34.64,0.0,37.86,611.08,9.14,46.8,117.66,,,,3455.4,508.35
1992,Germany,997.31,100.0283425,6366.8,15687.01,459.32,0.0,0.0,859.8,109.87,30.79,12.32,,,,10819.49,329.69
1992,Ghana,78.34,96.18143011,865.74,6172.2,493.52,25.34,0.0,5208.5,73.32,0.53,115.03,,,,7669.28,3350.62
1992,Gibraltar,0.29,92.6916221,0.06,0.03,0.02,0.0,0.0,0.07,0.02,0.0,0.0,,,,0.14,0.03
1992,Greece,82.26,109.3498938,1402.8,3559.25,354.2,0.0,0.0,3052.1,20.69,72.19,269.3,,,,3119.11,1339.69
1992,Greenland,0.05,83.3333372,6118.77,0.0,5544.14,0.0,175240.0,1015.41,104.35,26506.1,680.25,,,,130.92,0.0
1992,Grenada,0.38,58.20976492,1.81,0.08,1.46,0.16,0.0,0.14,0.01,0.0,0.0,,,,27.78,0.38
1992,Guadeloupe,1.68,51.99693674,9.57,21.04,5.85,3.29,0.0,2.17,4.15,0.05,0.02,,,,116.52,6.4
1992,Guam,0.01,146.3414634,48.45,0.59,1.92,0.0,0.0,0.14,0.0,0.02,0.0,,,,0.37,2.97
1992,Guatemala,33.34,91.17956968,924.28,902.93,127.53,31.85,0.0,572.4,22.99,0.0,1.95,,,,8017.45,336.86
1992,Guinea,18.66,100.8083813,802.17,2895.82,92.41,239.55,0.0,4002.39,1.53,0.0,1.3,,,,15831.22,567.81
1992,Guinea-Bissau,1.42,107.6602513,103.52,320.58,50.8,266.83,0.0,178.61,1.33,0.03,1.6,,,,2004.99,150.03
1992,Guyana,7.4,58.87578006,232.08,101.85,91.01,8.98,0.0,1038.68,107.11,1.66,2.67,,,,19715.26,5.66
1992,Haiti,13.37,95.2517202,1471.77,283.9,42.67,12.46,0.0,52.56,294.17,5.85,0.02,,,,432.38,109.19
1992,Holy See,0.05,100.0,0.01,0.0,0.0,0.0,0.0,0.0,0.0,0.0,0.0,,,,0.01,0.0
1992,Honduras,17.46,124.9330695,1138.8,928.31,126.37,59.86,0.0,732.41,17.28,0.09,0.6,,,,8046.45,208.33
1992,Hungary,132.51,100.3722187,1087.57,5905.95,132.96,0.0,0.0,98.06,54.4,1.87,1.4,,,,1606.26,286.45
1992,Iceland,2.07,65.50632911,3604.29,0.0,333.07,0.0,1102.48,75.27,722.66,2329.68,2006.96,,,,36.94,0.0
1992,India,608.84,103.0033266,25136.35,183466.31,4818.16,323.66,783.16,22728.05,705.64,513.58,1213.25,,,,48969.85,8231.44
1992,Indonesia,712.54,111.2816272,9096.55,24227.74,4045.5,3953.0,0.0,6761.05,0.0,1595.72,0.0,,,,124229.26,15327.73
1992,"Iran, Islamic Rep. of",180.31,93.60928377,6949.1,22329.08,6612.26,0.72,0.0,6851.89,68.99,16506.35,103743.94,,,,3226.2,1734.32
1992,Iraq,56.52,99.04655901,916.62,7990.93,731.56,0.0,0.0,361.47,17.8,974.69,32039.16,,,,245.29,376.93
1992,Ireland,29.99,90.92629667,4832.58,439.58,192.68,0.0,0.0,163.6,857.39,24.79,25.55,,,,398.41,3.36
1992,Isle of Man,0.7,86.15832913,39.75,3.03,1.15,0.0,0.0,2.57,0.0,0.02,0.82,,,,5.82,3.03
1992,Israel,27.67,98.15615743,81.95,392.68,51.62,0.0,0.0,63.34,0.07,85.01,1207.94,,,,70.56,96.19
1992,Italy,496.69,99.13492049,3263.29,10846.33,390.47,0.0,42.31,1303.68,31.71,238.71,901.65,,,,9098.06,3568.75
1992,Jamaica,13.92,62.41352369,69.64,56.94,10.51,8.8,0.0,11.89,6.31,0.19,0.0,,,,883.35,41.87
1992,Japan,900.59,92.50207995,1279.59,6979.97,954.53,2.84,0.0,868.03,70.66,7.69,4.01,,,,25696.48,667.79
1992,Jordan,17.09,104.8243268,39.29,403.55,48.56,0.0,0.0,9.35,0.04,173.85,8122.83,,,,13.7,108.77
1992,"Kazakhstan, Rep. of",123.32,84.45739453,89171.64,39800.1,19375.4,0.0,113.64,20544.34,1186.75,67062.1,38238.92,,,,8077.06,165.76
1992,Kenya,5.05,97.89779195,14236.05,10734.09,1248.18,17.07,0.0,20566.93,892.18,414.04,2877.88,,,,6665.16,973.61
1992,Kiribati,0.02,87.31884058,2.8,2.39,84.16,0.05,0.0,0.29,0.0,9.33,0.0,,,,1.44,44.21
1992,"Korea, Dem. People's Rep. of",46.71,93.93974747,306.01,3323.6,207.43,0.0,0.0,127.16,5.15,54.49,18.58,,,,7910.66,260.11
1992,"Korea, Rep. of",107.45,87.18638107,294.07,3142.6,258.73,0.0,0.0,124.61,5.8,62.34,46.68,,,,5602.91,284.79
1992,Kuwait,8.86,78.06729586,3.65,29.19,16.42,0.0,0.0,4.97,9.97,24.79,1637.41,,,,2.65,7.3
1992,Kyrgyz Rep.,3.64,96.14085085,8751.66,3588.19,718.76,0.0,609.51,839.28,0.0,2005.04,1828.2,,,,1406.69,184.85
1992,Lao People's Dem. Rep.,3.17,88.40549241,1297.17,2575.29,202.9,0.0,0.0,8090.48,89.21,0.0,0.0,,,,10693.78,209.5
1992,Latin America and the Caribbean,,89.31143338,,,,,,,,,,236720.89,122190.01,1672737.83,,
1992,Latvia,15.92,85.89498627,603.84,1457.92,118.05,0.0,0.0,174.38,119.02,0.09,0.2,,,,3931.76,19.0
1992,Lebanon,9.2,110.1458177,59.99,289.97,2.32,0.0,0.0,226.3,0.0,125.06,52.1,,,,48.08,202.98
1992,"Lesotho, Kingdom of",2.61,93.40778149,1437.97,654.0,7.27,0.0,0.0,756.62,0.9,0.16,0.72,,,,187.75,7.88
1992,Liberia,11.5,83.45437282,362.49,2616.57,48.6,28.02,0.0,180.38,3.84,0.0,0.0,,,,5300.06,1121.39
1992,Libya,37.27,96.00084497,143.32,1706.05,61.92,0.0,0.0,203.17,23.93,3847.79,155776.33,,,,163.57,328.99
1992,Liechtenstein,0.1,61.26760563,3.27,0.77,0.07,0.0,0.0,0.56,0.02,0.04,0.15,,,,9.2,0.77
1992,Lithuania,30.14,100.9212896,654.7,3300.52,116.4,0.0,0.0,208.86,30.0,0.62,0.95,,,,2085.56,50.34
1992,Luxembourg,0.0,,0.0,0.0,0.0,0.0,0.0,0.0,0.0,0.0,0.0,,,,0.0,0.0
1992,"Madagascar, Rep. of",20.26,90.69765861,21926.41,3305.91,485.75,140.21,0.0,9070.64,280.51,58.03,328.56,,,,22836.13,701.61
1992,Malawi,10.63,77.20141827,555.79,4187.76,2469.86,0.0,0.0,363.88,211.55,0.34,12.73,,,,3892.34,236.7
1992,Malaysia,113.76,109.8317793,1513.13,859.91,462.41,598.04,0.0,1186.2,0.0,7.86,0.0,,,,23256.99,5197.54
1992,Maldives,0.08,60.26592242,0.33,1.77,106.26,0.02,0.0,0.65,0.0,0.86,0.18,,,,0.42,2.36
1992,Mali,12.83,91.29261714,15285.96,19608.25,411.52,0.0,0.0,10495.8,302.59,4338.75,71473.67,,,,3087.34,815.88
1992,Malta,3.35,96.95052093,1.72,15.53,1.64,0.0,0.0,0.5,0.0,0.35,6.13,,,,1.16,1.29
1992,"Marshall Islands, Rep. of the",0.05,84.21052632,0.15,0.11,161.27,0.0,0.0,0.04,0.0,2.9,0.0,,,,0.13,1.81
1992,Martinique,1.6,71.34302823,3.85,6.74,3.19,1.84,0.0,2.97,0.31,0.0,0.0,,,,83.29,7.58
1992,"Mauritania, Islamic Rep. of",15.76,93.21940143,11798.2,1636.88,74.73,1.98,0.0,763.12,183.5,4406.39,85213.43,,,,255.62,31.18
1992,Mauritius,6.19,79.70482749,14.21,86.32,7.12,1.07,0.0,11.02,0.07,0.03,0.08,,,,70.61,5.39
1992,Mayotte,0.18,80.48780488,2.03,0.15,2.74,1.92,0.0,2.96,0.01,0.0,0.0,,,,28.02,0.31
1992,Mexico,553.07,96.08821583,17509.21,24210.19,1708.41,714.57,0.0,72138.27,144.8,60.95,2781.37,,,,73620.3,2512.88
1992,"Micronesia, Federated States of",3.11,99.81275468,0.9,1.75,48.84,27.2,0.0,0.25,0.0,0.4,0.0,,,,26.11,1.75
1992,Middle East and Central Asia,,87.76549794,,,,,,,,,,163933.25,1288055.29,378408.78,,
1992,"Moldova, Rep. of",72.6,90.81019204,177.7,2227.94,31.66,0.0,0.0,7.45,3.49,0.29,0.09,,,,257.94,598.05
1992,Monaco,0.04,85.58196974,0.06,0.32,0.0,0.0,0.0,0.03,0.0,0.0,0.0,,,,0.02,0.32
1992,Mongolia,30.21,88.30859694,32228.16,5236.19,1491.46,0.0,62.01,2683.46,370.28,35649.22,69043.35,,,,9593.16,3.84
1992,Montenegro,0.0,,0.0,0.0,0.0,0.0,0.0,0.0,0.0,0.0,0.0,,,,0.0,0.0
1992,Montserrat,0.0,96.96923638,0.21,0.31,0.54,0.12,0.0,0.21,0.99,0.43,0.0,,,,7.16,0.31
1992,Morocco,76.1,105.1205076,1275.24,7100.02,71.95,0.0,0.0,2331.63,0.18,8781.45,19693.61,,,,1579.21,621.47
1992,"Mozambique, Rep. of",24.69,83.92686347,3500.87,7909.14,1560.43,489.49,0.0,14744.19,1431.23,40.71,546.56,,,,48399.51,516.79
1992,Myanmar,38.71,103.2062028,4306.72,17100.37,1000.05,388.35,1.57,14932.34,58.74,0.4,0.91,,,,28304.68,905.78
1992,Namibia,34.7,86.55503966,37520.39,1927.27,486.48,0.0,0.0,17783.25,145.37,4840.55,15386.33,,,,4523.26,5.84
1992,"Nauru, Rep. of",0.0,100.0,0.11,0.84,0.18,0.0,0.0,0.02,0.0,0.14,0.0,,,,0.03,0.84
1992,Nepal,10.57,102.3388807,3202.53,2995.87,30.53,0.0,488.22,557.91,2.29,10.3,192.1,,,,7260.73,48.79
1992,New Caledonia,1.38,101.4403792,62.12,165.53,68.97,54.91,0.0,112.56,0.0,92.19,0.0,,,,1200.03,110.35
1992,New Zealand,145.17,124.9959819,13927.5,650.83,684.87,21.62,108.46,2303.28,118.36,162.38,969.65,,,,7895.29,75.66
1992,Nicaragua,12.89,95.66437225,1178.06,1279.73,1027.16,88.11,0.0,821.11,30.89,0.18,2.3,,,,8277.71,198.75
1992,Niger,6.35,99.37794989,15353.91,7633.83,63.16,0.0,0.0,1305.77,183.79,12637.41,80876.73,,,,837.16,7.64
1992,Nigeria,183.77,94.67754198,7826.22,39918.46,929.86,894.26,0.0,16467.53,382.1,45.52,25.27,,,,18954.91,5835.26
1992,Niue,0.03,100.0,0.78,1.31,0.53,0.0,0.0,0.46,0.0,0.0,0.0,,,,19.7,3.66
1992,Norfolk Island,0.0,96.4600906,0.36,1.27,0.33,0.0,0.0,0.09,0.0,0.0,0.05,,,,0.51,1.27
1992,"North Macedonia, Republic of ",13.74,102.6481041,456.84,754.54,50.53,0.0,0.0,142.71,1.14,3.46,10.75,,,,1041.64,69.73
1992,Northern Mariana Islands,0.02,100.0,16.48,9.79,3.45,0.03,0.0,0.53,0.0,0.07,0.02,,,,7.49,9.79
1992,Norway,119.67,82.07070068,3310.29,995.31,2380.19,0.0,3532.34,1508.21,3270.81,6624.43,3615.54,,,,13242.51,5.67
1992,Oceania,,95.02122245,,,,,,,,,,53061.34,318033.43,481405.97,,
1992,Oman,17.0,61.05262169,27.72,113.61,42.69,0.0,0.0,65.1,3.08,1856.24,28674.58,,,,41.08,155.8
1992,Pakistan,40.48,99.11396022,15985.16,24238.18,540.06,8.21,210.93,7276.89,381.1,2651.63,24978.71,,,,2480.17,372.65
1992,"Palau, Rep. of",0.05,70.95207922,1.3,0.39,4.94,4.05,0.0,1.18,0.0,0.09,0.0,,,,30.72,2.59
1992,Panama,10.77,96.45682702,425.34,979.96,124.53,130.94,0.0,377.7,8.8,0.64,4.45,,,,5133.54,313.59
1992,Papua New Guinea,15.08,80.4730141,896.88,790.19,800.89,626.68,0.0,638.62,0.0,367.32,0.88,,,,40069.58,2489.91
1992,Paraguay,25.75,74.64313285,2706.2,4644.32,314.01,0.0,0.0,7049.16,2920.29,2.37,0.54,,,,22284.16,171.64
1992,Peru,126.99,107.6899058,16303.56,2503.25,1103.97,4.9,300.07,10263.67,216.19,6212.38,9488.27,,,,83093.64,261.78
1992,Philippines,75.01,110.3257553,2129.5,7319.32,942.19,544.75,0.0,1404.54,0.0,146.63,0.0,,,,11298.09,5925.48
1992,Pitcairn Islands,0.0,100.0,0.21,1.96,0.44,0.0,0.0,0.0,0.0,0.36,0.0,,,,0.0,1.96
1992,"Poland, Rep. of",277.73,102.0433831,3036.12,16882.31,457.12,0.0,0.0,622.43,91.77,10.88,2.64,,,,9338.46,426.27
1992,Portugal,77.19,120.3958513,1055.32,2451.21,98.26,0.0,0.0,1222.01,14.04,10.78,33.61,,,,3100.53,824.25
1992,Puerto Rico,50.28,87.31662013,84.12,84.71,20.88,5.97,0.0,15.54,16.2,0.09,0.03,,,,548.73,76.56
1992,Qatar,28.57,84.82238158,5.2,21.96,18.31,0.0,0.0,6.23,0.01,17.68,1050.31,,,,7.64,3.66
1992,Romania,261.29,99.72064191,2622.98,11788.04,278.92,0.0,0.0,263.62,300.65,8.8,7.22,,,,7515.75,759.67
1992,Russian Federation,1392.68,98.21251809,153123.11,155440.78,60646.7,0.0,5309.06,118778.55,87681.5,123385.13,31566.89,,,,954389.59,2001.77
1992,Rwanda,1.93,89.10071258,135.88,1202.85,157.37,0.0,0.0,213.0,80.64,0.02,0.0,,,,346.67,416.9
1992,Réunion,3.35,68.03780178,22.86,50.2,7.91,1.09,0.0,14.4,0.16,0.0,3.74,,,,141.12,7.17
1992,Saint Helena,1.4,99.16263523,9.4,0.9,2.08,0.0,0.0,1.25,0.0,18.45,3.18,,,,2.57,0.9
1992,Saint Pierre and Miquelon,0.07,38.88888889,0.6,0.0,3.15,0.0,0.0,9.93,4.67,0.1,0.36,,,,4.71,0.0
1992,Samoa,0.03,66.56685714,28.07,36.9,3.42,0.64,0.0,22.51,0.0,0.02,0.0,,,,122.54,71.63
1992,"San Marino, Rep. of",0.38,59.15361235,0.4,2.15,0.0,0.0,0.0,0.09,0.0,0.0,0.5,,,,0.44,2.15
1992,Saudi Arabia,142.66,92.79449662,194.39,2410.01,178.35,2.35,0.0,443.47,9.02,7193.9,182654.45,,,,117.55,63.39
1992,Senegal,21.07,98.27610693,2267.18,5347.08,299.55,220.24,0.0,7410.08,353.86,43.8,12.69,,,,3681.87,63.24
1992,"Serbia, Rep. of",0.0,,0.0,0.0,0.0,0.0,0.0,0.0,0.0,0.0,0.0,,,,0.0,0.0
1992,Seychelles,0.13,246.1040678,3.07,4.35,11.18,7.53,0.0,2.04,0.0,0.22,0.67,,,,7.21,13.05
1992,Sierra Leone,9.11,86.97098384,579.12,2870.13,47.47,206.46,0.0,459.21,34.07,0.0,4.45,,,,2255.61,738.2
1992,Singapore,8.24,90.20588235,3.6,22.43,5.94,5.39,0.0,1.06,0.0,0.15,0.0,,,,8.58,4.49
1992,Slovak Rep.,0.0,,0.0,0.0,0.0,0.0,0.0,0.0,0.0,0.0,0.0,,,,0.0,0.0
1992,"Slovenia, Rep. of",15.91,94.44040607,147.2,360.86,4.44,0.0,0.0,85.52,1.55,2.59,7.52,,,,1341.37,64.95
1992,Solomon Islands,0.62,64.83909416,4.31,4.82,113.85,133.15,0.0,2.83,0.0,0.17,0.0,,,,2558.25,24.08
1992,Somalia,24.86,98.69880229,7789.33,5033.85,94.97,1.34,0.0,37469.65,61.41,5355.0,5512.23,,,,2302.04,98.41
1992,South Africa,258.7,94.02898346,24121.5,12486.82,563.96,46.71,0.0,64384.95,259.99,9393.95,649.04,,,,10009.83,294.08
1992,"South Sudan, Rep. of",0.0,,0.0,0.0,0.0,0.0,0.0,0.0,0.0,0.0,0.0,,,,0.0,0.0
1992,Spain,218.69,103.4194857,7176.24,16690.51,414.35,0.0,0.0,6089.51,49.91,1285.29,488.32,,,,13008.16,5211.05
1992,Sri Lanka,45.32,78.84297689,421.88,1254.3,183.86,18.91,0.0,1088.63,0.02,7.26,1.53,,,,2246.43,1385.97
1992,St. Kitts and Nevis,0.24,75.33974983,2.54,3.56,1.39,0.19,0.0,0.53,0.29,0.0,0.0,,,,16.79,0.89
1992,St. Lucia,0.44,58.04195804,0.96,0.39,1.39,0.64,0.0,0.8,0.1,0.05,0.0,,,,53.73,2.19
1992,St. Vincent and the Grenadines,0.35,79.1216342,1.81,0.75,12.21,0.56,0.0,0.73,0.11,0.0,0.73,,,,33.99,1.32
1992,Sub-Saharan Africa,,95.42735646,,,,,,,,,,259509.36,279389.66,1340576.13,,
1992,Sudan,0.0,,0.0,0.0,0.0,0.0,0.0,0.0,0.0,0.0,0.0,,,,0.0,0.0
1992,Suriname,5.92,36.72536975,33.61,18.26,161.86,73.59,0.0,99.52,74.26,0.0,0.0,,,,14136.05,3.52
1992,Sweden,82.77,80.8863475,2059.75,2814.06,3833.67,0.0,23.79,1143.93,3244.65,1431.66,261.48,,,,29849.94,3.05
1992,Switzerland,66.16,96.64780349,1218.29,560.63,133.55,0.0,97.64,153.11,1.88,108.4,250.62,,,,1502.1,32.11
1992,Syrian Arab Rep.,61.41,102.0667216,461.87,4200.97,124.24,0.0,0.0,229.99,0.3,950.13,11859.97,,,,268.84,694.58
1992,"São Tomé and Príncipe, Dem. Rep. of",0.83,78.73563218,1.78,0.54,2.77,1.07,0.0,1.29,0.02,0.04,0.0,,,,84.39,7.32
1992,Taiwan Province of China,47.54,92.78926775,90.16,765.86,68.89,26.41,0.0,30.15,43.95,4.12,0.0,,,,2294.33,256.84
1992,"Tajikistan, Rep. of",8.58,99.5091194,6714.3,2159.07,137.79,0.0,1085.06,651.53,5.81,489.51,2404.58,,,,250.74,313.82
1992,"Tanzania, United Rep. of",26.8,98.59836354,5572.15,20780.21,6196.73,53.38,0.0,17617.78,4313.2,80.98,222.13,,,,37358.71,2361.39
1992,Thailand,96.74,107.6748759,3964.69,24836.66,868.06,314.65,0.0,5537.46,11.79,30.37,0.24,,,,11371.38,4806.54
1992,"Timor-Leste, Dem. Rep. of",3.6,112.4774901,165.48,558.54,13.43,8.81,0.0,125.66,0.0,2.95,0.0,,,,340.95,279.27
1992,Togo,10.02,97.31873933,272.97,2132.08,13.62,0.78,0.0,1408.61,1.78,0.02,4.46,,,,1774.41,95.99
1992,Tokelau,0.01,100.0,0.0,0.0,1.57,0.0,0.0,0.0,0.0,0.0,0.0,,,,0.0,0.0
1992,Tonga,0.07,88.58022201,4.03,13.1,9.32,1.04,0.0,2.6,0.0,0.16,0.0,,,,29.94,9.83
1992,Trinidad and Tobago,5.03,86.88643208,26.01,39.7,7.18,2.49,0.0,15.74,1.72,0.1,0.0,,,,384.54,34.74
1992,Tunisia,51.11,106.5215531,269.77,2502.16,165.36,0.0,0.0,131.87,0.35,1884.68,8637.67,,,,294.99,1697.65
1992,Turkmenistan,6.8,92.76600094,1407.8,3849.18,9057.62,0.0,0.0,6745.62,1.46,1164.16,33114.62,,,,71.03,163.08
1992,Turks and Caicos Islands,0.06,79.47921139,7.4,0.83,6.58,3.06,0.0,1.05,16.85,0.04,0.0,,,,16.54,0.83
1992,Tuvalu,0.01,100.0,0.1,0.45,3.47,0.0,0.0,0.05,0.0,0.09,0.0,,,,0.08,0.45
1992,"Türkiye, Rep. of",283.21,101.6967149,14173.06,31384.61,1357.47,0.0,0.0,6632.93,205.52,3419.86,1602.18,,,,15317.59,3856.18
1992,Uganda,14.89,94.05094707,1731.55,7421.59,3734.66,0.0,0.0,3012.03,377.03,0.0,0.15,,,,5217.66,2797.82
1992,Ukraine,773.12,100.9860527,4333.26,42956.26,1410.45,0.0,0.0,577.62,49.28,111.0,48.78,,,,8328.51,1408.61
1992,United Arab Emirates,80.22,69.2619104,24.94,146.62,28.6,1.6,0.0,9.68,0.95,340.71,6367.14,,,,30.16,119.61
1992,United Kingdom,661.82,96.53303905,11867.67,6546.08,461.28,0.0,0.0,765.93,1461.98,499.17,64.77,,,,1984.7,63.92
1992,United States,6032.81,97.31036971,199900.32,151507.74,18850.6,192.17,6536.75,202541.92,12527.3,18636.24,18221.44,,,,296011.11,1728.41
1992,United States Virgin Islands,2.04,105.5482166,3.24,5.95,4.05,0.96,0.0,0.39,2.21,0.0,0.0,,,,15.72,1.49
1992,Uruguay,24.39,103.2028741,11568.19,2819.52,423.54,0.0,0.0,817.01,287.79,1.1,3.24,,,,1785.73,100.14
1992,"Uzbekistan, Rep. of",47.94,100.6220277,3252.96,7802.99,2361.25,0.0,37.42,4421.32,67.21,2254.75,23901.36,,,,251.32,662.75
1992,Vanuatu,0.28,668.4306569,33.6,36.35,41.2,18.21,0.0,19.51,0.0,0.68,2.33,,,,895.91,181.74
1992,"Venezuela, Rep. Bolivariana de",126.67,97.3207681,18067.62,7868.9,1307.28,315.68,0.05,7399.07,1905.75,546.52,103.1,,,,51867.7,2302.28
1992,Vietnam,73.33,124.7139298,1851.38,10058.28,771.01,180.87,0.0,5691.63,58.34,6.1,18.71,,,,12058.98,2175.7
1992,Wallis and Futuna Islands,0.03,100.0,1.1,0.72,3.76,0.0,0.0,0.86,0.0,0.0,0.0,,,,4.49,3.6
1992,West Bank and Gaza,8.16,110.6082265,38.58,119.52,19.12,0.0,0.0,31.01,0.0,119.75,123.22,,,,31.51,133.31
1992,Western Sahara,0.68,79.54105002,0.46,3.48,16.24,0.0,0.0,0.0,0.0,19.77,26935.38,,,,0.14,3.48
1992,"Yemen, Rep. of",6.05,110.1777171,180.75,1783.51,123.41,0.13,0.0,1662.52,0.9,5253.06,36009.67,,,,453.43,133.31
1992,Zambia,26.06,89.08304162,3170.36,7404.79,1398.36,0.0,0.0,13019.98,2739.5,0.0,3.81,,,,47745.5,55.96
1992,Zimbabwe,25.27,93.71690782,2938.65,12531.09,437.67,0.0,0.0,11687.48,27.58,17.62,92.75,,,,11097.52,419.1
1993,"Afghanistan, Islamic Rep. of",25.77,98.69925723,24035.41,5769.19,261.23,0.0,317.57,3350.55,5.82,4275.22,24963.0,,,,1263.79,81.11
1993,Africa,,93.78466641,,,,,,,,,,310575.88,904829.68,1510173.47,,
1993,Albania,13.13,95.18043572,401.81,985.17,55.67,0.0,0.0,323.1,6.5,32.98,51.83,,,,786.85,213.42
1993,Algeria,82.36,94.06815527,827.17,8366.35,165.5,0.0,0.0,2063.29,2.08,9112.91,208986.93,,,,1535.03,589.74
1993,American Samoa,0.01,100.0,1.48,2.6,1.36,0.16,0.0,1.05,0.0,0.02,0.0,,,,8.21,5.17
1993,Americas,,93.11428444,,,,,,,,,,447168.91,308013.08,3192365.94,,
1993,"Andorra, Principality of",0.18,87.25446556,10.46,0.3,0.0,0.0,0.0,0.8,0.0,5.16,2.3,,,,28.29,0.3
1993,Angola,24.7,93.68176949,17906.15,5316.07,224.44,19.72,0.0,23404.31,720.91,47.31,2666.46,,,,74739.59,354.4
1993,Anguilla,0.05,74.90660025,4.81,0.04,1.22,0.05,0.0,0.12,0.91,0.0,0.02,,,,0.77,0.04
1993,Antigua and Barbuda,0.56,85.36585366,14.18,1.19,6.86,0.5,0.0,0.93,4.08,0.02,0.0,,,,17.42,0.3
1993,Argentina,314.44,92.19687768,14600.95,49506.97,4362.54,0.0,685.92,95918.17,8501.85,46863.01,12508.5,,,,43496.38,1877.91
1993,"Armenia, Rep. of",27.97,94.92755256,655.87,814.55,128.59,0.0,0.0,431.76,1.31,45.55,45.98,,,,701.27,112.87
1993,"Aruba, Kingdom of the Netherlands",0.13,31.98118843,2.98,0.57,0.77,0.02,0.0,11.41,0.25,1.18,0.0,,,,0.16,0.57
1993,Asia,,100.4081246,,,,,,,,,,679311.37,985991.53,1455167.98,,
1993,Australia,591.6,94.81758334,128486.82,50529.71,1490.45,2525.84,0.0,184444.56,10077.0,279546.0,36965.1,,,,76752.57,549.27
1993,Austria,81.94,95.33701374,1433.73,1673.26,67.48,0.0,34.13,297.83,12.84,111.09,195.13,,,,4391.57,93.16
1993,"Azerbaijan, Rep. of",32.87,91.56396667,944.26,3326.03,8013.19,0.0,0.0,978.29,3.35,907.85,459.06,,,,1229.67,601.9
1993,"Bahamas, The",6.47,93.97354238,155.49,12.71,287.07,79.36,0.0,34.93,272.85,3.44,1.57,,,,396.45,3.63
1993,"Bahrain, Kingdom of",10.71,69.20731707,1.53,0.64,6.29,0.0,0.0,0.18,0.04,2.23,42.39,,,,2.3,1.28
1993,Bangladesh,16.11,108.4546745,954.45,9360.58,1221.34,422.56,0.0,881.98,35.97,0.59,7.13,,,,764.04,374.16
1993,Barbados,3.13,103.4037312,4.06,25.2,0.92,0.0,0.0,1.5,0.29,0.04,0.0,,,,6.99,1.58
1993,"Belarus, Rep. of",58.37,98.6253492,1294.92,9753.55,206.96,0.0,0.0,527.6,40.19,1.26,0.17,,,,8604.1,230.1
1993,Belgium,0.0,,0.0,0.0,0.0,0.0,0.0,0.0,0.0,0.0,0.0,,,,0.0,0.0
1993,Belize,0.44,58.72764481,62.88,65.5,65.0,48.07,0.0,81.58,14.63,0.02,0.64,,,,1820.63,37.12
1993,Benin,14.44,104.9615516,419.52,3254.16,23.79,6.75,0.0,4174.12,2.32,0.07,1.05,,,,3463.65,236.67
1993,Bermuda,0.19,100.0,0.04,0.08,3.05,0.0,0.0,0.01,0.74,1.99,0.0,,,,0.05,0.08
1993,Bhutan,0.03,91.79910998,542.93,57.73,1.13,0.0,104.63,256.97,0.05,4.78,6.43,,,,2799.18,8.07
1993,Bolivia,53.95,59.6204649,10897.84,3245.55,1169.25,0.0,85.87,10941.38,2762.91,7467.0,8702.67,,,,63468.72,262.59
1993,Bosnia and Herzegovina,17.54,86.26275269,676.73,1014.98,23.4,0.0,0.0,243.92,6.0,3.15,1.11,,,,2961.87,167.17
1993,Botswana,13.63,90.07079986,4047.09,2656.59,41.45,0.0,0.0,45588.71,757.71,54.67,917.91,,,,4051.56,7.59
1993,Brazil,1029.43,85.22373964,63205.03,122952.35,11094.9,647.91,0.0,149064.15,13049.2,176.69,451.87,,,,467962.32,24155.1
1993,British Virgin Islands,0.51,39.31132427,1.41,0.04,3.19,1.32,0.0,0.05,2.5,0.03,0.0,,,,6.27,0.02
1993,Brunei Darussalam,1.08,115.511085,10.33,27.29,11.59,18.57,0.0,7.47,0.0,0.21,0.0,,,,490.27,27.29
1993,Bulgaria,107.08,98.89624518,788.84,5251.91,117.59,0.0,0.0,376.11,10.37,12.62,61.34,,,,4092.06,319.28
1993,Burkina Faso,13.35,99.41805003,5845.61,15469.07,93.87,0.0,0.0,4261.05,26.08,86.15,88.01,,,,1296.97,315.7
1993,Burundi,2.12,90.34308518,458.79,1009.84,199.82,0.0,0.0,278.53,23.51,0.0,0.0,,,,329.16,401.76
1993,Cabo Verde,2.23,100.1864697,49.6,19.84,36.01,0.0,0.0,142.77,2.83,5.68,140.09,,,,8.48,1.45
1993,Cambodia,5.02,85.64604245,1015.18,5776.21,408.54,42.81,0.0,1471.66,475.73,0.28,1.82,,,,8876.68,178.76
1993,Cameroon,27.11,95.05425272,1654.92,4597.44,370.25,234.3,0.0,2635.99,171.92,0.17,4.87,,,,36220.45,925.66
1993,Canada,558.87,98.36459209,159005.42,51855.48,102942.0,0.0,18314.8,52333.69,11967.5,109589.63,39380.97,,,,436975.85,169.86
1993,Cayman Islands,0.26,65.40540541,0.63,0.95,2.72,8.48,0.0,0.32,0.77,0.04,0.0,,,,9.58,2.39
1993,Central African Rep.,8.61,86.99773362,4998.46,777.31,83.39,0.0,0.0,5098.42,24.11,0.0,0.2,,,,51336.97,37.41
1993,Chad,14.79,93.79185561,15938.81,17561.14,367.22,0.0,0.0,15785.62,668.3,6808.09,63961.84,,,,5969.34,156.33
1993,Chile,102.1,122.492894,5063.55,2967.34,2737.34,0.0,2797.08,14646.31,118.74,11775.97,14019.3,,,,20917.1,351.6
1993,"China, P.R.: Hong Kong",10.42,117.4444986,10.42,19.12,15.52,1.9,0.0,11.35,0.35,0.04,0.02,,,,36.73,3.19
1993,"China, P.R.: Macao",0.44,73.93104487,0.13,0.17,0.55,0.0,0.0,0.02,0.02,0.0,0.0,,,,0.12,0.17
1993,"China, P.R.: Mainland",2652.02,101.6264314,290028.72,202482.07,12329.5,123.09,6286.23,25583.87,3088.14,21592.15,172419.23,,,,185327.97,14522.62
1993,Colombia,129.68,142.0281194,16618.7,5991.36,1141.01,345.87,6.74,6931.07,2381.72,578.1,23.21,,,,76491.28,3888.34
1993,"Comoros, Union of the",1.22,102.2665514,12.99,8.23,4.46,0.81,0.0,18.87,0.0,0.0,0.0,,,,114.21,4.81
1993,"Congo, Dem. Rep. of the",73.2,87.20651145,7385.28,17612.36,4327.64,246.43,0.0,8539.26,4851.09,5.45,27.22,,,,188241.01,3154.45
1993,"Congo, Rep. of",11.43,108.4957201,2238.27,2627.22,285.78,76.14,0.0,2343.77,99.97,0.26,0.04,,,,26361.83,243.76
1993,Cook Islands,0.01,151.4741045,1.27,2.67,3.52,0.0,0.0,0.86,0.08,1.23,0.0,,,,10.91,4.0
1993,Costa Rica,15.86,119.9151604,332.48,356.26,40.04,32.35,0.0,286.89,3.51,0.0,2.3,,,,3639.35,418.21
1993,"Croatia, Rep. of",34.98,93.45157794,547.2,1882.75,100.04,0.0,0.0,264.29,27.24,31.58,8.93,,,,2553.04,207.42
1993,Cuba,41.55,102.8356206,1260.87,3579.46,419.84,391.96,0.0,454.85,218.78,1.07,0.43,,,,4238.06,493.04
1993,Cyprus,9.7,86.20427029,84.17,217.08,20.14,0.0,0.0,113.35,0.66,136.31,79.56,,,,181.89,91.87
1993,Czech Rep.,130.56,99.52036394,962.05,3630.18,59.35,0.0,0.0,237.09,7.37,4.88,0.53,,,,2759.92,83.89
1993,Côte d'Ivoire,63.89,107.6161331,1265.55,6077.4,265.61,11.35,0.0,4349.07,12.91,0.02,0.09,,,,12800.8,7539.16
1993,Denmark,77.27,101.086148,501.28,2926.05,265.89,0.0,0.0,88.56,56.93,0.94,2.22,,,,505.5,10.4
1993,Djibouti,1.17,81.58692739,69.46,1.4,19.04,0.75,0.0,24.61,93.88,23.6,1943.88,,,,1.83,0.7
1993,Dominica,0.19,74.20341062,0.19,0.04,1.29,3.15,0.0,0.03,0.0,0.26,0.0,,,,69.97,0.11
1993,Dominican Rep.,29.33,102.5202902,826.29,915.29,53.41,17.97,0.0,182.42,213.42,1.95,0.49,,,,2139.63,453.58
1993,Ecuador,47.28,127.588526,1837.0,1363.26,298.75,188.1,12.45,3025.56,110.75,35.37,348.53,,,,17275.85,1220.76
1993,"Egypt, Arab Rep. of",79.93,105.1055294,248.57,3827.21,811.18,2.04,0.0,104.84,1121.05,1212.51,90792.55,,,,24.92,583.7
1993,El Salvador,15.76,97.04269823,100.63,316.27,47.22,39.82,0.0,90.41,1.62,0.0,1.29,,,,1329.59,143.02
1993,Emerging and Developing Countries Asia excluding China,,103.553902,,,,,,,,,,297545.33,108850.15,588566.71,,
1993,Emerging and Developing Countries Europe,,98.21540458,,,,,,,,,,289565.96,160375.74,1497685.22,,
1993,Emerging and Developing Economies,,97.23916293,,,,,,,,,,1473525.95,2167123.87,6105696.14,,
1993,"Equatorial Guinea, Rep. of",1.02,25.84205338,23.05,30.44,19.3,40.32,0.0,13.25,0.88,0.0,0.0,,,,2440.22,148.63
1993,"Eritrea, The State of",6.75,99.69343161,2442.63,1697.71,96.24,7.07,0.0,1699.0,20.02,718.71,5045.02,,,,436.61,6.82
1993,"Estonia, Rep. of",12.66,78.91128267,313.75,786.92,254.25,0.0,0.0,120.89,179.88,3.01,0.56,,,,2840.93,8.12
1993,"Eswatini, Kingdom of",1.83,83.0086252,245.31,444.07,5.89,0.0,0.0,187.21,8.63,0.23,22.96,,,,790.3,29.94
1993,"Ethiopia, The Federal Dem. Rep. of",24.94,102.9331994,11068.52,18850.29,767.31,0.0,0.0,50848.26,251.9,865.75,7633.39,,,,22296.07,1017.92
1993,Europe,,97.82032819,,,,,,,,,,365219.31,177417.07,1728026.21,,
1993,Falkland Islands (Malvinas),0.01,739.9877352,1034.38,0.36,65.36,0.0,0.0,35.29,0.02,7.96,8.22,,,,54.75,0.36
1993,Faroe Islands,0.0,100.0,98.1,1.27,5.87,0.0,0.0,12.06,2.46,6.68,0.51,,,,10.59,1.27
1993,"Fiji, Rep. of",1.77,129.400407,62.13,246.2,61.07,43.78,0.0,40.37,0.0,4.36,0.0,,,,1246.49,123.57
1993,Finland,33.2,85.26027205,689.82,2136.63,3270.56,0.0,0.0,774.93,3112.11,665.99,15.28,,,,22848.83,1.97
1993,France,664.85,98.43266553,11032.29,24447.73,439.7,0.0,25.03,1370.02,164.98,247.2,207.88,,,,14638.01,1621.1
1993,French Polynesia,0.41,89.09489625,20.33,10.05,86.91,1.84,0.0,13.75,0.0,38.36,0.0,,,,126.38,105.55
1993,Gabon,7.61,84.88611045,645.6,584.48,282.7,223.52,0.0,676.52,28.27,0.05,0.0,,,,23827.83,304.22
1993,"Gambia, The",5.24,96.53258756,49.16,573.57,94.66,136.11,0.0,150.14,4.5,0.0,1.38,,,,95.91,17.81
1993,Georgia,41.21,89.8502257,910.31,1210.79,34.64,0.0,37.86,611.0,9.14,46.8,117.57,,,,3455.42,507.16
1993,Germany,1022.82,100.1317023,6365.77,15678.74,459.17,0.0,0.0,858.41,109.86,30.61,12.31,,,,10819.15,315.56
1993,Ghana,80.83,94.46712581,865.7,6058.3,493.5,25.31,0.0,5208.34,73.32,0.53,115.02,,,,7669.67,3461.89
1993,Gibraltar,0.29,92.6916221,0.06,0.03,0.02,0.0,0.0,0.07,0.02,0.0,0.0,,,,0.14,0.03
1993,Greece,83.74,109.0378954,1402.92,3547.38,354.16,0.0,0.0,3052.06,20.69,72.18,268.33,,,,3119.4,1350.73
1993,Greenland,0.05,83.3333372,6118.77,0.0,5544.14,0.0,175240.0,1015.41,104.35,26506.1,680.25,,,,130.92,0.0
1993,Grenada,0.38,58.20976492,1.81,0.08,1.46,0.16,0.0,0.14,0.01,0.0,0.0,,,,27.78,0.38
1993,Guadeloupe,1.73,52.01982272,9.57,21.0,5.85,3.29,0.0,2.17,4.15,0.05,0.02,,,,116.52,6.39
1993,Guam,0.01,146.3414634,48.45,0.59,1.92,0.0,0.0,0.14,0.0,0.02,0.0,,,,0.37,2.97
1993,Guatemala,33.92,88.33208419,923.98,873.11,127.53,31.85,0.0,572.27,22.92,0.0,1.95,,,,8017.39,366.65
1993,Guinea,19.22,100.0855571,802.18,2874.36,92.41,239.34,0.0,4002.31,1.53,0.0,1.3,,,,15831.27,588.92
1993,Guinea-Bissau,1.44,110.2604094,103.52,328.34,50.8,266.82,0.0,178.61,1.33,0.03,1.6,,,,2005.0,142.28
1993,Guyana,8.0,75.07551775,247.42,131.31,107.79,8.65,0.0,1072.74,113.17,1.72,2.74,,,,19611.51,7.27
1993,Haiti,13.61,95.30939608,1471.78,283.84,42.67,12.46,0.0,52.55,293.99,5.83,0.02,,,,432.42,109.17
1993,Holy See,0.05,100.0,0.01,0.0,0.0,0.0,0.0,0.0,0.0,0.0,0.0,,,,0.01,0.0
1993,Honduras,17.81,127.7254798,1138.78,949.1,126.37,59.86,0.0,732.39,17.27,0.09,0.6,,,,8046.47,187.23
1993,Hungary,135.9,100.4733894,1087.74,5908.64,132.91,0.0,0.0,98.04,54.38,1.86,1.4,,,,1606.55,280.0
1993,Iceland,2.12,67.08867328,3604.27,0.0,333.07,0.0,1102.48,75.27,722.66,2329.63,2006.96,,,,36.95,0.0
1993,India,623.37,102.7593479,25135.46,183015.32,4817.88,323.55,783.16,22727.29,705.64,513.5,1213.17,,,,48971.7,8667.52
1993,Indonesia,736.16,109.1061956,9098.07,23716.51,4045.07,3952.65,0.0,6760.63,0.0,1594.71,0.0,,,,124232.55,15812.31
1993,"Iran, Islamic Rep. of",184.95,93.75576391,6949.59,22359.77,6612.23,0.72,0.0,6851.82,68.99,16505.97,103739.94,,,,3227.07,1702.91
1993,Iraq,57.59,98.9584449,916.75,7982.71,731.56,0.0,0.0,361.47,17.8,974.69,32038.06,,,,245.51,384.88
1993,Ireland,30.79,91.05977577,4832.05,439.47,192.68,0.0,0.0,163.55,857.38,24.79,25.44,,,,398.53,3.26
1993,Isle of Man,0.71,86.4045046,39.73,3.03,1.15,0.0,0.0,2.57,0.0,0.02,0.82,,,,5.82,3.03
1993,Israel,28.33,98.27433215,82.02,392.52,51.62,0.0,0.0,63.32,0.07,85.01,1207.28,,,,70.68,96.15
1993,Italy,509.84,99.0757197,3264.57,10826.41,390.26,0.0,42.31,1303.46,31.71,238.55,890.84,,,,9100.23,3583.48
1993,Jamaica,14.17,67.63789664,69.65,62.62,10.5,8.8,0.0,11.88,6.29,0.19,0.0,,,,883.31,35.99
1993,Japan,925.96,92.64089745,1281.02,6966.42,954.09,2.84,0.0,867.88,70.66,7.41,4.01,,,,25699.08,652.78
1993,Jordan,18.1,102.1805223,39.39,391.93,48.56,0.0,0.0,9.33,0.04,173.84,8122.12,,,,13.9,119.8
1993,"Kazakhstan, Rep. of",126.57,84.46414292,89170.14,39800.04,19361.1,0.0,113.64,20544.28,1186.75,67061.3,38252.88,,,,8077.63,164.7
1993,Kenya,5.15,97.52693722,14236.04,10693.31,1248.18,17.07,0.0,20566.9,892.18,414.04,2877.85,,,,6665.15,1014.38
1993,Kiribati,0.02,92.02898551,2.8,2.52,84.16,0.05,0.0,0.29,0.0,9.33,0.0,,,,1.44,44.08
1993,"Korea, Dem. People's Rep. of",47.39,93.2075308,305.97,3296.65,207.38,0.0,0.0,127.11,5.15,54.45,18.43,,,,7910.7,286.67
1993,"Korea, Rep. of",110.52,86.84157148,293.79,3126.67,258.62,0.0,0.0,124.27,5.8,61.96,44.99,,,,5603.18,300.16
1993,Kuwait,9.16,81.06231762,3.69,30.35,16.42,0.0,0.0,4.95,9.96,24.79,1637.12,,,,2.71,6.07
1993,Kyrgyz Rep.,3.69,96.25273497,8751.64,3592.32,718.76,0.0,609.51,839.28,0.0,2005.04,1828.2,,,,1406.7,180.68
1993,Lao People's Dem. Rep.,3.22,88.3032434,1297.18,2572.26,202.9,0.0,0.0,8090.48,89.21,0.0,0.0,,,,10693.79,212.48
1993,Latin America and the Caribbean,,89.49414062,,,,,,,,,,237204.98,122184.25,1672257.98,,
1993,Latvia,16.32,85.80725037,603.86,1456.01,118.05,0.0,0.0,174.36,118.99,0.09,0.2,,,,3931.57,20.71
1993,Lebanon,9.38,110.2021281,60.01,289.94,2.32,0.0,0.0,226.28,0.0,125.05,51.94,,,,48.11,202.96
1993,"Lesotho, Kingdom of",2.64,93.40463068,1437.96,653.95,7.27,0.0,0.0,756.61,0.9,0.16,0.72,,,,187.75,7.93
1993,Liberia,11.81,83.46311925,362.46,2616.53,48.57,27.92,0.0,180.31,3.82,0.0,0.0,,,,5300.04,1121.37
1993,Libya,38.16,96.01994122,143.4,1705.51,61.9,0.0,0.0,203.17,23.93,3847.61,155776.33,,,,163.74,328.89
1993,Liechtenstein,0.1,61.26760563,3.27,0.77,0.07,0.0,0.0,0.56,0.02,0.04,0.15,,,,9.2,0.77
1993,Lithuania,30.92,100.8576665,654.73,3297.63,116.4,0.0,0.0,208.83,30.0,0.62,0.95,,,,2085.52,52.47
1993,Luxembourg,0.0,,0.0,0.0,0.0,0.0,0.0,0.0,0.0,0.0,0.0,,,,0.0,0.0
1993,"Madagascar, Rep. of",20.61,91.36337607,21926.21,3329.97,485.75,140.21,0.0,9070.57,280.51,58.03,328.55,,,,22836.06,677.48
1993,Malawi,10.72,77.20283475,555.78,4187.74,2469.85,0.0,0.0,363.85,211.54,0.34,12.73,,,,3892.31,236.7
1993,Malaysia,116.79,107.73924,1513.33,838.33,462.37,597.98,0.0,1186.18,0.0,7.86,0.0,,,,23257.47,5215.55
1993,Maldives,0.08,60.26592242,0.33,1.77,106.26,0.02,0.0,0.65,0.0,0.86,0.18,,,,0.42,2.36
1993,Mali,13.05,92.08206884,15285.82,19777.67,411.52,0.0,0.0,10495.74,302.59,4338.75,71473.57,,,,3087.34,646.33
1993,Malta,3.53,97.66943369,1.74,15.49,1.62,0.0,0.0,0.49,0.0,0.35,5.96,,,,1.2,1.29
1993,"Marshall Islands, Rep. of the",0.05,84.21052632,0.15,0.11,161.27,0.0,0.0,0.04,0.0,2.9,0.0,,,,0.13,1.81
1993,Martinique,1.68,71.68520103,3.86,6.7,3.17,1.84,0.0,2.97,0.31,0.0,0.0,,,,83.3,7.54
1993,"Mauritania, Islamic Rep. of",16.18,93.07101705,11798.24,1633.83,74.72,1.98,0.0,763.07,183.42,4406.35,85213.23,,,,255.69,34.12
1993,Mauritius,6.19,79.61005362,14.21,86.21,7.12,1.07,0.0,11.02,0.07,0.03,0.08,,,,70.61,5.5
1993,Mayotte,0.18,80.48780488,2.03,0.15,2.74,1.92,0.0,2.96,0.01,0.0,0.0,,,,28.02,0.31
1993,Mexico,569.38,96.30865467,17509.91,24250.68,1708.38,714.55,0.0,72125.83,144.69,60.84,2781.3,,,,73622.52,2465.86
1993,"Micronesia, Federated States of",3.11,99.81275468,0.9,1.75,48.84,27.2,0.0,0.25,0.0,0.4,0.0,,,,26.11,1.75
1993,Middle East and Central Asia,,87.83104095,,,,,,,,,,164055.76,1288050.99,378291.52,,
1993,"Moldova, Rep. of",73.79,91.61887906,177.78,2247.23,31.65,0.0,0.0,7.44,3.49,0.29,0.09,,,,258.17,577.27
1993,Monaco,0.05,86.67917448,0.06,0.31,0.0,0.0,0.0,0.03,0.0,0.0,0.0,,,,0.02,0.31
1993,Mongolia,30.93,88.31886513,32227.64,5236.08,1491.45,0.0,62.01,2683.45,370.28,35649.12,69043.15,,,,9593.29,3.87
1993,Montenegro,0.0,,0.0,0.0,0.0,0.0,0.0,0.0,0.0,0.0,0.0,,,,0.0,0.0
1993,Montserrat,0.0,96.96923638,0.21,0.31,0.54,0.12,0.0,0.21,0.99,0.43,0.0,,,,7.16,0.31
1993,Morocco,78.18,104.8756731,1275.44,7081.24,71.92,0.0,0.0,2331.6,0.18,8781.31,19692.51,,,,1579.6,638.96
1993,"Mozambique, Rep. of",25.13,83.93089361,3500.75,7909.09,1560.41,489.48,0.0,14744.07,1431.23,40.71,546.55,,,,48399.49,516.79
1993,Myanmar,39.65,103.1995789,4306.74,17098.33,1000.02,388.35,1.57,14932.31,58.74,0.4,0.91,,,,28304.83,906.77
1993,Namibia,35.72,86.60671871,37519.94,1927.42,486.48,0.0,0.0,17783.06,145.37,4840.53,15385.98,,,,4523.36,5.52
1993,"Nauru, Rep. of",0.0,100.0,0.11,0.84,0.18,0.0,0.0,0.02,0.0,0.14,0.0,,,,0.03,0.84
1993,Nepal,10.71,101.9600856,3202.5,2984.6,30.53,0.0,488.22,557.9,2.29,10.3,192.1,,,,7260.75,59.93
1993,New Caledonia,1.38,96.64571002,62.12,157.64,68.97,54.91,0.0,112.56,0.0,92.19,0.0,,,,1200.03,118.23
1993,New Zealand,149.08,125.9066636,13924.2,652.72,684.77,21.61,108.46,2303.16,118.35,162.36,969.15,,,,7895.74,73.49
1993,Nicaragua,13.32,95.652605,1178.06,1279.14,1027.16,88.11,0.0,821.08,30.86,0.18,2.3,,,,8277.69,198.98
1993,Niger,6.5,99.37219326,15353.8,7633.24,63.16,0.0,0.0,1305.75,183.79,12637.4,80876.73,,,,837.19,8.23
1993,Nigeria,188.56,93.60297308,7825.32,39458.51,929.8,893.5,0.0,16466.7,382.1,45.52,25.27,,,,18955.47,6292.39
1993,Niue,0.03,100.0,0.78,1.31,0.53,0.0,0.0,0.46,0.0,0.0,0.0,,,,19.7,3.66
1993,Norfolk Island,0.0,96.4600906,0.36,1.27,0.33,0.0,0.0,0.09,0.0,0.0,0.05,,,,0.51,1.27
1993,"North Macedonia, Republic of ",14.11,103.0057679,456.84,756.85,50.53,0.0,0.0,142.71,1.14,3.46,10.63,,,,1041.71,67.11
1993,Northern Mariana Islands,0.02,100.0,16.48,9.79,3.45,0.03,0.0,0.53,0.0,0.07,0.02,,,,7.49,9.79
1993,Norway,123.89,82.26430927,3310.47,993.72,2380.07,0.0,3532.34,1508.0,3270.37,6624.02,3615.52,,,,13240.95,5.61
1993,Oceania,,95.02291967,,,,,,,,,,53062.35,318032.7,481406.69,,
1993,Oman,17.81,59.03811736,27.82,108.49,42.69,0.0,0.0,65.1,3.08,1856.24,28673.48,,,,41.24,160.86
1993,Pakistan,41.24,98.93701207,15985.06,24194.06,540.06,8.21,210.93,7276.76,381.08,2651.59,24978.71,,,,2480.25,416.17
1993,"Palau, Rep. of",0.05,70.95207922,1.3,0.39,4.94,4.05,0.0,1.18,0.0,0.09,0.0,,,,30.72,2.59
1993,Panama,11.24,96.48603482,425.21,979.79,124.52,130.94,0.0,377.64,8.76,0.64,4.45,,,,5133.54,313.53
1993,Papua New Guinea,15.28,78.58329867,896.9,771.08,800.88,626.67,0.0,638.61,0.0,367.31,0.88,,,,40069.42,2508.99
1993,Paraguay,26.79,74.64842595,2706.1,4643.61,314.01,0.0,0.0,7048.89,2920.29,2.37,0.54,,,,22284.22,171.61
1993,Peru,128.89,108.6934772,16310.98,2525.86,1228.64,5.01,300.06,10270.4,231.24,6211.93,9487.93,,,,82910.89,266.77
1993,Philippines,76.6,109.8822111,2129.59,7288.0,942.17,544.7,0.0,1404.53,0.0,146.63,0.0,,,,11298.37,5954.91
1993,Pitcairn Islands,0.0,100.0,0.21,1.96,0.44,0.0,0.0,0.0,0.0,0.36,0.0,,,,0.0,1.96
1993,"Poland, Rep. of",284.95,102.036604,3036.26,16873.95,457.11,0.0,0.0,622.04,91.77,10.87,2.64,,,,9337.95,428.19
1993,Portugal,80.3,120.2888475,1055.38,2445.85,98.24,0.0,0.0,1221.8,14.01,10.77,33.54,,,,3100.73,826.57
1993,Puerto Rico,51.61,75.32341527,84.16,64.84,20.86,5.94,0.0,15.49,16.16,0.09,0.03,,,,548.71,95.23
1993,Qatar,28.6,85.27635354,5.2,22.2,18.31,0.0,0.0,6.23,0.01,17.66,1050.28,,,,7.65,3.42
1993,Romania,266.0,99.73524962,2623.16,11785.09,278.91,0.0,0.0,263.61,300.63,8.8,7.21,,,,7516.53,756.99
1993,Russian Federation,1422.42,98.1527942,153122.98,155315.77,60646.2,0.0,5309.06,118776.61,87680.2,123382.09,31566.4,,,,954388.49,2106.64
1993,Rwanda,1.93,88.30011463,135.88,1192.02,157.37,0.0,0.0,213.0,80.64,0.02,0.0,,,,346.67,427.72
1993,Réunion,3.35,66.48509592,22.86,48.98,7.91,1.09,0.0,14.4,0.16,0.0,3.74,,,,141.12,8.4
1993,Saint Helena,1.4,99.16263523,9.4,0.9,2.08,0.0,0.0,1.25,0.0,18.45,3.18,,,,2.57,0.9
1993,Saint Pierre and Miquelon,0.07,38.88888889,0.6,0.0,3.15,0.0,0.0,9.93,4.67,0.1,0.36,,,,4.71,0.0
1993,Samoa,0.03,66.56685714,28.07,36.9,3.42,0.64,0.0,22.51,0.0,0.02,0.0,,,,122.54,71.63
1993,"San Marino, Rep. of",0.38,59.15361235,0.4,2.15,0.0,0.0,0.0,0.09,0.0,0.0,0.5,,,,0.44,2.15
1993,Saudi Arabia,145.72,92.50412596,194.77,2398.96,178.34,2.35,0.0,443.46,9.02,7193.56,182651.21,,,,118.16,73.82
1993,Senegal,21.62,98.29894116,2266.87,5347.78,299.52,220.24,0.0,7409.91,353.81,43.8,12.69,,,,3681.96,62.47
1993,"Serbia, Rep. of",0.0,,0.0,0.0,0.0,0.0,0.0,0.0,0.0,0.0,0.0,,,,0.0,0.0
1993,Seychelles,0.13,246.1040678,3.07,4.35,11.18,7.53,0.0,2.04,0.0,0.22,0.67,,,,7.21,13.05
1993,Sierra Leone,9.3,86.97478992,579.1,2870.07,47.47,206.42,0.0,459.16,34.06,0.0,4.45,,,,2255.62,738.19
1993,Singapore,8.36,90.22094931,3.61,22.31,5.94,5.39,0.0,1.06,0.0,0.15,0.0,,,,8.59,4.46
1993,Slovak Rep.,81.93,98.43370986,383.2,1951.11,31.26,0.0,0.0,101.65,1.9,1.71,3.24,,,,2286.5,61.21
1993,"Slovenia, Rep. of",16.11,94.84099207,147.21,362.26,4.43,0.0,0.0,85.52,1.55,2.57,7.49,,,,1341.38,63.4
1993,Solomon Islands,0.63,64.95805511,4.32,4.82,113.85,133.14,0.0,2.83,0.0,0.17,0.0,,,,2558.25,24.08
1993,Somalia,25.29,98.70642694,7789.27,5033.81,94.88,1.34,0.0,37469.54,61.41,5354.91,5512.19,,,,2302.12,98.32
1993,South Africa,266.0,94.12143015,24120.42,12492.05,563.78,46.71,0.0,64380.27,259.86,9393.9,648.55,,,,10009.54,288.44
1993,"South Sudan, Rep. of",0.0,,0.0,0.0,0.0,0.0,0.0,0.0,0.0,0.0,0.0,,,,0.0,0.0
1993,Spain,224.42,103.4472326,7176.01,16689.33,414.21,0.0,0.0,6089.19,49.83,1284.85,487.98,,,,13008.49,5207.76
1993,Sri Lanka,46.19,77.76190561,421.84,1235.61,183.81,18.91,0.0,1088.45,0.02,7.26,1.53,,,,2246.39,1404.1
1993,St. Kitts and Nevis,0.24,75.33974983,2.54,3.56,1.39,0.19,0.0,0.53,0.29,0.0,0.0,,,,16.79,0.89
1993,St. Lucia,0.44,58.03239594,0.97,0.39,1.39,0.64,0.0,0.8,0.1,0.05,0.0,,,,53.73,2.19
1993,St. Vincent and the Grenadines,0.35,79.84092178,1.81,0.76,12.21,0.56,0.0,0.73,0.11,0.0,0.73,,,,33.99,1.31
1993,Sub-Saharan Africa,,96.50973831,,,,,,,,,,280019.83,293651.36,1431604.57,,
1993,Sudan,0.0,,0.0,0.0,0.0,0.0,0.0,0.0,0.0,0.0,0.0,,,,0.0,0.0
1993,Suriname,6.21,45.97527998,35.55,24.06,172.87,72.37,0.0,107.28,78.81,0.0,0.0,,,,14104.73,4.64
1993,Sweden,85.15,80.92016973,2059.93,2812.89,3833.62,0.0,23.79,1143.89,3244.63,1431.02,261.48,,,,29849.29,3.04
1993,Switzerland,68.11,96.73438716,1218.3,559.24,133.53,0.0,97.64,153.02,1.88,108.4,250.62,,,,1502.11,31.63
1993,Syrian Arab Rep.,62.74,104.562111,461.99,4303.84,124.24,0.0,0.0,229.97,0.3,950.06,11859.17,,,,269.09,590.86
1993,"São Tomé and Príncipe, Dem. Rep. of",0.83,78.73563218,1.78,0.54,2.77,1.07,0.0,1.29,0.02,0.04,0.0,,,,84.39,7.32
1993,Taiwan Province of China,48.47,92.10139058,90.22,758.9,68.89,26.41,0.0,30.14,43.91,4.11,0.0,,,,2294.5,262.7
1993,"Tajikistan, Rep. of",8.61,99.24279219,6714.28,2153.24,137.79,0.0,1085.06,651.53,5.81,489.51,2404.58,,,,250.75,319.64
1993,"Tanzania, United Rep. of",27.46,98.71373022,5571.96,20803.9,6196.72,53.38,0.0,17617.54,4313.2,80.98,222.1,,,,37358.72,2337.52
1993,Thailand,97.34,107.3936535,3964.7,24770.93,868.06,314.63,0.0,5537.46,11.79,30.37,0.24,,,,11371.5,4871.54
1993,"Timor-Leste, Dem. Rep. of",3.67,113.9916769,165.48,566.03,13.43,8.81,0.0,125.65,0.0,2.95,0.0,,,,340.95,271.7
1993,Togo,10.31,97.14575978,272.96,2127.99,13.62,0.78,0.0,1408.5,1.78,0.02,4.46,,,,1774.43,99.91
1993,Tokelau,0.01,100.0,0.0,0.0,1.57,0.0,0.0,0.0,0.0,0.0,0.0,,,,0.0,0.0
1993,Tonga,0.07,88.58022201,4.03,13.1,9.32,1.04,0.0,2.6,0.0,0.16,0.0,,,,29.94,9.83
1993,Trinidad and Tobago,5.09,86.98691874,26.01,39.69,7.18,2.48,0.0,15.71,1.72,0.1,0.0,,,,384.52,34.73
1993,Tunisia,53.1,107.8633263,269.94,2532.33,165.26,0.0,0.0,131.85,0.35,1884.63,8636.87,,,,295.37,1665.9
1993,Turkmenistan,6.93,92.94772017,1407.73,3856.6,9057.62,0.0,0.0,6745.62,1.46,1164.15,33114.52,,,,71.06,155.63
1993,Turks and Caicos Islands,0.06,79.46428571,7.41,0.83,6.58,3.06,0.0,1.05,16.84,0.04,0.0,,,,16.55,0.83
1993,Tuvalu,0.01,100.0,0.1,0.45,3.47,0.0,0.0,0.05,0.0,0.09,0.0,,,,0.08,0.45
1993,"Türkiye, Rep. of",292.59,101.5498151,14173.7,31329.47,1357.31,0.0,0.0,6632.67,205.47,3419.71,1595.63,,,,15317.67,3908.35
1993,Uganda,15.18,93.64935868,1731.53,7389.55,3734.66,0.0,0.0,3011.95,377.03,0.0,0.15,,,,5217.61,2829.73
1993,Ukraine,790.8,101.0099606,4333.95,42948.94,1410.42,0.0,0.0,577.38,49.27,110.92,48.77,,,,8331.07,1395.38
1993,United Arab Emirates,101.49,73.46035236,27.49,139.1,28.37,1.52,0.0,8.73,0.95,338.48,6349.17,,,,33.21,121.71
1993,United Kingdom,681.77,96.62487314,11859.41,6532.99,461.09,0.0,0.0,765.02,1461.34,499.03,63.76,,,,1987.49,65.43
1993,United States,6225.34,97.31383721,199860.53,151320.92,18849.1,191.99,6536.75,202502.81,12523.1,18635.64,18220.04,,,,295999.49,1821.67
1993,United States Virgin Islands,2.27,107.2952847,3.26,5.85,4.02,0.96,0.0,0.38,2.19,0.0,0.0,,,,15.65,1.46
1993,Uruguay,25.15,103.2388003,11568.23,2819.75,423.54,0.0,0.0,816.87,287.79,1.09,3.24,,,,1785.86,99.13
1993,"Uzbekistan, Rep. of",49.28,100.7058764,3252.45,7808.18,2338.95,0.0,37.42,4421.27,67.19,2254.72,23923.56,,,,251.53,656.65
1993,Vanuatu,0.28,657.4870981,33.6,35.75,41.2,18.21,0.0,19.51,0.0,0.68,2.33,,,,895.91,182.33
1993,"Venezuela, Rep. Bolivariana de",130.06,97.30207646,18079.64,7863.97,1316.05,315.53,0.05,7427.77,1918.71,546.86,103.14,,,,51800.13,2308.66
1993,Vietnam,75.35,123.8027512,1851.38,9982.24,770.97,180.85,0.0,5691.61,58.34,6.1,18.71,,,,12059.35,2249.44
1993,Wallis and Futuna Islands,0.03,100.0,1.1,0.72,3.76,0.0,0.0,0.86,0.0,0.0,0.0,,,,4.49,3.6
1993,West Bank and Gaza,8.42,110.7537219,38.6,119.43,19.12,0.0,0.0,31.01,0.0,119.73,123.11,,,,31.56,133.21
1993,Western Sahara,0.74,80.68836643,0.46,3.48,16.24,0.0,0.0,0.0,0.0,19.77,26935.28,,,,0.15,3.48
1993,"Yemen, Rep. of",6.18,111.3462086,180.77,1802.36,123.41,0.13,0.0,1662.52,0.9,5252.92,36009.67,,,,453.45,114.45
1993,Zambia,26.51,89.05606801,3170.27,7402.09,1398.36,0.0,0.0,13019.8,2739.5,0.0,3.8,,,,47745.41,58.58
1993,Zimbabwe,26.26,93.76405152,2938.58,12536.41,437.67,0.0,0.0,11687.01,27.58,17.62,92.73,,,,11097.11,413.74
1994,"Afghanistan, Islamic Rep. of",26.16,98.67689942,24035.44,5767.49,261.23,0.0,317.57,3350.54,5.82,4275.22,24963.0,,,,1263.86,82.36
1994,Africa,,93.71374883,,,,,,,,,,310341.06,904822.89,1510415.34,,
1994,Albania,13.43,95.19216699,401.83,985.0,55.67,0.0,0.0,323.1,6.5,32.98,51.66,,,,786.92,213.39
1994,Algeria,85.62,94.0661813,827.47,8362.92,165.49,0.0,0.0,2063.16,2.08,9112.6,208984.93,,,,1535.61,591.68
1994,American Samoa,0.01,99.95017439,1.48,2.6,1.36,0.16,0.0,1.05,0.0,0.02,0.0,,,,8.21,5.18
1994,Americas,,93.04219078,,,,,,,,,,446822.76,308003.9,3192721.89,,
1994,"Andorra, Principality of",0.19,87.27272727,10.46,0.29,0.0,0.0,0.0,0.8,0.0,5.16,2.3,,,,28.29,0.29
1994,Angola,25.0,93.68646818,17906.06,5316.04,224.44,19.72,0.0,23404.17,720.91,47.31,2666.44,,,,74739.62,354.4
1994,Anguilla,0.05,74.90660025,4.81,0.04,1.22,0.05,0.0,0.12,0.91,0.0,0.02,,,,0.77,0.04
1994,Antigua and Barbuda,0.58,85.83501496,14.17,1.18,6.86,0.5,0.0,0.93,4.08,0.02,0.0,,,,17.43,0.3
1994,Argentina,322.37,92.21452332,14601.18,49508.57,4362.5,0.0,685.92,95915.21,8501.81,46862.81,12508.5,,,,43497.28,1870.46
1994,"Armenia, Rep. of",28.59,94.10537173,655.88,806.63,128.59,0.0,0.0,431.69,1.31,45.54,45.63,,,,701.32,120.53
1994,"Aruba, Kingdom of the Netherlands",0.13,31.98118843,2.98,0.57,0.77,0.02,0.0,11.41,0.25,1.18,0.0,,,,0.16,0.57
1994,Asia,,99.99187811,,,,,,,,,,676495.18,986076.78,1457898.58,,
1994,Australia,606.34,94.80812837,128486.32,50509.82,1490.31,2525.18,0.0,184434.44,10076.9,279546.0,36965.1,,,,76751.56,566.16
1994,Austria,84.0,95.54407496,1433.68,1675.01,67.46,0.0,34.13,297.8,12.83,111.09,195.13,,,,4391.56,89.46
1994,"Azerbaijan, Rep. of",33.39,91.71875386,944.3,3331.18,8013.17,0.0,0.0,978.27,3.35,907.83,458.56,,,,1229.76,596.62
1994,"Bahamas, The",6.73,92.45467908,155.49,12.14,287.07,79.36,0.0,34.92,272.8,3.42,1.57,,,,396.42,4.05
1994,"Bahrain, Kingdom of",10.75,69.4614964,1.53,0.64,6.29,0.0,0.0,0.18,0.04,2.23,42.33,,,,2.31,1.28
1994,Bangladesh,16.35,108.2825278,954.43,9345.45,1221.34,422.56,0.0,881.98,35.97,0.59,7.13,,,,764.08,389.02
1994,Barbados,3.2,103.5369176,4.03,25.16,0.92,0.0,0.0,1.49,0.29,0.04,0.0,,,,7.0,1.57
1994,"Belarus, Rep. of",59.9,98.62147137,1295.0,9751.62,206.95,0.0,0.0,527.59,40.17,1.26,0.17,,,,8604.25,230.28
1994,Belgium,0.0,,0.0,0.0,0.0,0.0,0.0,0.0,0.0,0.0,0.0,,,,0.0,0.0
1994,Belize,0.45,58.72817955,62.88,65.49,65.0,48.07,0.0,81.58,14.62,0.02,0.64,,,,1820.63,37.11
1994,Benin,14.93,103.4754044,419.52,3207.39,23.79,6.74,0.0,4174.0,2.32,0.07,1.05,,,,3463.73,283.0
1994,Bermuda,0.19,100.0,0.04,0.08,3.05,0.0,0.0,0.01,0.74,1.99,0.0,,,,0.05,0.08
1994,Bhutan,0.03,92.11721751,542.93,57.93,1.13,0.0,104.63,256.97,0.05,4.78,6.43,,,,2799.18,7.86
1994,Bolivia,55.01,60.19545439,10897.63,3276.31,1169.25,0.0,85.87,10941.21,2762.9,7466.76,8702.54,,,,63468.79,231.43
1994,Bosnia and Herzegovina,17.86,87.1327894,676.72,1025.08,23.4,0.0,0.0,243.92,6.0,3.15,1.11,,,,2961.88,156.78
1994,Botswana,14.06,90.1135925,4046.86,2657.43,41.45,0.0,0.0,45588.56,757.71,54.67,917.88,,,,4051.59,6.73
1994,Brazil,1056.18,85.1335623,63205.38,122794.48,11094.7,647.91,0.0,149052.67,13048.9,173.73,451.7,,,,467966.0,24297.77
1994,British Virgin Islands,0.53,40.74082697,1.42,0.04,3.18,1.32,0.0,0.05,2.5,0.03,0.0,,,,6.25,0.02
1994,Brunei Darussalam,1.08,115.5130293,10.33,27.29,11.59,18.56,0.0,7.47,0.0,0.21,0.0,,,,490.27,27.29
1994,Bulgaria,109.22,99.52756574,788.98,5283.98,117.58,0.0,0.0,376.06,10.37,12.62,60.76,,,,4092.37,285.26
1994,Burkina Faso,13.67,99.37883557,5845.42,15462.66,93.87,0.0,0.0,4261.0,26.08,86.15,88.01,,,,1296.99,322.04
1994,Burundi,2.14,90.34308518,458.79,1009.82,199.82,0.0,0.0,278.53,23.51,0.0,0.0,,,,329.16,401.76
1994,Cabo Verde,2.23,100.1864697,49.6,19.84,36.01,0.0,0.0,142.77,2.83,5.68,140.09,,,,8.48,1.45
1994,Cambodia,5.2,85.52253636,1015.19,5767.69,408.53,42.81,0.0,1471.66,475.73,0.28,1.82,,,,8876.71,187.06
1994,Cameroon,27.81,95.05743994,1654.93,4596.9,370.24,234.26,0.0,2635.91,171.92,0.17,4.87,,,,36220.57,925.55
1994,Canada,573.25,98.3427419,159006.16,51829.49,102942.0,0.0,18314.8,52331.3,11967.4,109589.63,39380.17,,,,436975.39,185.1
1994,Cayman Islands,0.26,65.40540541,0.63,0.95,2.72,8.48,0.0,0.32,0.77,0.04,0.0,,,,9.58,2.39
1994,Central African Rep.,8.79,87.00667296,4998.46,777.21,83.37,0.0,0.0,5098.41,24.11,0.0,0.2,,,,51336.86,37.41
1994,Chad,15.06,93.79767578,15938.73,17561.98,367.22,0.0,0.0,15785.61,668.3,6808.09,63961.83,,,,5969.38,155.42
1994,Chile,105.1,122.3950888,5063.83,2961.89,2737.27,0.0,2797.08,14644.56,118.74,11774.96,14018.8,,,,20917.65,356.57
1994,"China, P.R.: Hong Kong",10.6,117.6648655,10.42,18.99,15.49,1.9,0.0,11.33,0.35,0.04,0.02,,,,36.74,3.16
1994,"China, P.R.: Macao",0.44,73.93104487,0.13,0.17,0.55,0.0,0.0,0.02,0.02,0.0,0.0,,,,0.12,0.17
1994,"China, P.R.: Mainland",2733.18,101.1431085,290003.79,201425.35,12328.2,123.09,6286.23,25580.39,3087.64,21591.15,172417.23,,,,185339.58,15519.93
1994,Colombia,131.9,138.8137952,16617.35,5850.61,1141.0,345.84,6.74,6930.82,2381.65,578.0,23.2,,,,76491.46,4028.49
1994,"Comoros, Union of the",1.22,100.5350542,12.99,8.07,4.46,0.81,0.0,18.87,0.0,0.0,0.0,,,,114.21,4.97
1994,"Congo, Dem. Rep. of the",74.49,87.21100604,7385.13,17611.98,4327.62,246.43,0.0,8538.81,4851.03,5.45,27.21,,,,188240.84,3154.38
1994,"Congo, Rep. of",11.62,108.2688125,2238.17,2621.51,285.78,76.13,0.0,2343.74,99.97,0.26,0.04,,,,26361.83,249.4
1994,Cook Islands,0.01,151.4741045,1.27,2.67,3.52,0.0,0.0,0.86,0.08,1.23,0.0,,,,10.91,4.0
1994,Costa Rica,16.37,115.6453661,332.26,342.5,40.04,32.35,0.0,286.78,3.51,0.0,2.3,,,,3639.29,431.85
1994,"Croatia, Rep. of",35.61,93.80033125,547.22,1889.27,100.0,0.0,0.0,264.27,27.24,31.55,8.93,,,,2553.14,200.22
1994,Cuba,42.38,103.0319554,1260.65,3585.54,419.84,391.96,0.0,454.8,218.73,1.07,0.43,,,,4238.13,486.37
1994,Cyprus,9.99,86.33063443,84.2,217.12,20.14,0.0,0.0,113.35,0.66,136.31,79.26,,,,181.95,91.74
1994,Czech Rep.,133.15,99.50739709,962.08,3627.1,59.35,0.0,0.0,237.04,7.37,4.87,0.53,,,,2760.13,84.2
1994,Côte d'Ivoire,64.96,107.9684197,1265.55,6096.43,265.61,11.35,0.0,4349.01,12.91,0.02,0.09,,,,12800.97,7518.93
1994,Denmark,79.12,101.0542919,501.36,2923.24,265.88,0.0,0.0,88.5,56.92,0.94,2.22,,,,505.72,11.12
1994,Djibouti,1.17,81.58692739,69.46,1.4,19.04,0.75,0.0,24.61,93.88,23.6,1943.88,,,,1.83,0.7
1994,Dominica,0.19,74.20341062,0.19,0.04,1.29,3.15,0.0,0.03,0.0,0.26,0.0,,,,69.97,0.11
1994,Dominican Rep.,30.19,102.5658731,826.12,914.85,53.41,17.97,0.0,182.41,213.33,1.95,0.49,,,,2139.7,453.36
1994,Ecuador,49.6,129.2549837,1835.78,1379.36,298.69,188.06,12.45,3024.96,110.73,35.37,348.53,,,,17276.0,1204.07
1994,"Egypt, Arab Rep. of",81.24,105.0719139,248.7,3824.65,811.13,2.04,0.0,104.7,1121.01,1212.04,90792.25,,,,25.17,585.56
1994,El Salvador,16.18,96.46984732,100.63,313.89,47.22,39.82,0.0,90.39,1.6,0.0,1.29,,,,1329.49,145.12
1994,Emerging and Developing Countries Asia excluding China,,102.9306479,,,,,,,,,,295754.57,108848.93,590358.89,,
1994,Emerging and Developing Countries Europe,,98.1701198,,,,,,,,,,289432.24,160365.33,1497827.95,,
1994,Emerging and Developing Economies,,96.99888662,,,,,,,,,,1469884.79,2167194.1,6109266.39,,
1994,"Equatorial Guinea, Rep. of",1.03,25.85026764,23.05,30.44,19.3,40.32,0.0,13.24,0.88,0.0,0.0,,,,2440.22,148.63
1994,"Eritrea, The State of",6.92,99.64020594,2442.61,1696.63,96.23,7.07,0.0,1699.0,20.02,718.71,5044.99,,,,436.64,7.76
1994,"Estonia, Rep. of",12.92,78.735787,313.77,784.88,254.25,0.0,0.0,120.88,179.88,3.01,0.56,,,,2840.89,9.92
1994,"Eswatini, Kingdom of",1.83,83.0086252,245.31,444.07,5.89,0.0,0.0,187.21,8.63,0.23,22.96,,,,790.3,29.94
1994,"Ethiopia, The Federal Dem. Rep. of",25.68,102.8995068,11068.33,18843.37,767.3,0.0,0.0,50848.01,251.9,865.71,7633.36,,,,22296.17,1024.51
1994,Europe,,97.75774926,,,,,,,,,,364985.45,177394.41,1728281.38,,
1994,Falkland Islands (Malvinas),0.01,739.9877352,1034.38,0.36,65.36,0.0,0.0,35.29,0.02,7.96,8.22,,,,54.75,0.36
1994,Faroe Islands,0.0,100.0,98.1,1.27,5.87,0.0,0.0,12.06,2.46,6.68,0.51,,,,10.59,1.27
1994,"Fiji, Rep. of",1.77,127.8035798,62.13,243.14,61.07,43.78,0.0,40.37,0.0,4.36,0.0,,,,1246.49,126.63
1994,Finland,34.25,85.28976762,689.94,2136.33,3270.53,0.0,0.0,774.9,3112.09,665.73,15.26,,,,22848.24,2.04
1994,France,680.84,98.49065848,11032.62,24446.54,439.59,0.0,25.03,1369.83,164.87,246.71,207.84,,,,14639.9,1605.03
1994,French Polynesia,0.41,131.9388091,20.33,15.08,86.91,1.84,0.0,13.75,0.0,38.36,0.0,,,,126.38,100.52
1994,Gabon,7.86,85.0970839,645.58,585.7,282.7,223.52,0.0,676.4,28.27,0.05,0.0,,,,23827.7,302.95
1994,"Gambia, The",5.34,96.83698106,49.16,575.29,94.66,136.11,0.0,150.13,4.5,0.0,1.38,,,,95.92,15.98
1994,Georgia,41.98,89.95226134,910.31,1211.44,34.63,0.0,37.86,610.94,9.14,46.8,117.43,,,,3455.45,505.91
1994,Germany,1050.95,100.1947285,6364.66,15661.16,459.07,0.0,0.0,857.03,109.85,30.37,12.31,,,,10819.3,307.78
1994,Ghana,83.44,92.40832782,865.75,5921.9,493.48,25.31,0.0,5208.15,73.32,0.53,115.01,,,,7670.1,3595.44
1994,Gibraltar,0.29,92.6916221,0.06,0.03,0.02,0.0,0.0,0.07,0.02,0.0,0.0,,,,0.14,0.03
1994,Greece,85.41,108.9567357,1403.03,3543.01,354.13,0.0,0.0,3052.02,20.68,72.16,267.2,,,,3119.72,1354.24
1994,Greenland,0.06,100.0,6118.77,0.0,5544.14,0.0,175240.0,1015.41,104.35,26506.1,680.25,,,,130.92,0.0
1994,Grenada,0.38,58.20976492,1.81,0.08,1.46,0.16,0.0,0.14,0.01,0.0,0.0,,,,27.78,0.38
1994,Guadeloupe,1.77,51.00985221,9.57,20.52,5.85,3.29,0.0,2.17,4.15,0.05,0.02,,,,116.52,6.84
1994,Guam,0.01,146.3414634,48.45,0.59,1.92,0.0,0.0,0.14,0.0,0.02,0.0,,,,0.37,2.97
1994,Guatemala,34.49,88.94561641,923.71,878.84,127.53,31.85,0.0,572.15,22.83,0.0,1.95,,,,8017.34,360.88
1994,Guinea,19.5,99.35007661,802.18,2852.82,92.41,239.32,0.0,4002.25,1.53,0.0,1.3,,,,15831.28,610.28
1994,Guinea-Bissau,1.46,111.461433,103.52,331.91,50.8,266.82,0.0,178.6,1.33,0.03,1.6,,,,2004.99,138.69
1994,Guyana,8.2,75.16699133,247.41,131.28,107.79,8.65,0.0,1072.68,113.14,1.72,2.74,,,,19611.52,7.23
1994,Haiti,13.79,95.99189403,1471.79,285.79,42.66,12.46,0.0,52.55,293.87,5.81,0.02,,,,432.43,107.17
1994,Holy See,0.05,100.0,0.01,0.0,0.0,0.0,0.0,0.0,0.0,0.0,0.0,,,,0.01,0.0
1994,Honduras,18.19,126.8339406,1138.72,941.97,126.35,59.86,0.0,732.35,17.27,0.09,0.6,,,,8046.46,194.1
1994,Hungary,139.15,100.4692424,1087.91,5905.16,132.87,0.0,0.0,98.03,54.37,1.85,1.4,,,,1606.93,279.78
1994,Iceland,2.23,70.56968935,3604.28,0.0,333.07,0.0,1102.48,75.27,722.66,2329.49,2006.96,,,,36.97,0.0
1994,India,636.98,102.6982844,25134.33,182892.77,4817.56,323.5,783.16,22726.59,705.62,513.43,1213.02,,,,48973.4,8777.5
1994,Indonesia,758.73,103.4376276,9099.46,22423.47,4044.65,3952.36,0.0,6760.1,0.0,1593.82,0.0,,,,124235.61,17080.12
1994,"Iran, Islamic Rep. of",190.25,93.77695258,6950.09,22359.49,6612.22,0.72,0.0,6851.73,68.99,16505.55,103733.94,,,,3228.02,1702.4
1994,Iraq,58.68,97.93009433,916.88,7898.06,731.56,0.0,0.0,361.46,17.8,974.67,32036.96,,,,245.72,469.19
1994,Ireland,31.71,91.19338536,4831.34,439.24,192.66,0.0,0.0,163.54,857.38,24.78,25.31,,,,398.69,3.29
1994,Isle of Man,0.72,86.63553269,39.72,3.03,1.15,0.0,0.0,2.57,0.0,0.02,0.82,,,,5.82,3.03
1994,Israel,29.05,98.51437717,82.1,392.83,51.62,0.0,0.0,63.32,0.07,85.0,1206.53,,,,70.81,95.68
1994,Italy,525.03,98.68437677,3266.03,10766.45,389.89,0.0,42.31,1303.27,31.69,238.38,878.41,,,,9102.71,3637.51
1994,Jamaica,14.5,64.27376024,69.63,58.47,10.49,8.78,0.0,11.87,6.25,0.19,0.0,,,,883.26,39.95
1994,Japan,948.74,92.84726997,1282.39,6961.23,953.68,2.84,0.0,867.79,70.66,7.28,3.99,,,,25701.7,631.89
1994,Jordan,19.08,100.3913603,39.48,383.77,48.56,0.0,0.0,9.32,0.04,173.84,8121.5,,,,14.09,127.32
1994,"Kazakhstan, Rep. of",129.81,84.46504068,89168.85,39797.23,19320.7,0.0,113.64,20544.22,1186.75,67060.3,38293.0,,,,8078.19,166.38
1994,Kenya,5.32,98.1393729,14236.0,10760.33,1248.16,17.07,0.0,20566.87,892.17,414.04,2877.83,,,,6665.15,947.35
1994,Kiribati,0.02,92.02898551,2.8,2.52,84.16,0.05,0.0,0.29,0.0,9.33,0.0,,,,1.44,44.08
1994,"Korea, Dem. People's Rep. of",48.11,93.52403888,305.89,3307.28,207.35,0.0,0.0,127.05,5.15,54.35,18.33,,,,7910.76,275.61
1994,"Korea, Rep. of",113.4,86.45483152,293.51,3109.38,258.56,0.0,0.0,123.93,5.8,61.53,43.57,,,,5603.46,316.84
1994,Kuwait,9.72,82.06764629,3.76,30.28,16.42,0.0,0.0,4.94,9.94,24.78,1636.5,,,,2.82,6.06
1994,Kyrgyz Rep.,3.76,96.26049727,8751.6,3592.54,718.76,0.0,609.51,839.28,0.0,2005.04,1828.2,,,,1406.71,180.42
1994,Lao People's Dem. Rep.,3.26,88.2930338,1297.18,2571.92,202.9,0.0,0.0,8090.48,89.21,0.0,0.0,,,,10693.79,212.76
1994,Latin America and the Caribbean,,89.33393662,,,,,,,,,,236780.45,122177.47,1672690.08,,
1994,Latvia,16.61,85.53831437,603.88,1451.11,118.02,0.0,0.0,174.34,118.98,0.09,0.2,,,,3931.49,25.46
1994,Lebanon,9.65,109.934878,60.02,288.95,2.32,0.0,0.0,226.24,0.0,125.05,51.78,,,,48.13,203.87
1994,"Lesotho, Kingdom of",2.68,93.39325011,1437.93,653.83,7.27,0.0,0.0,756.6,0.9,0.16,0.72,,,,187.75,8.05
1994,Liberia,12.03,83.46938397,362.4,2616.51,48.57,27.89,0.0,180.24,3.81,0.0,0.0,,,,5300.03,1121.36
1994,Libya,38.9,96.11834069,143.46,1706.56,61.86,0.0,0.0,203.17,23.93,3847.55,155776.32,,,,163.89,327.29
1994,Liechtenstein,0.1,61.26760563,3.27,0.77,0.07,0.0,0.0,0.56,0.02,0.04,0.15,,,,9.2,0.77
1994,Lithuania,31.59,100.906901,654.77,3298.59,116.39,0.0,0.0,208.81,29.99,0.62,0.95,,,,2085.43,50.94
1994,Luxembourg,0.0,,0.0,0.0,0.0,0.0,0.0,0.0,0.0,0.0,0.0,,,,0.0,0.0
1994,"Madagascar, Rep. of",21.09,91.63159955,21926.16,3339.33,485.71,140.21,0.0,9070.52,280.5,58.03,328.54,,,,22836.05,667.87
1994,Malawi,10.88,76.81484015,555.78,4166.48,2469.85,0.0,0.0,363.8,211.53,0.34,12.73,,,,3892.25,257.92
1994,Malaysia,120.0,107.9174018,1513.54,836.7,462.28,597.87,0.0,1186.15,0.0,7.86,0.0,,,,23257.77,5213.71
1994,Maldives,0.08,60.26592242,0.33,1.77,106.26,0.02,0.0,0.65,0.0,0.86,0.18,,,,0.42,2.36
1994,Mali,13.22,91.89319748,15285.77,19736.91,411.52,0.0,0.0,10495.69,302.59,4338.75,71473.57,,,,3087.34,687.04
1994,Malta,3.73,98.25462012,1.76,15.41,1.62,0.0,0.0,0.49,0.0,0.35,5.8,,,,1.24,1.28
1994,"Marshall Islands, Rep. of the",0.05,84.21052632,0.15,0.11,161.27,0.0,0.0,0.04,0.0,2.9,0.0,,,,0.13,1.81
1994,Martinique,1.74,69.46107784,3.86,6.38,3.17,1.84,0.0,2.97,0.31,0.0,0.0,,,,83.3,7.8
1994,"Mauritania, Islamic Rep. of",16.63,92.97176862,11798.18,1631.62,74.7,1.98,0.0,763.02,183.31,4406.31,85213.03,,,,255.76,36.26
1994,Mauritius,6.19,80.31654977,14.21,87.03,7.12,1.07,0.0,11.02,0.07,0.03,0.08,,,,70.61,4.68
1994,Mayotte,0.18,80.48780488,2.03,0.15,2.74,1.92,0.0,2.96,0.01,0.0,0.0,,,,28.02,0.31
1994,Mexico,585.5,96.17502153,17510.52,24200.15,1708.27,714.53,0.0,72114.7,144.57,60.75,2781.14,,,,73624.84,2509.2
1994,"Micronesia, Federated States of",3.11,99.81275468,0.9,1.75,48.84,27.2,0.0,0.25,0.0,0.4,0.0,,,,26.11,1.75
1994,Middle East and Central Asia,,87.74759938,,,,,,,,,,163899.87,1288143.57,378354.46,,
1994,"Moldova, Rep. of",75.99,92.46242864,177.92,2266.4,31.65,0.0,0.0,7.44,3.49,0.29,0.09,,,,258.61,555.32
1994,Monaco,0.06,87.95924668,0.06,0.31,0.0,0.0,0.0,0.03,0.0,0.0,0.0,,,,0.02,0.31
1994,Mongolia,31.65,88.328344,32227.12,5235.93,1491.45,0.0,62.01,2683.44,370.26,35649.12,69043.05,,,,9593.42,3.96
1994,Montenegro,0.0,,0.0,0.0,0.0,0.0,0.0,0.0,0.0,0.0,0.0,,,,0.0,0.0
1994,Montserrat,0.0,96.96923638,0.21,0.31,0.54,0.12,0.0,0.21,0.99,0.43,0.0,,,,7.16,0.31
1994,Morocco,80.73,104.717594,1275.68,7067.89,71.89,0.0,0.0,2331.53,0.18,8781.09,19691.11,,,,1580.09,650.7
1994,"Mozambique, Rep. of",25.63,84.00757631,3500.68,7915.83,1560.39,489.48,0.0,14743.76,1431.23,40.7,546.53,,,,48399.4,509.98
1994,Myanmar,40.81,102.827859,4306.76,17035.45,999.98,388.35,1.57,14932.24,58.74,0.4,0.91,,,,28305.0,968.45
1994,Namibia,36.78,86.5458171,37519.56,1924.98,486.48,0.0,0.0,17782.77,145.37,4840.51,15385.74,,,,4523.48,7.73
1994,"Nauru, Rep. of",0.0,100.0,0.11,0.84,0.18,0.0,0.0,0.02,0.0,0.14,0.0,,,,0.03,0.84
1994,Nepal,10.8,101.5853062,3202.49,2973.5,30.53,0.0,488.22,557.9,2.29,10.3,192.1,,,,7260.74,70.96
1994,New Caledonia,1.38,91.12070013,62.12,148.55,68.97,54.91,0.0,112.56,0.0,92.19,0.0,,,,1200.03,127.33
1994,New Zealand,153.21,126.0763026,13920.54,649.67,684.69,21.6,108.46,2303.04,118.34,162.33,968.68,,,,7896.18,76.34
1994,Nicaragua,13.54,95.35671995,1178.05,1274.92,1027.16,88.11,0.0,821.07,30.84,0.18,2.3,,,,8277.65,203.04
1994,Niger,6.67,99.36650348,15353.6,7632.63,63.16,0.0,0.0,1305.75,183.79,12637.39,80876.73,,,,837.21,8.82
1994,Nigeria,193.22,93.72147092,7824.74,39504.02,929.74,892.61,0.0,16465.81,382.09,45.52,25.27,,,,18955.89,6244.18
1994,Niue,0.03,100.0,0.78,1.31,0.53,0.0,0.0,0.46,0.0,0.0,0.0,,,,19.7,3.66
1994,Norfolk Island,0.0,96.4600906,0.36,1.27,0.33,0.0,0.0,0.09,0.0,0.0,0.05,,,,0.51,1.27
1994,"North Macedonia, Republic of ",14.39,103.323753,456.81,758.95,50.53,0.0,0.0,142.71,1.14,3.46,10.56,,,,1041.74,64.8
1994,Northern Mariana Islands,0.02,100.0,16.48,9.79,3.45,0.03,0.0,0.53,0.0,0.07,0.02,,,,7.49,9.79
1994,Norway,128.75,82.48586739,3310.68,991.87,2379.99,0.0,3532.34,1507.75,3269.95,6623.76,3615.49,,,,13238.84,5.54
1994,Oceania,,95.0081577,,,,,,,,,,53054.06,318032.19,481414.74,,
1994,Oman,18.55,59.37921704,27.92,108.48,42.69,0.0,0.0,65.1,3.08,1856.24,28672.58,,,,41.39,160.85
1994,Pakistan,42.21,98.87489452,15984.89,24177.88,540.06,8.21,210.93,7276.63,381.08,2651.55,24978.71,,,,2480.38,431.61
1994,"Palau, Rep. of",0.05,70.95207922,1.3,0.39,4.94,4.05,0.0,1.18,0.0,0.09,0.0,,,,30.72,2.59
1994,Panama,11.7,95.78906943,425.1,972.17,124.52,130.94,0.0,377.61,8.74,0.64,4.45,,,,5133.56,320.82
1994,Papua New Guinea,15.53,78.41934141,896.92,769.19,800.85,626.65,0.0,638.6,0.0,367.3,0.88,,,,40069.33,2510.81
1994,Paraguay,27.52,74.81401299,2706.04,4653.24,314.01,0.0,0.0,7048.72,2920.29,2.37,0.54,,,,22284.26,161.44
1994,Peru,130.42,103.0830078,16310.93,2387.3,1228.57,5.01,300.05,10269.94,231.24,6211.45,9487.58,,,,82911.14,405.03
1994,Philippines,77.96,109.4331094,2129.67,7256.54,942.15,544.66,0.0,1404.51,0.0,146.63,0.0,,,,11298.6,5984.78
1994,Pitcairn Islands,0.0,100.0,0.21,1.96,0.44,0.0,0.0,0.0,0.0,0.36,0.0,,,,0.0,1.96
1994,"Poland, Rep. of",292.32,102.1155805,3036.45,16879.85,457.08,0.0,0.0,621.75,91.77,10.82,2.64,,,,9337.53,415.5
1994,Portugal,83.54,120.0001507,1055.46,2436.55,98.24,0.0,0.0,1221.57,13.99,10.76,33.44,,,,3100.79,832.86
1994,Puerto Rico,53.69,78.61839422,84.17,67.85,20.83,5.9,0.0,15.44,16.08,0.05,0.03,,,,548.58,90.47
1994,Qatar,28.62,85.30919121,5.2,22.2,18.31,0.0,0.0,6.23,0.01,17.66,1050.27,,,,7.65,3.42
1994,Romania,272.07,99.85496191,2623.44,11793.49,278.91,0.0,0.0,263.6,300.62,8.8,7.21,,,,7517.52,741.28
1994,Russian Federation,1454.08,97.97969427,153121.85,155007.56,60645.8,0.0,5309.06,118774.41,87678.8,123379.06,31565.98,,,,954386.54,2392.31
1994,Rwanda,1.95,83.58055118,135.87,1128.18,157.37,0.0,0.0,212.99,80.64,0.02,0.0,,,,346.66,491.56
1994,Réunion,3.35,66.21829159,22.86,48.77,7.91,1.09,0.0,14.4,0.16,0.0,3.74,,,,141.12,8.61
1994,Saint Helena,1.4,99.16263523,9.4,0.9,2.08,0.0,0.0,1.25,0.0,18.45,3.18,,,,2.57,0.9
1994,Saint Pierre and Miquelon,0.07,38.88888889,0.6,0.0,3.15,0.0,0.0,9.93,4.67,0.1,0.36,,,,4.71,0.0
1994,Samoa,0.03,67.91874295,28.07,37.65,3.42,0.64,0.0,22.51,0.0,0.02,0.0,,,,122.54,70.88
1994,"San Marino, Rep. of",0.38,59.15361235,0.4,2.15,0.0,0.0,0.0,0.09,0.0,0.0,0.5,,,,0.44,2.15
1994,Saudi Arabia,148.45,92.464287,195.1,2395.13,178.34,2.34,0.0,443.46,9.02,7193.43,182648.01,,,,118.71,77.07
1994,Senegal,21.93,98.30717942,2266.75,5347.92,299.52,220.24,0.0,7409.78,353.77,43.79,12.69,,,,3682.02,62.26
1994,"Serbia, Rep. of",0.0,,0.0,0.0,0.0,0.0,0.0,0.0,0.0,0.0,0.0,,,,0.0,0.0
1994,Seychelles,0.13,246.1040678,3.07,4.35,11.18,7.53,0.0,2.04,0.0,0.22,0.67,,,,7.21,13.05
1994,Sierra Leone,9.38,86.94017349,579.09,2868.84,47.46,206.42,0.0,459.12,34.06,0.0,4.45,,,,2255.62,739.39
1994,Singapore,8.59,90.26470588,3.63,22.1,5.94,5.36,0.0,1.06,0.0,0.15,0.0,,,,8.63,4.42
1994,Slovak Rep.,83.42,98.3651583,383.29,1948.2,31.26,0.0,0.0,101.64,1.9,1.7,3.23,,,,2286.66,62.4
1994,"Slovenia, Rep. of",16.36,94.96678782,147.23,362.51,4.43,0.0,0.0,85.51,1.55,2.57,7.47,,,,1341.39,62.89
1994,Solomon Islands,0.65,65.1964333,4.32,4.82,113.85,133.14,0.0,2.83,0.0,0.17,0.0,,,,2558.23,24.08
1994,Somalia,25.85,98.72646722,7789.16,5034.27,94.77,1.34,0.0,37469.33,61.39,5354.81,5512.1,,,,2302.22,97.75
1994,South Africa,272.51,94.13755135,24119.16,12487.72,563.62,46.71,0.0,64376.14,259.75,9393.83,648.23,,,,10009.34,292.46
1994,"South Sudan, Rep. of",0.0,,0.0,0.0,0.0,0.0,0.0,0.0,0.0,0.0,0.0,,,,0.0,0.0
1994,Spain,230.27,103.0956959,7175.9,16625.99,414.03,0.0,0.0,6088.89,49.78,1284.29,487.47,,,,13008.9,5266.51
1994,Sri Lanka,47.03,77.93359089,421.81,1237.6,183.75,18.91,0.0,1088.29,0.02,7.26,1.53,,,,2246.33,1401.58
1994,St. Kitts and Nevis,0.24,81.88241231,2.54,3.89,1.39,0.19,0.0,0.53,0.29,0.0,0.0,,,,16.79,0.56
1994,St. Lucia,0.45,57.33321045,0.97,0.37,1.39,0.64,0.0,0.8,0.1,0.05,0.0,,,,53.73,2.2
1994,St. Vincent and the Grenadines,0.35,80.56020937,1.81,0.77,12.21,0.56,0.0,0.73,0.11,0.0,0.73,,,,33.99,1.3
1994,Sub-Saharan Africa,,96.45435494,,,,,,,,,,279859.13,293650.42,1431766.16,,
1994,Sudan,0.0,,0.0,0.0,0.0,0.0,0.0,0.0,0.0,0.0,0.0,,,,0.0,0.0
1994,Suriname,6.26,46.03597054,35.55,24.05,172.87,72.37,0.0,107.27,78.81,0.0,0.0,,,,14104.72,4.64
1994,Sweden,88.01,80.96069336,2060.21,2811.48,3833.57,0.0,23.79,1143.87,3244.59,1430.61,261.47,,,,29848.07,3.04
1994,Switzerland,70.34,96.80970811,1218.3,557.5,133.51,0.0,97.64,152.97,1.88,108.4,250.62,,,,1502.16,31.17
1994,Syrian Arab Rep.,64.66,104.3169402,462.17,4291.7,124.23,0.0,0.0,229.95,0.3,950.0,11857.87,,,,269.44,602.02
1994,"São Tomé and Príncipe, Dem. Rep. of",0.83,93.09414351,1.78,0.79,2.77,1.07,0.0,1.29,0.02,0.04,0.0,,,,84.39,7.08
1994,Taiwan Province of China,49.6,92.01697448,90.3,757.03,68.89,26.41,0.0,30.14,43.8,4.11,0.0,,,,2294.71,263.26
1994,"Tajikistan, Rep. of",8.73,99.87506404,6714.23,2166.89,137.79,0.0,1085.06,651.52,5.81,489.5,2404.58,,,,250.76,305.91
1994,"Tanzania, United Rep. of",28.06,98.71568353,5571.82,20803.71,6196.71,53.38,0.0,17617.41,4313.2,80.98,222.09,,,,37358.61,2337.5
1994,Thailand,97.98,106.8658296,3964.73,24648.09,868.04,314.6,0.0,5537.45,11.79,30.37,0.24,,,,11371.62,4993.7
1994,"Timor-Leste, Dem. Rep. of",3.73,115.4255571,165.48,573.14,13.43,8.81,0.0,125.65,0.0,2.95,0.0,,,,340.96,264.53
1994,Togo,10.68,97.19317841,272.93,2128.66,13.62,0.78,0.0,1408.37,1.78,0.02,4.46,,,,1774.44,99.01
1994,Tokelau,0.01,100.0,0.0,0.0,1.57,0.0,0.0,0.0,0.0,0.0,0.0,,,,0.0,0.0
1994,Tonga,0.07,88.58022201,4.03,13.1,9.32,1.04,0.0,2.6,0.0,0.16,0.0,,,,29.94,9.83
1994,Trinidad and Tobago,5.17,87.11952781,26.01,39.68,7.17,2.48,0.0,15.69,1.72,0.1,0.0,,,,384.51,34.72
1994,Tunisia,54.81,105.2370721,270.06,2467.67,165.22,0.0,0.0,131.83,0.35,1884.59,8636.26,,,,295.69,1729.12
1994,Turkmenistan,7.14,93.38608542,1407.69,3874.61,9057.62,0.0,0.0,6745.59,1.46,1164.12,33114.42,,,,71.09,137.56
1994,Turks and Caicos Islands,0.08,81.23474465,7.41,0.83,6.58,3.06,0.0,1.05,16.83,0.04,0.0,,,,16.55,0.83
1994,Tuvalu,0.01,100.0,0.1,0.45,3.47,0.0,0.0,0.05,0.0,0.09,0.0,,,,0.08,0.45
1994,"Türkiye, Rep. of",300.91,101.6262905,14174.16,31344.96,1357.22,0.0,0.0,6632.5,205.46,3419.54,1589.89,,,,15317.87,3890.05
1994,Uganda,15.51,93.75407778,1731.51,7397.5,3734.64,0.0,0.0,3011.87,377.03,0.0,0.15,,,,5217.6,2821.58
1994,Ukraine,812.2,101.0474874,4334.98,42943.79,1410.34,0.0,0.0,577.17,49.26,110.78,48.77,,,,8334.52,1375.09
1994,United Arab Emirates,122.16,77.24344295,29.96,130.82,28.17,1.4,0.0,7.14,0.95,337.24,6331.5,,,,36.29,124.59
1994,United Kingdom,701.05,96.70576485,11850.92,6519.75,460.91,0.0,0.0,764.29,1460.93,498.9,62.91,,,,1990.39,67.28
1994,United States,6415.94,97.36948142,199817.88,151220.27,18847.4,191.89,6536.75,202468.2,12518.8,18635.34,18218.74,,,,295986.82,1828.55
1994,United States Virgin Islands,2.5,104.1983089,3.25,5.39,4.02,0.96,0.0,0.37,2.19,0.0,0.0,,,,15.58,1.8
1994,Uruguay,26.01,103.2770929,11568.27,2819.95,423.53,0.0,0.0,816.66,287.79,1.09,3.24,,,,1786.0,98.14
1994,"Uzbekistan, Rep. of",50.78,100.7919979,3252.12,7813.41,2243.57,0.0,37.42,4421.2,67.69,2254.86,24017.93,,,,251.75,650.53
1994,Vanuatu,0.28,652.189781,33.6,35.46,41.2,18.21,0.0,19.51,0.0,0.68,2.33,,,,895.91,182.63
1994,"Venezuela, Rep. Bolivariana de",133.56,97.00460212,18077.45,7836.04,1316.02,315.53,0.05,7427.24,1918.53,546.62,103.04,,,,51800.6,2336.0
1994,Vietnam,77.47,121.698868,1851.4,9809.2,770.94,180.85,0.0,5691.6,58.32,6.1,18.71,,,,12059.75,2419.99
1994,Wallis and Futuna Islands,0.03,100.0,1.1,0.72,3.76,0.0,0.0,0.86,0.0,0.0,0.0,,,,4.49,3.6
1994,West Bank and Gaza,8.79,92.67448701,38.64,98.19,19.12,0.0,0.0,31.0,0.0,119.7,122.84,,,,31.64,154.27
1994,Western Sahara,0.77,81.26216113,0.47,3.48,16.24,0.0,0.0,0.0,0.0,19.77,26935.18,,,,0.15,3.48
1994,"Yemen, Rep. of",6.34,111.3757119,180.79,1802.68,123.41,0.13,0.0,1662.52,0.9,5252.74,36009.67,,,,453.48,114.12
1994,Zambia,27.0,89.04727918,3170.18,7400.86,1398.36,0.0,0.0,13019.6,2739.5,0.0,3.8,,,,47745.22,59.73
1994,Zimbabwe,27.18,93.8381422,2938.46,12545.42,437.67,0.0,0.0,11686.61,27.58,17.62,92.71,,,,11096.78,404.69
1995,"Afghanistan, Islamic Rep. of",26.69,98.75470303,24045.96,5771.52,228.39,0.0,317.57,3312.12,5.84,4227.85,25088.58,,,,1241.12,82.96
1995,Africa,,94.48971599,,,,,,,,,,312910.7,904969.77,1507698.46,,
1995,Albania,13.74,95.54688385,404.07,988.4,55.46,0.0,0.0,324.51,6.5,32.78,51.61,,,,779.26,214.12
1995,Algeria,88.58,94.4371871,826.75,8393.28,163.41,0.0,0.0,2061.5,2.07,9078.62,209024.25,,,,1523.75,569.3
1995,American Samoa,0.01,99.61685824,1.48,2.59,1.36,0.16,0.0,1.05,0.0,0.02,0.0,,,,8.21,5.18
1995,Americas,,94.36793954,,,,,,,,,,453189.56,307424.19,3186935.39,,
1995,"Andorra, Principality of",0.19,89.03500599,11.43,0.3,0.0,0.0,0.0,0.8,0.0,5.28,2.33,,,,27.18,0.3
1995,Angola,25.45,93.61656969,17892.32,5311.6,225.14,19.7,0.0,23397.2,719.8,44.24,2668.6,,,,74765.83,354.11
1995,Anguilla,0.05,74.90660025,4.81,0.04,1.22,0.05,0.0,0.12,0.91,0.0,0.02,,,,0.77,0.04
1995,Antigua and Barbuda,0.59,85.85365854,14.17,1.17,6.86,0.5,0.0,0.93,4.08,0.02,0.0,,,,17.43,0.29
1995,Argentina,328.51,92.63957226,14624.69,49732.12,4390.36,0.0,685.92,95996.71,8491.79,46768.78,12616.0,,,,43130.25,1871.49
1995,"Armenia, Rep. of",29.31,97.34129314,676.67,834.63,128.77,0.0,0.0,440.77,1.4,43.48,45.25,,,,652.23,113.2
1995,"Aruba, Kingdom of the Netherlands",0.13,31.98118843,2.98,0.57,0.77,0.02,0.0,11.41,0.25,1.18,0.0,,,,0.16,0.57
1995,Asia,,100.1531435,,,,,,,,,,677586.26,986540.65,1456343.81,,
1995,Australia,620.34,95.031178,128170.55,50616.09,1505.25,2527.9,0.0,184518.94,10054.2,280008.0,36960.7,,,,76366.07,610.27
1995,Austria,86.34,94.94701844,1426.33,1661.68,68.48,0.0,34.13,290.33,12.73,111.8,194.74,,,,4413.94,91.66
1995,"Azerbaijan, Rep. of",33.84,92.32796272,956.63,3353.08,8014.27,0.0,0.0,982.24,3.35,892.04,457.54,,,,1202.29,601.16
1995,"Bahamas, The",6.9,92.99214741,155.54,12.08,287.17,79.4,0.0,34.92,270.75,3.42,1.36,,,,398.42,4.03
1995,"Bahrain, Kingdom of",10.75,69.45121951,1.53,0.64,4.98,0.0,0.0,0.18,0.04,2.21,43.67,,,,2.31,1.28
1995,Bangladesh,16.51,108.7758738,919.59,9387.95,1217.55,411.42,0.0,865.93,36.03,0.59,7.45,,,,762.57,413.32
1995,Barbados,3.27,103.5260453,4.03,25.1,0.92,0.0,0.0,1.49,0.29,0.04,0.0,,,,7.01,1.57
1995,"Belarus, Rep. of",61.51,99.38555058,1234.39,9826.04,207.16,0.0,0.0,456.7,41.17,1.35,0.17,,,,8656.95,231.78
1995,Belgium,0.0,,0.0,0.0,0.0,0.0,0.0,0.0,0.0,0.0,0.0,,,,0.0,0.0
1995,Belize,0.45,67.41182757,63.54,75.24,65.01,48.39,0.0,81.53,12.05,0.02,0.64,,,,1808.36,41.26
1995,Benin,15.32,102.7782511,420.29,3185.29,23.79,6.8,0.0,4156.86,2.28,0.07,1.05,,,,3464.48,320.31
1995,Bermuda,0.19,100.0,0.04,0.08,3.05,0.0,0.0,0.01,0.74,1.99,0.0,,,,0.05,0.08
1995,Bhutan,0.03,95.86802208,540.32,60.29,1.13,0.0,104.63,257.52,0.05,4.78,6.43,,,,2798.89,7.85
1995,Bolivia,56.02,71.93868105,11091.92,3925.19,1206.35,0.0,85.87,11069.17,2841.05,7377.57,8793.5,,,,62361.95,249.1
1995,Bosnia and Herzegovina,18.26,88.35724694,685.62,1039.33,23.96,0.0,0.0,246.48,6.04,3.14,1.16,,,,2939.04,152.84
1995,Botswana,14.64,90.10854826,4042.36,2656.7,41.33,0.0,0.0,45598.92,757.57,54.89,917.6,,,,4045.22,7.7
1995,Brazil,1086.01,88.46667917,64063.85,127613.61,11412.5,648.88,0.0,148974.47,13181.9,168.75,448.51,,,,463578.34,22612.64
1995,British Virgin Islands,0.55,42.14285714,1.41,0.04,3.18,1.32,0.0,0.05,2.32,0.03,0.0,,,,6.43,0.02
1995,Brunei Darussalam,1.12,117.2658175,10.41,27.68,11.01,18.66,0.0,7.5,0.0,0.21,0.0,,,,489.81,27.68
1995,Bulgaria,111.48,100.2215363,789.6,5319.32,117.35,0.0,0.0,373.86,10.39,12.61,60.59,,,,4070.57,271.42
1995,Burkina Faso,13.82,99.89718587,5845.97,15543.25,93.61,0.0,0.0,4178.4,26.08,85.99,88.04,,,,1298.86,321.9
1995,Burundi,2.16,92.83778191,473.95,1037.74,199.82,0.0,0.0,288.49,23.72,0.0,0.0,,,,269.17,408.47
1995,Cabo Verde,2.23,100.2318645,49.57,19.85,36.01,0.0,0.0,142.74,2.83,5.6,140.28,,,,8.45,1.42
1995,Cambodia,5.31,87.26116725,1041.19,5884.94,407.73,43.15,0.0,1525.29,476.33,0.28,1.79,,,,8675.81,190.86
1995,Cameroon,28.64,96.00936869,1657.61,4642.38,369.28,233.79,0.0,2605.74,172.52,0.17,4.6,,,,36193.66,934.71
1995,Canada,587.06,98.69251497,158872.55,52002.06,103050.0,0.0,18314.8,52166.7,11679.8,109042.65,39373.56,,,,437804.39,201.13
1995,Cayman Islands,0.26,65.40540541,0.63,0.95,2.72,8.48,0.0,0.32,0.77,0.04,0.0,,,,9.58,2.39
1995,Central African Rep.,8.84,87.60210245,4998.48,782.54,82.99,0.0,0.0,5095.55,24.16,0.0,0.2,,,,51334.48,37.66
1995,Chad,15.46,94.41663907,15912.65,17677.55,367.1,0.0,0.0,15735.35,669.4,6837.45,63976.52,,,,5884.93,155.07
1995,Chile,108.17,121.2321759,5060.44,2929.68,2748.06,0.0,2797.08,14644.06,118.36,11765.66,14031.4,,,,20906.61,386.94
1995,"China, P.R.: Hong Kong",10.77,118.9264414,10.49,19.14,14.64,1.9,0.0,11.21,0.36,0.05,0.02,,,,37.28,3.19
1995,"China, P.R.: Macao",0.45,80.99085366,0.14,0.21,0.4,0.0,0.0,0.02,0.02,0.0,0.0,,,,0.15,0.21
1995,"China, P.R.: Mainland",2815.56,100.8546439,289312.83,200760.59,12310.4,124.53,6286.23,25447.23,3091.09,21646.75,172636.36,,,,184509.74,17493.94
1995,Colombia,134.04,127.3753125,16715.07,5355.5,1167.47,356.02,6.73,6973.35,2373.6,575.9,23.53,,,,76311.84,4533.98
1995,"Comoros, Union of the",1.22,98.58711991,12.96,7.89,4.46,0.81,0.0,18.86,0.0,0.0,0.0,,,,114.31,5.09
1995,"Congo, Dem. Rep. of the",75.42,90.41606392,7333.97,18261.03,4340.03,247.25,0.0,8480.1,4849.58,4.87,27.22,,,,188118.26,2725.53
1995,"Congo, Rep. of",11.71,107.9950949,2248.41,2614.77,284.63,76.14,0.0,2333.13,94.9,0.19,0.04,,,,26376.9,247.72
1995,Cook Islands,0.01,151.4741045,1.27,2.67,3.52,0.0,0.0,0.86,0.08,1.23,0.0,,,,10.91,4.0
1995,Costa Rica,16.86,114.1535775,337.58,337.38,41.37,32.67,0.0,291.62,3.5,0.0,2.31,,,,3619.22,444.73
1995,"Croatia, Rep. of",36.41,94.32126011,547.82,1899.16,99.28,0.0,0.0,263.6,27.09,30.87,8.93,,,,2547.06,197.23
1995,Cuba,43.02,102.9922885,1254.26,3583.5,419.88,396.43,0.0,447.86,217.48,1.07,0.43,,,,4249.6,486.36
1995,Cyprus,10.23,86.89229273,84.48,218.36,19.22,0.0,0.0,113.69,0.66,136.62,79.81,,,,179.12,92.54
1995,Czech Rep.,136.02,99.66299937,959.44,3630.11,59.32,0.0,0.0,227.68,7.36,4.84,0.53,,,,2765.84,84.68
1995,Côte d'Ivoire,65.94,107.7515134,1274.53,6083.07,270.2,11.11,0.0,4348.49,10.16,0.02,0.09,,,,12616.98,7705.23
1995,Denmark,81.07,101.3371296,502.82,2929.7,264.55,0.0,0.0,88.71,56.85,0.94,2.25,,,,496.77,11.37
1995,Djibouti,1.19,79.36507937,69.46,1.31,20.14,0.75,0.0,24.61,93.88,23.6,1942.75,,,,1.83,0.79
1995,Dominica,0.19,70.97717537,0.19,0.03,1.29,3.15,0.0,0.03,0.0,0.26,0.0,,,,69.97,0.12
1995,Dominican Rep.,31.07,103.957237,827.83,926.79,53.18,18.31,0.0,181.26,212.93,2.11,0.49,,,,2135.35,444.46
1995,Ecuador,52.65,127.1734423,1835.87,1353.3,299.04,189.23,12.45,3028.51,110.52,35.34,348.53,,,,17271.28,1226.92
1995,"Egypt, Arab Rep. of",82.73,105.0337146,250.54,3821.74,802.94,2.05,0.0,102.25,1111.14,1206.35,90772.0,,,,24.54,632.21
1995,El Salvador,16.49,95.44936431,97.44,310.09,47.94,40.1,0.0,87.23,1.59,0.0,1.29,,,,1338.02,145.45
1995,Emerging and Developing Countries Asia excluding China,,103.0187696,,,,,,,,,,296007.94,108910.14,590044.87,,
1995,Emerging and Developing Countries Europe,,98.62181684,,,,,,,,,,290763.93,159632.42,1497228.93,,
1995,Emerging and Developing Economies,,97.63978459,,,,,,,,,,1479596.66,2167099.87,6099648.37,,
1995,"Equatorial Guinea, Rep. of",1.03,25.84195827,23.01,30.43,19.3,40.32,0.0,13.21,0.88,0.0,0.0,,,,2440.35,148.59
1995,"Eritrea, The State of",7.14,99.61388555,2438.3,1695.96,93.51,7.09,0.0,1695.94,20.07,719.59,5055.17,,,,436.07,7.74
1995,"Estonia, Rep. of",13.14,81.22854538,318.59,809.92,252.31,0.0,0.0,120.59,179.83,2.97,0.58,,,,2811.92,11.12
1995,"Eswatini, Kingdom of",1.84,83.22552911,246.53,445.22,5.89,0.0,0.0,187.55,8.63,0.23,22.97,,,,787.48,30.01
1995,"Ethiopia, The Federal Dem. Rep. of",26.44,102.9437604,11082.41,18850.71,771.77,0.0,0.0,50820.92,250.0,865.77,7612.89,,,,22281.33,1062.01
1995,Europe,,97.9628206,,,,,,,,,,365751.05,176595.93,1728313.96,,
1995,Falkland Islands (Malvinas),0.01,739.9877352,1034.38,0.36,65.36,0.0,0.0,35.29,0.02,7.96,8.22,,,,54.75,0.36
1995,Faroe Islands,0.0,100.0072046,98.09,1.27,5.87,0.0,0.0,12.06,2.46,6.68,0.51,,,,10.59,1.27
1995,"Fiji, Rep. of",1.77,121.885926,62.13,231.8,61.07,43.78,0.0,40.37,0.0,4.36,0.0,,,,1246.49,137.97
1995,Finland,35.33,85.55167701,691.46,2141.92,3267.87,0.0,0.0,776.57,3047.59,659.17,15.28,,,,22911.69,2.5
1995,France,697.89,98.7312405,11058.47,24490.85,439.43,0.0,25.03,1359.69,164.62,245.35,208.25,,,,14586.1,1583.08
1995,French Polynesia,0.41,131.9388091,20.33,15.08,86.91,1.84,0.0,13.75,0.0,38.36,0.0,,,,126.38,100.52
1995,Gabon,8.07,85.19591117,646.97,586.18,282.43,223.32,0.0,683.26,27.88,0.05,0.0,,,,23815.99,306.61
1995,"Gambia, The",5.45,98.4314665,49.68,584.73,94.49,135.52,0.0,141.45,4.52,0.0,1.4,,,,95.41,15.8
1995,Georgia,42.7,90.82323385,910.68,1222.86,34.63,0.0,37.86,608.55,9.15,46.91,115.92,,,,3465.73,486.92
1995,Germany,1080.62,100.3154842,6368.38,15651.58,455.87,0.0,0.0,841.17,110.09,30.02,12.13,,,,10823.63,298.88
1995,Ghana,85.56,95.21619932,868.38,6102.25,497.03,25.29,0.0,5204.64,72.78,0.53,111.61,,,,7626.4,3457.94
1995,Gibraltar,0.29,92.6916221,0.06,0.03,0.02,0.0,0.0,0.07,0.02,0.0,0.0,,,,0.14,0.03
1995,Greece,87.25,109.4270676,1412.11,3556.83,353.99,0.0,0.0,3059.15,20.79,71.73,269.07,,,,3075.18,1365.49
1995,Greenland,0.06,100.0,6118.77,0.0,5544.14,0.0,175240.0,1015.41,104.35,26506.1,680.25,,,,130.92,0.0
1995,Grenada,0.38,54.39658255,1.81,0.05,1.46,0.16,0.0,0.14,0.01,0.0,0.0,,,,27.78,0.42
1995,Guadeloupe,1.87,51.13325927,9.53,20.47,5.84,3.29,0.0,2.15,3.83,0.05,0.02,,,,116.85,6.82
1995,Guam,0.01,146.3414634,48.45,0.59,1.92,0.0,0.0,0.14,0.0,0.02,0.0,,,,0.37,2.97
1995,Guatemala,35.01,97.09382013,956.65,961.99,133.62,32.58,0.0,595.98,22.59,0.0,1.95,,,,7837.18,394.03
1995,Guinea,19.8,99.76068636,801.0,2864.39,92.16,241.24,0.0,4001.79,1.47,0.0,1.33,,,,15811.54,618.14
1995,Guinea-Bissau,1.48,108.8903006,102.94,324.2,50.66,268.6,0.0,177.82,1.33,0.03,1.6,,,,2005.2,145.89
1995,Guyana,8.52,81.10591789,253.73,141.98,116.52,8.53,0.0,1081.04,120.06,1.91,2.85,,,,19568.69,8.49
1995,Haiti,13.97,95.76083822,1475.89,284.89,42.53,12.49,0.0,51.6,294.61,6.29,0.02,,,,429.23,106.83
1995,Holy See,0.05,100.0,0.01,0.0,0.0,0.0,0.0,0.0,0.0,0.0,0.0,,,,0.01,0.0
1995,Honduras,18.65,129.9343647,1166.5,964.98,128.41,59.23,0.0,747.16,15.35,0.09,0.59,,,,7963.9,211.09
1995,Hungary,142.55,100.4760575,1079.51,5902.17,133.38,0.0,0.0,88.57,54.11,1.84,1.21,,,,1627.79,276.32
1995,Iceland,2.39,75.63298544,3604.27,0.0,333.07,0.0,1102.48,75.27,722.66,2329.31,2006.96,,,,37.0,0.0
1995,India,649.65,102.7528016,25055.72,182977.65,4818.44,319.47,783.16,22650.61,706.5,513.74,1211.38,,,,48770.84,9040.9
1995,Indonesia,783.14,101.8845128,9183.8,22051.03,3999.47,3992.31,0.0,6835.18,0.0,1610.08,0.0,,,,123900.72,17593.01
1995,"Iran, Islamic Rep. of",194.92,94.41478813,6938.58,22508.18,6572.4,0.72,0.0,6833.14,69.82,16360.99,103878.91,,,,3136.93,1708.7
1995,Iraq,59.62,97.61416411,910.28,7871.46,705.75,0.0,0.0,352.75,17.93,959.07,32106.07,,,,236.13,491.97
1995,Ireland,32.55,91.30388953,4828.57,438.97,193.88,0.0,0.0,163.53,858.53,24.74,25.26,,,,398.58,3.32
1995,Isle of Man,0.75,87.32861695,39.68,3.03,1.15,0.0,0.0,2.57,0.0,0.02,0.82,,,,5.83,3.03
1995,Israel,29.9,98.88146834,82.08,393.55,50.09,0.0,0.0,63.18,0.07,84.88,1207.72,,,,70.85,94.68
1995,Italy,540.45,100.0853871,3265.67,10911.33,391.36,0.0,42.31,1289.23,31.87,237.19,866.61,,,,9121.35,3484.3
1995,Jamaica,14.79,65.99076985,71.62,60.13,10.47,8.76,0.0,12.0,6.18,0.19,0.0,,,,877.4,41.86
1995,Japan,970.35,94.31718719,1285.74,7064.83,953.87,2.84,0.0,863.85,71.25,7.23,4.0,,,,25585.59,622.56
1995,Jordan,20.04,104.2486702,39.5,398.29,48.07,0.0,0.0,9.22,0.04,171.0,8124.45,,,,14.2,112.22
1995,"Kazakhstan, Rep. of",133.27,84.76959182,89199.3,39937.73,19273.3,0.0,113.64,20547.0,1186.86,66930.1,38316.77,,,,8055.42,165.66
1995,Kenya,5.48,98.22895877,14241.04,10769.99,1242.83,17.1,0.0,20568.01,892.76,415.5,2868.92,,,,6657.98,950.64
1995,Kiribati,0.02,92.02898551,2.8,2.52,84.16,0.05,0.0,0.29,0.0,9.33,0.0,,,,1.44,44.08
1995,"Korea, Dem. People's Rep. of",48.96,93.72667397,305.02,3313.7,207.48,0.0,0.0,125.79,5.14,53.43,17.93,,,,7906.29,276.14
1995,"Korea, Rep. of",116.51,87.6346463,297.46,3150.25,258.52,0.0,0.0,125.04,5.84,59.73,41.71,,,,5518.02,356.9
1995,Kuwait,10.33,83.54582135,3.85,30.39,13.84,0.0,0.0,4.93,9.98,17.17,1645.68,,,,2.95,6.08
1995,Kyrgyz Rep.,3.81,96.47248824,8747.45,3600.41,718.95,0.0,609.51,836.78,0.0,2016.1,1828.51,,,,1393.75,180.55
1995,Lao People's Dem. Rep.,3.28,89.41476115,1307.88,2604.62,202.91,0.0,0.0,8087.83,89.38,0.0,0.0,,,,10639.14,226.49
1995,Latin America and the Caribbean,,91.48894204,,,,,,,,,,242492.31,122180.04,1666975.63,,
1995,Latvia,16.97,87.50566263,612.73,1484.5,118.99,0.0,0.0,171.95,118.92,0.1,0.09,,,,3872.94,42.96
1995,Lebanon,9.93,109.3126746,59.85,286.98,2.32,0.0,0.0,225.95,0.0,125.37,51.97,,,,47.97,205.67
1995,"Lesotho, Kingdom of",2.76,93.41631695,1440.3,653.91,6.92,0.0,0.0,757.19,0.9,0.16,0.72,,,,184.85,8.17
1995,Liberia,12.31,84.16441471,361.43,2638.12,48.21,27.95,0.0,177.28,3.29,0.0,0.0,,,,5273.64,1130.62
1995,Libya,39.84,97.02422708,141.36,1722.07,61.81,0.0,0.0,203.42,23.93,3849.04,155778.29,,,,155.42,317.71
1995,Liechtenstein,0.12,62.01331146,3.26,0.76,0.07,0.0,0.0,0.56,0.02,0.04,0.15,,,,9.2,0.76
1995,Lithuania,32.28,101.4721561,645.7,3316.56,116.36,0.0,0.0,195.57,29.84,0.62,0.88,,,,2090.52,49.76
1995,Luxembourg,0.0,,0.0,0.0,0.0,0.0,0.0,0.0,0.0,0.0,0.0,,,,0.0,0.0
1995,"Madagascar, Rep. of",21.73,92.84067397,22016.03,3383.03,487.64,142.32,0.0,9104.5,280.23,58.19,331.64,,,,22652.08,676.61
1995,Malawi,11.17,81.88805421,571.43,4442.09,2465.16,0.0,0.0,375.31,213.4,0.34,12.73,,,,3598.88,251.07
1995,Malaysia,123.63,105.3433936,1523.27,810.25,455.63,619.63,0.0,1199.53,0.0,8.29,0.0,,,,23254.2,5201.41
1995,Maldives,0.08,60.26592242,0.33,1.77,106.26,0.02,0.0,0.65,0.0,0.86,0.18,,,,0.42,2.36
1995,Mali,13.33,92.89844226,15258.36,19952.86,407.62,0.0,0.0,10323.85,302.6,4310.48,71482.98,,,,3092.13,688.24
1995,Malta,3.89,97.56673187,1.75,15.11,1.62,0.0,0.0,0.48,0.0,0.35,5.7,,,,1.26,1.51
1995,"Marshall Islands, Rep. of the",0.05,84.21052632,0.15,0.11,161.27,0.0,0.0,0.04,0.0,2.9,0.0,,,,0.13,1.81
1995,Martinique,1.83,63.91224735,3.86,5.64,3.16,1.84,0.0,2.96,0.29,0.0,0.0,,,,83.31,8.46
1995,"Mauritania, Islamic Rep. of",17.13,93.14210688,11796.73,1634.14,72.14,2.7,0.0,762.65,184.08,4322.87,85296.43,,,,255.63,36.31
1995,Mauritius,6.19,80.43717106,14.22,87.17,7.12,1.07,0.0,11.02,0.07,0.03,0.08,,,,70.4,4.74
1995,Mayotte,0.18,80.48780488,2.03,0.15,2.74,1.92,0.0,2.96,0.01,0.0,0.0,,,,28.02,0.31
1995,Mexico,600.94,96.29001851,17507.45,24214.34,1723.22,742.34,0.0,72128.35,126.45,60.65,2780.34,,,,73502.63,2567.41
1995,"Micronesia, Federated States of",3.11,99.81275468,0.9,1.75,48.84,27.2,0.0,0.25,0.0,0.4,0.0,,,,26.11,1.75
1995,Middle East and Central Asia,,87.9894582,,,,,,,,,,164351.64,1288315.18,377731.22,,
1995,"Moldova, Rep. of",78.4,93.19189968,177.82,2282.47,31.8,0.0,0.0,7.42,3.56,0.29,0.02,,,,263.75,531.67
1995,Monaco,0.06,87.80487805,0.06,0.3,0.0,0.0,0.0,0.03,0.0,0.0,0.0,,,,0.02,0.3
1995,Mongolia,32.46,88.25172417,32225.17,5230.55,1493.03,0.0,62.01,2676.54,370.17,35603.92,69097.88,,,,9595.7,3.96
1995,Montenegro,0.0,,0.0,0.0,0.0,0.0,0.0,0.0,0.0,0.0,0.0,,,,0.0,0.0
1995,Montserrat,0.0,96.96923638,0.21,0.31,0.54,0.12,0.0,0.21,0.99,0.43,0.0,,,,7.16,0.31
1995,Morocco,83.11,104.7026571,1263.34,7064.48,71.62,0.0,0.0,2325.44,0.18,8799.57,19700.94,,,,1566.46,655.69
1995,"Mozambique, Rep. of",26.16,85.05953991,3516.27,8014.75,1550.57,491.09,0.0,14778.71,1487.04,40.75,550.63,,,,48202.65,505.04
1995,Myanmar,42.2,103.1980581,4313.57,17095.53,994.99,391.64,1.57,14905.96,58.78,0.41,0.91,,,,28211.64,1021.43
1995,Namibia,38.44,86.5382859,37545.67,1923.15,486.63,0.0,0.0,17782.69,145.37,4802.25,15396.52,,,,4523.28,9.43
1995,"Nauru, Rep. of",0.0,100.0,0.11,0.84,0.18,0.0,0.0,0.02,0.0,0.14,0.0,,,,0.03,0.84
1995,Nepal,10.92,101.6469185,3186.11,2975.19,30.53,0.0,488.22,538.34,2.29,10.3,190.35,,,,7285.35,82.23
1995,New Caledonia,1.38,91.5582837,62.24,149.27,58.92,55.23,0.0,112.85,0.0,93.9,0.0,,,,1206.3,127.95
1995,New Zealand,157.43,121.418701,13999.92,615.79,685.54,21.58,108.46,2304.32,118.45,162.19,969.59,,,,7847.96,71.87
1995,Nicaragua,13.74,99.04439963,1195.33,1324.55,1029.67,88.76,0.0,836.91,30.88,0.18,2.3,,,,8217.95,176.61
1995,Niger,6.98,99.51130797,15220.58,7643.45,62.11,0.0,0.0,1297.28,183.87,12661.1,80990.85,,,,831.29,8.2
1995,Nigeria,197.0,94.66724552,7796.69,39900.86,918.43,894.01,0.0,16028.69,380.73,45.3,24.89,,,,18970.02,6306.52
1995,Niue,0.03,100.0,0.78,1.31,0.53,0.0,0.0,0.46,0.0,0.0,0.0,,,,19.7,3.66
1995,Norfolk Island,0.0,96.4600906,0.36,1.27,0.33,0.0,0.0,0.09,0.0,0.0,0.05,,,,0.51,1.27
1995,"North Macedonia, Republic of ",14.69,103.9708201,462.06,763.49,50.88,0.0,0.0,143.46,1.14,3.46,10.56,,,,1032.35,62.99
1995,Northern Mariana Islands,0.02,100.0,16.48,9.79,3.45,0.03,0.0,0.53,0.0,0.07,0.02,,,,7.49,9.79
1995,Norway,135.19,82.90765897,3318.01,991.16,2339.38,0.0,3532.34,1510.68,3235.88,6605.39,3619.0,,,,13312.9,5.02
1995,Oceania,,95.25404641,,,,,,,,,,53191.38,318524.62,480785.18,,
1995,Oman,19.25,58.89317187,22.13,106.74,39.91,0.0,0.0,59.76,3.2,1844.25,28697.16,,,,40.5,163.93
1995,Pakistan,43.07,98.98123975,15983.4,24203.07,534.84,8.22,210.93,7224.99,381.21,2654.24,25007.05,,,,2463.38,449.74
1995,"Palau, Rep. of",0.05,70.95207922,1.3,0.39,4.94,4.05,0.0,1.18,0.0,0.09,0.0,,,,30.72,2.59
1995,Panama,12.28,97.86490381,428.58,992.91,124.39,134.49,0.0,381.76,8.55,0.64,4.45,,,,5114.39,307.8
1995,Papua New Guinea,15.72,84.28939966,943.96,827.74,786.37,628.24,0.0,665.17,0.0,401.36,0.88,,,,39695.93,2730.69
1995,Paraguay,28.17,79.137637,2777.05,4923.1,330.75,0.0,0.0,7101.72,2921.58,2.37,0.53,,,,21872.22,160.95
1995,Peru,132.08,104.7006577,16344.28,2425.15,1259.29,4.84,300.04,10301.29,237.35,6222.2,9474.07,,,,82753.05,425.03
1995,Philippines,79.5,109.7582601,2152.64,7276.79,908.17,553.26,0.0,1420.13,0.0,150.0,0.0,,,,11186.75,6058.25
1995,Pitcairn Islands,0.0,100.0,0.21,1.96,0.44,0.0,0.0,0.0,0.0,0.36,0.0,,,,0.0,1.96
1995,"Poland, Rep. of",299.61,101.8918525,3026.92,16834.97,457.52,0.0,0.0,601.73,91.77,10.79,2.64,,,,9387.39,432.43
1995,Portugal,86.95,119.7939673,1055.73,2428.81,98.12,0.0,0.0,1221.86,13.94,10.6,33.36,,,,3095.13,842.7
1995,Puerto Rico,56.12,78.87451488,83.9,65.82,20.66,6.0,0.0,15.1,15.85,0.04,0.03,,,,551.84,87.76
1995,Qatar,28.62,85.56098929,5.23,22.35,15.13,0.0,0.0,5.21,0.01,18.1,1053.8,,,,7.68,3.44
1995,Romania,279.96,100.2233688,2621.45,11830.12,278.47,0.0,0.0,246.91,300.42,8.92,7.15,,,,7511.35,722.2
1995,Russian Federation,1485.52,98.14931804,153107.2,155246.97,60766.8,0.0,5309.06,118738.43,86795.0,122656.1,31557.68,,,,955739.01,2313.48
1995,Rwanda,1.95,85.98857747,139.39,1160.74,159.09,0.0,0.0,217.26,80.75,0.02,0.0,,,,290.29,505.75
1995,Réunion,3.35,69.27023255,22.86,51.17,7.91,1.09,0.0,14.4,0.16,0.0,3.74,,,,141.12,6.2
1995,Saint Helena,1.4,99.16263523,9.4,0.9,2.08,0.0,0.0,1.25,0.0,18.45,3.18,,,,2.57,0.9
1995,Saint Pierre and Miquelon,0.07,38.88888889,0.6,0.0,3.15,0.0,0.0,9.93,4.67,0.1,0.36,,,,4.71,0.0
1995,Samoa,0.03,67.91874295,28.07,37.65,3.42,0.64,0.0,22.51,0.0,0.02,0.0,,,,122.54,70.88
1995,"San Marino, Rep. of",0.38,59.15361235,0.41,2.15,0.0,0.0,0.0,0.09,0.0,0.0,0.49,,,,0.44,2.15
1995,Saudi Arabia,151.5,91.392072,190.74,2362.59,170.32,2.43,0.0,438.41,9.02,7118.57,182765.82,,,,116.04,84.03
1995,Senegal,22.2,98.53730154,2267.01,5360.22,302.72,215.09,0.0,7398.76,354.26,43.2,12.7,,,,3678.31,66.2
1995,"Serbia, Rep. of",0.0,,0.0,0.0,0.0,0.0,0.0,0.0,0.0,0.0,0.0,,,,0.0,0.0
1995,Seychelles,0.13,246.1040678,3.07,4.35,11.18,7.53,0.0,2.04,0.0,0.22,0.67,,,,7.21,13.05
1995,Sierra Leone,9.43,86.98046851,577.28,2870.12,47.87,209.97,0.0,457.26,33.09,0.0,4.5,,,,2254.58,739.72
1995,Singapore,8.81,92.51396187,3.78,22.65,5.92,5.25,0.0,1.15,0.0,0.15,0.0,,,,7.65,4.53
1995,Slovak Rep.,85.56,98.35131791,380.6,1945.77,31.32,0.0,0.0,97.39,1.83,1.69,3.23,,,,2295.07,61.23
1995,"Slovenia, Rep. of",16.7,95.3548384,146.47,363.72,4.43,0.0,0.0,84.71,1.55,2.55,7.47,,,,1343.08,61.24
1995,Solomon Islands,0.65,69.4874851,4.32,5.18,112.24,133.27,0.0,2.84,0.0,0.17,0.0,,,,2559.68,23.73
1995,Somalia,26.36,98.65960133,7786.54,5030.34,91.46,1.34,0.0,37468.88,61.38,5376.61,5496.13,,,,2301.98,102.06
1995,South Africa,279.06,94.3020017,24145.4,12503.46,562.7,46.74,0.0,64380.13,259.53,9398.24,651.51,,,,9946.31,296.38
1995,"South Sudan, Rep. of",0.0,,0.0,0.0,0.0,0.0,0.0,0.0,0.0,0.0,0.0,,,,0.0,0.0
1995,Spain,237.07,102.1020641,7184.76,16456.74,411.82,0.0,0.0,6083.85,49.8,1250.43,503.52,,,,12937.63,5516.44
1995,Sri Lanka,48.07,79.71766335,430.58,1265.97,183.2,18.96,0.0,1114.83,0.02,7.38,1.53,,,,2154.73,1428.85
1995,St. Kitts and Nevis,0.25,81.91341664,2.54,3.88,1.39,0.19,0.0,0.53,0.29,0.0,0.0,,,,16.79,0.55
1995,St. Lucia,0.46,54.53646847,0.97,0.32,1.39,0.64,0.0,0.8,0.1,0.05,0.0,,,,53.72,2.25
1995,St. Vincent and the Grenadines,0.36,81.27949695,1.81,0.77,12.21,0.56,0.0,0.73,0.11,0.0,0.73,,,,33.99,1.29
1995,Sub-Saharan Africa,,97.33170548,,,,,,,,,,282404.69,293778.98,1429091.73,,
1995,Sudan,0.0,,0.0,0.0,0.0,0.0,0.0,0.0,0.0,0.0,0.0,,,,0.0,0.0
1995,Suriname,6.52,51.36684468,37.29,27.3,183.69,71.02,0.0,109.21,82.89,0.0,0.0,,,,14083.42,5.27
1995,Sweden,91.12,81.64082807,2064.44,2832.73,3816.92,0.0,23.79,1144.7,3239.67,1426.8,261.31,,,,29844.19,3.07
1995,Switzerland,72.65,96.67140149,1222.63,554.29,134.65,0.0,97.64,150.92,1.8,108.9,250.8,,,,1499.29,30.9
1995,Syrian Arab Rep.,66.29,104.2778167,463.56,4288.42,124.5,0.0,0.0,230.05,0.3,926.49,11859.07,,,,265.38,628.21
1995,"São Tomé and Príncipe, Dem. Rep. of",0.83,115.5172414,1.84,1.18,2.65,1.07,0.0,1.36,0.02,0.04,0.0,,,,84.28,6.78
1995,Taiwan Province of China,50.72,92.74882995,91.07,762.33,68.47,26.41,0.0,30.8,43.75,4.14,0.0,,,,2285.88,264.7
1995,"Tajikistan, Rep. of",8.82,100.9282298,6697.91,2189.74,137.79,0.0,1085.06,652.72,5.81,490.02,2402.08,,,,252.45,298.37
1995,"Tanzania, United Rep. of",28.56,99.40542356,5595.44,20948.76,6190.17,53.62,0.0,17650.9,4319.83,80.98,223.4,,,,37138.0,2353.79
1995,Thailand,98.61,106.8070548,3979.53,24633.85,867.84,327.17,0.0,5490.77,11.87,30.47,0.24,,,,11241.9,5156.36
1995,"Timor-Leste, Dem. Rep. of",3.79,115.5248309,165.91,573.58,13.27,8.88,0.0,125.93,0.0,3.14,0.0,,,,339.46,264.73
1995,Togo,11.0,97.38052612,272.77,2132.46,13.62,0.64,0.0,1403.89,1.78,0.02,4.46,,,,1775.83,98.27
1995,Tokelau,0.01,100.0,0.0,0.0,1.57,0.0,0.0,0.0,0.0,0.0,0.0,,,,0.0,0.0
1995,Tonga,0.07,85.55356294,4.03,12.65,9.32,1.04,0.0,2.6,0.0,0.16,0.0,,,,29.94,10.28
1995,Trinidad and Tobago,5.28,94.32789433,26.38,43.28,7.15,2.48,0.0,15.71,1.71,0.1,0.0,,,,382.69,32.46
1995,Tunisia,56.36,104.2870482,270.08,2443.35,162.21,0.0,0.0,132.19,0.35,1874.1,8649.24,,,,297.32,1750.41
1995,Turkmenistan,7.41,93.44465178,1396.66,3876.78,9063.84,0.0,0.0,6743.21,1.46,1165.45,33125.06,,,,67.83,133.68
1995,Turks and Caicos Islands,0.08,82.14285714,7.41,0.84,6.52,3.06,0.0,1.05,16.86,0.04,0.0,,,,16.55,0.84
1995,Tuvalu,0.01,100.0,0.1,0.45,3.47,0.0,0.0,0.05,0.0,0.09,0.0,,,,0.08,0.45
1995,"Türkiye, Rep. of",309.71,104.3858579,14203.36,32195.47,1360.51,0.0,0.0,6646.5,206.08,3410.82,1609.04,,,,15077.26,3213.8
1995,Uganda,15.83,94.201284,1734.6,7432.54,3733.69,0.0,0.0,2961.07,377.25,0.0,0.15,,,,5187.94,2864.32
1995,Ukraine,838.49,101.112672,4305.85,42945.69,1415.42,0.0,0.0,532.13,49.04,105.59,43.1,,,,8415.86,1345.68
1995,United Arab Emirates,142.18,83.19158563,32.38,130.28,25.78,1.4,0.0,5.65,0.91,336.01,6314.77,,,,39.65,121.19
1995,United Kingdom,718.02,97.82931576,11771.12,6586.67,461.86,0.0,0.0,765.27,1446.06,500.3,62.27,,,,2002.5,63.25
1995,United States,6608.82,97.65882243,199732.98,151495.92,18875.3,191.68,6536.75,202425.31,12309.0,18603.05,18222.34,,,,295769.83,1916.2
1995,United States Virgin Islands,2.81,104.6235139,3.25,5.11,4.01,0.96,0.0,0.35,2.07,0.0,0.0,,,,15.79,1.7
1995,Uruguay,26.54,103.452659,11573.28,2824.25,428.32,0.0,0.0,813.04,287.7,1.09,3.24,,,,1775.86,97.31
1995,"Uzbekistan, Rep. of",52.2,101.0196491,3241.14,7829.74,2186.4,0.0,37.42,4421.03,67.69,2248.87,24089.82,,,,243.0,643.88
1995,Vanuatu,0.28,641.2408759,33.63,34.86,36.61,18.31,0.0,19.56,0.0,0.68,2.33,,,,900.54,183.01
1995,"Venezuela, Rep. Bolivariana de",137.17,96.66022361,18104.61,7804.13,1327.07,315.61,0.05,7439.48,1927.65,543.13,103.47,,,,51751.64,2356.59
1995,Vietnam,79.66,124.0084787,1893.05,9994.64,760.76,170.09,0.0,5738.27,58.48,6.1,18.54,,,,11731.17,2493.57
1995,Wallis and Futuna Islands,0.03,100.0,1.1,0.72,3.76,0.0,0.0,0.86,0.0,0.0,0.0,,,,4.49,3.6
1995,West Bank and Gaza,9.31,99.38655408,38.58,105.42,19.12,0.0,0.0,30.9,0.0,119.01,124.03,,,,31.65,146.18
1995,Western Sahara,0.82,82.02695106,0.47,3.47,14.3,0.0,0.0,0.0,0.0,19.77,26937.09,,,,0.16,3.47
1995,"Yemen, Rep. of",6.55,111.4649105,178.21,1803.92,123.41,0.13,0.0,1658.75,0.9,5234.47,36034.64,,,,452.05,113.78
1995,Zambia,27.4,90.40412488,3180.08,7513.64,1398.57,0.0,0.0,13038.12,2740.88,0.0,3.82,,,,47598.32,63.41
1995,Zimbabwe,28.02,93.9270349,2937.35,12556.49,437.99,0.0,0.0,11683.75,27.58,17.61,92.48,,,,11089.7,403.75
1996,"Afghanistan, Islamic Rep. of",27.23,98.9951631,24044.98,5785.1,207.97,0.0,317.57,3306.66,5.92,4220.79,25108.36,,,,1240.82,83.22
1996,Africa,,94.77817607,,,,,,,,,,313865.96,904802.59,1506910.38,,
1996,Albania,14.0,95.50269343,403.61,987.68,55.52,0.0,0.0,324.11,6.5,32.68,51.48,,,,780.91,213.97
1996,Algeria,91.68,94.40024932,827.19,8386.85,162.2,0.0,0.0,2061.44,2.06,9071.82,209026.34,,,,1522.84,578.75
1996,American Samoa,0.01,99.56722353,1.48,2.59,1.36,0.16,0.0,1.05,0.0,0.02,0.0,,,,8.21,5.19
1996,Americas,,94.73540589,,,,,,,,,,454954.4,307308.79,3185287.09,,
1996,"Andorra, Principality of",0.2,90.85204693,11.56,0.3,0.0,0.0,0.0,0.81,0.0,5.27,2.33,,,,27.04,0.3
1996,Angola,25.81,93.64102987,17876.26,5312.64,227.75,19.72,0.0,23370.65,718.52,43.19,2674.85,,,,74800.55,354.18
1996,Anguilla,0.05,74.90660025,4.81,0.04,1.22,0.05,0.0,0.12,0.91,0.0,0.02,,,,0.77,0.04
1996,Antigua and Barbuda,0.62,87.31707317,14.16,1.17,6.86,0.5,0.0,0.93,4.08,0.02,0.0,,,,17.41,0.29
1996,Argentina,334.42,92.94273562,14626.2,49890.03,4427.82,0.0,685.92,95967.48,8485.55,46788.23,12639.9,,,,42921.0,1870.05
1996,"Armenia, Rep. of",29.99,98.39477033,677.77,843.3,129.59,0.0,0.0,441.03,1.4,43.47,44.97,,,,649.25,104.94
1996,"Aruba, Kingdom of the Netherlands",0.13,31.98118843,2.98,0.57,0.77,0.02,0.0,11.41,0.25,1.18,0.0,,,,0.16,0.57
1996,Asia,,100.1743781,,,,,,,,,,677729.76,986723.37,1456016.84,,
1996,Australia,633.67,95.15167787,127843.72,50667.72,1527.51,2536.62,0.0,184247.05,10044.7,280399.0,36938.1,,,,76549.88,570.22
1996,Austria,88.8,94.95407963,1426.35,1659.35,69.06,0.0,34.13,289.17,12.67,112.7,196.36,,,,4414.13,89.44
1996,"Azerbaijan, Rep. of",34.43,94.94384715,956.98,3448.45,8014.73,0.0,0.0,982.19,3.35,889.11,456.73,,,,1202.52,507.95
1996,"Bahamas, The",7.06,93.38634002,155.51,12.0,287.42,79.42,0.0,34.91,270.03,3.4,1.18,,,,399.03,4.0
1996,"Bahrain, Kingdom of",10.76,69.51219512,1.54,0.64,3.85,0.0,0.0,0.18,0.09,2.21,44.73,,,,2.31,1.28
1996,Bangladesh,16.71,108.8021689,916.53,9390.01,1217.39,413.52,0.0,860.34,35.92,0.6,7.56,,,,764.57,415.74
1996,Barbados,3.35,103.6592293,4.01,25.05,0.91,0.0,0.0,1.48,0.28,0.04,0.0,,,,7.02,1.57
1996,"Belarus, Rep. of",63.06,99.41193372,1225.68,9827.11,214.97,0.0,0.0,447.5,41.15,1.35,0.09,,,,8666.0,230.3
1996,Belgium,0.0,,0.0,0.0,0.0,0.0,0.0,0.0,0.0,0.0,0.0,,,,0.0,0.0
1996,Belize,0.48,67.9904279,63.71,75.86,65.13,48.42,0.0,81.58,12.04,0.02,0.64,,,,1807.68,40.94
1996,Benin,15.71,102.5823674,421.29,3178.8,23.79,6.73,0.0,4139.64,2.28,0.06,1.05,,,,3464.86,342.33
1996,Bermuda,0.19,100.0,0.04,0.08,3.05,0.0,0.0,0.01,0.74,1.99,0.0,,,,0.05,0.08
1996,Bhutan,0.03,96.64679083,539.7,60.78,1.13,0.0,104.63,246.44,0.05,4.78,6.43,,,,2810.3,7.65
1996,Bolivia,57.13,74.28372026,11113.64,4053.86,1229.2,0.0,85.87,11084.8,2870.12,7372.74,8795.84,,,,62148.89,245.64
1996,Bosnia and Herzegovina,18.65,90.02649286,687.67,1058.92,24.43,0.0,0.0,247.22,5.87,3.14,1.17,,,,2927.61,141.19
1996,Botswana,15.16,90.143001,4030.27,2657.2,41.43,0.0,0.0,45605.2,757.62,64.43,917.27,,,,4040.62,7.7
1996,Brazil,1116.48,88.92926289,64419.37,128256.16,11708.0,648.42,0.0,148765.58,13234.7,165.56,449.39,,,,461485.82,23540.39
1996,British Virgin Islands,0.58,44.28571429,1.42,0.04,3.17,1.32,0.0,0.05,2.32,0.03,0.0,,,,6.4,0.02
1996,Brunei Darussalam,1.16,117.3840176,10.41,27.67,10.91,18.65,0.0,7.51,0.0,0.21,0.0,,,,489.91,27.67
1996,Bulgaria,113.98,100.5892399,789.23,5336.75,120.86,0.0,0.0,373.15,10.39,12.61,60.29,,,,4067.26,252.68
1996,Burkina Faso,14.0,100.2999044,5840.01,15605.78,93.1,0.0,0.0,4127.73,26.1,86.14,88.45,,,,1300.69,313.91
1996,Burundi,2.18,93.02814367,475.83,1039.86,200.34,0.0,0.0,290.0,23.73,0.0,0.0,,,,262.29,409.31
1996,Cabo Verde,2.23,100.2318645,49.57,19.85,36.01,0.0,0.0,142.74,2.83,5.6,140.28,,,,8.45,1.42
1996,Cambodia,5.43,87.6341486,1048.31,5910.0,408.3,43.05,0.0,1537.37,476.34,0.28,1.79,,,,8614.17,207.65
1996,Cameroon,29.35,96.29100319,1658.76,4655.37,374.7,233.56,0.0,2591.7,172.16,0.17,2.19,,,,36187.8,937.32
1996,Canada,600.77,98.65744289,158937.43,51969.73,103328.0,0.0,18314.8,52035.95,11562.3,108838.64,39391.56,,,,437899.37,217.43
1996,Cayman Islands,0.27,65.94594595,0.63,0.95,2.73,8.47,0.0,0.32,0.76,0.04,0.0,,,,9.58,2.39
1996,Central African Rep.,8.95,87.667483,4998.1,783.02,83.7,0.0,0.0,5089.03,24.08,0.0,0.19,,,,51340.09,37.69
1996,Chad,15.83,94.40679187,15882.78,17675.35,367.89,0.0,0.0,15714.77,670.4,6886.12,63981.81,,,,5880.68,155.96
1996,Chile,111.59,118.5563805,5056.4,2859.21,2759.35,0.0,2797.08,14635.36,118.33,11785.99,14021.2,,,,20898.23,453.73
1996,"China, P.R.: Hong Kong",10.89,113.807653,10.13,17.73,14.28,1.98,0.0,11.16,0.36,0.05,0.02,,,,39.49,2.95
1996,"China, P.R.: Macao",0.45,80.99085366,0.14,0.21,0.4,0.0,0.0,0.02,0.02,0.0,0.0,,,,0.15,0.21
1996,"China, P.R.: Mainland",2898.69,100.8121035,288981.99,200591.67,12336.3,126.08,6286.23,25227.41,3094.52,21662.65,172600.97,,,,184643.94,17985.16
1996,Colombia,136.22,139.2531922,16716.2,5865.23,1199.74,357.45,6.73,6974.19,2373.73,575.69,23.78,,,,76289.17,4008.99
1996,"Comoros, Union of the",1.22,96.96384131,12.96,7.74,4.46,0.81,0.0,18.86,0.0,0.0,0.0,,,,114.31,5.24
1996,"Congo, Dem. Rep. of the",76.6,90.56156573,7303.4,18289.39,4366.49,246.98,0.0,8434.63,4847.79,3.49,27.22,,,,188137.92,2729.76
1996,"Congo, Rep. of",11.83,107.8126262,2240.8,2610.21,287.7,75.91,0.0,2325.93,94.75,0.19,0.04,,,,26394.9,246.25
1996,Cook Islands,0.01,146.8926554,1.27,2.59,3.52,0.0,0.0,0.86,0.08,1.23,0.0,,,,10.91,4.09
1996,Costa Rica,17.35,112.1906419,337.59,330.8,43.07,32.93,0.0,291.83,3.5,0.0,2.31,,,,3618.93,448.95
1996,"Croatia, Rep. of",37.33,92.64525506,548.18,1863.85,95.79,0.0,0.0,263.91,27.06,30.89,8.93,,,,2545.23,236.29
1996,Cuba,43.74,101.0340342,1252.63,3513.83,420.75,396.64,0.0,446.59,217.07,1.08,0.43,,,,4252.59,554.55
1996,Cyprus,10.41,86.5083686,84.71,217.17,17.79,0.0,0.0,114.21,0.66,136.73,80.8,,,,177.92,94.33
1996,Czech Rep.,139.26,99.4184815,956.54,3617.63,59.56,0.0,0.0,223.77,7.36,5.15,0.36,,,,2780.66,85.53
1996,Côte d'Ivoire,66.85,107.9919429,1275.91,6095.89,276.54,11.11,0.0,4300.63,7.58,0.02,0.09,,,,12629.79,7721.46
1996,Denmark,82.97,101.2695848,502.62,2925.8,269.65,0.0,0.0,88.28,56.86,0.94,2.18,,,,494.4,11.34
1996,Djibouti,1.21,79.99963308,69.54,1.31,21.25,0.75,0.0,24.61,93.88,23.6,1941.55,,,,1.83,0.79
1996,Dominica,0.19,70.97717537,0.19,0.03,1.29,3.15,0.0,0.03,0.0,0.26,0.0,,,,69.97,0.12
1996,Dominican Rep.,31.77,104.5619694,827.59,931.66,53.51,18.53,0.0,180.51,212.81,2.15,0.49,,,,2136.32,438.43
1996,Ecuador,55.79,130.2607297,1834.17,1384.29,300.51,189.79,12.45,3028.08,110.92,35.3,348.52,,,,17271.6,1192.2
1996,"Egypt, Arab Rep. of",84.55,104.7160363,251.1,3808.11,798.98,2.12,0.0,102.46,1109.06,1205.98,90766.7,,,,24.7,654.71
1996,El Salvador,16.75,96.83718,96.68,314.58,48.17,40.13,0.0,86.41,1.59,0.0,1.29,,,,1340.3,139.75
1996,Emerging and Developing Countries Asia excluding China,,102.9653414,,,,,,,,,,295854.14,108910.34,590197.52,,
1996,Emerging and Developing Countries Europe,,98.65096576,,,,,,,,,,290849.86,159693.92,1497081.44,,
1996,Emerging and Developing Economies,,97.81506416,,,,,,,,,,1482252.72,2167237.21,6096854.57,,
1996,"Equatorial Guinea, Rep. of",1.13,27.14792046,23.02,31.92,19.07,40.32,0.0,13.17,0.88,0.0,0.0,,,,2440.45,147.17
1996,"Eritrea, The State of",7.48,99.46340354,2438.25,1693.05,88.28,7.2,0.0,1695.38,20.31,720.28,5061.29,,,,435.9,9.18
1996,"Estonia, Rep. of",13.35,81.46935122,319.43,812.15,250.68,0.0,0.0,120.57,179.87,2.95,0.6,,,,2810.35,11.02
1996,"Eswatini, Kingdom of",1.87,83.31440698,246.89,445.67,5.89,0.0,0.0,187.6,8.63,0.23,23.0,,,,786.54,30.04
1996,"Ethiopia, The Federal Dem. Rep. of",27.11,102.9224108,11079.91,18846.14,768.81,0.0,0.0,50708.55,250.39,865.48,7599.62,,,,22390.5,1087.83
1996,Europe,,98.02294536,,,,,,,,,,365975.53,176671.93,1728013.48,,
1996,Falkland Islands (Malvinas),0.01,740.0,1033.89,0.36,65.75,0.0,0.0,35.28,0.02,7.96,8.22,,,,54.84,0.36
1996,Faroe Islands,0.0,100.0,98.07,1.27,5.91,0.0,0.0,12.06,2.46,6.68,0.51,,,,10.58,1.27
1996,"Fiji, Rep. of",1.77,120.0020874,62.13,228.19,61.07,43.78,0.0,40.37,0.0,4.36,0.0,,,,1246.49,141.58
1996,Finland,36.53,85.7420618,692.62,2145.56,3318.07,0.0,0.0,777.78,3027.67,658.59,15.41,,,,22874.44,2.63
1996,France,714.99,98.75869291,11051.98,24480.74,441.03,0.0,25.03,1347.0,164.42,253.64,214.64,,,,14601.48,1563.78
1996,French Polynesia,0.41,131.9388091,20.33,15.08,86.91,1.84,0.0,13.75,0.0,38.36,0.0,,,,126.38,100.52
1996,Gabon,8.28,85.36059068,648.02,587.12,293.99,216.25,0.0,685.05,25.05,0.05,0.0,,,,23809.9,307.11
1996,"Gambia, The",5.55,98.60825554,49.71,585.69,94.49,135.64,0.0,140.67,4.52,0.0,1.4,,,,95.37,15.41
1996,Georgia,43.64,93.03301924,912.29,1252.71,34.56,0.0,37.86,609.06,9.15,47.12,116.51,,,,3461.87,457.13
1996,Germany,1109.55,100.022059,6352.6,15573.75,452.25,0.0,0.0,831.5,110.54,30.09,12.16,,,,10898.68,301.34
1996,Ghana,87.65,97.45418724,866.98,6245.6,531.81,25.35,0.0,5129.27,67.97,0.53,81.5,,,,7697.77,3317.98
1996,Gibraltar,0.3,94.16154522,0.06,0.03,0.02,0.0,0.0,0.07,0.02,0.0,0.0,,,,0.14,0.03
1996,Greece,89.54,108.9945719,1406.77,3540.14,356.02,0.0,0.0,3050.62,20.79,71.59,268.41,,,,3095.76,1371.96
1996,Greenland,0.06,100.0,6118.77,0.0,5544.14,0.0,175240.0,1015.41,104.35,26506.1,680.25,,,,130.92,0.0
1996,Grenada,0.41,58.17363223,1.8,0.05,1.46,0.16,0.0,0.14,0.01,0.0,0.0,,,,27.78,0.41
1996,Guadeloupe,2.02,51.86265841,9.53,20.64,5.84,3.29,0.0,2.15,3.81,0.05,0.02,,,,116.86,6.52
1996,Guam,0.01,146.3414634,48.45,0.59,1.92,0.0,0.0,0.14,0.0,0.02,0.0,,,,0.37,2.97
1996,Guatemala,35.35,98.11743618,965.62,972.16,136.14,32.58,0.0,595.72,22.57,0.0,1.95,,,,7817.33,392.15
1996,Guinea,20.18,99.57736569,799.48,2858.71,91.94,242.12,0.0,3952.27,1.47,0.0,1.33,,,,15858.22,627.14
1996,Guinea-Bissau,1.49,103.7443554,102.91,308.8,50.62,268.96,0.0,176.39,1.33,0.03,1.6,,,,2005.22,162.41
1996,Guyana,8.89,84.25303225,256.89,147.45,121.79,8.23,0.0,1084.5,123.48,1.91,2.88,,,,19547.19,9.14
1996,Haiti,14.06,95.65865559,1477.49,284.48,42.53,12.49,0.0,51.04,294.56,6.29,0.01,,,,428.71,106.68
1996,Holy See,0.05,100.0,0.01,0.0,0.0,0.0,0.0,0.0,0.0,0.0,0.0,,,,0.01,0.0
1996,Honduras,19.0,129.633184,1169.0,962.35,130.04,59.13,0.0,742.09,15.44,0.09,0.58,,,,7967.72,210.51
1996,Hungary,145.9,100.428352,1077.81,5895.95,134.52,0.0,0.0,86.58,53.98,1.84,1.05,,,,1634.08,275.74
1996,Iceland,2.6,82.27848101,3604.22,0.0,333.07,0.0,1102.48,75.27,722.66,2329.11,2006.96,,,,37.05,0.0
1996,India,662.96,102.4976026,25050.46,182507.99,4826.87,321.09,783.16,22456.36,707.75,513.75,1212.45,,,,48820.73,9634.02
1996,Indonesia,805.74,103.2799025,9191.36,22341.15,4000.25,4003.25,0.0,6842.27,0.0,1612.0,0.0,,,,123905.81,17246.81
1996,"Iran, Islamic Rep. of",199.96,94.59430017,6935.6,22546.28,6535.54,0.74,0.0,6813.79,70.61,16256.77,103955.39,,,,3134.51,1753.91
1996,Iraq,60.63,97.68541494,912.98,7876.23,693.62,0.0,0.0,352.74,18.15,944.62,32127.95,,,,231.8,492.26
1996,Ireland,33.53,91.46073579,4824.19,438.8,195.55,0.0,0.0,163.47,859.63,24.72,25.21,,,,399.57,3.26
1996,Isle of Man,0.77,88.00622895,39.7,3.04,1.15,0.0,0.0,2.57,0.0,0.02,0.82,,,,5.78,3.04
1996,Israel,30.83,98.56855969,82.16,391.28,49.7,0.0,0.0,63.1,0.09,84.87,1207.36,,,,70.95,96.66
1996,Italy,555.85,100.0671211,3273.52,10893.84,397.2,0.0,42.31,1288.07,31.83,239.84,859.52,,,,9103.52,3496.17
1996,Jamaica,15.02,66.58091688,72.44,60.57,10.47,8.75,0.0,12.05,6.13,0.19,0.0,,,,874.8,42.98
1996,Japan,989.45,94.56313312,1286.92,7066.67,956.28,2.84,0.0,863.8,71.27,7.22,3.96,,,,25581.7,601.94
1996,Jordan,20.78,93.18669796,39.58,353.16,47.91,0.0,0.0,9.21,0.04,167.86,8127.17,,,,14.35,156.96
1996,"Kazakhstan, Rep. of",136.57,85.21933202,89198.48,40147.04,18952.6,0.0,113.64,20567.73,1187.08,66724.2,38587.97,,,,8073.57,170.28
1996,Kenya,5.7,96.98268019,14314.53,10633.06,1241.63,17.1,0.0,20566.91,899.34,417.43,2788.24,,,,6653.66,1092.67
1996,Kiribati,0.02,92.02898551,2.8,2.52,84.16,0.05,0.0,0.29,0.0,9.33,0.0,,,,1.44,44.08
1996,"Korea, Dem. People's Rep. of",49.73,93.50688394,304.97,3305.05,207.86,0.0,0.0,125.53,5.13,52.16,17.82,,,,7904.25,287.4
1996,"Korea, Rep. of",119.51,87.59682141,297.32,3145.84,258.48,0.0,0.0,124.7,5.87,61.0,40.97,,,,5515.73,360.56
1996,Kuwait,10.83,86.21206243,3.91,31.19,13.44,0.0,0.0,4.89,10.0,15.04,1647.67,,,,3.05,5.2
1996,Kyrgyz Rep.,3.89,96.58870346,8704.47,3604.67,720.02,0.0,609.51,836.01,0.0,2057.7,1832.79,,,,1386.12,180.63
1996,Lao People's Dem. Rep.,3.31,89.75457531,1314.89,2614.5,203.35,0.0,0.0,7828.76,88.56,0.0,0.0,,,,10867.01,241.14
1996,Latin America and the Caribbean,,92.05211903,,,,,,,,,,243985.07,122231.95,1665431.41,,
1996,Latvia,17.21,88.83125663,613.58,1507.01,123.57,0.0,0.0,171.87,118.92,0.1,0.09,,,,3865.07,22.75
1996,Lebanon,10.23,108.2581643,59.9,283.81,2.32,0.0,0.0,225.82,0.0,124.29,52.24,,,,48.01,209.37
1996,"Lesotho, Kingdom of",2.83,93.53327428,1440.15,654.66,6.98,0.0,0.0,757.47,0.9,0.16,0.72,,,,183.87,8.13
1996,Liberia,12.58,84.37495038,360.37,2644.48,48.94,27.3,0.0,175.85,3.22,0.0,0.0,,,,5266.76,1133.35
1996,Libya,40.72,98.61758914,140.58,1750.12,60.38,0.0,0.0,203.46,23.93,3851.14,155777.93,,,,152.52,291.69
1996,Liechtenstein,0.13,62.71800818,3.25,0.76,0.07,0.0,0.0,0.56,0.02,0.04,0.15,,,,9.2,0.76
1996,Lithuania,33.1,101.2999015,643.45,3310.05,120.4,0.0,0.0,193.39,29.78,0.62,0.88,,,,2095.59,50.82
1996,Luxembourg,0.0,,0.0,0.0,0.0,0.0,0.0,0.0,0.0,0.0,0.0,,,,0.0,0.0
1996,"Madagascar, Rep. of",22.36,93.09158591,22015.0,3391.6,493.87,143.46,0.0,9076.8,280.04,58.21,331.8,,,,22662.51,678.32
1996,Malawi,11.46,83.04309532,574.08,4504.61,2463.75,0.0,0.0,376.41,215.03,0.34,12.73,,,,3539.16,244.0
1996,Malaysia,127.36,104.0145878,1517.28,794.74,457.93,625.2,0.0,1197.55,0.0,8.37,0.0,,,,23314.67,5152.74
1996,Maldives,0.08,60.26592242,0.33,1.77,106.26,0.02,0.0,0.65,0.0,0.86,0.18,,,,0.42,2.36
1996,Mali,13.46,93.99409159,15262.37,20188.23,407.32,0.0,0.0,10246.38,302.44,4308.19,71462.47,,,,3106.91,534.79
1996,Malta,4.02,97.92618825,1.76,15.05,1.6,0.0,0.0,0.48,0.0,0.35,5.62,,,,1.29,1.5
1996,"Marshall Islands, Rep. of the",0.05,84.21052632,0.15,0.11,161.27,0.0,0.0,0.04,0.0,2.9,0.0,,,,0.13,1.81
1996,Martinique,1.92,67.75021386,3.87,6.0,3.16,1.84,0.0,2.96,0.29,0.0,0.0,,,,83.32,8.01
1996,"Mauritania, Islamic Rep. of",17.61,93.73212624,11800.26,1644.12,70.98,3.11,0.0,763.04,184.05,4316.57,85288.23,,,,256.29,36.54
1996,Mauritius,6.19,80.37288372,14.22,87.1,7.12,1.09,0.0,11.01,0.07,0.03,0.08,,,,70.42,4.79
1996,Mayotte,0.18,80.48780488,2.03,0.15,2.74,1.92,0.0,2.96,0.01,0.0,0.0,,,,28.02,0.31
1996,Mexico,616.42,96.37754868,17501.79,24221.4,1737.38,746.13,0.0,72046.35,124.28,60.56,2779.41,,,,73561.32,2558.94
1996,"Micronesia, Federated States of",3.11,99.81275468,0.9,1.75,48.84,27.2,0.0,0.25,0.0,0.4,0.0,,,,26.11,1.75
1996,Middle East and Central Asia,,88.17871507,,,,,,,,,,164705.06,1288509.55,377182.49,,
1996,"Moldova, Rep. of",81.02,93.80362259,177.82,2295.34,32.73,0.0,0.0,7.41,3.63,0.29,0.02,,,,266.43,512.5
1996,Monaco,0.06,87.80487805,0.06,0.3,0.0,0.0,0.0,0.03,0.0,0.0,0.0,,,,0.02,0.3
1996,Mongolia,33.45,88.54039152,32244.55,5246.77,1491.9,0.0,62.01,2679.15,370.14,35569.72,69127.24,,,,9562.34,3.97
1996,Montenegro,0.0,,0.0,0.0,0.0,0.0,0.0,0.0,0.0,0.0,0.0,,,,0.0,0.0
1996,Montserrat,0.0,96.96923638,0.21,0.31,0.54,0.12,0.0,0.21,0.99,0.43,0.0,,,,7.16,0.31
1996,Morocco,85.16,104.5717644,1252.73,7053.51,71.65,0.0,0.0,2322.71,0.18,8836.77,19669.5,,,,1564.07,674.64
1996,"Mozambique, Rep. of",26.59,85.68771466,3525.49,8073.7,1544.18,491.72,0.0,14782.99,1503.82,40.78,552.47,,,,48115.94,505.95
1996,Myanmar,43.53,103.0764239,4311.95,17073.97,995.72,397.6,1.57,14703.07,58.28,0.41,0.91,,,,28386.95,1064.55
1996,Namibia,40.54,86.62394508,37574.15,1922.99,486.84,0.0,0.0,17783.01,145.44,4779.1,15388.49,,,,4523.37,9.43
1996,"Nauru, Rep. of",0.0,100.0,0.11,0.84,0.18,0.0,0.0,0.02,0.0,0.14,0.0,,,,0.03,0.84
1996,Nepal,11.02,101.3404223,3184.06,2966.09,30.53,0.0,488.22,534.0,2.29,10.3,190.27,,,,7289.92,93.15
1996,New Caledonia,1.38,91.33851401,62.16,148.91,53.85,55.62,0.0,112.75,0.0,94.42,0.0,,,,1211.33,127.64
1996,New Zealand,162.05,120.4764767,13998.06,605.17,689.64,21.56,108.45,2304.86,118.47,162.09,970.17,,,,7852.44,70.15
1996,Nicaragua,14.02,99.09043813,1201.62,1324.89,1032.44,88.7,0.0,842.97,30.85,0.18,2.3,,,,8195.01,183.88
1996,Niger,7.29,99.61261795,15267.32,7650.93,61.92,0.0,0.0,1295.65,183.87,12638.99,80961.45,,,,830.1,8.21
1996,Nigeria,200.94,95.36551511,7780.39,40192.71,916.8,893.18,0.0,15655.54,380.19,45.98,23.61,,,,19059.6,6314.26
1996,Niue,0.03,100.0,0.78,1.31,0.53,0.0,0.0,0.46,0.0,0.0,0.0,,,,19.7,3.66
1996,Norfolk Island,0.0,96.4600906,0.36,1.27,0.33,0.0,0.0,0.09,0.0,0.0,0.05,,,,0.51,1.27
1996,"North Macedonia, Republic of ",15.06,104.1481091,461.87,764.45,51.02,0.0,0.0,143.24,1.14,3.46,10.52,,,,1032.82,61.51
1996,Northern Mariana Islands,0.02,100.0,16.48,9.79,3.45,0.03,0.0,0.53,0.0,0.07,0.02,,,,7.49,9.79
1996,Norway,141.85,83.28303498,3327.53,989.6,2338.46,0.0,3532.34,1514.03,3219.86,6619.21,3621.14,,,,13295.97,4.97
1996,Oceania,,95.33848277,,,,,,,,,,53238.52,318894.46,480368.03,,
1996,Oman,20.25,60.0009736,19.5,108.11,39.64,0.0,0.0,59.14,3.24,1843.25,28697.38,,,,40.31,166.03
1996,Pakistan,44.0,98.90400168,15993.82,24183.22,525.64,8.22,210.93,7191.17,381.55,2655.1,25017.98,,,,2460.14,492.37
1996,"Palau, Rep. of",0.05,70.95207922,1.3,0.39,4.94,4.05,0.0,1.18,0.0,0.09,0.0,,,,30.72,2.59
1996,Panama,12.83,97.95252746,430.06,993.26,128.08,134.61,0.0,382.21,8.52,0.62,4.44,,,,5107.7,307.91
1996,Papua New Guinea,16.09,83.52202235,943.79,819.69,786.45,629.83,0.0,665.16,0.0,402.32,0.88,,,,39695.29,2736.5
1996,Paraguay,28.88,79.41830376,2782.17,4939.95,336.99,0.0,0.0,7095.74,2919.84,2.37,0.53,,,,21850.47,161.5
1996,Peru,134.11,104.7489785,16351.31,2424.3,1281.79,4.67,300.03,10285.1,241.02,6227.93,9473.65,,,,82716.55,438.2
1996,Philippines,81.37,108.0521972,2151.63,7160.58,905.75,556.47,0.0,1420.29,0.0,151.03,0.0,,,,11203.16,6155.23
1996,Pitcairn Islands,0.0,100.0,0.21,1.96,0.44,0.0,0.0,0.0,0.0,0.36,0.0,,,,0.0,1.96
1996,"Poland, Rep. of",307.2,101.6148674,3010.8,16780.79,459.33,0.0,0.0,588.09,91.56,10.8,2.64,,,,9481.13,413.41
1996,Portugal,90.05,118.3317699,1055.71,2395.0,97.05,0.0,0.0,1221.66,13.97,10.49,33.25,,,,3095.83,874.18
1996,Puerto Rico,58.66,79.31994966,83.65,63.97,20.68,6.01,0.0,14.9,15.76,0.03,0.03,,,,554.15,85.29
1996,Qatar,28.62,83.22766037,5.23,20.96,14.61,0.0,0.0,5.24,0.01,18.14,1054.21,,,,7.71,4.84
1996,Romania,288.48,100.4898602,2625.14,11853.78,283.63,0.0,0.0,244.7,297.9,9.02,6.74,,,,7505.62,691.9
1996,Russian Federation,1516.73,98.21359299,153218.82,155318.39,61072.0,0.0,5309.06,119095.07,86606.0,122606.69,31698.4,,,,954871.94,2402.05
1996,Rwanda,1.97,87.66813143,138.74,1183.43,162.74,0.0,0.0,217.21,80.94,0.02,0.0,,,,287.35,482.84
1996,Réunion,3.35,69.27298148,22.86,51.17,8.0,1.09,0.0,14.4,0.16,0.0,3.74,,,,141.02,6.2
1996,Saint Helena,1.4,99.16263523,9.4,0.9,2.08,0.0,0.0,1.25,0.0,18.45,3.18,,,,2.57,0.9
1996,Saint Pierre and Miquelon,0.07,38.88888889,0.6,0.0,3.15,0.0,0.0,9.93,4.67,0.1,0.36,,,,4.71,0.0
1996,Samoa,0.03,67.91874295,28.07,37.65,3.42,0.64,0.0,22.51,0.0,0.02,0.0,,,,122.54,70.88
1996,"San Marino, Rep. of",0.41,59.85503858,0.41,2.15,0.0,0.0,0.0,0.09,0.0,0.0,0.46,,,,0.44,2.15
1996,Saudi Arabia,154.24,91.08570042,188.77,2351.42,166.29,2.45,0.0,436.34,9.05,7116.91,182780.05,,,,114.14,89.65
1996,Senegal,22.43,98.63704302,2266.2,5365.43,305.46,212.19,0.0,7379.49,354.47,41.5,12.51,,,,3694.25,66.71
1996,"Serbia, Rep. of",0.0,,0.0,0.0,0.0,0.0,0.0,0.0,0.0,0.0,0.0,,,,0.0,0.0
1996,Seychelles,0.13,246.1040678,3.07,4.35,11.18,7.53,0.0,2.04,0.0,0.22,0.67,,,,7.21,13.05
1996,Sierra Leone,9.53,86.94367754,575.98,2868.81,48.8,212.7,0.0,456.03,31.44,0.0,4.57,,,,2256.6,739.38
1996,Singapore,9.05,92.96894825,3.82,22.57,5.81,5.22,0.0,1.17,0.0,0.15,0.0,,,,7.6,4.51
1996,Slovak Rep.,87.66,98.30830981,380.83,1942.79,31.55,0.0,0.0,96.32,1.81,1.7,3.34,,,,2296.41,61.3
1996,"Slovenia, Rep. of",17.04,95.18940495,146.49,362.72,4.42,0.0,0.0,84.65,1.55,2.54,7.67,,,,1342.17,62.67
1996,Solomon Islands,0.66,69.60667461,4.32,5.18,108.97,133.36,0.0,2.84,0.0,0.17,0.0,,,,2562.83,23.75
1996,Somalia,27.08,98.59313182,7786.29,5026.21,91.0,1.34,0.0,37467.15,61.35,5375.34,5499.9,,,,2300.95,106.43
1996,South Africa,285.39,94.27581186,24163.05,12493.58,563.78,46.78,0.0,64379.87,259.49,9398.93,654.12,,,,9913.27,311.2
1996,"South Sudan, Rep. of",0.0,,0.0,0.0,0.0,0.0,0.0,0.0,0.0,0.0,0.0,,,,0.0,0.0
1996,Spain,244.68,103.1224644,7185.88,16615.97,410.5,0.0,0.0,6081.6,50.01,1212.57,507.37,,,,12925.89,5397.6
1996,Sri Lanka,49.16,80.17763278,432.9,1272.46,183.35,18.98,0.0,1123.91,0.02,7.31,1.53,,,,2129.92,1434.57
1996,St. Kitts and Nevis,0.25,80.32671607,2.54,3.8,1.39,0.19,0.0,0.53,0.29,0.0,0.0,,,,16.79,0.63
1996,St. Lucia,0.49,55.92562601,0.97,0.31,1.39,0.64,0.0,0.8,0.1,0.05,0.0,,,,53.72,2.24
1996,St. Vincent and the Grenadines,0.38,82.71807212,1.81,0.77,12.21,0.56,0.0,0.73,0.11,0.0,0.73,,,,33.99,1.27
1996,Sub-Saharan Africa,,97.66375667,,,,,,,,,,283368.23,293627.83,1428280.08,,
1996,Sudan,0.0,,0.0,0.0,0.0,0.0,0.0,0.0,0.0,0.0,0.0,,,,0.0,0.0
1996,Suriname,6.66,56.57654921,38.92,30.59,190.6,69.68,0.0,112.92,86.03,0.0,0.0,,,,14065.28,5.9
1996,Sweden,93.94,81.83650904,2070.96,2836.92,3862.88,0.0,23.79,1147.23,3245.57,1436.22,261.83,,,,29766.4,3.03
1996,Switzerland,74.96,96.47225524,1222.56,550.69,140.5,0.0,97.64,149.66,1.76,109.72,251.53,,,,1494.83,30.63
1996,Syrian Arab Rep.,68.17,103.8846617,464.35,4270.14,123.58,0.0,0.0,229.97,0.3,912.72,11858.97,,,,265.47,658.68
1996,"São Tomé and Príncipe, Dem. Rep. of",0.83,115.5172414,1.84,1.18,2.65,1.07,0.0,1.36,0.02,0.04,0.0,,,,84.28,6.78
1996,Taiwan Province of China,51.71,92.91563581,91.4,762.8,68.34,26.4,0.0,30.93,43.6,4.18,0.0,,,,2283.63,265.27
1996,"Tajikistan, Rep. of",8.96,101.4000061,6691.34,2199.88,137.79,0.0,1085.06,653.01,5.81,492.01,2399.47,,,,254.5,292.96
1996,"Tanzania, United Rep. of",29.21,99.74964369,5593.3,21020.71,6185.66,54.03,0.0,17602.94,4321.12,81.79,224.51,,,,37134.37,2335.63
1996,Thailand,99.21,107.4655116,3983.56,24785.69,872.64,329.47,0.0,5450.47,11.91,30.47,0.24,,,,11238.31,5036.57
1996,"Timor-Leste, Dem. Rep. of",3.85,114.2610369,165.85,567.2,13.27,8.93,0.0,125.9,0.0,3.14,0.0,,,,340.03,270.51
1996,Togo,11.27,97.54544234,271.65,2135.82,13.62,0.64,0.0,1396.04,1.78,0.02,4.46,,,,1781.91,97.53
1996,Tokelau,0.01,100.0,0.0,0.0,1.57,0.0,0.0,0.0,0.0,0.0,0.0,,,,0.0,0.0
1996,Tonga,0.07,85.55356294,4.03,12.65,9.32,1.04,0.0,2.6,0.0,0.16,0.0,,,,29.94,10.28
1996,Trinidad and Tobago,5.45,94.5998446,26.39,43.25,7.15,2.48,0.0,15.68,1.71,0.1,0.0,,,,382.59,32.44
1996,Tunisia,58.25,103.4435428,270.2,2421.24,159.02,0.0,0.0,132.15,0.35,1863.95,8659.44,,,,298.26,1772.74
1996,Turkmenistan,7.72,93.48965648,1395.19,3878.34,9061.77,0.0,0.0,6743.16,1.46,1168.17,33124.36,,,,67.46,133.74
1996,Turks and Caicos Islands,0.08,82.14285714,7.41,0.84,6.52,3.06,0.0,1.05,16.86,0.04,0.0,,,,16.55,0.84
1996,Tuvalu,0.01,100.0,0.1,0.45,3.47,0.0,0.0,0.05,0.0,0.09,0.0,,,,0.08,0.45
1996,"Türkiye, Rep. of",318.71,104.3605632,14205.57,32178.61,1364.45,0.0,0.0,6644.82,206.5,3402.93,1608.25,,,,15057.85,3244.9
1996,Uganda,16.14,93.80631086,1736.0,7401.0,3735.07,0.0,0.0,2927.73,377.23,0.0,0.15,,,,5188.77,2925.3
1996,Ukraine,869.05,101.0755166,4292.45,42899.07,1444.56,0.0,0.0,517.93,48.93,97.2,31.44,,,,8475.25,1321.01
1996,United Arab Emirates,163.32,89.79878477,34.96,130.78,23.88,1.36,0.0,5.32,0.9,333.48,6296.37,,,,43.28,116.57
1996,United Kingdom,732.12,98.22181467,11735.35,6601.88,463.52,0.0,0.0,766.0,1437.8,501.71,61.86,,,,2016.46,60.63
1996,United States,6799.63,97.83842045,199505.83,151595.77,18944.5,191.4,6536.75,202047.9,12176.6,18622.15,18221.94,,,,296096.31,1947.81
1996,United States Virgin Islands,3.22,105.9445178,3.21,4.8,4.0,0.96,0.0,0.32,2.05,0.0,0.0,,,,15.89,1.6
1996,Uruguay,27.26,103.5621941,11572.54,2826.55,434.13,0.0,0.0,812.12,287.49,1.05,3.24,,,,1771.97,94.29
1996,"Uzbekistan, Rep. of",53.72,101.1098939,3241.39,7835.27,2074.67,0.0,37.42,4422.45,67.79,2253.48,24205.35,,,,232.52,637.18
1996,Vanuatu,0.28,632.8518613,33.73,34.4,32.61,18.35,0.0,19.62,0.0,0.68,2.33,,,,903.75,184.05
1996,"Venezuela, Rep. Bolivariana de",140.84,96.39634437,18103.17,7778.79,1341.41,315.6,0.05,7449.79,1933.18,542.36,103.41,,,,51723.17,2378.94
1996,Vietnam,81.39,123.3700763,1902.17,9941.05,762.11,171.62,0.0,5695.39,58.58,6.1,18.54,,,,11712.05,2595.34
1996,Wallis and Futuna Islands,0.03,100.0,1.1,0.72,3.76,0.0,0.0,0.86,0.0,0.0,0.0,,,,4.49,3.6
1996,West Bank and Gaza,9.61,96.31997689,38.61,101.58,19.12,0.0,0.0,30.9,0.0,118.93,123.94,,,,31.71,149.8
1996,Western Sahara,0.83,82.21791228,0.48,3.47,14.25,0.0,0.0,0.0,0.0,19.77,26937.19,,,,0.17,3.47
1996,"Yemen, Rep. of",6.91,111.2822522,176.92,1800.59,123.34,0.13,0.0,1659.2,0.9,5230.81,36038.05,,,,451.81,118.07
1996,Zambia,27.81,91.34432868,3181.12,7591.67,1398.56,0.0,0.0,13011.14,2741.57,0.0,3.84,,,,47541.93,66.73
1996,Zimbabwe,28.83,94.21644794,2935.67,12594.44,440.23,0.0,0.0,11663.27,27.61,17.6,92.42,,,,11104.18,370.42
1997,"Afghanistan, Islamic Rep. of",27.92,99.10819347,24053.62,5791.05,189.57,0.0,317.57,3291.03,6.01,4217.0,25131.69,,,,1240.31,82.89
1997,Africa,,95.17731249,,,,,,,,,,315187.8,904501.81,1505889.89,,
1997,Albania,14.29,95.88120322,403.25,991.36,55.93,0.0,0.0,323.55,6.59,32.98,51.29,,,,781.97,209.25
1997,Algeria,95.06,94.66544369,827.66,8407.31,162.11,0.0,0.0,2061.54,2.05,9065.84,209029.48,,,,1521.32,559.39
1997,American Samoa,0.01,99.23371648,1.48,2.58,1.36,0.16,0.0,1.05,0.0,0.02,0.0,,,,8.21,5.19
1997,Americas,,94.99742587,,,,,,,,,,456212.4,307100.17,3184234.97,,
1997,"Andorra, Principality of",0.2,90.87105363,11.61,0.3,0.0,0.0,0.0,0.81,0.0,5.29,2.33,,,,26.96,0.3
1997,Angola,26.33,94.07259515,17869.7,5336.72,228.2,19.72,0.0,23380.01,717.86,43.06,2675.57,,,,74771.09,355.78
1997,Anguilla,0.06,83.22955583,4.8,0.04,1.22,0.05,0.0,0.12,0.91,0.0,0.02,,,,0.77,0.04
1997,Antigua and Barbuda,0.63,87.78581076,14.15,1.17,6.86,0.5,0.0,0.93,4.08,0.02,0.0,,,,17.42,0.29
1997,Argentina,339.84,93.40806104,14650.05,50136.09,4458.36,0.0,685.92,95974.11,8495.37,46786.19,12654.4,,,,42593.75,1862.67
1997,"Armenia, Rep. of",30.73,101.146546,679.14,866.98,129.59,0.0,0.0,440.94,1.4,43.36,44.68,,,,646.95,81.93
1997,"Aruba, Kingdom of the Netherlands",0.13,31.98118843,2.98,0.57,0.77,0.02,0.0,11.41,0.25,1.18,0.0,,,,0.16,0.57
1997,Asia,,100.3891031,,,,,,,,,,679182.75,986110.41,1455178.04,,
1997,Australia,645.51,95.36138173,127860.03,50768.91,1553.43,2541.17,0.0,183993.19,10031.0,280489.0,36897.9,,,,76621.39,556.17
1997,Austria,91.59,95.10302125,1426.66,1659.3,69.62,0.0,34.13,288.52,12.65,113.0,197.42,,,,4413.11,86.15
1997,"Azerbaijan, Rep. of",35.07,95.24643487,958.44,3458.91,8015.1,0.0,0.0,982.48,3.32,885.79,455.93,,,,1200.58,500.82
1997,"Bahamas, The",7.19,93.82655561,155.57,11.96,287.89,79.27,0.0,34.92,268.68,3.39,1.17,,,,399.94,3.99
1997,"Bahrain, Kingdom of",10.76,69.51219512,1.54,0.64,3.85,0.0,0.0,0.18,0.09,2.21,44.73,,,,2.31,1.28
1997,Bangladesh,16.89,108.8769643,912.03,9396.31,1219.21,413.84,0.0,850.54,35.91,0.63,7.62,,,,765.95,419.98
1997,Barbados,3.37,103.6829499,4.01,25.03,0.91,0.0,0.0,1.48,0.28,0.04,0.0,,,,7.02,1.56
1997,"Belarus, Rep. of",64.33,99.60552734,1222.95,9845.1,215.25,0.0,0.0,442.76,41.28,1.35,0.09,,,,8654.51,229.59
1997,Belgium,0.0,,0.0,0.0,0.0,0.0,0.0,0.0,0.0,0.0,0.0,,,,0.0,0.0
1997,Belize,0.52,69.82543641,64.26,77.88,65.13,48.44,0.0,81.91,12.04,0.02,0.64,,,,1804.28,41.37
1997,Benin,15.89,102.4697424,422.49,3175.11,24.0,6.8,0.0,4117.43,2.28,0.06,0.87,,,,3468.73,362.87
1997,Bermuda,0.19,100.0,0.04,0.08,3.05,0.0,0.0,0.01,0.74,1.99,0.0,,,,0.05,0.08
1997,Bhutan,0.04,98.10896889,539.98,61.69,1.13,0.0,104.63,243.21,0.05,4.78,6.43,,,,2812.32,7.66
1997,Bolivia,57.99,76.73167192,11144.98,4188.47,1248.42,0.0,85.87,11126.64,2889.26,7354.15,8807.06,,,,61905.41,249.38
1997,Bosnia and Herzegovina,19.11,91.0766641,690.74,1071.03,24.41,0.0,0.0,247.79,5.87,3.13,1.17,,,,2915.77,136.85
1997,Botswana,15.56,90.13964334,4026.93,2656.7,41.43,0.0,0.0,45605.77,757.74,67.37,917.12,,,,4039.41,8.86
1997,Brazil,1145.32,89.25288742,64868.08,128697.98,11942.7,646.56,0.0,148506.34,13290.1,162.81,446.49,,,,459665.94,24416.61
1997,British Virgin Islands,0.6,45.71428571,1.42,0.04,3.17,1.32,0.0,0.05,2.32,0.03,0.0,,,,6.38,0.02
1997,Brunei Darussalam,1.23,117.9133247,10.48,27.73,10.9,18.65,0.0,7.55,0.0,0.21,0.0,,,,489.62,27.73
1997,Bulgaria,117.41,100.755976,791.24,5342.36,121.56,0.0,0.0,372.62,10.39,12.62,60.44,,,,4061.22,247.35
1997,Burkina Faso,14.26,100.7592961,5838.3,15677.05,93.1,0.0,0.0,4078.44,26.09,86.14,88.45,,,,1303.74,290.32
1997,Burundi,2.21,94.24352531,477.57,1053.44,200.34,0.0,0.0,292.3,23.85,0.0,0.0,,,,254.62,399.2
1997,Cabo Verde,2.23,100.5950235,49.57,19.93,36.01,0.0,0.0,142.75,2.83,5.53,140.32,,,,8.45,1.36
1997,Cambodia,5.6,88.50711603,1061.36,5968.75,408.85,42.98,0.0,1569.1,477.82,0.28,1.79,,,,8506.43,209.71
1997,Cameroon,29.78,96.63869893,1660.54,4671.86,375.28,233.1,0.0,2581.23,174.8,0.17,2.0,,,,36173.72,940.64
1997,Canada,612.64,98.7188684,158970.41,51990.49,103541.0,0.0,18314.8,51946.71,11456.6,108610.64,39403.38,,,,438032.04,215.38
1997,Cayman Islands,0.28,66.46106144,0.63,0.95,2.73,8.47,0.0,0.32,0.76,0.04,0.0,,,,9.59,2.38
1997,Central African Rep.,9.05,87.85343729,4998.32,784.6,83.93,0.0,0.0,5079.59,24.07,0.0,0.19,,,,51347.35,37.76
1997,Chad,16.07,94.76347403,15869.47,17741.94,369.27,0.0,0.0,15664.78,671.55,6892.86,63983.21,,,,5874.52,147.85
1997,Chile,114.79,118.6678946,5057.03,2858.8,2762.82,0.0,2797.08,14632.69,118.42,11777.84,14027.5,,,,20895.04,454.35
1997,"China, P.R.: Hong Kong",11.03,111.5308151,9.68,17.02,14.28,2.0,0.0,10.87,0.35,0.05,0.02,,,,40.35,3.4
1997,"China, P.R.: Macao",0.45,80.99085366,0.14,0.21,0.4,0.0,0.0,0.02,0.02,0.0,0.0,,,,0.15,0.21
1997,"China, P.R.: Mainland",2980.06,100.8341441,288777.91,200554.8,12356.6,127.04,6286.23,25086.96,3096.02,21666.45,172583.95,,,,184387.07,18532.57
1997,Colombia,138.33,140.286519,16742.72,5907.65,1213.23,359.19,6.72,7008.89,2375.12,575.77,23.89,,,,76178.17,3997.37
1997,"Comoros, Union of the",1.22,95.44878129,12.96,7.6,4.46,0.81,0.0,18.86,0.0,0.0,0.0,,,,114.31,5.38
1997,"Congo, Dem. Rep. of the",77.52,92.4144487,7310.54,18664.24,4370.16,247.12,0.0,8466.64,4852.32,2.96,27.22,,,,187937.85,2507.14
1997,"Congo, Rep. of",11.95,108.0491483,2235.63,2615.84,288.84,76.03,0.0,2323.42,94.15,0.18,0.04,,,,26396.83,245.57
1997,Cook Islands,0.01,141.8656725,1.27,2.5,3.52,0.0,0.0,0.86,0.08,1.23,0.0,,,,10.91,4.17
1997,Costa Rica,17.78,113.7342098,339.04,335.16,43.57,33.28,0.0,293.24,3.49,0.0,2.29,,,,3612.54,446.87
1997,"Croatia, Rep. of",38.14,92.90125385,548.16,1868.29,94.92,0.0,0.0,263.63,26.93,30.91,8.93,,,,2539.96,237.58
1997,Cuba,44.57,101.4062634,1251.21,3526.11,421.52,396.58,0.0,445.32,216.84,1.07,0.43,,,,4255.87,540.39
1997,Cyprus,10.59,86.32971084,84.72,216.52,17.79,0.0,0.0,114.19,0.66,136.73,80.79,,,,177.83,94.91
1997,Czech Rep.,143.51,99.44983408,958.3,3614.56,59.78,0.0,0.0,220.85,7.36,5.13,0.36,,,,2780.32,85.64
1997,Côte d'Ivoire,67.95,106.5749048,1281.62,6013.93,280.15,11.12,0.0,4259.67,5.67,0.02,0.09,,,,12585.36,7880.32
1997,Denmark,84.59,101.2615069,502.62,2923.94,270.15,0.0,0.0,88.3,56.76,0.94,2.15,,,,495.7,9.89
1997,Djibouti,1.21,80.0,69.91,1.31,21.25,0.75,0.0,24.62,93.88,23.6,1941.15,,,,1.84,0.79
1997,Dominica,0.19,70.97717537,0.19,0.03,1.29,3.15,0.0,0.03,0.0,0.26,0.0,,,,69.97,0.12
1997,Dominican Rep.,32.53,101.8421839,827.76,905.84,53.65,18.59,0.0,179.87,212.69,2.13,0.37,,,,2136.89,463.45
1997,Ecuador,57.97,129.7287103,1833.78,1376.23,300.85,191.46,12.45,3027.67,111.24,35.3,348.52,,,,17274.99,1193.19
1997,"Egypt, Arab Rep. of",86.79,105.4100154,251.98,3831.67,797.79,2.12,0.0,102.51,1108.16,1204.84,90755.01,,,,25.12,642.54
1997,El Salvador,17.09,96.72658191,95.89,313.86,48.3,40.12,0.0,85.63,1.59,0.0,1.29,,,,1342.44,139.43
1997,Emerging and Developing Countries Asia excluding China,,103.2592941,,,,,,,,,,296698.84,108896.33,589367.08,,
1997,Emerging and Developing Countries Europe,,98.74961658,,,,,,,,,,291140.69,159531.58,1496952.82,,
1997,Emerging and Developing Economies,,98.09339931,,,,,,,,,,1486470.61,2166163.04,6093711.53,,
1997,"Equatorial Guinea, Rep. of",1.26,28.43765402,23.03,33.36,19.11,40.28,0.0,13.16,0.88,0.0,0.0,,,,2440.32,145.72
1997,"Eritrea, The State of",7.99,99.53918217,2437.27,1693.83,88.18,7.2,0.0,1694.48,20.3,720.68,5062.03,,,,435.94,8.66
1997,"Estonia, Rep. of",13.54,81.97680385,321.1,817.1,250.9,0.0,0.0,120.79,180.08,2.91,0.6,,,,2802.9,11.04
1997,"Eswatini, Kingdom of",1.87,83.02399613,248.05,444.11,6.11,0.0,0.0,187.93,8.65,0.24,23.0,,,,783.97,32.43
1997,"Ethiopia, The Federal Dem. Rep. of",27.75,102.8318491,11083.75,18828.9,769.57,0.0,0.0,50658.03,250.38,864.08,7595.66,,,,22420.33,1125.93
1997,Europe,,98.11097613,,,,,,,,,,366304.17,176500.62,1727855.97,,
1997,Falkland Islands (Malvinas),0.01,740.0,1033.89,0.36,65.75,0.0,0.0,35.28,0.02,7.96,8.22,,,,54.84,0.36
1997,Faroe Islands,0.0,100.0,98.07,1.27,5.91,0.0,0.0,12.06,2.46,6.68,0.51,,,,10.58,1.27
1997,"Fiji, Rep. of",1.77,118.0190993,62.13,224.39,61.07,43.78,0.0,40.37,0.0,4.36,0.0,,,,1246.49,145.38
1997,Finland,37.56,85.95343547,693.39,2149.91,3327.44,0.0,0.0,778.42,3028.4,657.94,15.52,,,,22857.59,3.14
1997,France,732.1,98.81382769,11049.82,24477.71,440.76,0.0,25.03,1337.44,164.3,254.14,215.14,,,,14620.51,1541.81
1997,French Polynesia,0.41,131.9388091,20.33,15.08,86.91,1.84,0.0,13.75,0.0,38.36,0.0,,,,126.38,100.52
1997,Gabon,8.42,85.83229973,649.9,590.27,308.32,211.53,0.0,690.41,21.0,0.05,0.0,,,,23792.16,308.75
1997,"Gambia, The",5.62,99.46542055,49.9,590.77,94.38,135.72,0.0,136.72,4.52,0.0,1.4,,,,95.03,14.41
1997,Georgia,44.77,93.85688553,915.73,1263.06,34.71,0.0,37.86,610.62,9.15,47.11,116.53,,,,3455.06,447.3
1997,Germany,1139.48,99.95667782,6346.57,15532.91,452.03,0.0,0.0,823.86,110.51,29.23,12.15,,,,10926.39,299.32
1997,Ghana,89.83,101.5533604,868.43,6509.81,535.87,25.39,0.0,5020.95,67.16,0.53,78.05,,,,7782.3,3074.08
1997,Gibraltar,0.3,94.16154522,0.06,0.03,0.02,0.0,0.0,0.07,0.02,0.0,0.0,,,,0.14,0.03
1997,Greece,92.03,108.5886657,1405.32,3524.13,356.64,0.0,0.0,3047.64,20.78,71.37,266.9,,,,3101.89,1384.89
1997,Greenland,0.06,100.0,6118.77,0.0,5544.14,0.0,175240.0,1015.41,104.35,26506.1,680.25,,,,130.92,0.0
1997,Grenada,0.42,59.45672977,1.8,0.05,1.45,0.16,0.0,0.14,0.0,0.0,0.0,,,,27.78,0.41
1997,Guadeloupe,2.2,49.55103948,9.54,19.45,5.84,3.29,0.0,2.15,3.78,0.05,0.02,,,,116.85,7.56
1997,Guam,0.01,146.3414634,48.45,0.59,1.92,0.0,0.0,0.14,0.0,0.02,0.0,,,,0.37,2.97
1997,Guatemala,35.82,103.2292308,982.3,1024.18,136.38,32.58,0.0,604.22,22.34,0.0,1.95,,,,7734.45,397.35
1997,Guinea,20.53,99.74145857,799.62,2863.11,91.96,242.66,0.0,3910.1,1.47,0.0,1.33,,,,15894.25,627.88
1997,Guinea-Bissau,1.5,93.69359731,102.85,278.73,50.34,269.71,0.0,176.01,1.33,0.03,1.6,,,,2004.62,193.05
1997,Guyana,9.4,86.0909139,259.56,150.35,131.58,8.2,0.0,1087.15,127.0,1.91,3.02,,,,19524.85,9.28
1997,Haiti,14.31,98.38508123,1477.41,292.74,42.5,12.61,0.0,50.48,295.25,6.37,0.01,,,,429.09,97.58
1997,Holy See,0.05,100.0,0.01,0.0,0.0,0.0,0.0,0.0,0.0,0.0,0.0,,,,0.01,0.0
1997,Honduras,19.47,128.1218831,1171.3,950.44,131.01,59.12,0.0,740.71,15.28,0.09,0.53,,,,7966.03,221.98
1997,Hungary,149.2,100.4308453,1077.76,5892.8,134.66,0.0,0.0,85.57,53.95,1.81,1.05,,,,1633.13,277.52
1997,Iceland,2.76,87.34177215,3604.21,0.0,333.07,0.0,1102.48,75.27,722.65,2328.94,2006.96,,,,37.08,0.0
1997,India,675.49,102.6144024,25070.89,182704.19,4832.02,321.19,783.16,22295.93,708.2,513.68,1212.92,,,,48769.92,9610.0
1997,Indonesia,826.04,104.9324971,9231.12,22691.23,4005.48,4017.57,0.0,6870.48,0.0,1621.7,0.0,,,,123697.29,16987.76
1997,"Iran, Islamic Rep. of",204.85,94.68944221,6933.42,22564.36,6500.12,0.74,0.0,6812.57,70.62,16133.12,104038.13,,,,3127.25,1818.6
1997,Iraq,61.76,98.03019025,913.7,7903.12,686.32,0.0,0.0,352.79,18.19,932.47,32143.65,,,,232.02,467.0
1997,Ireland,34.49,91.6155142,4816.61,438.64,197.95,0.0,0.0,163.55,859.59,24.72,25.16,,,,404.13,3.1
1997,Isle of Man,0.78,88.02170121,39.69,3.03,1.15,0.0,0.0,2.57,0.0,0.02,0.82,,,,5.79,3.03
1997,Israel,31.78,98.76190073,82.27,391.16,49.7,0.0,0.0,63.1,0.09,84.87,1206.27,,,,71.14,96.63
1997,Italy,572.44,99.59485943,3288.73,10823.21,397.36,0.0,42.31,1289.73,31.82,240.91,848.81,,,,9077.95,3568.39
1997,Jamaica,15.24,66.4229719,72.59,60.17,10.45,8.74,0.0,12.11,6.12,0.18,0.0,,,,873.66,44.13
1997,Japan,1005.47,95.12417678,1291.71,7098.46,956.19,2.84,0.0,865.7,71.41,7.22,3.96,,,,25538.78,590.37
1997,Jordan,21.3,93.28399123,39.62,353.03,47.91,0.0,0.0,9.2,0.04,167.43,8127.34,,,,14.45,156.69
1997,"Kazakhstan, Rep. of",139.88,86.25792608,89162.57,40634.66,18911.9,0.0,113.64,20619.88,1187.33,66228.8,38558.73,,,,8126.88,174.76
1997,Kenya,5.93,97.33312306,14446.1,10671.28,1243.57,17.1,0.0,20569.38,900.97,417.73,2640.73,,,,6653.5,1064.02
1997,Kiribati,0.02,92.02898551,2.8,2.52,84.16,0.05,0.0,0.29,0.0,9.33,0.0,,,,1.44,44.08
1997,"Korea, Dem. People's Rep. of",50.6,93.64082581,305.68,3308.98,208.69,0.0,0.0,125.4,5.13,52.87,18.33,,,,7896.46,287.74
1997,"Korea, Rep. of",122.05,87.57366271,297.7,3142.44,258.48,0.0,0.0,124.81,5.87,60.94,40.18,,,,5508.89,368.63
1997,Kuwait,11.17,87.27944194,3.96,31.37,13.29,0.0,0.0,4.84,10.01,13.42,1648.81,,,,3.11,5.23
1997,Kyrgyz Rep.,3.98,96.78538906,8695.72,3611.93,720.07,0.0,609.51,834.71,0.0,2057.52,1836.26,,,,1385.26,180.86
1997,Lao People's Dem. Rep.,3.42,91.78161097,1326.77,2673.51,204.21,0.0,0.0,7566.28,88.25,0.0,0.0,,,,11061.15,237.92
1997,Latin America and the Caribbean,,92.45421545,,,,,,,,,,245050.71,122216.5,1664380.22,,
1997,Latvia,17.49,89.54751553,616.55,1519.02,123.79,0.0,0.0,172.39,118.95,0.1,0.09,,,,3850.67,21.12
1997,Lebanon,10.56,108.1971264,59.93,283.32,2.32,0.0,0.0,225.74,0.0,124.01,52.27,,,,48.05,209.81
1997,"Lesotho, Kingdom of",2.89,93.63224215,1440.3,655.3,6.97,0.0,0.0,757.49,0.9,0.16,0.72,,,,183.09,8.07
1997,Liberia,12.8,86.33622867,362.51,2706.02,48.74,27.09,0.0,177.18,3.22,0.0,0.0,,,,5238.24,1097.04
1997,Libya,41.63,98.7637135,138.14,1751.86,59.62,0.0,0.0,202.85,23.93,3850.92,155779.94,,,,151.28,291.98
1997,Liechtenstein,0.15,63.38028169,3.25,0.75,0.07,0.0,0.0,0.55,0.02,0.04,0.15,,,,9.22,0.75
1997,Lithuania,33.68,101.3253541,640.62,3310.31,120.61,0.0,0.0,190.3,29.78,0.62,0.88,,,,2101.82,49.46
1997,Luxembourg,0.0,,0.0,0.0,0.0,0.0,0.0,0.0,0.0,0.0,0.0,,,,0.0,0.0
1997,"Madagascar, Rep. of",23.08,93.24966102,22026.5,3396.68,495.66,144.06,0.0,9054.11,279.4,58.28,331.94,,,,22653.26,691.05
1997,Malawi,11.81,85.27996721,581.24,4625.91,2462.03,0.0,0.0,381.26,217.24,0.34,12.73,,,,3403.56,245.46
1997,Malaysia,131.3,103.9413605,1521.24,790.15,458.72,629.51,0.0,1202.47,0.0,8.42,0.0,,,,23310.51,5143.49
1997,Maldives,0.08,60.26592242,0.33,1.77,106.26,0.02,0.0,0.65,0.0,0.86,0.18,,,,0.42,2.36
1997,Mali,13.65,94.37139331,15295.23,20269.13,406.77,0.0,0.0,10158.72,302.27,4291.76,71418.28,,,,3139.81,536.93
1997,Malta,4.16,97.58726899,1.78,14.85,1.6,0.0,0.0,0.48,0.0,0.35,5.49,,,,1.32,1.65
1997,"Marshall Islands, Rep. of the",0.05,84.21052632,0.15,0.11,161.27,0.0,0.0,0.04,0.0,2.9,0.0,,,,0.13,1.81
1997,Martinique,2.03,71.59965783,3.88,6.34,3.15,1.84,0.0,2.96,0.26,0.0,0.0,,,,83.3,7.61
1997,"Mauritania, Islamic Rep. of",18.17,94.83145877,11783.67,1663.05,68.68,3.11,0.0,765.22,183.97,4308.85,85290.09,,,,259.06,36.96
1997,Mauritius,6.19,80.31257606,14.27,87.03,7.12,1.09,0.0,11.05,0.07,0.03,0.08,,,,70.35,4.84
1997,Mayotte,0.18,80.48780488,2.03,0.15,2.74,1.92,0.0,2.96,0.01,0.0,0.0,,,,28.02,0.31
1997,Mexico,631.74,96.57429211,17499.24,24256.8,1742.86,754.51,0.0,71989.99,121.97,60.51,2776.94,,,,73567.71,2551.84
1997,"Micronesia, Federated States of",3.11,99.81275468,0.9,1.75,48.84,27.2,0.0,0.25,0.0,0.4,0.0,,,,26.11,1.75
1997,Middle East and Central Asia,,88.54686207,,,,,,,,,,165392.82,1287933.53,377072.02,,
1997,"Moldova, Rep. of",83.92,93.77125419,177.85,2291.62,32.79,0.0,0.0,7.3,3.63,0.29,0.02,,,,268.1,511.67
1997,Monaco,0.06,87.80487805,0.06,0.3,0.0,0.0,0.0,0.03,0.0,0.0,0.0,,,,0.02,0.3
1997,Mongolia,34.41,89.40357291,32268.97,5297.29,1493.05,0.0,62.01,2688.53,370.09,35527.62,69136.76,,,,9508.28,4.32
1997,Montenegro,0.0,,0.0,0.0,0.0,0.0,0.0,0.0,0.0,0.0,0.0,,,,0.0,0.0
1997,Montserrat,0.0,96.96923638,0.21,0.31,0.54,0.12,0.0,0.21,0.99,0.43,0.0,,,,7.16,0.31
1997,Morocco,87.09,103.9923897,1243.83,7012.02,77.28,0.0,0.0,2319.28,0.18,8855.82,19660.13,,,,1560.76,714.48
1997,"Mozambique, Rep. of",27.26,86.73287769,3548.79,8171.83,1544.57,491.52,0.0,14834.12,1543.29,40.81,555.68,,,,47913.34,492.4
1997,Myanmar,45.0,103.4683145,4319.97,17137.59,997.41,400.57,1.57,14474.45,58.43,0.41,0.91,,,,28535.51,1066.73
1997,Namibia,42.98,86.90039742,37649.11,1926.82,487.49,0.0,0.0,17783.08,145.45,4726.77,15359.26,,,,4523.1,9.45
1997,"Nauru, Rep. of",0.0,100.0,0.11,0.84,0.18,0.0,0.0,0.02,0.0,0.14,0.0,,,,0.03,0.84
1997,Nepal,11.1,101.282623,3184.56,2964.31,30.53,0.0,488.22,530.63,2.31,10.3,190.26,,,,7283.4,104.22
1997,New Caledonia,1.38,99.25800761,62.36,161.94,51.25,55.73,0.0,113.21,0.0,95.45,0.0,,,,1211.06,115.67
1997,New Zealand,167.13,118.896756,14003.98,590.03,690.21,21.52,108.45,2307.11,118.6,162.04,969.95,,,,7852.85,71.24
1997,Nicaragua,14.18,100.6489748,1215.88,1345.79,1034.47,88.84,0.0,854.21,31.62,0.18,2.3,,,,8152.52,176.88
1997,Niger,7.38,99.6854168,15269.9,7656.44,61.92,0.0,0.0,1294.92,183.87,12643.89,80949.59,,,,829.66,8.21
1997,Nigeria,204.57,95.63110867,7757.19,40301.55,944.05,873.78,0.0,15334.12,378.48,46.26,18.14,,,,19171.32,6433.68
1997,Niue,0.03,100.0,0.78,1.31,0.53,0.0,0.0,0.46,0.0,0.0,0.0,,,,19.7,3.66
1997,Norfolk Island,0.0,96.4600906,0.36,1.27,0.33,0.0,0.0,0.09,0.0,0.0,0.05,,,,0.51,1.27
1997,"North Macedonia, Republic of ",15.44,104.4166594,462.87,766.08,51.07,0.0,0.0,143.01,1.19,3.46,10.44,,,,1031.52,60.01
1997,Northern Mariana Islands,0.02,100.0,16.48,9.79,3.45,0.03,0.0,0.53,0.0,0.07,0.02,,,,7.49,9.79
1997,Norway,149.55,83.54135349,3330.96,985.41,2338.99,0.0,3532.34,1515.17,3190.78,6621.51,3621.2,,,,13313.58,5.49
1997,Oceania,,95.54563805,,,,,,,,,,53354.17,318951.76,480194.62,,
1997,Oman,20.99,63.19356799,19.68,114.2,39.19,0.0,0.0,59.33,3.25,1829.68,28708.64,,,,40.45,161.46
1997,Pakistan,44.97,99.01529576,16013.66,24209.5,522.48,8.22,210.93,7177.5,381.72,2655.5,25000.5,,,,2448.53,490.59
1997,"Palau, Rep. of",0.05,70.95207922,1.3,0.39,4.94,4.05,0.0,1.18,0.0,0.09,0.0,,,,30.72,2.59
1997,Panama,13.33,98.7957932,431.67,1001.42,128.16,135.04,0.0,383.34,8.47,0.62,4.44,,,,5103.32,300.42
1997,Papua New Guinea,16.61,85.18886869,952.14,835.85,765.85,634.03,0.0,671.24,0.0,410.09,0.88,,,,39647.2,2762.13
1997,Paraguay,29.58,80.53935239,2799.73,5009.39,343.45,0.0,0.0,7102.81,2914.17,2.39,0.53,,,,21752.63,163.77
1997,Peru,136.76,104.9021053,16383.38,2425.39,1300.35,4.67,300.03,10257.38,244.36,6221.71,9469.34,,,,82683.78,451.51
1997,Philippines,83.07,105.3587814,2153.02,6978.36,905.24,559.09,0.0,1422.56,0.0,151.64,0.0,,,,11206.91,6325.62
1997,Pitcairn Islands,0.0,100.0,0.21,1.96,0.44,0.0,0.0,0.0,0.0,0.36,0.0,,,,0.0,1.96
1997,"Poland, Rep. of",314.18,101.7404975,3004.54,16794.92,459.6,0.0,0.0,580.62,91.39,10.72,2.64,,,,9509.39,377.72
1997,Portugal,92.93,117.5066388,1056.07,2374.8,96.91,0.0,0.0,1221.74,13.96,10.51,33.16,,,,3093.75,893.39
1997,Puerto Rico,61.03,83.13158026,83.69,67.49,20.66,6.0,0.0,14.85,15.74,0.03,0.03,,,,553.33,80.26
1997,Qatar,28.63,83.22981366,5.23,20.95,14.35,0.0,0.0,5.21,0.01,18.31,1054.31,,,,7.71,4.83
1997,Romania,299.83,100.4606441,2634.81,11838.91,284.56,0.0,0.0,243.86,297.24,9.17,6.74,,,,7492.57,699.24
1997,Russian Federation,1548.46,98.42761189,153417.59,155628.41,61206.8,0.0,5309.06,119380.68,86549.9,122425.47,31732.98,,,,954173.91,2341.76
1997,Rwanda,2.0,89.2803849,138.51,1205.2,163.94,0.0,0.0,217.64,81.06,0.02,0.0,,,,285.88,460.99
1997,Réunion,3.35,67.56501817,22.86,49.83,8.01,1.09,0.0,14.4,0.16,0.0,3.74,,,,141.02,7.55
1997,Saint Helena,1.4,99.16263523,9.4,0.9,2.08,0.0,0.0,1.25,0.0,18.45,3.18,,,,2.57,0.9
1997,Saint Pierre and Miquelon,0.08,44.44444444,0.6,0.0,3.15,0.0,0.0,9.93,4.67,0.1,0.36,,,,4.7,0.0
1997,Samoa,0.03,67.91874295,28.07,37.65,3.42,0.64,0.0,22.51,0.0,0.02,0.0,,,,122.54,70.88
1997,"San Marino, Rep. of",0.41,59.85503858,0.41,2.15,0.0,0.0,0.0,0.09,0.0,0.0,0.46,,,,0.44,2.15
1997,Saudi Arabia,156.82,91.09496825,186.6,2349.1,166.13,2.46,0.0,432.32,9.05,7175.41,182726.79,,,,110.77,94.25
1997,Senegal,22.64,98.71846034,2264.96,5369.67,306.44,209.69,0.0,7366.65,355.19,41.24,11.81,,,,3699.25,73.11
1997,"Serbia, Rep. of",0.0,,0.0,0.0,0.0,0.0,0.0,0.0,0.0,0.0,0.0,,,,0.0,0.0
1997,Seychelles,0.13,246.1040678,3.07,4.35,11.18,7.53,0.0,2.04,0.0,0.22,0.67,,,,7.21,13.05
1997,Sierra Leone,9.58,86.88556105,574.32,2866.84,49.11,217.82,0.0,454.37,29.53,0.0,4.57,,,,2257.31,740.4
1997,Singapore,9.19,93.17647059,3.84,22.49,5.81,5.15,0.0,1.17,0.0,0.15,0.0,,,,7.58,4.5
1997,Slovak Rep.,90.58,98.37290504,382.05,1941.2,31.66,0.0,0.0,96.25,1.81,1.71,3.36,,,,2293.71,61.37
1997,"Slovenia, Rep. of",17.41,94.45043239,146.57,359.4,4.41,0.0,0.0,84.57,1.55,2.54,7.72,,,,1341.26,66.48
1997,Solomon Islands,0.69,70.08318607,4.33,5.19,105.39,133.56,0.0,2.84,0.0,0.17,0.0,,,,2566.15,23.77
1997,Somalia,27.99,98.57004736,7781.74,5024.12,90.89,1.34,0.0,37465.72,61.24,5371.29,5507.92,,,,2300.04,110.79
1997,South Africa,290.96,94.39837831,24201.58,12504.63,565.98,46.79,0.0,64385.78,259.62,9395.78,656.65,,,,9846.85,314.9
1997,"South Sudan, Rep. of",0.0,,0.0,0.0,0.0,0.0,0.0,0.0,0.0,0.0,0.0,,,,0.0,0.0
1997,Spain,252.53,102.5809998,7189.41,16519.57,414.66,0.0,0.0,6083.42,50.09,1198.22,507.75,,,,12895.57,5520.79
1997,Sri Lanka,50.19,81.01846599,438.87,1285.29,183.31,18.96,0.0,1144.67,0.02,7.31,1.53,,,,2076.57,1447.39
1997,St. Kitts and Nevis,0.29,80.49457482,2.54,3.77,1.39,0.19,0.0,0.53,0.29,0.0,0.0,,,,16.79,0.63
1997,St. Lucia,0.51,57.34265734,0.97,0.31,1.39,0.64,0.0,0.8,0.09,0.05,0.0,,,,53.7,2.23
1997,St. Vincent and the Grenadines,0.39,84.14063879,1.81,0.78,12.21,0.54,0.0,0.73,0.11,0.0,0.73,,,,34.0,1.27
1997,Sub-Saharan Africa,,98.10643813,,,,,,,,,,284652.69,293334.7,1427288.99,,
1997,Sudan,0.0,,0.0,0.0,0.0,0.0,0.0,0.0,0.0,0.0,0.0,,,,0.0,0.0
1997,Suriname,6.76,57.83710185,39.54,31.32,197.74,69.78,0.0,114.21,87.92,0.0,0.0,,,,14053.84,5.49
1997,Sweden,96.27,82.09184776,2074.97,2843.73,3876.19,0.0,23.79,1148.62,3258.06,1439.16,262.13,,,,29722.73,3.05
1997,Switzerland,77.44,96.35329129,1224.54,547.44,141.21,0.0,97.64,148.9,1.74,110.31,252.45,,,,1492.64,30.18
1997,Syrian Arab Rep.,70.53,103.8768698,465.1,4267.45,123.6,0.0,0.0,229.91,0.3,907.76,11851.07,,,,265.77,670.84
1997,"São Tomé and Príncipe, Dem. Rep. of",0.83,136.2068966,1.91,1.54,2.65,1.07,0.0,1.42,0.02,0.04,0.0,,,,84.09,6.48
1997,Taiwan Province of China,52.68,93.03338999,91.96,762.86,68.34,26.4,0.0,31.24,43.56,4.25,0.0,,,,2278.77,268.19
1997,"Tajikistan, Rep. of",9.1,101.7099462,6703.36,2206.49,137.79,0.0,1085.06,652.99,5.81,496.08,2381.29,,,,254.42,288.39
1997,"Tanzania, United Rep. of",29.97,99.16345416,5618.89,20896.27,6183.81,54.07,0.0,17608.81,4323.15,82.19,227.41,,,,36990.16,2568.64
1997,Thailand,99.95,108.3243601,3991.08,24983.87,877.67,332.21,0.0,5389.77,11.88,30.48,0.24,,,,11244.34,4877.14
1997,"Timor-Leste, Dem. Rep. of",3.95,110.9860937,165.8,550.74,13.27,9.14,0.0,125.9,0.0,3.14,0.0,,,,340.55,286.21
1997,Togo,11.38,96.89520287,271.44,2121.39,13.71,0.64,0.0,1372.64,1.78,0.02,4.36,,,,1802.17,115.19
1997,Tokelau,0.01,100.0,0.0,0.0,1.57,0.0,0.0,0.0,0.0,0.0,0.0,,,,0.0,0.0
1997,Tonga,0.07,86.15889476,4.03,12.74,9.32,1.04,0.0,2.6,0.0,0.16,0.0,,,,29.94,10.19
1997,Trinidad and Tobago,5.53,89.8989899,26.4,40.75,7.15,2.48,0.0,15.67,1.71,0.1,0.0,,,,382.52,34.93
1997,Tunisia,59.82,103.708112,270.33,2426.01,159.0,0.0,0.0,132.17,0.35,1847.25,8674.98,,,,298.83,1766.85
1997,Turkmenistan,8.02,93.56109101,1393.89,3881.01,9059.04,0.0,0.0,6742.73,1.46,1173.76,33120.76,,,,66.88,133.83
1997,Turks and Caicos Islands,0.08,82.14285714,7.32,0.84,6.52,3.06,0.0,1.05,16.86,0.04,0.0,,,,16.64,0.84
1997,Tuvalu,0.01,100.0,0.1,0.45,3.47,0.0,0.0,0.05,0.0,0.09,0.0,,,,0.08,0.45
1997,"Türkiye, Rep. of",327.51,103.9699413,14215.86,32048.16,1368.72,0.0,0.0,6649.6,206.52,3397.81,1605.66,,,,15026.8,3385.92
1997,Uganda,16.46,94.10326793,1732.65,7424.16,3735.45,0.0,0.0,2896.25,377.18,0.0,0.15,,,,5190.64,2934.45
1997,Ukraine,904.59,101.0793981,4280.59,42865.24,1448.59,0.0,0.0,503.38,48.94,91.1,29.31,,,,8529.42,1295.77
1997,United Arab Emirates,178.87,90.04610546,36.87,116.04,22.1,1.34,0.0,5.25,0.88,331.46,6282.21,,,,46.27,128.93
1997,United Kingdom,742.49,98.86355069,11641.73,6639.43,466.48,0.0,0.0,768.72,1405.47,503.0,61.58,,,,2089.01,59.43
1997,United States,6967.15,97.93704383,199327.33,151587.94,18984.3,191.18,6536.75,201764.6,12019.5,18643.26,18223.84,,,,296306.94,2133.94
1997,United States Virgin Islands,3.45,106.6345995,3.15,4.62,3.98,0.95,0.0,0.3,2.05,0.0,0.0,,,,16.0,1.54
1997,Uruguay,27.86,103.665618,11571.28,2828.8,439.06,0.0,0.0,810.43,287.32,1.05,3.24,,,,1770.35,91.25
1997,"Uzbekistan, Rep. of",55.31,101.244324,3239.93,7844.16,2042.2,0.0,37.42,4422.82,67.79,2255.72,24235.1,,,,229.98,630.76
1997,Vanuatu,0.28,628.4671533,33.76,34.16,30.42,18.49,0.0,19.64,0.0,0.68,2.33,,,,905.57,184.48
1997,"Venezuela, Rep. Bolivariana de",143.94,96.11219508,18100.07,7752.34,1350.26,316.02,0.05,7464.57,1939.64,542.04,103.55,,,,51697.43,2400.74
1997,Vietnam,83.29,123.3347858,1923.1,9936.28,764.01,172.81,0.0,5680.96,58.61,6.1,18.49,,,,11611.5,2689.18
1997,Wallis and Futuna Islands,0.03,100.0,1.1,0.72,3.76,0.0,0.0,0.86,0.0,0.0,0.0,,,,4.49,3.6
1997,West Bank and Gaza,9.78,95.42925303,38.62,100.38,19.12,0.0,0.0,30.9,0.0,118.93,123.88,,,,31.74,150.84
1997,Western Sahara,0.85,82.60059672,0.48,3.47,14.09,0.0,0.0,0.0,0.0,19.77,26937.24,,,,0.17,3.47
1997,"Yemen, Rep. of",7.25,110.834539,176.58,1792.98,122.87,0.13,0.0,1660.24,0.9,5226.65,36041.62,,,,451.48,126.08
1997,Zambia,28.41,92.22109136,3185.89,7664.2,1398.69,0.0,0.0,13012.63,2743.23,0.0,3.92,,,,47451.89,75.46
1997,Zimbabwe,29.59,94.40788962,2933.06,12619.32,440.85,0.0,0.0,11606.74,27.64,17.6,92.76,,,,11146.53,360.55
1998,"Afghanistan, Islamic Rep. of",28.99,99.34108148,24056.2,5803.65,185.48,0.0,317.57,3286.18,6.06,4202.01,25139.21,,,,1240.22,83.05
1998,Africa,,95.6081139,,,,,,,,,,316614.28,904368.75,1504595.13,,
1998,Albania,14.68,95.84401964,403.02,990.58,56.74,0.0,0.0,323.44,6.65,32.99,51.16,,,,781.75,209.45
1998,Algeria,98.68,94.66996162,828.52,8404.08,161.81,0.0,0.0,2062.08,2.05,9050.62,209041.24,,,,1519.49,562.76
1998,American Samoa,0.01,99.18427267,1.48,2.58,1.36,0.16,0.0,1.05,0.0,0.02,0.0,,,,8.21,5.2
1998,Americas,,95.50396141,,,,,,,,,,458644.94,306895.24,3182007.11,,
1998,"Andorra, Principality of",0.23,96.32331685,11.81,0.3,0.0,0.0,0.0,0.82,0.0,5.35,2.33,,,,26.66,0.3
1998,Angola,27.83,94.7324678,17894.8,5372.84,228.67,19.93,0.0,23418.18,715.46,43.1,2694.74,,,,74650.32,358.19
1998,Anguilla,0.07,91.55251142,4.79,0.04,1.22,0.05,0.0,0.12,0.91,0.0,0.02,,,,0.77,0.04
1998,Antigua and Barbuda,0.66,89.22953094,14.12,1.17,6.87,0.5,0.0,0.93,4.08,0.02,0.0,,,,17.42,0.29
1998,Argentina,345.4,94.12478803,14684.47,50517.81,4498.31,0.0,685.92,96056.43,8542.3,46789.04,12669.0,,,,41978.26,1869.67
1998,"Armenia, Rep. of",31.45,102.7889533,685.29,880.84,129.89,0.0,0.0,441.52,1.4,43.29,44.43,,,,634.04,73.56
1998,"Aruba, Kingdom of the Netherlands",0.15,32.89493667,2.98,0.57,0.77,0.02,0.0,11.39,0.25,1.18,0.0,,,,0.16,0.57
1998,Asia,,100.631188,,,,,,,,,,680820.17,985379.76,1454269.41,,
1998,Australia,656.36,95.67854175,127585.85,50929.09,1572.73,2546.62,0.0,183598.45,10023.5,280911.0,36920.0,,,,76630.15,584.43
1998,Austria,95.24,95.33810008,1446.71,1659.98,69.65,0.0,34.13,289.57,12.94,114.38,197.88,,,,4386.55,85.13
1998,"Azerbaijan, Rep. of",35.76,95.90667581,960.14,3482.44,8014.68,0.0,0.0,982.47,3.33,883.9,454.56,,,,1198.08,481.08
1998,"Bahamas, The",7.31,94.26751592,155.76,11.93,288.26,79.27,0.0,35.01,268.14,3.39,0.85,,,,400.07,3.98
1998,"Bahrain, Kingdom of",10.76,69.51219512,1.54,0.64,3.84,0.0,0.0,0.18,0.09,2.21,44.74,,,,2.31,1.28
1998,Bangladesh,17.04,108.8570701,906.53,9394.44,1222.02,414.04,0.0,848.59,35.81,0.64,7.79,,,,769.74,422.27
1998,Barbados,3.4,103.6829499,4.01,25.0,0.91,0.0,0.0,1.48,0.28,0.04,0.0,,,,7.02,1.56
1998,"Belarus, Rep. of",65.37,100.1019754,1225.52,9893.45,215.9,0.0,0.0,441.79,41.29,1.35,0.09,,,,8634.17,198.28
1998,Belgium,0.0,,0.0,0.0,0.0,0.0,0.0,0.0,0.0,0.0,0.0,,,,0.0,0.0
1998,Belize,0.58,71.26793346,64.65,79.44,65.31,48.44,0.0,82.29,12.01,0.02,0.64,,,,1800.92,42.2
1998,Benin,16.17,103.4425074,424.24,3205.12,24.08,6.72,0.0,4086.7,2.28,0.06,0.79,,,,3474.24,356.12
1998,Bermuda,0.19,100.0,0.04,0.08,3.05,0.0,0.0,0.01,0.74,1.99,0.0,,,,0.05,0.08
1998,Bhutan,0.05,97.91825001,539.89,61.56,1.13,0.0,104.63,224.69,0.05,4.78,6.43,,,,2831.07,7.64
1998,Bolivia,59.08,80.87067836,11173.95,4416.44,1272.96,0.0,85.87,11220.13,2910.61,7340.91,8817.66,,,,61497.18,262.85
1998,Bosnia and Herzegovina,19.75,94.82852249,698.98,1115.3,24.47,0.0,0.0,250.65,5.87,3.12,1.2,,,,2867.4,129.14
1998,Botswana,15.99,90.12881822,4025.22,2655.95,41.43,0.0,0.0,45609.48,759.02,67.61,917.85,,,,4032.81,11.55
1998,Brazil,1175.66,89.91455595,65439.3,129630.34,12233.7,643.19,0.0,148481.19,13263.8,160.43,445.23,,,,456943.33,25373.53
1998,British Virgin Islands,0.64,47.88834047,1.42,0.03,3.17,1.32,0.0,0.05,2.32,0.03,0.0,,,,6.34,0.02
1998,Brunei Darussalam,1.28,119.1775244,10.63,27.99,10.77,18.62,0.0,7.67,0.0,0.21,0.0,,,,488.93,27.99
1998,Bulgaria,122.01,97.82146853,793.51,5178.74,121.91,0.0,0.0,372.89,10.39,12.62,60.17,,,,4054.88,410.08
1998,Burkina Faso,14.34,101.4674049,5813.88,15787.25,92.83,0.0,0.0,3989.0,26.12,89.24,90.06,,,,1309.82,283.36
1998,Burundi,2.24,94.47172077,481.2,1055.97,200.75,0.0,0.0,296.9,23.96,0.0,0.0,,,,242.36,400.16
1998,Cabo Verde,2.23,100.5950235,49.57,19.93,36.01,0.0,0.0,142.75,2.83,5.53,140.32,,,,8.45,1.36
1998,Cambodia,5.73,89.3191011,1081.5,6023.44,408.85,42.98,0.0,1624.28,483.26,0.28,1.81,,,,8368.94,211.63
1998,Cameroon,30.41,97.26406104,1666.41,4701.66,374.82,232.96,0.0,2569.84,175.9,0.17,2.0,,,,36142.36,946.64
1998,Canada,624.98,98.89342718,159034.68,52071.12,103700.0,0.0,18314.8,52015.15,11265.9,108358.66,39414.76,,,,438078.64,214.56
1998,Cayman Islands,0.31,67.5934258,0.63,0.94,2.74,8.47,0.0,0.32,0.75,0.04,0.0,,,,9.58,2.35
1998,Central African Rep.,9.16,89.35669571,5000.2,798.07,84.06,0.0,0.0,5069.48,23.95,0.0,0.19,,,,51341.33,38.41
1998,Chad,16.16,95.15996053,15804.38,17816.16,371.69,0.0,0.0,15589.49,672.48,6916.31,64019.59,,,,5876.87,148.47
1998,Chile,118.09,118.8793402,5059.03,2860.8,2765.66,0.0,2797.08,14629.9,118.18,11787.84,14015.3,,,,20889.16,455.36
1998,"China, P.R.: Hong Kong",11.15,108.2306163,9.44,16.07,14.26,2.04,0.0,9.7,0.34,0.05,0.02,,,,42.77,3.21
1998,"China, P.R.: Macao",0.45,80.99085366,0.14,0.21,0.4,0.0,0.0,0.02,0.02,0.0,0.0,,,,0.15,0.21
1998,"China, P.R.: Mainland",3063.53,101.0786667,288767.39,200964.71,12382.7,128.42,6286.23,25013.63,3100.72,21686.45,172392.35,,,,184078.24,18570.41
1998,Colombia,140.66,138.1946837,16784.75,5815.17,1223.51,360.4,6.71,7083.68,2377.21,571.66,23.93,,,,75976.93,4162.49
1998,"Comoros, Union of the",1.22,95.44878129,12.96,7.6,4.46,0.81,0.0,18.86,0.0,0.0,0.0,,,,114.31,5.38
1998,"Congo, Dem. Rep. of the",78.61,93.54797089,7310.47,18892.99,4391.72,247.18,0.0,8435.85,4856.64,2.89,27.28,,,,187681.73,2537.86
1998,"Congo, Rep. of",12.04,109.938958,2238.21,2661.71,293.01,75.71,0.0,2325.3,94.21,0.16,0.04,,,,26333.29,254.79
1998,Cook Islands,0.01,136.7788556,1.27,2.41,3.52,0.0,0.0,0.86,0.08,1.23,0.0,,,,10.91,4.26
1998,Costa Rica,18.15,112.8675829,338.25,332.1,43.73,34.37,0.0,292.92,3.47,0.0,2.29,,,,3619.17,442.8
1998,"Croatia, Rep. of",39.58,94.18595585,550.49,1893.21,93.01,0.0,0.0,264.16,26.69,31.11,9.04,,,,2525.89,224.26
1998,Cuba,45.6,101.3523952,1249.2,3523.18,421.96,396.9,0.0,443.0,216.47,1.05,0.43,,,,4259.93,542.18
1998,Cyprus,10.81,86.89516433,84.72,217.79,17.52,0.0,0.0,114.19,0.66,136.73,80.73,,,,178.03,93.56
1998,Czech Rep.,148.85,99.33618165,958.35,3604.93,59.76,0.0,0.0,219.39,7.37,5.11,0.36,,,,2787.68,84.02
1998,Côte d'Ivoire,69.42,106.9494576,1285.88,6033.81,281.74,11.11,0.0,4191.5,4.84,0.02,0.09,,,,12600.98,7906.38
1998,Denmark,86.58,101.2612786,502.94,2921.95,270.34,0.0,0.0,88.43,56.69,0.94,2.15,,,,495.15,9.88
1998,Djibouti,1.23,80.63418098,70.22,1.31,23.03,0.75,0.0,24.62,93.88,23.6,1939.06,,,,1.84,0.79
1998,Dominica,0.2,74.19354839,0.19,0.03,1.29,3.15,0.0,0.03,0.0,0.26,0.0,,,,69.97,0.12
1998,Dominican Rep.,33.45,102.1517084,827.98,907.77,53.77,18.64,0.0,179.08,212.32,2.12,0.37,,,,2139.16,459.1
1998,Ecuador,59.04,128.9733217,1834.03,1366.81,303.57,194.52,12.45,3029.25,111.34,35.29,348.45,,,,17272.74,1196.18
1998,"Egypt, Arab Rep. of",91.25,105.7087114,252.8,3838.31,795.16,2.15,0.0,102.6,1105.51,1204.08,90750.32,,,,26.0,640.26
1998,El Salvador,17.4,98.05150287,93.47,318.08,48.26,40.69,0.0,83.17,1.58,0.0,1.29,,,,1349.15,132.53
1998,Emerging and Developing Countries Asia excluding China,,103.3920343,,,,,,,,,,297080.34,108854.55,589027.67,,
1998,Emerging and Developing Countries Europe,,98.8823723,,,,,,,,,,291532.28,159416.6,1496677.48,,
1998,Emerging and Developing Economies,,98.43778929,,,,,,,,,,1491689.16,2165193.66,6089461.01,,
1998,"Equatorial Guinea, Rep. of",1.35,30.61453686,23.14,35.92,19.1,40.28,0.0,13.22,0.88,0.0,0.0,,,,2439.53,143.69
1998,"Eritrea, The State of",8.76,99.7449845,2433.55,1696.58,89.65,7.23,0.0,1692.11,20.4,722.13,5063.38,,,,435.97,6.81
1998,"Estonia, Rep. of",13.83,84.42354381,329.88,841.6,250.43,0.0,0.0,122.51,180.46,2.92,0.64,,,,2767.29,11.39
1998,"Eswatini, Kingdom of",1.92,83.44423898,250.43,446.32,6.11,0.0,0.0,188.22,8.65,0.24,23.01,,,,778.87,32.6
1998,"Ethiopia, The Federal Dem. Rep. of",28.61,103.4500495,11104.25,18941.4,779.12,0.0,0.0,50588.95,251.39,860.35,7565.44,,,,22436.28,1068.58
1998,Europe,,98.16945743,,,,,,,,,,366522.74,176376.91,1727762.51,,
1998,Falkland Islands (Malvinas),0.01,740.0,1033.62,0.36,65.83,0.0,0.0,35.29,0.02,7.96,8.22,,,,55.02,0.36
1998,Faroe Islands,0.0,100.0,98.06,1.27,5.92,0.0,0.0,12.06,2.46,6.68,0.51,,,,10.58,1.27
1998,"Fiji, Rep. of",1.77,115.9317435,62.13,220.39,61.07,43.78,0.0,40.37,0.0,4.36,0.0,,,,1246.49,149.38
1998,Finland,38.81,86.58168753,695.25,2164.65,3339.15,0.0,0.0,779.86,3032.26,658.6,15.59,,,,22821.96,3.2
1998,France,752.26,99.00166079,11116.93,24505.48,440.81,0.0,25.03,1348.93,164.27,256.42,215.74,,,,14502.49,1530.42
1998,French Polynesia,0.41,131.9388091,20.33,15.08,86.91,1.84,0.0,13.75,0.0,38.36,0.0,,,,126.38,100.52
1998,Gabon,8.63,88.8977171,657.61,611.44,314.91,208.57,0.0,709.62,19.13,0.05,0.0,,,,23730.95,319.83
1998,"Gambia, The",5.75,99.90326723,50.09,593.26,94.38,135.28,0.0,135.9,4.53,0.0,1.45,,,,94.02,13.8
1998,Georgia,46.17,95.09412026,924.78,1278.9,34.91,0.0,37.86,614.52,9.22,47.15,116.64,,,,3435.76,435.99
1998,Germany,1174.14,100.0000841,6353.44,15505.49,451.73,0.0,0.0,824.12,110.59,29.05,12.14,,,,10914.14,297.61
1998,Ghana,92.4,101.3229642,869.61,6492.27,537.62,25.41,0.0,4996.89,64.59,0.53,77.73,,,,7792.16,3103.2
1998,Gibraltar,0.3,94.16154522,0.06,0.03,0.02,0.0,0.0,0.07,0.02,0.0,0.0,,,,0.14,0.03
1998,Greece,94.59,108.5066055,1404.68,3518.84,357.31,0.0,0.0,3045.71,20.79,71.26,265.41,,,,3105.19,1387.82
1998,Greenland,0.06,100.0,6118.77,0.0,5544.14,0.0,175240.0,1015.41,104.35,26506.1,680.25,,,,130.92,0.0
1998,Grenada,0.44,61.98680338,1.8,0.05,1.45,0.16,0.0,0.14,0.0,0.0,0.0,,,,27.76,0.41
1998,Guadeloupe,2.31,50.37498286,9.55,19.7,5.84,3.29,0.0,2.14,3.73,0.05,0.02,,,,116.84,7.26
1998,Guam,0.01,146.3414634,48.45,0.59,1.92,0.0,0.0,0.14,0.0,0.02,0.0,,,,0.37,2.97
1998,Guatemala,36.45,118.6209906,1057.26,1181.6,137.23,33.61,0.0,659.44,22.25,0.0,1.95,,,,7399.62,442.17
1998,Guinea,20.72,99.1572954,800.9,2846.03,91.83,242.35,0.0,3834.51,1.47,0.0,1.47,,,,15958.52,655.1
1998,Guinea-Bissau,1.51,90.6744588,103.12,269.69,50.17,268.79,0.0,175.57,1.36,0.03,1.6,,,,2003.59,204.34
1998,Guyana,9.93,87.48656832,261.49,152.41,135.76,8.11,0.0,1089.12,128.65,1.91,3.08,,,,19512.51,9.36
1998,Haiti,14.55,98.48441155,1477.41,292.81,42.49,12.63,0.0,50.14,297.11,6.37,0.01,,,,427.23,97.6
1998,Holy See,0.05,100.0,0.01,0.0,0.0,0.0,0.0,0.0,0.0,0.0,0.0,,,,0.01,0.0
1998,Honduras,20.09,128.0901799,1173.2,949.58,131.68,59.13,0.0,735.98,15.39,0.09,0.53,,,,7968.51,221.78
1998,Hungary,153.36,100.3823087,1075.77,5885.72,134.91,0.0,0.0,83.52,53.91,1.8,1.05,,,,1641.38,276.03
1998,Iceland,2.93,92.72160977,3604.18,0.0,333.07,0.0,1102.48,75.27,722.65,2328.76,2006.96,,,,37.11,0.0
1998,India,688.22,102.6099966,25088.73,182683.34,4840.08,321.69,783.16,22238.67,710.37,513.92,1213.92,,,,48658.94,9756.15
1998,Indonesia,847.07,105.7002739,9330.14,22842.34,4011.3,4023.15,0.0,6953.64,0.0,1631.61,0.0,,,,123208.74,17101.22
1998,"Iran, Islamic Rep. of",210.5,95.30067824,6946.78,22705.61,6486.07,0.79,0.0,6795.87,71.32,15915.83,104131.43,,,,3118.45,1820.55
1998,Iraq,63.11,98.30058209,914.3,7923.73,680.98,0.0,0.0,352.74,18.46,912.29,32163.1,,,,232.05,450.21
1998,Ireland,35.39,91.77649641,4814.83,438.57,198.74,0.0,0.0,163.51,860.01,24.76,25.1,,,,404.06,2.95
1998,Isle of Man,0.8,88.48375739,39.66,3.03,1.15,0.0,0.0,2.57,0.0,0.02,0.82,,,,5.8,3.03
1998,Israel,32.69,98.67597609,82.37,389.88,49.7,0.0,0.0,63.07,0.09,84.56,1205.59,,,,71.29,97.76
1998,Italy,590.55,99.32345803,3325.82,10774.05,397.54,0.0,42.31,1296.85,31.65,242.66,837.81,,,,9010.12,3632.31
1998,Jamaica,15.54,69.43539153,78.81,63.29,10.41,8.73,0.0,12.38,6.18,0.16,0.0,,,,859.88,48.01
1998,Japan,1020.69,95.56494481,1297.64,7120.81,956.48,2.84,0.0,868.68,72.8,7.21,3.95,,,,25500.13,580.97
1998,Jordan,21.69,93.15180964,39.69,352.11,47.64,0.0,0.0,9.21,0.04,167.18,8127.41,,,,14.53,157.52
1998,"Kazakhstan, Rep. of",143.29,86.86913533,89152.55,40920.16,18860.4,0.0,113.64,20666.17,1187.18,65959.8,38502.44,,,,8175.16,178.16
1998,Kenya,6.29,97.27884985,14544.08,10664.97,1243.03,17.07,0.0,20567.4,904.29,417.34,2552.77,,,,6618.78,1094.31
1998,Kiribati,0.02,100.0,2.8,2.74,84.16,0.05,0.0,0.29,0.0,9.33,0.0,,,,1.44,43.86
1998,"Korea, Dem. People's Rep. of",51.49,94.07787097,306.89,3323.77,208.76,0.0,0.0,125.08,5.12,51.28,18.22,,,,7880.25,289.02
1998,"Korea, Rep. of",124.1,88.04544357,299.26,3157.97,258.55,0.0,0.0,126.27,5.88,60.67,39.24,,,,5484.55,373.48
1998,Kuwait,11.36,87.56818563,3.98,31.32,12.59,0.0,0.0,4.83,10.0,12.42,1650.32,,,,3.14,5.22
1998,Kyrgyz Rep.,4.06,96.88384132,8682.67,3615.53,720.22,0.0,609.51,834.02,0.0,2073.1,1838.77,,,,1377.17,180.78
1998,Lao People's Dem. Rep.,3.49,92.26097111,1334.68,2687.42,205.32,0.0,0.0,7496.68,88.24,0.0,0.0,,,,11102.49,243.18
1998,Latin America and the Caribbean,,93.18399692,,,,,,,,,,246985.08,122210.69,1662452.3,,
1998,Latvia,17.88,90.27076801,620.6,1531.04,123.92,0.0,0.0,173.17,119.58,0.1,0.09,,,,3836.44,17.35
1998,Lebanon,10.86,108.1171936,59.95,282.8,2.32,0.0,0.0,225.6,0.0,123.98,52.13,,,,48.15,210.21
1998,"Lesotho, Kingdom of",2.98,93.90253075,1439.4,657.11,7.01,0.0,0.0,757.68,0.9,0.16,0.72,,,,181.84,8.09
1998,Liberia,13.03,83.2369371,366.03,2608.19,48.74,25.8,0.0,179.12,3.27,0.0,0.0,,,,5193.2,1235.46
1998,Libya,42.92,97.37100452,134.68,1725.28,58.98,0.0,0.0,202.15,23.93,3856.65,155779.01,,,,150.18,318.44
1998,Liechtenstein,0.16,63.4227049,3.25,0.74,0.07,0.0,0.0,0.55,0.02,0.04,0.15,,,,9.22,0.74
1998,Lithuania,34.44,101.2735399,639.22,3307.84,120.9,0.0,0.0,188.64,30.25,0.62,0.88,,,,2106.07,49.22
1998,Luxembourg,0.0,,0.0,0.0,0.0,0.0,0.0,0.0,0.0,0.0,0.0,,,,0.0,0.0
1998,"Madagascar, Rep. of",23.95,93.8340279,22039.14,3417.24,497.65,145.13,0.0,9057.97,279.39,58.39,332.7,,,,22607.22,695.23
1998,Malawi,12.17,90.18579215,596.36,4892.34,2460.6,0.0,0.0,393.37,219.67,0.34,12.82,,,,3109.29,244.62
1998,Malaysia,135.7,103.0928414,1528.26,778.23,458.52,633.33,0.0,1210.24,0.0,8.48,0.0,,,,23296.16,5146.97
1998,Maldives,0.08,60.26592242,0.33,1.77,106.26,0.02,0.0,0.65,0.0,0.86,0.18,,,,0.42,2.36
1998,Mali,13.85,95.28196694,15353.65,20464.64,405.18,0.0,0.0,9967.82,300.33,4353.18,71253.78,,,,3178.04,542.11
1998,Malta,4.3,97.17659138,1.8,14.63,1.58,0.0,0.0,0.48,0.0,0.35,5.37,,,,1.34,1.83
1998,"Marshall Islands, Rep. of the",0.05,84.21052632,0.15,0.11,161.27,0.0,0.0,0.04,0.0,2.9,0.0,,,,0.13,1.81
1998,Martinique,2.15,69.96805455,3.89,6.03,3.14,1.84,0.0,2.96,0.25,0.0,0.0,,,,83.28,7.84
1998,"Mauritania, Islamic Rep. of",18.92,97.21347968,11740.55,1704.53,67.84,3.15,0.0,768.8,183.92,4305.08,85286.33,,,,263.85,37.88
1998,Mauritius,6.19,81.43660463,14.3,88.33,7.12,1.09,0.0,11.06,0.07,0.03,0.08,,,,69.96,3.88
1998,Mayotte,0.18,85.36585366,2.03,0.17,2.74,1.92,0.0,2.96,0.01,0.0,0.0,,,,28.02,0.29
1998,Mexico,648.68,97.00332463,17522.34,24350.42,1747.38,785.71,0.0,71970.27,119.19,60.5,2774.33,,,,73398.44,2576.79
1998,"Micronesia, Federated States of",3.11,99.81275468,0.9,1.75,48.84,27.2,0.0,0.25,0.0,0.4,0.0,,,,26.11,1.75
1998,Middle East and Central Asia,,88.88659406,,,,,,,,,,166027.23,1287482.82,376886.55,,
1998,"Moldova, Rep. of",87.08,94.38230643,178.03,2303.94,33.02,0.0,0.0,7.32,3.62,0.29,0.0,,,,269.27,494.62
1998,Monaco,0.06,87.80487805,0.06,0.3,0.0,0.0,0.0,0.03,0.0,0.0,0.0,,,,0.02,0.3
1998,Mongolia,35.68,90.59423234,32297.56,5367.03,1492.8,0.0,62.01,2703.19,370.21,35418.72,69190.93,,,,9449.31,3.99
1998,Montenegro,0.0,,0.0,0.0,0.0,0.0,0.0,0.0,0.0,0.0,0.0,,,,0.0,0.0
1998,Montserrat,0.0,96.96923638,0.21,0.31,0.54,0.12,0.0,0.21,0.99,0.43,0.0,,,,7.16,0.31
1998,Morocco,89.27,103.8711238,1238.17,7001.56,78.36,0.0,0.0,2316.47,0.18,8878.28,19640.82,,,,1556.82,730.93
1998,"Mozambique, Rep. of",28.0,88.11496192,3586.83,8301.74,1542.46,492.25,0.0,14996.57,1583.78,40.96,562.69,,,,47540.58,487.73
1998,Myanmar,46.34,103.774485,4329.0,17187.11,998.58,403.53,1.57,14410.77,58.53,0.42,0.91,,,,28531.7,1070.15
1998,Namibia,45.44,87.38988041,37669.89,1935.45,487.57,0.0,0.0,17780.7,145.58,4716.53,15356.28,,,,4506.36,9.49
1998,"Nauru, Rep. of",0.0,100.0,0.11,0.84,0.18,0.0,0.0,0.02,0.0,0.14,0.0,,,,0.03,0.84
1998,Nepal,11.3,101.2530083,3185.92,2963.24,30.53,0.0,488.22,530.78,2.31,10.3,190.17,,,,7271.8,115.27
1998,New Caledonia,1.38,100.2314834,63.07,163.54,43.83,56.31,0.0,115.47,0.0,98.12,0.0,,,,1209.49,116.82
1998,New Zealand,173.86,116.3198094,14036.24,566.89,690.54,21.51,108.45,2314.27,118.7,162.08,970.46,,,,7832.16,67.97
1998,Nicaragua,14.42,101.9529998,1233.52,1363.17,1037.9,88.84,0.0,863.93,32.8,0.18,2.32,,,,8104.85,174.94
1998,Niger,7.46,99.88996678,15306.29,7672.08,61.92,0.0,0.0,1287.66,183.96,12561.15,80990.22,,,,826.17,8.78
1998,Nigeria,207.92,96.10798791,7720.65,40500.19,944.64,872.63,0.0,15183.5,378.05,46.23,17.38,,,,19219.13,6372.82
1998,Niue,0.03,100.0,0.78,1.31,0.53,0.0,0.0,0.46,0.0,0.0,0.0,,,,19.7,3.66
1998,Norfolk Island,0.0,96.4600906,0.36,1.27,0.33,0.0,0.0,0.09,0.0,0.0,0.05,,,,0.51,1.27
1998,"North Macedonia, Republic of ",15.96,104.2264203,464.34,764.13,51.07,0.0,0.0,142.98,1.22,3.48,10.35,,,,1029.06,62.48
1998,Northern Mariana Islands,0.02,100.0,16.48,9.79,3.45,0.03,0.0,0.53,0.0,0.07,0.02,,,,7.49,9.79
1998,Norway,158.17,84.15086562,3335.12,985.07,2340.02,0.0,3532.34,1516.25,3183.61,6621.77,3621.38,,,,13305.75,5.48
1998,Oceania,,95.78408259,,,,,,,,,,53487.35,319397.43,479616.23,,
1998,Oman,21.36,67.47532063,20.04,122.99,39.02,0.0,0.0,59.31,3.25,1829.13,28702.44,,,,40.64,158.7
1998,Pakistan,46.04,99.21207483,16053.5,24256.66,520.06,8.29,210.93,7151.53,381.96,2655.3,24976.19,,,,2404.88,498.85
1998,"Palau, Rep. of",0.05,70.95207922,1.3,0.39,4.94,4.05,0.0,1.18,0.0,0.09,0.0,,,,30.72,2.59
1998,Panama,14.01,99.82085832,433.53,1011.27,129.18,135.09,0.0,385.61,8.43,0.62,4.44,,,,5092.46,295.6
1998,Papua New Guinea,17.3,83.45906454,965.49,817.85,752.47,636.64,0.0,681.18,0.0,411.11,0.88,,,,39577.33,2835.75
1998,Paraguay,30.18,81.97739002,2825.67,5098.76,355.18,0.0,0.0,7097.92,2918.38,2.39,0.54,,,,21635.56,153.86
1998,Peru,140.83,105.5395472,16406.25,2436.89,1326.38,4.63,300.01,10238.37,248.46,6237.94,9445.34,,,,82626.99,466.62
1998,Philippines,84.68,104.7229915,2151.43,6934.14,905.23,560.72,0.0,1422.43,0.0,152.18,0.0,,,,11227.98,6346.73
1998,Pitcairn Islands,0.0,100.0,0.21,1.96,0.44,0.0,0.0,0.0,0.0,0.36,0.0,,,,0.0,1.96
1998,"Poland, Rep. of",321.86,101.6802202,3003.64,16777.12,459.77,0.0,0.0,577.88,91.35,10.48,2.63,,,,9516.71,384.31
1998,Portugal,95.45,116.1708895,1057.09,2344.22,96.94,0.0,0.0,1222.61,13.97,10.46,33.12,,,,3088.55,924.78
1998,Puerto Rico,63.24,91.47033096,83.47,78.17,20.67,6.08,0.0,14.73,15.54,0.03,0.03,,,,554.35,66.79
1998,Qatar,28.63,83.22981366,5.23,20.95,14.35,0.0,0.0,5.21,0.01,18.31,1054.31,,,,7.71,4.83
1998,Romania,314.85,100.7690497,2645.35,11861.16,285.57,0.0,0.0,241.21,296.83,9.24,6.83,,,,7487.02,658.88
1998,Russian Federation,1584.17,98.59945003,153717.65,155867.23,61312.7,0.0,5309.06,119659.48,86544.5,122338.57,31725.84,,,,953399.46,2257.71
1998,Rwanda,2.02,89.89496409,137.85,1213.49,165.47,0.0,0.0,217.59,81.07,0.02,0.0,,,,284.89,452.84
1998,Réunion,3.35,67.56501817,22.89,49.83,8.01,1.09,0.0,14.45,0.16,0.0,3.74,,,,140.94,7.55
1998,Saint Helena,1.4,99.16263523,9.4,0.9,2.08,0.0,0.0,1.25,0.0,18.45,3.18,,,,2.57,0.9
1998,Saint Pierre and Miquelon,0.08,44.44444444,0.6,0.0,3.15,0.0,0.0,9.93,4.67,0.1,0.36,,,,4.7,0.0
1998,Samoa,0.03,67.91874295,28.07,37.65,3.42,0.64,0.0,22.51,0.0,0.02,0.0,,,,122.54,70.88
1998,"San Marino, Rep. of",0.42,59.85503858,0.41,2.14,0.0,0.0,0.0,0.09,0.0,0.0,0.46,,,,0.45,2.14
1998,Saudi Arabia,159.56,91.12726418,187.16,2347.24,165.54,2.46,0.0,431.39,9.05,7203.38,182697.48,,,,110.27,95.52
1998,Senegal,22.87,98.27963515,2264.51,5345.47,308.13,205.99,0.0,7354.99,355.64,40.57,11.73,,,,3701.25,109.5
1998,"Serbia, Rep. of",0.0,,0.0,0.0,0.0,0.0,0.0,0.0,0.0,0.0,0.0,,,,0.0,0.0
1998,Seychelles,0.13,246.1040678,3.07,4.35,11.18,7.53,0.0,2.04,0.0,0.22,0.67,,,,7.21,13.05
1998,Sierra Leone,9.7,86.88598372,573.89,2866.73,49.3,220.14,0.0,454.14,28.57,0.0,4.62,,,,2256.37,740.38
1998,Singapore,9.25,93.41176471,3.86,22.51,5.8,5.15,0.0,1.19,0.0,0.15,0.0,,,,7.47,4.5
1998,Slovak Rep.,94.86,98.48515023,383.49,1939.23,32.02,0.0,0.0,95.88,1.81,1.71,3.39,,,,2291.12,60.17
1998,"Slovenia, Rep. of",17.88,96.2576764,147.57,366.14,4.38,0.0,0.0,84.88,1.55,2.71,7.74,,,,1333.07,65.99
1998,Solomon Islands,0.69,74.37451676,4.34,5.55,104.59,133.86,0.0,2.84,0.0,0.17,0.0,,,,2566.54,23.49
1998,Somalia,29.0,98.72458735,7722.08,5031.03,88.06,1.34,0.0,37457.89,61.21,5377.13,5566.49,,,,2293.07,115.77
1998,South Africa,296.33,94.50253537,24249.18,12513.37,566.78,46.79,0.0,64403.94,259.79,9392.6,660.88,,,,9750.96,328.82
1998,"South Sudan, Rep. of",0.0,,0.0,0.0,0.0,0.0,0.0,0.0,0.0,0.0,0.0,,,,0.0,0.0
1998,Spain,261.09,101.3942817,7208.44,16317.0,416.54,0.0,0.0,6083.72,50.06,1175.73,512.61,,,,12845.13,5761.75
1998,Sri Lanka,51.45,81.11856518,438.86,1285.68,183.26,18.95,0.0,1144.42,0.02,7.31,1.53,,,,2076.42,1446.21
1998,St. Kitts and Nevis,0.3,79.96031746,2.53,3.73,1.39,0.19,0.0,0.52,0.29,0.0,0.0,,,,16.83,0.62
1998,St. Lucia,0.53,62.23776224,0.97,0.36,1.39,0.64,0.0,0.8,0.09,0.05,0.0,,,,53.69,2.17
1998,St. Vincent and the Grenadines,0.41,85.57894031,1.81,0.78,12.21,0.54,0.0,0.73,0.11,0.0,0.73,,,,34.0,1.25
1998,Sub-Saharan Africa,,98.58324202,,,,,,,,,,286035.99,293150.2,1426089.27,,
1998,Sudan,0.0,,0.0,0.0,0.0,0.0,0.0,0.0,0.0,0.0,0.0,,,,0.0,0.0
1998,Suriname,6.96,60.4799928,40.24,32.86,201.36,69.87,0.0,115.43,90.3,0.0,0.0,,,,14043.79,5.76
1998,Sweden,98.59,82.62172254,2080.77,2860.39,3883.39,0.0,23.79,1151.39,3276.5,1440.33,262.1,,,,29668.41,3.09
1998,Switzerland,80.04,96.69097806,1239.74,547.03,141.33,0.0,97.64,149.69,1.74,110.75,252.59,,,,1472.95,30.99
1998,Syrian Arab Rep.,73.72,103.4575221,465.98,4246.75,123.7,0.0,0.0,229.93,0.3,900.17,11846.97,,,,265.9,698.92
1998,"São Tomé and Príncipe, Dem. Rep. of",0.83,124.7001799,1.91,1.34,2.65,1.07,0.0,1.42,0.02,0.04,0.0,,,,84.09,6.69
1998,Taiwan Province of China,53.43,92.31103566,92.27,755.78,68.34,26.46,0.0,31.41,43.5,4.25,0.0,,,,2276.46,276.36
1998,"Tajikistan, Rep. of",9.2,101.8338937,6705.39,2209.09,137.79,0.0,1085.06,653.13,5.81,505.55,2363.8,,,,255.74,290.22
1998,"Tanzania, United Rep. of",30.79,97.96528083,5643.45,20642.6,6181.47,54.28,0.0,17592.42,4336.2,82.5,227.86,,,,36775.25,3016.54
1998,Thailand,101.14,109.0296546,4008.4,25145.98,880.74,334.39,0.0,5409.75,11.95,30.54,0.24,,,,11169.05,4746.41
1998,"Timor-Leste, Dem. Rep. of",4.02,110.3878344,165.82,547.68,13.27,9.14,0.0,125.91,0.0,3.14,0.0,,,,340.54,289.18
1998,Togo,11.49,97.18772665,271.88,2127.73,13.81,0.64,0.0,1365.7,1.78,0.02,4.27,,,,1802.93,114.5
1998,Tokelau,0.01,100.0,0.0,0.0,1.57,0.0,0.0,0.0,0.0,0.0,0.0,,,,0.0,0.0
1998,Tonga,0.07,86.15889476,4.03,12.74,9.32,1.04,0.0,2.6,0.0,0.16,0.0,,,,29.94,10.19
1998,Trinidad and Tobago,5.61,96.62004662,26.35,44.13,7.15,2.48,0.0,15.66,1.71,0.1,0.0,,,,382.53,31.52
1998,Tunisia,61.09,104.3375957,270.62,2439.83,158.05,0.0,0.0,132.18,0.35,1799.86,8719.98,,,,298.56,1755.08
1998,Turkmenistan,8.3,94.10824762,1379.41,3903.47,9056.99,0.0,0.0,6747.94,1.46,1189.79,33087.27,,,,72.1,134.6
1998,Turks and Caicos Islands,0.08,81.23474465,7.25,0.83,6.52,3.06,0.0,1.04,16.86,0.04,0.0,,,,16.75,0.83
1998,Tuvalu,0.01,100.0,0.1,0.45,3.47,0.0,0.0,0.05,0.0,0.09,0.0,,,,0.08,0.45
1998,"Türkiye, Rep. of",336.66,104.29363,14229.75,32139.78,1371.99,0.0,0.0,6656.79,206.61,3384.71,1606.94,,,,14972.06,3327.21
1998,Uganda,16.74,93.61533761,1733.04,7385.3,3736.2,0.0,0.0,2889.04,377.17,0.0,0.15,,,,5189.46,2980.29
1998,Ukraine,953.46,101.1181532,4285.08,42833.13,1459.48,0.0,0.0,498.79,48.84,87.16,24.38,,,,8551.23,1255.35
1998,United Arab Emirates,189.54,85.0907696,38.17,89.14,21.58,1.33,0.0,5.15,0.88,329.89,6272.6,,,,48.4,153.52
1998,United Kingdom,752.48,99.35898597,11605.37,6666.43,467.26,0.0,0.0,769.62,1400.7,503.88,61.31,,,,2093.78,56.5
1998,United States,7118.73,98.18730192,199461.02,151841.51,19034.3,191.03,6536.75,201595.08,11641.1,18680.64,18227.94,,,,296211.3,2147.3
1998,United States Virgin Islands,3.78,108.6884768,3.15,4.45,3.98,0.94,0.0,0.28,2.05,0.0,0.0,,,,15.95,1.48
1998,Uruguay,28.52,103.7779841,11570.37,2831.23,446.23,0.0,0.0,807.18,286.96,1.05,3.24,,,,1767.54,88.28
1998,"Uzbekistan, Rep. of",56.76,101.4389181,3231.74,7857.9,2025.38,0.0,37.42,4422.46,67.79,2257.95,24248.65,,,,230.48,624.7
1998,Vanuatu,0.28,617.1532847,33.67,33.54,30.3,18.56,0.0,19.59,0.0,0.68,2.33,,,,906.41,184.45
1998,"Venezuela, Rep. Bolivariana de",147.07,96.42042788,18106.66,7774.53,1357.47,316.11,0.05,7484.83,1942.38,542.17,103.44,,,,51628.28,2407.62
1998,Vietnam,85.61,122.5806268,1941.59,9872.69,765.04,174.47,0.0,5687.92,58.79,6.1,18.49,,,,11506.98,2826.64
1998,Wallis and Futuna Islands,0.03,100.0,1.1,0.72,3.76,0.0,0.0,0.86,0.0,0.0,0.0,,,,4.49,3.6
1998,West Bank and Gaza,10.0,96.61760263,38.64,101.53,19.12,0.0,0.0,30.9,0.0,118.92,123.78,,,,31.78,149.51
1998,Western Sahara,0.92,83.9390012,0.49,3.47,13.06,0.0,0.0,0.0,0.0,19.77,26938.19,,,,0.18,3.47
1998,"Yemen, Rep. of",7.51,110.474397,175.74,1786.87,116.01,0.13,0.0,1662.06,0.9,5223.83,36050.22,,,,450.97,132.53
1998,Zambia,28.92,94.66522781,3198.88,7867.56,1400.05,0.0,0.0,13028.61,2750.44,0.0,4.01,,,,47202.79,82.99
1998,Zimbabwe,30.13,94.57435939,2921.89,12641.1,441.19,0.0,0.0,11593.26,27.92,17.6,93.24,,,,11136.56,371.8
1999,"Afghanistan, Islamic Rep. of",29.72,99.75487972,24193.03,5827.22,156.23,0.0,317.57,3254.18,6.07,4192.64,25045.99,,,,1241.5,84.52
1999,Africa,,96.6834096,,,,,,,,,,320175.24,904127.25,1501275.91,,
1999,Albania,15.06,95.64313396,400.99,988.1,57.04,0.0,0.0,321.79,6.67,33.23,51.11,,,,787.57,208.92
1999,Algeria,102.24,94.84858417,831.76,8416.56,159.37,0.0,0.0,2065.94,2.05,8845.64,209232.4,,,,1506.0,569.29
1999,American Samoa,0.01,100.3331252,1.48,2.61,1.36,0.16,0.0,1.05,0.0,0.02,0.0,,,,8.21,5.17
1999,Americas,,96.36483219,,,,,,,,,,462779.25,306318.21,3178450.63,,
1999,"Andorra, Principality of",0.23,79.9665272,11.96,0.21,0.0,0.0,0.0,0.81,0.0,5.35,2.36,,,,26.67,0.21
1999,Angola,28.89,96.10613955,17921.94,5450.09,226.44,20.28,0.0,23445.19,712.35,48.77,2708.87,,,,74497.84,363.34
1999,Anguilla,0.07,91.55251142,4.78,0.04,1.22,0.05,0.0,0.12,0.91,0.0,0.02,,,,0.78,0.04
1999,Antigua and Barbuda,0.68,90.20471707,14.1,1.17,6.87,0.5,0.0,0.93,4.08,0.02,0.0,,,,17.42,0.29
1999,Argentina,350.79,95.25406556,14772.44,51122.68,4519.67,0.0,685.92,96174.78,8624.22,46712.45,12772.3,,,,41044.62,1856.85
1999,"Armenia, Rep. of",32.13,102.6789696,688.44,879.19,132.68,0.0,0.0,441.09,1.34,42.56,44.0,,,,630.06,74.24
1999,"Aruba, Kingdom of the Netherlands",0.15,32.89493667,2.98,0.57,0.77,0.02,0.0,11.39,0.25,1.18,0.0,,,,0.16,0.57
1999,Asia,,101.21233,,,,,,,,,,684752.07,982314.9,1453403.21,,
1999,Australia,667.17,96.66054721,127772.33,51447.68,1594.53,2555.81,0.0,182821.41,10004.0,281225.0,36774.0,,,,76491.37,604.11
1999,Austria,98.92,96.57978429,1478.35,1679.16,69.66,0.0,34.13,292.55,13.03,116.14,199.57,,,,4325.61,85.04
1999,"Azerbaijan, Rep. of",36.48,97.09794456,964.66,3525.42,8015.54,0.0,0.0,982.91,3.34,866.97,451.56,,,,1191.91,457.65
1999,"Bahamas, The",7.52,95.34389824,155.41,11.94,288.72,79.28,0.0,35.51,264.62,3.39,0.83,,,,402.79,3.98
1999,"Bahrain, Kingdom of",10.76,69.51219512,1.54,0.64,3.84,0.0,0.0,0.18,0.09,2.21,44.74,,,,2.31,1.28
1999,Bangladesh,17.16,108.0393246,903.57,9323.62,1218.45,414.24,0.0,833.81,35.64,0.67,8.72,,,,785.68,497.35
1999,Barbados,3.46,103.3435884,4.02,24.86,0.91,0.0,0.0,1.48,0.26,0.04,0.0,,,,7.03,1.66
1999,"Belarus, Rep. of",66.41,100.7634186,1223.48,9958.21,220.95,0.0,0.0,426.86,42.32,1.35,0.09,,,,8577.79,199.74
1999,Belgium,0.0,,0.0,0.0,0.0,0.0,0.0,0.0,0.0,0.0,0.0,,,,0.0,0.0
1999,Belize,0.62,74.78590818,66.92,83.35,65.67,48.68,0.0,83.61,11.99,0.02,0.64,,,,1788.12,46.88
1999,Benin,16.48,104.0798435,425.89,3224.66,24.59,6.53,0.0,3872.47,2.22,0.06,0.67,,,,3658.43,364.53
1999,Bermuda,0.19,100.0,0.04,0.08,3.05,0.0,0.0,0.01,0.74,1.99,0.0,,,,0.05,0.08
1999,Bhutan,0.05,100.1433036,540.49,62.96,1.13,0.0,104.63,184.79,0.05,4.78,6.43,,,,2868.79,7.82
1999,Bolivia,60.16,89.02276048,11409.68,4866.51,1281.75,0.0,85.87,11649.56,2929.35,7094.44,8972.2,,,,60441.81,266.31
1999,Bosnia and Herzegovina,20.47,97.62164535,707.82,1148.01,24.66,0.0,0.0,253.76,5.87,3.12,1.19,,,,2824.09,126.88
1999,Botswana,16.47,90.89253297,3987.44,2678.11,41.42,0.0,0.0,45609.15,762.19,70.22,921.43,,,,4039.3,11.16
1999,Brazil,1207.2,91.1557972,66378.36,131404.48,12519.5,640.44,0.0,148091.8,13344.2,159.53,443.5,,,,453109.18,26491.16
1999,British Virgin Islands,0.67,50.0,1.43,0.03,3.15,1.32,0.0,0.05,2.32,0.03,0.0,,,,6.32,0.03
1999,Brunei Darussalam,1.3,121.1319218,10.86,28.45,9.21,18.96,0.0,7.91,0.0,0.23,0.0,,,,488.72,28.45
1999,Bulgaria,126.53,97.96126394,796.86,5181.8,125.76,0.0,0.0,371.22,10.09,12.85,60.23,,,,4044.91,406.96
1999,Burkina Faso,14.53,102.1761656,5808.83,15897.43,94.83,0.0,0.0,3853.13,26.2,95.69,94.66,,,,1332.11,278.48
1999,Burundi,2.27,95.25287721,488.22,1064.69,199.3,0.0,0.0,303.61,24.1,0.0,0.0,,,,222.09,399.26
1999,Cabo Verde,2.23,100.7287451,49.69,19.96,36.01,0.0,0.0,142.75,2.83,5.48,140.22,,,,8.46,1.36
1999,Cambodia,5.87,90.60727097,1109.55,6110.25,408.89,43.08,0.0,1680.52,499.27,0.28,1.81,,,,8161.97,231.2
1999,Cameroon,30.89,98.17675274,1680.71,4745.58,381.99,232.97,0.0,2583.4,175.83,0.17,1.96,,,,36054.14,955.49
1999,Canada,637.5,99.09342913,159152.43,52165.23,103825.0,0.0,18314.8,52135.87,11077.8,107783.79,39423.02,,,,438365.09,213.79
1999,Cayman Islands,0.34,68.64864865,0.64,0.93,2.74,8.47,0.0,0.32,0.75,0.04,0.0,,,,9.58,2.33
1999,Central African Rep.,9.31,95.68298725,5007.2,855.07,92.56,0.0,0.0,5007.16,23.51,0.0,0.19,,,,51328.67,41.15
1999,Chad,16.26,95.77758514,15691.15,17931.8,375.02,0.0,0.0,15480.88,673.95,7007.91,64045.37,,,,5859.84,149.43
1999,Chile,121.15,117.0328467,5072.15,2811.47,2767.14,0.0,2797.08,14631.76,118.62,11706.13,14089.8,,,,20865.65,515.44
1999,"China, P.R.: Hong Kong",11.32,105.4870775,8.76,15.21,13.98,2.12,0.0,8.99,0.35,0.05,0.02,,,,45.21,3.04
1999,"China, P.R.: Macao",0.45,86.58536585,0.16,0.26,0.23,0.01,0.0,0.03,0.03,0.01,0.0,,,,0.17,0.26
1999,"China, P.R.: Mainland",3143.53,101.8985436,289043.74,202539.85,12363.7,134.32,6286.23,24793.01,3118.57,21872.96,171243.43,,,,183180.48,18715.92
1999,Colombia,143.38,138.7805903,16862.14,5837.7,1265.44,361.11,6.71,7148.09,2390.44,569.35,24.28,,,,75710.51,4207.93
1999,"Comoros, Union of the",1.22,95.12412557,13.05,7.57,4.46,0.81,0.0,18.99,0.0,0.0,0.0,,,,114.02,5.48
1999,"Congo, Dem. Rep. of the",79.79,96.20590808,7306.68,19430.86,4379.27,248.08,0.0,8406.2,4879.37,2.67,27.57,,,,187382.85,2320.1
1999,"Congo, Rep. of",12.1,109.9062184,2213.08,2660.86,295.42,75.62,0.0,2317.0,93.94,0.15,0.04,,,,26356.94,263.4
1999,Cook Islands,0.01,131.6920386,1.27,2.32,3.52,0.0,0.0,0.86,0.08,1.23,0.0,,,,10.91,4.35
1999,Costa Rica,18.49,114.2753636,334.15,336.13,43.84,34.64,0.0,289.39,3.47,0.0,2.32,,,,3637.04,427.8
1999,"Croatia, Rep. of",41.03,96.82941805,557.54,1946.01,90.74,0.0,0.0,265.62,26.27,31.37,9.22,,,,2454.6,235.05
1999,Cuba,46.67,101.3545759,1241.4,3522.19,423.09,398.51,0.0,436.07,213.94,1.05,0.43,,,,4279.94,536.62
1999,Cyprus,11.05,87.50429059,84.54,219.15,17.09,0.0,0.0,114.44,0.66,136.73,81.01,,,,179.02,91.04
1999,Czech Rep.,154.35,99.34396969,959.96,3599.71,59.83,0.0,0.0,216.14,7.53,5.06,0.37,,,,2788.82,84.02
1999,Côte d'Ivoire,70.63,105.0338885,1287.13,5923.3,284.98,11.2,0.0,4000.59,2.55,0.02,0.09,,,,12766.6,8038.76
1999,Denmark,88.11,100.6149341,501.64,2901.21,271.26,0.0,0.0,88.72,56.49,0.94,2.11,,,,514.44,10.12
1999,Djibouti,1.24,80.95238095,70.6,1.31,25.15,0.75,0.0,24.55,93.88,25.77,1934.42,,,,1.85,0.79
1999,Dominica,0.2,77.40906655,0.19,0.04,1.29,3.15,0.0,0.03,0.0,0.26,0.0,,,,69.97,0.12
1999,Dominican Rep.,34.43,101.5825848,816.48,901.55,54.57,19.1,0.0,170.35,211.63,2.12,0.37,,,,2177.71,445.47
1999,Ecuador,60.2,130.8613431,1837.9,1386.52,311.29,197.87,12.45,3040.3,111.3,35.26,348.58,,,,17242.11,1179.84
1999,"Egypt, Arab Rep. of",94.06,106.3365354,253.69,3858.84,854.21,2.14,0.0,102.8,1104.02,1203.66,90678.29,,,,26.52,630.25
1999,El Salvador,17.72,98.15332755,87.78,318.11,48.32,41.52,0.0,77.57,1.52,0.0,1.29,,,,1365.77,126.03
1999,Emerging and Developing Countries Asia excluding China,,103.3588601,,,,,,,,,,296984.87,108827.31,589149.88,,
1999,Emerging and Developing Countries Europe,,99.07631885,,,,,,,,,,292103.96,158798.22,1496723.33,,
1999,Emerging and Developing Economies,,99.1800634,,,,,,,,,,1502937.35,2161255.72,6082151.07,,
1999,"Equatorial Guinea, Rep. of",1.38,33.72786449,26.1,39.68,19.1,40.28,0.0,15.23,0.88,0.0,0.0,,,,2415.74,158.71
1999,"Eritrea, The State of",9.42,99.67279649,2447.6,1694.69,69.99,7.91,0.0,1688.03,23.14,727.13,5066.68,,,,435.2,6.81
1999,"Estonia, Rep. of",14.07,89.35218996,344.9,891.3,246.72,0.0,0.0,125.74,184.16,2.84,0.84,,,,2697.93,12.45
1999,"Eswatini, Kingdom of",1.96,88.7404834,259.22,474.73,6.11,0.0,0.0,191.88,8.67,0.26,24.56,,,,734.31,34.67
1999,"Ethiopia, The Federal Dem. Rep. of",29.51,102.6225857,11183.75,18788.76,783.55,0.0,0.0,50223.99,252.63,846.53,7458.51,,,,22771.69,1285.42
1999,Europe,,98.40161809,,,,,,,,,,367389.37,175798.83,1727472.98,,
1999,Falkland Islands (Malvinas),0.01,739.9938676,1032.67,0.36,66.04,0.0,0.0,35.42,0.02,7.98,8.22,,,,55.62,0.36
1999,Faroe Islands,0.0,100.0,98.06,1.27,5.92,0.0,0.0,12.06,2.46,6.68,0.51,,,,10.58,1.27
1999,"Fiji, Rep. of",1.77,115.6082033,62.13,219.77,61.07,43.78,0.0,40.37,0.0,4.36,0.0,,,,1246.49,150.0
1999,Finland,39.95,89.754898,703.78,2244.27,3312.0,0.0,0.0,786.06,2921.21,647.15,16.06,,,,22875.5,3.4
1999,France,773.06,99.2202962,11222.46,24540.45,440.33,0.0,25.03,1356.58,164.33,260.02,218.02,,,,14328.94,1529.54
1999,French Polynesia,0.41,131.9388091,20.33,15.08,86.91,1.84,0.0,13.75,0.0,38.36,0.0,,,,126.38,100.52
1999,Gabon,8.79,93.02239225,664.64,640.05,315.88,208.08,0.0,722.68,18.86,0.05,0.0,,,,23666.92,334.79
1999,"Gambia, The",5.9,99.80231444,49.82,592.51,94.79,135.84,0.0,133.44,4.53,0.0,1.45,,,,97.02,13.17
1999,Georgia,47.8,95.48524145,933.07,1282.72,36.41,0.0,37.86,620.4,9.32,47.26,116.95,,,,3411.71,438.4
1999,Germany,1211.71,99.8340451,6359.64,15440.23,450.18,0.0,0.0,820.81,110.7,26.92,11.97,,,,10958.19,282.11
1999,Ghana,94.75,101.3312736,863.14,6490.46,692.78,25.38,0.0,4713.27,16.83,0.5,7.61,,,,8008.93,3138.76
1999,Gibraltar,0.3,94.16154522,0.06,0.03,0.02,0.0,0.0,0.07,0.02,0.0,0.0,,,,0.14,0.03
1999,Greece,96.78,107.7422372,1397.36,3491.19,363.06,0.0,0.0,3031.63,20.91,70.06,264.96,,,,3135.11,1400.52
1999,Greenland,0.06,100.0,6118.77,0.0,5544.14,0.0,175240.0,1015.41,104.35,26506.1,680.25,,,,130.92,0.0
1999,Grenada,0.49,67.06777262,1.78,0.04,1.45,0.16,0.0,0.14,0.0,0.0,0.0,,,,27.74,0.4
1999,Guadeloupe,2.44,49.88850508,9.56,19.36,5.85,3.28,0.0,2.14,3.72,0.05,0.02,,,,116.8,7.53
1999,Guam,0.01,146.3414634,48.45,0.59,1.92,0.0,0.0,0.14,0.0,0.02,0.0,,,,0.37,2.97
1999,Guatemala,37.16,122.0996177,1067.3,1216.61,137.56,33.85,0.0,663.06,22.12,0.0,1.96,,,,7351.7,440.26
1999,Guinea,21.06,99.12820031,798.41,2844.85,92.1,242.63,0.0,3750.83,1.43,0.0,1.47,,,,16035.15,664.98
1999,Guinea-Bissau,1.52,88.35410208,103.45,262.74,50.32,268.03,0.0,174.74,1.36,0.03,1.63,,,,2002.0,213.95
1999,Guyana,10.5,89.93869095,265.59,156.39,138.97,7.88,0.0,1094.67,132.6,2.36,3.34,,,,19490.45,9.56
1999,Haiti,14.8,97.27927301,1471.43,288.8,42.83,12.94,0.0,46.63,297.21,6.37,0.01,,,,441.07,96.27
1999,Holy See,0.05,100.0,0.01,0.0,0.0,0.0,0.0,0.0,0.0,0.0,0.0,,,,0.01,0.0
1999,Honduras,20.7,126.7312423,1182.21,938.68,133.01,59.69,0.0,728.93,15.21,0.09,0.53,,,,7967.33,229.55
1999,Hungary,157.65,100.2446191,1071.77,5873.14,135.19,0.0,0.0,79.84,53.84,1.79,1.05,,,,1659.94,273.23
1999,Iceland,3.02,95.56962025,3604.11,0.0,333.07,0.0,1102.48,75.27,722.65,2328.73,2006.96,,,,37.13,0.0
1999,India,700.71,102.4072724,25174.79,182308.77,4840.9,322.89,783.16,21959.14,710.51,515.28,1215.33,,,,48603.4,10362.64
1999,Indonesia,865.21,105.1996722,9378.58,22711.94,4014.25,4031.39,0.0,7000.12,0.0,1641.94,0.0,,,,123011.89,17293.36
1999,"Iran, Islamic Rep. of",215.7,96.98989244,7014.83,23106.66,6432.13,1.11,0.0,6793.63,76.79,15137.06,104421.08,,,,3095.23,1909.41
1999,Iraq,64.7,99.33548787,925.19,8006.24,578.48,0.0,0.0,351.94,21.2,825.03,32334.75,,,,231.14,372.38
1999,Ireland,36.3,92.62242705,4805.01,442.03,199.23,0.0,0.0,164.11,858.72,24.86,25.1,,,,409.74,2.84
1999,Isle of Man,0.83,89.17684165,39.42,3.03,1.15,0.0,0.0,2.59,0.0,0.02,0.82,,,,5.99,3.03
1999,Israel,33.52,98.55035306,82.62,388.51,47.95,0.0,0.0,63.04,0.09,84.2,1206.46,,,,71.43,99.17
1999,Italy,609.28,100.0782537,3379.39,10841.68,415.5,0.0,42.31,1337.92,31.32,245.43,830.31,,,,8798.26,3650.26
1999,Jamaica,15.93,71.7790351,79.69,65.56,10.37,8.71,0.0,12.54,6.22,0.16,0.0,,,,853.77,50.43
1999,Japan,1034.92,98.38910994,1328.19,7347.16,956.95,2.84,0.0,883.5,74.76,7.56,3.99,,,,25199.96,592.28
1999,Jordan,22.12,93.07974929,39.82,351.39,47.05,0.0,0.0,9.2,0.05,166.37,8127.34,,,,14.61,159.05
1999,"Kazakhstan, Rep. of",146.24,89.53307944,88860.1,42176.46,18780.7,0.0,113.64,20814.34,1188.3,64894.1,38348.16,,,,8353.97,182.88
1999,Kenya,6.6,98.11428724,14704.07,10756.3,1235.08,17.19,0.0,20577.02,922.64,421.71,2426.23,,,,6550.31,1013.15
1999,Kiribati,0.02,100.0,2.8,2.74,84.16,0.05,0.0,0.29,0.0,9.33,0.0,,,,1.44,43.86
1999,"Korea, Dem. People's Rep. of",52.68,95.68625286,311.96,3380.29,210.32,0.0,0.0,126.52,5.24,51.31,17.88,,,,7809.76,293.94
1999,"Korea, Rep. of",126.13,92.12615129,312.84,3308.06,258.97,0.0,0.0,137.13,5.94,60.81,38.29,,,,5292.4,389.41
1999,Kuwait,11.5,89.31062782,4.01,32.03,5.46,0.0,0.0,4.83,11.83,11.68,1656.12,,,,3.17,4.58
1999,Kyrgyz Rep.,4.19,97.33244825,8613.24,3632.16,720.91,0.0,609.51,832.14,0.0,2109.08,1858.65,,,,1378.06,177.89
1999,Lao People's Dem. Rep.,3.57,94.24022976,1355.94,2745.07,205.05,0.0,0.0,7356.98,88.52,0.0,0.0,,,,11152.85,253.54
1999,Latin America and the Caribbean,,94.55348026,,,,,,,,,,250614.91,122117.18,1658915.99,,
1999,Latvia,18.16,92.34858674,636.7,1566.41,125.88,0.0,0.0,177.0,122.51,0.1,0.09,,,,3774.27,19.04
1999,Lebanon,11.18,92.58863812,59.98,240.3,2.31,0.0,0.0,225.37,0.0,122.8,52.33,,,,48.38,253.34
1999,"Lesotho, Kingdom of",3.06,94.3164991,1436.96,659.94,7.14,0.0,0.0,757.55,0.9,0.16,0.71,,,,181.35,8.12
1999,Liberia,13.29,83.6858668,368.04,2622.07,48.73,25.8,0.0,179.74,3.27,0.0,0.0,,,,5166.43,1245.48
1999,Libya,44.06,98.65360811,128.73,1747.43,52.33,0.0,0.0,199.85,23.93,3846.83,155778.2,,,,148.21,322.53
1999,Liechtenstein,0.19,67.6056338,3.42,0.77,0.07,0.0,0.0,0.56,0.02,0.04,0.15,,,,8.96,0.77
1999,Lithuania,35.2,101.1367274,634.34,3302.57,122.51,0.0,0.0,184.02,30.45,0.62,0.88,,,,2119.41,48.09
1999,Luxembourg,0.0,,0.0,0.0,0.0,0.0,0.0,0.0,0.0,0.0,0.0,,,,0.0,0.0
1999,"Madagascar, Rep. of",24.75,95.86194169,22104.4,3490.81,499.75,148.92,0.0,9127.77,279.1,58.64,334.45,,,,22363.18,722.24
1999,Malawi,12.54,100.1119013,656.71,5431.77,2443.4,0.0,0.0,437.22,226.9,0.34,12.83,,,,2458.33,261.53
1999,Malaysia,139.82,103.7349329,1539.08,779.8,456.63,638.64,0.0,1221.83,0.0,8.48,0.0,,,,23268.26,5143.27
1999,Maldives,0.08,60.26592242,0.33,1.77,106.26,0.02,0.0,0.65,0.0,0.86,0.18,,,,0.42,2.36
1999,Mali,14.04,96.00325584,15425.5,20619.46,394.56,0.0,0.0,9788.91,301.46,4372.96,71128.91,,,,3240.49,546.21
1999,Malta,4.42,97.33059548,1.81,14.54,1.58,0.0,0.0,0.48,0.0,0.35,5.31,,,,1.37,1.82
1999,"Marshall Islands, Rep. of the",0.05,84.21052632,0.15,0.11,161.27,0.0,0.0,0.04,0.0,2.9,0.0,,,,0.13,1.81
1999,Martinique,2.21,70.31019663,3.89,6.01,3.13,1.84,0.0,2.95,0.25,0.0,0.0,,,,83.28,7.82
1999,"Mauritania, Islamic Rep. of",19.5,98.40206463,11697.92,1725.02,58.82,3.22,0.0,770.52,184.17,4286.14,85330.63,,,,266.47,38.33
1999,Mauritius,6.19,81.45383625,14.37,88.35,7.12,1.09,0.0,11.13,0.07,0.03,0.08,,,,69.71,3.97
1999,Mayotte,0.18,87.78197044,2.1,0.18,2.74,1.92,0.0,3.06,0.01,0.0,0.0,,,,27.84,0.3
1999,Mexico,665.77,98.56609295,17710.63,24736.09,1750.43,793.61,0.0,71534.63,116.77,60.59,2772.91,,,,73227.72,2585.0
1999,"Micronesia, Federated States of",3.11,99.81275468,0.9,1.75,48.84,27.2,0.0,0.25,0.0,0.4,0.0,,,,26.11,1.75
1999,Middle East and Central Asia,,90.00952645,,,,,,,,,,168124.72,1285614.36,376657.69,,
1999,"Moldova, Rep. of",90.32,94.99335866,178.02,2316.18,33.52,0.0,0.0,7.31,3.64,0.29,0.0,,,,273.68,474.23
1999,Monaco,0.06,87.80487805,0.06,0.3,0.0,0.0,0.0,0.03,0.0,0.0,0.0,,,,0.02,0.3
1999,Mongolia,36.98,91.72567128,32315.92,5433.2,1485.45,0.0,62.0,2713.66,370.84,35312.82,69250.24,,,,9405.61,4.57
1999,Montenegro,0.0,,0.0,0.0,0.0,0.0,0.0,0.0,0.0,0.0,0.0,,,,0.0,0.0
1999,Montserrat,0.0,96.96923638,0.21,0.31,0.54,0.12,0.0,0.21,0.99,0.43,0.0,,,,7.16,0.31
1999,Morocco,91.75,104.9496487,1199.13,7072.72,73.79,0.0,0.0,2308.91,0.18,8925.76,19597.49,,,,1559.39,701.82
1999,"Mozambique, Rep. of",28.46,93.8868298,3756.43,8846.92,1512.5,496.66,0.0,15505.79,1634.09,41.26,585.44,,,,46218.6,537.53
1999,Myanmar,47.57,104.7040532,4354.47,17340.25,1000.04,414.63,1.57,13547.6,57.14,0.42,0.91,,,,29209.26,1064.75
1999,Namibia,47.65,88.57959452,37823.69,1960.21,487.42,0.0,0.0,17766.49,145.89,4627.5,15301.55,,,,4483.38,9.61
1999,"Nauru, Rep. of",0.0,100.0,0.11,0.84,0.18,0.0,0.0,0.02,0.0,0.14,0.0,,,,0.03,0.84
1999,Nepal,11.53,104.545616,3216.34,3059.74,30.53,0.0,488.22,556.12,2.31,10.3,190.03,,,,7104.29,130.44
1999,New Caledonia,1.38,102.3514638,64.52,167.03,35.78,56.97,0.0,118.97,0.0,101.97,0.0,,,,1202.12,119.31
1999,New Zealand,180.27,113.4069489,14093.93,541.93,690.76,21.49,108.45,2329.25,120.15,162.1,972.07,,,,7778.19,64.53
1999,Nicaragua,14.76,103.3886795,1267.9,1382.23,1040.53,90.16,0.0,876.89,35.8,0.18,2.39,,,,8032.7,173.34
1999,Niger,7.55,100.0979448,15293.34,7687.98,61.92,0.0,0.0,1284.93,183.96,12538.56,81014.03,,,,824.63,8.8
1999,Nigeria,210.85,96.57096948,7703.84,40693.35,952.76,870.08,0.0,14600.41,376.57,46.94,14.29,,,,19599.35,6394.67
1999,Niue,0.03,100.0,0.78,1.31,0.53,0.0,0.0,0.46,0.0,0.0,0.0,,,,19.7,3.66
1999,Norfolk Island,0.0,96.4600906,0.36,1.27,0.33,0.0,0.0,0.09,0.0,0.0,0.05,,,,0.51,1.27
1999,"North Macedonia, Republic of ",16.54,104.7159395,466.04,767.22,51.42,0.0,0.0,140.6,1.65,3.5,10.3,,,,1029.1,58.72
1999,Northern Mariana Islands,0.02,100.0,16.48,9.79,3.45,0.03,0.0,0.53,0.0,0.07,0.02,,,,7.49,9.79
1999,Norway,166.44,84.74632712,3387.41,984.89,2263.26,0.0,3532.34,1537.61,2896.07,6635.72,3627.63,,,,13568.02,5.58
1999,Oceania,,96.77180427,,,,,,,,,,54038.86,319572.04,478889.33,,
1999,Oman,21.64,68.40561942,20.27,124.7,38.89,0.0,0.0,59.31,3.25,1827.84,28699.37,,,,40.67,160.9
1999,Pakistan,47.19,99.59906266,16324.22,24350.29,517.28,8.29,210.93,7028.48,382.5,2672.95,24728.81,,,,2387.57,505.63
1999,"Palau, Rep. of",0.05,70.95207922,1.3,0.39,4.94,4.05,0.0,1.18,0.0,0.09,0.0,,,,30.72,2.59
1999,Panama,14.43,101.3620609,440.23,1026.68,129.67,135.78,0.0,391.95,8.52,0.62,4.44,,,,5067.35,290.57
1999,Papua New Guinea,18.07,87.70227706,1011.24,859.54,743.75,638.25,0.0,718.66,0.0,416.09,0.88,,,,39334.01,2955.48
1999,Paraguay,30.58,84.84081948,2872.37,5277.51,357.71,0.0,0.0,7285.69,2924.56,2.43,0.54,,,,21211.4,155.64
1999,Peru,144.35,109.0377241,16497.16,2518.81,1368.15,4.49,300.0,10170.82,266.88,6224.91,9438.73,,,,82448.88,495.52
1999,Philippines,86.34,104.0194194,2150.01,6885.32,905.31,563.53,0.0,1423.91,0.0,152.75,0.0,,,,11254.31,6364.02
1999,Pitcairn Islands,0.0,100.0,0.21,1.96,0.44,0.0,0.0,0.0,0.0,0.36,0.0,,,,0.0,1.96
1999,"Poland, Rep. of",330.08,101.4805231,2995.62,16735.34,459.79,0.0,0.0,564.57,91.25,10.25,2.74,,,,9564.88,391.27
1999,Portugal,97.85,115.1228292,1064.41,2319.81,86.13,0.0,0.0,1232.61,14.63,9.94,33.68,,,,3066.39,961.74
1999,Puerto Rico,65.21,93.13065977,83.26,78.77,20.65,6.08,0.0,14.59,15.48,0.03,0.03,,,,555.55,63.47
1999,Qatar,28.65,83.24588272,5.23,20.94,14.35,0.0,0.0,5.21,0.01,18.31,1054.31,,,,7.71,4.83
1999,Romania,331.19,100.6168129,2646.96,11826.42,290.2,0.0,0.0,230.29,293.97,9.42,6.85,,,,7521.51,650.12
1999,Russian Federation,1620.29,98.93591913,154715.01,156368.32,61304.5,0.0,5309.06,120709.11,85653.8,121780.16,31765.46,,,,952181.23,2308.46
1999,Rwanda,2.04,91.35300582,137.99,1233.18,162.25,0.0,0.0,218.17,82.91,0.02,0.0,,,,282.93,435.74
1999,Réunion,3.35,70.26125935,22.92,51.95,8.02,1.09,0.0,14.47,0.16,0.0,3.74,,,,140.68,5.62
1999,Saint Helena,1.4,99.16263523,9.4,0.9,2.08,0.0,0.0,1.25,0.0,18.45,3.18,,,,2.57,0.9
1999,Saint Pierre and Miquelon,0.09,50.02120441,0.6,0.0,3.15,0.0,0.0,9.91,4.67,0.1,0.36,,,,4.7,0.0
1999,Samoa,0.03,66.0778659,28.07,36.63,3.42,0.64,0.0,22.51,0.0,0.02,0.0,,,,122.54,71.91
1999,"San Marino, Rep. of",0.43,60.18735363,0.41,2.14,0.0,0.0,0.0,0.09,0.0,0.0,0.44,,,,0.45,2.14
1999,Saudi Arabia,161.97,90.10830286,187.23,2316.8,165.39,2.46,0.0,431.59,9.07,7328.96,182572.99,,,,109.5,123.12
1999,Senegal,23.15,98.94738391,2261.93,5381.67,323.87,190.02,0.0,7323.03,355.98,39.73,11.7,,,,3722.71,86.88
1999,"Serbia, Rep. of",0.0,,0.0,0.0,0.0,0.0,0.0,0.0,0.0,0.0,0.0,,,,0.0,0.0
1999,Seychelles,0.13,246.1040678,3.07,4.35,11.18,7.53,0.0,2.04,0.0,0.22,0.67,,,,7.21,13.05
1999,Sierra Leone,9.84,87.67043841,573.45,2892.56,49.63,222.12,0.0,454.57,26.53,0.0,4.86,,,,2253.12,717.16
1999,Singapore,9.3,93.44117647,3.87,22.47,5.78,5.15,0.0,1.19,0.0,0.15,0.0,,,,7.48,4.49
1999,Slovak Rep.,98.92,98.41115455,385.3,1933.65,32.01,0.0,0.0,95.55,1.8,1.71,3.42,,,,2291.03,60.31
1999,"Slovenia, Rep. of",18.37,99.29265584,150.61,377.76,4.37,0.0,0.0,85.76,1.55,2.67,7.91,,,,1314.44,68.48
1999,Solomon Islands,0.69,78.9034565,4.37,5.93,103.7,134.09,0.0,2.86,0.0,0.17,0.0,,,,2566.97,23.3
1999,Somalia,30.34,99.01577978,7565.66,5044.61,86.05,1.36,0.0,37430.74,61.06,5442.07,5689.52,,,,2275.52,116.08
1999,South Africa,301.16,95.2639782,24420.88,12611.76,556.64,46.94,0.0,64670.87,261.05,9378.46,674.11,,,,9208.52,339.12
1999,"South Sudan, Rep. of",0.0,,0.0,0.0,0.0,0.0,0.0,0.0,0.0,0.0,0.0,,,,0.0,0.0
1999,Spain,269.66,101.5579692,7301.74,16335.18,417.05,0.0,0.0,6099.37,52.09,1105.19,522.55,,,,12626.31,5902.89
1999,Sri Lanka,52.5,82.59057487,456.83,1308.89,183.59,18.98,0.0,1194.69,0.02,7.31,1.53,,,,1983.46,1446.29
1999,St. Kitts and Nevis,0.3,81.51674149,2.53,3.81,1.39,0.19,0.0,0.52,0.29,0.0,0.0,,,,16.84,0.54
1999,St. Lucia,0.55,63.63636364,0.97,0.36,1.39,0.64,0.0,0.8,0.09,0.05,0.0,,,,53.69,2.15
1999,St. Vincent and the Grenadines,0.41,87.00069233,1.81,0.8,12.21,0.54,0.0,0.73,0.11,0.0,0.73,,,,34.0,1.24
1999,Sub-Saharan Africa,,99.75142534,,,,,,,,,,289425.51,292782.26,1423068.21,,
1999,Sudan,0.0,,0.0,0.0,0.0,0.0,0.0,0.0,0.0,0.0,0.0,,,,0.0,0.0
1999,Suriname,7.21,67.7854943,42.19,37.42,202.75,69.23,0.0,117.48,90.7,0.0,0.0,,,,14033.04,6.57
1999,Sweden,100.95,84.14003081,2105.8,2912.4,3857.56,0.0,23.79,1162.34,3312.68,1445.7,262.41,,,,29561.85,3.18
1999,Switzerland,82.9,97.29257395,1259.05,548.07,140.75,0.0,97.64,149.95,1.73,113.44,256.5,,,,1443.45,31.0
1999,Syrian Arab Rep.,76.6,104.2320246,471.05,4276.2,119.33,0.0,0.0,231.26,0.3,886.46,11802.17,,,,260.29,728.62
1999,"São Tomé and Príncipe, Dem. Rep. of",0.83,125.2873563,1.69,1.35,2.65,1.07,0.0,1.21,0.02,0.04,0.0,,,,84.88,6.31
1999,Taiwan Province of China,54.35,92.9022028,93.77,760.04,67.1,26.47,0.0,32.63,43.47,4.36,0.0,,,,2266.37,279.69
1999,"Tajikistan, Rep. of",9.28,102.3281626,6692.82,2219.78,138.58,0.0,1085.06,654.01,5.81,522.2,2346.22,,,,258.24,288.8
1999,"Tanzania, United Rep. of",31.47,99.44381762,5648.41,20953.95,6148.27,56.26,0.0,17678.9,4356.3,85.13,236.01,,,,36257.69,3131.05
1999,Thailand,102.08,108.8529602,4030.33,25104.1,882.5,335.87,0.0,5336.65,11.96,30.5,0.24,,,,11180.71,4823.6
1999,"Timor-Leste, Dem. Rep. of",4.19,108.0435392,165.55,535.79,13.27,9.31,0.0,125.83,0.0,3.14,0.0,,,,342.46,299.15
1999,Togo,11.69,97.21362254,262.12,2128.1,22.81,0.15,0.0,1226.49,0.51,0.02,0.15,,,,1949.21,113.5
1999,Tokelau,0.01,100.0,0.0,0.0,1.57,0.0,0.0,0.0,0.0,0.0,0.0,,,,0.0,0.0
1999,Tonga,0.07,86.15889476,4.03,12.74,9.32,1.04,0.0,2.6,0.0,0.16,0.0,,,,29.94,10.19
1999,Trinidad and Tobago,5.71,97.55056157,26.44,44.51,7.15,2.48,0.0,15.64,1.71,0.1,0.0,,,,381.72,31.79
1999,Tunisia,62.29,104.3013663,271.43,2437.76,139.91,0.0,0.0,132.57,0.42,1740.31,8787.86,,,,299.03,1764.01
1999,Turkmenistan,8.64,95.30786817,1373.72,3952.99,9050.67,0.0,0.0,6749.22,1.53,1198.85,33042.31,,,,73.73,129.61
1999,Turks and Caicos Islands,0.09,82.12743415,7.25,0.83,6.52,3.06,0.0,1.04,16.85,0.04,0.0,,,,16.75,0.83
1999,Tuvalu,0.01,100.0,0.1,0.45,3.47,0.0,0.0,0.05,0.0,0.09,0.0,,,,0.08,0.45
1999,"Türkiye, Rep. of",345.37,104.5781809,14255.18,32219.69,1379.02,0.0,0.0,6699.24,206.98,3315.67,1600.16,,,,14863.05,3348.17
1999,Uganda,17.05,94.00883176,1734.93,7416.1,3737.72,0.0,0.0,2834.25,377.74,0.0,0.15,,,,5208.46,2980.98
1999,Ukraine,1002.02,100.7208732,4237.09,42612.56,1493.49,0.0,0.0,458.74,48.52,65.79,21.03,,,,8825.1,1232.59
1999,United Arab Emirates,191.68,73.23145413,38.42,48.16,21.27,1.33,0.0,5.12,0.88,330.01,6270.71,,,,48.87,193.76
1999,United Kingdom,762.33,99.93031711,11551.29,6699.24,468.01,0.0,0.0,773.76,1352.41,506.7,61.16,,,,2144.69,57.74
1999,United States,7245.03,98.43304236,199640.12,152113.0,19111.1,191.02,6536.75,200737.63,10937.9,18760.53,18231.14,,,,296840.22,2341.96
1999,United States Virgin Islands,3.91,103.6700538,3.14,3.94,3.97,0.93,0.0,0.28,2.05,0.0,0.0,,,,15.87,1.97
1999,Uruguay,29.0,103.5023897,11573.96,2823.17,451.27,0.0,0.0,791.04,285.94,1.03,3.24,,,,1786.99,85.05
1999,"Uzbekistan, Rep. of",57.92,101.7932515,3223.19,7884.39,1983.65,0.0,37.42,4421.85,67.88,2272.22,24255.96,,,,237.14,619.63
1999,Vanuatu,0.28,608.9366544,33.5,33.09,30.18,18.63,0.0,19.51,0.0,0.68,2.33,,,,907.99,183.63
1999,"Venezuela, Rep. Bolivariana de",150.08,96.78503288,18095.73,7801.48,1369.04,316.78,0.05,7541.58,1971.48,544.91,104.26,,,,51508.35,2406.93
1999,Vietnam,87.88,122.7475421,1971.65,9883.98,764.52,178.29,0.0,5738.05,58.66,6.1,18.39,,,,11319.38,2917.42
1999,Wallis and Futuna Islands,0.03,100.0,1.1,0.72,3.76,0.0,0.0,0.86,0.0,0.0,0.0,,,,4.49,3.6
1999,West Bank and Gaza,10.25,79.75955056,38.68,81.82,19.12,0.0,0.0,30.9,0.0,118.64,123.7,,,,31.83,169.24
1999,Western Sahara,0.95,84.51261625,0.49,3.47,7.2,0.0,0.0,0.0,0.0,20.03,26943.75,,,,0.19,3.47
1999,"Yemen, Rep. of",7.77,110.3369819,173.83,1784.38,108.52,0.13,0.0,1663.88,0.9,5221.25,36055.7,,,,450.89,139.57
1999,Zambia,29.4,97.54330998,3232.84,8107.16,1384.86,0.0,0.0,13114.49,2760.89,0.0,4.16,,,,46844.98,85.52
1999,Zimbabwe,30.67,95.85353988,2863.61,12811.95,439.24,0.0,0.0,11535.58,28.32,17.93,93.66,,,,11092.84,360.9
2000,"Afghanistan, Islamic Rep. of",30.78,99.56215585,24253.13,5814.84,150.23,0.0,317.57,3210.81,6.08,4064.55,25188.51,,,,1228.11,84.01
2000,Africa,,97.1752855,,,,,,,,,,321804.08,903866.0,1499907.91,,
2000,Albania,15.47,94.98941976,395.94,980.83,57.09,0.0,0.0,318.41,6.65,33.2,50.97,,,,806.58,205.33
2000,Algeria,105.81,94.78032437,835.34,8406.86,156.71,0.0,0.0,2061.32,2.05,8830.67,209242.61,,,,1508.38,581.52
2000,American Samoa,0.01,100.0,1.48,2.6,1.36,0.16,0.0,1.05,0.0,0.02,0.0,,,,8.21,5.17
2000,Americas,,96.60881947,,,,,,,,,,463950.87,305880.97,3177715.43,,
2000,"Andorra, Principality of",0.23,79.9665272,11.96,0.21,0.0,0.0,0.0,0.81,0.0,5.35,2.36,,,,26.67,0.21
2000,Angola,30.26,96.03997215,17857.97,5444.95,226.93,20.39,0.0,23464.74,712.23,49.31,2783.03,,,,74471.24,363.0
2000,Anguilla,0.07,91.43864013,4.77,0.04,1.22,0.05,0.0,0.12,0.91,0.0,0.02,,,,0.8,0.04
2000,Antigua and Barbuda,0.7,91.1997034,14.1,1.17,6.87,0.5,0.0,0.93,3.89,0.02,0.0,,,,17.58,0.29
2000,Argentina,356.6,95.68283726,14798.96,51348.57,4536.81,0.0,685.92,96264.81,8818.15,46743.46,12774.4,,,,40451.28,1857.76
2000,"Armenia, Rep. of",32.89,102.5685525,692.84,877.45,132.68,0.0,0.0,440.02,1.34,42.75,43.77,,,,627.89,74.1
2000,"Aruba, Kingdom of the Netherlands",0.16,33.31487634,2.98,0.57,0.77,0.02,0.0,11.39,0.25,1.18,0.0,,,,0.17,0.57
2000,Asia,,101.7238647,,,,,,,,,,688213.05,978743.31,1453514.69,,
2000,Australia,679.41,97.72888299,128513.06,52011.52,1615.62,2557.52,0.0,181970.87,9993.19,280993.0,36687.0,,,,76281.56,655.88
2000,Austria,103.12,96.83930366,1489.85,1679.74,69.65,0.0,34.13,295.11,13.05,116.54,200.15,,,,4305.58,85.25
2000,"Azerbaijan, Rep. of",37.31,97.6993628,968.97,3546.65,8017.81,0.0,0.0,984.19,3.32,859.44,433.06,,,,1185.64,460.04
2000,"Bahamas, The",7.81,98.33336575,156.56,12.26,288.75,79.37,0.0,36.17,257.44,3.38,0.59,,,,408.15,3.5
2000,"Bahrain, Kingdom of",10.77,69.8067452,1.54,0.68,3.77,0.01,0.0,0.21,0.1,2.21,44.67,,,,2.32,1.32
2000,Bangladesh,17.4,107.7802748,899.32,9300.97,1223.24,414.95,0.0,826.91,35.33,0.7,9.02,,,,809.8,501.25
2000,Barbados,3.51,103.4165712,4.01,24.83,0.91,0.0,0.0,1.47,0.26,0.04,0.0,,,,7.03,1.66
2000,"Belarus, Rep. of",67.49,100.8904221,1227.35,9969.77,221.55,0.0,0.0,426.22,42.6,1.34,0.09,,,,8559.23,201.57
2000,Belgium,159.54,100.2446394,618.3,1458.81,18.0,0.0,0.0,94.29,9.21,0.74,0.44,,,,669.1,34.86
2000,Belize,0.7,77.63520612,69.19,86.47,65.7,48.69,0.0,85.63,11.94,0.02,0.64,,,,1780.25,47.29
2000,Benin,16.85,105.6729253,429.21,3273.9,24.65,6.46,0.0,3634.71,2.2,0.06,0.67,,,,3843.29,364.53
2000,Bermuda,0.19,100.0,0.04,0.08,3.05,0.0,0.0,0.01,0.74,1.99,0.0,,,,0.05,0.08
2000,Bhutan,0.05,99.77775906,540.68,62.73,1.13,0.0,104.63,140.4,0.05,4.78,6.43,,,,2913.3,7.74
2000,Bolivia,61.69,90.71712651,11465.73,4958.75,1282.53,0.0,85.86,11787.17,2947.82,7027.88,8983.28,,,,60191.98,264.97
2000,Bosnia and Herzegovina,21.04,100.7205575,716.06,1184.53,24.72,0.0,0.0,256.66,5.92,3.11,1.19,,,,2784.18,118.45
2000,Botswana,16.96,93.85450601,3861.12,2765.43,42.05,0.0,0.0,45521.16,763.36,70.94,917.68,,,,4170.29,7.9
2000,Brazil,1240.02,91.01607486,66726.55,131168.39,12594.8,640.84,0.0,147555.4,13371.1,158.58,437.23,,,,452703.38,27193.03
2000,British Virgin Islands,0.69,51.42857143,1.43,0.03,3.15,1.32,0.0,0.05,2.3,0.03,0.0,,,,6.32,0.03
2000,Brunei Darussalam,1.37,121.7447203,10.89,28.53,9.01,18.96,0.0,7.93,0.0,0.22,0.0,,,,488.64,28.53
2000,Bulgaria,130.71,98.66104183,799.12,5215.53,126.36,0.0,0.0,372.17,10.04,13.07,60.53,,,,4036.91,372.75
2000,Burkina Faso,14.75,103.3459151,5819.53,16079.37,93.64,0.0,0.0,3614.21,26.42,98.96,97.01,,,,1369.0,282.99
2000,Burundi,2.33,95.19073679,487.84,1063.93,199.4,0.0,0.0,303.28,24.07,0.0,0.0,,,,223.71,398.97
2000,Cabo Verde,2.23,99.82087002,49.91,19.76,36.01,0.0,0.0,142.74,2.83,5.5,140.21,,,,8.45,1.35
2000,Cambodia,6.01,91.67683031,1133.28,6182.3,409.3,43.15,0.0,1714.53,542.14,0.28,1.81,,,,7985.95,233.92
2000,Cameroon,31.51,98.9835339,1690.42,4784.2,381.94,233.23,0.0,2566.45,176.21,0.17,2.09,,,,36013.54,963.26
2000,Canada,650.86,99.39018722,159391.16,52309.98,103919.0,0.0,18314.8,52330.21,10456.2,107274.84,39454.79,,,,438778.89,213.22
2000,Cayman Islands,0.36,69.70306444,0.64,0.93,2.74,8.47,0.0,0.32,0.74,0.04,0.0,,,,9.58,2.33
2000,Central African Rep.,9.52,97.51605803,5013.51,871.42,92.76,0.0,0.0,4994.83,23.5,0.0,0.19,,,,51316.25,42.87
2000,Chad,16.46,96.67924951,15259.25,18100.56,375.14,0.0,0.0,15271.88,674.65,7383.76,64125.87,,,,5873.16,150.84
2000,Chile,124.66,114.9321283,5094.65,2755.32,2769.99,0.0,2797.08,14618.28,119.66,11717.17,14054.6,,,,20878.17,566.81
2000,"China, P.R.: Hong Kong",11.49,104.0254438,8.08,14.67,13.98,2.22,0.0,8.13,0.35,0.05,0.02,,,,47.12,2.93
2000,"China, P.R.: Macao",0.46,87.26287263,0.16,0.26,0.23,0.01,0.0,0.03,0.03,0.01,0.0,,,,0.17,0.26
2000,"China, P.R.: Mainland",3230.55,102.2570034,288912.43,203176.48,12381.4,137.28,6286.23,24491.39,3126.19,22103.66,170734.44,,,,183081.41,18774.71
2000,Colombia,146.89,148.113627,16847.48,6236.42,1277.11,361.71,6.7,7173.87,2389.33,564.05,24.31,,,,75677.26,3821.96
2000,"Comoros, Union of the",1.22,94.80519481,13.24,7.54,4.46,0.81,0.0,19.28,0.0,0.0,0.0,,,,113.47,5.57
2000,"Congo, Dem. Rep. of the",81.37,97.17516543,7292.07,19625.79,4393.81,247.71,0.0,8346.45,4880.49,2.5,27.53,,,,187221.67,2343.38
2000,"Congo, Rep. of",12.23,107.2899558,2138.94,2597.1,297.62,75.61,0.0,2267.52,92.42,0.13,0.04,,,,26541.91,265.01
2000,Cook Islands,0.01,126.0400198,1.27,2.22,3.52,0.0,0.0,0.86,0.08,1.23,0.0,,,,10.91,4.45
2000,Costa Rica,18.89,110.0384545,327.47,322.58,43.95,34.82,0.0,282.99,3.44,0.0,2.32,,,,3660.67,430.11
2000,"Croatia, Rep. of",42.4,101.2364239,561.41,2035.08,91.19,0.0,0.0,267.16,26.32,31.44,9.22,,,,2426.47,166.77
2000,Cuba,47.64,100.8077907,1236.18,3501.97,423.91,399.64,0.0,431.16,212.97,1.04,0.41,,,,4295.32,549.68
2000,Cyprus,11.33,86.78965955,84.55,216.99,17.02,0.0,0.0,114.6,0.66,136.62,80.85,,,,179.49,92.62
2000,Czech Rep.,161.13,99.23733613,960.02,3588.91,59.85,0.0,0.0,215.23,7.65,5.05,0.37,,,,2793.49,84.11
2000,Côte d'Ivoire,72.53,105.6818497,1295.25,5958.39,288.33,11.24,0.0,3850.77,2.12,0.02,0.09,,,,12820.8,8086.38
2000,Denmark,89.63,100.6376023,502.1,2900.35,271.58,0.0,0.0,88.91,56.62,0.94,2.11,,,,512.61,10.17
2000,Djibouti,1.27,83.17460317,72.41,1.35,25.34,0.75,0.0,24.57,93.88,33.68,1924.38,,,,1.87,0.81
2000,Dominica,0.2,77.41935484,0.19,0.04,1.29,3.15,0.0,0.03,0.0,0.26,0.0,,,,69.97,0.11
2000,Dominican Rep.,35.42,102.4338895,809.98,908.4,54.55,19.16,0.0,164.68,210.91,2.09,0.37,,,,2203.34,424.86
2000,Ecuador,61.27,130.6994815,1845.6,1383.66,313.54,198.55,12.45,3050.31,111.58,35.4,348.54,,,,17235.67,1167.04
2000,"Egypt, Arab Rep. of",97.07,105.9120072,255.28,3840.05,859.31,2.14,0.0,102.55,1103.44,1202.77,90647.02,,,,27.11,671.77
2000,El Salvador,18.1,93.24857519,69.16,300.95,48.46,42.29,0.0,59.28,1.49,0.0,1.29,,,,1424.64,119.98
2000,Emerging and Developing Countries Asia excluding China,,103.4260732,,,,,,,,,,297178.19,108662.93,589121.59,,
2000,Emerging and Developing Countries Europe,,99.45776898,,,,,,,,,,293228.49,157582.81,1496813.62,,
2000,Emerging and Developing Economies,,99.63056167,,,,,,,,,,1509763.98,2156107.42,6080472.41,,
2000,"Equatorial Guinea, Rep. of",1.41,39.36272085,28.27,46.51,19.19,40.22,0.0,16.69,0.89,0.0,0.0,,,,2399.04,164.89
2000,"Eritrea, The State of",10.13,99.4659065,2462.79,1690.44,72.14,7.82,0.0,1687.55,23.18,756.23,5022.22,,,,435.02,9.06
2000,"Estonia, Rep. of",14.38,91.71959263,357.51,914.98,246.56,0.0,0.0,129.6,185.27,2.75,0.88,,,,2656.01,13.02
2000,"Eswatini, Kingdom of",2.01,92.60702107,264.19,495.45,6.11,0.0,0.0,195.49,8.7,0.26,24.67,,,,703.31,36.18
2000,"Ethiopia, The Federal Dem. Rep. of",30.81,102.8606425,11362.68,18831.11,783.27,0.0,0.0,49978.31,252.49,733.0,7342.45,,,,23047.42,1262.78
2000,Europe,,99.11509935,,,,,,,,,,370595.14,174468.96,1728922.43,,
2000,Falkland Islands (Malvinas),0.01,740.0122652,1031.68,0.36,66.06,0.0,0.0,35.52,0.02,8.24,8.23,,,,56.19,0.36
2000,Faroe Islands,0.0,100.0,98.06,1.27,5.92,0.0,0.0,12.06,2.46,6.68,0.51,,,,10.58,1.27
2000,"Fiji, Rep. of",1.77,113.3225487,62.13,215.39,61.07,43.78,0.0,40.37,0.0,4.36,0.0,,,,1246.49,154.38
2000,Finland,41.17,92.05168281,707.09,2301.5,3316.77,0.0,0.0,790.03,2874.06,642.41,16.12,,,,22856.1,4.1
2000,France,794.71,99.32452288,11266.21,24545.4,440.36,0.0,25.03,1371.39,164.16,260.73,218.41,,,,14246.92,1525.46
2000,French Polynesia,0.41,131.9388091,20.33,15.08,86.91,1.84,0.0,13.75,0.0,38.36,0.0,,,,126.38,100.52
2000,Gabon,8.97,95.75063458,668.4,658.9,317.78,207.53,0.0,729.61,18.79,0.05,0.0,,,,23626.07,344.65
2000,"Gambia, The",6.02,99.74315782,49.6,592.03,94.77,135.69,0.0,130.63,4.54,0.0,1.45,,,,101.08,12.65
2000,Georgia,49.66,95.84693885,939.29,1285.9,36.41,0.0,37.86,622.65,9.52,47.53,117.36,,,,3399.52,436.2
2000,Germany,1248.44,99.76084199,6375.68,15391.29,451.22,0.0,0.0,823.57,110.76,26.78,12.01,,,,10951.07,281.64
2000,Ghana,97.69,101.5179687,864.97,6499.65,696.79,25.44,0.0,4434.49,12.86,0.5,6.76,,,,8234.52,3178.73
2000,Gibraltar,0.3,94.16154522,0.06,0.03,0.02,0.0,0.0,0.07,0.02,0.0,0.0,,,,0.14,0.03
2000,Greece,99.52,107.2108671,1394.82,3470.76,363.74,0.0,0.0,3024.7,21.01,70.17,263.79,,,,3153.77,1409.32
2000,Greenland,0.06,100.0,6118.77,0.0,5544.14,0.0,175240.0,1015.41,104.35,26506.1,680.25,,,,130.92,0.0
2000,Grenada,0.56,75.90220821,1.77,0.04,1.45,0.16,0.0,0.14,0.0,0.0,0.0,,,,27.71,0.38
2000,Guadeloupe,2.6,52.45465626,9.56,20.32,5.86,3.28,0.0,2.14,3.7,0.05,0.02,,,,116.79,6.42
2000,Guam,0.01,146.3414634,48.45,0.59,1.92,0.0,0.0,0.14,0.0,0.02,0.0,,,,0.37,2.97
2000,Guatemala,37.92,123.9140314,1094.02,1234.48,137.75,34.85,0.0,666.02,21.84,0.0,1.95,,,,7309.76,432.98
2000,Guinea,21.46,99.06024435,791.44,2842.49,92.14,243.77,0.0,3599.05,1.53,0.0,1.69,,,,16195.2,664.18
2000,Guinea-Bissau,1.55,88.92641011,104.27,264.42,50.34,263.28,0.0,171.4,1.6,0.03,1.71,,,,2002.56,218.59
2000,Guyana,11.04,90.22957534,266.09,156.39,139.76,7.91,0.0,1094.58,132.51,2.37,3.43,,,,19488.36,9.9
2000,Haiti,15.09,97.11301227,1471.06,287.99,42.8,13.05,0.0,45.89,297.57,6.55,0.01,,,,442.34,96.0
2000,Holy See,0.05,100.0,0.01,0.0,0.0,0.0,0.0,0.0,0.0,0.0,0.0,,,,0.01,0.0
2000,Honduras,21.46,116.4656728,1175.66,860.21,133.37,59.76,0.0,712.64,15.59,0.09,0.43,,,,8007.6,289.15
2000,Hungary,161.74,100.4687438,1070.81,5882.54,135.42,0.0,0.0,78.38,53.73,1.78,1.05,,,,1665.07,256.93
2000,Iceland,3.16,100.0,3604.01,0.0,333.07,0.0,1102.48,75.27,722.64,2328.67,2006.96,,,,37.16,0.0
2000,India,714.74,102.3783253,25187.07,182243.36,4850.17,324.36,783.16,21744.74,710.68,516.74,1220.04,,,,48784.59,10418.44
2000,Indonesia,886.45,105.2889716,9380.95,22710.69,4020.9,4032.94,0.0,7006.03,0.0,1644.02,0.0,,,,123095.01,17171.5
2000,"Iran, Islamic Rep. of",220.96,96.93204368,7044.81,23087.43,6377.14,1.11,0.0,6797.09,76.81,14258.03,105169.99,,,,3065.91,2103.92
2000,Iraq,66.47,99.28719959,925.06,8000.53,564.74,0.0,0.0,352.28,22.06,781.06,32395.84,,,,230.8,372.12
2000,Ireland,37.31,94.73307128,4790.15,451.92,199.43,0.0,0.0,164.8,857.73,25.0,25.06,,,,414.69,1.85
2000,Isle of Man,0.84,89.39215381,39.38,3.03,1.15,0.0,0.0,2.6,0.0,0.02,0.82,,,,6.02,3.03
2000,Israel,34.47,99.24155758,82.86,390.52,47.95,0.0,0.0,63.03,0.09,81.8,1205.29,,,,71.62,99.36
2000,Italy,626.91,100.7299417,3400.84,10898.62,415.93,0.0,42.31,1351.49,31.26,246.32,820.26,,,,8742.28,3605.45
2000,Jamaica,16.3,77.49423293,92.17,71.68,10.35,8.69,0.0,13.94,7.03,0.16,0.0,,,,826.76,56.32
2000,Japan,1048.89,98.81786201,1340.75,7369.71,956.8,2.84,0.0,892.47,75.5,7.56,3.98,,,,25147.17,586.41
2000,Jordan,22.65,92.68580139,39.93,349.28,46.75,0.0,0.0,9.2,0.05,165.91,8126.76,,,,14.72,161.77
2000,"Kazakhstan, Rep. of",150.08,95.00871544,88308.05,44760.98,18808.4,0.0,113.64,21171.09,1188.47,62319.0,38047.89,,,,8789.46,201.84
2000,Kenya,7.09,97.94055353,14965.93,10736.75,1234.3,17.2,0.0,20578.64,936.81,364.52,2256.94,,,,6478.41,1053.7
2000,Kiribati,0.02,100.0,2.8,2.74,84.16,0.05,0.0,0.29,0.0,9.33,0.0,,,,1.44,43.86
2000,"Korea, Dem. People's Rep. of",53.84,98.06785906,320.58,3464.57,210.52,0.0,0.0,130.56,5.32,51.35,17.66,,,,7704.21,301.27
2000,"Korea, Rep. of",128.18,92.5703926,314.1,3322.57,259.07,0.0,0.0,137.93,5.93,61.22,37.69,,,,5276.49,386.8
2000,Kuwait,11.65,87.01321914,4.04,30.76,5.46,0.0,0.0,4.83,11.83,11.68,1655.6,,,,3.2,6.15
2000,Kyrgyz Rep.,4.32,97.46087868,8602.9,3636.83,721.11,0.0,609.51,828.73,0.0,2111.14,1859.34,,,,1382.26,179.7
2000,Lao People's Dem. Rep.,3.63,94.90507881,1367.72,2764.4,205.19,0.0,0.0,7247.59,88.87,0.0,0.0,,,,11240.72,243.39
2000,Latin America and the Caribbean,,94.76081902,,,,,,,,,,251164.43,122039.21,1658444.17,,
2000,Latvia,18.44,95.23897419,670.94,1615.73,125.87,0.0,0.0,186.24,123.53,0.1,0.08,,,,3679.26,19.99
2000,Lebanon,11.52,90.95762306,60.05,235.53,2.3,0.0,0.0,225.22,0.0,122.92,52.54,,,,48.47,257.44
2000,"Lesotho, Kingdom of",3.2,97.23672046,1417.36,680.33,7.14,0.0,0.0,758.31,0.9,0.16,0.71,,,,179.54,8.25
2000,Liberia,13.5,85.20289142,388.06,2669.63,48.79,25.77,0.0,188.53,2.98,0.0,0.0,,,,4934.02,1401.56
2000,Libya,45.29,99.14892605,128.0,1755.2,52.33,0.0,0.0,201.83,23.93,3848.89,155771.21,,,,141.94,323.96
2000,Liechtenstein,0.19,67.6056338,3.42,0.77,0.07,0.0,0.0,0.56,0.02,0.04,0.15,,,,8.96,0.77
2000,Lithuania,35.9,101.114158,633.51,3301.12,122.5,0.0,0.0,183.16,30.45,0.62,0.88,,,,2120.62,49.32
2000,Luxembourg,7.16,100.3751103,76.01,83.82,0.75,0.0,0.0,10.87,0.0,0.09,0.0,,,,82.47,1.35
2000,"Madagascar, Rep. of",25.82,96.3340142,22083.53,3507.05,503.0,152.82,0.0,9132.38,278.2,58.62,334.52,,,,22352.43,725.6
2000,Malawi,13.09,101.0542199,663.45,5482.47,2444.0,0.0,0.0,442.23,228.96,0.34,12.9,,,,2394.97,259.17
2000,Malaysia,144.09,103.5238062,1549.25,773.66,456.13,639.47,0.0,1232.02,0.0,8.53,0.0,,,,23240.63,5152.09
2000,Maldives,0.08,53.09446254,0.33,1.55,106.26,0.02,0.0,0.65,0.0,0.86,0.18,,,,0.42,2.59
2000,Mali,14.32,97.29275223,15637.25,20896.33,394.16,0.0,0.0,9286.36,301.76,4394.02,70922.19,,,,3363.4,622.74
2000,Malta,4.55,97.6899384,1.82,14.48,1.57,0.0,0.0,0.48,0.0,0.35,5.23,,,,1.39,1.81
2000,"Marshall Islands, Rep. of the",0.05,84.21052632,0.15,0.11,161.27,0.0,0.0,0.04,0.0,2.9,0.0,,,,0.13,1.81
2000,Martinique,2.3,81.4298141,3.89,7.22,3.12,1.83,0.0,2.95,0.24,0.0,0.0,,,,83.27,6.56
2000,"Mauritania, Islamic Rep. of",20.34,102.125362,11635.07,1790.19,59.24,3.08,0.0,777.91,184.16,4261.01,85333.54,,,,276.51,39.78
2000,Mauritius,6.19,89.04436192,15.33,97.16,7.12,1.09,0.0,11.79,0.07,0.03,0.08,,,,58.93,4.32
2000,Mayotte,0.18,87.78197044,2.1,0.18,2.74,1.92,0.0,3.06,0.01,0.0,0.0,,,,27.84,0.3
2000,Mexico,684.39,98.72834369,17724.82,24759.27,1752.94,804.6,0.0,71252.76,113.75,60.52,2774.29,,,,73353.5,2673.2
2000,"Micronesia, Federated States of",3.11,99.81275468,0.9,1.75,48.84,27.2,0.0,0.25,0.0,0.4,0.0,,,,26.11,1.75
2000,Middle East and Central Asia,,91.40979003,,,,,,,,,,170740.25,1282523.53,377133.43,,
2000,"Moldova, Rep. of",93.23,96.60033128,178.12,2353.98,33.62,0.0,0.0,7.28,3.64,0.29,0.0,,,,275.4,431.63
2000,Monaco,0.06,87.80487805,0.06,0.3,0.0,0.0,0.0,0.03,0.0,0.0,0.0,,,,0.02,0.3
2000,Mongolia,38.39,95.52854398,32256.41,5658.58,1486.01,0.0,62.0,2744.0,370.81,35075.12,69311.54,,,,9378.81,9.64
2000,Montenegro,0.0,,0.0,0.0,0.0,0.0,0.0,0.0,0.0,0.0,0.0,,,,0.0,0.0
2000,Montserrat,0.0,96.96923638,0.21,0.31,0.54,0.12,0.0,0.21,0.99,0.43,0.0,,,,7.16,0.31
2000,Morocco,94.59,104.5289446,1157.74,7041.15,73.67,0.0,0.0,2292.88,0.18,9042.41,19565.07,,,,1552.41,710.78
2000,"Mozambique, Rep. of",28.89,94.87220262,3785.91,8939.64,1517.07,492.83,0.0,15667.59,1749.58,41.49,589.76,,,,45777.87,573.05
2000,Myanmar,49.0,105.0805713,4372.52,17401.36,1003.01,416.85,1.57,13036.06,57.07,0.42,0.95,,,,29665.5,1034.35
2000,Namibia,50.11,89.44128559,38018.05,1977.28,487.38,0.0,0.0,17760.76,146.17,4421.68,15315.85,,,,4466.33,9.69
2000,"Nauru, Rep. of",0.0,100.0,0.11,0.84,0.18,0.0,0.0,0.02,0.0,0.14,0.0,,,,0.03,0.84
2000,Nepal,11.89,104.4526872,3217.85,3056.65,30.53,0.0,488.22,558.11,2.31,10.3,190.15,,,,7092.17,141.67
2000,New Caledonia,1.38,114.0263739,66.39,186.24,32.19,57.52,0.0,124.0,0.0,103.0,0.0,,,,1190.91,106.42
2000,New Zealand,188.16,112.4302233,14137.63,527.82,691.47,21.31,108.45,2351.46,121.51,162.41,974.38,,,,7713.18,65.34
2000,Nicaragua,15.14,104.5817722,1295.37,1397.97,1040.58,90.73,0.0,891.09,36.87,0.18,2.42,,,,7975.88,170.64
2000,Niger,7.61,100.1840446,15292.79,7694.54,61.92,0.0,0.0,1280.43,183.96,12561.03,80989.06,,,,820.61,13.76
2000,Nigeria,213.74,96.5033476,7707.24,40661.84,953.99,868.72,0.0,14005.2,376.67,46.82,14.03,,,,19876.66,6738.25
2000,Niue,0.03,100.0,0.78,1.31,0.53,0.0,0.0,0.46,0.0,0.0,0.0,,,,19.7,3.66
2000,Norfolk Island,0.0,96.4600906,0.36,1.27,0.33,0.0,0.0,0.09,0.0,0.0,0.05,,,,0.51,1.27
2000,"North Macedonia, Republic of ",17.0,104.4451273,466.91,764.73,51.46,0.0,0.0,140.48,1.75,3.5,10.23,,,,1028.39,60.63
2000,Northern Mariana Islands,0.02,100.0,16.48,9.79,3.45,0.03,0.0,0.53,0.0,0.07,0.02,,,,7.49,9.79
2000,Norway,175.31,86.52247199,3414.53,1000.15,2260.59,0.0,3532.34,1548.83,2858.95,6611.76,3628.98,,,,13567.84,5.69
2000,Oceania,,97.82690791,,,,,,,,,,54628.13,319258.81,478614.6,,
2000,Oman,21.96,67.26981956,20.2,121.95,38.81,0.0,0.0,59.02,3.28,1826.87,28698.45,,,,41.04,165.22
2000,Pakistan,48.69,99.54272623,16585.19,24334.99,517.27,8.29,210.93,6923.06,382.6,2731.28,24539.72,,,,2366.26,515.86
2000,"Palau, Rep. of",0.05,70.95207922,1.3,0.39,4.94,4.05,0.0,1.18,0.0,0.09,0.0,,,,30.72,2.59
2000,Panama,15.02,102.6725212,443.04,1039.55,130.07,135.9,0.0,394.67,8.56,0.62,4.44,,,,5059.51,278.86
2000,Papua New Guinea,19.02,90.38728556,1040.01,885.46,744.35,638.56,0.0,741.6,0.0,419.24,0.88,,,,39170.48,3036.47
2000,Paraguay,31.12,85.77314702,2898.85,5335.3,357.99,0.0,0.0,7331.22,2991.72,2.44,0.54,,,,21010.24,159.0
2000,Peru,148.6,110.3590222,16572.72,2546.83,1374.93,4.49,299.99,10081.37,268.86,6214.12,9431.17,,,,82421.36,514.18
2000,Philippines,88.05,103.1414383,2141.89,6824.77,904.26,564.52,0.0,1419.3,0.0,152.89,0.0,,,,11317.88,6371.96
2000,Pitcairn Islands,0.0,100.0,0.21,1.96,0.44,0.0,0.0,0.0,0.0,0.36,0.0,,,,0.0,1.96
2000,"Poland, Rep. of",337.98,101.3647336,2994.08,16707.93,459.85,0.0,0.0,562.27,91.04,10.19,2.78,,,,9577.22,402.38
2000,Portugal,100.5,112.5024404,1066.45,2262.13,86.11,0.0,0.0,1235.46,14.62,9.73,33.55,,,,3058.71,1019.93
2000,Puerto Rico,67.47,96.74104531,82.87,82.09,20.63,6.08,0.0,14.37,15.31,0.03,0.03,,,,556.48,57.75
2000,Qatar,28.66,83.24660064,5.23,20.93,14.35,0.0,0.0,5.21,0.01,18.31,1054.3,,,,7.71,4.83
2000,Romania,348.41,100.4963561,2653.19,11794.64,290.98,0.0,0.0,227.53,293.21,9.42,6.85,,,,7520.1,662.59
2000,Russian Federation,1660.9,99.61384269,155327.35,157410.23,61340.1,0.0,5309.06,121781.69,85002.9,120455.21,31852.52,,,,951215.88,2359.12
2000,Rwanda,2.08,94.68402174,138.05,1278.19,162.3,0.0,0.0,218.25,82.93,0.02,0.0,,,,282.3,391.13
2000,Réunion,3.35,70.25847132,22.96,51.95,8.02,1.09,0.0,14.54,0.16,0.0,3.74,,,,140.58,5.62
2000,Saint Helena,1.4,99.16263523,9.4,0.9,2.08,0.0,0.0,1.25,0.0,18.45,3.18,,,,2.57,0.9
2000,Saint Pierre and Miquelon,0.09,50.02120441,0.6,0.0,3.15,0.0,0.0,9.91,4.67,0.1,0.36,,,,4.7,0.0
2000,Samoa,0.03,60.92285508,28.07,33.77,3.42,0.64,0.0,22.51,0.0,0.02,0.0,,,,122.54,74.77
2000,"San Marino, Rep. of",0.45,60.6557377,0.41,2.14,0.0,0.0,0.0,0.09,0.0,0.0,0.42,,,,0.45,2.14
2000,Saudi Arabia,165.6,90.65737099,187.69,2328.28,165.29,2.52,0.0,434.91,9.06,7332.14,182549.2,,,,109.74,125.1
2000,Senegal,23.51,99.1121994,2256.87,5390.31,326.97,184.1,0.0,7242.63,356.14,39.22,10.46,,,,3801.21,89.24
2000,"Serbia, Rep. of",0.0,,0.0,0.0,0.0,0.0,0.0,0.0,0.0,0.0,0.0,,,,0.0,0.0
2000,Seychelles,0.13,246.1040678,3.07,4.35,11.18,7.53,0.0,2.04,0.0,0.22,0.67,,,,7.21,13.05
2000,Sierra Leone,10.04,88.0053673,574.99,2903.44,49.71,227.35,0.0,457.82,21.97,0.0,4.87,,,,2242.58,711.05
2000,Singapore,9.36,93.44117647,3.86,22.41,5.78,5.15,0.0,1.18,0.0,0.15,0.0,,,,7.51,4.48
2000,Slovak Rep.,103.13,98.44621563,385.83,1930.16,32.0,0.0,0.0,95.27,1.77,1.71,3.44,,,,2291.01,59.37
2000,"Slovenia, Rep. of",18.83,102.3637047,153.86,389.55,4.35,0.0,0.0,87.18,1.54,2.7,7.93,,,,1296.17,69.8
2000,Solomon Islands,0.8,80.21454112,4.38,5.93,103.2,134.22,0.0,2.86,0.0,0.17,0.0,,,,2567.23,23.29
2000,Somalia,31.91,99.21595947,7517.31,5053.3,86.01,1.36,0.0,37394.38,60.93,5462.1,5712.58,,,,2306.85,116.28
2000,South Africa,306.98,96.33898863,24442.3,12751.65,557.67,46.93,0.0,64729.2,261.86,9361.22,677.47,,,,8978.73,355.44
2000,"South Sudan, Rep. of",0.0,,0.0,0.0,0.0,0.0,0.0,0.0,0.0,0.0,0.0,,,,0.0,0.0
2000,Spain,278.89,101.5156042,7322.62,16319.02,418.41,0.0,0.0,6115.74,52.23,1051.66,523.16,,,,12578.01,5972.28
2000,Sri Lanka,53.88,83.56960432,460.02,1323.65,184.44,18.99,0.0,1211.21,0.02,7.29,1.53,,,,1953.69,1439.38
2000,St. Kitts and Nevis,0.31,86.8718559,2.53,4.07,1.39,0.19,0.0,0.52,0.28,0.0,0.0,,,,16.83,0.29
2000,St. Lucia,0.57,67.13286713,0.97,0.39,1.38,0.64,0.0,0.8,0.09,0.05,0.0,,,,53.68,2.12
2000,St. Vincent and the Grenadines,0.41,87.7530852,1.81,0.81,12.21,0.54,0.0,0.73,0.1,0.0,0.73,,,,34.0,1.22
2000,Sub-Saharan Africa,,100.3098406,,,,,,,,,,291045.59,292460.84,1421768.56,,
2000,Sudan,0.0,,0.0,0.0,0.0,0.0,0.0,0.0,0.0,0.0,0.0,,,,0.0,0.0
2000,Suriname,7.44,68.49953316,42.76,37.66,203.02,69.2,0.0,118.33,89.18,0.0,0.0,,,,14032.35,6.61
2000,Sweden,103.47,86.22255233,2124.91,2984.47,3862.77,0.0,23.79,1174.96,3362.83,1445.14,262.82,,,,29400.28,3.33
2000,Switzerland,85.48,97.2399118,1266.5,545.15,140.76,0.0,97.64,150.75,1.73,114.02,257.27,,,,1433.28,31.91
2000,Syrian Arab Rep.,79.93,103.9035049,473.64,4259.16,128.34,0.0,0.0,230.92,0.3,885.63,11774.52,,,,260.32,759.56
2000,"São Tomé and Príncipe, Dem. Rep. of",0.83,123.5508695,1.7,1.32,2.65,1.07,0.0,1.22,0.02,0.04,0.0,,,,84.85,6.36
2000,Taiwan Province of China,55.11,92.62537346,93.56,756.86,66.76,26.57,0.0,32.5,43.43,4.36,0.0,,,,2268.81,280.32
2000,"Tajikistan, Rep. of",9.33,102.3341305,6691.61,2219.86,138.58,0.0,1085.06,654.1,5.81,525.95,2343.2,,,,258.49,288.81
2000,"Tanzania, United Rep. of",32.69,98.51453005,5646.24,20756.62,6146.28,56.47,0.0,17675.13,4383.0,89.39,238.81,,,,36179.8,3378.99
2000,Thailand,103.45,108.7644987,4039.92,25082.27,891.45,338.55,0.0,5337.13,11.96,30.47,0.24,,,,11149.89,4853.26
2000,"Timor-Leste, Dem. Rep. of",4.37,107.6233543,164.97,533.51,13.27,9.43,0.0,125.75,0.0,3.14,0.0,,,,346.37,297.88
2000,Togo,11.96,97.23968858,254.8,2128.4,22.81,0.15,0.0,1080.09,0.5,0.02,0.15,,,,2093.97,121.89
2000,Tokelau,0.01,100.0,0.0,0.0,1.57,0.0,0.0,0.0,0.0,0.0,0.0,,,,0.0,0.0
2000,Tonga,0.07,89.45459018,4.03,13.23,9.32,1.04,0.0,2.6,0.0,0.16,0.0,,,,29.94,9.7
2000,Trinidad and Tobago,5.87,97.82439782,26.4,44.49,7.15,2.48,0.0,15.6,1.71,0.1,0.0,,,,381.66,31.78
2000,Tunisia,63.57,103.2190249,271.75,2410.54,139.69,0.0,0.0,132.67,0.42,1683.15,8844.07,,,,300.36,1789.39
2000,Turkmenistan,8.88,96.03552844,1374.2,3983.0,9050.26,0.0,0.0,6751.83,1.57,1214.59,32996.68,,,,77.12,123.19
2000,Turks and Caicos Islands,0.1,83.03571429,7.25,0.83,6.52,3.06,0.0,1.04,16.83,0.04,0.0,,,,16.75,0.83
2000,Tuvalu,0.01,100.0,0.1,0.45,3.47,0.0,0.0,0.05,0.0,0.09,0.0,,,,0.08,0.45
2000,"Türkiye, Rep. of",355.04,104.2742631,14309.09,32115.39,1378.26,0.0,0.0,6720.31,207.35,3334.31,1610.79,,,,14760.79,3441.22
2000,Uganda,17.35,94.32358276,1723.41,7440.69,3738.89,0.0,0.0,2812.5,378.28,0.0,0.15,,,,5247.92,2948.2
2000,Ukraine,1057.58,100.5993345,4227.78,42504.32,1494.94,0.0,0.0,446.84,48.4,58.49,21.24,,,,8920.77,1216.5
2000,United Arab Emirates,194.36,77.30450979,38.79,58.82,21.22,1.33,0.0,5.03,0.88,329.98,6267.11,,,,49.38,183.32
2000,United Kingdom,771.63,100.1014343,11520.01,6702.72,468.63,0.0,0.0,777.57,1323.44,508.16,60.89,,,,2184.97,59.32
2000,United States,7379.84,98.71963118,199536.68,152442.13,19139.5,190.99,6536.75,200299.99,9941.4,18873.74,18235.84,,,,297762.32,2347.03
2000,United States Virgin Islands,4.05,104.6235139,3.14,3.87,3.94,0.93,0.0,0.27,1.99,0.0,0.0,,,,15.92,1.94
2000,Uruguay,29.52,102.9779396,11584.2,2808.19,452.15,0.0,0.0,775.99,285.4,1.04,3.24,,,,1805.01,85.9
2000,"Uzbekistan, Rep. of",59.43,101.3917599,3243.77,7851.54,1937.91,0.0,37.42,4415.05,67.88,2336.83,24276.55,,,,224.89,609.9
2000,Vanuatu,0.28,595.8029197,33.3,32.37,30.33,18.65,0.0,19.41,0.0,0.68,2.33,,,,909.6,182.86
2000,"Venezuela, Rep. Bolivariana de",153.38,96.80678882,18065.1,7799.97,1373.42,317.04,0.05,7547.51,1974.02,543.4,103.82,,,,51528.38,2404.61
2000,Vietnam,90.27,121.7240653,2000.36,9798.45,766.26,179.61,0.0,5806.94,58.74,6.1,18.39,,,,11156.41,3062.81
2000,Wallis and Futuna Islands,0.03,100.0,1.1,0.72,3.76,0.0,0.0,0.86,0.0,0.0,0.0,,,,4.49,3.6
2000,West Bank and Gaza,10.53,90.38606339,38.74,93.81,19.12,0.0,0.0,30.86,0.0,117.47,123.71,,,,31.87,158.09
2000,Western Sahara,0.99,85.08610514,0.5,3.46,7.2,0.0,0.0,0.0,0.0,20.03,26943.75,,,,0.2,3.46
2000,"Yemen, Rep. of",8.11,111.1977836,175.11,1798.02,109.05,0.13,0.0,1661.34,0.9,5210.25,36044.08,,,,455.48,144.31
2000,Zambia,30.22,99.6700154,3273.56,8283.73,1385.66,0.0,0.0,13078.88,2783.08,0.0,4.17,,,,46631.71,93.21
2000,Zimbabwe,31.44,96.60219794,2822.73,12911.47,439.69,0.0,0.0,11432.12,28.37,18.01,94.42,,,,11137.75,358.65
2001,"Afghanistan, Islamic Rep. of",33.12,98.94985935,24308.31,5776.56,108.57,0.0,317.57,3163.39,6.5,4034.36,25318.61,,,,1197.53,84.21
2001,Africa,,97.58554251,,,,,,,,,,323162.71,903534.23,1498881.3,,
2001,Albania,15.67,94.84864375,394.5,979.15,57.09,0.0,0.0,317.08,6.65,33.25,50.94,,,,811.15,204.98
2001,Algeria,110.15,94.38667395,836.77,8367.16,156.67,0.0,0.0,2064.73,2.05,8618.92,209433.03,,,,1501.69,639.98
2001,American Samoa,0.01,100.0,1.48,2.6,1.36,0.16,0.0,1.05,0.0,0.02,0.0,,,,8.21,5.17
2001,Americas,,96.8193086,,,,,,,,,,464961.85,305339.43,3177247.13,,
2001,"Andorra, Principality of",0.23,79.9665272,11.96,0.21,0.0,0.0,0.0,0.81,0.0,5.35,2.36,,,,26.67,0.21
2001,Angola,36.66,95.68357209,17797.1,5418.23,226.51,20.4,0.0,23418.31,712.63,48.71,2786.55,,,,74597.69,361.22
2001,Anguilla,0.07,91.55251142,4.73,0.04,1.22,0.05,0.0,0.12,0.9,0.0,0.02,,,,0.84,0.04
2001,Antigua and Barbuda,0.7,87.31707317,14.08,1.09,6.87,0.5,0.0,0.92,3.89,0.02,0.0,,,,17.7,0.27
2001,Argentina,364.16,96.47491881,14874.43,51769.06,4533.4,0.0,685.92,96284.05,8973.13,46707.53,12804.3,,,,39775.05,1865.82
2001,"Armenia, Rep. of",33.99,102.9061315,694.07,879.34,132.76,0.0,0.0,440.07,1.36,41.18,42.81,,,,626.69,73.44
2001,"Aruba, Kingdom of the Netherlands",0.16,33.31487634,2.98,0.57,0.77,0.02,0.0,11.39,0.25,1.18,0.0,,,,0.17,0.57
2001,Asia,,101.8806775,,,,,,,,,,689274.08,978029.49,1453167.99,,
2001,Australia,731.97,98.36800146,128584.34,52303.52,1581.31,2558.52,0.0,181480.73,10011.8,281863.0,36465.1,,,,75686.38,691.62
2001,Austria,113.84,97.05668663,1495.21,1673.02,69.58,0.0,34.13,295.92,13.04,116.47,200.5,,,,4294.81,85.64
2001,"Azerbaijan, Rep. of",39.23,98.54769932,969.82,3575.85,8018.98,0.0,0.0,984.63,3.26,853.16,428.75,,,,1180.57,442.18
2001,"Bahamas, The",7.89,97.99118079,157.44,12.11,282.08,79.57,0.0,37.5,252.92,3.38,0.52,,,,417.1,3.46
2001,"Bahrain, Kingdom of",13.14,83.90243902,1.85,0.62,3.77,0.01,0.0,0.21,0.09,2.2,41.81,,,,2.73,1.16
2001,Bangladesh,20.3,107.4432308,887.85,9268.95,1213.73,415.83,0.0,826.69,35.36,0.75,9.48,,,,801.81,558.17
2001,Barbados,3.57,103.4767306,4.0,24.78,0.91,0.0,0.0,1.46,0.26,0.04,0.0,,,,7.04,1.65
2001,"Belarus, Rep. of",81.83,100.7981485,1225.23,9946.25,221.67,0.0,0.0,423.76,42.54,1.3,0.09,,,,8562.18,212.36
2001,Belgium,177.92,100.2851941,620.5,1441.09,17.55,0.0,0.0,93.67,9.25,0.65,0.44,,,,666.76,35.47
2001,Belize,0.73,79.62201014,70.21,88.67,65.59,48.87,0.0,86.77,11.68,0.02,0.64,,,,1776.94,46.38
2001,Benin,18.01,107.0001188,431.54,3314.07,24.72,6.48,0.0,3558.81,2.19,0.04,0.49,,,,3881.72,358.46
2001,Bermuda,0.19,100.0,0.04,0.08,3.05,0.0,0.0,0.01,0.74,1.99,0.0,,,,0.05,0.08
2001,Bhutan,0.05,101.7962005,540.84,64.0,1.13,0.0,104.63,135.87,0.05,4.78,6.43,,,,2916.3,7.84
2001,Bolivia,63.93,90.37468354,11490.55,4937.56,1283.87,0.0,85.86,11841.8,2952.21,6983.7,8985.67,,,,60158.23,274.31
2001,Bosnia and Herzegovina,21.23,100.9910492,713.64,1187.58,24.72,0.0,0.0,254.62,5.94,3.11,1.21,,,,2789.77,114.05
2001,Botswana,17.48,94.04974735,3835.8,2770.7,42.05,0.0,0.0,45502.8,764.33,67.18,919.8,,,,4202.94,13.85
2001,Brazil,1310.39,91.11837311,67034.34,131246.93,12664.6,640.53,0.0,147527.61,13359.9,154.19,382.32,,,,451528.67,27940.41
2001,British Virgin Islands,0.7,52.10890997,1.42,0.03,3.15,1.32,0.0,0.05,2.22,0.03,0.0,,,,6.41,0.03
2001,Brunei Darussalam,1.43,104.4398687,10.44,24.22,9.01,19.08,0.0,7.64,0.0,0.22,0.0,,,,491.76,30.28
2001,Bulgaria,132.7,98.56462196,791.97,5208.32,126.98,0.0,0.0,365.67,10.07,13.35,60.1,,,,4059.99,368.05
2001,Burkina Faso,17.14,103.9092184,5825.48,16164.68,94.83,0.0,0.0,3498.49,26.46,97.99,97.37,,,,1379.99,293.41
2001,Burundi,3.07,95.62658584,485.95,1068.08,199.4,0.0,0.0,302.24,24.1,0.0,0.0,,,,224.15,396.56
2001,Cabo Verde,2.23,100.1361779,50.44,19.83,36.01,0.0,0.0,142.74,2.83,5.56,139.62,,,,8.45,1.29
2001,Cambodia,6.17,92.98292449,1160.96,6270.31,409.3,42.88,0.0,1739.76,551.56,0.28,1.81,,,,7832.41,237.25
2001,Cameroon,34.88,99.13411225,1686.2,4788.16,381.76,234.25,0.0,2556.62,176.03,0.02,2.05,,,,36019.03,964.06
2001,Canada,701.04,99.52148597,159283.31,52329.79,103646.0,0.0,18314.8,52393.07,9536.18,106742.86,39467.87,,,,440468.66,210.86
2001,Cayman Islands,0.36,69.70306444,0.64,0.93,2.74,8.47,0.0,0.32,0.74,0.04,0.0,,,,9.58,2.33
2001,Central African Rep.,9.7,99.60476955,5015.14,890.11,92.98,0.0,0.0,4982.38,23.19,0.0,0.19,,,,51307.44,43.79
2001,Chad,16.61,96.77624191,15268.54,18118.58,375.21,0.0,0.0,15222.11,677.34,7436.56,64113.12,,,,5856.55,146.91
2001,Chile,128.48,112.8425987,5094.13,2699.14,2764.49,0.0,2797.08,14589.79,105.77,11710.82,14054.7,,,,20935.03,616.95
2001,"China, P.R.: Hong Kong",12.03,103.9268515,8.06,14.11,13.88,2.25,0.0,7.59,0.35,0.05,0.02,,,,47.9,2.82
2001,"China, P.R.: Macao",0.47,87.80487805,0.16,0.25,0.23,0.01,0.0,0.03,0.03,0.01,0.0,,,,0.17,0.25
2001,"China, P.R.: Mainland",3589.43,102.5006804,288835.48,203309.39,12360.7,140.0,6286.23,24271.76,3160.95,22131.56,170674.47,,,,182982.13,18693.73
2001,Colombia,148.16,141.0399292,16854.12,5930.29,1277.16,362.41,6.7,7198.47,2389.86,559.58,24.32,,,,75631.6,4144.38
2001,"Comoros, Union of the",1.23,92.85153554,13.19,7.35,4.46,0.8,0.0,19.32,0.0,0.0,0.0,,,,113.6,5.65
2001,"Congo, Dem. Rep. of the",86.13,99.00313207,7291.35,19991.78,4392.0,248.48,0.0,8321.05,4896.79,2.4,27.55,,,,186967.79,2237.89
2001,"Congo, Rep. of",12.93,106.4003214,2116.99,2574.76,297.35,75.88,0.0,2261.58,86.05,0.04,0.04,,,,26600.13,262.73
2001,Cook Islands,0.01,120.388001,1.27,2.12,3.52,0.0,0.0,0.86,0.08,1.23,0.0,,,,10.91,4.55
2001,Costa Rica,20.8,110.1770217,326.68,321.1,43.96,34.88,0.0,282.38,3.37,0.0,2.32,,,,3663.62,428.13
2001,"Croatia, Rep. of",45.03,101.3594037,560.82,2034.97,90.92,0.0,0.0,266.48,26.35,31.46,9.25,,,,2425.17,167.0
2001,Cuba,48.72,102.4631087,1231.31,3559.17,423.58,400.75,0.0,427.3,210.7,1.02,0.41,,,,4309.57,487.37
2001,Cyprus,13.06,87.68008515,84.65,217.6,17.02,0.0,0.0,114.57,0.66,136.62,79.35,,,,180.16,91.03
2001,Czech Rep.,174.69,99.32889813,962.87,3578.81,59.62,0.0,0.0,215.52,7.64,5.05,0.36,,,,2787.2,84.05
2001,Côte d'Ivoire,77.06,106.039555,1298.85,5974.26,288.29,11.54,0.0,3799.8,1.97,0.0,0.09,,,,12826.07,8107.92
2001,Denmark,97.69,100.7146798,502.71,2894.58,271.77,0.0,0.0,89.02,56.62,0.91,2.11,,,,509.51,10.1
2001,Djibouti,1.27,83.49244643,71.98,1.36,25.22,0.75,0.0,24.57,93.88,37.47,1921.12,,,,1.86,0.82
2001,Dominica,0.2,77.41935484,0.19,0.04,1.29,3.15,0.0,0.03,0.0,0.26,0.0,,,,69.97,0.11
2001,Dominican Rep.,37.69,101.6403164,803.52,898.82,54.63,19.3,0.0,160.01,209.53,2.06,0.37,,,,2227.46,420.38
2001,Ecuador,61.28,129.4563441,1848.56,1369.91,314.02,199.69,12.45,3056.16,111.1,35.41,348.54,,,,17219.3,1187.25
2001,"Egypt, Arab Rep. of",108.36,106.9313033,256.7,3866.65,942.03,2.09,0.0,99.42,1104.89,1195.5,90558.87,,,,29.31,644.67
2001,El Salvador,18.39,92.67324867,67.35,298.69,48.33,42.51,0.0,57.45,1.45,0.0,1.29,,,,1430.35,119.82
2001,Emerging and Developing Countries Asia excluding China,,103.2478334,,,,,,,,,,296666.13,108688.21,589608.65,,
2001,Emerging and Developing Countries Europe,,99.51974257,,,,,,,,,,293411.33,156999.86,1497214.56,,
2001,Emerging and Developing Economies,,99.83272831,,,,,,,,,,1512827.86,2154366.03,6079152.0,,
2001,"Equatorial Guinea, Rep. of",1.67,54.13215465,28.09,64.23,19.23,40.2,0.0,16.23,0.89,0.0,0.0,,,,2396.69,149.87
2001,"Eritrea, The State of",10.13,99.63911797,2468.6,1693.4,72.13,7.84,0.0,1685.53,23.18,760.75,5010.67,,,,435.3,9.04
2001,"Estonia, Rep. of",14.82,91.26482838,361.64,909.93,246.33,0.0,0.0,130.97,185.51,2.71,0.88,,,,2642.62,25.54
2001,"Eswatini, Kingdom of",2.08,94.14601986,265.94,503.65,5.97,0.0,0.0,196.27,8.73,0.26,24.83,,,,689.04,39.61
2001,"Ethiopia, The Federal Dem. Rep. of",30.86,102.6364369,11510.86,18789.94,779.07,0.0,0.0,49946.52,252.69,620.96,7308.15,,,,23057.25,1327.98
2001,Europe,,99.13741459,,,,,,,,,,370678.69,173802.11,1729506.42,,
2001,Falkland Islands (Malvinas),0.01,320.0026519,1031.12,0.15,65.95,0.0,0.0,35.51,0.02,8.57,8.22,,,,56.98,0.15
2001,Faroe Islands,0.0,100.0,98.06,1.27,5.92,0.0,0.0,12.06,2.46,6.68,0.51,,,,10.58,1.27
2001,"Fiji, Rep. of",1.77,110.8751239,62.1,210.7,60.94,43.82,0.0,40.35,0.0,4.36,0.0,,,,1246.71,158.99
2001,Finland,41.17,92.53515824,711.32,2313.8,3315.16,0.0,0.0,795.14,2767.34,632.78,16.17,,,,22952.51,3.9
2001,France,872.28,99.43167111,11286.77,24495.18,439.63,0.0,25.03,1378.68,164.09,259.53,218.62,,,,14203.97,1515.03
2001,French Polynesia,0.41,131.9388091,20.33,15.08,86.91,1.84,0.0,13.75,0.0,38.36,0.0,,,,126.38,100.52
2001,Gabon,10.33,97.32885085,670.36,668.55,317.33,207.56,0.0,736.0,18.79,0.0,0.0,,,,23602.2,349.7
2001,"Gambia, The",6.16,99.70479828,49.4,591.66,94.63,136.21,0.0,129.44,4.54,0.0,1.45,,,,102.85,12.12
2001,Georgia,50.76,96.03697949,941.12,1287.45,36.37,0.0,37.86,623.02,9.61,47.56,117.34,,,,3396.81,434.01
2001,Germany,1356.49,99.97291349,6381.98,15318.58,451.21,0.0,0.0,819.28,110.94,25.65,12.02,,,,10926.51,269.73
2001,Ghana,103.75,101.8165595,869.19,6513.0,696.38,25.38,0.0,4364.16,12.63,0.5,6.53,,,,8240.94,3219.96
2001,Gibraltar,0.3,94.16154522,0.06,0.03,0.02,0.0,0.0,0.07,0.02,0.0,0.0,,,,0.14,0.03
2001,Greece,102.13,106.5117989,1393.87,3444.87,363.29,0.0,0.0,3022.64,21.19,70.19,262.07,,,,3157.67,1433.68
2001,Greenland,0.06,100.0,6118.77,0.0,5544.14,0.0,175240.0,1015.41,104.35,26506.1,680.25,,,,130.92,0.0
2001,Grenada,0.56,79.72206935,1.77,0.07,1.45,0.16,0.0,0.14,0.0,0.0,0.0,,,,27.71,0.34
2001,Guadeloupe,2.61,52.45465626,9.56,20.31,5.86,3.28,0.0,2.14,3.68,0.05,0.02,,,,116.82,6.41
2001,Guam,0.01,146.3414634,48.45,0.59,1.92,0.0,0.0,0.14,0.0,0.02,0.0,,,,0.37,2.97
2001,Guatemala,39.21,125.6631997,1104.53,1251.15,135.67,35.21,0.0,667.61,21.45,0.0,1.95,,,,7288.59,426.19
2001,Guinea,22.14,99.23605535,790.27,2846.88,91.52,246.38,0.0,3569.85,1.53,0.0,1.67,,,,16217.63,664.97
2001,Guinea-Bissau,1.7,88.89239809,102.84,264.17,50.14,263.48,0.0,168.97,1.73,0.03,1.73,,,,2006.6,218.38
2001,Guyana,11.07,90.55830998,266.82,156.97,140.11,7.94,0.0,1094.3,132.31,2.39,3.38,,,,19486.4,10.65
2001,Haiti,16.28,98.47836541,1471.38,291.06,42.81,13.1,0.0,44.8,296.89,6.54,0.01,,,,444.92,90.55
2001,Holy See,0.05,100.0,0.01,0.0,0.0,0.0,0.0,0.0,0.0,0.0,0.0,,,,0.01,0.0
2001,Honduras,22.1,115.2569882,1173.46,850.42,131.32,60.13,0.0,703.43,15.08,0.09,0.4,,,,8032.87,286.66
2001,Hungary,179.28,100.3995958,1069.06,5860.84,135.54,0.0,0.0,76.35,53.59,1.69,1.05,,,,1678.11,251.94
2001,Iceland,3.16,100.0,3604.01,0.0,333.07,0.0,1102.48,75.27,722.64,2328.67,2006.96,,,,37.16,0.0
2001,India,832.46,102.2420402,25174.8,181882.1,4853.52,330.81,783.16,21753.6,709.76,515.5,1220.1,,,,48664.94,10777.36
2001,Indonesia,923.04,103.8476371,9360.95,22351.13,4036.12,4025.82,0.0,6986.11,0.0,1648.21,0.0,,,,123306.68,17310.91
2001,"Iran, Islamic Rep. of",233.21,98.09466878,7066.49,23354.77,6355.99,1.11,0.0,6796.65,76.81,13711.54,105541.26,,,,3060.04,2005.5
2001,Iraq,76.0,99.66267471,922.41,8021.52,554.66,0.0,0.0,347.88,22.32,571.96,32608.4,,,,231.44,354.44
2001,Ireland,43.01,95.71882141,4783.87,451.31,199.38,0.0,0.0,164.23,857.73,24.94,24.75,,,,416.94,1.77
2001,Isle of Man,0.91,91.02506634,39.22,3.03,1.15,0.0,0.0,2.61,0.0,0.02,0.82,,,,6.09,3.03
2001,Israel,37.96,100.7794513,83.31,393.62,47.91,0.0,0.0,62.98,0.09,80.71,1201.48,,,,72.27,96.68
2001,Italy,657.51,100.7658286,3409.81,10872.13,414.97,0.0,42.31,1355.82,31.31,246.56,797.71,,,,8705.6,3647.95
2001,Jamaica,16.57,80.83399253,96.58,75.2,10.15,8.74,0.0,14.6,7.24,0.16,0.0,,,,815.05,59.09
2001,Japan,1060.24,98.9801991,1334.05,7372.19,956.8,2.84,0.0,884.29,75.5,7.52,3.97,,,,25155.72,578.96
2001,Jordan,24.07,93.35096255,40.03,350.53,46.73,0.0,0.0,9.08,0.05,163.7,8127.29,,,,14.9,160.66
2001,"Kazakhstan, Rep. of",171.2,96.42990722,88150.67,45411.68,18787.7,0.0,113.64,21252.34,1187.9,61811.1,37866.37,,,,8911.67,194.73
2001,Kenya,7.78,100.6391496,15029.66,11032.08,1234.95,17.24,0.0,20574.7,940.11,347.47,2194.81,,,,6367.24,884.2
2001,Kiribati,0.02,100.0,2.8,2.74,84.16,0.05,0.0,0.29,0.0,9.33,0.0,,,,1.44,43.86
2001,"Korea, Dem. People's Rep. of",53.86,98.70188424,321.51,3487.3,210.91,0.0,0.0,130.78,5.36,49.51,17.67,,,,7679.75,303.24
2001,"Korea, Rep. of",128.18,93.4928503,318.25,3356.96,259.0,0.0,0.0,141.93,6.0,62.51,38.25,,,,5221.4,397.51
2001,Kuwait,16.95,97.43592966,4.65,30.54,5.46,0.0,0.0,4.16,11.49,11.27,1651.73,,,,4.25,4.7
2001,Kyrgyz Rep.,5.62,97.55594873,8574.32,3639.08,721.11,0.0,609.51,824.58,0.0,2123.55,1865.02,,,,1394.34,178.7
2001,Lao People's Dem. Rep.,3.98,96.10543675,1386.61,2799.06,205.3,0.0,0.0,7278.74,89.27,0.0,0.0,,,,11164.81,233.74
2001,Latin America and the Caribbean,,94.95678066,,,,,,,,,,251683.9,121928.83,1658035.66,,
2001,Latvia,19.83,95.75198443,676.06,1623.14,126.15,0.0,0.0,187.74,123.62,0.1,0.08,,,,3663.12,20.33
2001,Lebanon,11.95,87.26568717,60.09,225.07,2.3,0.0,0.0,225.39,0.0,122.38,52.45,,,,48.14,268.21
2001,"Lesotho, Kingdom of",3.25,98.08521232,1411.19,686.24,7.22,0.0,0.0,758.13,0.9,0.16,0.71,,,,179.76,8.32
2001,Liberia,13.88,87.20726933,396.79,2732.37,48.78,25.68,0.0,191.91,2.77,0.0,0.0,,,,4826.16,1434.5
2001,Libya,50.44,99.20294745,127.01,1751.03,51.9,0.0,0.0,201.11,23.93,3817.75,155803.63,,,,142.5,323.19
2001,Liechtenstein,0.19,67.6056338,3.49,0.77,0.07,0.0,0.0,0.56,0.02,0.04,0.15,,,,8.89,0.77
2001,Lithuania,38.12,99.90182562,631.66,3258.89,122.64,0.0,0.0,181.49,30.42,0.62,0.88,,,,2127.44,85.92
2001,Luxembourg,7.87,100.3420124,76.1,83.08,0.75,0.0,0.0,10.96,0.0,0.09,0.0,,,,82.33,1.34
2001,"Madagascar, Rep. of",26.39,97.03388327,22074.47,3532.15,505.04,153.2,0.0,9138.73,278.29,58.76,335.37,,,,22333.23,718.4
2001,Malawi,13.11,101.4070781,654.18,5501.63,2445.31,0.0,0.0,432.1,228.04,0.33,12.9,,,,2403.01,250.95
2001,Malaysia,158.05,105.501348,1556.42,777.23,456.89,641.94,0.0,1239.22,0.0,8.67,0.0,,,,23230.54,5126.87
2001,Maldives,0.08,47.55700326,0.33,1.38,106.26,0.02,0.0,0.65,0.0,0.86,0.18,,,,0.42,2.76
2001,Mali,16.52,97.86456405,15724.61,21017.02,392.53,0.0,0.0,9115.95,302.11,4347.9,70878.43,,,,3387.89,649.53
2001,Malta,4.8,99.41536469,1.84,14.56,1.57,0.0,0.0,0.47,0.0,0.35,5.03,,,,1.43,1.62
2001,"Marshall Islands, Rep. of the",0.05,84.21052632,0.15,0.11,161.27,0.0,0.0,0.04,0.0,2.9,0.0,,,,0.13,1.81
2001,Martinique,2.3,81.35158255,3.89,7.21,3.12,1.83,0.0,2.95,0.24,0.0,0.0,,,,83.27,6.56
2001,"Mauritania, Islamic Rep. of",20.37,102.1620261,11573.98,1790.81,59.23,3.08,0.0,773.91,184.16,4278.19,85384.69,,,,272.61,39.8
2001,Mauritius,6.35,90.0740996,15.42,98.19,7.12,1.08,0.0,11.85,0.06,0.03,0.08,,,,57.6,4.32
2001,Mayotte,0.18,82.94847553,2.04,0.16,2.74,1.92,0.0,3.0,0.01,0.0,0.0,,,,28.0,0.26
2001,Mexico,721.51,99.26996737,17795.67,24861.73,1749.83,813.51,0.0,71023.79,103.31,60.14,2780.4,,,,73367.98,2676.14
2001,"Micronesia, Federated States of",3.11,99.81275468,0.9,1.75,48.84,27.2,0.0,0.25,0.0,0.4,0.0,,,,26.11,1.75
2001,Middle East and Central Asia,,91.93324317,,,,,,,,,,171718.01,1281892.12,376787.35,,
2001,"Moldova, Rep. of",97.9,98.03914613,178.39,2385.76,33.92,0.0,0.0,7.25,3.61,0.29,0.0,,,,276.53,393.54
2001,Monaco,0.08,89.08692933,0.06,0.29,0.0,0.0,0.0,0.03,0.0,0.0,0.0,,,,0.03,0.29
2001,Mongolia,40.26,95.87569085,32172.26,5677.41,1484.0,0.0,62.0,2724.98,370.95,34963.12,69443.08,,,,9443.53,9.65
2001,Montenegro,0.0,,0.0,0.0,0.0,0.0,0.0,0.0,0.0,0.0,0.0,,,,0.0,0.0
2001,Montserrat,0.0,96.96923638,0.21,0.31,0.54,0.12,0.0,0.21,0.99,0.43,0.0,,,,7.16,0.31
2001,Morocco,99.63,104.4259646,1113.74,7029.08,73.75,0.0,0.0,2283.33,0.18,9223.07,19435.07,,,,1542.63,730.4
2001,"Mozambique, Rep. of",31.51,96.56154388,3828.22,9096.71,1512.02,492.76,0.0,15784.39,1768.02,41.61,595.11,,,,45444.72,568.54
2001,Myanmar,50.24,105.2182741,4410.43,17422.98,1002.83,417.21,1.57,13018.46,57.42,0.43,0.98,,,,29548.61,1107.47
2001,Namibia,50.11,89.40586261,38149.77,1976.48,487.38,0.0,0.0,17756.86,146.18,4290.59,15317.59,,,,4468.77,9.69
2001,"Nauru, Rep. of",0.0,100.0,0.11,0.84,0.18,0.0,0.0,0.02,0.0,0.14,0.0,,,,0.03,0.84
2001,Nepal,13.83,104.5268941,3222.54,3056.89,30.53,0.0,488.22,563.18,2.31,10.31,187.82,,,,7071.05,153.17
2001,New Caledonia,1.52,115.0000079,67.25,187.7,31.91,57.56,0.0,125.51,0.0,103.76,0.0,,,,1185.56,107.26
2001,New Zealand,191.25,109.5127303,14157.89,506.15,691.08,21.33,108.45,2345.53,123.44,162.52,975.37,,,,7710.78,69.3
2001,Nicaragua,15.33,104.5699309,1322.41,1397.62,1040.39,91.39,0.0,908.79,37.23,0.18,2.42,,,,7913.25,187.86
2001,Niger,7.73,100.2577791,15284.48,7700.09,60.24,0.0,0.0,1276.32,185.65,12558.15,80998.64,,,,817.89,16.54
2001,Nigeria,234.25,96.69703797,7687.13,40723.42,951.86,868.79,0.0,13784.33,384.29,46.85,14.18,,,,19914.49,6853.68
2001,Niue,0.03,100.0,0.78,1.31,0.53,0.0,0.0,0.46,0.0,0.0,0.0,,,,19.7,3.66
2001,Norfolk Island,0.0,96.4600906,0.36,1.27,0.33,0.0,0.0,0.09,0.0,0.0,0.05,,,,0.51,1.27
2001,"North Macedonia, Republic of ",17.15,104.6882933,466.8,766.4,51.46,0.0,0.0,139.96,1.93,3.5,10.18,,,,1028.33,59.37
2001,Northern Mariana Islands,0.02,100.0,16.48,9.79,3.45,0.03,0.0,0.53,0.0,0.07,0.02,,,,7.49,9.79
2001,Norway,180.31,86.99137322,3432.56,1001.52,2256.14,0.0,3532.34,1555.27,2837.18,6604.78,3628.19,,,,13570.99,5.68
2001,Oceania,,98.41915141,,,,,,,,,,54958.82,319912.14,477630.14,,
2001,Oman,22.32,67.11541158,18.54,121.26,38.81,0.0,0.0,58.57,3.27,1820.97,28705.66,,,,40.84,166.63
2001,Pakistan,73.86,99.52943655,16628.39,24306.58,517.23,8.29,210.93,6902.04,382.66,2744.08,24504.49,,,,2363.79,521.85
2001,"Palau, Rep. of",0.05,70.95207922,1.3,0.39,4.94,4.05,0.0,1.18,0.0,0.09,0.0,,,,30.72,2.59
2001,Panama,15.25,100.6755416,444.24,1018.81,130.18,136.13,0.0,396.59,8.62,0.62,4.44,,,,5057.91,297.46
2001,Papua New Guinea,19.04,91.3647269,1039.84,895.22,737.79,639.76,0.0,741.53,0.0,423.18,1.02,,,,39201.78,2996.86
2001,Paraguay,35.6,88.635256,2950.61,5509.89,359.51,0.0,0.0,7430.84,3047.37,2.45,0.54,,,,20613.04,168.58
2001,Peru,149.17,110.2640174,16596.31,2543.94,1381.03,4.49,299.99,10055.7,268.01,6134.22,9513.31,,,,82405.93,526.54
2001,Philippines,90.43,102.5515924,2140.72,6782.85,903.82,564.77,0.0,1418.71,0.0,152.72,0.0,,,,11335.12,6396.35
2001,Pitcairn Islands,0.0,100.0,0.21,1.96,0.44,0.0,0.0,0.0,0.0,0.36,0.0,,,,0.0,1.96
2001,"Poland, Rep. of",384.33,101.2943912,2996.31,16649.74,459.29,0.0,0.0,559.32,91.12,10.09,2.72,,,,9576.05,416.73
2001,Portugal,105.71,110.5990461,1069.48,2216.95,86.03,0.0,0.0,1238.82,14.62,9.68,33.61,,,,3047.52,1064.78
2001,Puerto Rico,68.13,96.69036894,80.41,81.35,20.52,6.22,0.0,13.23,14.91,0.03,0.03,,,,568.13,50.14
2001,Qatar,29.61,84.99171288,5.36,21.02,14.35,0.0,0.0,5.21,0.01,18.24,1053.11,,,,7.9,4.74
2001,Romania,363.63,100.6934086,2642.7,11803.23,290.28,0.0,0.0,216.18,294.43,9.37,6.87,,,,7561.79,618.44
2001,Russian Federation,1782.75,99.70882928,155605.76,157440.14,61209.8,0.0,5309.06,122335.0,84199.4,119889.67,31827.09,,,,951755.39,2361.73
2001,Rwanda,3.02,96.89347537,136.72,1307.12,161.77,0.0,0.0,217.44,82.91,0.02,0.0,,,,281.43,364.81
2001,Réunion,3.37,70.10879369,22.92,51.81,7.93,1.09,0.0,14.52,0.16,0.0,3.74,,,,140.7,5.76
2001,Saint Helena,1.4,99.16263523,9.4,0.9,2.08,0.0,0.0,1.25,0.0,18.45,3.18,,,,2.57,0.9
2001,Saint Pierre and Miquelon,0.09,50.02120441,0.6,0.0,3.15,0.0,0.0,9.91,4.67,0.1,0.36,,,,4.7,0.0
2001,Samoa,0.03,60.92285508,28.07,33.77,3.42,0.64,0.0,22.51,0.0,0.02,0.0,,,,122.54,74.77
2001,"San Marino, Rep. of",0.45,60.6557377,0.41,2.14,0.0,0.0,0.0,0.09,0.0,0.0,0.42,,,,0.45,2.14
2001,Saudi Arabia,182.13,90.77671799,181.77,2315.03,165.29,2.53,0.0,431.12,9.05,7303.68,182585.85,,,,110.01,122.83
2001,Senegal,26.45,99.36790141,2246.75,5401.34,326.84,184.17,0.0,7223.84,356.11,38.87,10.09,,,,3819.06,87.15
2001,"Serbia, Rep. of",0.0,,0.0,0.0,0.0,0.0,0.0,0.0,0.0,0.0,0.0,,,,0.0,0.0
2001,Seychelles,0.13,246.1040678,3.07,4.35,11.18,7.53,0.0,2.04,0.0,0.22,0.67,,,,7.21,13.05
2001,Sierra Leone,11.34,93.3567532,577.02,3079.31,49.49,228.61,0.0,460.25,20.92,0.0,4.88,,,,2229.82,542.2
2001,Singapore,11.27,95.11764706,4.03,21.07,5.74,4.39,0.0,1.18,0.0,0.15,0.0,,,,7.84,4.21
2001,Slovak Rep.,107.8,99.47245749,385.72,1946.69,31.99,0.0,0.0,94.85,1.77,1.7,3.46,,,,2290.57,39.15
2001,"Slovenia, Rep. of",20.08,103.3633214,155.0,392.29,4.33,0.0,0.0,87.68,1.53,2.69,8.02,,,,1292.27,68.03
2001,Solomon Islands,0.8,85.33969011,4.41,6.36,101.69,134.32,0.0,2.86,0.0,0.22,0.0,,,,2568.1,23.32
2001,Somalia,32.14,99.05882071,7462.73,5045.02,86.02,1.36,0.0,37376.45,60.93,5459.09,5792.88,,,,2300.92,125.52
2001,South Africa,330.41,96.75624757,24468.67,12784.78,556.94,47.01,0.0,64747.05,261.78,9344.26,682.05,,,,8872.82,373.69
2001,"South Sudan, Rep. of",0.0,,0.0,0.0,0.0,0.0,0.0,0.0,0.0,0.0,0.0,,,,0.0,0.0
2001,Spain,294.16,100.5024428,7319.43,16138.11,419.98,0.0,0.0,6109.01,52.25,1034.3,523.28,,,,12589.69,6151.85
2001,Sri Lanka,54.29,84.42694557,480.92,1337.37,184.86,19.24,0.0,1258.97,0.02,7.29,1.53,,,,1856.89,1452.71
2001,St. Kitts and Nevis,0.31,90.07936508,2.53,4.23,1.39,0.19,0.0,0.53,0.28,0.0,0.0,,,,16.76,0.18
2001,St. Lucia,0.57,67.83216783,0.97,0.4,1.38,0.64,0.0,0.8,0.09,0.05,0.0,,,,53.68,2.11
2001,St. Vincent and the Grenadines,0.41,87.7530852,1.81,0.81,12.21,0.54,0.0,0.73,0.1,0.0,0.73,,,,34.0,1.22
2001,Sub-Saharan Africa,,100.7937384,,,,,,,,,,292449.67,292050.98,1420774.8,,
2001,Sudan,0.0,,0.0,0.0,0.0,0.0,0.0,0.0,0.0,0.0,0.0,,,,0.0,0.0
2001,Suriname,7.67,71.15744859,43.19,39.18,203.32,69.14,0.0,118.96,87.22,0.0,0.0,,,,14032.38,5.5
2001,Sweden,111.32,86.54208075,2133.08,2988.06,3860.06,0.0,23.79,1181.49,3339.04,1436.12,262.75,,,,29409.78,3.23
2001,Switzerland,92.04,97.46503631,1268.21,540.05,140.72,0.0,97.64,150.74,1.73,114.05,257.42,,,,1430.3,31.59
2001,Syrian Arab Rep.,81.14,104.4170341,475.84,4279.4,129.22,0.0,0.0,230.99,0.33,874.54,11768.42,,,,259.99,752.47
2001,"São Tomé and Príncipe, Dem. Rep. of",0.83,119.5402299,1.62,1.25,2.65,1.07,0.0,1.17,0.02,0.04,0.0,,,,85.37,6.03
2001,Taiwan Province of China,61.16,92.73679287,93.78,751.78,66.78,26.64,0.0,31.69,42.89,4.26,0.0,,,,2269.93,279.34
2001,"Tajikistan, Rep. of",10.91,102.6335846,6692.9,2224.8,138.58,0.0,1085.06,653.92,5.81,529.26,2336.71,,,,258.69,284.14
2001,"Tanzania, United Rep. of",35.4,96.76986862,5612.37,20385.74,6136.59,57.01,0.0,17626.14,4390.81,91.49,238.91,,,,36256.85,3752.12
2001,Thailand,111.92,108.7754677,4052.54,25076.34,893.57,339.34,0.0,5363.83,12.11,30.89,0.23,,,,11080.53,4877.29
2001,"Timor-Leste, Dem. Rep. of",4.38,107.0991236,164.48,530.88,13.28,9.46,0.0,125.25,0.0,3.14,0.0,,,,350.42,297.4
2001,Togo,13.26,97.64329085,252.4,2135.98,22.9,0.15,0.0,1010.72,0.5,0.02,0.05,,,,2157.49,121.26
2001,Tokelau,0.01,100.0,0.0,0.0,1.57,0.0,0.0,0.0,0.0,0.0,0.0,,,,0.0,0.0
2001,Tonga,0.07,89.45459018,4.03,13.23,9.32,1.04,0.0,2.6,0.0,0.16,0.0,,,,29.94,9.7
2001,Trinidad and Tobago,5.95,94.90881,26.1,42.91,7.15,2.48,0.0,15.4,1.7,0.1,0.0,,,,382.56,32.9
2001,Tunisia,66.13,101.7781581,271.88,2373.44,139.76,0.0,0.0,132.42,0.43,1636.86,8887.11,,,,300.85,1826.71
2001,Turkmenistan,10.06,96.32270829,1366.46,3993.76,9050.8,0.0,0.0,6752.43,1.57,1216.3,32994.48,,,,78.04,117.46
2001,Turks and Caicos Islands,0.1,82.15828593,7.2,0.82,6.52,3.06,0.0,1.05,16.83,0.04,0.0,,,,16.8,0.82
2001,Tuvalu,0.01,100.0,0.1,0.45,3.47,0.0,0.0,0.05,0.0,0.09,0.0,,,,0.08,0.45
2001,"Türkiye, Rep. of",369.14,104.2878205,14330.47,32105.52,1375.74,0.0,0.0,6730.74,207.63,3345.62,1610.78,,,,14717.2,3439.73
2001,Uganda,21.87,95.07069403,1715.35,7495.24,3741.48,0.0,0.0,2773.81,377.68,0.0,0.15,,,,5266.98,2914.82
2001,Ukraine,1159.05,100.5782964,4226.22,42393.74,1495.15,0.0,0.0,439.53,48.31,55.85,21.03,,,,8954.06,1203.92
2001,United Arab Emirates,194.63,79.4416269,38.73,65.55,21.22,1.33,0.0,4.99,0.88,327.6,6269.57,,,,49.41,176.33
2001,United Kingdom,843.06,100.507098,11487.77,6661.58,466.41,0.0,0.0,773.83,1308.77,508.54,57.89,,,,2209.37,60.12
2001,United States,7724.18,98.97998927,199462.93,152519.31,19123.5,190.61,6536.75,200090.45,9185.02,18952.88,18244.44,,,,298308.43,2347.79
2001,United States Virgin Islands,4.13,105.0198151,3.12,3.82,3.94,0.92,0.0,0.25,1.98,0.0,0.0,,,,15.98,1.91
2001,Uruguay,31.41,102.7740525,11581.79,2800.68,452.63,0.0,0.0,751.55,285.25,1.03,3.24,,,,1837.63,85.42
2001,"Uzbekistan, Rep. of",78.82,101.3618229,3233.71,7829.83,1882.57,0.0,37.42,4411.37,67.88,2377.21,24320.9,,,,220.46,601.09
2001,Vanuatu,0.28,582.8561941,33.11,31.66,30.3,18.68,0.0,19.32,0.0,0.68,2.33,,,,911.36,182.07
2001,"Venezuela, Rep. Bolivariana de",160.25,97.18686732,18062.77,7824.32,1375.01,317.4,0.05,7561.39,1976.9,543.1,103.76,,,,51476.34,2409.34
2001,Vietnam,94.89,120.7510817,2022.6,9714.78,764.11,181.97,0.0,5937.78,58.94,6.09,18.39,,,,10942.06,3202.71
2001,Wallis and Futuna Islands,0.03,100.0,1.1,0.72,3.76,0.0,0.0,0.86,0.0,0.0,0.0,,,,4.49,3.6
2001,West Bank and Gaza,11.89,92.55172525,38.87,94.95,19.12,0.0,0.0,30.8,0.0,117.15,122.66,,,,32.09,156.67
2001,Western Sahara,0.99,85.08588438,0.5,3.46,7.2,0.0,0.0,0.0,0.0,20.0,26943.85,,,,0.2,3.46
2001,"Yemen, Rep. of",8.24,110.5229864,169.3,1786.93,110.06,0.13,0.0,1656.9,0.9,5195.16,36067.03,,,,454.9,157.24
2001,Zambia,31.91,100.2352096,3277.15,8329.18,1385.51,0.0,0.0,13043.12,2799.94,0.0,4.16,,,,46592.22,100.98
2001,Zimbabwe,31.67,96.91978024,2802.4,12953.81,439.63,0.0,0.0,11412.64,28.52,18.02,94.51,,,,11133.68,359.83
2002,"Afghanistan, Islamic Rep. of",36.29,98.8289776,24390.15,5766.28,87.91,0.0,317.57,3149.25,6.98,4037.18,25287.76,,,,1185.11,84.11
2002,Africa,,97.91754052,,,,,,,,,,324262.11,903259.59,1498056.21,,
2002,Albania,15.83,94.86356807,394.45,979.15,57.04,0.0,0.0,317.05,6.65,33.33,50.97,,,,811.02,204.98
2002,Algeria,115.62,93.55086609,836.8,8286.62,154.96,0.0,0.0,2065.06,2.05,8544.71,209499.72,,,,1501.97,723.58
2002,American Samoa,0.01,100.0,1.48,2.6,1.36,0.16,0.0,1.05,0.0,0.02,0.0,,,,8.21,5.17
2002,Americas,,96.94646268,,,,,,,,,,465572.27,305239.56,3176734.71,,
2002,"Andorra, Principality of",0.23,79.9665272,11.96,0.21,0.0,0.0,0.0,0.81,0.0,5.35,2.36,,,,26.67,0.21
2002,Angola,42.18,96.70371113,17770.11,5470.87,225.86,20.5,0.0,23367.57,712.87,46.49,2787.01,,,,74627.64,352.96
2002,Anguilla,0.07,91.55251142,4.73,0.04,1.22,0.05,0.0,0.12,0.89,0.0,0.02,,,,0.85,0.04
2002,Antigua and Barbuda,0.7,85.34731601,14.07,1.05,6.87,0.5,0.0,0.92,3.88,0.02,0.0,,,,17.78,0.26
2002,Argentina,367.98,96.86192481,14888.1,51974.32,4486.85,0.0,685.92,96380.94,9031.43,46646.08,12891.5,,,,39418.04,1865.42
2002,"Armenia, Rep. of",35.19,103.2396387,698.12,881.1,133.07,0.0,0.0,439.19,1.22,39.91,42.07,,,,626.13,69.71
2002,"Aruba, Kingdom of the Netherlands",0.16,33.31487634,2.98,0.57,0.77,0.02,0.0,11.39,0.25,1.18,0.0,,,,0.17,0.57
2002,Asia,,101.9730528,,,,,,,,,,689898.78,976589.63,1453981.95,,
2002,Australia,758.17,98.81388982,128811.25,52517.69,1523.49,2560.87,0.0,180969.48,10014.3,281996.0,36441.3,,,,75646.15,719.12
2002,Austria,129.25,97.31643735,1507.24,1662.39,69.48,0.0,34.13,297.65,13.07,116.43,200.55,,,,4276.74,85.22
2002,"Azerbaijan, Rep. of",41.22,98.88348469,970.82,3586.18,8021.37,0.0,0.0,984.48,3.26,844.54,424.15,,,,1179.49,440.93
2002,"Bahamas, The",8.02,98.23694215,157.92,12.03,279.67,79.76,0.0,37.79,253.35,3.38,0.53,,,,418.07,3.44
2002,"Bahrain, Kingdom of",14.48,91.70731707,2.01,0.56,3.77,0.01,0.0,0.21,0.09,2.19,40.26,,,,3.0,1.01
2002,Bangladesh,22.68,107.472686,882.99,9269.11,1213.18,415.96,0.0,823.9,35.37,0.75,9.86,,,,803.55,561.56
2002,Barbados,3.67,103.1847328,4.0,24.6,0.91,0.0,0.0,1.46,0.22,0.04,0.0,,,,7.05,1.76
2002,"Belarus, Rep. of",95.19,100.728893,1222.74,9926.0,221.63,0.0,0.0,421.37,42.48,1.21,0.09,,,,8570.87,215.63
2002,Belgium,206.17,100.2012796,622.38,1411.48,17.35,0.0,0.0,92.6,9.05,0.59,0.44,,,,667.43,35.8
2002,Belize,0.83,83.88772922,71.48,93.36,65.59,48.83,0.0,88.13,11.69,0.01,0.64,,,,1773.27,42.68
2002,Benin,19.07,107.9153139,432.37,3341.51,24.49,6.75,0.0,3517.91,2.21,0.02,0.34,,,,3904.6,347.26
2002,Bermuda,0.19,100.0,0.04,0.08,3.05,0.0,0.0,0.01,0.74,1.99,0.0,,,,0.05,0.08
2002,Bhutan,0.05,101.494229,540.59,63.81,1.13,0.0,104.63,129.63,0.05,4.78,6.43,,,,2923.05,7.77
2002,Bolivia,65.24,90.94782471,11536.81,4967.97,1282.4,0.0,85.86,11866.72,2952.61,6952.93,8990.25,,,,60085.95,270.98
2002,Bosnia and Herzegovina,21.6,101.2592313,714.06,1190.42,24.72,0.0,0.0,254.72,5.94,3.1,1.21,,,,2785.48,114.62
2002,Botswana,17.91,95.35553004,3790.56,2808.98,42.05,0.0,0.0,45493.99,765.3,66.1,923.36,,,,4217.19,11.47
2002,Brazil,1372.56,91.13034878,67305.45,131202.05,12764.4,640.52,0.0,147412.26,13360.4,144.95,369.09,,,,450573.75,28643.61
2002,British Virgin Islands,0.7,52.10890997,1.42,0.03,3.15,1.32,0.0,0.05,2.22,0.03,0.0,,,,6.41,0.03
2002,Brunei Darussalam,1.48,103.9919785,10.36,24.06,9.01,19.12,0.0,7.56,0.0,0.22,0.0,,,,492.19,30.08
2002,Bulgaria,134.86,98.70708892,788.89,5213.88,126.65,0.0,0.0,362.97,9.97,13.49,59.29,,,,4072.87,354.33
2002,Burkina Faso,18.68,104.6277942,5832.14,16275.05,94.64,0.0,0.0,3366.89,26.5,97.2,99.76,,,,1388.6,296.39
2002,Burundi,3.74,95.64604108,484.61,1067.62,199.27,0.0,0.0,300.8,24.09,0.0,0.0,,,,228.18,395.22
2002,Cabo Verde,2.23,100.2723559,50.67,19.86,36.01,0.0,0.0,142.74,2.83,5.56,139.38,,,,8.45,1.27
2002,Cambodia,6.38,94.26674922,1181.16,6356.76,409.06,42.75,0.0,1745.68,563.55,0.28,1.81,,,,7687.55,257.71
2002,Cameroon,36.95,99.23765714,1685.78,4791.14,379.54,235.77,0.0,2550.78,176.38,0.02,2.05,,,,36020.11,964.66
2002,Canada,735.26,99.63485014,159252.67,52355.97,103512.0,0.0,18314.8,52453.28,9135.5,106585.86,39469.92,,,,441066.35,212.7
2002,Cayman Islands,0.4,71.32406594,0.64,0.92,2.74,8.47,0.0,0.32,0.73,0.04,0.0,,,,9.59,2.3
2002,Central African Rep.,9.84,99.82957712,5014.92,892.0,92.9,0.0,0.0,4977.37,23.24,0.0,0.19,,,,51310.52,43.88
2002,Chad,16.79,96.92328203,15267.15,18145.96,372.11,0.0,0.0,15193.75,679.5,7442.44,64114.82,,,,5851.92,147.13
2002,Chile,129.56,110.6334494,5085.06,2642.7,2762.99,0.0,2797.08,14568.87,97.07,11712.85,14061.2,,,,20974.24,664.68
2002,"China, P.R.: Hong Kong",12.28,103.777336,8.07,13.82,13.83,2.25,0.0,7.36,0.35,0.05,0.0,,,,48.28,2.76
2002,"China, P.R.: Macao",0.49,89.02439024,0.15,0.24,0.23,0.01,0.0,0.03,0.03,0.01,0.0,,,,0.18,0.24
2002,"China, P.R.: Mainland",3963.26,102.5537653,289245.87,203042.77,12383.9,142.54,6286.23,24142.01,3165.11,22099.46,170076.97,,,,182941.68,18946.29
2002,Colombia,149.31,142.0316991,16863.57,5971.88,1276.73,363.41,6.7,7228.07,2392.36,559.46,24.36,,,,75572.15,4119.0
2002,"Comoros, Union of the",1.24,91.76934981,13.22,7.24,4.43,0.81,0.0,19.39,0.0,0.0,0.0,,,,113.59,5.68
2002,"Congo, Dem. Rep. of the",90.41,99.24862579,7264.55,20037.27,4389.23,248.66,0.0,8248.69,4895.86,2.46,27.96,,,,187014.95,2242.98
2002,"Congo, Rep. of",13.44,106.371888,2106.27,2573.56,296.81,75.91,0.0,2257.18,85.05,0.04,0.05,,,,26617.58,262.61
2002,Cook Islands,0.01,149.213297,1.27,2.63,3.52,0.0,0.0,0.86,0.08,1.23,0.0,,,,10.91,4.04
2002,Costa Rica,22.34,105.0852784,325.1,303.76,43.75,35.13,0.0,281.06,3.42,0.0,2.3,,,,3669.94,440.45
2002,"Croatia, Rep. of",47.9,101.6420405,560.88,2037.9,90.97,0.0,0.0,266.1,26.37,31.4,9.25,,,,2420.42,166.26
2002,Cuba,49.74,104.3951425,1230.34,3626.18,423.92,401.61,0.0,425.68,210.08,1.05,0.41,,,,4311.75,419.14
2002,Cyprus,14.66,89.72992944,84.85,221.39,17.02,0.0,0.0,114.45,0.66,136.52,78.16,,,,180.66,86.34
2002,Czech Rep.,194.71,100.4181155,964.14,3599.95,59.2,0.0,0.0,215.68,7.71,5.03,0.35,,,,2785.63,43.41
2002,Côte d'Ivoire,79.66,106.1632915,1300.02,5978.71,287.81,11.66,0.0,3765.92,1.97,0.0,0.09,,,,12845.99,8113.96
2002,Denmark,105.58,100.7460914,502.86,2887.63,271.45,0.0,0.0,88.97,56.69,0.91,2.11,,,,509.95,8.88
2002,Djibouti,1.27,83.49206349,67.7,1.36,24.85,0.75,0.0,24.57,93.88,38.14,1925.11,,,,1.86,0.82
2002,Dominica,0.2,77.41935484,0.19,0.04,1.29,3.15,0.0,0.03,0.0,0.26,0.0,,,,69.97,0.11
2002,Dominican Rep.,39.82,101.4308516,801.31,894.76,53.89,19.99,0.0,158.25,209.03,2.06,0.37,,,,2235.81,418.48
2002,Ecuador,61.28,126.5567934,1851.05,1337.85,313.71,200.03,12.45,3058.45,110.84,35.41,348.54,,,,17214.17,1219.81
2002,"Egypt, Arab Rep. of",116.98,107.3108749,258.01,3872.14,937.11,2.06,0.0,95.47,1104.81,1194.19,90553.17,,,,30.95,643.6
2002,El Salvador,18.67,92.742949,65.42,298.65,48.22,42.69,0.0,55.56,1.43,0.0,1.29,,,,1435.56,118.15
2002,Emerging and Developing Countries Asia excluding China,,103.2278851,,,,,,,,,,296608.49,108716.52,589636.9,,
2002,Emerging and Developing Countries Europe,,99.56897911,,,,,,,,,,293556.44,156663.58,1497405.38,,
2002,Emerging and Developing Economies,,99.97748695,,,,,,,,,,1515020.97,2152319.5,6079002.15,,
2002,"Equatorial Guinea, Rep. of",2.04,67.24166256,28.16,79.82,19.0,40.38,0.0,16.03,0.87,0.0,0.0,,,,2394.9,135.92
2002,"Eritrea, The State of",10.13,99.71499092,2469.58,1694.7,71.92,7.89,0.0,1684.78,23.18,762.36,5007.53,,,,435.47,9.05
2002,"Estonia, Rep. of",15.27,91.79973551,363.53,914.9,245.81,0.0,0.0,131.82,186.1,2.72,0.95,,,,2633.61,26.24
2002,"Eswatini, Kingdom of",2.12,96.62751482,267.84,516.94,5.97,0.0,0.0,197.44,8.74,0.26,24.87,,,,671.54,40.66
2002,"Ethiopia, The Federal Dem. Rep. of",31.01,103.1655392,11533.21,18886.81,767.82,0.0,0.0,49902.34,253.11,603.98,7304.14,,,,23105.47,1236.37
2002,Europe,,99.28539497,,,,,,,,,,371231.89,173398.65,1729356.04,,
2002,Falkland Islands (Malvinas),0.01,280.0023204,1030.94,0.13,65.73,0.0,0.0,35.61,0.02,8.63,8.24,,,,57.24,0.13
2002,Faroe Islands,0.0,100.0072046,98.1,1.27,5.92,0.0,0.0,12.06,2.46,6.63,0.51,,,,10.58,1.27
2002,"Fiji, Rep. of",1.77,108.2496824,62.04,205.67,60.78,43.89,0.0,39.91,0.0,4.36,0.0,,,,1247.51,163.82
2002,Finland,41.2,93.58553093,714.52,2340.5,3314.05,0.0,0.0,797.63,2724.32,630.32,16.35,,,,22966.24,4.14
2002,France,958.04,99.50080505,11307.32,24427.03,439.4,0.0,25.03,1385.5,163.64,258.06,218.39,,,,14176.14,1500.2
2002,French Polynesia,0.41,121.6324205,20.33,13.87,86.91,1.84,0.0,13.75,0.0,38.36,0.0,,,,126.38,101.73
2002,Gabon,11.39,98.45725866,670.26,675.36,316.16,207.75,0.0,739.27,18.45,0.0,0.0,,,,23588.89,353.26
2002,"Gambia, The",6.28,99.87991794,49.45,592.59,94.29,136.51,0.0,129.31,4.54,0.0,1.45,,,,102.37,11.67
2002,Georgia,52.09,96.51852434,942.76,1292.83,36.37,0.0,37.86,623.02,9.73,47.56,117.08,,,,3393.82,428.79
2002,Germany,1496.25,100.025281,6380.84,15187.55,450.18,0.0,0.0,816.16,111.13,24.04,12.01,,,,10928.88,265.34
2002,Ghana,108.2,101.6117492,868.44,6495.24,696.01,25.48,0.0,4252.29,12.55,0.5,6.48,,,,8342.31,3244.92
2002,Gibraltar,0.3,94.16154522,0.06,0.03,0.02,0.0,0.0,0.07,0.02,0.0,0.0,,,,0.14,0.03
2002,Greece,105.46,106.6268892,1394.77,3445.37,363.34,0.0,0.0,3022.26,21.21,70.59,260.24,,,,3156.69,1431.66
2002,Greenland,0.06,100.0,6118.77,0.0,5544.14,0.0,175240.0,1015.41,104.35,26506.1,680.25,,,,130.92,0.0
2002,Grenada,0.56,79.72206935,1.77,0.07,1.45,0.16,0.0,0.14,0.0,0.0,0.0,,,,27.71,0.34
2002,Guadeloupe,2.61,52.34022638,9.52,20.26,5.7,3.3,0.0,2.13,3.79,0.05,0.02,,,,116.96,6.4
2002,Guam,0.01,146.3414634,48.45,0.59,1.92,0.0,0.0,0.14,0.0,0.02,0.0,,,,0.37,2.97
2002,Guatemala,40.75,127.1220443,1110.74,1264.59,135.4,35.36,0.0,670.55,21.27,0.0,1.95,,,,7271.82,419.13
2002,Guinea,22.61,99.00626403,789.35,2839.77,91.28,247.34,0.0,3544.22,1.64,0.0,1.67,,,,16241.57,673.42
2002,Guinea-Bissau,1.88,86.09392751,102.61,255.62,49.99,263.29,0.0,168.03,1.73,0.03,1.74,,,,2007.53,227.32
2002,Guyana,11.11,90.77408664,267.11,157.33,140.3,7.91,0.0,1094.29,131.48,2.43,3.41,,,,19486.29,10.63
2002,Haiti,17.05,98.3626518,1472.34,289.93,42.81,13.1,0.0,43.92,296.23,6.53,0.01,,,,446.23,90.2
2002,Holy See,0.05,100.0,0.01,0.0,0.0,0.0,0.0,0.0,0.0,0.0,0.0,,,,0.01,0.0
2002,Honduras,22.9,114.9836501,1176.02,847.55,129.85,60.77,0.0,702.21,14.99,0.09,0.4,,,,8035.48,285.69
2002,Hungary,207.11,100.690591,1069.57,5850.51,135.52,0.0,0.0,75.97,53.44,1.6,1.05,,,,1684.04,228.63
2002,Iceland,3.16,100.0,3604.01,0.0,333.07,0.0,1102.48,75.27,722.64,2328.67,2006.96,,,,37.16,0.0
2002,India,935.17,102.2063337,25154.84,181715.15,4850.35,333.42,783.16,21723.53,709.2,514.74,1221.48,,,,48682.82,10873.55
2002,Indonesia,937.4,103.847721,9384.29,22336.73,4034.19,4026.7,0.0,6998.2,0.0,1654.17,0.0,,,,123198.12,17378.69
2002,"Iran, Islamic Rep. of",241.42,98.56902278,7070.84,23460.59,6353.92,1.11,0.0,6797.0,76.78,13482.47,105594.26,,,,3053.7,2071.04
2002,Iraq,80.85,99.91952976,922.57,8037.53,539.3,0.0,0.0,346.63,23.24,539.24,32649.94,,,,232.32,339.36
2002,Ireland,48.75,96.67760385,4776.11,450.52,199.42,0.0,0.0,164.33,857.62,24.86,24.59,,,,419.97,1.74
2002,Isle of Man,0.96,92.18020678,39.04,3.03,1.15,0.0,0.0,2.61,0.0,0.02,0.82,,,,6.22,3.03
2002,Israel,42.24,101.9773719,83.83,394.47,47.83,0.0,0.0,62.96,0.09,79.96,1197.59,,,,73.1,94.94
2002,Italy,698.77,102.6120945,3417.75,11042.12,414.73,0.0,42.31,1355.66,31.39,246.52,771.22,,,,8687.48,3473.73
2002,Jamaica,16.96,80.10290161,97.09,73.98,10.15,8.73,0.0,14.51,7.25,0.16,0.0,,,,814.27,60.28
2002,Japan,1069.94,99.1541797,1335.73,7377.33,956.75,2.84,0.0,884.91,75.53,7.49,3.97,,,,25143.38,574.29
2002,Jordan,24.66,93.85964912,40.04,351.98,46.59,0.0,0.0,9.03,0.06,164.76,8126.08,,,,14.97,158.84
2002,"Kazakhstan, Rep. of",188.46,97.31006913,88068.17,45810.48,18760.0,0.0,113.64,21295.9,1188.51,61457.8,37792.49,,,,8984.79,198.78
2002,Kenya,8.82,100.4229014,15069.75,11007.32,1234.78,17.56,0.0,20573.98,940.59,335.66,2154.08,,,,6364.49,923.22
2002,Kiribati,0.02,100.0,2.8,2.74,84.16,0.05,0.0,0.29,0.0,9.33,0.0,,,,1.44,43.86
2002,"Korea, Dem. People's Rep. of",53.91,98.83157317,320.86,3491.9,211.27,0.0,0.0,130.2,5.34,46.63,17.62,,,,7678.51,303.64
2002,"Korea, Rep. of",128.18,94.60122864,320.46,3398.27,258.98,0.0,0.0,143.11,6.01,62.17,38.08,,,,5191.03,383.68
2002,Kuwait,19.75,97.23020107,4.98,27.64,5.46,0.0,0.0,3.98,11.16,11.18,1649.35,,,,4.8,6.91
2002,Kyrgyz Rep.,12.64,97.79042347,8555.83,3640.82,721.28,0.0,609.51,821.18,0.0,2124.99,1862.96,,,,1407.96,178.66
2002,Lao People's Dem. Rep.,4.31,96.93173286,1400.14,2822.83,205.4,0.0,0.0,7342.84,89.37,0.0,0.0,,,,11071.35,225.27
2002,Latin America and the Caribbean,,95.09147834,,,,,,,,,,252040.76,121928.49,1657677.87,,
2002,Latvia,20.95,95.9931138,677.44,1626.16,125.72,0.0,0.0,188.33,124.02,0.1,0.08,,,,3657.32,20.06
2002,Lebanon,12.35,91.67188248,60.05,236.64,2.3,0.0,0.0,225.49,0.0,122.33,52.07,,,,48.09,256.67
2002,"Lesotho, Kingdom of",3.3,98.53791403,1407.25,689.37,7.22,0.0,0.0,758.13,0.9,0.16,0.71,,,,179.64,9.19
2002,Liberia,14.1,87.8286246,399.56,2751.72,48.78,25.47,0.0,193.13,2.74,0.0,0.0,,,,4792.7,1444.65
2002,Libya,53.99,99.26376666,126.84,1748.58,51.9,0.0,0.0,200.78,23.93,3859.47,155760.75,,,,143.11,322.74
2002,Liechtenstein,0.3,73.288459,3.47,0.74,0.07,0.0,0.0,0.55,0.02,0.04,0.15,,,,8.86,0.74
2002,Lithuania,40.34,99.87107304,630.72,3255.65,122.63,0.0,0.0,180.57,30.4,0.61,0.88,,,,2130.86,85.41
2002,Luxembourg,9.06,100.386143,76.2,81.93,0.75,0.0,0.0,11.1,0.0,0.08,0.0,,,,82.08,1.32
2002,"Madagascar, Rep. of",26.95,97.21690012,22065.43,3538.3,503.8,153.86,0.0,9140.31,278.48,59.06,336.52,,,,22331.64,719.65
2002,Malawi,13.15,101.5325006,649.73,5508.42,2445.83,0.0,0.0,420.55,224.75,0.33,12.9,,,,2414.66,251.26
2002,Malaysia,168.29,114.1632672,1563.06,843.78,455.47,643.52,0.0,1246.08,0.0,8.88,0.0,,,,23221.52,5045.27
2002,Maldives,0.08,39.41368078,0.33,1.13,106.26,0.02,0.0,0.65,0.0,0.86,0.18,,,,0.42,3.01
2002,Mali,17.57,98.30950999,15793.62,21111.6,391.44,0.0,0.0,9026.79,302.38,4321.75,70835.82,,,,3406.79,624.73
2002,Malta,5.0,99.96043693,1.86,14.46,1.57,0.0,0.0,0.47,0.0,0.35,4.87,,,,1.47,1.61
2002,"Marshall Islands, Rep. of the",0.05,84.21052632,0.15,0.11,161.27,0.0,0.0,0.04,0.0,2.9,0.0,,,,0.13,1.81
2002,Martinique,2.32,75.948722,3.9,6.56,3.12,1.83,0.0,2.95,0.24,0.0,0.0,,,,83.26,7.21
2002,"Mauritania, Islamic Rep. of",20.46,102.3109094,11577.45,1793.36,59.23,3.08,0.0,773.21,184.16,4241.55,85416.38,,,,272.13,39.85
2002,Mauritius,6.56,90.16887817,15.47,98.09,7.12,1.08,0.0,11.9,0.05,0.03,0.08,,,,57.31,4.41
2002,Mayotte,0.18,80.44581854,2.03,0.15,2.74,1.94,0.0,2.99,0.01,0.0,0.0,,,,28.05,0.25
2002,Mexico,746.82,99.4597987,17826.62,24885.35,1769.52,815.87,0.0,70993.11,94.32,59.79,2773.55,,,,73279.9,2709.22
2002,"Micronesia, Federated States of",3.11,99.81275468,0.9,1.75,48.84,27.2,0.0,0.25,0.0,0.4,0.0,,,,26.11,1.75
2002,Middle East and Central Asia,,92.21146465,,,,,,,,,,172237.6,1281033.58,377125.37,,
2002,"Moldova, Rep. of",116.52,98.1020135,179.57,2368.74,33.88,0.0,0.0,7.21,3.61,0.29,0.0,,,,280.52,386.86
2002,Monaco,0.14,93.90243902,0.07,0.25,0.0,0.0,0.0,0.03,0.0,0.0,0.0,,,,0.04,0.25
2002,Mongolia,41.81,96.00777606,32166.31,5683.74,1481.79,0.0,62.0,2725.07,371.07,34828.02,69597.92,,,,9423.95,9.64
2002,Montenegro,0.0,,0.0,0.0,0.0,0.0,0.0,0.0,0.0,0.0,0.0,,,,0.0,0.0
2002,Montserrat,0.0,96.96923638,0.21,0.31,0.54,0.12,0.0,0.21,0.99,0.43,0.0,,,,7.16,0.31
2002,Morocco,102.63,104.7545842,1110.31,7048.51,74.24,0.0,0.0,2281.84,0.18,9303.87,19325.14,,,,1545.06,739.08
2002,"Mozambique, Rep. of",33.36,97.97936746,3851.6,9228.9,1506.71,492.32,0.0,15858.31,1785.2,41.66,597.38,,,,45249.77,518.48
2002,Myanmar,51.74,104.2680227,4430.64,17263.67,1016.66,417.86,1.57,13092.97,58.16,0.43,0.98,,,,29392.79,1311.14
2002,Namibia,50.11,89.74284679,38274.29,1984.12,486.19,0.0,0.0,17754.37,146.16,4162.25,15314.86,,,,4471.4,9.73
2002,"Nauru, Rep. of",0.0,100.0,0.11,0.84,0.18,0.0,0.0,0.02,0.0,0.14,0.0,,,,0.03,0.84
2002,Nepal,14.69,104.4033294,3220.29,3052.4,30.53,0.0,488.22,560.29,2.31,10.31,187.28,,,,7076.66,156.87
2002,New Caledonia,1.67,116.4336939,67.53,189.91,31.79,57.62,0.0,123.03,0.0,104.84,0.0,,,,1185.52,106.13
2002,New Zealand,192.6,107.606386,14164.73,492.66,690.14,21.37,108.45,2339.16,123.63,163.14,974.4,,,,7721.62,71.19
2002,Nicaragua,15.55,104.7253482,1337.2,1399.5,1038.95,92.95,0.0,918.53,37.41,0.18,2.46,,,,7878.89,195.25
2002,Niger,7.83,100.264031,15275.95,7700.47,58.3,0.0,0.0,1271.32,187.52,12511.06,81056.52,,,,814.69,22.06
2002,Nigeria,252.55,96.81241119,7684.89,40753.93,950.62,868.37,0.0,13562.19,386.2,46.85,14.25,,,,19977.39,6965.9
2002,Niue,0.03,100.0,0.78,1.31,0.53,0.0,0.0,0.46,0.0,0.0,0.0,,,,19.7,3.66
2002,Norfolk Island,0.0,96.4600906,0.36,1.27,0.33,0.0,0.0,0.09,0.0,0.0,0.05,,,,0.51,1.27
2002,"North Macedonia, Republic of ",17.26,103.7766812,467.13,759.47,51.46,0.0,0.0,140.19,2.0,3.5,10.29,,,,1026.82,66.97
2002,Northern Mariana Islands,0.02,100.0,16.48,9.79,3.45,0.03,0.0,0.53,0.0,0.07,0.02,,,,7.49,9.79
2002,Norway,189.22,87.46984364,3437.53,999.11,2252.18,0.0,3532.34,1557.48,2824.9,6603.13,3625.99,,,,13577.38,5.69
2002,Oceania,,98.86073829,,,,,,,,,,55205.38,320022.81,477272.46,,
2002,Oman,22.77,67.53139194,18.59,121.7,38.81,0.0,0.0,58.5,3.27,1812.48,28713.26,,,,41.06,166.45
2002,Pakistan,94.25,99.64915616,16795.03,24315.51,517.67,8.29,210.93,6895.42,382.63,2749.84,24314.42,,,,2363.03,517.15
2002,"Palau, Rep. of",0.05,70.95207922,1.3,0.39,4.94,4.05,0.0,1.18,0.0,0.09,0.0,,,,30.72,2.59
2002,Panama,15.49,100.7198898,445.37,1019.02,130.49,136.22,0.0,398.03,8.56,0.62,4.44,,,,5054.45,297.52
2002,Papua New Guinea,19.18,93.93106619,1038.21,920.76,731.12,642.43,0.0,741.31,0.0,425.0,1.02,,,,39234.71,2942.25
2002,Paraguay,38.0,90.14969659,2978.95,5602.24,359.8,0.0,0.0,7462.41,3062.55,2.45,0.54,,,,20440.45,171.03
2002,Peru,149.59,109.6477492,16621.21,2528.47,1380.88,4.49,299.99,10028.8,268.79,6000.63,9667.36,,,,82392.51,536.01
2002,Philippines,91.8,102.1111101,2143.85,6751.96,902.51,565.47,0.0,1421.05,0.0,152.85,0.0,,,,11325.58,6430.43
2002,Pitcairn Islands,0.0,100.0,0.21,1.96,0.44,0.0,0.0,0.0,0.0,0.36,0.0,,,,0.0,1.96
2002,"Poland, Rep. of",432.9,101.2982722,2999.66,16601.85,457.62,0.0,0.0,558.33,91.18,9.91,2.73,,,,9574.29,417.28
2002,Portugal,113.15,111.9834101,1078.67,2238.58,86.61,0.0,0.0,1247.13,14.64,9.62,33.18,,,,3008.86,1056.75
2002,Puerto Rico,69.18,96.26238542,78.85,79.64,20.54,6.27,0.0,12.38,14.69,0.03,0.03,,,,574.65,46.85
2002,Qatar,30.27,85.76316737,5.44,20.82,14.32,0.0,0.0,5.17,0.01,18.16,1052.4,,,,8.05,4.92
2002,Romania,400.24,100.673296,2640.53,11764.2,289.15,0.0,0.0,212.03,295.0,9.3,6.87,,,,7583.59,606.03
2002,Russian Federation,1898.3,99.81018944,155753.98,157486.4,61137.7,0.0,5309.06,122628.03,83716.5,119588.34,31794.53,,,,952061.78,2340.64
2002,Rwanda,4.07,97.27435177,134.62,1311.22,160.88,0.0,0.0,216.32,82.57,0.02,0.0,,,,284.84,360.7
2002,Réunion,3.59,70.25134163,22.78,51.7,7.42,1.09,0.0,14.45,0.16,0.0,3.74,,,,141.32,5.74
2002,Saint Helena,1.4,99.16263523,9.4,0.9,2.08,0.0,0.0,1.25,0.0,18.45,3.18,,,,2.57,0.9
2002,Saint Pierre and Miquelon,0.09,50.02120441,0.6,0.0,3.15,0.0,0.0,9.91,4.67,0.1,0.36,,,,4.7,0.0
2002,Samoa,0.03,57.85868782,28.07,32.07,3.42,0.64,0.0,22.51,0.0,0.02,0.0,,,,122.54,76.47
2002,"San Marino, Rep. of",0.47,61.0240823,0.42,2.14,0.0,0.0,0.0,0.09,0.0,0.0,0.4,,,,0.45,2.14
2002,Saudi Arabia,188.6,91.28415863,179.49,2322.52,163.84,2.53,0.0,429.43,9.01,7313.67,182565.77,,,,109.99,124.51
2002,Senegal,28.31,99.56595423,2238.12,5410.29,325.29,185.25,0.0,7215.41,356.12,38.87,10.04,,,,3824.25,88.69
2002,"Serbia, Rep. of",0.0,,0.0,0.0,0.0,0.0,0.0,0.0,0.0,0.0,0.0,,,,0.0,0.0
2002,Seychelles,0.13,247.2527473,3.07,4.37,11.08,7.53,0.0,2.04,0.0,0.22,0.67,,,,7.21,13.12
2002,Sierra Leone,12.32,97.13084909,577.73,3203.27,49.3,228.95,0.0,461.04,20.58,0.0,4.96,,,,2223.31,422.37
2002,Singapore,13.39,96.36625971,4.2,19.38,5.69,3.89,0.0,1.17,0.0,0.13,0.0,,,,8.16,3.88
2002,Slovak Rep.,117.35,99.45986904,386.15,1936.88,31.96,0.0,0.0,94.75,1.77,1.68,3.46,,,,2291.24,38.46
2002,"Slovenia, Rep. of",22.53,103.4535578,156.23,390.2,4.33,0.0,0.0,88.39,1.53,2.67,8.0,,,,1288.36,69.68
2002,Solomon Islands,0.8,84.02801417,4.44,6.25,100.93,134.75,0.0,2.87,0.0,0.22,0.0,,,,2568.09,23.75
2002,Somalia,32.23,99.37255237,7440.15,5061.01,86.04,1.36,0.0,37371.55,60.93,5467.67,5800.87,,,,2297.58,123.67
2002,South Africa,351.27,97.09528995,24474.14,12809.88,553.08,47.08,0.0,64760.5,263.72,9327.33,696.21,,,,8812.27,374.01
2002,"South Sudan, Rep. of",0.0,,0.0,0.0,0.0,0.0,0.0,0.0,0.0,0.0,0.0,,,,0.0,0.0
2002,Spain,312.9,100.4265396,7338.3,16106.95,420.93,0.0,0.0,6114.73,52.21,1014.55,521.46,,,,12540.05,6209.95
2002,Sri Lanka,54.62,86.16867675,485.72,1365.75,184.86,19.24,0.0,1268.51,0.02,7.3,1.53,,,,1836.58,1429.96
2002,St. Kitts and Nevis,0.31,92.46031746,2.53,4.35,1.39,0.19,0.0,0.53,0.28,0.0,0.0,,,,16.76,0.06
2002,St. Lucia,0.57,69.23076923,0.97,0.42,1.38,0.64,0.0,0.8,0.09,0.05,0.0,,,,53.68,2.09
2002,St. Vincent and the Grenadines,0.41,87.7530852,1.81,0.81,12.21,0.54,0.0,0.73,0.1,0.0,0.73,,,,34.0,1.22
2002,Sub-Saharan Africa,,101.1804274,,,,,,,,,,293571.65,291800.9,1419903.0,,
2002,Sudan,0.0,,0.0,0.0,0.0,0.0,0.0,0.0,0.0,0.0,0.0,,,,0.0,0.0
2002,Suriname,7.69,70.62595283,43.39,38.81,202.7,69.54,0.0,119.25,87.73,0.0,0.0,,,,14031.39,6.04
2002,Sweden,120.23,86.92800696,2138.49,2992.97,3855.26,0.0,23.79,1186.67,3349.94,1434.72,262.73,,,,29380.63,3.27
2002,Switzerland,104.43,97.73048844,1271.62,529.38,140.67,0.0,97.64,151.2,1.73,114.06,257.49,,,,1425.09,31.17
2002,Syrian Arab Rep.,81.93,104.1291307,476.26,4266.58,128.53,0.0,0.0,231.16,0.36,875.05,11763.92,,,,259.37,769.15
2002,"São Tomé and Príncipe, Dem. Rep. of",0.83,119.5402299,1.62,1.25,2.65,1.07,0.0,1.17,0.02,0.04,0.0,,,,85.37,6.03
2002,Taiwan Province of China,66.77,92.87317191,94.14,747.37,66.78,26.67,0.0,31.09,42.64,4.24,0.0,,,,2269.97,278.6
2002,"Tajikistan, Rep. of",12.85,102.7042806,6695.89,2224.4,138.58,0.0,1085.06,653.74,5.81,530.67,2329.78,,,,259.19,284.81
2002,"Tanzania, United Rep. of",38.63,96.61461457,5580.97,20349.76,6127.74,58.04,0.0,17554.64,4393.08,94.21,239.09,,,,36361.33,3786.0
2002,Thailand,120.54,108.6566646,4065.97,25040.2,892.12,340.43,0.0,5409.65,12.44,30.88,0.23,,,,10997.21,4928.9
2002,"Timor-Leste, Dem. Rep. of",4.46,107.032522,164.55,530.46,13.28,9.46,0.0,124.34,0.0,3.14,0.0,,,,350.82,298.16
2002,Togo,13.97,97.57786942,249.1,2133.83,22.9,0.16,0.0,967.29,0.5,0.02,0.05,,,,2206.82,120.09
2002,Tokelau,0.01,100.0,0.0,0.0,1.57,0.0,0.0,0.0,0.0,0.0,0.0,,,,0.0,0.0
2002,Tonga,0.07,89.45459018,4.03,13.23,9.32,1.04,0.0,2.6,0.0,0.16,0.0,,,,29.94,9.7
2002,Trinidad and Tobago,6.17,95.14558463,26.04,42.81,7.15,2.48,0.0,15.38,1.67,0.1,0.0,,,,382.61,32.82
2002,Tunisia,67.77,101.6166378,271.67,2367.93,138.79,0.0,0.0,132.43,0.45,1630.31,8897.64,,,,302.46,1826.15
2002,Turkmenistan,11.81,96.72888931,1370.29,4008.89,9051.5,0.0,0.0,6753.07,1.57,1224.61,32962.32,,,,79.34,117.91
2002,Turks and Caicos Islands,0.1,82.14285714,7.2,0.82,6.52,3.06,0.0,1.05,16.75,0.04,0.0,,,,16.89,0.82
2002,Tuvalu,0.01,100.0,0.1,0.45,3.47,0.0,0.0,0.05,0.0,0.09,0.0,,,,0.08,0.45
2002,"Türkiye, Rep. of",381.54,104.2315606,14330.97,32075.63,1376.41,0.0,0.0,6736.53,208.62,3352.47,1607.69,,,,14707.1,3455.68
2002,Uganda,24.18,96.05267318,1712.08,7570.58,3741.91,0.0,0.0,2762.92,378.3,0.0,0.15,,,,5278.31,2838.97
2002,Ukraine,1332.59,100.5326534,4229.94,42200.45,1494.0,0.0,0.0,434.75,48.46,50.81,20.86,,,,9001.11,1183.91
2002,United Arab Emirates,194.93,80.34258496,38.77,68.2,20.73,1.33,0.0,4.96,0.88,327.7,6269.56,,,,49.46,173.7
2002,United Kingdom,899.08,100.8340129,11456.48,6629.97,465.26,0.0,0.0,773.15,1305.65,507.85,56.47,,,,2226.14,57.29
2002,United States,7985.55,99.09933376,199426.2,152451.07,19120.2,190.4,6536.75,200096.46,8819.71,19002.6,18250.14,,,,298400.68,2406.05
2002,United States Virgin Islands,4.27,105.1810919,3.09,3.69,3.94,0.92,0.0,0.22,1.97,0.0,0.0,,,,16.09,1.85
2002,Uruguay,33.16,102.7121133,11575.76,2797.22,452.53,0.0,0.0,745.96,285.68,1.03,3.43,,,,1850.77,85.07
2002,"Uzbekistan, Rep. of",101.09,101.6143095,3228.0,7827.26,1824.89,0.0,37.42,4412.38,67.88,2414.78,24322.5,,,,226.32,598.74
2002,Vanuatu,0.28,564.2335766,32.39,30.64,30.39,18.68,0.0,18.95,0.0,0.68,2.33,,,,917.77,177.7
2002,"Venezuela, Rep. Bolivariana de",166.46,97.36602612,18063.84,7832.83,1377.49,317.79,0.05,7567.24,1977.31,543.67,103.78,,,,51448.22,2411.96
2002,Vietnam,101.14,120.5234079,2037.86,9690.04,764.91,182.17,0.0,5997.34,59.0,6.08,18.39,,,,10838.31,3249.1
2002,Wallis and Futuna Islands,0.03,100.0,1.1,0.72,3.76,0.0,0.0,0.86,0.0,0.0,0.0,,,,4.49,3.6
2002,West Bank and Gaza,12.97,94.87483471,38.98,96.55,19.12,0.0,0.0,30.8,0.0,117.15,121.9,,,,32.31,154.41
2002,Western Sahara,1.02,85.65981458,0.5,3.46,7.2,0.0,0.0,0.0,0.0,20.0,26943.72,,,,0.2,3.46
2002,"Yemen, Rep. of",8.77,102.8912933,168.33,1662.44,110.06,0.13,0.0,1655.66,0.9,5185.37,36076.96,,,,454.97,283.14
2002,Zambia,33.78,100.3589025,3277.25,8337.64,1384.74,0.0,0.0,13029.59,2802.92,0.0,4.16,,,,46584.41,109.79
2002,Zimbabwe,32.02,98.00666956,2701.58,13099.09,439.45,0.0,0.0,11388.61,28.79,18.04,94.54,,,,11113.73,358.88
2003,"Afghanistan, Islamic Rep. of",38.14,98.69434865,24463.67,5756.53,80.69,0.0,317.57,3137.04,6.99,4027.16,25264.36,,,,1173.53,82.96
2003,Africa,,98.13754972,,,,,,,,,,324990.82,902994.53,1497593.66,,
2003,Albania,16.02,94.70911373,393.24,977.34,57.04,0.0,0.0,315.77,6.6,33.34,50.9,,,,815.62,204.6
2003,Algeria,121.1,93.5736205,821.21,8283.2,154.8,0.0,0.0,2061.31,2.05,8452.86,209518.26,,,,1498.77,817.98
2003,American Samoa,0.01,100.0,1.48,2.6,1.36,0.16,0.0,1.05,0.0,0.02,0.0,,,,8.21,5.17
2003,Americas,,97.28248487,,,,,,,,,,467186.28,305217.57,3175145.3,,
2003,"Andorra, Principality of",0.23,78.16545873,11.95,0.2,0.0,0.0,0.0,0.81,0.0,5.35,2.36,,,,26.69,0.2
2003,Angola,45.15,97.28944743,17710.24,5501.29,225.52,20.55,0.0,23289.17,712.85,43.12,2823.17,,,,74719.53,333.41
2003,Anguilla,0.07,91.55251142,4.74,0.04,1.22,0.05,0.0,0.12,0.88,0.0,0.02,,,,0.85,0.04
2003,Antigua and Barbuda,0.7,82.92682927,13.79,1.0,6.87,0.5,0.0,0.92,3.86,0.02,0.0,,,,18.13,0.25
2003,Argentina,370.37,97.60169575,14936.54,52371.72,4461.21,0.0,685.92,96629.07,9107.66,46618.36,12927.5,,,,38772.62,1755.78
2003,"Armenia, Rep. of",36.02,102.6339014,698.85,874.9,133.23,0.0,0.0,439.03,1.19,39.8,41.76,,,,625.96,74.99
2003,"Aruba, Kingdom of the Netherlands",0.16,33.31487634,2.98,0.57,0.77,0.02,0.0,11.39,0.25,1.18,0.0,,,,0.17,0.57
2003,Asia,,101.8552823,,,,,,,,,,689102.43,976476.92,1454892.94,,
2003,Australia,773.71,99.17054443,129197.91,52694.47,1458.73,2567.7,0.0,180434.96,10021.6,281882.0,36526.7,,,,75640.87,759.58
2003,Austria,148.69,97.52000974,1511.3,1646.7,69.44,0.0,34.13,299.1,13.07,116.4,200.52,,,,4268.09,84.72
2003,"Azerbaijan, Rep. of",43.64,99.02305668,971.36,3588.88,8021.3,0.0,0.0,985.08,3.26,841.46,420.9,,,,1179.78,440.78
2003,"Bahamas, The",8.08,98.23694215,157.96,11.97,278.99,79.81,0.0,38.02,252.47,3.38,0.53,,,,419.33,3.42
2003,"Bahrain, Kingdom of",14.99,94.51219512,2.07,0.51,3.77,0.01,0.0,0.21,0.09,2.18,39.76,,,,3.1,0.9
2003,Bangladesh,25.42,107.5566582,878.1,9273.63,1213.83,415.83,0.0,820.36,35.25,0.77,10.62,,,,801.56,563.54
2003,Barbados,3.69,103.1847328,4.0,24.58,0.91,0.0,0.0,1.46,0.22,0.04,0.0,,,,7.05,1.76
2003,"Belarus, Rep. of",107.55,100.6866244,1219.46,9909.43,221.34,0.0,0.0,418.0,42.56,1.14,0.09,,,,8584.1,213.53
2003,Belgium,235.22,100.1513987,622.83,1381.63,17.24,0.0,0.0,91.4,8.97,0.54,0.44,,,,669.95,35.08
2003,Belize,1.0,84.65443534,72.38,94.05,65.59,48.86,0.0,88.97,11.49,0.01,0.64,,,,1770.51,42.99
2003,Benin,20.12,108.5165462,432.95,3359.18,24.1,6.88,0.0,3499.08,2.44,0.02,0.27,,,,3913.03,338.45
2003,Bermuda,0.19,100.0,0.04,0.08,3.05,0.0,0.0,0.01,0.74,1.99,0.0,,,,0.05,0.08
2003,Bhutan,0.05,101.0651115,540.05,63.54,1.13,0.0,104.63,122.26,0.05,4.78,6.43,,,,2931.31,7.69
2003,Bolivia,66.06,89.59572159,11553.57,4892.32,1282.25,0.0,85.86,11769.83,2948.89,6928.82,8989.09,,,,60272.28,268.7
2003,Bosnia and Herzegovina,22.03,101.5725282,714.05,1193.74,24.72,0.0,0.0,254.62,5.94,3.1,1.22,,,,2784.94,111.51
2003,Botswana,18.25,95.88412075,3753.11,2824.31,41.93,0.0,0.0,45498.1,767.42,66.33,928.07,,,,4224.9,14.48
2003,Brazil,1413.89,91.28628134,67590.78,131387.72,12753.1,640.63,0.0,147646.71,13391.8,143.18,367.37,,,,449074.39,29380.45
2003,British Virgin Islands,0.71,52.82273065,1.43,0.03,3.15,1.32,0.0,0.05,2.22,0.03,0.0,,,,6.39,0.03
2003,Brunei Darussalam,1.58,100.4885993,9.94,23.1,8.94,19.21,0.0,7.27,0.0,0.22,0.0,,,,494.96,28.87
2003,Bulgaria,136.25,98.71077978,776.25,5212.69,126.74,0.0,0.0,352.03,9.97,13.5,58.73,,,,4115.34,335.7
2003,Burkina Faso,19.19,104.945009,5833.06,16323.94,94.64,0.0,0.0,3309.13,26.44,98.18,100.06,,,,1392.92,298.29
2003,Burundi,3.99,96.02367582,484.02,1071.6,199.26,0.0,0.0,300.26,24.06,0.0,0.0,,,,230.67,389.67
2003,Cabo Verde,2.23,100.3202013,50.74,19.87,36.01,0.0,0.0,142.74,2.83,5.59,139.26,,,,8.45,1.27
2003,Cambodia,6.65,95.42159191,1185.24,6434.44,409.08,42.74,0.0,1703.14,570.37,0.28,1.81,,,,7638.07,260.86
2003,Cameroon,38.57,99.36961527,1684.68,4795.94,377.14,236.37,0.0,2526.88,175.91,0.02,2.04,,,,36040.01,965.62
2003,Canada,762.03,99.71260831,159209.36,52370.68,103391.0,0.0,18314.8,52649.98,8793.38,106508.04,39480.66,,,,441400.71,214.52
2003,Cayman Islands,0.42,72.37705596,0.64,0.92,2.74,8.47,0.0,0.32,0.73,0.04,0.0,,,,9.59,2.29
2003,Central African Rep.,10.14,100.3775678,5012.3,896.65,92.9,0.0,0.0,4881.86,23.37,0.0,0.19,,,,51406.66,40.76
2003,Chad,16.9,97.23180856,15260.78,18203.66,367.98,0.0,0.0,15121.69,682.9,7444.09,64130.51,,,,5859.31,143.71
2003,Chile,130.22,107.7492622,5081.72,2569.77,2758.12,0.0,2797.08,14553.12,81.05,11706.61,14070.7,,,,21019.87,728.1
2003,"China, P.R.: Hong Kong",12.44,103.8870937,7.91,13.69,13.8,2.25,0.0,7.26,0.34,0.05,0.0,,,,48.58,2.74
2003,"China, P.R.: Macao",0.49,89.02439024,0.15,0.24,0.23,0.01,0.0,0.03,0.03,0.01,0.0,,,,0.18,0.24
2003,"China, P.R.: Mainland",4362.46,102.4068591,289357.95,202347.08,12395.8,144.62,6286.23,23892.51,3181.47,22120.96,169756.53,,,,183066.5,19524.17
2003,Colombia,150.17,145.3088038,16889.76,6112.26,1280.11,363.58,6.7,7259.79,2394.57,557.64,24.37,,,,75479.0,4009.15
2003,"Comoros, Union of the",1.25,90.78990017,13.23,7.14,4.28,0.81,0.0,19.5,0.0,0.0,0.0,,,,113.69,5.71
2003,"Congo, Dem. Rep. of the",94.01,99.62131821,7250.08,20109.26,4382.72,249.0,0.0,8024.74,4901.74,2.47,28.31,,,,187169.74,2251.04
2003,"Congo, Rep. of",13.9,106.1000371,2097.6,2566.49,295.82,76.11,0.0,2251.61,84.88,0.04,0.05,,,,26640.13,261.89
2003,Cook Islands,0.01,181.9950062,1.27,3.21,3.52,0.0,0.0,0.86,0.08,1.23,0.0,,,,10.91,3.46
2003,Costa Rica,22.99,107.3536994,321.75,310.15,43.58,35.37,0.0,277.87,3.39,0.0,2.3,,,,3681.55,428.31
2003,"Croatia, Rep. of",51.64,101.508519,560.72,2031.42,90.94,0.0,0.0,265.66,26.4,31.58,9.25,,,,2422.91,166.93
2003,Cuba,50.54,104.5059015,1228.27,3629.28,424.04,402.48,0.0,423.07,207.87,1.02,0.41,,,,4316.98,415.94
2003,Cyprus,16.08,91.45854715,84.99,224.52,17.02,0.0,0.0,114.46,0.66,136.52,77.4,,,,180.88,82.19
2003,Czech Rep.,222.0,100.3629353,965.19,3570.57,59.15,0.0,0.0,215.62,7.78,4.91,0.34,,,,2786.11,44.13
2003,Côte d'Ivoire,82.26,106.3749963,1301.93,5988.21,287.06,11.77,0.0,3743.76,1.71,0.0,0.09,,,,12842.24,8126.86
2003,Denmark,111.76,100.6553239,503.27,2878.76,271.58,0.0,0.0,89.01,56.72,0.93,2.11,,,,510.74,10.16
2003,Djibouti,1.27,82.22222222,67.73,1.32,24.85,0.75,0.0,24.58,93.88,38.42,1924.72,,,,1.87,0.92
2003,Dominica,0.2,77.41935484,0.19,0.04,1.29,3.15,0.0,0.03,0.0,0.26,0.0,,,,69.97,0.11
2003,Dominican Rep.,41.15,97.74907749,793.58,859.51,53.79,20.14,0.0,153.43,208.49,2.06,0.37,,,,2263.13,438.14
2003,Ecuador,61.28,126.5556432,1854.53,1337.84,311.13,201.35,12.45,3069.83,110.45,35.45,349.28,,,,17196.53,1223.52
2003,"Egypt, Arab Rep. of",126.07,107.0620742,259.42,3853.8,911.44,2.02,0.0,93.11,1104.76,1191.68,90566.42,,,,32.68,667.06
2003,El Salvador,18.96,91.74382729,61.31,294.94,48.29,42.81,0.0,51.48,1.43,0.0,1.29,,,,1447.7,117.42
2003,Emerging and Developing Countries Asia excluding China,,103.0253433,,,,,,,,,,296026.76,108736.79,590199.17,,
2003,Emerging and Developing Countries Europe,,99.48659921,,,,,,,,,,293313.53,156242.83,1498068.83,,
2003,Emerging and Developing Economies,,100.0588086,,,,,,,,,,1516253.95,2151507.88,6078585.05,,
2003,"Equatorial Guinea, Rep. of",2.28,67.38976667,27.85,79.76,18.91,40.32,0.0,15.66,0.85,0.0,0.0,,,,2395.67,135.81
2003,"Eritrea, The State of",10.13,99.75500969,2474.77,1695.38,70.85,7.89,0.0,1683.34,23.18,763.5,5003.77,,,,435.23,8.52
2003,"Estonia, Rep. of",15.74,92.05909014,364.14,917.06,245.66,0.0,0.0,132.25,186.13,2.68,0.96,,,,2629.92,26.42
2003,"Eswatini, Kingdom of",2.17,98.26142197,271.59,525.67,5.97,0.0,0.0,198.35,8.77,0.26,25.92,,,,656.35,41.34
2003,"Ethiopia, The Federal Dem. Rep. of",31.26,103.4220739,11550.18,18933.61,767.01,0.0,0.0,49836.49,253.19,596.4,7281.28,,,,23198.47,1176.42
2003,Europe,,99.28332269,,,,,,,,,,371224.14,172943.47,1729818.96,,
2003,Falkland Islands (Malvinas),0.01,280.0023204,1030.66,0.13,65.81,0.0,0.0,35.59,0.03,8.62,8.24,,,,57.46,0.13
2003,Faroe Islands,0.0,100.0072046,98.1,1.27,5.92,0.0,0.0,12.06,2.46,6.63,0.51,,,,10.58,1.27
2003,"Fiji, Rep. of",1.77,105.6828263,62.12,200.75,60.41,44.02,0.0,39.89,0.0,4.36,0.0,,,,1247.09,169.33
2003,Finland,41.22,94.18060416,717.78,2355.63,3322.24,0.0,0.0,801.1,2689.72,628.37,16.69,,,,22972.13,4.47
2003,France,1063.18,99.57120501,11330.25,24339.86,439.27,0.0,25.03,1392.17,163.05,257.4,218.14,,,,14150.52,1479.9
2003,French Polynesia,0.41,121.6324205,20.33,13.87,86.91,1.84,0.0,13.75,0.0,38.36,0.0,,,,126.38,101.73
2003,Gabon,12.63,99.23574125,669.6,679.55,315.64,207.94,0.0,739.7,18.45,0.0,0.0,,,,23581.82,355.46
2003,"Gambia, The",6.33,99.79152421,49.3,592.01,93.34,137.69,0.0,127.89,4.54,0.0,1.45,,,,104.7,11.21
2003,Georgia,53.27,96.70238189,943.5,1294.21,36.37,0.0,37.86,622.97,9.75,47.53,116.88,,,,3393.54,426.02
2003,Germany,1640.16,100.0121869,6374.41,15041.47,449.95,0.0,0.0,813.92,111.12,23.79,11.99,,,,10943.61,261.99
2003,Ghana,114.13,101.5663555,870.71,6486.36,695.7,25.5,0.0,4198.38,12.15,0.5,6.44,,,,8369.22,3273.33
2003,Gibraltar,0.3,94.16154522,0.06,0.03,0.02,0.0,0.0,0.07,0.02,0.0,0.0,,,,0.14,0.03
2003,Greece,108.01,106.3524267,1390.44,3433.68,363.59,0.0,0.0,3015.54,21.17,71.02,258.76,,,,3176.15,1433.23
2003,Greenland,0.06,100.0,6118.77,0.0,5544.14,0.0,175240.0,1015.41,104.35,26506.1,680.25,,,,130.92,0.0
2003,Grenada,0.56,80.96235543,1.77,0.08,1.45,0.16,0.0,0.14,0.0,0.0,0.0,,,,27.71,0.34
2003,Guadeloupe,2.62,54.79223488,9.52,21.32,5.7,3.3,0.0,2.13,3.78,0.05,0.02,,,,116.96,5.33
2003,Guam,0.01,146.3414634,48.45,0.59,1.92,0.0,0.0,0.14,0.0,0.02,0.0,,,,0.37,2.97
2003,Guatemala,42.25,129.6443458,1132.96,1288.99,135.26,35.83,0.0,685.93,20.93,0.0,1.95,,,,7211.1,416.36
2003,Guinea,22.89,98.26551708,784.9,2818.08,90.77,247.95,0.0,3518.13,1.91,0.0,1.68,,,,16278.02,688.59
2003,Guinea-Bissau,1.95,84.53922164,102.38,250.9,49.93,262.63,0.0,167.02,1.73,0.03,1.77,,,,2009.12,232.31
2003,Guyana,11.2,90.77930537,267.58,157.25,140.76,7.91,0.0,1094.72,131.87,2.45,3.41,,,,19484.6,10.58
2003,Haiti,17.61,98.41391906,1472.43,289.53,42.81,13.11,0.0,43.54,296.64,6.49,0.01,,,,446.1,90.08
2003,Holy See,0.05,100.0,0.01,0.0,0.0,0.0,0.0,0.0,0.0,0.0,0.0,,,,0.01,0.0
2003,Honduras,23.49,114.0379382,1177.32,839.8,129.6,60.74,0.0,703.88,14.43,0.09,0.4,,,,8035.25,290.94
2003,Hungary,238.63,100.0545206,1069.98,5780.73,135.49,0.0,0.0,75.27,53.39,1.57,1.05,,,,1692.29,259.05
2003,Iceland,3.16,100.0,3604.01,0.0,333.07,0.0,1102.48,75.27,722.64,2328.67,2006.96,,,,37.16,0.0
2003,India,1033.21,101.9507918,25134.08,181160.56,4848.5,334.42,783.16,21646.5,709.48,514.85,1226.65,,,,48769.42,11336.78
2003,Indonesia,944.8,103.8898049,9422.08,22338.85,4028.48,4030.15,0.0,7026.13,0.0,1664.75,0.0,,,,123039.42,17454.55
2003,"Iran, Islamic Rep. of",247.45,98.76955953,7083.14,23502.89,6354.56,1.17,0.0,6796.87,76.81,13151.08,105807.15,,,,3052.62,2130.16
2003,Iraq,84.32,99.94693921,920.54,8036.3,531.13,0.0,0.0,346.06,24.26,509.69,32686.96,,,,232.48,339.31
2003,Ireland,55.54,97.74039549,4767.67,449.22,199.5,0.0,0.0,164.38,858.69,24.86,24.33,,,,422.05,1.69
2003,Isle of Man,1.09,95.16684075,38.9,3.03,1.15,0.0,0.0,2.61,0.0,0.01,0.82,,,,6.25,3.03
2003,Israel,44.89,101.2394715,84.14,388.66,47.79,0.0,0.0,62.95,0.09,79.15,1195.65,,,,73.61,100.08
2003,Italy,734.44,102.096902,3414.94,10947.49,414.36,0.0,42.31,1362.73,31.36,246.74,754.81,,,,8683.72,3548.75
2003,Jamaica,17.16,79.05256164,94.7,72.59,10.15,8.69,0.0,13.07,7.21,0.16,0.0,,,,820.53,59.15
2003,Japan,1077.36,99.29516851,1334.33,7381.91,956.6,2.84,0.0,882.34,75.87,7.53,3.97,,,,25140.23,569.13
2003,Jordan,24.95,91.91067948,40.1,343.87,46.55,0.0,0.0,9.02,0.06,164.56,8125.82,,,,15.02,167.08
2003,"Kazakhstan, Rep. of",206.89,97.55663525,88072.8,45908.59,18438.6,0.0,113.64,21317.34,1189.69,61425.2,37972.37,,,,9016.54,197.28
2003,Kenya,10.39,100.5479041,15123.13,11019.47,1235.4,17.63,0.0,20572.02,941.38,334.31,2091.81,,,,6368.25,916.5
2003,Kiribati,0.02,100.0,2.8,2.74,84.16,0.05,0.0,0.29,0.0,9.33,0.0,,,,1.44,43.86
2003,"Korea, Dem. People's Rep. of",53.95,98.76551468,315.48,3489.49,211.71,0.0,0.0,125.32,5.28,43.53,17.5,,,,7694.19,303.43
2003,"Korea, Rep. of",128.18,96.00655621,325.28,3450.66,258.59,0.0,0.0,146.65,6.14,61.52,38.15,,,,5125.86,388.95
2003,Kuwait,21.11,99.58965942,5.15,27.43,5.46,0.0,0.0,3.94,11.11,11.15,1647.94,,,,5.06,6.86
2003,Kyrgyz Rep.,22.12,97.96279989,8548.68,3637.78,721.58,0.0,609.51,820.79,0.0,2123.61,1859.96,,,,1410.45,181.35
2003,Lao People's Dem. Rep.,4.85,97.73300007,1407.81,2845.66,205.39,0.0,0.0,7355.91,89.39,0.0,0.0,,,,11035.05,217.45
2003,Latin America and the Caribbean,,95.63044252,,,,,,,,,,253469.46,121910.9,1656268.13,,
2003,Latvia,21.71,96.41797298,681.74,1632.69,125.62,0.0,0.0,190.29,124.38,0.1,0.09,,,,3643.09,20.47
2003,Lebanon,12.57,93.75667554,60.02,242.08,2.3,0.0,0.0,225.59,0.0,122.59,52.05,,,,47.8,250.98
2003,"Lesotho, Kingdom of",3.34,99.34813496,1402.6,695.03,7.03,0.0,0.0,758.09,0.9,0.17,0.71,,,,178.75,9.27
2003,Liberia,14.19,87.97669387,398.06,2756.29,48.78,25.53,0.0,191.16,2.57,0.0,0.0,,,,4789.21,1447.05
2003,Libya,56.65,99.38107924,127.09,1748.06,51.89,0.0,0.0,200.62,23.93,3859.76,155758.68,,,,143.63,322.65
2003,Liechtenstein,0.56,82.44951638,3.44,0.61,0.07,0.0,0.0,0.55,0.02,0.04,0.15,,,,8.89,0.61
2003,Lithuania,42.81,99.67972123,630.16,3246.87,122.28,0.0,0.0,180.49,30.41,0.6,0.88,,,,2132.03,91.55
2003,Luxembourg,10.24,100.1323919,76.33,80.52,0.75,0.0,0.0,11.08,0.0,0.05,0.0,,,,82.25,1.3
2003,"Madagascar, Rep. of",27.13,97.48117557,22064.11,3547.81,486.87,162.81,0.0,9124.46,281.07,59.41,338.59,,,,22340.12,721.59
2003,Malawi,13.27,101.7544478,645.24,5520.37,2446.65,0.0,0.0,407.49,224.75,0.33,12.87,,,,2431.39,239.22
2003,Malaysia,177.31,111.4188342,1563.1,810.43,454.58,645.1,0.0,1247.72,0.0,9.01,0.0,,,,23248.25,5040.36
2003,Maldives,0.08,39.41368078,0.33,1.13,106.26,0.02,0.0,0.65,0.0,0.86,0.18,,,,0.42,3.01
2003,Mali,18.83,98.87690217,15822.51,21232.28,390.8,0.0,0.0,9009.34,302.5,4348.27,70772.68,,,,3417.12,518.12
2003,Malta,5.12,99.80633554,1.87,14.31,1.57,0.0,0.0,0.47,0.0,0.35,4.79,,,,1.49,1.69
2003,"Marshall Islands, Rep. of the",0.05,84.21052632,0.15,0.11,161.27,0.0,0.0,0.04,0.0,2.9,0.0,,,,0.13,1.81
2003,Martinique,2.33,76.03424984,3.9,6.56,3.12,1.83,0.0,2.95,0.23,0.0,0.0,,,,83.26,7.21
2003,"Mauritania, Islamic Rep. of",20.53,102.7419324,11566.32,1800.93,60.04,3.08,0.0,773.78,184.14,4251.49,85407.61,,,,272.84,40.02
2003,Mauritius,6.67,91.25452352,15.64,99.24,6.02,1.1,0.0,12.04,0.05,0.03,0.08,,,,56.72,4.51
2003,Mayotte,0.18,75.6097561,2.01,0.13,2.57,1.96,0.0,2.99,0.01,0.0,0.0,,,,28.25,0.22
2003,Mexico,765.08,101.3705431,17831.68,25359.51,1794.24,818.39,0.0,70944.51,82.77,59.64,2766.86,,,,73257.23,2274.12
2003,"Micronesia, Federated States of",3.11,99.81275468,0.9,1.75,48.84,27.2,0.0,0.25,0.0,0.4,0.0,,,,26.11,1.75
2003,Middle East and Central Asia,,92.39127661,,,,,,,,,,172573.67,1281133.86,376691.22,,
2003,"Moldova, Rep. of",136.04,98.1778027,180.84,2351.14,33.87,0.0,0.0,7.19,3.61,0.27,0.0,,,,284.49,379.75
2003,Monaco,0.19,98.71794872,0.07,0.22,0.0,0.0,0.0,0.03,0.0,0.0,0.0,,,,0.05,0.22
2003,Mongolia,43.22,96.11764534,32177.29,5688.88,1479.22,0.0,62.0,2723.92,371.01,34804.02,69625.04,,,,9407.01,9.65
2003,Montenegro,0.0,,0.0,0.0,0.0,0.0,0.0,0.0,0.0,0.0,0.0,,,,0.0,0.0
2003,Montserrat,0.0,96.96923638,0.21,0.31,0.54,0.12,0.0,0.21,0.99,0.43,0.0,,,,7.16,0.31
2003,Morocco,104.99,106.5336634,1093.4,7167.6,74.69,0.0,0.0,2278.25,0.18,9326.51,19291.75,,,,1543.62,649.87
2003,"Mozambique, Rep. of",34.56,98.33849581,3851.21,9261.64,1501.68,498.19,0.0,15845.04,1786.59,41.57,597.51,,,,45231.08,514.54
2003,Myanmar,53.16,103.9027798,4440.41,17201.58,1016.0,420.36,1.57,13012.39,58.16,0.48,0.98,,,,29403.34,1430.12
2003,Namibia,50.12,89.93490534,38338.48,1988.46,485.74,0.0,0.0,17753.41,146.02,4095.91,15308.44,,,,4474.56,12.2
2003,"Nauru, Rep. of",0.0,100.0,0.11,0.84,0.18,0.0,0.0,0.02,0.0,0.14,0.0,,,,0.03,0.84
2003,Nepal,15.19,104.1164436,3216.76,3043.47,30.53,0.0,488.22,552.9,2.31,10.31,187.2,,,,7088.62,164.33
2003,New Caledonia,2.06,114.7307517,66.82,186.72,30.58,57.83,0.0,120.67,0.0,105.62,0.0,,,,1193.42,104.34
2003,New Zealand,193.17,106.755165,14172.7,486.67,688.34,21.38,108.45,2334.05,124.08,164.29,974.49,,,,7731.0,64.5
2003,Nicaragua,15.61,105.3427399,1350.96,1407.78,1038.88,93.39,0.0,930.69,37.36,0.18,2.53,,,,7842.63,196.84
2003,Niger,7.92,100.3248545,15308.63,7705.06,40.88,0.0,0.0,1271.55,203.43,12486.05,81039.87,,,,814.97,27.42
2003,Nigeria,267.19,96.98142019,7654.22,40810.89,949.52,868.32,0.0,13397.4,386.29,46.79,14.33,,,,19984.38,7083.84
2003,Niue,0.03,100.0,0.78,1.31,0.53,0.0,0.0,0.46,0.0,0.0,0.0,,,,19.7,3.66
2003,Norfolk Island,0.0,100.0,0.36,1.32,0.33,0.0,0.0,0.09,0.0,0.0,0.05,,,,0.42,1.32
2003,"North Macedonia, Republic of ",17.35,102.4749449,461.93,749.64,51.46,0.0,0.0,135.77,2.0,3.55,10.26,,,,1043.11,70.03
2003,Northern Mariana Islands,0.02,100.0,16.48,9.79,3.45,0.03,0.0,0.53,0.0,0.07,0.02,,,,7.49,9.79
2003,Norway,197.46,88.30376938,3445.8,1002.2,2250.93,0.0,3532.34,1560.59,2820.34,6599.96,3627.37,,,,13562.23,5.75
2003,Oceania,,99.18711064,,,,,,,,,,55387.66,319995.72,477117.71,,
2003,Oman,22.93,68.11099845,18.64,122.78,38.73,0.0,0.0,57.89,3.32,1812.3,28712.76,,,,41.2,166.35
2003,Pakistan,125.55,99.83605506,16927.83,24330.02,519.0,8.29,210.93,6890.36,382.56,2746.23,24147.76,,,,2367.13,508.6
2003,"Palau, Rep. of",0.05,70.95207922,1.3,0.39,4.94,4.05,0.0,1.18,0.0,0.09,0.0,,,,30.72,2.59
2003,Panama,15.79,100.7222742,445.82,1018.75,130.5,136.26,0.0,398.66,8.52,0.62,4.43,,,,5053.46,297.44
2003,Papua New Guinea,19.43,93.97499648,1029.83,920.95,729.32,644.83,0.0,736.63,0.0,425.27,1.02,,,,39311.28,2877.45
2003,Paraguay,39.29,91.61422432,3014.81,5692.58,360.27,0.0,0.0,7532.02,3081.35,2.46,0.54,,,,20221.56,173.55
2003,Peru,149.91,108.7220787,16626.54,2505.54,1381.73,4.49,299.99,10022.64,268.26,5953.47,9722.55,,,,82400.02,543.53
2003,Philippines,92.68,101.6635687,2142.03,6721.08,901.76,565.87,0.0,1419.18,0.0,152.99,0.0,,,,11339.28,6450.61
2003,Pitcairn Islands,0.0,100.0,0.21,1.96,0.44,0.0,0.0,0.0,0.0,0.36,0.0,,,,0.0,1.96
2003,"Poland, Rep. of",490.1,101.3054843,3002.73,16545.83,456.91,0.0,0.0,557.68,91.26,9.61,2.73,,,,9576.08,412.76
2003,Portugal,120.98,110.9418914,1083.63,2208.88,90.76,0.0,0.0,1252.81,14.63,9.66,32.99,,,,2987.26,1085.6
2003,Puerto Rico,69.94,90.92597446,75.68,70.63,20.54,6.28,0.0,10.62,14.52,0.03,0.03,,,,588.68,46.16
2003,Qatar,30.81,86.92219817,5.52,20.97,14.29,0.0,0.0,5.16,0.01,18.05,1051.81,,,,8.16,4.77
2003,Romania,461.03,100.5915693,2629.14,11693.54,289.65,0.0,0.0,199.76,294.83,9.12,6.84,,,,7643.16,579.88
2003,Russian Federation,2007.74,99.83691232,155653.74,157419.62,61003.8,0.0,5309.06,122680.99,83306.0,119164.08,31802.74,,,,953037.38,2329.97
2003,Rwanda,4.85,97.35088563,134.28,1311.48,161.08,0.0,0.0,215.49,82.35,0.02,0.0,,,,285.89,359.81
2003,Réunion,4.01,70.4645469,22.69,51.45,6.56,1.08,0.0,14.47,0.16,0.0,3.74,,,,141.96,5.88
2003,Saint Helena,1.4,99.16263523,9.4,0.9,2.08,0.0,0.0,1.25,0.0,18.45,3.18,,,,2.57,0.9
2003,Saint Pierre and Miquelon,0.1,55.53201507,0.61,0.0,3.15,0.0,0.0,9.91,4.67,0.1,0.36,,,,4.7,0.0
2003,Samoa,0.03,60.60053445,28.07,33.59,3.42,0.64,0.0,22.51,0.0,0.02,0.0,,,,122.54,74.94
2003,"San Marino, Rep. of",0.47,61.0240823,0.42,2.14,0.0,0.0,0.0,0.09,0.0,0.0,0.39,,,,0.46,2.14
2003,Saudi Arabia,191.87,91.62950235,179.64,2328.75,163.87,2.53,0.0,430.12,8.97,7306.74,182559.27,,,,109.52,128.08
2003,Senegal,29.18,99.51757256,2235.14,5406.78,325.12,185.07,0.0,7186.95,356.13,38.84,10.03,,,,3855.21,92.2
2003,"Serbia, Rep. of",0.0,,0.0,0.0,0.0,0.0,0.0,0.0,0.0,0.0,0.0,,,,0.0,0.0
2003,Seychelles,0.13,247.302768,3.07,4.37,11.06,7.54,0.0,2.04,0.0,0.22,0.67,,,,7.21,13.12
2003,Sierra Leone,13.21,99.45024739,576.45,3279.17,49.01,229.61,0.0,457.75,20.23,0.0,4.98,,,,2228.72,344.71
2003,Singapore,13.97,91.05982587,4.23,16.98,5.54,3.95,0.0,1.15,0.0,0.13,0.0,,,,8.25,5.66
2003,Slovak Rep.,131.75,99.24877046,385.12,1918.12,32.01,0.0,0.0,93.3,1.76,1.65,3.46,,,,2298.52,38.01
2003,"Slovenia, Rep. of",25.66,104.6201414,156.86,391.72,4.33,0.0,0.0,88.65,1.53,2.67,8.0,,,,1286.82,65.66
2003,Solomon Islands,0.8,85.69695711,4.43,6.39,100.79,134.84,0.0,2.87,0.0,0.22,0.0,,,,2568.18,23.57
2003,Somalia,32.3,99.43090489,7424.94,5063.93,86.04,1.36,0.0,37371.19,60.93,5475.73,5807.21,,,,2297.85,121.57
2003,South Africa,369.02,97.42978998,24494.38,12837.47,548.26,47.32,0.0,64782.16,265.25,9314.67,700.07,,,,8733.31,377.57
2003,"South Sudan, Rep. of",0.0,,0.0,0.0,0.0,0.0,0.0,0.0,0.0,0.0,0.0,,,,0.0,0.0
2003,Spain,330.2,100.810127,7359.7,16152.38,421.83,0.0,0.0,6116.11,52.32,1005.73,519.84,,,,12514.29,6159.67
2003,Sri Lanka,55.18,86.96886602,486.43,1378.38,184.62,19.5,0.0,1264.87,0.02,7.3,1.53,,,,1834.35,1421.91
2003,St. Kitts and Nevis,0.31,92.46031746,2.53,4.35,1.39,0.19,0.0,0.53,0.28,0.0,0.0,,,,16.76,0.06
2003,St. Lucia,0.57,71.32867133,0.97,0.45,1.38,0.64,0.0,0.8,0.09,0.05,0.0,,,,53.68,2.06
2003,St. Vincent and the Grenadines,0.41,87.7530852,1.81,0.81,12.21,0.54,0.0,0.73,0.1,0.0,0.73,,,,34.0,1.22
2003,Sub-Saharan Africa,,101.3835504,,,,,,,,,,294160.99,291606.01,1419508.45,,
2003,Sudan,0.0,,0.0,0.0,0.0,0.0,0.0,0.0,0.0,0.0,0.0,,,,0.0,0.0
2003,Suriname,7.72,72.70666091,43.58,40.15,202.98,69.32,0.0,119.67,87.74,0.0,0.0,,,,14031.02,4.38
2003,Sweden,125.27,87.48200687,2148.34,3007.77,3855.79,0.0,23.79,1197.14,3356.84,1434.02,263.0,,,,29333.43,3.3
2003,Switzerland,118.55,98.20695175,1274.44,518.35,140.82,0.0,97.64,151.8,1.74,114.08,257.5,,,,1419.91,29.65
2003,Syrian Arab Rep.,82.51,103.9326086,476.23,4257.8,128.14,0.0,0.0,230.79,0.36,871.52,11760.72,,,,258.99,785.28
2003,"São Tomé and Príncipe, Dem. Rep. of",0.83,118.977409,1.6,1.24,2.65,1.07,0.0,1.14,0.02,0.04,0.0,,,,85.44,6.01
2003,Taiwan Province of China,72.31,92.468205,94.73,738.28,66.13,26.68,0.0,30.89,42.39,4.24,0.0,,,,2267.73,284.89
2003,"Tajikistan, Rep. of",15.6,103.0690922,6695.17,2229.6,138.54,0.0,1085.06,653.71,5.81,530.94,2327.01,,,,259.95,279.41
2003,"Tanzania, United Rep. of",41.75,95.38487869,5563.59,20087.11,6119.33,58.39,0.0,17492.74,4398.46,95.31,239.59,,,,36417.95,4069.17
2003,Thailand,131.75,108.4612551,4068.25,24983.76,890.25,342.63,0.0,5385.73,12.49,30.88,0.23,,,,11009.91,4982.73
2003,"Timor-Leste, Dem. Rep. of",4.49,107.8374485,164.25,534.46,13.28,9.55,0.0,123.24,0.0,3.14,0.0,,,,353.86,292.42
2003,Togo,14.39,98.051892,249.25,2143.84,22.73,0.16,0.0,948.2,0.55,0.02,0.05,,,,2215.92,119.61
2003,Tokelau,0.01,100.0,0.0,0.0,1.57,0.0,0.0,0.0,0.0,0.0,0.0,,,,0.0,0.0
2003,Tonga,0.07,89.45459018,4.03,13.23,9.32,1.04,0.0,2.6,0.0,0.16,0.0,,,,29.94,9.7
2003,Trinidad and Tobago,6.57,93.997669,25.01,41.82,7.15,2.48,0.0,14.45,1.6,0.1,0.0,,,,386.0,32.06
2003,Tunisia,68.82,102.1331275,270.63,2379.26,138.97,0.0,0.0,132.12,0.45,1619.34,8898.08,,,,302.98,1824.95
2003,Turkmenistan,13.75,97.06623099,1388.67,4020.97,9052.73,0.0,0.0,6752.98,1.57,1243.28,32909.34,,,,79.73,118.26
2003,Turks and Caicos Islands,0.1,81.23474465,7.18,0.81,6.52,3.08,0.0,1.02,16.65,0.04,0.0,,,,17.05,0.81
2003,Tuvalu,0.01,100.0,0.1,0.45,3.47,0.0,0.0,0.05,0.0,0.09,0.0,,,,0.08,0.45
2003,"Türkiye, Rep. of",391.34,103.6520335,14331.41,31885.36,1379.47,0.0,0.0,6737.83,208.72,3355.14,1604.85,,,,14716.4,3622.1
2003,Uganda,26.77,96.55598589,1707.23,7607.78,3742.56,0.0,0.0,2728.51,378.53,0.0,0.15,,,,5319.83,2796.02
2003,Ukraine,1572.48,100.4271102,4238.65,41914.85,1492.14,0.0,0.0,430.25,48.48,47.4,20.77,,,,9061.38,1170.47
2003,United Arab Emirates,195.02,78.15333883,38.78,60.94,20.6,1.33,0.0,4.95,0.88,327.69,6269.56,,,,49.54,180.93
2003,United Kingdom,936.2,100.958606,11440.17,6602.15,463.79,0.0,0.0,772.57,1303.29,507.14,56.05,,,,2238.8,57.17
2003,United States,8165.48,99.18812373,199409.3,152414.95,19109.3,190.27,6536.75,200001.34,8447.55,19050.28,18265.14,,,,298658.7,2437.12
2003,United States Virgin Islands,4.31,102.9062087,2.98,3.48,3.94,0.95,0.0,0.19,1.88,0.0,0.0,,,,16.58,1.74
2003,Uruguay,34.59,102.3702694,11582.2,2786.37,452.76,0.0,0.0,738.57,285.32,1.05,3.43,,,,1861.82,84.5
2003,"Uzbekistan, Rep. of",122.26,101.4974223,3230.44,7796.97,1410.59,0.0,37.42,4412.15,67.88,2448.35,24699.34,,,,230.7,605.16
2003,Vanuatu,0.28,520.7986849,30.6,28.26,30.2,18.79,0.0,18.06,0.0,0.68,2.33,,,,933.9,166.72
2003,"Venezuela, Rep. Bolivariana de",170.26,100.5104538,18080.77,8087.37,1379.74,317.99,0.05,7579.94,1978.22,543.27,103.58,,,,51392.12,2177.37
2003,Vietnam,105.78,119.3902421,2044.47,9593.34,765.26,182.74,0.0,5972.75,59.04,6.08,18.39,,,,10823.29,3373.19
2003,Wallis and Futuna Islands,0.03,100.0,1.1,0.72,3.76,0.0,0.0,0.86,0.0,0.0,0.0,,,,4.49,3.6
2003,West Bank and Gaza,13.69,95.29064845,39.05,96.31,19.12,0.0,0.0,30.79,0.0,117.21,121.46,,,,32.45,154.11
2003,Western Sahara,1.06,86.42447419,0.5,3.46,7.2,0.0,0.0,0.0,0.0,20.0,26943.72,,,,0.21,3.46
2003,"Yemen, Rep. of",9.75,101.2959606,168.69,1635.55,110.03,0.13,0.0,1646.99,0.9,5167.11,36094.97,,,,455.23,317.44
2003,Zambia,34.62,100.6327947,3274.09,8359.65,1384.61,0.0,0.0,12968.1,2806.27,0.0,4.15,,,,46631.01,101.81
2003,Zimbabwe,32.24,98.51041917,2651.92,13166.37,439.48,0.0,0.0,11375.69,28.79,18.11,94.48,,,,11106.95,360.72
2004,"Afghanistan, Islamic Rep. of",39.09,98.7990014,24589.06,5761.72,68.67,0.0,317.57,3129.11,7.06,4069.31,25117.73,,,,1166.71,82.56
2004,Africa,,98.45229201,,,,,,,,,,326033.05,901254.65,1498290.76,,
2004,Albania,16.22,94.43929535,391.2,974.31,57.08,0.0,0.0,313.98,6.56,33.64,50.89,,,,822.62,203.97
2004,Algeria,125.48,96.42176766,815.99,8534.63,154.79,0.0,0.0,2055.93,2.05,8248.7,209377.17,,,,1502.28,914.63
2004,American Samoa,0.01,100.0,1.48,2.6,1.36,0.16,0.0,1.05,0.0,0.02,0.0,,,,8.21,5.17
2004,Americas,,98.25195111,,,,,,,,,,471841.9,304901.23,3170805.07,,
2004,"Andorra, Principality of",0.24,79.9498013,11.96,0.2,0.0,0.0,0.0,0.81,0.0,5.35,2.36,,,,26.69,0.2
2004,Angola,46.17,97.08857337,17587.29,5488.82,224.04,21.4,0.0,23222.74,714.54,41.2,2870.89,,,,74874.29,332.66
2004,Anguilla,0.07,91.55251142,4.73,0.04,1.22,0.05,0.0,0.12,0.88,0.0,0.02,,,,0.86,0.04
2004,Antigua and Barbuda,0.7,82.43902439,13.69,0.99,6.7,0.5,0.0,0.93,3.84,0.02,0.0,,,,18.42,0.25
2004,Argentina,372.4,98.33426905,15009.06,52765.53,4362.48,0.0,685.92,97055.54,9129.79,46638.83,12909.8,,,,38047.66,1659.59
2004,"Armenia, Rep. of",36.8,100.5614406,699.3,855.72,133.12,0.0,0.0,439.38,1.19,39.65,41.43,,,,625.09,94.03
2004,"Aruba, Kingdom of the Netherlands",0.16,33.31487634,2.98,0.57,0.77,0.02,0.0,11.39,0.25,1.18,0.0,,,,0.17,0.57
2004,Asia,,101.9052786,,,,,,,,,,689440.32,973583.34,1457447.0,,
2004,Australia,785.43,99.39420509,130038.61,52803.35,1450.01,2572.65,0.0,180230.43,10025.1,280929.0,36674.3,,,,75758.28,691.25
2004,Austria,170.1,98.98982492,1539.77,1652.35,69.41,0.0,34.13,310.02,13.08,116.34,200.53,,,,4207.36,79.07
2004,"Azerbaijan, Rep. of",45.92,99.26648986,973.12,3595.53,8019.52,0.0,0.0,986.29,3.29,840.57,419.5,,,,1177.49,435.21
2004,"Bahamas, The",8.18,98.67554525,159.02,11.96,272.97,79.93,0.0,38.74,251.55,3.38,0.47,,,,424.37,3.42
2004,"Bahrain, Kingdom of",15.07,95.06097561,2.08,0.52,3.77,0.01,0.0,0.21,0.09,2.18,39.67,,,,3.11,0.88
2004,Bangladesh,28.44,106.5343029,878.07,9182.22,1211.68,416.0,0.0,811.71,35.37,0.98,11.92,,,,808.5,654.02
2004,Barbados,3.71,102.7102363,4.0,24.43,0.91,0.0,0.0,1.46,0.22,0.04,0.0,,,,7.06,1.88
2004,"Belarus, Rep. of",121.42,100.5509279,1215.22,9882.06,221.24,0.0,0.0,413.49,42.54,1.03,0.09,,,,8608.15,211.96
2004,Belgium,256.68,100.0817306,623.92,1359.04,17.12,0.0,0.0,91.1,9.16,0.53,0.44,,,,670.84,34.46
2004,Belize,1.14,86.53327187,75.82,96.02,65.59,48.83,0.0,92.36,11.46,0.01,0.64,,,,1760.73,43.9
2004,Benin,21.09,108.9917119,434.01,3373.01,23.71,7.09,0.0,3447.97,2.53,0.02,0.27,,,,3946.98,339.85
2004,Bermuda,0.19,100.0,0.04,0.08,3.05,0.0,0.0,0.01,0.74,1.99,0.0,,,,0.05,0.08
2004,Bhutan,0.05,100.7154602,539.86,63.32,1.13,0.0,104.63,114.32,0.05,4.78,6.43,,,,2939.74,7.61
2004,Bolivia,67.03,98.18997248,11853.91,5366.97,1325.75,0.0,85.86,12114.95,3006.76,6909.51,8965.27,,,,59066.23,295.42
2004,Bosnia and Herzegovina,22.71,102.0487395,716.8,1198.76,24.72,0.0,0.0,256.44,6.07,3.08,1.21,,,,2772.5,113.58
2004,Botswana,18.71,97.81348462,3653.76,2881.05,41.96,0.0,0.0,45448.83,772.09,66.55,930.25,,,,4311.0,12.75
2004,Brazil,1478.85,94.01581207,69383.2,135293.54,13313.7,616.97,0.0,149378.19,13953.5,141.7,367.7,,,,438908.56,30953.54
2004,British Virgin Islands,0.73,53.57142857,1.43,0.02,3.15,1.32,0.0,0.04,2.22,0.03,0.0,,,,6.39,0.02
2004,Brunei Darussalam,1.77,99.6352276,9.78,22.7,8.91,19.22,0.0,7.14,0.0,0.22,0.0,,,,495.97,28.37
2004,Bulgaria,137.64,98.60780495,772.15,5205.72,126.78,0.0,0.0,348.65,9.94,13.49,58.15,,,,4133.14,331.54
2004,Burkina Faso,19.62,105.0452342,5834.96,16339.13,94.64,0.0,0.0,3222.06,26.44,102.86,101.21,,,,1400.7,354.25
2004,Burundi,4.35,94.4119065,482.18,1053.19,199.14,0.0,0.0,299.28,24.07,0.0,0.0,,,,235.02,406.31
2004,Cabo Verde,2.23,100.4563826,50.76,19.9,36.01,0.0,0.0,142.74,2.83,5.59,139.24,,,,8.45,1.24
2004,Cambodia,6.94,96.91676731,1201.17,6535.08,408.99,42.67,0.0,1663.35,608.18,0.28,1.81,,,,7519.28,264.94
2004,Cameroon,40.36,99.10155186,1686.96,4781.1,377.11,237.02,0.0,2494.88,175.46,0.02,1.57,,,,36045.87,1002.75
2004,Canada,786.03,99.84786267,159257.48,52418.68,103257.0,0.0,18314.8,52852.31,8387.77,106201.07,39481.57,,,,441920.63,216.5
2004,Cayman Islands,0.46,73.9974378,0.65,0.91,2.77,8.47,0.0,0.32,0.73,0.04,0.0,,,,9.54,2.27
2004,Central African Rep.,10.44,101.7235924,5014.55,908.51,92.57,0.0,0.0,4828.24,23.58,0.0,0.32,,,,51445.34,41.3
2004,Chad,16.96,97.80087185,15263.02,18310.25,368.09,0.0,0.0,14976.56,683.08,7463.84,64129.19,,,,5876.07,144.55
2004,Chile,130.77,106.3744,5077.76,2534.77,2755.47,0.0,2797.08,14500.22,49.95,11749.79,14032.0,,,,21133.51,735.08
2004,"China, P.R.: Hong Kong",12.57,103.6675581,7.9,13.5,13.79,2.28,0.0,6.3,0.33,0.05,0.0,,,,49.62,2.7
2004,"China, P.R.: Macao",0.49,89.02439024,0.15,0.24,0.23,0.01,0.0,0.03,0.03,0.01,0.0,,,,0.18,0.24
2004,"China, P.R.: Mainland",4810.74,102.2738517,289313.62,201630.12,12392.1,152.96,6286.23,23445.86,3210.27,22381.06,168963.08,,,,183755.86,20093.46
2004,Colombia,152.3,146.9483848,16968.13,6180.79,1399.81,364.48,6.7,7403.15,2434.59,550.53,24.75,,,,74982.07,4059.77
2004,"Comoros, Union of the",1.26,89.81056881,13.25,7.04,4.15,0.81,0.0,19.54,0.0,0.0,0.0,,,,113.83,5.74
2004,"Congo, Dem. Rep. of the",97.9,99.49762936,7133.57,20080.26,4371.97,249.97,0.0,7756.47,4913.03,2.53,29.54,,,,187579.78,2247.79
2004,"Congo, Rep. of",14.22,104.3850124,2077.5,2524.46,292.76,76.46,0.0,2238.14,84.8,0.04,0.08,,,,26696.7,283.36
2004,Cook Islands,0.01,174.6473817,1.27,3.08,3.52,0.0,0.0,0.86,0.08,1.23,0.0,,,,10.91,3.59
2004,Costa Rica,23.45,105.6300846,314.99,304.34,43.54,35.67,0.0,271.54,3.29,0.0,2.32,,,,3707.83,420.27
2004,"Croatia, Rep. of",56.09,101.4167264,560.93,2025.09,90.9,0.0,0.0,265.72,26.39,31.57,9.28,,,,2424.13,167.36
2004,Cuba,51.26,104.6371094,1231.56,3633.19,414.03,405.01,0.0,423.39,207.63,1.02,0.49,,,,4312.76,419.59
2004,Cyprus,17.53,91.27130849,85.04,222.58,17.02,0.0,0.0,114.51,0.66,136.83,76.43,,,,181.4,82.73
2004,Czech Rep.,256.55,99.9867685,968.06,3521.81,59.1,0.0,0.0,216.7,7.89,4.84,0.34,,,,2785.33,55.19
2004,Côte d'Ivoire,84.42,103.4875619,1303.48,5821.27,286.34,11.86,0.0,3690.96,1.66,0.0,0.0,,,,12869.79,8316.09
2004,Denmark,117.32,100.6384948,503.86,2872.7,271.37,0.0,0.0,89.26,56.82,0.93,2.11,,,,511.81,8.86
2004,Djibouti,1.27,82.85714286,68.65,1.34,24.86,0.75,0.0,24.65,93.88,41.22,1920.81,,,,1.94,0.94
2004,Dominica,0.2,77.41935484,0.19,0.04,1.29,3.15,0.0,0.03,0.0,0.26,0.0,,,,69.97,0.11
2004,Dominican Rep.,42.12,97.63572643,775.35,857.49,53.81,20.24,0.0,146.42,207.8,2.08,0.37,,,,2309.79,418.29
2004,Ecuador,61.83,125.3387971,1865.23,1323.84,331.18,201.59,12.45,3089.39,116.59,35.45,351.44,,,,17083.0,1291.7
2004,"Egypt, Arab Rep. of",136.36,108.0011298,262.26,3878.42,883.04,1.99,0.0,91.38,1104.4,1187.29,90557.64,,,,34.69,671.04
2004,El Salvador,19.22,86.90883363,55.07,278.14,48.29,42.83,0.0,45.32,1.42,0.0,1.29,,,,1466.71,127.36
2004,Emerging and Developing Countries Asia excluding China,,102.9590778,,,,,,,,,,295836.44,108485.81,590640.75,,
2004,Emerging and Developing Countries Europe,,99.4433423,,,,,,,,,,293185.75,154904.89,1499532.91,,
2004,Emerging and Developing Economies,,100.4324246,,,,,,,,,,1521914.92,2145508.62,6078919.06,,
2004,"Equatorial Guinea, Rep. of",2.37,68.42476308,28.08,80.93,18.81,40.3,0.0,15.69,0.84,0.0,0.0,,,,2392.28,137.81
2004,"Eritrea, The State of",10.13,99.94142813,2519.3,1698.57,70.82,7.92,0.0,1685.06,23.18,781.56,4936.9,,,,437.46,5.68
2004,"Estonia, Rep. of",16.08,93.56651768,373.32,931.99,245.53,0.0,0.0,136.03,187.37,2.65,0.98,,,,2600.43,26.56
2004,"Eswatini, Kingdom of",2.21,100.3940827,272.88,537.08,5.86,0.0,0.0,198.86,8.86,0.29,26.06,,,,642.03,42.24
2004,"Ethiopia, The Federal Dem. Rep. of",31.59,103.3142976,11710.31,18913.52,764.6,0.0,0.0,49691.56,254.38,442.28,7223.69,,,,23464.99,1127.41
2004,Europe,,99.32903134,,,,,,,,,,371394.79,171496.06,1731094.15,,
2004,Falkland Islands (Malvinas),0.01,339.9971824,1028.65,0.16,65.81,0.0,0.0,35.69,0.03,9.83,8.31,,,,58.05,0.16
2004,Faroe Islands,0.0,100.0072046,98.1,1.27,5.92,0.0,0.0,12.06,2.46,6.63,0.51,,,,10.58,1.27
2004,"Fiji, Rep. of",1.78,102.7860583,62.13,195.19,60.21,44.17,0.0,39.9,0.0,4.36,0.0,,,,1247.06,174.95
2004,Finland,41.22,95.91715507,729.32,2399.82,3324.52,0.0,0.0,812.99,2584.44,581.07,16.73,,,,23054.53,4.65
2004,France,1187.5,99.58750789,11351.5,24219.69,438.98,0.0,25.03,1405.75,162.62,256.82,218.12,,,,14128.06,1464.68
2004,French Polynesia,0.41,121.6324205,20.33,13.87,86.91,1.84,0.0,13.75,0.0,38.36,0.0,,,,126.38,101.73
2004,Gabon,12.95,100.064327,668.15,685.01,315.75,207.84,0.0,738.16,18.14,0.0,0.0,,,,23576.5,358.31
2004,"Gambia, The",6.41,98.81085408,48.09,586.05,93.34,140.53,0.0,122.28,4.36,0.0,1.42,,,,115.25,10.73
2004,Georgia,54.45,105.091752,948.83,1409.93,36.37,0.0,37.86,624.56,9.76,47.54,116.74,,,,3383.93,311.93
2004,Germany,1799.61,100.0194374,6369.29,14883.22,449.58,0.0,0.0,815.4,111.22,23.05,11.92,,,,10956.42,252.68
2004,Ghana,118.74,101.1276522,859.52,6453.24,697.2,25.52,0.0,3857.26,11.37,0.5,5.74,,,,8734.83,3288.5
2004,Gibraltar,0.3,94.16154522,0.06,0.03,0.02,0.0,0.0,0.07,0.02,0.0,0.0,,,,0.14,0.03
2004,Greece,110.39,105.4118477,1390.13,3399.98,363.6,0.0,0.0,3018.75,21.13,70.71,257.35,,,,3175.59,1463.97
2004,Greenland,0.06,100.0,6118.77,0.0,5544.14,0.0,175240.0,1015.41,104.35,26506.1,680.25,,,,130.92,0.0
2004,Grenada,0.56,80.96235543,1.77,0.08,1.45,0.16,0.0,0.14,0.0,0.0,0.0,,,,27.71,0.34
2004,Guadeloupe,2.62,54.31160124,9.52,21.11,5.63,3.3,0.0,2.13,3.78,0.05,0.02,,,,117.02,5.55
2004,Guam,0.01,146.3414634,48.45,0.59,1.92,0.0,0.0,0.14,0.0,0.02,0.0,,,,0.37,2.97
2004,Guatemala,43.6,122.5514887,1153.6,1214.81,134.89,36.23,0.0,696.43,20.89,0.0,2.18,,,,7159.44,509.51
2004,Guinea,23.16,97.88292581,781.35,2806.75,90.34,249.14,0.0,3470.5,1.84,0.0,1.81,,,,16332.24,695.8
2004,Guinea-Bissau,2.01,86.01034118,102.11,255.24,49.9,262.25,0.0,165.01,1.53,0.03,1.78,,,,2012.02,227.89
2004,Guyana,13.55,99.81672402,300.39,171.67,176.85,6.93,0.0,1142.41,144.97,2.78,3.62,,,,19337.68,11.5
2004,Haiti,18.16,98.51040757,1472.26,289.28,42.88,13.12,0.0,42.98,296.65,6.48,0.01,,,,446.52,90.0
2004,Holy See,0.05,100.0,0.01,0.0,0.0,0.0,0.0,0.0,0.0,0.0,0.0,,,,0.01,0.0
2004,Honduras,23.98,110.8040094,1172.34,814.83,128.58,60.96,0.0,697.6,14.45,0.09,0.4,,,,8060.08,302.65
2004,Hungary,277.6,99.88674446,1070.44,5731.66,135.51,0.0,0.0,74.55,53.22,1.52,1.05,,,,1705.1,256.79
2004,Iceland,3.16,100.0,3604.01,0.0,333.07,0.0,1102.48,75.27,722.64,2328.67,2006.96,,,,37.16,0.0
2004,India,1133.77,101.8230386,25120.07,180831.94,4857.54,336.73,783.16,21514.28,709.37,514.12,1228.62,,,,48906.02,11562.39
2004,Indonesia,950.43,105.0651685,9450.1,22596.61,4024.65,4035.58,0.0,7035.92,0.0,1677.19,0.0,,,,122938.83,17239.65
2004,"Iran, Islamic Rep. of",251.88,99.50838492,7146.11,23676.01,6351.78,1.17,0.0,6806.14,76.68,12941.44,105701.26,,,,3050.16,2200.5
2004,Iraq,87.11,100.2676949,919.96,8059.56,523.93,0.0,0.0,347.15,25.4,482.6,32690.64,,,,234.35,340.29
2004,Ireland,62.5,99.01467144,4755.96,448.84,199.53,0.0,0.0,164.96,858.69,24.87,24.06,,,,426.79,1.72
2004,Isle of Man,1.2,97.4595843,38.63,3.02,1.15,0.0,0.0,2.64,0.0,0.01,0.82,,,,6.41,3.02
2004,Israel,47.25,104.1892397,84.44,398.93,47.7,0.0,0.0,62.93,0.09,78.98,1193.46,,,,74.07,89.15
2004,Italy,769.87,102.6423679,3420.01,10974.48,414.29,0.0,42.31,1372.53,31.33,246.55,739.77,,,,8663.21,3507.32
2004,Jamaica,17.31,79.37846078,95.64,72.81,10.15,8.69,0.0,13.08,7.21,0.16,0.0,,,,818.15,60.21
2004,Japan,1083.32,99.79677195,1341.58,7418.69,956.49,2.86,0.0,886.45,76.56,7.61,4.02,,,,25087.02,567.54
2004,Jordan,25.3,96.6555936,40.14,362.56,46.51,0.0,0.0,8.92,0.06,164.37,8124.98,,,,14.99,149.19
2004,"Kazakhstan, Rep. of",226.08,98.15229905,88324.79,46170.96,18411.0,0.0,113.64,21399.94,1190.46,61470.8,37139.65,,,,9217.48,194.06
2004,Kenya,11.83,100.5506786,15234.52,11018.34,1236.71,17.8,0.0,20558.17,941.76,296.87,1986.83,,,,6418.03,909.46
2004,Kiribati,0.02,100.0,2.8,2.74,84.16,0.05,0.0,0.29,0.0,9.33,0.0,,,,1.44,43.86
2004,"Korea, Dem. People's Rep. of",53.98,99.15971664,314.59,3503.6,212.14,0.0,0.0,124.4,5.39,40.83,17.51,,,,7682.77,304.66
2004,"Korea, Rep. of",128.18,97.33464748,330.0,3500.16,258.41,0.0,0.0,149.97,6.41,61.25,38.12,,,,5069.97,387.49
2004,Kuwait,21.48,99.40443657,5.2,26.97,5.46,0.0,0.0,3.93,11.1,11.15,1647.43,,,,5.14,7.36
2004,Kyrgyz Rep.,27.4,97.92929261,8526.28,3631.25,720.81,0.0,609.51,819.42,0.0,2127.2,1847.63,,,,1430.35,195.99
2004,Lao People's Dem. Rep.,5.23,99.25941926,1420.51,2889.8,205.37,0.0,0.0,7315.99,90.69,0.0,0.0,,,,11022.09,211.83
2004,Latin America and the Caribbean,,97.33230638,,,,,,,,,,257980.19,121858.14,1651809.55,,
2004,Latvia,22.48,97.36283846,694.42,1648.13,125.44,0.0,0.0,196.03,126.19,0.1,0.1,,,,3607.68,19.6
2004,Lebanon,12.78,93.63609825,60.06,241.54,2.3,0.0,0.0,225.94,0.0,122.43,51.84,,,,47.44,251.64
2004,"Lesotho, Kingdom of",3.39,100.0252791,1399.36,699.74,7.03,0.0,0.0,757.53,0.9,0.17,0.72,,,,178.02,9.03
2004,Liberia,14.27,90.09243882,408.9,2822.84,48.58,25.61,0.0,194.53,2.42,0.0,0.0,,,,4638.43,1517.27
2004,Libya,57.88,99.15184439,126.93,1742.66,51.89,0.0,0.0,200.18,23.93,3860.37,155751.07,,,,143.8,333.6
2004,Liechtenstein,0.81,93.59936356,3.63,0.52,0.07,0.0,0.0,0.55,0.02,0.04,0.15,,,,8.65,0.52
2004,Lithuania,45.2,100.2907322,629.08,3264.65,122.28,0.0,0.0,179.86,30.58,0.6,0.88,,,,2138.71,66.25
2004,Luxembourg,11.38,100.1837389,76.46,79.43,0.75,0.0,0.0,11.24,0.0,0.05,0.0,,,,81.94,1.28
2004,"Madagascar, Rep. of",27.4,97.74755009,21954.68,3557.31,478.67,165.67,0.0,9103.63,284.67,59.57,339.9,,,,22458.97,723.52
2004,Malawi,13.36,101.8488653,645.16,5525.41,2444.46,0.0,0.0,399.61,227.89,0.33,12.83,,,,2433.09,239.43
2004,Malaysia,184.07,111.7888241,1571.63,806.95,453.23,647.24,0.0,1257.57,0.0,10.3,0.0,,,,23235.85,5029.02
2004,Maldives,0.08,42.99674267,0.33,1.24,106.26,0.02,0.0,0.65,0.0,0.86,0.18,,,,0.42,2.9
2004,Mali,19.82,98.49806481,15975.78,21149.86,390.39,0.0,0.0,8946.87,302.31,4425.5,70540.2,,,,3434.49,647.18
2004,Malta,5.18,100.371374,1.87,14.36,1.57,0.0,0.0,0.46,0.0,0.35,4.77,,,,1.5,1.6
2004,"Marshall Islands, Rep. of the",0.05,84.21052632,0.15,0.11,161.27,0.0,0.0,0.04,0.0,2.9,0.0,,,,0.13,1.81
2004,Martinique,2.34,81.95038494,3.9,7.24,3.12,1.83,0.0,2.95,0.22,0.0,0.0,,,,83.26,6.51
2004,"Mauritania, Islamic Rep. of",20.55,103.2275912,11625.79,1809.52,60.04,3.16,0.0,773.95,184.1,4348.39,85241.85,,,,273.22,40.21
2004,Mauritius,6.81,91.31893488,15.7,99.18,6.04,1.07,0.0,12.12,0.05,0.03,0.08,,,,56.47,4.56
2004,Mayotte,0.18,75.6294924,1.99,0.13,2.57,1.96,0.0,2.99,0.01,0.0,0.0,,,,28.31,0.17
2004,Mexico,778.42,99.48044356,17846.22,24859.06,1813.61,820.48,0.0,70885.68,75.47,59.62,2765.41,,,,73240.07,2809.95
2004,"Micronesia, Federated States of",3.11,99.81275468,0.9,1.75,48.84,27.2,0.0,0.25,0.0,0.4,0.0,,,,26.11,1.75
2004,Middle East and Central Asia,,92.93853763,,,,,,,,,,173595.75,1278410.01,378391.67,,
2004,"Moldova, Rep. of",156.09,98.07398728,182.07,2328.46,33.85,0.0,0.0,7.14,3.61,0.27,0.0,,,,288.6,377.11
2004,Monaco,0.2,100.0,0.07,0.21,0.0,0.0,0.0,0.03,0.0,0.0,0.0,,,,0.05,0.21
2004,Mongolia,44.57,97.51260751,32432.21,5770.72,1478.72,0.0,62.0,2746.1,371.11,34765.12,69393.75,,,,9317.13,9.82
2004,Montenegro,0.0,,0.0,0.0,0.0,0.0,0.0,0.0,0.0,0.0,0.0,,,,0.0,0.0
2004,Montserrat,0.0,96.96923638,0.21,0.31,0.54,0.12,0.0,0.21,0.99,0.43,0.0,,,,7.16,0.31
2004,Morocco,106.96,106.1718161,1090.54,7140.93,74.78,0.0,0.0,2276.47,0.18,9476.56,19091.19,,,,1550.47,722.79
2004,"Mozambique, Rep. of",35.53,98.6670221,3853.96,9291.73,1499.41,500.48,0.0,15844.51,1796.89,41.79,599.41,,,,45194.94,504.99
2004,Myanmar,54.79,103.8630778,4466.48,17193.38,1014.91,426.15,1.57,12888.41,58.4,0.58,1.09,,,,29442.86,1490.02
2004,Namibia,50.13,91.52737617,38724.66,2024.55,485.73,0.0,0.0,17747.09,145.96,3669.3,15272.06,,,,4521.56,12.42
2004,"Nauru, Rep. of",0.0,100.0,0.11,0.84,0.18,0.0,0.0,0.02,0.0,0.14,0.0,,,,0.03,0.84
2004,Nepal,15.53,103.8406504,3213.97,3035.03,30.53,0.0,488.22,548.17,2.31,10.31,187.03,,,,7097.2,171.55
2004,New Caledonia,2.26,113.1700498,66.4,183.95,29.96,57.89,0.0,118.21,0.0,106.35,0.0,,,,1200.23,102.79
2004,New Zealand,193.62,104.5205145,14177.98,471.99,687.86,21.52,108.45,2338.33,124.5,165.05,975.86,,,,7727.19,70.8
2004,Nicaragua,15.72,105.6622106,1364.02,1411.99,1038.3,93.69,0.0,941.4,37.31,0.18,2.56,,,,7814.26,197.45
2004,Niger,8.09,100.3704137,15387.21,7708.39,40.88,0.0,0.0,1271.61,203.43,12579.83,80861.09,,,,815.15,30.06
2004,Nigeria,278.48,97.29401691,7574.36,40932.01,948.09,869.71,0.0,12623.62,386.98,46.74,14.35,,,,20575.85,7212.99
2004,Niue,0.03,100.0,0.78,1.31,0.53,0.0,0.0,0.46,0.0,0.0,0.0,,,,19.7,3.66
2004,Norfolk Island,0.0,100.0,0.36,1.32,0.33,0.0,0.0,0.09,0.0,0.0,0.05,,,,0.42,1.32
2004,"North Macedonia, Republic of ",17.42,101.0142276,458.93,738.64,51.46,0.0,0.0,133.4,2.02,3.53,10.18,,,,1052.62,76.91
2004,Northern Mariana Islands,0.02,100.0,16.48,9.79,3.45,0.03,0.0,0.53,0.0,0.07,0.02,,,,7.49,9.79
2004,Norway,202.11,89.2901076,3468.06,1010.95,2249.38,0.0,3532.34,1565.63,2808.62,6568.21,3627.05,,,,13566.8,5.82
2004,Oceania,,99.35122672,,,,,,,,,,55479.32,319194.69,477827.31,,
2004,Oman,23.09,65.40930932,18.62,116.84,38.73,0.0,0.0,57.1,3.29,1814.9,28709.31,,,,41.72,173.24
2004,Pakistan,152.19,99.66431769,17544.82,24261.25,525.78,8.27,210.93,6887.26,382.47,2809.62,23420.25,,,,2372.9,588.32
2004,"Palau, Rep. of",0.05,70.95207922,1.3,0.39,4.94,4.05,0.0,1.18,0.0,0.09,0.0,,,,30.72,2.59
2004,Panama,16.07,101.0144871,448.67,1021.47,130.21,136.5,0.0,402.45,8.72,0.62,4.43,,,,5042.86,298.24
2004,Papua New Guinea,19.54,95.03320556,1030.83,931.43,728.34,645.45,0.0,733.82,0.0,427.51,1.02,,,,39331.19,2846.92
2004,Paraguay,39.79,92.3879761,3040.58,5740.49,360.88,0.0,0.0,7540.98,3023.75,2.46,0.54,,,,20198.62,170.34
2004,Peru,154.36,113.9021427,16685.81,2627.61,1509.39,4.43,299.99,10066.12,380.25,5920.28,9744.61,,,,81903.07,582.8
2004,Philippines,93.21,102.0545278,2136.3,6746.76,901.54,568.08,0.0,1411.11,0.0,153.41,0.0,,,,11384.13,6390.97
2004,Pitcairn Islands,0.0,100.0,0.21,1.96,0.44,0.0,0.0,0.0,0.0,0.36,0.0,,,,0.0,1.96
2004,"Poland, Rep. of",555.94,100.9697406,3006.59,16423.53,457.06,0.0,0.0,558.0,91.48,9.38,2.72,,,,9582.54,458.45
2004,Portugal,128.44,110.7574874,1114.79,2197.55,95.04,0.0,0.0,1289.25,14.63,9.57,32.67,,,,2886.44,1118.83
2004,Puerto Rico,70.58,88.95958787,74.75,66.95,20.54,6.27,0.0,10.16,14.47,0.03,0.03,,,,592.2,47.13
2004,Qatar,31.02,86.75432988,5.55,20.66,14.29,0.0,0.0,5.15,0.01,17.99,1051.6,,,,8.2,5.08
2004,Romania,537.9,100.5212669,2626.11,11608.16,290.56,0.0,0.0,193.46,294.49,9.06,6.84,,,,7681.74,558.6
2004,Russian Federation,2121.41,99.88292517,156478.87,157379.28,60844.4,0.0,5309.06,123274.06,82185.9,118012.5,31642.8,,,,954133.18,2332.1
2004,Rwanda,5.43,97.40561328,134.17,1311.64,161.08,0.0,0.0,214.6,82.31,0.02,0.0,,,,286.79,359.21
2004,Réunion,4.23,70.42643049,22.66,51.2,6.54,1.06,0.0,14.43,0.16,0.0,3.74,,,,141.96,6.02
2004,Saint Helena,1.4,99.16263523,9.4,0.9,2.08,0.0,0.0,1.25,0.0,18.45,3.18,,,,2.57,0.9
2004,Saint Pierre and Miquelon,0.17,94.48449722,0.61,0.0,3.15,0.0,0.0,9.89,4.67,0.1,0.29,,,,4.7,0.0
2004,Samoa,0.03,58.74394461,28.07,32.56,3.42,0.64,0.0,22.51,0.0,0.02,0.0,,,,122.54,75.97
2004,"San Marino, Rep. of",0.48,61.25789105,0.42,2.14,0.0,0.0,0.0,0.09,0.0,0.0,0.38,,,,0.46,2.14
2004,Saudi Arabia,194.75,93.54868805,183.31,2378.67,163.74,2.58,0.0,429.07,8.98,7373.73,182422.71,,,,110.19,142.04
2004,Senegal,29.85,99.69779803,2214.7,5415.96,327.17,184.31,0.0,7165.0,356.11,38.78,8.46,,,,3889.67,90.66
2004,"Serbia, Rep. of",0.0,,0.0,0.0,0.0,0.0,0.0,0.0,0.0,0.0,0.0,,,,0.0,0.0
2004,Seychelles,0.13,247.302768,3.07,4.37,11.06,7.54,0.0,2.04,0.0,0.22,0.67,,,,7.21,13.12
2004,Sierra Leone,13.86,100.4697062,575.42,3312.27,48.89,231.78,0.0,456.83,18.07,0.0,5.03,,,,2230.67,311.02
2004,Singapore,14.18,99.42836931,4.24,19.62,5.52,3.92,0.0,1.15,0.0,0.13,0.0,,,,8.31,2.8
2004,Slovak Rep.,146.88,99.19688457,387.26,1901.91,32.0,0.0,0.0,93.62,1.76,1.62,3.46,,,,2298.31,36.86
2004,"Slovenia, Rep. of",29.33,105.3645993,158.63,391.02,4.33,0.0,0.0,89.48,1.57,2.64,8.0,,,,1282.47,64.43
2004,Solomon Islands,0.8,89.03456496,4.41,6.67,100.07,135.38,0.0,2.86,0.0,0.22,0.0,,,,2568.52,23.15
2004,Somalia,32.31,99.49605494,7424.14,5067.26,86.04,1.36,0.0,37359.34,60.85,5474.7,5765.86,,,,2350.12,121.08
2004,South Africa,379.01,98.31016129,24516.72,12946.81,544.76,47.51,0.0,64811.01,267.25,9245.07,699.3,,,,8642.1,369.91
2004,"South Sudan, Rep. of",0.0,,0.0,0.0,0.0,0.0,0.0,0.0,0.0,0.0,0.0,,,,0.0,0.0
2004,Spain,346.64,101.2065155,7401.88,16200.75,421.61,0.0,0.0,6143.13,53.05,991.72,517.42,,,,12421.35,6134.52
2004,Sri Lanka,56.04,85.29226998,487.5,1349.89,184.69,19.52,0.0,1261.61,0.02,7.3,1.53,,,,1831.14,1454.88
2004,St. Kitts and Nevis,0.31,93.25396825,2.53,4.39,1.39,0.19,0.0,0.53,0.28,0.0,0.0,,,,16.76,0.02
2004,St. Lucia,0.57,74.82517483,0.97,0.5,1.38,0.64,0.0,0.8,0.09,0.05,0.0,,,,53.68,2.01
2004,St. Vincent and the Grenadines,0.41,87.7530852,1.81,0.81,12.21,0.54,0.0,0.73,0.1,0.0,0.73,,,,34.0,1.22
2004,Sub-Saharan Africa,,101.6299604,,,,,,,,,,294875.93,290505.63,1419893.82,,
2004,Sudan,0.0,,0.0,0.0,0.0,0.0,0.0,0.0,0.0,0.0,0.0,,,,0.0,0.0
2004,Suriname,10.06,97.20567904,60.98,53.94,213.06,61.76,0.0,145.05,108.09,0.0,0.0,,,,13947.48,6.11
2004,Sweden,128.68,88.78147584,2160.59,3050.9,3856.53,0.0,23.79,1203.95,3330.13,1420.7,263.17,,,,29306.93,3.34
2004,Switzerland,131.85,98.77415077,1285.71,508.73,140.86,0.0,97.64,153.15,1.75,114.06,257.47,,,,1404.1,29.17
2004,Syrian Arab Rep.,82.98,103.9891573,476.27,4259.68,127.98,0.0,0.0,231.29,0.36,861.45,11775.58,,,,258.55,778.15
2004,"São Tomé and Príncipe, Dem. Rep. of",0.83,110.9195402,0.98,1.1,2.65,1.07,0.0,0.55,0.02,0.04,0.0,,,,87.69,5.12
2004,Taiwan Province of China,76.43,92.50750048,94.99,734.5,66.04,26.76,0.0,30.09,41.94,4.21,0.0,,,,2266.09,287.2
2004,"Tajikistan, Rep. of",18.55,103.0223401,6703.92,2225.63,138.52,0.0,1085.06,653.72,5.81,536.41,2309.36,,,,260.6,283.21
2004,"Tanzania, United Rep. of",44.11,97.3064699,5513.82,20490.27,6113.12,61.27,0.0,17342.32,4446.7,95.57,240.64,,,,36496.64,3738.98
2004,Thailand,141.91,108.728654,4081.32,25035.5,887.77,343.44,0.0,5355.91,12.88,30.86,0.23,,,,10979.95,4968.8
2004,"Timor-Leste, Dem. Rep. of",4.52,107.7153948,164.23,533.82,13.28,9.55,0.0,122.9,0.0,3.14,0.0,,,,354.19,293.06
2004,Togo,14.72,98.12350226,247.1,2145.09,22.59,0.16,0.0,915.76,0.6,0.02,0.05,,,,2249.98,118.66
2004,Tokelau,0.01,100.0,0.0,0.0,1.57,0.0,0.0,0.0,0.0,0.0,0.0,,,,0.0,0.0
2004,Tonga,0.07,89.45459018,4.03,13.23,9.32,1.04,0.0,2.6,0.0,0.16,0.0,,,,29.94,9.7
2004,Trinidad and Tobago,6.71,90.50291523,24.83,39.88,7.15,2.48,0.0,14.29,1.56,0.09,0.0,,,,386.5,33.74
2004,Tunisia,69.75,104.3639458,275.25,2431.8,139.02,0.0,0.0,131.92,0.45,1507.99,8898.21,,,,304.42,1876.78
2004,Turkmenistan,16.33,97.73659702,1414.57,4046.26,9053.46,0.0,0.0,6752.81,1.57,1278.45,32818.81,,,,80.08,119.01
2004,Turks and Caicos Islands,0.1,81.23474465,7.18,0.81,6.52,3.08,0.0,1.02,16.65,0.04,0.0,,,,17.05,0.81
2004,Tuvalu,0.01,100.0,0.1,0.45,3.47,0.0,0.0,0.05,0.0,0.09,0.0,,,,0.08,0.45
2004,"Türkiye, Rep. of",398.91,103.5879841,14334.02,31857.8,1381.83,0.0,0.0,6771.02,209.04,3340.62,1599.93,,,,14706.61,3632.73
2004,Uganda,29.08,96.2836512,1693.13,7583.94,3742.44,0.0,0.0,2628.22,377.52,0.0,0.15,,,,5448.77,2804.14
2004,Ukraine,1840.14,100.2552116,4241.56,41572.79,1491.63,0.0,0.0,422.93,48.41,41.6,20.46,,,,9160.4,1157.0
2004,United Arab Emirates,195.24,77.94254923,38.81,60.03,19.27,1.45,0.0,4.94,0.88,328.06,6269.87,,,,49.67,182.01
2004,United Kingdom,976.39,100.97954,11432.88,6563.52,462.96,0.0,0.0,770.71,1300.0,506.9,55.59,,,,2253.1,55.27
2004,United States,8289.3,99.23301675,199414.9,152363.98,19085.0,190.16,6536.75,199826.92,8020.6,19085.26,18272.64,,,,299160.45,2441.21
2004,United States Virgin Islands,4.34,102.1419397,2.97,3.39,3.94,0.95,0.0,0.18,1.83,0.0,0.0,,,,16.75,1.69
2004,Uruguay,35.85,101.6890648,11573.0,2766.34,449.56,0.0,0.0,719.59,286.47,1.05,3.43,,,,1915.67,79.66
2004,"Uzbekistan, Rep. of",144.04,101.5183203,3268.88,7776.81,1387.96,0.0,37.42,4411.64,67.88,2522.19,24596.24,,,,235.67,612.47
2004,Vanuatu,0.28,176.4612889,13.09,9.39,30.14,18.81,0.0,9.16,0.0,0.68,2.33,,,,1090.03,55.89
2004,"Venezuela, Rep. Bolivariana de",173.7,101.1883029,18116.92,8139.62,1432.54,320.03,0.05,7680.53,2009.86,543.13,104.4,,,,51139.81,2150.09
2004,Vietnam,110.12,114.4728873,2053.71,9189.52,764.98,183.55,0.0,5919.0,59.47,6.08,18.44,,,,10826.86,3812.6
2004,Wallis and Futuna Islands,0.03,100.0,1.1,0.72,3.76,0.0,0.0,0.86,0.0,0.0,0.0,,,,4.49,3.6
2004,West Bank and Gaza,14.39,97.3075187,39.06,97.94,19.12,0.0,0.0,30.78,0.0,116.93,120.98,,,,32.58,152.42
2004,Western Sahara,1.09,86.99795897,0.51,3.46,7.2,0.0,0.0,0.0,0.0,20.0,26943.71,,,,0.22,3.46
2004,"Yemen, Rep. of",10.95,103.8417048,169.55,1675.7,110.03,0.13,0.0,1639.09,0.9,5173.15,36075.66,,,,458.24,293.41
2004,Zambia,35.23,100.8295892,3279.86,8375.44,1384.09,0.0,0.0,12851.45,2853.04,0.0,4.07,,,,46678.56,102.43
2004,Zimbabwe,32.47,98.86895086,2610.82,13214.17,439.33,0.0,0.0,11344.29,28.91,18.11,94.56,,,,11144.33,347.74
2005,"Afghanistan, Islamic Rep. of",40.74,99.36964878,24620.29,5793.58,68.76,0.0,317.57,3127.08,7.06,4063.64,25061.65,,,,1165.14,83.14
2005,Africa,,98.36918153,,,,,,,,,,325757.99,901066.38,1498755.49,,
2005,Albania,16.47,93.21637984,391.0,961.23,57.08,0.0,0.0,313.69,6.56,33.61,50.74,,,,823.89,216.19
2005,Algeria,133.12,96.59897111,809.28,8542.91,154.9,0.0,0.0,2053.61,2.05,8223.16,209339.04,,,,1504.65,969.05
2005,American Samoa,0.01,100.0,1.48,2.6,1.36,0.16,0.0,1.05,0.0,0.02,0.0,,,,8.21,5.17
2005,Americas,,98.14121622,,,,,,,,,,471310.04,304730.46,3171507.11,,
2005,"Andorra, Principality of",0.24,79.9498013,11.96,0.2,0.0,0.0,0.0,0.81,0.0,5.35,2.36,,,,26.69,0.2
2005,Angola,48.93,97.03571344,17569.13,5483.05,221.92,21.4,0.0,23113.47,715.16,37.87,2874.46,,,,75006.42,332.31
2005,Anguilla,0.07,91.55251142,4.73,0.04,1.22,0.05,0.0,0.12,0.88,0.0,0.02,,,,0.86,0.04
2005,Antigua and Barbuda,0.7,82.43902439,13.69,0.99,6.7,0.5,0.0,0.93,3.84,0.02,0.0,,,,18.42,0.25
2005,Argentina,382.38,98.8259375,15050.13,53021.24,4324.8,0.0,685.92,97284.29,9148.92,46644.85,12913.4,,,,37611.61,1569.07
2005,"Armenia, Rep. of",38.32,100.6673516,698.55,855.14,133.14,0.0,0.0,439.57,1.17,39.37,40.83,,,,625.65,93.97
2005,"Aruba, Kingdom of the Netherlands",0.16,33.31487634,2.98,0.57,0.77,0.02,0.0,11.39,0.25,1.18,0.0,,,,0.17,0.57
2005,Asia,,101.8010541,,,,,,,,,,688735.18,972463.63,1459271.81,,
2005,Australia,813.94,99.44893204,129792.86,52804.34,1430.06,2578.08,0.0,180019.75,10027.4,281425.0,36548.7,,,,75838.19,680.0
2005,Austria,170.48,99.05566639,1541.33,1653.18,69.41,0.0,34.13,310.81,13.08,116.43,200.55,,,,4203.73,79.02
2005,"Azerbaijan, Rep. of",51.15,99.52833928,974.38,3599.91,8018.88,0.0,0.0,986.87,3.29,841.03,416.01,,,,1172.33,432.61
2005,"Bahamas, The",8.25,99.06987383,159.33,11.97,272.67,79.91,0.0,39.11,251.52,3.38,0.47,,,,423.93,3.42
2005,"Bahrain, Kingdom of",15.21,95.80685764,2.1,0.5,3.77,0.01,0.0,0.21,0.09,2.18,39.54,,,,3.14,0.83
2005,Bangladesh,32.13,103.7563556,879.19,8938.35,1202.2,415.9,0.0,809.77,35.5,1.06,13.58,,,,807.33,903.89
2005,Barbados,3.81,102.8197355,3.97,24.36,0.91,0.0,0.0,1.46,0.21,0.04,0.0,,,,7.08,1.87
2005,"Belarus, Rep. of",123.89,100.4916235,1211.46,9873.69,221.18,0.0,0.0,410.47,42.42,0.92,0.09,,,,8622.85,210.23
2005,Belgium,257.04,100.1350012,624.26,1359.54,17.02,0.0,0.0,91.32,9.17,0.51,0.44,,,,670.12,33.87
2005,Belize,1.44,87.1036694,78.06,96.36,65.59,48.81,0.0,93.96,11.41,0.01,0.64,,,,1756.16,44.05
2005,Benin,23.33,108.8843635,434.9,3367.43,23.64,7.0,0.0,3429.28,2.56,0.02,0.27,,,,3952.84,355.27
2005,Bermuda,0.19,100.0,0.04,0.08,3.05,0.0,0.0,0.01,0.74,1.99,0.0,,,,0.05,0.08
2005,Bhutan,0.05,101.2240439,539.79,63.64,1.13,0.0,104.63,109.31,0.05,4.78,6.43,,,,2944.87,7.24
2005,Bolivia,68.85,98.49466134,11883.63,5382.01,1321.61,0.0,85.86,12100.67,3002.11,6900.96,8956.52,,,,59074.0,281.4
2005,Bosnia and Herzegovina,23.57,102.1370985,715.69,1198.96,24.66,0.0,0.0,255.66,6.12,3.07,1.19,,,,2775.84,111.12
2005,Botswana,19.6,97.72240936,3648.75,2877.46,41.96,0.0,0.0,45444.74,772.3,66.37,929.73,,,,4315.82,20.22
2005,Brazil,1530.94,93.70344619,69462.11,134786.9,13293.1,617.46,0.0,149366.03,13969.4,140.78,369.04,,,,438734.86,31518.04
2005,British Virgin Islands,0.77,56.50218992,1.42,0.02,3.13,1.32,0.0,0.04,2.22,0.03,0.0,,,,6.36,0.02
2005,Brunei Darussalam,2.55,100.737986,9.73,22.19,8.86,19.24,0.0,7.03,0.0,0.22,0.0,,,,496.5,27.74
2005,Bulgaria,139.71,98.93528628,769.65,5221.41,126.68,0.0,0.0,346.54,9.91,13.52,57.85,,,,4142.59,309.37
2005,Burkina Faso,20.5,104.8964636,5837.26,16315.07,94.38,0.0,0.0,3192.02,26.53,102.98,101.22,,,,1402.48,403.41
2005,Burundi,4.75,93.81232536,481.68,1046.07,199.14,0.0,0.0,298.34,24.03,0.0,0.0,,,,233.72,415.8
2005,Cabo Verde,2.23,100.6404183,50.77,19.94,36.01,0.0,0.0,142.76,2.83,5.64,139.08,,,,8.47,1.25
2005,Cambodia,7.28,97.75615698,1213.88,6591.4,408.97,42.62,0.0,1641.34,620.07,0.29,1.84,,,,7447.09,277.91
2005,Cameroon,42.08,99.3081858,1687.25,4789.43,375.92,238.42,0.0,2483.25,174.93,0.0,1.38,,,,36046.42,1003.99
2005,Canada,796.13,99.86264215,159138.71,52416.49,103224.0,0.0,18314.8,52817.54,8213.44,106012.09,39502.24,,,,442440.73,218.31
2005,Cayman Islands,0.47,74.53756509,0.65,0.91,2.77,8.47,0.0,0.32,0.73,0.04,0.0,,,,9.54,2.26
2005,Central African Rep.,10.66,102.300283,5015.95,913.5,92.42,0.0,0.0,4797.69,23.48,0.0,0.33,,,,51469.32,41.52
2005,Chad,17.17,97.98346831,15259.27,18344.24,367.77,0.0,0.0,14958.36,684.64,7462.52,64116.35,,,,5880.06,141.11
2005,Chile,131.42,105.2517809,5077.35,2505.99,2753.47,0.0,2797.08,14492.83,43.12,11756.65,14025.0,,,,21161.71,751.8
2005,"China, P.R.: Hong Kong",12.85,103.9363817,7.82,13.29,13.77,2.28,0.0,6.27,0.33,0.05,0.0,,,,49.73,2.66
2005,"China, P.R.: Macao",0.51,92.11081,0.15,0.25,0.2,0.01,0.0,0.03,0.03,0.01,0.0,,,,0.18,0.25
2005,"China, P.R.: Mainland",5190.45,102.1777205,289347.46,201056.41,12406.9,154.09,6286.23,23363.08,3214.03,22336.94,168710.1,,,,183790.86,20579.0
2005,Colombia,153.7,136.5657789,16976.59,5731.93,1405.47,364.85,6.7,7410.88,2431.99,545.55,24.83,,,,74984.72,4489.92
2005,"Comoros, Union of the",1.27,89.59956775,13.25,7.01,4.15,0.8,0.0,19.55,0.0,0.0,0.0,,,,113.86,5.72
2005,"Congo, Dem. Rep. of the",105.83,99.7736733,7128.81,20128.38,4364.97,250.91,0.0,7665.8,4918.63,2.57,29.81,,,,187614.71,2253.18
2005,"Congo, Rep. of",15.37,103.9237613,2071.67,2512.09,291.83,76.52,0.0,2235.12,84.87,0.02,0.08,,,,26708.7,292.22
2005,Cook Islands,0.01,166.6666667,1.27,2.94,3.52,0.0,0.0,0.86,0.08,1.23,0.0,,,,10.91,3.74
2005,Costa Rica,25.11,106.6737561,311.9,305.92,43.49,35.87,0.0,268.99,3.18,0.0,2.32,,,,3722.58,407.9
2005,"Croatia, Rep. of",56.84,101.3095195,560.49,2022.14,90.88,0.0,0.0,265.49,26.42,31.09,9.25,,,,2425.77,169.09
2005,Cuba,52.23,104.6815072,1233.3,3633.78,412.89,405.35,0.0,423.11,207.39,1.02,0.5,,,,4309.77,420.58
2005,Cyprus,19.33,92.96186084,85.26,225.23,17.02,0.0,0.0,114.39,0.66,136.74,75.4,,,,181.97,78.74
2005,Czech Rep.,256.79,100.0845545,968.61,3525.27,59.1,0.0,0.0,217.05,7.9,4.81,0.34,,,,2783.53,52.42
2005,Côte d'Ivoire,88.7,100.7508249,1304.59,5660.81,285.84,12.01,0.0,3672.93,1.66,0.0,0.0,,,,12868.1,8491.21
2005,Denmark,121.03,100.7033455,505.6,2870.91,271.23,0.0,0.0,90.17,56.89,0.93,2.11,,,,507.54,8.62
2005,Djibouti,1.28,83.1742217,68.57,1.34,24.86,0.75,0.0,24.65,93.88,42.07,1920.04,,,,1.94,0.94
2005,Dominica,0.2,77.41935484,0.19,0.04,1.29,3.15,0.0,0.03,0.0,0.26,0.0,,,,69.97,0.11
2005,Dominican Rep.,43.54,97.39350043,772.18,853.84,53.83,20.24,0.0,145.12,208.15,2.18,0.37,,,,2317.81,416.51
2005,Ecuador,61.84,127.6501831,1865.06,1349.38,329.36,201.95,12.45,3090.39,115.62,35.45,352.07,,,,17086.05,1264.01
2005,"Egypt, Arab Rep. of",145.7,92.99178178,263.5,3311.13,855.77,1.98,0.0,89.09,1106.05,1185.73,90573.17,,,,36.17,1240.22
2005,El Salvador,19.55,92.22855473,55.25,296.01,48.29,42.83,0.0,45.45,1.45,0.0,1.29,,,,1464.93,110.59
2005,Emerging and Developing Countries Asia excluding China,,102.7945111,,,,,,,,,,295363.59,108455.44,591143.99,,
2005,Emerging and Developing Countries Europe,,99.38057822,,,,,,,,,,293001.01,154718.13,1499906.44,,
2005,Emerging and Developing Economies,,100.314113,,,,,,,,,,1520122.41,2144029.47,6082192.9,,
2005,"Equatorial Guinea, Rep. of",2.62,68.62986693,27.99,80.93,18.81,40.27,0.0,15.53,0.8,0.0,0.0,,,,2392.37,137.8
2005,"Eritrea, The State of",10.13,99.96532683,2523.23,1698.98,66.47,7.92,0.0,1685.06,23.18,782.35,4936.22,,,,437.57,5.48
2005,"Estonia, Rep. of",18.1,94.87157762,375.81,943.2,245.24,0.0,0.0,136.85,187.47,2.56,1.05,,,,2593.0,17.69
2005,"Eswatini, Kingdom of",2.27,100.3978059,272.54,537.04,5.86,0.0,0.0,198.03,8.91,0.29,26.04,,,,643.15,42.24
2005,"Ethiopia, The Federal Dem. Rep. of",33.71,103.3866181,11717.63,18924.66,764.34,0.0,0.0,49667.45,254.62,423.72,7225.1,,,,23479.65,1133.44
2005,Europe,,99.27895526,,,,,,,,,,371207.89,171306.84,1731472.33,,
2005,Falkland Islands (Malvinas),0.01,140.0,1028.85,0.06,65.72,0.0,0.0,35.68,0.03,9.89,8.33,,,,58.06,0.06
2005,Faroe Islands,0.0,100.0072046,98.1,1.27,5.92,0.0,0.0,12.06,2.46,6.63,0.51,,,,10.58,1.27
2005,"Fiji, Rep. of",1.78,99.64982328,62.09,189.18,60.21,44.17,0.0,39.87,0.0,4.36,0.0,,,,1247.19,180.9
2005,Finland,41.25,96.283764,731.83,2409.12,3321.87,0.0,0.0,815.87,2577.17,580.4,17.24,,,,23049.91,4.63
2005,France,1206.89,99.60803739,11350.25,24205.57,438.63,0.0,25.03,1406.11,162.7,256.31,217.77,,,,14126.76,1462.8
2005,French Polynesia,0.41,121.6324205,20.33,13.87,86.91,1.84,0.0,13.75,0.0,38.36,0.0,,,,126.38,101.73
2005,Gabon,13.43,100.0844736,665.9,684.67,315.65,207.88,0.0,735.94,18.17,0.0,0.0,,,,23581.01,358.14
2005,"Gambia, The",6.52,98.72825668,47.99,585.45,93.57,140.99,0.0,121.86,4.33,0.0,1.42,,,,116.0,10.34
2005,Georgia,57.19,104.1021077,949.4,1393.4,36.37,0.0,37.86,624.14,9.79,47.54,116.4,,,,3383.7,326.11
2005,Germany,1802.65,100.0871607,6374.38,14891.49,449.79,0.0,0.0,817.47,111.2,22.17,11.96,,,,10943.62,247.69
2005,Ghana,125.72,100.9268007,860.22,6433.21,697.34,25.57,0.0,3832.66,11.33,0.5,5.81,,,,8750.76,3309.31
2005,Gibraltar,0.3,94.16154522,0.06,0.03,0.02,0.0,0.0,0.07,0.02,0.0,0.0,,,,0.14,0.03
2005,Greece,113.34,105.495928,1389.59,3399.83,363.67,0.0,0.0,3020.23,21.05,70.53,255.34,,,,3174.51,1463.51
2005,Greenland,0.06,100.0,6118.77,0.0,5544.14,0.0,175240.0,1015.41,104.35,26506.1,680.25,,,,130.92,0.0
2005,Grenada,0.56,83.51835836,1.77,0.1,1.45,0.16,0.0,0.14,0.0,0.0,0.0,,,,27.71,0.31
2005,Guadeloupe,2.64,56.42053899,9.52,22.01,5.63,3.3,0.0,2.13,3.77,0.05,0.02,,,,117.02,4.63
2005,Guam,0.01,146.3414634,48.45,0.59,1.92,0.0,0.0,0.14,0.0,0.02,0.0,,,,0.37,2.97
2005,Guatemala,45.2,109.7717269,1165.05,1081.98,134.89,36.24,0.0,701.71,20.65,0.0,2.18,,,,7133.7,649.96
2005,Guinea,23.76,97.97332253,781.87,2808.76,90.29,249.04,0.0,3459.04,1.75,0.0,1.82,,,,16339.76,696.81
2005,Guinea-Bissau,2.2,86.57232246,102.49,256.73,49.86,261.93,0.0,164.77,1.53,0.03,1.79,,,,2009.21,229.22
2005,Guyana,13.64,99.6389308,300.56,171.25,177.05,6.93,0.0,1141.19,144.48,2.78,3.6,,,,19339.44,11.42
2005,Haiti,19.1,101.1827235,1473.36,296.68,42.81,13.11,0.0,42.98,296.12,6.43,0.01,,,,444.67,83.07
2005,Holy See,0.05,100.0,0.01,0.0,0.0,0.0,0.0,0.0,0.0,0.0,0.0,,,,0.01,0.0
2005,Honduras,25.04,110.1540938,1174.76,808.85,128.48,60.96,0.0,701.25,14.45,0.09,0.4,,,,8053.54,308.14
2005,Hungary,277.79,99.91716298,1070.17,5733.3,135.74,0.0,0.0,74.44,53.16,1.52,1.05,,,,1704.82,255.45
2005,Iceland,3.16,100.0,3604.01,0.0,333.07,0.0,1102.48,75.27,722.64,2328.67,2006.96,,,,37.16,0.0
2005,India,1210.54,101.8293325,25107.64,180766.43,4869.3,337.79,783.16,21462.78,709.61,514.12,1230.79,,,,48907.81,11598.06
2005,Indonesia,971.28,105.2845728,9520.17,22624.94,4022.7,4037.75,0.0,7082.07,0.0,1690.77,0.0,,,,122565.57,17433.77
2005,"Iran, Islamic Rep. of",269.66,99.60464041,7156.71,23681.37,6347.51,1.17,0.0,6807.19,76.66,12839.7,105719.72,,,,3048.85,2254.55
2005,Iraq,94.4,100.5374362,917.84,8074.19,523.22,0.0,0.0,346.95,25.39,455.56,32707.93,,,,235.62,329.91
2005,Ireland,62.61,98.95851652,4754.29,448.44,199.52,0.0,0.0,165.03,859.24,24.9,24.06,,,,427.08,2.75
2005,Isle of Man,1.2,97.47671553,38.64,3.02,1.15,0.0,0.0,2.63,0.0,0.01,0.82,,,,6.4,3.02
2005,Israel,49.38,104.5114889,84.72,398.18,47.61,0.0,0.0,62.92,0.09,78.82,1191.83,,,,74.47,88.98
2005,Italy,802.88,102.2186661,3419.72,10892.99,414.0,0.0,42.31,1367.88,31.3,246.49,715.69,,,,8672.48,3575.93
2005,Jamaica,17.61,78.78022498,97.41,71.83,10.14,8.69,0.0,12.92,7.18,0.16,0.0,,,,815.74,61.72
2005,Japan,1140.89,99.7780767,1343.49,7359.55,955.81,2.86,0.0,884.98,76.5,7.29,3.87,,,,25096.59,560.41
2005,Jordan,26.23,93.48345787,40.36,348.9,46.32,0.0,0.0,8.87,0.06,164.19,8124.73,,,,15.15,162.19
2005,"Kazakhstan, Rep. of",231.08,98.15642425,88675.04,46167.91,18401.5,0.0,113.64,21397.35,1192.02,61231.2,37045.32,,,,9216.78,187.02
2005,Kenya,13.4,100.5682842,15252.32,11018.69,1236.88,17.81,0.0,20557.48,941.96,285.56,1977.36,,,,6411.97,916.83
2005,Kiribati,0.02,100.0,2.8,2.74,84.16,0.05,0.0,0.29,0.0,9.33,0.0,,,,1.44,43.86
2005,"Korea, Dem. People's Rep. of",54.36,99.59640218,313.25,3518.89,211.92,0.0,0.0,122.98,5.39,34.07,17.34,,,,7682.2,299.48
2005,"Korea, Rep. of",128.37,97.62041836,330.78,3510.63,258.34,0.0,0.0,150.7,6.44,61.64,38.24,,,,5058.09,386.75
2005,Kuwait,22.96,101.9497019,5.38,26.73,5.46,0.0,0.0,3.79,10.92,11.09,1646.15,,,,5.43,7.29
2005,Kyrgyz Rep.,31.02,97.99336288,8527.01,3630.02,720.81,0.0,609.51,819.51,0.0,2129.18,1838.47,,,,1426.74,203.55
2005,Lao People's Dem. Rep.,5.59,99.54399427,1430.11,2897.74,205.37,0.0,0.0,7336.79,90.76,0.0,0.0,,,,10980.97,214.18
2005,Latin America and the Caribbean,,97.08343167,,,,,,,,,,257320.43,121833.83,1652492.71,,
2005,Latvia,24.09,97.61942122,696.9,1650.92,125.3,0.0,0.0,197.16,126.55,0.1,0.1,,,,3599.39,19.65
2005,Lebanon,13.63,96.00067507,59.94,247.12,2.29,0.0,0.0,226.05,0.0,122.17,51.24,,,,47.13,246.43
2005,"Lesotho, Kingdom of",3.51,100.1035205,1399.69,700.17,7.03,0.0,0.0,757.49,0.9,0.17,0.72,,,,177.54,8.67
2005,Liberia,14.69,90.15264218,408.64,2824.31,48.46,25.59,0.0,194.08,2.41,0.0,0.0,,,,4636.58,1518.07
2005,Libya,59.55,99.33207518,126.92,1744.27,51.79,0.0,0.0,200.29,23.93,3858.6,155753.31,,,,140.39,333.9
2005,Liechtenstein,0.81,95.19777742,3.62,0.54,0.07,0.0,0.0,0.55,0.02,0.04,0.15,,,,8.59,0.54
2005,Lithuania,50.06,100.1996818,629.47,3256.78,122.21,0.0,0.0,179.94,30.56,0.6,0.88,,,,2139.59,67.99
2005,Luxembourg,11.38,98.81574161,76.58,78.19,0.75,0.0,0.0,11.39,0.0,0.05,0.0,,,,81.58,2.61
2005,"Madagascar, Rep. of",27.79,98.10063636,21941.34,3569.87,477.98,166.34,0.0,9081.43,285.03,59.59,339.89,,,,22490.78,713.97
2005,Malawi,14.12,102.0387315,644.09,5534.98,2442.79,0.0,0.0,396.22,229.51,0.33,12.81,,,,2441.87,224.86
2005,Malaysia,194.65,113.5327397,1586.41,811.83,452.78,648.42,0.0,1271.34,0.0,11.46,0.0,,,,23173.96,5045.01
2005,Maldives,0.08,53.09446254,0.33,1.55,106.26,0.02,0.0,0.65,0.0,0.86,0.18,,,,0.42,2.59
2005,Mali,20.5,98.85994306,15993.5,21226.96,390.15,0.0,0.0,8945.48,302.39,4422.11,70526.1,,,,3436.96,568.27
2005,Malta,5.33,99.11850288,1.88,13.96,1.57,0.0,0.0,0.45,0.0,0.35,4.71,,,,1.53,1.87
2005,"Marshall Islands, Rep. of the",0.05,84.21052632,0.15,0.11,161.27,0.0,0.0,0.04,0.0,2.9,0.0,,,,0.13,1.81
2005,Martinique,2.35,85.4499835,3.9,7.64,3.12,1.83,0.0,2.95,0.22,0.0,0.0,,,,83.26,6.11
2005,"Mauritania, Islamic Rep. of",20.62,103.2117084,11612.09,1809.17,60.04,3.16,0.0,773.47,184.1,4376.68,85228.72,,,,272.62,40.2
2005,Mauritius,7.18,91.25410917,15.61,98.74,5.98,1.09,0.0,12.05,0.05,0.03,0.08,,,,56.66,4.65
2005,Mayotte,0.18,78.02841817,1.97,0.14,2.57,1.96,0.0,2.96,0.01,0.0,0.0,,,,28.4,0.14
2005,Mexico,803.15,99.70424249,17851.78,24892.01,1825.92,820.53,0.0,70825.51,70.01,59.53,2762.94,,,,73257.03,2785.61
2005,"Micronesia, Federated States of",3.11,99.81275468,0.9,1.75,48.84,27.2,0.0,0.25,0.0,0.4,0.0,,,,26.11,1.75
2005,Middle East and Central Asia,,92.62487166,,,,,,,,,,173009.89,1277629.07,379758.71,,
2005,"Moldova, Rep. of",156.11,97.85411966,182.08,2322.87,33.8,0.0,0.0,7.14,3.62,0.27,0.0,,,,288.6,382.71
2005,Monaco,0.2,100.0,0.07,0.21,0.0,0.0,0.0,0.03,0.0,0.0,0.0,,,,0.05,0.21
2005,Mongolia,44.61,97.73910994,32492.47,5784.19,1478.05,0.0,62.0,2751.99,371.14,34736.52,69369.51,,,,9290.97,9.86
2005,Montenegro,0.0,,0.0,0.0,0.0,0.0,0.0,0.0,0.0,0.0,0.0,,,,0.0,0.0
2005,Montserrat,0.0,96.96923638,0.21,0.31,0.54,0.12,0.0,0.21,0.99,0.43,0.0,,,,7.16,0.31
2005,Morocco,110.33,105.8538448,1088.14,7115.85,74.8,0.0,0.0,2276.0,0.18,9487.1,19069.0,,,,1549.85,759.6
2005,"Mozambique, Rep. of",37.32,99.12138037,3854.23,9332.9,1497.7,501.27,0.0,15819.47,1797.6,41.81,600.15,,,,45214.61,466.65
2005,Myanmar,56.84,103.7483956,4474.39,17172.28,1016.27,426.75,1.57,12880.35,58.59,0.6,1.12,,,,29420.25,1529.61
2005,Namibia,50.91,91.53712608,38789.31,2023.99,485.73,0.0,0.0,17743.34,145.13,3594.15,15271.35,,,,4534.59,14.92
2005,"Nauru, Rep. of",0.0,100.0,0.11,0.84,0.18,0.0,0.0,0.02,0.0,0.14,0.0,,,,0.03,0.84
2005,Nepal,16.12,103.6224549,3212.24,3028.03,30.53,0.0,488.22,539.38,2.31,10.31,186.77,,,,7109.3,176.64
2005,New Caledonia,2.31,111.5844067,65.69,181.29,29.93,57.94,0.0,115.56,0.0,106.84,0.0,,,,1207.16,101.31
2005,New Zealand,195.64,104.3133895,14174.74,468.65,687.44,21.62,108.45,2337.75,124.55,165.32,975.85,,,,7733.63,69.47
2005,Nicaragua,16.01,104.9296109,1368.69,1401.8,1038.18,93.76,0.0,944.41,37.36,0.18,2.55,,,,7804.81,209.12
2005,Niger,8.28,100.3381556,15404.1,7705.72,40.88,0.0,0.0,1271.1,203.43,12727.42,80697.41,,,,814.66,32.74
2005,Nigeria,298.95,97.34378477,7557.53,40932.62,945.08,870.58,0.0,12517.89,387.82,47.9,14.34,,,,20569.23,7321.24
2005,Niue,0.03,100.0,0.78,1.31,0.53,0.0,0.0,0.46,0.0,0.0,0.0,,,,19.7,3.66
2005,Norfolk Island,0.0,100.0,0.36,1.32,0.33,0.0,0.0,0.09,0.0,0.0,0.05,,,,0.42,1.32
2005,"North Macedonia, Republic of ",17.71,102.3140849,457.32,748.07,51.55,0.0,0.0,132.11,2.0,3.55,9.97,,,,1057.68,65.12
2005,Northern Mariana Islands,0.02,100.0,16.48,9.79,3.45,0.03,0.0,0.53,0.0,0.07,0.02,,,,7.49,9.79
2005,Norway,210.86,90.41924404,3473.16,1017.54,2246.52,0.0,3532.34,1568.26,2808.3,6564.97,3628.85,,,,13548.27,5.9
2005,Oceania,,99.41913733,,,,,,,,,,55517.23,319569.19,477414.71,,
2005,Oman,23.32,69.31726759,18.62,124.97,38.73,0.0,0.0,57.04,3.29,1815.21,28708.8,,,,41.66,165.14
2005,Pakistan,164.49,99.61434323,17789.42,24236.73,526.62,8.28,210.93,6886.48,382.43,2804.53,23140.58,,,,2374.99,638.65
2005,"Palau, Rep. of",0.05,70.95207922,1.3,0.39,4.94,4.05,0.0,1.18,0.0,0.09,0.0,,,,30.72,2.59
2005,Panama,16.51,101.089454,449.42,1021.8,130.21,136.5,0.0,403.26,8.74,0.62,4.42,,,,5040.42,298.34
2005,Papua New Guinea,19.62,96.83913853,1024.33,949.42,728.24,646.83,0.0,722.79,0.0,431.35,1.02,,,,39391.37,2781.01
2005,Paraguay,41.72,93.50456976,3069.98,5808.42,360.97,0.0,0.0,7627.8,3020.83,2.46,0.54,,,,20017.84,167.87
2005,Peru,154.89,112.3971653,16689.83,2590.32,1501.52,4.43,299.99,10062.67,382.09,5907.02,9749.22,,,,81934.22,602.42
2005,Philippines,96.25,100.9104717,2135.81,6667.04,900.52,568.97,0.0,1409.06,0.0,153.57,0.0,,,,11393.72,6460.56
2005,Pitcairn Islands,0.0,100.0,0.21,1.96,0.44,0.0,0.0,0.0,0.0,0.36,0.0,,,,0.0,1.96
2005,"Poland, Rep. of",557.46,100.6687248,3006.62,16371.39,456.86,0.0,0.0,557.98,91.61,9.35,2.72,,,,9581.99,509.71
2005,Portugal,136.49,106.5106155,1118.06,2100.31,95.06,0.0,0.0,1295.56,14.6,9.43,32.23,,,,2879.73,1205.73
2005,Puerto Rico,72.18,88.15104076,74.23,64.1,20.51,6.27,0.0,9.88,14.42,0.03,0.03,,,,594.59,46.87
2005,Qatar,31.83,88.91906392,5.65,21.14,14.28,0.0,0.0,5.09,0.01,17.75,1050.87,,,,8.36,4.58
2005,Romania,543.29,99.68368992,2621.14,11501.57,289.37,0.0,0.0,189.69,295.52,8.99,6.87,,,,7697.65,652.84
2005,Russian Federation,2178.81,99.89174069,156459.79,157336.14,60779.1,0.0,5309.06,123461.8,82137.4,117870.4,31634.82,,,,954222.65,2325.53
2005,Rwanda,5.95,97.47255541,134.11,1312.02,161.06,0.0,0.0,213.77,82.41,0.02,0.01,,,,287.54,358.35
2005,Réunion,4.88,72.85317561,22.56,52.46,6.53,0.99,0.0,14.21,0.15,0.0,3.72,,,,142.0,4.5
2005,Saint Helena,1.4,99.16263523,9.4,0.9,2.08,0.0,0.0,1.25,0.0,18.45,3.18,,,,2.57,0.9
2005,Saint Pierre and Miquelon,0.17,94.48449722,0.61,0.0,3.15,0.0,0.0,9.89,4.67,0.1,0.29,,,,4.7,0.0
2005,Samoa,0.03,56.68709445,28.07,31.42,3.42,0.64,0.0,22.51,0.0,0.02,0.0,,,,122.54,77.12
2005,"San Marino, Rep. of",0.49,61.59250585,0.42,2.14,0.0,0.0,0.0,0.09,0.0,0.0,0.36,,,,0.46,2.14
2005,Saudi Arabia,198.71,93.48240092,175.03,2372.88,163.65,2.64,0.0,426.39,8.96,7350.12,182454.74,,,,109.04,147.12
2005,Senegal,31.1,99.82673168,2208.12,5421.75,326.5,185.33,0.0,7147.49,356.09,38.5,8.43,,,,3910.63,86.72
2005,"Serbia, Rep. of",0.0,,0.0,0.0,0.0,0.0,0.0,0.0,0.0,0.0,0.0,,,,0.0,0.0
2005,Seychelles,0.13,247.302768,3.07,4.37,11.06,7.54,0.0,2.04,0.0,0.22,0.67,,,,7.21,13.12
2005,Sierra Leone,14.77,100.4018817,574.87,3309.11,48.87,231.73,0.0,456.13,18.11,0.0,5.03,,,,2230.49,314.72
2005,Singapore,15.39,99.39516565,4.33,18.41,5.45,3.72,0.0,1.14,0.0,0.11,0.0,,,,8.55,2.79
2005,Slovak Rep.,146.96,99.27995987,390.33,1903.55,32.0,0.0,0.0,93.82,1.84,1.65,3.46,,,,2294.5,35.58
2005,"Slovenia, Rep. of",29.56,105.8904625,158.67,392.89,4.32,0.0,0.0,89.53,1.57,2.64,8.01,,,,1282.21,62.51
2005,Solomon Islands,0.8,86.76996424,4.42,6.48,99.84,135.49,0.0,2.86,0.0,0.22,0.0,,,,2568.57,23.4
2005,Somalia,32.59,99.59155589,7402.62,5071.87,86.04,1.36,0.0,37354.35,60.85,5493.34,5772.67,,,,2347.43,119.88
2005,South Africa,397.26,98.47412112,24516.17,12950.79,544.2,47.67,0.0,64801.0,266.84,9241.75,701.69,,,,8628.6,373.53
2005,"South Sudan, Rep. of",0.0,,0.0,0.0,0.0,0.0,0.0,0.0,0.0,0.0,0.0,,,,0.0,0.0
2005,Spain,367.54,100.9987069,7400.23,16145.86,421.06,0.0,0.0,6139.12,53.22,989.7,515.12,,,,12434.67,6165.51
2005,Sri Lanka,58.71,93.88590322,487.65,1488.87,184.64,19.55,0.0,1260.59,0.02,7.3,1.53,,,,1832.33,1312.91
2005,St. Kitts and Nevis,0.32,93.21865816,2.52,4.38,1.39,0.19,0.0,0.52,0.22,0.0,0.0,,,,16.84,0.03
2005,St. Lucia,0.57,79.02097902,0.97,0.56,1.38,0.64,0.0,0.8,0.09,0.05,0.0,,,,53.68,1.95
2005,St. Vincent and the Grenadines,0.41,87.7530852,1.81,0.81,12.21,0.54,0.0,0.73,0.1,0.0,0.73,,,,34.0,1.22
2005,Sub-Saharan Africa,,101.7349453,,,,,,,,,,295180.63,290345.96,1419749.4,,
2005,Sudan,0.0,,0.0,0.0,0.0,0.0,0.0,0.0,0.0,0.0,0.0,,,,0.0,0.0
2005,Suriname,10.19,96.49175877,61.12,53.34,211.92,62.54,0.0,145.14,107.65,0.0,0.0,,,,13948.11,6.53
2005,Sweden,133.91,90.54882155,2170.77,3108.97,3851.44,0.0,23.79,1211.57,3322.44,1419.14,263.81,,,,29239.58,3.36
2005,Switzerland,132.64,98.94839098,1286.36,509.07,140.84,0.0,97.64,153.37,1.74,114.13,257.34,,,,1402.02,29.34
2005,Syrian Arab Rep.,84.58,103.3710371,476.64,4232.26,127.92,0.0,0.0,231.82,0.36,847.01,11790.89,,,,257.78,803.0
2005,"São Tomé and Príncipe, Dem. Rep. of",0.83,112.6436782,0.98,1.13,2.62,1.07,0.0,0.55,0.02,0.04,0.0,,,,87.72,5.09
2005,Taiwan Province of China,81.14,93.27662856,95.46,736.53,65.8,26.78,0.0,30.01,41.6,4.28,0.0,,,,2265.71,280.93
2005,"Tajikistan, Rep. of",20.4,100.7508889,6702.56,2174.3,138.52,0.0,1085.06,653.73,5.81,537.84,2305.6,,,,260.92,336.05
2005,"Tanzania, United Rep. of",47.4,98.26440923,5502.36,20689.11,6109.55,61.25,0.0,17315.14,4453.15,95.67,241.88,,,,36510.42,3557.41
2005,Thailand,157.0,108.5181506,4081.71,24971.68,884.96,344.65,0.0,5346.36,12.94,30.84,0.22,,,,10986.08,5022.16
2005,"Timor-Leste, Dem. Rep. of",4.54,107.695386,164.39,533.7,13.28,9.55,0.0,122.24,0.0,3.16,0.0,,,,353.84,293.99
2005,Togo,15.43,97.48700634,247.2,2130.37,22.59,0.16,0.0,908.38,0.6,0.02,0.05,,,,2255.1,134.83
2005,Tokelau,0.01,100.0,0.0,0.0,1.57,0.0,0.0,0.0,0.0,0.0,0.0,,,,0.0,0.0
2005,Tonga,0.07,89.45459018,4.03,13.23,9.32,1.04,0.0,2.6,0.0,0.16,0.0,,,,29.94,9.7
2005,Trinidad and Tobago,8.04,90.46231546,24.6,38.53,7.15,2.48,0.0,14.15,1.53,0.09,0.0,,,,386.76,33.91
2005,Tunisia,71.9,103.3659442,275.3,2405.73,139.03,0.0,0.0,131.79,0.45,1491.36,8906.43,,,,304.88,1908.73
2005,Turkmenistan,19.1,97.89970827,1413.18,4050.27,9055.31,0.0,0.0,6752.03,1.58,1280.34,32810.61,,,,79.8,119.13
2005,Turks and Caicos Islands,0.1,81.23474465,7.18,0.81,6.52,3.08,0.0,1.02,16.65,0.04,0.0,,,,17.05,0.81
2005,Tuvalu,0.01,100.0,0.1,0.45,3.47,0.0,0.0,0.05,0.0,0.09,0.0,,,,0.08,0.45
2005,"Türkiye, Rep. of",414.56,103.4463347,14325.85,31798.07,1380.54,0.0,0.0,6780.39,209.28,3318.15,1589.16,,,,14712.36,3704.22
2005,Uganda,31.12,96.32374294,1692.83,7585.07,3742.82,0.0,0.0,2621.75,377.0,0.0,0.15,,,,5452.09,2804.56
2005,Ukraine,1842.39,100.2390988,4237.09,41563.57,1489.62,0.0,0.0,418.82,48.81,39.53,20.45,,,,9182.68,1153.97
2005,United Arab Emirates,195.43,79.20685255,38.82,63.98,19.1,1.45,0.0,4.94,0.88,326.8,6271.23,,,,49.76,177.82
2005,United Kingdom,978.51,100.8798572,11443.07,6553.96,462.6,0.0,0.0,769.61,1299.68,506.78,55.49,,,,2253.86,53.77
2005,United States,8533.05,99.30713375,199379.36,152240.17,19081.2,190.17,6536.75,199743.5,7955.1,19100.51,18279.24,,,,299175.65,2472.17
2005,United States Virgin Islands,4.39,102.6989838,2.97,3.38,3.94,0.94,0.0,0.18,1.82,0.0,0.0,,,,16.72,1.69
2005,Uruguay,37.03,101.4414591,11566.6,2758.34,449.3,0.0,0.0,711.82,286.63,1.04,3.43,,,,1937.19,79.26
2005,"Uzbekistan, Rep. of",158.79,101.3144533,3277.23,7746.15,1354.3,0.0,37.42,4410.09,67.88,2533.8,24620.04,,,,236.43,619.05
2005,Vanuatu,0.28,160.7690379,12.41,8.53,30.19,18.83,0.0,8.82,0.0,0.68,2.33,,,,1096.09,51.63
2005,"Venezuela, Rep. Bolivariana de",178.59,101.1483903,18113.38,8131.45,1432.3,320.67,0.05,7677.74,2011.04,541.85,104.25,,,,51155.47,2143.88
2005,Vietnam,117.92,109.6908128,2063.27,8793.23,763.43,183.3,0.0,5911.33,59.49,6.08,18.44,,,,10803.97,4223.87
2005,Wallis and Futuna Islands,0.03,100.0,1.1,0.72,3.76,0.0,0.0,0.86,0.0,0.0,0.0,,,,4.49,3.6
2005,West Bank and Gaza,15.32,99.13533731,39.16,99.12,19.12,0.0,0.0,30.78,0.0,116.46,120.58,,,,32.77,150.89
2005,Western Sahara,1.15,87.9542739,0.52,3.45,7.2,0.0,0.0,0.0,0.0,20.0,26943.56,,,,0.23,3.45
2005,"Yemen, Rep. of",12.1,103.9495152,168.57,1676.3,110.03,0.13,0.0,1627.18,0.9,5181.67,36068.34,,,,454.17,307.39
2005,Zambia,41.82,100.6953336,3270.35,8357.66,1384.67,0.0,0.0,12791.67,2854.29,0.0,3.89,,,,46752.63,107.27
2005,Zimbabwe,35.03,99.0594003,2601.01,13237.12,438.79,0.0,0.0,11345.1,29.21,18.16,94.71,,,,11136.17,339.41
2006,"Afghanistan, Islamic Rep. of",42.38,99.30579453,24634.48,5788.19,68.93,0.0,317.57,3123.45,7.06,4063.76,25054.46,,,,1162.21,86.15
2006,Africa,,98.48417207,,,,,,,,,,326138.59,900877.32,1498562.27,,
2006,Albania,16.75,94.37193116,389.97,973.07,57.08,0.0,0.0,312.84,6.53,33.47,50.68,,,,828.46,201.61
2006,Algeria,138.87,96.14300173,807.88,8496.19,154.68,0.0,0.0,2053.19,2.12,8242.53,209281.87,,,,1521.24,1032.74
2006,American Samoa,0.01,100.0,1.48,2.6,1.36,0.16,0.0,1.05,0.0,0.02,0.0,,,,8.21,5.17
2006,Americas,,98.08911683,,,,,,,,,,471059.99,304597.42,3171891.46,,
2006,"Andorra, Principality of",0.24,79.9665272,11.96,0.2,0.0,0.0,0.0,0.81,0.0,5.35,2.36,,,,26.68,0.2
2006,Angola,50.98,97.64458021,17554.57,5515.71,221.87,21.44,0.0,23082.5,715.75,36.93,2879.29,,,,75010.76,334.29
2006,Anguilla,0.07,91.55251142,4.73,0.04,1.22,0.05,0.0,0.12,0.88,0.0,0.02,,,,0.86,0.04
2006,Antigua and Barbuda,0.74,83.90243902,13.65,0.98,6.7,0.5,0.0,0.93,3.84,0.02,0.0,,,,18.43,0.25
2006,Argentina,396.53,99.1428153,15060.86,53178.34,4250.41,0.0,685.92,97479.36,9189.12,46687.94,12918.7,,,,37295.0,1494.51
2006,"Armenia, Rep. of",39.16,100.5588481,697.57,853.34,133.14,0.0,0.0,439.89,1.17,39.22,40.59,,,,625.55,96.09
2006,"Aruba, Kingdom of the Netherlands",0.17,33.78995434,2.98,0.57,0.77,0.02,0.0,11.37,0.25,1.18,0.0,,,,0.17,0.57
2006,Asia,,101.5731329,,,,,,,,,,687193.41,971730.58,1461547.68,,
2006,Australia,828.98,99.3500131,129589.9,52735.93,1413.35,2589.95,0.0,179813.68,10029.4,281802.0,36474.6,,,,75946.46,733.53
2006,Austria,171.01,98.8991157,1541.43,1649.77,69.41,0.0,34.13,311.18,13.07,116.47,200.32,,,,4203.91,81.46
2006,"Azerbaijan, Rep. of",53.83,99.61917587,974.74,3600.56,8017.32,0.0,0.0,987.5,3.36,841.19,414.16,,,,1171.44,432.35
2006,"Bahamas, The",8.4,99.80481355,159.49,11.97,271.44,79.97,0.0,39.5,250.49,3.39,0.47,,,,425.42,3.42
2006,"Bahrain, Kingdom of",15.28,96.26624513,2.11,0.51,3.77,0.01,0.0,0.21,0.09,2.18,39.47,,,,3.16,0.81
2006,Bangladesh,35.75,103.816848,880.41,8939.96,1193.47,416.32,0.0,810.11,35.73,1.12,16.02,,,,802.4,907.61
2006,Barbados,4.14,102.9162802,3.97,24.05,0.91,0.0,0.0,1.45,0.16,0.04,0.0,,,,7.13,1.85
2006,"Belarus, Rep. of",125.18,100.3267773,1207.3,9856.0,221.09,0.0,0.0,407.46,42.18,0.91,0.09,,,,8641.72,215.27
2006,Belgium,257.39,100.1644411,625.73,1359.66,16.94,0.0,0.0,92.26,9.18,0.5,0.44,,,,667.27,33.91
2006,Belize,1.59,87.37125634,78.74,96.51,65.58,48.8,0.0,94.46,11.32,0.01,0.64,,,,1754.71,44.12
2006,Benin,24.93,108.0640862,435.44,3340.28,23.63,6.88,0.0,3420.07,2.58,0.02,0.27,,,,3954.95,387.47
2006,Bermuda,0.19,100.0,0.04,0.08,3.05,0.0,0.0,0.01,0.74,1.99,0.0,,,,0.05,0.08
2006,Bhutan,0.06,100.3496503,539.8,63.08,1.13,0.0,104.63,107.55,0.05,4.78,6.43,,,,2946.62,7.8
2006,Bolivia,70.75,98.16755723,11890.59,5362.01,1320.67,0.0,85.86,12099.96,2993.05,6914.33,8941.92,,,,59093.31,285.22
2006,Bosnia and Herzegovina,24.45,101.809162,713.39,1194.15,24.59,0.0,0.0,254.65,6.12,3.05,1.16,,,,2782.68,111.62
2006,Botswana,20.5,97.4847191,3639.08,2869.51,41.96,0.0,0.0,45423.67,772.46,66.27,929.32,,,,4345.56,28.55
2006,Brazil,1577.55,93.3733049,69547.39,134260.16,13272.5,619.3,0.0,149493.48,13988.5,141.16,369.26,,,,438463.56,32056.76
2006,British Virgin Islands,0.78,57.21740751,1.42,0.02,3.13,1.32,0.0,0.04,2.22,0.03,0.0,,,,6.35,0.02
2006,Brunei Darussalam,2.8,101.0213162,9.72,22.01,8.77,19.28,0.0,7.02,0.0,0.22,0.0,,,,496.74,27.51
2006,Bulgaria,141.86,98.95484091,766.86,5220.31,126.59,0.0,0.0,344.64,9.92,13.5,57.64,,,,4152.54,303.35
2006,Burkina Faso,21.44,104.7914865,5832.03,16297.77,94.25,0.0,0.0,3171.56,26.6,108.21,103.4,,,,1403.87,436.7
2006,Burundi,5.2,91.94557775,481.13,1024.71,199.16,0.0,0.0,297.82,24.05,0.0,0.0,,,,234.95,436.51
2006,Cabo Verde,2.23,100.6858132,51.09,19.95,36.01,0.0,0.0,142.77,2.83,5.68,138.7,,,,8.47,1.25
2006,Cambodia,7.84,98.24731154,1221.29,6623.99,409.01,42.55,0.0,1631.35,629.85,0.27,1.84,,,,7407.2,277.49
2006,Cameroon,43.2,99.46517799,1686.17,4795.95,368.42,241.89,0.0,2464.83,177.17,0.0,1.43,,,,36058.67,1005.36
2006,Canada,807.49,99.84910979,159113.8,52397.93,103262.0,0.0,18314.8,52869.08,8072.22,105790.09,39516.13,,,,442730.18,220.96
2006,Cayman Islands,0.48,75.10640277,0.65,0.91,2.77,8.46,0.0,0.32,0.72,0.04,0.0,,,,9.54,2.26
2006,Central African Rep.,10.81,102.6235301,5012.52,916.27,92.38,0.0,0.0,4754.81,23.28,0.0,0.33,,,,51515.26,39.2
2006,Chad,17.36,98.07684725,15219.96,18361.55,365.19,0.0,0.0,14935.09,686.36,7492.55,64125.85,,,,5886.35,141.24
2006,Chile,136.53,102.5477471,5076.82,2433.12,2748.61,0.0,2797.08,14471.93,40.22,11766.84,14015.3,,,,21198.87,811.04
2006,"China, P.R.: Hong Kong",13.07,101.6699801,7.87,12.5,13.72,2.29,0.0,6.17,0.33,0.05,0.0,,,,49.92,3.13
2006,"China, P.R.: Macao",0.52,93.26219512,0.15,0.24,0.2,0.01,0.0,0.03,0.03,0.0,0.0,,,,0.18,0.24
2006,"China, P.R.: Mainland",5582.68,102.1438622,289405.67,200595.83,12429.5,157.3,6286.23,23323.67,3223.27,22376.76,168365.48,,,,183801.17,20887.96
2006,Colombia,157.17,137.5189687,16979.36,5769.54,1414.15,367.09,6.7,7416.09,2426.74,540.58,24.84,,,,74987.9,4436.97
2006,"Comoros, Union of the",1.33,90.68168814,13.36,7.05,4.15,0.74,0.0,19.67,0.0,0.0,0.0,,,,113.57,5.74
2006,"Congo, Dem. Rep. of the",110.77,100.0020649,7107.24,20169.72,4361.85,251.92,0.0,7576.2,4919.15,2.47,30.11,,,,187675.93,2257.8
2006,"Congo, Rep. of",16.35,103.3247041,2065.37,2496.54,291.82,76.43,0.0,2233.46,85.05,0.02,0.08,,,,26717.66,305.7
2006,Cook Islands,0.01,157.6913252,1.27,2.78,3.52,0.0,0.0,0.86,0.08,1.23,0.0,,,,10.91,3.89
2006,Costa Rica,26.28,103.1423203,309.95,293.79,43.08,36.02,0.0,267.26,3.32,0.0,2.33,,,,3732.51,412.7
2006,"Croatia, Rep. of",57.3,101.0626351,560.3,2016.61,90.82,0.0,0.0,265.46,26.44,30.91,9.25,,,,2426.4,173.96
2006,Cuba,53.26,104.5094993,1231.53,3626.69,412.26,405.63,0.0,422.28,206.64,1.02,0.5,,,,4313.96,426.14
2006,Cyprus,20.14,92.6777632,85.62,223.67,17.01,0.0,0.0,114.64,0.66,136.71,74.81,,,,181.73,79.74
2006,Czech Rep.,257.01,100.0545138,968.27,3523.91,59.08,0.0,0.0,217.27,7.9,4.81,0.34,,,,2784.95,52.27
2006,Côte d'Ivoire,92.13,99.58647959,1307.3,5590.94,285.63,12.08,0.0,3668.06,1.66,0.0,0.0,,,,12841.99,8586.09
2006,Denmark,122.64,100.7552885,506.06,2870.85,270.89,0.0,0.0,90.39,57.03,0.93,2.12,,,,506.79,7.34
2006,Djibouti,1.31,88.57142857,68.38,1.48,24.82,0.75,0.0,24.67,93.88,45.11,1917.16,,,,1.95,0.8
2006,Dominica,0.21,80.64516129,0.19,0.04,1.29,3.15,0.0,0.03,0.0,0.26,0.0,,,,69.96,0.11
2006,Dominican Rep.,44.78,97.06553617,769.56,849.58,54.54,20.21,0.0,144.48,207.53,2.13,0.37,,,,2326.17,414.43
2006,Ecuador,62.46,124.5459544,1863.31,1314.44,328.33,202.6,12.45,3089.23,115.55,35.45,352.1,,,,17094.56,1293.12
2006,"Egypt, Arab Rep. of",154.17,94.37367062,264.41,3354.03,829.81,1.96,0.0,87.52,1106.54,1185.12,90592.36,,,,37.77,1194.83
2006,El Salvador,19.9,91.43986558,55.09,292.96,48.17,42.96,0.0,45.25,1.42,0.0,1.29,,,,1465.09,113.5
2006,Emerging and Developing Countries Asia excluding China,,102.3940621,,,,,,,,,,294212.94,108426.77,592323.23,,
2006,Emerging and Developing Countries Europe,,100.2876785,,,,,,,,,,297228.13,154435.52,1506189.9,,
2006,Emerging and Developing Economies,,100.4070418,,,,,,,,,,1523127.41,2142882.11,6090563.7,,
2006,"Equatorial Guinea, Rep. of",2.79,75.88302941,27.66,89.59,18.81,40.23,0.0,15.15,0.79,0.0,0.0,,,,2393.18,128.92
2006,"Eritrea, The State of",10.15,100.0076037,2523.63,1699.68,65.59,7.95,0.0,1684.54,23.2,783.58,4935.58,,,,437.6,5.07
2006,"Estonia, Rep. of",18.66,95.42269506,377.48,948.22,244.94,0.0,0.0,137.8,187.92,2.54,1.05,,,,2587.25,15.09
2006,"Eswatini, Kingdom of",2.32,100.2308394,272.4,536.09,5.86,0.0,0.0,196.59,8.91,0.29,26.01,,,,645.49,42.4
2006,"Ethiopia, The Federal Dem. Rep. of",35.18,103.2540108,11715.26,18898.87,762.98,0.0,0.0,49617.18,255.28,408.97,7236.15,,,,23533.35,1161.08
2006,Europe,,99.99718266,,,,,,,,,,375575.05,171027.77,1737612.07,,
2006,Falkland Islands (Malvinas),0.01,80.00066298,1029.09,0.03,65.64,0.0,0.0,35.69,0.11,9.89,8.33,,,,57.86,0.03
2006,Faroe Islands,0.0,100.0072046,98.1,1.27,5.92,0.0,0.0,12.06,2.46,6.63,0.51,,,,10.58,1.27
2006,"Fiji, Rep. of",1.83,96.20623076,62.01,182.53,60.17,44.22,0.0,39.82,0.0,4.36,0.0,,,,1247.76,187.04
2006,Finland,41.26,96.52146128,735.56,2415.16,3321.8,0.0,0.0,821.18,2564.46,578.86,17.96,,,,23048.47,4.59
2006,France,1221.27,99.63182394,11356.76,24197.24,438.07,0.0,25.03,1406.6,162.54,256.02,217.69,,,,14130.66,1446.9
2006,French Polynesia,0.41,121.6324205,20.33,13.87,86.91,1.84,0.0,13.75,0.0,38.36,0.0,,,,126.38,101.73
2006,Gabon,13.76,99.95997002,664.23,683.47,315.37,208.12,0.0,734.4,18.2,0.0,0.0,,,,23585.67,357.51
2006,"Gambia, The",6.6,98.31631217,47.85,582.9,93.2,141.67,0.0,121.52,4.33,0.0,1.42,,,,117.04,11.94
2006,Georgia,59.42,102.6212945,948.51,1370.54,36.28,0.0,37.86,623.45,9.8,47.52,116.12,,,,3388.3,344.12
2006,Germany,1805.15,100.1104022,6383.4,14892.89,449.73,0.0,0.0,822.42,111.32,21.99,11.96,,,,10925.1,248.51
2006,Ghana,130.43,100.7463869,861.51,6416.77,696.76,25.58,0.0,3814.53,11.35,0.5,6.03,,,,8757.9,3331.05
2006,Gibraltar,0.3,94.16154522,0.06,0.03,0.02,0.0,0.0,0.07,0.02,0.0,0.0,,,,0.14,0.03
2006,Greece,115.55,104.7301962,1387.59,3372.12,363.74,0.0,0.0,3017.65,21.02,70.37,254.18,,,,3184.29,1485.09
2006,Greenland,0.06,100.0,6118.77,0.0,5544.14,0.0,175240.0,1015.41,104.35,26506.1,680.25,,,,130.92,0.0
2006,Grenada,0.58,86.02250264,1.77,0.1,1.45,0.16,0.0,0.14,0.0,0.0,0.0,,,,27.7,0.31
2006,Guadeloupe,2.71,59.52642274,9.53,23.3,5.63,3.3,0.0,2.13,3.71,0.05,0.02,,,,117.03,3.33
2006,Guam,0.01,146.3414634,48.45,0.59,1.92,0.0,0.0,0.14,0.0,0.02,0.0,,,,0.37,2.97
2006,Guatemala,47.0,112.6153,1169.18,1109.38,134.83,36.31,0.0,705.61,20.31,0.0,2.22,,,,7120.59,626.14
2006,Guinea,24.54,98.1267112,781.98,2812.41,89.98,250.1,0.0,3450.98,1.26,0.0,1.82,,,,16344.36,695.43
2006,Guinea-Bissau,2.37,86.86320386,102.64,257.43,49.86,261.82,0.0,164.23,1.53,0.03,1.79,,,,2008.21,229.85
2006,Guyana,13.86,99.53138246,300.68,170.83,177.01,6.93,0.0,1140.92,144.3,2.78,3.58,,,,19340.01,11.39
2006,Haiti,20.33,101.461117,1474.23,296.32,43.02,13.09,0.0,42.95,295.73,6.35,0.01,,,,443.35,82.97
2006,Holy See,0.05,100.0,0.01,0.0,0.0,0.0,0.0,0.0,0.0,0.0,0.0,,,,0.01,0.0
2006,Honduras,26.15,109.5518301,1177.08,803.18,127.53,61.2,0.0,704.14,14.47,0.09,0.4,,,,8048.09,313.62
2006,Hungary,277.95,100.0484779,1069.61,5741.04,135.91,0.0,0.0,74.25,53.11,1.51,1.05,,,,1706.98,246.03
2006,Iceland,3.16,100.0,3604.01,0.0,333.07,0.0,1102.48,75.27,722.64,2328.67,2006.96,,,,37.16,0.0
2006,India,1283.19,101.459114,25108.43,180032.0,4885.52,340.13,783.16,21437.83,709.51,514.16,1231.17,,,,48918.01,12254.64
2006,Indonesia,991.28,103.4836287,9594.55,22201.32,4014.66,4042.14,0.0,7135.98,0.0,1704.41,0.0,,,,122129.51,18135.21
2006,"Iran, Islamic Rep. of",282.9,99.64563953,7154.05,23678.03,6333.11,1.17,0.0,6805.39,76.78,12520.26,105997.11,,,,3047.88,2306.7
2006,Iraq,99.59,100.8335929,917.18,8093.07,514.17,0.0,0.0,346.99,27.81,435.81,32719.4,,,,236.68,320.35
2006,Ireland,62.94,99.17302732,4752.37,449.22,199.45,0.0,0.0,165.21,859.38,24.9,24.07,,,,427.52,2.89
2006,Isle of Man,1.22,97.93869048,38.63,3.02,1.14,0.0,0.0,2.63,0.0,0.01,0.82,,,,6.4,3.02
2006,Israel,51.11,104.0976681,84.89,394.68,47.59,0.0,0.0,63.26,0.09,78.28,1191.01,,,,75.18,90.92
2006,Italy,824.49,101.1281774,3417.41,10746.61,413.72,0.0,42.31,1363.07,31.37,246.45,702.64,,,,8685.62,3707.99
2006,Jamaica,17.94,79.29037993,97.58,72.08,10.14,8.69,0.0,12.87,7.21,0.15,0.0,,,,814.8,61.95
2006,Japan,1173.77,99.79299986,1344.25,7327.93,955.45,2.86,0.0,883.7,76.74,7.21,3.76,,,,25103.09,553.43
2006,Jordan,26.97,94.28090693,40.4,351.36,46.32,0.0,0.0,8.81,0.06,163.98,8124.79,,,,15.27,159.04
2006,"Kazakhstan, Rep. of",234.92,98.15592121,88888.77,46163.86,18340.5,0.0,113.64,21409.69,1198.26,61281.8,36808.48,,,,9232.78,186.33
2006,Kenya,15.24,100.6193047,15257.19,11022.46,1236.57,17.79,0.0,20558.58,941.7,275.77,1967.63,,,,6415.75,921.65
2006,Kiribati,0.02,100.0,2.8,2.74,84.16,0.05,0.0,0.29,0.0,9.33,0.0,,,,1.44,43.86
2006,"Korea, Dem. People's Rep. of",54.86,99.67603702,311.47,3521.25,211.15,0.0,0.0,121.66,5.45,30.64,17.62,,,,7686.11,299.68
2006,"Korea, Rep. of",130.56,97.76823054,330.82,3513.95,257.33,0.0,0.0,150.85,6.6,61.58,38.26,,,,5047.18,392.85
2006,Kuwait,24.22,104.1045989,5.53,26.52,5.46,0.0,0.0,3.75,10.81,11.05,1644.95,,,,5.67,7.23
2006,Kyrgyz Rep.,33.35,98.45535331,8514.73,3644.95,720.55,0.0,609.51,819.64,0.0,2134.93,1826.96,,,,1427.05,204.15
2006,Lao People's Dem. Rep.,5.85,99.94857078,1438.31,2909.28,205.36,0.0,0.0,7333.4,90.8,0.0,0.0,,,,10960.31,218.2
2006,Latin America and the Caribbean,,96.95857292,,,,,,,,,,256989.63,121859.6,1652798.84,,
2006,Latvia,24.58,98.15093394,701.87,1659.55,124.98,0.0,0.0,199.81,127.66,0.1,0.1,,,,3583.61,17.9
2006,Lebanon,14.09,93.76679798,59.87,240.59,2.27,0.0,0.0,225.75,0.0,122.18,50.82,,,,47.44,252.98
2006,"Lesotho, Kingdom of",3.55,100.0679562,1399.95,699.88,6.81,0.0,0.0,757.45,0.91,0.17,0.72,,,,177.21,9.24
2006,Liberia,15.26,90.08999155,408.26,2821.77,48.42,25.49,0.0,193.77,2.36,0.0,0.0,,,,4640.81,1516.7
2006,Libya,61.86,99.32199789,126.82,1741.77,51.79,0.0,0.0,200.15,23.93,3857.55,155754.28,,,,140.74,333.43
2006,Liechtenstein,0.81,95.19777742,3.62,0.54,0.07,0.0,0.0,0.55,0.02,0.04,0.15,,,,8.59,0.54
2006,Lithuania,51.5,100.4019358,629.91,3262.02,122.13,0.0,0.0,180.34,30.58,0.6,0.88,,,,2138.32,61.81
2006,Luxembourg,11.38,98.84157105,76.65,78.21,0.75,0.0,0.0,11.46,0.0,0.05,0.0,,,,81.41,2.61
2006,"Madagascar, Rep. of",28.14,98.33372704,21927.04,3578.07,475.6,167.25,0.0,9081.94,285.86,59.72,340.3,,,,22494.51,715.61
2006,Malawi,15.08,101.9397891,643.35,5528.63,2442.46,0.0,0.0,396.5,230.13,0.33,12.94,,,,2445.97,226.17
2006,Malaysia,201.86,109.1886772,1593.08,766.11,451.93,650.14,0.0,1279.36,0.0,12.28,0.0,,,,23163.56,5077.56
2006,Maldives,0.08,70.03257329,0.33,2.07,106.26,0.02,0.0,0.65,0.0,0.86,0.18,,,,0.42,2.07
2006,Mali,21.4,98.91380664,16002.21,21237.64,386.9,0.0,0.0,8950.13,303.45,4438.53,70491.33,,,,3439.7,561.15
2006,Malta,5.42,99.18992997,1.89,13.89,1.57,0.0,0.0,0.45,0.0,0.35,4.68,,,,1.55,1.86
2006,"Marshall Islands, Rep. of the",0.05,84.21052632,0.15,0.11,161.27,0.0,0.0,0.04,0.0,2.9,0.0,,,,0.13,1.81
2006,Martinique,2.4,82.54918734,3.9,7.25,3.12,1.83,0.0,2.95,0.21,0.0,0.0,,,,83.27,6.44
2006,"Mauritania, Islamic Rep. of",20.72,102.4660268,11649.97,1795.85,60.52,3.18,0.0,771.09,184.14,4500.42,85085.39,,,,269.67,39.91
2006,Mauritius,7.5,91.48672444,15.58,98.69,5.98,1.06,0.0,12.0,0.04,0.03,0.08,,,,56.4,4.76
2006,Mayotte,0.18,82.9051943,1.98,0.16,2.43,1.98,0.0,2.98,0.01,0.0,0.0,,,,28.49,0.12
2006,Mexico,825.95,99.86833925,17860.76,24911.5,1829.44,820.93,0.0,70767.09,68.58,59.55,2763.1,,,,73269.46,2777.66
2006,"Micronesia, Federated States of",3.11,99.81275468,0.9,1.75,48.84,27.2,0.0,0.25,0.0,0.4,0.0,,,,26.11,1.75
2006,Middle East and Central Asia,,92.59449871,,,,,,,,,,172953.17,1277205.65,380238.98,,
2006,"Moldova, Rep. of",156.13,97.70688335,182.05,2319.12,34.5,0.0,0.0,7.13,3.62,0.27,0.0,,,,288.28,386.1
2006,Monaco,0.2,100.0,0.07,0.21,0.0,0.0,0.0,0.03,0.0,0.0,0.0,,,,0.05,0.21
2006,Mongolia,44.68,97.7944391,32541.7,5787.42,1477.44,0.0,62.0,2755.6,371.14,34739.32,69319.91,,,,9282.26,9.85
2006,Montenegro,5.43,147.8413655,245.39,200.72,30.38,0.0,0.0,126.7,9.91,8.72,3.32,,,,729.74,18.46
2006,Montserrat,0.0,96.96923638,0.21,0.31,0.54,0.12,0.0,0.21,0.99,0.43,0.0,,,,7.16,0.31
2006,Morocco,113.16,105.7840408,1087.51,7108.26,74.9,0.0,0.0,2276.65,0.18,9509.14,19033.51,,,,1550.1,777.47
2006,"Mozambique, Rep. of",38.6,99.01509306,3850.26,9321.57,1497.36,501.82,0.0,15779.01,1797.26,41.93,600.27,,,,45260.02,475.59
2006,Myanmar,58.94,103.5875995,4486.32,17143.49,1015.78,425.89,1.57,12872.79,58.9,0.82,1.12,,,,29390.73,1582.32
2006,Namibia,51.36,93.20826673,38921.78,2061.42,485.7,0.0,0.0,17735.86,143.52,3418.71,15257.75,,,,4559.56,17.75
2006,"Nauru, Rep. of",0.0,100.0,0.11,0.84,0.18,0.0,0.0,0.02,0.0,0.14,0.0,,,,0.03,0.84
2006,Nepal,17.1,103.5053577,3212.51,3023.61,30.53,0.0,488.22,536.8,2.31,10.32,186.84,,,,7111.0,180.61
2006,New Caledonia,2.39,109.6091926,64.82,177.96,29.85,58.0,0.0,112.91,0.0,107.3,0.0,,,,1215.35,99.45
2006,New Zealand,196.68,103.4026926,14171.7,461.81,686.63,21.64,108.45,2337.71,124.55,166.03,975.35,,,,7739.62,72.92
2006,Nicaragua,16.21,104.2657571,1371.06,1392.63,1036.85,94.36,0.0,946.35,37.39,0.19,2.61,,,,7803.02,216.2
2006,Niger,8.45,100.2749824,15366.47,7700.69,40.88,0.0,0.0,1271.17,203.43,12788.89,80673.09,,,,814.49,38.13
2006,Nigeria,318.63,97.66612744,7550.26,41049.46,944.4,869.36,0.0,12389.11,388.03,49.95,14.59,,,,20553.78,7335.58
2006,Niue,0.03,100.0,0.78,1.31,0.53,0.0,0.0,0.46,0.0,0.0,0.0,,,,19.7,3.66
2006,Norfolk Island,0.0,100.0,0.36,1.32,0.33,0.0,0.0,0.09,0.0,0.0,0.05,,,,0.42,1.32
2006,"North Macedonia, Republic of ",17.91,101.8527382,454.89,744.42,51.55,0.0,0.0,130.26,2.0,3.55,9.92,,,,1066.15,64.44
2006,Northern Mariana Islands,0.02,100.0,16.48,9.79,3.45,0.03,0.0,0.53,0.0,0.07,0.02,,,,7.49,9.79
2006,Norway,216.68,91.08764578,3477.52,1020.8,2245.43,0.0,3532.34,1572.46,2801.12,6559.55,3630.81,,,,13542.29,5.95
2006,Oceania,,99.36237766,,,,,,,,,,55485.5,319872.4,477142.7,,
2006,Oman,23.64,67.10151819,18.63,119.91,38.73,0.0,0.0,57.02,3.29,1815.23,28708.1,,,,41.61,170.65
2006,Pakistan,179.51,99.66929168,17899.82,24235.17,526.54,8.29,210.93,6873.87,382.55,2802.38,23015.19,,,,2378.44,651.44
2006,"Palau, Rep. of",0.05,70.95207922,1.3,0.39,4.94,4.05,0.0,1.18,0.0,0.09,0.0,,,,30.72,2.59
2006,Panama,18.03,99.9816348,448.57,1008.9,130.22,136.51,0.0,402.66,8.47,0.62,4.39,,,,5043.58,308.28
2006,Papua New Guinea,19.68,100.3397079,1014.87,984.39,730.21,647.17,0.0,717.14,0.0,431.45,1.02,,,,39467.81,2682.28
2006,Paraguay,43.65,94.17200908,3097.25,5848.25,362.7,0.0,0.0,7739.4,3022.85,2.42,0.53,,,,19836.65,164.74
2006,Peru,157.38,111.6220282,16700.52,2568.9,1502.88,4.72,299.99,10058.69,381.0,5898.2,9739.85,,,,81950.04,616.55
2006,Philippines,99.56,101.5894956,2136.07,6709.24,898.44,570.61,0.0,1405.52,0.0,153.82,0.0,,,,11402.34,6409.9
2006,Pitcairn Islands,0.0,100.0,0.21,1.96,0.44,0.0,0.0,0.0,0.0,0.36,0.0,,,,0.0,1.96
2006,"Poland, Rep. of",558.69,100.7677301,3007.42,16386.82,456.43,0.0,0.0,558.82,91.85,9.25,2.72,,,,9579.51,494.2
2006,Portugal,142.83,105.1411389,1119.22,2065.21,95.02,0.0,0.0,1298.52,14.62,9.75,32.06,,,,2877.15,1232.82
2006,Puerto Rico,73.81,85.46666433,73.47,58.32,20.52,6.25,0.0,9.47,14.4,0.03,0.02,,,,597.56,49.26
2006,Qatar,32.38,90.16205607,5.72,21.33,14.26,0.0,0.0,5.09,0.01,17.66,1050.26,,,,8.47,4.37
2006,Romania,548.28,99.99631654,2614.9,11534.36,288.91,0.0,0.0,185.81,296.2,8.95,6.87,,,,7717.49,605.17
2006,Russian Federation,2213.42,99.8645847,156588.21,157258.12,60713.7,0.0,5309.06,123504.65,82025.3,117636.04,31593.92,,,,954548.15,2324.45
2006,Rwanda,6.32,97.51731099,134.05,1312.25,160.98,0.0,0.0,213.82,82.77,0.02,0.01,,,,287.55,357.46
2006,Réunion,5.29,73.24704524,22.73,52.36,6.53,0.95,0.0,14.44,0.15,0.0,3.78,,,,141.15,4.62
2006,Saint Helena,1.4,99.16263523,9.4,0.9,2.08,0.0,0.0,1.25,0.0,18.45,3.18,,,,2.57,0.9
2006,Saint Pierre and Miquelon,0.17,94.48449722,0.61,0.0,3.15,0.0,0.0,9.89,4.67,0.1,0.29,,,,4.7,0.0
2006,Samoa,0.03,56.25647472,28.07,31.18,3.42,0.64,0.0,22.51,0.0,0.02,0.0,,,,122.54,77.35
2006,"San Marino, Rep. of",0.51,62.06088993,0.42,2.14,0.0,0.0,0.0,0.09,0.0,0.0,0.34,,,,0.46,2.14
2006,Saudi Arabia,206.49,93.5922958,170.71,2368.13,163.75,2.64,0.0,424.88,8.96,7326.24,182474.75,,,,109.49,153.76
2006,Senegal,32.27,99.63089454,2205.97,5409.88,325.39,186.39,0.0,7134.94,356.13,38.31,8.45,,,,3923.8,99.12
2006,"Serbia, Rep. of",81.71,100.9205557,750.7,4201.01,72.35,0.0,0.0,189.49,10.7,4.46,6.91,,,,3222.82,309.45
2006,Seychelles,0.13,247.302768,3.07,4.37,11.06,7.54,0.0,2.04,0.0,0.22,0.67,,,,7.21,13.12
2006,Sierra Leone,15.78,101.523741,574.04,3345.24,48.72,232.32,0.0,455.03,17.94,0.0,5.01,,,,2232.61,277.14
2006,Singapore,16.16,99.82352941,4.38,17.78,5.33,3.62,0.0,1.13,0.0,0.08,0.0,,,,8.66,2.74
2006,Slovak Rep.,147.05,99.22553025,389.81,1902.34,32.0,0.0,0.0,93.33,1.94,1.74,3.46,,,,2297.52,34.51
2006,"Slovenia, Rep. of",29.67,106.023833,158.6,393.31,4.32,0.0,0.0,89.52,1.66,2.64,8.0,,,,1282.31,61.87
2006,Solomon Islands,0.82,79.61831342,4.43,5.86,99.64,135.63,0.0,2.86,0.0,0.22,0.0,,,,2568.51,24.12
2006,Somalia,33.15,99.50486597,7398.11,5066.87,86.04,1.36,0.0,37350.87,60.85,5504.4,5765.14,,,,2350.78,125.47
2006,South Africa,412.01,98.6482523,24505.19,12959.64,545.99,47.7,0.0,64805.9,266.86,9243.94,704.94,,,,8607.02,370.28
2006,"South Sudan, Rep. of",0.0,,0.0,0.0,0.0,0.0,0.0,0.0,0.0,0.0,0.0,,,,0.0,0.0
2006,Spain,383.98,101.0219271,7401.66,16133.21,420.67,0.0,0.0,6145.91,53.17,986.58,513.81,,,,12431.45,6161.57
2006,Sri Lanka,61.05,92.82727684,488.59,1469.08,184.7,19.58,0.0,1260.52,0.02,7.32,1.53,,,,1832.54,1329.17
2006,St. Kitts and Nevis,0.33,93.25396825,2.52,4.37,1.39,0.19,0.0,0.52,0.21,0.0,0.0,,,,16.84,0.03
2006,St. Lucia,0.59,84.58750934,0.98,0.62,1.38,0.64,0.0,0.8,0.09,0.05,0.0,,,,53.68,1.88
2006,St. Vincent and the Grenadines,0.41,87.7530852,1.81,0.81,12.21,0.54,0.0,0.73,0.1,0.0,0.73,,,,34.0,1.22
2006,Sub-Saharan Africa,,101.867463,,,,,,,,,,295565.03,290212.33,1419497.98,,
2006,Sudan,0.0,,0.0,0.0,0.0,0.0,0.0,0.0,0.0,0.0,0.0,,,,0.0,0.0
2006,Suriname,10.33,96.59774675,61.1,53.27,211.34,63.01,0.0,145.24,107.69,0.0,0.0,,,,13948.09,6.52
2006,Sweden,136.12,91.16847955,2176.26,3128.95,3850.52,0.0,23.79,1218.79,3300.79,1415.61,265.51,,,,29228.74,3.67
2006,Switzerland,133.19,99.05039974,1286.2,509.18,140.86,0.0,97.64,153.63,1.75,114.25,257.06,,,,1401.45,29.27
2006,Syrian Arab Rep.,86.33,102.76357,476.95,4205.16,127.73,0.0,0.0,232.19,0.36,839.61,11800.07,,,,258.22,825.72
2006,"São Tomé and Príncipe, Dem. Rep. of",0.83,113.2297081,0.99,1.14,2.62,1.07,0.0,0.55,0.02,0.04,0.0,,,,87.64,5.14
2006,Taiwan Province of China,85.76,93.43328107,96.11,733.29,65.72,26.85,0.0,30.21,41.44,4.27,0.0,,,,2263.53,281.09
2006,"Tajikistan, Rep. of",22.11,97.8597006,6701.52,2109.61,138.47,0.0,1085.06,654.13,5.81,537.94,2303.81,,,,261.59,400.74
2006,"Tanzania, United Rep. of",49.47,99.08896207,5491.58,20861.07,6106.01,61.26,0.0,17301.61,4462.67,95.67,242.31,,,,36520.53,3391.28
2006,Thailand,168.22,108.0814224,4083.67,24859.34,884.7,346.71,0.0,5332.63,12.99,30.99,0.19,,,,10995.83,5123.35
2006,"Timor-Leste, Dem. Rep. of",4.55,107.6413622,164.52,533.42,13.28,9.55,0.0,121.41,0.0,3.16,0.0,,,,353.97,294.83
2006,Togo,15.97,96.56395374,247.63,2109.52,21.76,0.16,0.0,903.86,0.91,0.02,0.05,,,,2255.99,158.88
2006,Tokelau,0.01,100.0,0.0,0.0,1.57,0.0,0.0,0.0,0.0,0.0,0.0,,,,0.0,0.0
2006,Tonga,0.07,91.87591744,4.03,13.59,9.32,1.04,0.0,2.6,0.0,0.16,0.0,,,,29.94,9.34
2006,Trinidad and Tobago,9.32,91.90154367,24.48,37.99,7.15,2.47,0.0,14.07,1.46,0.09,0.0,,,,386.77,33.43
2006,Tunisia,73.77,103.7097144,275.56,2412.1,139.11,0.0,0.0,132.01,0.45,1484.0,8907.01,,,,306.7,1904.89
2006,Turkmenistan,21.27,98.22641192,1410.54,4061.68,9056.06,0.0,0.0,6751.68,1.58,1279.76,32799.41,,,,79.91,119.46
2006,Turks and Caicos Islands,0.1,81.23474465,7.18,0.81,6.52,3.08,0.0,1.02,16.65,0.04,0.0,,,,17.05,0.81
2006,Tuvalu,0.01,100.0,0.1,0.45,3.47,0.0,0.0,0.05,0.0,0.09,0.0,,,,0.08,0.45
2006,"Türkiye, Rep. of",426.62,102.6515657,14318.47,31538.56,1377.91,0.0,0.0,6791.41,209.61,3296.67,1581.41,,,,14718.98,3973.03
2006,Uganda,32.7,97.0164719,1693.35,7638.26,3742.63,0.0,0.0,2620.26,377.05,0.0,0.15,,,,5448.2,2754.78
2006,Ukraine,1844.58,100.2071837,4231.95,41547.56,1486.6,0.0,0.0,415.07,48.88,38.8,20.52,,,,9211.79,1151.18
2006,United Arab Emirates,195.71,75.40238325,38.85,51.24,18.87,1.45,0.0,4.92,0.88,326.49,6271.63,,,,49.8,190.37
2006,United Kingdom,980.55,100.879095,11448.67,6551.86,462.15,0.0,0.0,769.6,1298.83,506.83,55.43,,,,2255.02,48.38
2006,United States,8781.08,99.36144995,199373.38,152080.07,19078.8,189.96,6536.75,199781.6,7789.45,19142.61,18286.44,,,,299143.33,2503.37
2006,United States Virgin Islands,4.44,92.20607662,2.98,2.54,3.94,0.93,0.0,0.18,1.82,0.0,0.0,,,,16.68,2.54
2006,Uruguay,38.35,101.8937356,11565.5,2769.48,448.09,0.0,0.0,706.97,287.12,1.21,3.43,,,,1948.97,61.5
2006,"Uzbekistan, Rep. of",171.93,101.1958773,3282.97,7723.76,1319.65,0.0,37.42,4409.32,67.88,2538.12,24645.99,,,,237.75,626.4
2006,Vanuatu,0.28,154.3808174,12.2,8.18,30.15,18.86,0.0,8.72,0.0,0.68,2.33,,,,1098.11,50.29
2006,"Venezuela, Rep. Bolivariana de",183.21,101.0182295,18097.02,8116.14,1432.41,320.64,0.05,7671.08,2011.76,542.43,104.07,,,,51192.05,2139.85
2006,Vietnam,126.0,109.3904305,2067.85,8760.75,762.65,184.95,0.0,5885.45,59.43,6.05,18.45,,,,10811.07,4261.69
2006,Wallis and Futuna Islands,0.03,100.0,1.1,0.72,3.76,0.0,0.0,0.86,0.0,0.0,0.0,,,,4.49,3.6
2006,West Bank and Gaza,16.08,100.3410528,39.24,99.75,19.12,0.0,0.0,30.76,0.0,116.35,120.23,,,,32.92,149.74
2006,Western Sahara,1.18,88.52779029,0.52,3.45,7.2,0.0,0.0,0.0,0.0,20.0,26943.55,,,,0.24,3.45
2006,"Yemen, Rep. of",13.22,104.0965915,164.8,1677.57,110.01,0.13,0.0,1625.18,0.9,5180.54,36069.71,,,,455.85,308.9
2006,Zambia,43.21,100.5955511,3263.45,8347.95,1382.72,0.0,0.0,12641.3,2856.43,0.0,3.89,,,,46928.36,96.97
2006,Zimbabwe,35.66,99.230047,2582.57,13259.34,438.68,0.0,0.0,11327.29,29.23,18.16,94.64,,,,11165.7,323.4
2007,"Afghanistan, Islamic Rep. of",43.93,99.43890687,24718.64,5794.46,68.93,0.0,317.57,3121.79,7.06,4064.01,24962.2,,,,1160.89,89.21
2007,Africa,,98.59998567,,,,,,,,,,326522.15,900601.58,1498454.73,,
2007,Albania,17.0,94.34714211,390.14,972.56,57.14,0.0,0.0,313.21,6.53,33.54,50.54,,,,827.88,201.92
2007,Algeria,144.25,96.36106838,808.5,8510.39,153.65,0.0,0.0,2052.45,2.2,8218.35,209266.76,,,,1525.2,1049.41
2007,American Samoa,0.01,100.0,1.48,2.6,1.36,0.16,0.0,1.05,0.0,0.02,0.0,,,,8.21,5.17
2007,Americas,,98.32069236,,,,,,,,,,472172.23,304412.61,3170965.11,,
2007,"Andorra, Principality of",0.24,78.14910612,11.93,0.19,0.0,0.0,0.0,0.8,0.0,5.35,2.36,,,,26.74,0.19
2007,Angola,52.61,98.38203757,17537.92,5556.12,221.72,21.53,0.0,23107.29,717.57,36.94,2884.48,,,,74961.03,326.83
2007,Anguilla,0.07,91.55251142,4.73,0.04,1.22,0.05,0.0,0.12,0.88,0.0,0.02,,,,0.86,0.04
2007,Antigua and Barbuda,0.77,85.34731601,13.62,0.98,6.7,0.5,0.0,0.93,3.84,0.02,0.0,,,,18.44,0.25
2007,Argentina,408.23,99.38749752,15077.24,53298.85,4238.21,0.0,685.92,97756.55,9224.16,46716.61,12911.3,,,,36878.46,1441.1
2007,"Armenia, Rep. of",40.13,100.0397722,697.13,847.76,133.17,0.0,0.0,439.84,1.16,39.17,40.27,,,,625.82,101.26
2007,"Aruba, Kingdom of the Netherlands",0.17,33.78995434,2.98,0.57,0.77,0.02,0.0,11.37,0.25,1.18,0.0,,,,0.17,0.57
2007,Asia,,101.2974107,,,,,,,,,,685327.94,970241.6,1464901.81,,
2007,Australia,841.08,99.0453311,129457.69,52559.57,1406.33,2592.94,0.0,179788.68,10030.8,282267.0,36136.6,,,,75956.74,920.5
2007,Austria,171.66,98.893023,1542.74,1649.01,69.41,0.0,34.13,311.8,12.93,116.32,200.22,,,,4202.46,81.49
2007,"Azerbaijan, Rep. of",56.64,99.54514898,974.52,3595.03,8016.98,0.0,0.0,987.26,3.37,841.02,412.47,,,,1173.43,435.71
2007,"Bahamas, The",8.53,100.3429691,159.77,11.95,270.37,80.0,0.0,39.77,250.69,3.4,0.49,,,,425.59,3.41
2007,"Bahrain, Kingdom of",15.36,96.84359639,2.12,0.52,3.77,0.01,0.0,0.21,0.09,2.18,39.36,,,,3.17,0.79
2007,Bangladesh,39.1,103.208265,884.58,8884.0,1184.58,416.69,0.0,808.74,36.25,1.16,18.06,,,,799.6,966.15
2007,Barbados,4.3,103.0387339,3.96,23.93,0.91,0.0,0.0,1.44,0.14,0.04,0.0,,,,7.15,1.84
2007,"Belarus, Rep. of",126.21,100.25521,1205.3,9847.85,221.12,0.0,0.0,407.13,42.05,0.91,0.09,,,,8650.63,215.91
2007,Belgium,257.62,100.2152341,627.65,1360.25,16.67,0.0,0.0,93.91,9.64,0.51,0.57,,,,662.58,33.88
2007,Belize,1.69,88.38698222,81.53,97.55,65.12,48.97,0.0,96.97,11.09,0.0,0.64,,,,1748.32,44.59
2007,Benin,26.27,108.9568976,438.12,3366.74,23.6,6.79,0.0,3366.29,2.61,0.02,0.27,,,,3961.79,404.01
2007,Bermuda,0.19,100.0,0.04,0.08,3.05,0.0,0.0,0.01,0.74,1.99,0.0,,,,0.05,0.08
2007,Bhutan,0.1,98.17254185,539.49,61.67,1.13,0.0,104.63,104.83,0.05,4.78,6.43,,,,2949.9,8.91
2007,Bolivia,72.62,97.60089597,11910.65,5328.78,1319.71,0.0,85.86,12060.81,2980.79,6925.99,8922.18,,,,59156.84,293.44
2007,Bosnia and Herzegovina,25.44,101.7112143,712.64,1191.99,24.51,0.0,0.0,254.79,6.11,3.05,1.15,,,,2785.39,110.8
2007,Botswana,21.26,98.41775264,3610.78,2896.41,41.98,0.0,0.0,45414.68,774.28,65.96,927.94,,,,4351.75,31.83
2007,Brazil,1615.98,94.09443845,69631.92,135270.73,13261.8,619.75,0.0,149431.37,14013.7,141.46,369.17,,,,438516.18,30916.99
2007,British Virgin Islands,0.83,60.75386478,1.41,0.02,3.13,1.32,0.0,0.04,2.22,0.03,0.0,,,,6.32,0.02
2007,Brunei Darussalam,3.37,101.1807818,9.65,21.48,8.77,19.28,0.0,6.94,0.0,0.22,0.0,,,,497.52,26.86
2007,Bulgaria,144.87,98.50344988,761.31,5192.84,126.09,0.0,0.0,341.68,10.02,13.49,57.05,,,,4171.72,318.14
2007,Burkina Faso,22.14,105.0126381,5840.47,16331.51,94.25,0.0,0.0,3114.27,26.6,109.61,103.62,,,,1407.43,445.93
2007,Burundi,5.63,91.98664441,481.04,1024.74,198.97,0.0,0.0,297.98,24.18,0.0,0.0,,,,235.86,435.13
2007,Cabo Verde,2.23,100.7262823,51.55,19.96,36.01,0.0,0.0,142.81,2.83,5.85,138.01,,,,8.5,1.25
2007,Cambodia,8.5,98.42473545,1226.2,6635.31,408.86,42.58,0.0,1629.21,641.15,0.28,1.91,,,,7380.72,277.97
2007,Cameroon,44.46,99.59978717,1684.96,4801.24,363.97,245.53,0.0,2451.71,177.54,0.0,1.42,,,,36065.8,1006.47
2007,Canada,816.56,99.83544701,159130.06,52381.63,103219.0,0.0,18314.8,53056.03,7960.59,105556.1,39545.5,,,,442889.02,226.32
2007,Cayman Islands,0.58,78.85858335,0.66,0.88,2.77,8.43,0.0,0.32,0.71,0.04,0.0,,,,9.56,2.21
2007,Central African Rep.,10.98,102.8958904,5013.29,918.56,92.14,0.0,0.0,4724.24,23.35,0.0,0.37,,,,51542.6,39.3
2007,Chad,17.42,98.27062666,15242.36,18397.8,364.93,0.0,0.0,14879.08,686.85,7506.81,64104.25,,,,5885.74,146.24
2007,Chile,140.79,100.2187581,5075.24,2370.5,2748.14,0.0,2797.08,14471.03,39.36,11799.06,13982.8,,,,21213.95,858.41
2007,"China, P.R.: Hong Kong",13.27,101.8594467,7.86,12.35,13.69,2.29,0.0,6.09,0.33,0.05,0.0,,,,50.04,3.09
2007,"China, P.R.: Macao",0.53,93.90243902,0.14,0.24,0.2,0.01,0.0,0.03,0.03,0.0,0.0,,,,0.19,0.24
2007,"China, P.R.: Mainland",5982.75,101.7776915,289690.92,199456.68,12397.1,162.26,6286.23,23191.56,3245.47,22395.71,167910.13,,,,183865.97,21850.92
2007,Colombia,160.65,135.4915155,16969.3,5678.68,1412.56,370.28,6.7,7392.38,2427.98,540.6,24.92,,,,75075.13,4467.91
2007,"Comoros, Union of the",1.4,91.33096037,13.44,7.04,4.15,0.72,0.0,19.79,0.0,0.0,0.0,,,,113.33,5.74
2007,"Congo, Dem. Rep. of the",115.73,100.130296,7096.22,20190.8,4355.73,253.45,0.0,7547.02,4930.21,2.53,30.92,,,,187680.79,2260.16
2007,"Congo, Rep. of",16.99,102.8447985,2055.82,2484.23,290.33,76.78,0.0,2229.67,85.29,0.02,0.12,,,,26745.06,304.19
2007,Cook Islands,0.01,148.0828932,1.27,2.61,3.52,0.0,0.0,0.86,0.08,1.23,0.0,,,,10.91,4.06
2007,Costa Rica,27.23,99.34280783,308.77,281.05,42.8,36.17,0.0,266.32,3.38,0.0,2.36,,,,3737.59,421.58
2007,"Croatia, Rep. of",58.02,100.2844093,560.04,1999.92,90.83,0.0,0.0,265.63,26.65,30.8,9.25,,,,2428.52,187.79
2007,Cuba,54.17,104.4101944,1227.25,3622.28,410.83,406.5,0.0,419.8,204.72,0.98,0.51,,,,4329.09,423.77
2007,Cyprus,20.74,94.90148214,86.13,228.92,17.0,0.0,0.0,115.34,0.66,136.74,74.59,,,,180.6,74.01
2007,Czech Rep.,257.33,100.0752925,970.16,3524.38,59.07,0.0,0.0,218.57,7.9,4.8,0.34,,,,2781.9,51.37
2007,Côte d'Ivoire,94.89,99.14612601,1307.5,5563.04,284.84,12.43,0.0,3647.44,1.67,0.0,0.0,,,,12841.7,8632.31
2007,Denmark,123.74,100.7632571,507.27,2869.98,270.69,0.0,0.0,91.28,57.25,0.93,2.12,,,,503.06,8.71
2007,Djibouti,1.34,91.74603175,68.18,1.55,24.82,0.75,0.0,24.67,93.88,46.0,1916.45,,,,1.95,0.72
2007,Dominica,0.22,83.87096774,0.19,0.04,1.29,3.15,0.0,0.03,0.0,0.26,0.0,,,,69.95,0.11
2007,Dominican Rep.,45.86,96.26280712,765.28,841.1,55.82,20.08,0.0,142.16,206.72,2.11,0.37,,,,2343.97,410.29
2007,Ecuador,65.72,122.208294,1861.9,1285.34,320.15,206.15,12.45,3086.99,115.57,35.27,354.95,,,,17106.95,1312.23
2007,"Egypt, Arab Rep. of",163.43,93.67586177,267.21,3318.83,828.05,1.95,0.0,86.6,1105.79,1184.44,90551.92,,,,39.56,1260.74
2007,El Salvador,20.22,92.13254755,54.82,295.01,48.04,42.99,0.0,45.04,1.41,0.0,1.29,,,,1465.92,110.89
2007,Emerging and Developing Countries Asia excluding China,,101.9687299,,,,,,,,,,292990.76,108419.52,593552.47,,
2007,Emerging and Developing Countries Europe,,100.1518671,,,,,,,,,,296825.72,154010.74,1507017.76,,
2007,Emerging and Developing Economies,,100.3545082,,,,,,,,,,1522330.55,2140706.69,6093536.3,,
2007,"Equatorial Guinea, Rep. of",3.04,76.23680233,27.63,89.77,18.36,40.44,0.0,15.02,0.78,0.0,0.0,,,,2392.88,129.18
2007,"Eritrea, The State of",10.18,100.0460426,2523.27,1700.31,59.41,7.97,0.0,1685.08,23.31,784.98,4938.86,,,,438.14,5.08
2007,"Estonia, Rep. of",19.87,96.10324025,380.29,953.91,244.35,0.0,0.0,139.57,188.65,2.57,1.11,,,,2577.44,13.21
2007,"Eswatini, Kingdom of",2.41,100.5547592,272.9,537.74,5.86,0.0,0.0,196.8,8.95,0.29,26.03,,,,642.85,42.53
2007,"Ethiopia, The Federal Dem. Rep. of",37.77,101.8122645,11720.33,18631.92,761.29,0.0,0.0,49575.16,255.59,375.34,7240.94,,,,23647.06,1379.01
2007,Europe,,99.92925862,,,,,,,,,,375320.08,170561.99,1738333.69,,
2007,Falkland Islands (Malvinas),0.01,80.00132596,1028.93,0.03,65.61,0.0,0.0,35.78,0.11,9.87,8.33,,,,57.97,0.03
2007,Faroe Islands,0.0,100.0072046,98.1,1.27,5.92,0.0,0.0,12.06,2.46,6.63,0.51,,,,10.58,1.27
2007,"Fiji, Rep. of",1.99,92.18234857,61.61,174.66,60.1,44.34,0.0,39.52,0.0,4.36,0.0,,,,1250.39,192.78
2007,Finland,41.31,96.79087077,742.72,2421.97,3316.29,0.0,0.0,832.08,2512.89,576.19,18.87,,,,23082.52,4.51
2007,France,1235.64,99.67418011,11344.31,24193.69,437.4,0.0,25.03,1406.81,162.78,255.64,217.86,,,,14161.2,1418.45
2007,French Polynesia,0.41,121.6324205,20.33,13.87,86.91,1.84,0.0,13.75,0.0,38.36,0.0,,,,126.38,101.73
2007,Gabon,13.97,99.84225861,662.59,682.44,314.37,209.11,0.0,733.07,18.21,0.0,0.0,,,,23590.04,356.97
2007,"Gambia, The",6.64,98.38635941,47.86,583.28,92.31,142.57,0.0,121.11,4.33,0.0,1.43,,,,117.39,11.55
2007,Georgia,61.91,102.682589,946.19,1368.9,36.31,0.0,37.86,621.72,9.8,47.52,115.95,,,,3398.69,337.05
2007,Germany,1807.61,100.1760793,6399.38,14901.38,450.08,0.0,0.0,835.18,111.57,21.26,11.91,,,,10885.67,248.42
2007,Ghana,135.22,100.6294403,862.65,6404.38,696.83,25.58,0.0,3769.95,10.95,0.5,6.08,,,,8786.22,3354.05
2007,Gibraltar,0.3,94.11764706,0.06,0.02,0.02,0.0,0.0,0.07,0.02,0.0,0.0,,,,0.14,0.02
2007,Greece,118.51,104.631702,1387.79,3365.88,363.76,0.0,0.0,3027.02,21.04,70.23,252.89,,,,3177.56,1486.92
2007,Greenland,0.06,100.0,6118.77,0.0,5544.14,0.0,175240.0,1015.41,104.35,26506.1,680.25,,,,130.92,0.0
2007,Grenada,0.59,87.31464738,1.76,0.1,1.45,0.16,0.0,0.14,0.0,0.0,0.0,,,,27.69,0.31
2007,Guadeloupe,2.81,59.30103616,9.53,23.1,5.63,3.3,0.0,2.13,3.68,0.05,0.02,,,,116.98,3.5
2007,Guam,0.01,80.48780488,48.45,0.32,1.92,0.0,0.0,0.14,0.0,0.02,0.0,,,,0.37,3.24
2007,Guatemala,48.36,111.0619922,1175.6,1092.07,134.69,36.4,0.0,713.22,20.2,0.0,2.26,,,,7103.65,645.12
2007,Guinea,25.75,98.60084307,782.26,2824.91,89.84,250.64,0.0,3439.05,1.11,0.0,1.8,,,,16351.47,686.05
2007,Guinea-Bissau,2.55,87.78265656,103.68,260.0,49.29,261.05,0.0,164.03,1.55,0.03,1.93,,,,2003.51,232.14
2007,Guyana,14.08,99.55293888,300.85,170.65,176.83,6.93,0.0,1140.71,144.27,2.78,3.84,,,,19339.97,11.38
2007,Haiti,21.35,101.4515044,1474.2,295.27,42.9,13.12,0.0,42.8,295.28,6.24,0.01,,,,444.5,82.68
2007,Holy See,0.05,100.0,0.01,0.0,0.0,0.0,0.0,0.0,0.0,0.0,0.0,,,,0.01,0.0
2007,Honduras,27.04,109.2994283,1179.8,800.38,125.57,61.79,0.0,708.49,14.45,0.11,0.4,,,,8045.4,312.53
2007,Hungary,278.11,100.0354539,1069.46,5740.09,135.83,0.0,0.0,74.08,53.21,1.52,1.05,,,,1706.58,247.5
2007,Iceland,3.16,100.0,3604.01,0.0,333.07,0.0,1102.48,75.27,722.64,2328.67,2006.96,,,,37.16,0.0
2007,India,1359.39,101.203455,25120.07,179498.93,4877.76,341.1,783.16,21392.92,710.11,514.02,1234.35,,,,48966.47,12699.49
2007,Indonesia,1008.52,102.1263118,9702.97,21879.85,4006.2,4055.96,0.0,7222.7,0.0,1726.33,0.0,,,,121557.23,18789.05
2007,"Iran, Islamic Rep. of",300.51,99.79505489,7166.72,23696.39,6327.99,1.17,0.0,6808.18,76.96,12313.73,106101.03,,,,3051.04,2359.95
2007,Iraq,104.84,101.1744579,918.17,8115.5,505.86,0.0,0.0,347.28,28.53,406.73,32734.84,,,,237.72,311.5
2007,Ireland,63.28,99.26790935,4750.5,449.37,199.36,0.0,0.0,165.45,859.72,24.86,24.05,,,,428.46,2.9
2007,Isle of Man,1.22,97.93869048,38.63,3.02,1.14,0.0,0.0,2.63,0.0,0.01,0.82,,,,6.4,3.02
2007,Israel,53.01,103.1706223,85.07,388.81,47.59,0.0,0.0,63.28,0.09,78.19,1189.66,,,,75.57,95.74
2007,Italy,852.14,100.6826264,3415.85,10667.98,413.35,0.0,42.31,1360.25,31.44,246.39,688.7,,,,8698.01,3765.26
2007,Jamaica,18.28,78.73618415,97.9,71.11,9.97,8.77,0.0,12.61,7.09,0.15,0.0,,,,814.94,62.58
2007,Japan,1264.36,99.7690328,1349.23,7235.28,954.68,2.86,0.0,882.46,76.9,6.74,3.67,,,,25114.04,541.89
2007,Jordan,28.25,87.31549241,40.47,322.13,46.2,0.0,0.0,8.68,0.06,165.08,8124.76,,,,15.41,185.98
2007,"Kazakhstan, Rep. of",238.67,98.32259334,88982.27,46238.9,18171.0,0.0,113.64,21440.99,1201.38,61415.5,36607.43,,,,9264.58,184.69
2007,Kenya,16.88,100.3354279,15263.13,10989.67,1238.66,17.69,0.0,20552.94,941.79,271.54,1947.27,,,,6416.15,974.56
2007,Kiribati,0.02,100.0,2.8,2.74,84.16,0.05,0.0,0.29,0.0,9.33,0.0,,,,1.44,43.86
2007,"Korea, Dem. People's Rep. of",55.93,99.9096922,311.58,3528.56,211.16,0.0,0.0,122.58,5.63,29.59,17.31,,,,7677.24,300.3
2007,"Korea, Rep. of",133.94,97.86239038,331.78,3514.08,257.0,0.0,0.0,151.82,6.68,61.99,38.02,,,,5027.59,407.08
2007,Kuwait,25.41,104.0617755,5.67,25.31,5.46,0.0,0.0,3.72,10.7,11.01,1643.74,,,,5.91,8.29
2007,Kyrgyz Rep.,36.0,99.0452381,8491.41,3664.34,720.38,0.0,609.51,820.32,0.0,2137.98,1822.25,,,,1423.51,210.13
2007,Lao People's Dem. Rep.,6.32,100.3147468,1452.72,2919.49,205.5,0.0,0.0,7332.25,91.73,0.0,0.0,,,,10922.77,230.73
2007,Latin America and the Caribbean,,97.3253603,,,,,,,,,,257961.74,121854.41,1651831.42,,
2007,Latvia,24.99,98.76477468,709.3,1669.67,124.65,0.0,0.0,203.83,129.49,0.1,0.1,,,,3563.97,14.05
2007,Lebanon,14.58,93.37653253,59.84,239.04,2.27,0.0,0.0,225.66,0.0,121.91,50.71,,,,47.44,254.54
2007,"Lesotho, Kingdom of",3.67,100.1977381,1400.18,700.67,6.87,0.0,0.0,757.74,0.91,0.17,0.72,,,,176.33,8.62
2007,Liberia,16.07,90.20367458,408.73,2824.54,48.29,25.59,0.0,193.77,2.34,0.0,0.0,,,,4635.32,1518.19
2007,Libya,63.62,99.22851097,126.74,1738.31,51.79,0.0,0.0,200.19,23.93,3859.8,155754.17,,,,140.8,332.76
2007,Liechtenstein,0.81,95.83875408,3.63,0.55,0.07,0.0,0.0,0.55,0.02,0.04,0.15,,,,8.57,0.55
2007,Lithuania,52.75,100.6652487,630.34,3269.46,121.99,0.0,0.0,180.92,30.73,0.59,0.88,,,,2137.17,53.26
2007,Luxembourg,11.39,99.12842012,77.32,78.46,0.75,0.0,0.0,12.24,0.0,0.05,0.0,,,,79.74,2.57
2007,"Madagascar, Rep. of",28.61,98.37038242,21916.42,3578.94,473.86,168.93,0.0,9095.55,286.63,59.76,340.16,,,,22489.32,715.79
2007,Malawi,15.84,101.7836853,639.29,5519.39,2442.33,0.0,0.0,394.21,230.52,0.33,12.94,,,,2460.94,225.79
2007,Malaysia,208.84,103.9558682,1612.75,712.74,449.75,651.97,0.0,1298.87,0.0,13.23,0.0,,,,23082.27,5165.44
2007,Maldives,0.08,70.03257329,0.33,2.07,106.26,0.02,0.0,0.65,0.0,0.86,0.18,,,,0.42,2.07
2007,Mali,22.05,99.19995233,16001.65,21298.5,384.6,0.0,0.0,8945.89,304.92,4454.18,70424.15,,,,3446.5,550.06
2007,Malta,5.46,97.64891604,1.9,13.55,1.57,0.0,0.0,0.45,0.0,0.35,4.63,,,,1.55,2.2
2007,"Marshall Islands, Rep. of the",0.05,84.21052632,0.15,0.11,161.27,0.0,0.0,0.04,0.0,2.9,0.0,,,,0.13,1.81
2007,Martinique,2.56,92.90825676,3.91,8.3,3.12,1.83,0.0,2.94,0.19,0.0,0.0,,,,83.28,5.23
2007,"Mauritania, Islamic Rep. of",20.83,102.5174155,11679.1,1796.65,60.93,3.18,0.0,770.7,184.14,4545.17,85011.1,,,,269.07,39.93
2007,Mauritius,7.81,91.48263521,15.53,98.37,5.98,1.06,0.0,11.95,0.04,0.03,0.08,,,,56.4,4.86
2007,Mayotte,0.18,87.78197044,2.0,0.18,2.42,1.98,0.0,3.02,0.01,0.0,0.0,,,,28.44,0.1
2007,Mexico,848.25,100.0046696,17866.15,24924.35,1833.74,822.53,0.0,70717.38,68.12,59.52,2764.11,,,,73267.08,2782.91
2007,"Micronesia, Federated States of",3.11,99.81275468,0.9,1.75,48.84,27.2,0.0,0.25,0.0,0.4,0.0,,,,26.11,1.75
2007,Middle East and Central Asia,,92.69389415,,,,,,,,,,173138.78,1276051.4,381207.13,,
2007,"Moldova, Rep. of",156.16,97.72030435,182.01,2319.43,34.4,0.0,0.0,7.1,3.69,0.26,0.0,,,,288.43,385.72
2007,Monaco,0.2,100.0,0.07,0.21,0.0,0.0,0.0,0.03,0.0,0.0,0.0,,,,0.05,0.21
2007,Mongolia,44.74,97.72633478,32592.51,5783.3,1474.36,0.0,62.0,2754.3,371.38,34745.72,69277.91,,,,9275.3,9.84
2007,Montenegro,5.5,147.5484023,244.92,200.24,30.38,0.0,0.0,127.49,9.97,8.74,3.34,,,,729.77,18.41
2007,Montserrat,0.0,96.96923638,0.21,0.31,0.54,0.12,0.0,0.21,0.99,0.43,0.0,,,,7.16,0.31
2007,Morocco,115.7,105.7595012,1087.92,7104.05,75.33,0.0,0.0,2277.17,0.18,9680.48,18850.26,,,,1551.46,788.36
2007,"Mozambique, Rep. of",39.67,99.48073918,3845.42,9364.52,1496.35,503.54,0.0,15754.34,1797.17,42.09,600.93,,,,45269.45,450.22
2007,Myanmar,61.69,102.650355,4505.62,16985.09,1016.98,424.72,1.57,12839.59,59.46,1.02,1.12,,,,29373.75,1768.04
2007,Namibia,51.82,93.7830468,38980.67,2073.99,485.7,0.0,0.0,17731.56,141.76,3343.19,15253.88,,,,4570.15,20.74
2007,"Nauru, Rep. of",0.0,100.0,0.11,0.84,0.18,0.0,0.0,0.02,0.0,0.14,0.0,,,,0.03,0.84
2007,Nepal,17.77,103.440682,3211.27,3021.04,30.53,0.0,488.22,528.64,2.31,10.32,186.72,,,,7120.96,182.07
2007,New Caledonia,2.46,108.2538918,64.23,175.66,29.5,58.18,0.0,109.98,0.0,108.03,0.0,,,,1221.83,98.16
2007,New Zealand,197.58,101.976747,14169.81,451.83,686.49,21.72,108.45,2341.05,124.84,167.08,976.03,,,,7745.91,72.33
2007,Nicaragua,16.41,103.9290196,1385.73,1387.88,1035.52,94.88,0.0,959.44,37.43,0.2,2.67,,,,7767.98,228.73
2007,Niger,8.63,100.2395773,15335.66,7697.79,40.88,0.0,0.0,1271.35,203.43,12991.65,80503.96,,,,813.69,38.68
2007,Nigeria,337.29,98.2137372,7531.33,41262.74,942.62,871.51,0.0,12107.18,387.99,52.93,14.81,,,,20587.41,7367.32
2007,Niue,0.03,100.0,0.78,1.31,0.53,0.0,0.0,0.46,0.0,0.0,0.0,,,,19.7,3.66
2007,Norfolk Island,0.0,100.0,0.36,1.32,0.33,0.0,0.0,0.09,0.0,0.0,0.05,,,,0.42,1.32
2007,"North Macedonia, Republic of ",18.33,101.88614,453.83,744.25,51.55,0.0,0.0,129.49,2.0,3.55,9.77,,,,1070.16,62.16
2007,Northern Mariana Islands,0.02,100.0,16.48,9.79,3.45,0.03,0.0,0.53,0.0,0.07,0.02,,,,7.49,9.79
2007,Norway,222.38,91.72211754,3488.15,1023.72,2242.67,0.0,3532.34,1582.79,2782.25,6539.06,3632.95,,,,13552.89,5.76
2007,Oceania,,98.9436987,,,,,,,,,,55251.72,320001.24,477247.9,,
2007,Oman,23.99,69.7938578,18.7,125.32,38.73,0.0,0.0,56.89,3.29,1817.17,28705.37,,,,41.81,165.6
2007,Pakistan,192.74,99.74788953,18637.11,24241.19,528.28,8.39,210.93,6872.84,382.51,2823.25,22215.02,,,,2382.78,669.08
2007,"Palau, Rep. of",0.05,70.95207922,1.3,0.39,4.94,4.05,0.0,1.18,0.0,0.09,0.0,,,,30.72,2.59
2007,Panama,19.29,98.47645327,447.74,992.18,130.13,136.56,0.0,402.13,8.09,0.62,4.41,,,,5047.54,321.54
2007,Papua New Guinea,19.78,95.13009975,1008.94,932.16,729.31,648.62,0.0,714.24,0.0,431.56,1.02,,,,39520.3,2690.14
2007,Paraguay,44.83,94.90404425,3134.99,5892.87,365.9,0.0,0.0,8095.66,3033.36,2.43,0.52,,,,19385.99,161.89
2007,Peru,160.0,110.7852134,16718.68,2545.84,1509.75,4.72,299.99,10053.97,379.35,5890.98,9722.41,,,,81963.27,629.69
2007,Philippines,103.55,101.877837,2131.07,6724.58,896.23,572.3,0.0,1401.88,0.0,153.82,0.0,,,,11446.15,6355.94
2007,Pitcairn Islands,0.0,100.0,0.21,1.96,0.44,0.0,0.0,0.0,0.0,0.36,0.0,,,,0.0,1.96
2007,"Poland, Rep. of",559.89,100.6223804,3009.26,16361.21,455.85,0.0,0.0,561.45,92.29,9.18,2.71,,,,9574.99,518.94
2007,Portugal,149.83,102.7482486,1119.98,2007.96,95.58,0.0,0.0,1301.59,14.56,9.81,31.71,,,,2877.88,1278.31
2007,Puerto Rico,76.36,82.56883147,72.55,51.29,20.48,6.25,0.0,9.02,14.36,0.02,0.05,,,,601.3,51.43
2007,Qatar,33.07,91.53857601,5.81,21.46,14.09,0.0,0.0,5.09,0.01,17.51,1049.69,,,,8.66,4.16
2007,Romania,554.6,99.87523819,2608.74,11513.41,288.36,0.0,0.0,182.99,297.38,8.91,6.87,,,,7733.84,611.84
2007,Russian Federation,2249.36,99.79766354,156688.67,157115.38,60593.7,0.0,5309.06,123739.94,81522.4,117236.67,31588.02,,,,955354.05,2318.46
2007,Rwanda,6.88,97.39673853,133.86,1310.07,160.95,0.0,0.0,213.51,82.49,0.02,0.01,,,,290.38,357.08
2007,Réunion,5.88,74.29184202,22.73,52.59,6.43,0.89,0.0,14.32,0.13,0.0,3.77,,,,141.08,4.17
2007,Saint Helena,1.4,99.16263523,9.4,0.9,2.08,0.0,0.0,1.25,0.0,18.45,3.18,,,,2.57,0.9
2007,Saint Pierre and Miquelon,0.17,94.48449722,0.61,0.0,3.15,0.0,0.0,9.89,4.67,0.1,0.29,,,,4.7,0.0
2007,Samoa,0.03,56.7591925,28.07,31.46,3.42,0.64,0.0,22.51,0.0,0.02,0.0,,,,122.54,77.08
2007,"San Marino, Rep. of",0.53,62.529274,0.42,2.14,0.0,0.0,0.0,0.09,0.0,0.0,0.31,,,,0.47,2.14
2007,Saudi Arabia,213.67,94.51366275,172.04,2386.29,163.88,2.64,0.0,423.87,8.96,7312.98,182454.64,,,,111.82,158.58
2007,Senegal,33.64,99.64713748,2203.68,5409.4,320.86,190.45,0.0,7126.93,356.39,38.3,8.35,,,,3932.06,100.6
2007,"Serbia, Rep. of",83.98,100.929267,746.48,4199.1,72.09,0.0,0.0,187.44,10.72,4.4,7.08,,,,3233.56,304.73
2007,Seychelles,0.13,327.5387772,3.07,5.83,11.06,7.54,0.0,2.04,0.0,0.22,0.67,,,,7.21,11.66
2007,Sierra Leone,16.36,99.19560923,573.37,3267.59,47.86,234.22,0.0,453.96,17.67,0.0,4.89,,,,2231.56,356.36
2007,Singapore,16.84,100.457953,4.43,17.31,5.3,3.53,0.0,1.12,0.0,0.08,0.0,,,,8.79,2.47
2007,Slovak Rep.,147.14,99.19813479,389.45,1901.68,32.0,0.0,0.0,93.43,1.96,1.79,3.46,,,,2298.25,34.53
2007,"Slovenia, Rep. of",29.76,106.7076075,158.54,395.95,4.32,0.0,0.0,89.55,1.66,2.64,7.99,,,,1282.67,58.83
2007,Solomon Islands,0.83,82.955608,4.43,6.13,99.56,135.69,0.0,2.86,0.0,0.22,0.0,,,,2568.53,23.84
2007,Somalia,33.39,99.50872127,7393.45,5066.83,86.04,1.36,0.0,37343.3,60.83,5517.11,5752.59,,,,2356.43,131.74
2007,South Africa,427.44,98.90568382,24500.23,12979.11,546.61,47.7,0.0,64825.33,266.58,9231.0,715.23,,,,8557.4,372.89
2007,"South Sudan, Rep. of",0.0,,0.0,0.0,0.0,0.0,0.0,0.0,0.0,0.0,0.0,,,,0.0,0.0
2007,Spain,402.36,101.0254758,7394.0,16115.42,422.34,0.0,0.0,6142.98,53.11,974.59,512.12,,,,12456.28,6158.84
2007,Sri Lanka,63.14,90.4201752,490.22,1427.31,184.51,19.67,0.0,1261.49,0.02,7.33,1.53,,,,1842.93,1355.94
2007,St. Kitts and Nevis,0.35,92.02863273,2.53,4.29,1.39,0.19,0.0,0.52,0.18,0.0,0.0,,,,16.85,0.11
2007,St. Lucia,0.59,90.18007195,0.98,0.7,1.38,0.64,0.0,0.8,0.09,0.05,0.0,,,,53.68,1.8
2007,St. Vincent and the Grenadines,0.42,88.47237279,1.81,0.81,12.21,0.54,0.0,0.73,0.1,0.0,0.73,,,,34.0,1.21
2007,Sub-Saharan Africa,,102.0084242,,,,,,,,,,295974.12,290064.78,1419237.09,,
2007,Sudan,0.0,,0.0,0.0,0.0,0.0,0.0,0.0,0.0,0.0,0.0,,,,0.0,0.0
2007,Suriname,10.43,96.09659781,61.09,52.84,211.48,63.03,0.0,145.24,107.7,0.0,0.0,,,,13947.88,6.89
2007,Sweden,137.69,91.77547077,2185.84,3149.12,3839.22,0.0,23.79,1233.23,3262.71,1406.46,266.6,,,,29240.4,3.71
2007,Switzerland,133.81,99.26627309,1286.02,509.96,140.96,0.0,97.64,154.13,1.76,114.21,257.02,,,,1399.54,29.43
2007,Syrian Arab Rep.,88.23,102.4746738,477.26,4191.2,127.22,0.0,0.0,232.61,0.36,832.05,11806.58,,,,258.79,838.06
2007,"São Tomé and Príncipe, Dem. Rep. of",0.83,113.2297081,0.99,1.14,2.62,1.07,0.0,0.55,0.02,0.04,0.0,,,,87.64,5.14
2007,Taiwan Province of China,90.05,93.59894806,96.89,730.45,65.41,26.88,0.0,30.51,41.4,4.31,0.0,,,,2260.47,281.89
2007,"Tajikistan, Rep. of",24.55,99.60651112,6694.41,2145.22,138.47,0.0,1085.06,654.31,5.81,542.0,2304.25,,,,261.5,365.2
2007,"Tanzania, United Rep. of",52.33,99.62942761,5445.9,20972.27,6108.22,61.41,0.0,17199.3,4473.29,94.9,242.3,,,,36720.07,3213.5
2007,Thailand,179.74,107.6104854,4088.12,24738.74,881.82,348.95,0.0,5309.58,13.09,31.03,0.18,,,,11008.68,5238.63
2007,"Timor-Leste, Dem. Rep. of",4.55,107.5433191,164.64,532.93,13.28,9.56,0.0,120.65,0.0,3.21,0.0,,,,354.31,295.56
2007,Togo,16.54,96.65027337,247.99,2110.85,21.55,0.19,0.0,895.55,1.02,0.02,0.1,,,,2258.9,162.04
2007,Tokelau,0.01,100.0,0.0,0.0,1.57,0.0,0.0,0.0,0.0,0.0,0.0,,,,0.0,0.0
2007,Tonga,0.07,91.87591744,4.03,13.59,9.32,1.04,0.0,2.6,0.0,0.16,0.0,,,,29.94,9.34
2007,Trinidad and Tobago,10.42,93.29476089,24.4,37.61,7.15,2.45,0.0,14.06,1.43,0.09,0.0,,,,386.55,33.1
2007,Tunisia,75.07,103.0001285,275.86,2393.79,139.11,0.0,0.0,132.0,0.45,1473.12,8909.08,,,,308.41,1928.7
2007,Turkmenistan,24.54,98.71653844,1413.07,4078.78,9056.01,0.0,0.0,6751.54,1.58,1279.71,32775.64,,,,80.48,119.96
2007,Turks and Caicos Islands,0.1,81.23474465,7.18,0.81,6.52,3.08,0.0,1.02,16.65,0.04,0.0,,,,17.05,0.81
2007,Tuvalu,0.01,100.0,0.1,0.45,3.47,0.0,0.0,0.05,0.0,0.09,0.0,,,,0.08,0.45
2007,"Türkiye, Rep. of",439.2,102.0714091,14313.78,31345.31,1377.36,0.0,0.0,6802.73,209.71,3288.28,1572.62,,,,14734.99,4148.66
2007,Uganda,34.34,97.65047804,1692.91,7686.75,3742.51,0.0,0.0,2614.92,377.07,0.0,0.19,,,,5452.96,2705.73
2007,Ukraine,1846.78,100.145627,4227.03,41518.69,1483.08,0.0,0.0,410.98,48.7,37.07,20.83,,,,9252.94,1150.81
2007,United Arab Emirates,195.93,73.96415377,38.87,46.31,18.87,1.45,0.0,4.91,0.88,326.38,6271.56,,,,49.85,195.21
2007,United Kingdom,982.3,100.6088309,11469.37,6529.93,461.49,0.0,0.0,768.49,1298.21,507.37,55.49,,,,2255.31,49.36
2007,United States,9003.3,99.45233065,199328.55,152005.09,19066.9,190.2,6536.75,199829.43,7739.9,19154.7,18299.35,,,,298996.44,2536.86
2007,United States Virgin Islands,4.54,93.26287979,2.96,2.52,3.93,0.89,0.0,0.18,1.82,0.0,0.0,,,,16.69,2.52
2007,Uruguay,39.13,101.5954029,11544.41,2760.49,448.25,0.0,0.0,689.99,284.08,1.23,3.43,,,,1997.96,61.72
2007,"Uzbekistan, Rep. of",185.27,101.0571504,3286.84,7699.61,1227.68,0.0,37.42,4408.92,67.88,2545.22,24730.49,,,,238.23,633.71
2007,Vanuatu,0.28,136.3138686,11.36,7.19,30.15,18.87,0.0,8.3,0.0,0.68,2.33,,,,1105.71,44.94
2007,"Venezuela, Rep. Bolivariana de",187.98,100.9585208,18088.41,8106.46,1430.97,321.47,0.05,7667.44,2012.22,544.51,104.24,,,,51212.83,2134.08
2007,Vietnam,134.77,109.001397,2073.14,8720.37,758.74,186.91,0.0,5851.93,59.65,6.05,18.45,,,,10834.66,4299.65
2007,Wallis and Futuna Islands,0.03,100.0,1.1,0.72,3.76,0.0,0.0,0.86,0.0,0.0,0.0,,,,4.49,3.6
2007,West Bank and Gaza,17.18,98.37460034,39.32,96.38,19.12,0.0,0.0,30.75,0.0,116.26,119.98,,,,33.12,152.08
2007,Western Sahara,1.2,88.91013384,0.52,3.45,7.2,0.0,0.0,0.0,0.0,20.0,26943.55,,,,0.24,3.45
2007,"Yemen, Rep. of",14.54,103.7593645,164.13,1670.77,109.99,0.13,0.0,1618.86,0.9,5177.76,36070.24,,,,458.73,320.69
2007,Zambia,44.74,100.3906582,3253.08,8329.33,1383.82,0.0,0.0,12549.88,2861.54,0.0,3.98,,,,47039.06,98.86
2007,Zimbabwe,36.39,99.77927298,2527.19,13332.22,438.68,0.0,0.0,11349.78,29.3,18.16,94.28,,,,11115.43,333.31
2008,"Afghanistan, Islamic Rep. of",45.34,99.63098031,24755.81,5804.32,63.47,0.0,317.57,3121.53,7.06,4064.02,24917.97,,,,1160.66,90.86
2008,Africa,,98.85092669,,,,,,,,,,327353.28,900386.86,1497839.3,,
2008,Albania,17.26,99.134898,388.66,1022.52,57.07,0.0,0.0,312.92,6.52,33.28,50.41,,,,835.99,145.84
2008,Algeria,148.94,96.95329284,802.64,8558.91,153.81,0.0,0.0,2047.15,2.2,8189.33,209217.97,,,,1569.58,1041.15
2008,American Samoa,0.01,100.0,1.48,2.6,1.36,0.16,0.0,1.05,0.0,0.02,0.0,,,,8.21,5.17
2008,Americas,,98.52185545,,,,,,,,,,473138.07,304424.05,3169986.0,,
2008,"Andorra, Principality of",0.24,78.14910612,11.93,0.19,0.0,0.0,0.0,0.8,0.0,5.35,2.36,,,,26.74,0.19
2008,Angola,54.33,98.59131594,17506.48,5566.33,222.12,21.63,0.0,23088.56,718.26,36.74,2892.0,,,,74990.14,327.43
2008,Anguilla,0.07,91.55251142,4.73,0.04,1.22,0.05,0.0,0.12,0.88,0.0,0.02,,,,0.86,0.04
2008,Antigua and Barbuda,0.8,86.34146341,13.54,0.97,6.7,0.5,0.0,0.96,3.79,0.02,0.0,,,,18.52,0.24
2008,Argentina,417.73,99.45888159,15086.25,53327.94,4193.54,0.0,685.92,98123.66,9293.73,46800.5,12875.8,,,,36335.19,1496.45
2008,"Armenia, Rep. of",40.75,100.1265291,696.12,847.91,133.14,0.0,0.0,439.87,1.16,38.94,40.05,,,,626.11,101.66
2008,"Aruba, Kingdom of the Netherlands",0.19,34.72243315,2.97,0.57,0.77,0.02,0.0,11.35,0.25,1.18,0.0,,,,0.17,0.57
2008,Asia,,101.1464688,,,,,,,,,,684306.78,969317.69,1466847.05,,
2008,Australia,847.11,99.21449209,129259.43,52644.75,1392.2,2598.64,0.0,179830.96,10035.7,282595.0,35947.0,,,,75973.7,833.53
2008,Austria,174.29,99.04402379,1546.05,1649.16,69.34,0.0,34.13,312.96,12.66,116.4,200.26,,,,4197.05,79.87
2008,"Azerbaijan, Rep. of",59.16,99.53239704,975.59,3592.04,8013.06,0.0,0.0,988.42,3.48,840.36,411.38,,,,1173.63,439.3
2008,"Bahamas, The",8.63,101.1268986,160.47,12.01,269.54,79.95,0.0,40.77,249.29,3.41,0.49,,,,425.98,3.43
2008,"Bahrain, Kingdom of",15.43,97.31707317,2.13,0.53,3.77,0.01,0.0,0.21,0.09,2.18,39.27,,,,3.19,0.78
2008,Bangladesh,42.32,103.2197893,885.79,8881.77,1180.44,417.19,0.0,809.11,36.43,1.2,19.57,,,,797.57,967.51
2008,Barbados,4.45,103.1353287,3.94,23.8,0.91,0.0,0.0,1.44,0.12,0.04,0.0,,,,7.17,1.83
2008,"Belarus, Rep. of",131.47,99.93657444,1196.24,9810.89,221.12,0.0,0.0,402.91,41.67,0.9,0.1,,,,8696.69,215.21
2008,Belgium,258.0,100.1836087,627.96,1359.37,16.65,0.0,0.0,94.35,9.84,0.49,0.57,,,,661.76,34.31
2008,Belize,1.78,89.01002405,84.35,98.16,64.83,49.09,0.0,99.24,11.05,0.0,0.64,,,,1742.47,44.87
2008,Benin,27.51,101.8998403,438.55,3145.74,22.75,7.12,0.0,3348.32,2.77,0.02,0.27,,,,3974.32,629.15
2008,Bermuda,0.19,100.0,0.04,0.08,3.05,0.0,0.0,0.01,0.74,1.99,0.0,,,,0.05,0.08
2008,Bhutan,0.12,98.20406866,539.1,61.67,1.13,0.0,104.63,104.43,0.05,4.78,6.43,,,,2950.77,8.82
2008,Bolivia,74.3,97.9864913,11958.41,5348.44,1320.77,0.0,85.86,12077.58,2972.79,6937.89,8875.42,,,,59117.9,288.32
2008,Bosnia and Herzegovina,26.26,101.4472095,712.22,1188.01,24.51,0.0,0.0,254.69,6.06,3.31,1.16,,,,2793.58,106.07
2008,Botswana,22.19,98.83253264,3584.01,2907.78,42.13,0.0,0.0,45355.6,774.37,64.96,929.34,,,,4435.72,20.84
2008,Brazil,1647.85,94.84976872,69731.42,136337.68,13257.3,619.69,0.0,149478.93,14037.6,141.72,370.08,,,,438359.86,29806.8
2008,British Virgin Islands,0.85,62.14285714,1.42,0.02,3.13,1.32,0.0,0.04,2.22,0.03,0.0,,,,6.3,0.02
2008,Brunei Darussalam,3.77,101.6286645,9.63,21.19,8.77,19.28,0.0,6.91,0.0,0.22,0.0,,,,497.83,26.49
2008,Bulgaria,147.3,98.42621494,755.9,5186.22,125.83,0.0,0.0,338.9,10.03,13.45,56.69,,,,4193.86,309.02
2008,Burkina Faso,23.01,104.8682217,5836.43,16308.15,94.25,0.0,0.0,3098.57,26.6,114.09,106.99,,,,1409.27,478.47
2008,Burundi,6.02,92.01933592,480.47,1024.72,199.06,0.0,0.0,297.74,24.17,0.0,0.0,,,,237.62,433.74
2008,Cabo Verde,2.23,100.9581824,51.85,20.01,36.01,0.0,0.0,142.84,2.83,6.33,137.15,,,,8.53,1.2
2008,Cambodia,9.09,99.04077669,1236.49,6676.3,408.82,42.6,0.0,1618.62,647.29,0.28,1.91,,,,7331.6,279.68
2008,Cameroon,45.39,99.3230632,1685.23,4786.85,359.52,247.91,0.0,2436.21,178.71,0.0,1.42,,,,36058.3,1043.59
2008,Canada,828.21,99.85906471,159112.38,52382.54,103252.0,0.0,18314.8,53322.53,7856.35,105363.08,39581.06,,,,442849.45,232.75
2008,Cayman Islands,0.6,80.0,0.66,0.88,2.79,8.43,0.0,0.32,0.67,0.04,0.0,,,,9.55,2.2
2008,Central African Rep.,11.15,103.2399381,5013.02,921.5,92.14,0.0,0.0,4665.46,23.38,0.0,0.37,,,,51598.52,39.42
2008,Chad,17.53,98.55910194,15198.4,18451.77,364.67,0.0,0.0,14812.01,687.06,7559.38,64095.95,,,,5898.19,146.67
2008,Chile,142.68,99.78302348,5065.75,2357.69,2746.0,0.0,2797.08,14467.43,33.83,11836.08,13964.4,,,,21228.7,856.68
2008,"China, P.R.: Hong Kong",13.57,102.0979934,7.78,12.11,13.65,2.27,0.0,6.04,0.33,0.05,0.0,,,,50.23,3.03
2008,"China, P.R.: Macao",0.55,95.71646341,0.15,0.23,0.19,0.01,0.0,0.02,0.03,0.0,0.0,,,,0.19,0.23
2008,"China, P.R.: Mainland",6398.65,101.7359887,289746.67,198956.62,12397.9,167.44,6286.23,23251.2,3251.73,22470.21,167410.32,,,,183771.94,22326.87
2008,Colombia,163.63,127.7457907,16959.3,5341.88,1411.06,372.61,6.7,7402.28,2431.49,541.95,24.97,,,,75110.24,4760.99
2008,"Comoros, Union of the",1.43,91.87202056,13.56,7.06,4.15,0.71,0.0,19.98,0.0,0.0,0.0,,,,112.96,5.76
2008,"Congo, Dem. Rep. of the",120.02,100.4355384,7072.77,20248.43,4344.6,255.61,0.0,7484.45,4938.55,2.54,32.21,,,,187714.74,2249.83
2008,"Congo, Rep. of",17.57,101.1164971,2025.13,2441.62,289.24,77.12,0.0,2211.59,85.01,0.02,0.14,,,,26842.13,298.97
2008,Cook Islands,0.01,137.8531073,1.27,2.43,3.52,0.0,0.0,0.86,0.08,1.23,0.0,,,,10.91,4.25
2008,Costa Rica,27.87,97.80245938,305.3,275.63,42.78,36.17,0.0,263.5,3.37,0.0,2.39,,,,3756.8,413.44
2008,"Croatia, Rep. of",58.7,99.48487765,559.47,1982.84,90.66,0.0,0.0,266.14,26.61,30.91,9.25,,,,2434.77,198.12
2008,Cuba,55.0,104.1349071,1228.27,3611.76,409.67,407.29,0.0,420.14,202.44,0.97,0.51,,,,4331.51,432.35
2008,Cyprus,21.4,90.84557084,86.25,217.59,17.0,0.0,0.0,115.56,0.66,136.36,74.08,,,,181.86,83.97
2008,Czech Rep.,260.41,100.1385287,973.87,3523.68,59.05,0.0,0.0,220.96,7.95,4.79,0.34,,,,2772.82,51.93
2008,Côte d'Ivoire,97.04,99.4472086,1310.04,5578.07,285.09,12.22,0.0,3625.06,1.73,0.0,0.0,,,,12820.94,8655.62
2008,Denmark,124.71,100.8222682,507.7,2870.77,270.63,0.0,0.0,91.9,57.37,0.93,2.12,,,,502.93,5.98
2008,Djibouti,1.34,88.25396825,67.93,1.44,24.82,0.75,0.0,24.68,93.88,47.0,1915.67,,,,1.96,0.84
2008,Dominica,0.22,83.87096774,0.19,0.04,1.29,3.15,0.0,0.03,0.0,0.26,0.0,,,,69.95,0.11
2008,Dominican Rep.,47.0,94.46168873,759.95,823.37,58.79,19.93,0.0,139.66,204.87,2.08,0.37,,,,2366.08,411.69
2008,Ecuador,69.69,120.2909103,1850.55,1260.17,319.77,216.32,12.45,3079.98,115.09,35.13,355.17,,,,17160.58,1288.72
2008,"Egypt, Arab Rep. of",169.51,96.65979553,268.51,3423.67,824.47,1.95,0.0,80.88,1105.44,1183.94,90543.06,,,,40.72,1166.28
2008,El Salvador,20.51,93.07905889,54.32,297.96,47.92,43.12,0.0,44.6,1.41,0.0,1.29,,,,1467.23,107.28
2008,Emerging and Developing Countries Asia excluding China,,101.7605345,,,,,,,,,,292392.45,108265.6,594304.38,,
2008,Emerging and Developing Countries Europe,,100.086457,,,,,,,,,,296631.63,153460.48,1507760.59,,
2008,Emerging and Developing Economies,,100.3976054,,,,,,,,,,1522984.24,2139109.29,6094479.53,,
2008,"Equatorial Guinea, Rep. of",3.19,85.66617381,27.67,101.1,18.24,40.49,0.0,14.97,0.78,0.0,0.0,,,,2392.0,118.68
2008,"Eritrea, The State of",10.21,99.93023301,2520.9,1698.3,58.68,8.02,0.0,1683.45,23.31,791.33,4937.55,,,,439.77,5.07
2008,"Estonia, Rep. of",20.41,96.71555178,384.71,959.57,243.95,0.0,0.0,142.31,188.91,2.41,1.17,,,,2564.67,12.84
2008,"Eswatini, Kingdom of",2.51,100.7459246,273.27,538.67,5.86,0.0,0.0,196.55,8.94,0.29,26.03,,,,641.64,42.61
2008,"Ethiopia, The Federal Dem. Rep. of",40.28,102.452023,11718.09,18746.71,767.49,0.0,0.0,49524.47,252.87,356.89,7248.55,,,,23719.28,1249.69
2008,Europe,,99.95211656,,,,,,,,,,375405.66,169971.18,1738837.27,,
2008,Falkland Islands (Malvinas),0.01,80.00132596,1029.64,0.03,64.92,0.0,0.0,35.81,0.09,9.87,8.34,,,,57.93,0.03
2008,Faroe Islands,0.0,100.0072046,98.1,1.27,5.92,0.0,0.0,12.06,2.46,6.63,0.51,,,,10.58,1.27
2008,"Fiji, Rep. of",2.09,87.80984188,61.18,166.18,60.01,44.32,0.0,39.23,0.0,4.53,0.0,,,,1253.46,198.74
2008,Finland,41.33,96.98192386,756.83,2426.81,3317.86,0.0,0.0,849.42,2469.03,566.21,19.48,,,,23097.73,4.62
2008,France,1251.97,99.63602372,11325.86,24167.63,436.8,0.0,25.03,1403.66,162.83,255.54,217.69,,,,14221.05,1390.76
2008,French Polynesia,0.41,121.6324205,20.33,13.87,86.91,1.84,0.0,13.75,0.0,38.36,0.0,,,,126.38,101.73
2008,Gabon,14.18,99.49097186,660.47,679.78,314.44,209.18,0.0,731.66,18.21,0.0,0.0,,,,23597.28,355.58
2008,"Gambia, The",6.77,98.38563938,47.81,583.13,92.48,143.1,0.0,120.49,4.32,0.0,1.43,,,,117.94,10.97
2008,Georgia,63.88,101.9768434,946.41,1357.1,36.31,0.0,37.86,621.21,9.78,47.52,115.85,,,,3405.99,340.01
2008,Germany,1819.19,100.2272195,6412.17,14898.33,450.07,0.0,0.0,845.89,111.61,20.96,11.94,,,,10852.58,249.72
2008,Ghana,139.13,100.4345902,863.0,6387.81,698.32,25.52,0.0,3719.55,10.63,0.5,6.03,,,,8827.89,3374.04
2008,Gibraltar,0.3,94.11764706,0.06,0.02,0.02,0.0,0.0,0.07,0.02,0.0,0.0,,,,0.14,0.02
2008,Greece,120.8,104.1910377,1388.87,3348.91,362.04,0.0,0.0,3023.29,21.37,70.27,251.83,,,,3193.18,1491.02
2008,Greenland,0.06,100.0,6118.77,0.0,5544.14,0.0,175240.0,1015.41,104.35,26506.1,680.25,,,,130.92,0.0
2008,Grenada,0.6,88.55257625,1.76,0.1,1.45,0.16,0.0,0.14,0.0,0.0,0.0,,,,27.69,0.31
2008,Guadeloupe,2.91,59.48065079,9.55,23.08,5.62,3.3,0.0,2.14,3.66,0.05,0.02,,,,116.9,3.51
2008,Guam,0.01,80.48780488,48.45,0.32,1.92,0.0,0.0,0.14,0.0,0.02,0.0,,,,0.37,3.24
2008,Guatemala,49.96,111.0065833,1184.33,1089.9,134.72,36.5,0.0,720.03,19.89,0.0,2.26,,,,7083.89,650.08
2008,Guinea,26.93,98.85165213,784.12,2830.98,89.77,251.12,0.0,3436.31,1.1,0.0,1.79,,,,16345.36,685.39
2008,Guinea-Bissau,2.71,88.96595407,104.81,263.38,49.29,259.5,0.0,165.29,1.56,0.03,1.97,,,,1996.07,235.16
2008,Guyana,14.22,99.50954589,300.79,170.43,176.9,6.93,0.0,1140.63,144.48,2.78,3.83,,,,19340.0,11.36
2008,Haiti,22.29,101.5896589,1475.87,294.76,43.07,13.15,0.0,42.79,295.06,6.22,0.01,,,,442.59,82.53
2008,Holy See,0.05,100.0,0.01,0.0,0.0,0.0,0.0,0.0,0.0,0.0,0.0,,,,0.01,0.0
2008,Honduras,27.91,108.3311597,1186.23,792.18,124.73,62.39,0.0,717.19,14.42,0.11,0.4,,,,8031.35,319.05
2008,Hungary,280.66,99.97417691,1068.12,5733.86,135.86,0.0,0.0,73.66,53.02,1.5,1.05,,,,1715.85,243.86
2008,Iceland,3.16,100.0,3604.01,0.0,333.07,0.0,1102.48,75.27,722.64,2328.67,2006.96,,,,37.16,0.0
2008,India,1422.37,101.0698841,25136.23,179197.2,4883.33,342.83,783.16,21375.05,711.0,515.3,1236.95,,,,48964.44,12929.83
2008,Indonesia,1024.85,102.0907346,9783.14,21855.52,3991.82,4070.47,0.0,7289.53,0.0,1743.87,0.0,,,,121164.22,19025.17
2008,"Iran, Islamic Rep. of",313.79,99.60067327,7173.39,23636.39,6298.65,1.17,0.0,6811.6,80.37,11951.19,106395.23,,,,3052.96,2489.08
2008,Iraq,110.55,100.3789576,918.27,8045.16,500.34,0.0,0.0,347.17,29.76,370.77,32768.12,,,,238.7,382.15
2008,Ireland,63.95,99.50263829,4747.44,449.91,199.31,0.0,0.0,165.84,859.78,24.98,24.01,,,,430.2,2.5
2008,Isle of Man,1.23,98.41796513,38.6,3.03,1.14,0.0,0.0,2.64,0.0,0.01,0.82,,,,6.38,3.03
2008,Israel,54.51,102.5097811,85.23,384.48,47.56,0.0,0.0,63.51,0.09,77.29,1189.14,,,,76.03,99.17
2008,Italy,871.23,101.6860674,3414.18,10763.7,412.57,0.0,42.31,1357.37,31.62,246.03,680.04,,,,8711.75,3650.87
2008,Jamaica,18.62,80.90299267,98.77,73.23,9.97,8.77,0.0,12.51,7.11,0.15,0.0,,,,813.25,61.02
2008,Japan,1319.13,99.72926752,1350.75,7177.12,953.97,2.89,0.0,880.64,77.19,6.47,3.59,,,,25127.23,533.12
2008,Jordan,28.91,89.26186204,40.45,329.28,46.2,0.0,0.0,8.58,0.06,164.36,8125.31,,,,15.45,178.41
2008,"Kazakhstan, Rep. of",246.05,98.32179948,89048.26,46231.13,18098.6,0.0,113.64,21461.33,1208.22,61759.2,36210.47,,,,9295.64,186.42
2008,Kenya,18.33,100.1918513,15254.17,10972.47,1240.49,17.54,0.0,20547.33,941.55,269.2,1939.72,,,,6425.4,1004.08
2008,Kiribati,0.02,100.0,2.8,2.74,84.16,0.05,0.0,0.29,0.0,9.33,0.0,,,,1.44,43.86
2008,"Korea, Dem. People's Rep. of",56.9,100.4495879,310.77,3546.96,210.41,0.0,0.0,123.34,5.98,25.93,17.43,,,,7666.58,295.58
2008,"Korea, Rep. of",140.15,97.55345119,332.41,3496.35,255.49,0.0,0.0,151.9,7.01,62.69,37.36,,,,5013.2,433.41
2008,Kuwait,25.92,104.9856381,5.74,25.25,5.46,0.0,0.0,3.7,10.65,11.0,1643.21,,,,6.01,8.27
2008,Kyrgyz Rep.,38.13,99.40626864,8482.45,3675.7,719.42,0.0,609.51,820.37,0.0,2144.78,1815.5,,,,1419.12,210.86
2008,Lao People's Dem. Rep.,6.63,101.1245856,1465.05,2942.8,205.84,0.0,0.0,7347.25,92.2,0.0,0.0,,,,10875.9,225.84
2008,Latin America and the Caribbean,,97.63993536,,,,,,,,,,258795.51,121893.3,1650958.65,,
2008,Latvia,25.25,99.44692457,719.16,1681.12,124.36,0.0,0.0,209.49,131.63,0.12,0.1,,,,3538.88,10.06
2008,Lebanon,15.04,90.71094584,59.88,231.34,2.26,0.0,0.0,224.82,0.0,120.21,50.7,,,,48.43,263.31
2008,"Lesotho, Kingdom of",3.76,100.2027726,1400.06,700.62,6.87,0.0,0.0,757.91,0.91,0.17,0.71,,,,177.06,7.83
2008,Liberia,16.39,94.63912026,408.97,2963.9,48.25,25.51,0.0,194.16,2.32,0.0,0.0,,,,4634.79,1378.56
2008,Libya,65.05,99.29055416,126.8,1738.01,51.77,0.0,0.0,200.17,23.93,3857.73,155755.18,,,,141.07,332.7
2008,Liechtenstein,0.81,95.83875408,3.63,0.55,0.07,0.0,0.0,0.55,0.02,0.04,0.15,,,,8.57,0.55
2008,Lithuania,53.86,100.7810055,630.23,3272.16,122.02,0.0,0.0,181.13,30.98,0.59,0.88,,,,2138.06,48.16
2008,Luxembourg,11.4,99.27531406,77.62,78.59,0.75,0.0,0.0,12.53,0.01,0.05,0.0,,,,79.05,2.54
2008,"Madagascar, Rep. of",29.02,98.45136814,21895.94,3581.5,473.44,169.02,0.0,9123.25,288.35,59.83,340.48,,,,22476.84,716.3
2008,Malawi,16.58,101.7843222,635.4,5518.68,2442.39,0.0,0.0,400.64,230.75,0.33,12.93,,,,2467.92,215.95
2008,Malaysia,215.23,108.825554,1633.11,749.52,446.29,653.79,0.0,1326.15,0.0,14.28,0.0,,,,22995.08,5162.4
2008,Maldives,0.08,70.03257329,0.33,2.07,106.26,0.02,0.0,0.65,0.0,0.86,0.18,,,,0.42,2.07
2008,Mali,22.71,99.30649405,15959.75,21320.73,380.99,0.0,0.0,8943.37,306.84,4487.81,70426.66,,,,3453.31,530.28
2008,Malta,5.5,97.7516503,1.9,13.53,1.57,0.0,0.0,0.45,0.0,0.35,4.6,,,,1.56,2.2
2008,"Marshall Islands, Rep. of the",0.05,84.21052632,0.15,0.11,161.27,0.0,0.0,0.04,0.0,2.9,0.0,,,,0.13,1.81
2008,Martinique,2.73,98.18596042,3.91,8.75,3.12,1.83,0.0,2.94,0.19,0.0,0.0,,,,83.25,4.67
2008,"Mauritania, Islamic Rep. of",20.91,102.8716375,11650.53,1802.85,60.86,3.37,0.0,770.73,184.13,4642.49,84935.62,,,,269.26,40.06
2008,Mauritius,8.09,91.34068585,15.46,97.92,5.95,1.02,0.0,11.94,0.03,0.03,0.08,,,,56.68,4.9
2008,Mayotte,0.18,87.80487805,1.99,0.18,2.42,1.99,0.0,3.02,0.01,0.0,0.0,,,,28.45,0.08
2008,Mexico,867.8,100.1016815,17899.51,24929.8,1835.07,824.27,0.0,70730.53,66.54,59.45,2766.15,,,,73138.24,2836.77
2008,"Micronesia, Federated States of",3.11,99.81275468,0.9,1.75,48.84,27.2,0.0,0.25,0.0,0.4,0.0,,,,26.11,1.75
2008,Middle East and Central Asia,,92.746434,,,,,,,,,,173237.02,1275674.96,381486.42,,
2008,"Moldova, Rep. of",157.52,97.68054158,182.03,2317.07,34.43,0.0,0.0,7.06,3.69,0.26,0.0,,,,289.61,385.54
2008,Monaco,0.2,100.0,0.07,0.21,0.0,0.0,0.0,0.03,0.0,0.0,0.0,,,,0.05,0.21
2008,Mongolia,45.42,97.75987138,32737.57,5784.62,1472.95,0.0,62.0,2761.26,371.45,34715.92,69129.81,,,,9300.69,9.67
2008,Montenegro,5.59,144.8057021,243.68,196.33,30.38,0.0,0.0,128.47,10.0,8.83,3.36,,,,733.99,18.16
2008,Montserrat,0.0,96.96923638,0.21,0.31,0.54,0.12,0.0,0.21,0.99,0.43,0.0,,,,7.16,0.31
2008,Morocco,118.31,105.732917,1087.71,7099.62,75.68,0.0,0.0,2276.52,0.18,9731.78,18760.64,,,,1561.32,819.12
2008,"Mozambique, Rep. of",40.8,100.0696734,3841.14,9419.06,1494.95,506.91,0.0,15723.52,1798.54,42.35,601.15,,,,45259.18,436.07
2008,Myanmar,64.2,101.393178,4522.9,16773.79,1016.11,424.63,1.57,12834.92,60.14,1.24,1.22,,,,29333.3,2004.57
2008,Namibia,52.3,94.21818252,39151.22,2083.37,486.69,0.0,0.0,17718.42,140.65,3139.18,15234.36,,,,4626.31,20.83
2008,"Nauru, Rep. of",0.0,100.0,0.11,0.84,0.18,0.0,0.0,0.02,0.0,0.14,0.0,,,,0.03,0.84
2008,Nepal,18.39,103.2129553,3212.23,3013.73,30.53,0.0,488.22,526.66,2.31,10.32,186.42,,,,7120.98,190.06
2008,New Caledonia,2.51,105.6581986,62.95,171.34,29.4,58.39,0.0,107.91,0.0,108.21,0.0,,,,1231.58,95.75
2008,New Zealand,197.58,101.6328892,14170.49,449.64,685.13,22.0,108.45,2347.43,124.96,168.83,976.93,,,,7743.18,68.49
2008,Nicaragua,16.68,102.7819716,1392.37,1372.11,1035.24,95.52,0.0,961.54,37.49,0.2,2.69,,,,7766.59,236.43
2008,Niger,8.84,100.1074065,15340.06,7687.42,40.88,0.0,0.0,1270.45,203.43,13143.74,80357.26,,,,812.44,41.22
2008,Nigeria,355.59,98.60095749,7517.5,41408.49,942.24,872.61,0.0,11766.81,387.71,57.11,15.9,,,,20637.09,7502.16
2008,Niue,0.03,100.0,0.78,1.31,0.53,0.0,0.0,0.46,0.0,0.0,0.0,,,,19.7,3.66
2008,Norfolk Island,0.0,100.0,0.36,1.32,0.33,0.0,0.0,0.09,0.0,0.0,0.05,,,,0.42,1.32
2008,"North Macedonia, Republic of ",18.72,101.2996047,452.05,739.47,51.55,0.0,0.0,129.06,2.02,3.54,9.66,,,,1076.23,62.79
2008,Northern Mariana Islands,0.02,100.0,16.48,9.79,3.45,0.03,0.0,0.53,0.0,0.07,0.02,,,,7.49,9.79
2008,Norway,230.03,92.19244462,3501.31,1022.46,2242.84,0.0,3532.34,1594.5,2736.38,6501.3,3632.33,,,,13605.91,5.57
2008,Oceania,,99.177693,,,,,,,,,,55382.39,320142.23,476976.3,,
2008,Oman,24.5,72.47714213,18.76,130.55,38.73,0.0,0.0,56.71,3.29,1818.89,28702.52,,,,41.83,161.02
2008,Pakistan,202.12,99.70096074,18739.68,24220.37,529.17,8.46,210.93,6871.78,382.77,2816.31,22094.97,,,,2386.45,701.29
2008,"Palau, Rep. of",0.05,70.95207922,1.3,0.39,4.94,4.05,0.0,1.18,0.0,0.09,0.0,,,,30.72,2.59
2008,Panama,20.21,97.74210056,444.78,983.72,129.94,136.53,0.0,399.88,8.19,0.62,4.41,,,,5063.17,318.8
2008,Papua New Guinea,19.82,100.2376904,991.42,983.23,730.59,648.88,0.0,703.29,0.0,431.33,1.02,,,,39653.41,2533.07
2008,Paraguay,45.82,95.86221923,3164.22,5951.83,369.53,0.0,0.0,8411.37,3054.13,2.48,0.55,,,,18991.78,126.74
2008,Peru,162.2,110.3589967,16711.01,2533.23,1506.13,4.72,299.99,10050.41,380.53,5897.92,9714.53,,,,81972.57,645.41
2008,Philippines,108.75,102.4901667,2125.75,6760.42,896.59,575.49,0.0,1398.47,0.0,153.82,0.0,,,,11489.58,6276.65
2008,Pitcairn Islands,0.0,100.0,0.21,1.96,0.44,0.0,0.0,0.0,0.0,0.36,0.0,,,,0.0,1.96
2008,"Poland, Rep. of",565.66,100.6638382,3011.35,16362.39,455.08,0.0,0.0,564.74,92.61,8.89,2.7,,,,9574.17,508.14
2008,Portugal,154.99,105.3145848,1120.86,2056.69,95.4,0.0,0.0,1306.47,14.65,9.84,31.4,,,,2878.26,1218.63
2008,Puerto Rico,78.38,84.93625742,71.98,52.93,20.45,6.22,0.0,8.45,14.41,0.02,0.05,,,,605.04,45.18
2008,Qatar,33.66,92.79678787,5.89,21.62,14.02,0.0,0.0,5.11,0.01,17.31,1049.17,,,,8.78,3.99
2008,Romania,562.94,99.76082257,2602.13,11491.24,287.81,0.0,0.0,178.81,298.84,8.84,6.87,,,,7759.38,610.07
2008,Russian Federation,2309.43,99.81194389,156743.79,157077.97,60411.4,0.0,5309.06,124104.42,81278.3,116706.57,31617.07,,,,955840.98,2315.19
2008,Rwanda,7.25,97.40487372,133.78,1309.81,160.99,0.0,0.0,213.23,82.53,0.02,0.01,,,,291.25,356.38
2008,Réunion,6.33,74.5908653,23.0,52.38,5.38,0.87,0.0,14.46,0.12,0.0,3.83,,,,141.32,4.32
2008,Saint Helena,1.4,99.16263523,9.4,0.9,2.08,0.0,0.0,1.25,0.0,18.45,3.18,,,,2.57,0.9
2008,Saint Pierre and Miquelon,0.18,100.0,0.61,0.0,3.15,0.0,0.0,9.89,4.67,0.1,0.29,,,,4.7,0.0
2008,Samoa,0.03,55.08291276,28.07,30.53,3.42,0.64,0.0,22.51,0.0,0.02,0.0,,,,122.54,78.01
2008,"San Marino, Rep. of",0.54,62.66074351,0.43,2.14,0.0,0.0,0.0,0.09,0.0,0.0,0.3,,,,0.47,2.14
2008,Saudi Arabia,219.02,94.89083427,169.64,2391.32,164.24,2.71,0.0,422.74,8.96,7293.96,182457.33,,,,112.91,166.87
2008,Senegal,34.38,99.98990006,2202.51,5427.38,321.07,190.85,0.0,7115.97,356.14,38.5,8.18,,,,3943.21,82.46
2008,"Serbia, Rep. of",86.02,100.748648,740.55,4189.4,71.92,0.0,0.0,184.36,10.77,4.35,7.15,,,,3255.25,299.82
2008,Seychelles,0.13,327.5387772,3.07,5.83,11.06,7.54,0.0,2.04,0.0,0.22,0.67,,,,7.21,11.66
2008,Sierra Leone,16.9,99.88612267,573.27,3289.91,47.69,235.19,0.0,453.83,17.24,0.0,4.89,,,,2229.27,335.65
2008,Singapore,17.49,99.69311941,4.48,16.4,5.17,3.47,0.0,1.12,0.0,0.08,0.0,,,,8.93,2.73
2008,Slovak Rep.,148.2,99.31316521,390.06,1903.0,31.96,0.0,0.0,93.95,2.11,1.85,3.49,,,,2297.41,31.67
2008,"Slovenia, Rep. of",30.04,97.12996616,158.99,357.46,4.32,0.0,0.0,89.98,1.65,2.68,8.03,,,,1281.18,97.58
2008,Solomon Islands,0.83,84.62455304,4.43,6.27,99.59,135.68,0.0,2.86,0.0,0.22,0.0,,,,2568.44,23.76
2008,Somalia,33.74,99.77003178,7347.66,5079.87,86.05,1.36,0.0,37326.96,60.83,5576.15,5748.51,,,,2361.83,120.07
2008,South Africa,440.09,99.03232069,24488.61,12983.62,546.3,47.77,0.0,64832.64,266.43,9229.49,716.78,,,,8532.29,385.45
2008,"South Sudan, Rep. of",0.0,,0.0,0.0,0.0,0.0,0.0,0.0,0.0,0.0,0.0,,,,0.0,0.0
2008,Spain,415.42,100.890448,7389.83,16080.26,422.58,0.0,0.0,6145.22,53.02,966.42,510.81,,,,12488.26,6160.15
2008,Sri Lanka,65.17,97.89109024,492.87,1548.43,184.45,19.77,0.0,1266.17,0.02,7.33,1.53,,,,1836.07,1232.29
2008,St. Kitts and Nevis,0.35,92.02863273,2.53,4.29,1.39,0.19,0.0,0.52,0.18,0.0,0.0,,,,16.85,0.11
2008,St. Lucia,0.59,90.18007195,0.98,0.7,1.38,0.64,0.0,0.8,0.09,0.05,0.0,,,,53.68,1.8
2008,St. Vincent and the Grenadines,0.43,89.19166037,1.81,0.81,12.21,0.54,0.0,0.72,0.1,0.0,0.73,,,,34.0,1.21
2008,Sub-Saharan Africa,,102.2145942,,,,,,,,,,296572.36,289934.42,1418769.51,,
2008,Sudan,0.0,,0.0,0.0,0.0,0.0,0.0,0.0,0.0,0.0,0.0,,,,0.0,0.0
2008,Suriname,10.5,97.91946621,61.19,53.97,211.0,63.36,0.0,145.27,107.87,0.0,0.0,,,,13947.64,5.74
2008,Sweden,139.18,92.60033848,2199.5,3177.17,3840.28,0.0,23.79,1251.08,3198.94,1382.61,267.04,,,,29265.39,3.77
2008,Switzerland,134.71,99.38037757,1286.74,509.8,140.95,0.0,97.64,154.56,1.76,114.2,256.99,,,,1397.55,29.58
2008,Syrian Arab Rep.,90.29,101.8767762,477.53,4164.16,126.55,0.0,0.0,233.52,0.36,805.69,11837.68,,,,259.59,856.94
2008,"São Tomé and Príncipe, Dem. Rep. of",0.83,113.2183908,0.99,1.14,2.54,1.07,0.0,0.55,0.02,0.04,0.0,,,,87.73,5.14
2008,Taiwan Province of China,94.88,94.41204616,97.46,732.75,64.72,26.95,0.0,30.59,41.17,4.3,0.0,,,,2259.29,276.16
2008,"Tajikistan, Rep. of",27.05,99.38884449,6679.52,2137.98,138.47,0.0,1085.06,655.23,5.81,548.82,2304.92,,,,262.85,375.08
2008,"Tanzania, United Rep. of",54.57,100.0902352,5406.66,21067.28,6108.41,61.48,0.0,17090.47,4475.43,94.61,242.91,,,,36914.9,3066.8
2008,Thailand,190.82,106.5339983,4091.12,24478.42,880.27,351.14,0.0,5294.75,13.11,31.02,0.18,,,,11018.75,5489.05
2008,"Timor-Leste, Dem. Rep. of",4.56,104.5640082,164.64,518.03,13.28,9.56,0.0,120.51,0.0,3.21,0.0,,,,354.44,310.46
2008,Togo,16.92,96.12724023,248.08,2098.95,21.39,0.19,0.0,886.9,1.09,0.02,0.1,,,,2264.02,177.07
2008,Tokelau,0.01,100.0,0.0,0.0,1.57,0.0,0.0,0.0,0.0,0.0,0.0,,,,0.0,0.0
2008,Tonga,0.07,91.87591744,4.03,13.59,9.32,1.04,0.0,2.6,0.0,0.16,0.0,,,,29.94,9.34
2008,Trinidad and Tobago,11.03,94.07355032,24.36,37.4,7.15,2.45,0.0,14.04,1.4,0.09,0.0,,,,386.42,32.91
2008,Tunisia,76.03,105.0814577,276.38,2442.72,139.14,0.0,0.0,132.81,0.51,1429.09,8918.28,,,,319.88,1900.76
2008,Turkmenistan,26.21,99.07155914,1412.33,4091.87,9051.23,0.0,0.0,6751.45,1.58,1279.55,32762.92,,,,80.84,123.37
2008,Turks and Caicos Islands,0.1,81.23474465,7.31,0.81,6.52,3.08,0.0,1.05,16.65,0.04,0.0,,,,16.89,0.81
2008,Tuvalu,0.01,100.0,0.1,0.45,3.47,0.0,0.0,0.05,0.0,0.09,0.0,,,,0.08,0.45
2008,"Türkiye, Rep. of",450.59,101.6194558,14296.76,31193.18,1375.65,0.0,0.0,6855.53,210.08,3248.54,1562.33,,,,14770.9,4269.07
2008,Uganda,35.67,98.43115167,1691.01,7747.15,3742.41,0.0,0.0,2611.17,376.83,0.02,0.19,,,,5460.5,2642.44
2008,Ukraine,1858.45,100.0455338,4222.77,41463.67,1474.77,0.0,0.0,405.94,49.11,37.63,21.88,,,,9313.54,1149.14
2008,United Arab Emirates,196.21,75.79310555,38.91,52.02,18.71,1.52,0.0,4.94,0.88,326.38,6271.15,,,,49.98,189.52
2008,United Kingdom,985.91,100.2470537,11497.27,6499.31,460.69,0.0,0.0,766.81,1297.58,508.07,55.53,,,,2256.37,49.79
2008,United States,9171.9,99.52625876,199254.12,151955.96,19046.5,190.28,6536.75,199897.11,7708.38,19252.51,18331.55,,,,298783.7,2557.46
2008,United States Virgin Islands,4.64,94.29352664,2.97,2.5,3.91,0.88,0.0,0.18,1.8,0.0,0.0,,,,16.68,2.5
2008,Uruguay,39.72,102.058431,11542.14,2772.65,448.39,0.0,0.0,690.22,284.12,1.24,3.43,,,,1998.61,50.11
2008,"Uzbekistan, Rep. of",195.53,100.9554541,3290.39,7681.41,1192.43,0.0,37.42,4408.74,67.88,2551.12,24756.63,,,,238.07,641.62
2008,Vanuatu,0.28,134.3065693,11.25,7.08,30.13,18.89,0.0,8.24,0.0,0.68,2.33,,,,1106.7,44.23
2008,"Venezuela, Rep. Bolivariana de",192.81,100.9267193,18082.64,8099.02,1429.44,322.05,0.05,7661.28,2014.01,547.4,104.32,,,,51257.93,2099.74
2008,Vietnam,143.1,106.669227,2080.51,8522.58,757.84,187.68,0.0,5848.05,60.17,6.05,18.46,,,,10821.14,4498.75
2008,Wallis and Futuna Islands,0.03,100.0,1.1,0.72,3.76,0.0,0.0,0.86,0.0,0.0,0.0,,,,4.49,3.6
2008,West Bank and Gaza,17.93,99.3448324,39.29,96.75,19.12,0.0,0.0,30.72,0.0,115.97,119.88,,,,33.25,151.28
2008,Western Sahara,1.22,89.29247683,0.53,3.45,7.2,0.0,0.0,0.0,0.0,20.0,26943.54,,,,0.24,3.45
2008,"Yemen, Rep. of",16.06,101.9813563,162.28,1640.37,109.98,0.13,0.0,1613.82,0.9,5165.25,36078.51,,,,461.04,358.38
2008,Zambia,46.06,100.2374613,3241.63,8315.23,1390.06,0.0,0.0,12498.34,2862.17,0.0,4.01,,,,47111.42,95.36
2008,Zimbabwe,37.31,100.1441278,2463.05,13380.16,438.81,0.0,0.0,11337.5,28.88,18.31,94.14,,,,11161.68,314.83
2009,"Afghanistan, Islamic Rep. of",46.43,99.90099799,24772.98,5819.09,63.65,0.0,317.57,3123.69,7.06,4067.29,24876.09,,,,1162.99,91.84
2009,Africa,,99.27757948,,,,,,,,,,328766.27,899658.45,1497155.49,,
2009,Albania,17.48,98.95946838,388.28,1020.46,57.09,0.0,0.0,312.8,6.51,33.35,50.49,,,,838.23,145.78
2009,Algeria,154.23,99.30535683,814.08,8764.87,154.47,0.0,0.0,2046.08,2.2,8138.91,209018.27,,,,1578.77,1059.79
2009,American Samoa,0.01,100.0,1.48,2.6,1.36,0.16,0.0,1.05,0.0,0.02,0.0,,,,8.21,5.17
2009,Americas,,98.74755851,,,,,,,,,,474222.29,304252.11,3169076.31,,
2009,"Andorra, Principality of",0.27,85.41879041,11.91,0.2,0.0,0.0,0.0,0.79,0.0,5.31,2.36,,,,26.76,0.2
2009,Angola,55.83,99.20752701,17387.97,5599.96,221.98,21.71,0.0,23007.14,719.62,34.86,2921.48,,,,75124.47,329.0
2009,Anguilla,0.07,91.55251142,4.73,0.04,1.22,0.05,0.0,0.12,0.88,0.0,0.02,,,,0.86,0.04
2009,Antigua and Barbuda,0.84,88.29268293,13.38,0.97,6.7,0.52,0.0,0.94,3.58,0.02,0.0,,,,18.85,0.24
2009,Argentina,426.6,99.45592362,15105.94,53317.46,4122.97,0.0,685.92,98238.43,9317.87,46850.26,12868.1,,,,36157.25,1545.85
2009,"Armenia, Rep. of",41.65,100.3417314,696.29,848.92,133.15,0.0,0.0,439.92,1.15,38.86,39.84,,,,625.81,100.12
2009,"Aruba, Kingdom of the Netherlands",0.23,36.52968037,2.96,0.57,0.77,0.02,0.0,11.32,0.25,1.18,0.0,,,,0.18,0.57
2009,Asia,,100.9688242,,,,,,,,,,683104.71,968894.04,1468471.79,,
2009,Australia,855.05,99.46403489,129311.11,52771.42,1387.96,2605.02,0.0,179767.77,10041.0,282689.0,35733.4,,,,76079.05,718.22
2009,Austria,174.48,99.00328617,1549.69,1648.22,69.3,0.0,34.13,313.84,12.63,116.39,200.33,,,,4193.2,79.96
2009,"Azerbaijan, Rep. of",61.69,99.66660851,976.88,3594.44,8011.62,0.0,0.0,989.25,3.64,841.88,410.16,,,,1171.3,435.59
2009,"Bahamas, The",8.85,101.8120249,160.93,11.93,269.54,80.05,0.0,41.44,246.53,3.4,0.49,,,,427.41,3.41
2009,"Bahrain, Kingdom of",15.47,97.62195122,2.13,0.54,3.77,0.01,0.0,0.21,0.09,2.18,39.22,,,,3.2,0.77
2009,Bangladesh,45.97,103.248127,888.45,8880.57,1174.19,417.17,0.0,807.68,36.47,1.28,21.7,,,,797.17,968.25
2009,Barbados,4.57,103.1718368,3.94,23.69,0.91,0.0,0.0,1.43,0.11,0.04,0.0,,,,7.19,1.82
2009,"Belarus, Rep. of",131.9,99.79876707,1192.2,9796.75,221.01,0.0,0.0,401.55,41.57,0.92,0.1,,,,8719.15,212.05
2009,Belgium,258.07,100.1396297,628.28,1358.59,16.64,0.0,0.0,94.62,9.96,0.49,0.57,,,,661.14,34.94
2009,Belize,1.88,90.59452877,86.68,99.84,64.83,49.0,0.0,101.88,11.08,0.0,0.64,,,,1736.9,43.77
2009,Benin,28.91,99.50757185,441.16,3069.84,22.66,7.05,0.0,3304.55,2.77,0.02,0.27,,,,3982.52,736.76
2009,Bermuda,0.19,100.0,0.04,0.08,3.05,0.0,0.0,0.01,0.74,1.99,0.0,,,,0.05,0.08
2009,Bhutan,0.13,99.52346722,539.3,62.49,1.13,0.0,104.63,104.47,0.08,4.78,6.43,,,,2950.36,8.12
2009,Bolivia,76.92,98.53239962,11981.28,5376.03,1319.36,0.0,85.86,12130.41,2969.06,6940.52,8861.48,,,,59032.89,283.84
2009,Bosnia and Herzegovina,27.07,99.98702358,711.02,1169.72,24.51,0.0,0.0,255.67,6.06,3.31,1.15,,,,2797.68,119.67
2009,Botswana,23.12,99.24449772,3569.92,2919.06,42.77,0.0,0.0,45278.52,773.11,56.18,918.28,,,,4537.44,18.48
2009,Brazil,1679.17,95.6174059,69785.58,137423.31,13261.3,620.73,0.0,149444.67,14049.8,143.39,370.1,,,,438302.69,28709.46
2009,British Virgin Islands,0.87,63.61287018,1.42,0.02,3.13,1.32,0.0,0.04,2.22,0.03,0.0,,,,6.27,0.02
2009,Brunei Darussalam,4.16,94.01782308,9.63,18.93,8.6,19.38,0.0,6.81,0.0,0.22,0.0,,,,497.95,28.39
2009,Bulgaria,149.71,98.96065741,752.9,5212.78,125.74,0.0,0.0,337.29,10.07,13.56,56.87,,,,4204.9,273.4
2009,Burkina Faso,23.44,104.6839049,5838.88,16279.04,94.87,0.0,0.0,3069.2,26.62,116.71,108.71,,,,1412.42,525.98
2009,Burundi,6.32,92.09913135,479.69,1025.31,199.04,0.0,0.0,296.71,24.17,0.0,0.0,,,,239.67,432.62
2009,Cabo Verde,2.23,101.2305516,52.35,20.07,36.01,0.0,0.0,142.87,2.83,5.79,137.08,,,,8.55,1.2
2009,Cambodia,9.67,99.39504608,1241.9,6699.63,408.77,42.46,0.0,1622.48,648.13,0.28,1.99,,,,7296.7,280.66
2009,Cameroon,46.18,99.04132787,1686.24,4772.35,358.77,247.88,0.0,2418.94,179.65,0.0,1.42,,,,36051.23,1080.44
2009,Canada,833.98,99.87572763,159127.28,52385.61,103271.0,0.0,18314.8,53412.27,7783.12,105117.08,39609.67,,,,443000.29,239.33
2009,Cayman Islands,0.66,83.17960162,0.67,0.88,2.79,8.4,0.0,0.32,0.66,0.04,0.0,,,,9.55,2.19
2009,Central African Rep.,11.23,103.424849,5013.88,923.09,92.0,0.0,0.0,4659.17,23.44,0.0,0.47,,,,51602.07,39.58
2009,Chad,17.68,99.05315127,15199.13,18544.2,364.77,0.0,0.0,14678.76,686.88,7590.34,64080.16,,,,5907.44,162.26
2009,Chile,146.81,99.59974342,5060.06,2348.97,2746.13,0.0,2797.08,14465.98,31.99,11864.84,13942.1,,,,21236.05,856.39
2009,"China, P.R.: Hong Kong",13.78,102.2757804,7.77,11.94,13.64,2.26,0.0,6.03,0.33,0.05,0.0,,,,50.25,2.99
2009,"China, P.R.: Macao",0.56,96.94359756,0.15,0.23,0.18,0.01,0.0,0.02,0.03,0.0,0.0,,,,0.19,0.23
2009,"China, P.R.: Mainland",6772.06,101.6189708,289697.19,198346.94,12405.6,169.81,6286.23,23319.36,3258.18,22525.91,167196.01,,,,183581.66,22876.52
2009,Colombia,166.58,127.54948,16958.72,5330.47,1411.25,373.23,6.7,7392.68,2432.62,538.16,25.04,,,,75149.79,4741.87
2009,"Comoros, Union of the",1.48,92.74331697,13.43,7.09,4.14,0.7,0.0,19.83,0.0,0.0,0.0,,,,113.15,5.78
2009,"Congo, Dem. Rep. of the",124.58,102.1454625,7082.47,20590.65,4338.7,256.9,0.0,7458.99,4948.47,2.71,33.73,,,,187666.71,1959.9
2009,"Congo, Rep. of",18.08,100.2558119,2016.38,2420.17,288.75,77.33,0.0,2205.69,83.83,0.0,0.17,,,,26873.09,304.94
2009,Cook Islands,0.01,126.0400198,1.27,2.22,3.52,0.0,0.0,0.86,0.08,1.23,0.0,,,,10.91,4.45
2009,Costa Rica,28.54,99.69425328,301.88,280.83,42.78,36.26,0.0,260.53,3.34,0.0,2.39,,,,3774.98,395.71
2009,"Croatia, Rep. of",59.22,99.03429733,559.04,1973.07,90.64,0.0,0.0,268.03,26.66,30.87,9.24,,,,2440.72,199.97
2009,Cuba,55.87,103.8842313,1230.01,3602.06,409.61,408.11,0.0,421.39,193.9,0.97,0.51,,,,4338.45,439.02
2009,Cyprus,22.12,89.10651455,86.59,212.29,17.0,0.0,0.0,116.02,0.66,136.24,73.61,,,,181.26,88.92
2009,Czech Rep.,260.48,100.0725086,974.19,3521.12,59.06,0.0,0.0,221.77,7.94,4.79,0.34,,,,2773.18,52.94
2009,Côte d'Ivoire,99.47,99.65056293,1311.15,5587.25,284.99,12.2,0.0,3607.25,1.79,0.0,0.0,,,,12811.86,8669.88
2009,Denmark,125.28,100.779413,508.04,2868.92,270.6,0.0,0.0,92.17,57.5,0.93,2.12,,,,502.39,7.08
2009,Djibouti,1.34,89.52380952,67.79,1.48,24.62,0.78,0.0,24.68,93.88,48.63,1914.35,,,,1.96,0.8
2009,Dominica,0.22,83.87096774,0.19,0.04,1.29,3.15,0.0,0.03,0.0,0.26,0.0,,,,69.95,0.11
2009,Dominican Rep.,48.05,93.53305468,757.08,813.76,60.77,19.93,0.0,138.47,203.81,2.06,0.37,,,,2382.59,406.88
2009,Ecuador,73.33,113.5139342,1842.96,1181.61,319.4,217.06,12.45,3073.02,114.52,34.99,355.15,,,,17210.17,1329.0
2009,"Egypt, Arab Rep. of",175.31,101.4795897,269.85,3597.04,817.27,1.95,0.0,80.65,1105.04,1183.53,90531.95,,,,41.85,1004.03
2009,El Salvador,20.84,93.74296006,52.8,299.9,47.92,43.13,0.0,43.11,1.41,0.0,1.32,,,,1471.85,103.35
2009,Emerging and Developing Countries Asia excluding China,,101.2970322,,,,,,,,,,291060.73,108222.47,595679.5,,
2009,Emerging and Developing Countries Europe,,100.0646768,,,,,,,,,,296567.45,153088.48,1508199.22,,
2009,Emerging and Developing Economies,,100.4733802,,,,,,,,,,1524134.29,2137671.86,6094770.64,,
2009,"Equatorial Guinea, Rep. of",3.38,99.91749,27.4,118.26,18.12,40.5,0.0,14.64,0.77,0.0,0.0,,,,2393.32,100.74
2009,"Eritrea, The State of",10.24,100.005849,2523.33,1699.56,58.67,8.02,0.0,1683.71,23.31,794.83,4929.8,,,,440.17,4.93
2009,"Estonia, Rep. of",20.7,97.09825946,387.87,963.16,243.26,0.0,0.0,144.22,189.27,2.33,1.18,,,,2555.89,13.08
2009,"Eswatini, Kingdom of",2.55,100.5523185,273.57,537.59,6.8,0.0,0.0,196.89,8.18,0.29,26.06,,,,638.88,45.56
2009,"Ethiopia, The Federal Dem. Rep. of",43.26,101.8085009,11736.56,18625.73,765.49,0.0,0.0,49497.39,253.94,333.6,7252.31,,,,23731.29,1384.78
2009,Europe,,99.91759204,,,,,,,,,,375276.4,169547.21,1739392.99,,
2009,Falkland Islands (Malvinas),0.01,80.00066298,1030.34,0.03,63.91,0.0,0.0,35.96,0.1,9.89,8.34,,,,58.07,0.03
2009,Faroe Islands,0.0,100.0,97.97,1.27,5.92,0.0,0.0,12.06,2.46,6.77,0.51,,,,10.58,1.27
2009,"Fiji, Rep. of",2.22,81.76649985,61.65,154.47,59.79,44.44,0.0,39.58,0.0,4.53,0.0,,,,1250.61,212.46
2009,Finland,41.38,97.54485472,777.49,2441.09,3315.63,0.0,0.0,865.61,2430.6,546.05,20.21,,,,23106.77,4.54
2009,France,1261.19,99.7253049,11327.2,24181.16,436.52,0.0,25.03,1416.65,162.84,255.82,217.45,,,,14214.33,1360.57
2009,French Polynesia,0.41,104.0008301,20.33,11.8,86.91,1.84,0.0,13.75,0.0,38.36,0.0,,,,126.38,103.8
2009,Gabon,14.44,99.41792949,659.62,679.01,313.99,209.56,0.0,730.69,18.17,0.0,0.0,,,,23600.11,355.17
2009,"Gambia, The",6.88,98.64319931,47.78,584.58,92.5,143.45,0.0,118.99,4.28,0.0,1.43,,,,119.02,9.56
2009,Georgia,65.53,99.18388584,947.46,1316.53,36.36,0.0,37.86,621.13,9.78,47.66,115.86,,,,3403.68,380.06
2009,Germany,1820.04,100.215789,6418.24,14895.55,450.02,0.0,0.0,851.05,111.91,20.77,11.94,,,,10843.49,249.4
2009,Ghana,142.65,100.3737253,864.11,6380.34,699.17,25.67,0.0,3667.74,10.56,0.5,5.9,,,,8857.74,3398.06
2009,Gibraltar,0.3,94.11764706,0.06,0.02,0.02,0.0,0.0,0.07,0.02,0.0,0.0,,,,0.14,0.02
2009,Greece,123.17,103.9900671,1390.17,3339.85,362.12,0.0,0.0,3023.69,21.44,70.3,250.83,,,,3196.46,1493.56
2009,Greenland,0.06,100.0,6118.77,0.0,5544.14,0.0,175240.0,1015.41,104.35,26506.1,680.25,,,,130.92,0.0
2009,Grenada,0.6,93.61272346,1.76,0.14,1.45,0.16,0.0,0.14,0.0,0.0,0.0,,,,27.69,0.27
2009,Guadeloupe,3.05,59.32044896,9.57,22.87,5.6,3.3,0.0,2.14,3.62,0.05,0.02,,,,116.87,3.65
2009,Guam,0.01,90.24390244,48.45,0.36,1.92,0.0,0.0,0.14,0.0,0.02,0.0,,,,0.37,3.2
2009,Guatemala,51.47,109.861222,1189.24,1076.63,134.74,36.44,0.0,724.14,19.58,0.0,2.27,,,,7073.17,663.89
2009,Guinea,28.2,98.85330072,786.66,2829.76,89.79,251.29,0.0,3435.57,1.1,0.0,1.79,,,,16333.7,695.03
2009,Guinea-Bissau,2.82,90.23646639,106.08,267.07,48.94,258.0,0.0,166.29,1.56,0.03,2.04,,,,1988.48,238.46
2009,Guyana,14.35,99.52566646,300.79,170.33,177.03,6.93,0.0,1140.6,144.48,2.78,3.89,,,,19339.82,11.36
2009,Haiti,23.02,100.6444152,1477.35,291.08,43.28,13.13,0.0,42.57,294.59,6.18,0.01,,,,442.05,85.08
2009,Holy See,0.05,100.0,0.01,0.0,0.0,0.0,0.0,0.0,0.0,0.0,0.0,,,,0.01,0.0
2009,Honduras,28.94,107.4092202,1187.93,784.17,124.4,62.56,0.0,719.36,14.45,0.11,0.4,,,,8031.64,321.99
2009,Hungary,280.74,99.94105032,1067.56,5731.8,135.9,0.0,0.0,73.64,53.28,1.5,1.05,,,,1719.47,242.52
2009,Iceland,3.16,100.0,3604.01,0.0,333.07,0.0,1102.48,75.27,722.64,2328.67,2006.96,,,,37.16,0.0
2009,India,1483.01,100.8372529,25149.17,178721.0,4882.12,344.12,783.16,21359.27,711.77,516.05,1239.18,,,,48955.18,13353.94
2009,Indonesia,1042.5,100.5596653,9783.62,21494.75,3983.75,4083.45,0.0,7298.54,0.0,1767.13,0.0,,,,121163.55,19331.47
2009,"Iran, Islamic Rep. of",329.3,99.91794932,7189.47,23697.05,6281.71,1.17,0.0,6815.88,81.33,11757.69,106498.61,,,,3049.21,2501.54
2009,Iraq,116.49,99.80029877,920.62,7992.21,489.81,0.0,0.0,348.11,31.21,364.56,32771.39,,,,238.69,437.93
2009,Ireland,64.05,99.49460721,4741.88,449.77,199.42,0.0,0.0,167.04,859.94,24.85,24.03,,,,434.04,2.92
2009,Isle of Man,1.23,98.40066544,38.53,3.03,1.14,0.0,0.0,2.64,0.0,0.01,0.82,,,,6.46,3.03
2009,Israel,55.95,102.6760695,85.39,383.75,47.52,0.0,0.0,63.48,0.09,76.79,1189.01,,,,76.28,98.74
2009,Italy,886.51,99.66136875,3413.17,10516.75,412.49,0.0,42.31,1356.18,31.52,245.98,672.82,,,,8719.62,3884.31
2009,Jamaica,18.95,82.71672494,99.13,74.96,9.96,8.77,0.0,12.5,7.15,0.15,0.0,,,,811.24,60.6
2009,Japan,1401.27,99.68270501,1353.73,7091.02,953.17,2.89,0.0,878.16,77.87,6.05,3.53,,,,25144.26,520.18
2009,Jordan,29.58,97.19896332,40.67,360.46,46.2,0.0,0.0,8.59,0.06,163.58,8124.72,,,,15.59,147.56
2009,"Kazakhstan, Rep. of",248.96,98.81647469,89040.12,46462.08,17826.9,0.0,113.64,21565.69,1213.73,61999.1,35779.79,,,,9418.5,190.6
2009,Kenya,19.65,100.5481378,15261.44,11010.23,1240.37,17.62,0.0,20551.64,941.8,271.15,1922.4,,,,6423.06,970.9
2009,Kiribati,0.02,100.0,2.8,2.74,84.16,0.05,0.0,0.29,0.0,9.33,0.0,,,,1.44,43.86
2009,"Korea, Dem. People's Rep. of",58.2,99.84765175,310.7,3524.07,210.65,0.0,0.0,123.7,5.92,25.1,17.24,,,,7661.28,323.04
2009,"Korea, Rep. of",147.19,97.56183907,334.16,3489.63,255.25,0.0,0.0,152.54,7.31,65.4,35.67,,,,4986.19,456.65
2009,Kuwait,26.36,100.5744768,5.79,22.66,5.45,0.0,0.0,3.69,10.63,11.0,1642.74,,,,6.1,10.79
2009,Kyrgyz Rep.,39.92,99.47907355,8485.45,3676.63,719.42,0.0,609.51,820.99,0.0,2142.65,1808.66,,,,1416.51,216.1
2009,Lao People's Dem. Rep.,6.98,101.2267146,1475.36,2945.43,213.81,0.0,0.0,7376.6,89.56,0.0,0.0,,,,10819.88,233.9
2009,Latin America and the Caribbean,,98.02353088,,,,,,,,,,259812.42,121924.57,1649911.93,,
2009,Latvia,25.41,99.71602248,722.35,1685.58,123.84,0.0,0.0,212.29,132.25,0.12,0.11,,,,3529.57,8.66
2009,Lebanon,15.53,91.19047084,60.01,232.15,2.26,0.0,0.0,224.64,0.0,118.45,50.09,,,,48.61,264.24
2009,"Lesotho, Kingdom of",3.87,100.3240191,1398.44,701.36,6.87,0.0,0.0,758.22,0.91,0.17,0.71,,,,176.97,8.37
2009,Liberia,16.78,100.2537225,409.34,3140.32,48.25,25.46,0.0,194.71,2.33,0.0,0.0,,,,4632.98,1202.68
2009,Libya,66.47,99.31280763,126.87,1737.0,51.77,0.0,0.0,200.09,23.93,3842.26,155770.69,,,,141.35,332.51
2009,Liechtenstein,0.81,95.83875408,3.63,0.55,0.07,0.0,0.0,0.55,0.02,0.04,0.15,,,,8.57,0.55
2009,Lithuania,54.44,100.740853,629.08,3270.26,121.84,0.0,0.0,180.89,30.83,0.59,0.88,,,,2145.16,44.11
2009,Luxembourg,11.4,99.87864078,77.73,79.13,0.75,0.0,0.0,12.65,0.02,0.05,0.0,,,,78.79,2.0
2009,"Madagascar, Rep. of",29.58,98.52923779,21855.23,3583.8,472.04,169.67,0.0,9149.48,289.54,59.9,340.81,,,,22487.23,716.76
2009,Malawi,17.56,101.7081092,636.59,5513.56,2442.12,0.0,0.0,401.99,231.3,0.33,12.93,,,,2472.53,212.67
2009,Malaysia,221.41,106.448948,1647.38,722.27,446.12,655.25,0.0,1348.38,0.0,15.73,0.0,,,,22933.81,5205.46
2009,Maldives,0.08,70.03257329,0.33,2.07,106.26,0.02,0.0,0.65,0.0,0.86,0.18,,,,0.42,2.07
2009,Mali,23.19,99.43217375,16002.14,21347.26,381.01,0.0,0.0,8935.67,306.89,4509.54,70357.23,,,,3457.62,511.89
2009,Malta,5.54,97.84394251,1.91,13.52,1.57,0.0,0.0,0.45,0.0,0.35,4.57,,,,1.57,2.2
2009,"Marshall Islands, Rep. of the",0.05,84.21052632,0.15,0.11,161.27,0.0,0.0,0.04,0.0,2.9,0.0,,,,0.13,1.81
2009,Martinique,2.83,97.42495616,3.91,8.56,3.12,1.83,0.0,2.93,0.19,0.0,0.0,,,,83.24,4.77
2009,"Mauritania, Islamic Rep. of",21.01,102.0113919,11722.19,1787.5,61.27,3.37,0.0,768.9,184.11,4828.88,84697.74,,,,266.17,39.72
2009,Mauritius,8.26,91.62955541,15.47,98.08,5.95,1.02,0.0,11.92,0.02,0.03,0.08,,,,56.36,4.9
2009,Mayotte,0.18,90.2203585,1.99,0.19,2.42,1.99,0.0,3.02,0.01,0.0,0.0,,,,28.47,0.06
2009,Mexico,887.27,100.2423955,17913.99,24946.59,1846.59,824.56,0.0,70756.41,65.91,59.23,2765.6,,,,73056.34,2831.61
2009,"Micronesia, Federated States of",3.11,99.81275468,0.9,1.75,48.84,27.2,0.0,0.25,0.0,0.4,0.0,,,,26.11,1.75
2009,Middle East and Central Asia,,93.14844026,,,,,,,,,,173987.89,1275081.73,381328.57,,
2009,"Moldova, Rep. of",157.56,97.7420148,182.01,2318.58,34.26,0.0,0.0,7.05,3.78,0.26,0.0,,,,289.61,384.09
2009,Monaco,0.2,100.0,0.07,0.21,0.0,0.0,0.0,0.03,0.0,0.0,0.0,,,,0.05,0.21
2009,Mongolia,45.44,98.51429619,32802.6,5829.59,1472.54,0.0,62.0,2788.32,371.54,34683.52,69088.35,,,,9237.84,9.59
2009,Montenegro,5.75,142.9984994,243.43,193.65,30.33,0.0,0.0,129.94,10.01,8.83,3.4,,,,735.54,17.91
2009,Montserrat,0.0,96.96923638,0.21,0.31,0.54,0.12,0.0,0.21,0.99,0.43,0.0,,,,7.16,0.31
2009,Morocco,121.55,106.7663971,1092.66,7166.94,82.31,0.0,0.0,2276.75,0.18,9673.06,18690.96,,,,1568.05,858.47
2009,"Mozambique, Rep. of",41.78,100.0288962,3833.03,9414.23,1491.72,510.68,0.0,15645.08,1798.83,42.5,601.29,,,,45322.42,462.15
2009,Myanmar,66.48,101.11615,4547.48,16725.51,1014.49,420.69,1.57,12853.7,61.66,1.55,1.22,,,,29266.36,2077.9
2009,Namibia,52.89,99.00605718,39264.82,2191.31,490.11,0.0,0.0,17706.85,137.69,2902.58,15220.95,,,,4664.29,21.91
2009,"Nauru, Rep. of",0.0,100.0,0.11,0.84,0.18,0.0,0.0,0.02,0.0,0.14,0.0,,,,0.03,0.84
2009,Nepal,19.26,102.8735083,3213.54,3002.89,30.53,0.0,488.22,526.94,2.31,10.32,186.54,,,,7118.66,200.65
2009,New Caledonia,2.59,102.0127611,60.26,165.26,29.38,58.55,0.0,105.58,0.0,107.75,0.0,,,,1246.3,92.35
2009,New Zealand,198.35,101.6267958,14177.16,448.83,684.66,22.02,108.45,2357.68,125.17,170.48,977.74,,,,7724.86,67.66
2009,Nicaragua,16.96,101.8767713,1393.62,1359.6,1035.26,95.68,0.0,962.47,37.49,0.22,2.73,,,,7767.38,245.46
2009,Niger,9.11,99.93961258,15334.35,7674.25,40.88,0.0,0.0,1271.57,203.43,13167.06,80341.57,,,,812.01,51.51
2009,Nigeria,373.25,99.44438836,7508.62,41748.07,945.84,868.88,0.0,11537.16,387.77,59.76,16.42,,,,20657.84,7359.58
2009,Niue,0.03,100.0,0.78,1.31,0.53,0.0,0.0,0.46,0.0,0.0,0.0,,,,19.7,3.66
2009,Norfolk Island,0.0,100.0,0.36,1.32,0.33,0.0,0.0,0.09,0.0,0.0,0.05,,,,0.42,1.32
2009,"North Macedonia, Republic of ",19.12,101.0738086,450.45,737.38,51.55,0.0,0.0,128.16,2.01,3.55,9.67,,,,1081.75,61.45
2009,Northern Mariana Islands,0.02,100.0,16.48,9.79,3.45,0.03,0.0,0.53,0.0,0.07,0.02,,,,7.49,9.79
2009,Norway,232.23,93.28185726,3526.66,1035.06,2238.26,0.0,3532.34,1617.42,2678.16,6446.91,3631.3,,,,13660.94,5.68
2009,Oceania,,99.3704777,,,,,,,,,,55490.1,320025.14,476986.54,,
2009,Oman,25.09,79.97940672,18.84,146.01,38.74,0.0,0.0,56.6,3.28,1818.02,28702.37,,,,41.92,146.01
2009,Pakistan,210.76,99.73951065,18827.93,24221.17,529.32,8.49,210.93,6871.86,382.82,2816.03,21990.49,,,,2388.93,705.56
2009,"Palau, Rep. of",0.05,70.95207922,1.3,0.39,4.94,4.05,0.0,1.18,0.0,0.09,0.0,,,,30.72,2.59
2009,Panama,21.01,96.40048695,442.69,969.14,130.03,136.48,0.0,398.58,8.0,0.62,4.46,,,,5076.19,323.05
2009,Papua New Guinea,19.89,98.97373002,985.68,970.51,733.06,649.59,0.0,699.59,0.0,431.38,1.02,,,,39691.62,2513.63
2009,Paraguay,46.69,96.65040377,3192.32,6000.27,369.39,0.0,0.0,8802.21,3069.2,2.5,0.56,,,,18510.87,124.42
2009,Peru,164.13,109.7938818,16701.55,2517.5,1508.47,4.72,299.99,10041.74,380.41,5910.36,9701.08,,,,81989.48,659.34
2009,Philippines,114.19,102.2581901,2120.42,6739.43,897.4,576.5,0.0,1395.57,0.0,153.98,0.0,,,,11538.73,6249.29
2009,Pitcairn Islands,0.0,100.0,0.21,1.96,0.44,0.0,0.0,0.0,0.0,0.36,0.0,,,,0.0,1.96
2009,"Poland, Rep. of",566.11,100.5722237,3009.41,16346.55,454.7,0.0,0.0,566.39,92.72,8.89,2.7,,,,9592.96,505.33
2009,Portugal,159.75,105.2337535,1121.82,2050.23,95.39,0.0,0.0,1312.79,14.65,9.73,31.08,,,,2879.68,1212.06
2009,Puerto Rico,80.19,87.64747786,71.73,55.31,20.37,6.23,0.0,8.34,14.4,0.02,0.05,,,,605.99,40.47
2009,Qatar,34.18,94.08936252,5.95,21.87,14.02,0.0,0.0,5.11,0.01,17.24,1048.63,,,,8.88,3.67
2009,Romania,569.13,99.778989,2600.01,11487.24,287.73,0.0,0.0,177.87,299.56,8.81,6.86,,,,7768.49,601.22
2009,Russian Federation,2327.28,99.81355801,156936.47,157062.93,60220.8,0.0,5309.06,124609.46,81006.9,116332.21,31673.58,,,,955922.99,2314.97
2009,Rwanda,7.58,97.82124764,133.61,1315.11,160.93,0.0,0.0,213.06,82.39,0.02,0.01,,,,292.75,349.79
2009,Réunion,6.89,74.99364676,22.96,52.13,5.38,0.82,0.0,14.41,0.1,0.0,3.81,,,,141.16,4.32
2009,Saint Helena,1.4,99.16263523,9.4,0.9,2.08,0.0,0.0,1.25,0.0,18.45,3.18,,,,2.57,0.9
2009,Saint Pierre and Miquelon,0.18,100.0,0.61,0.0,3.15,0.0,0.0,9.89,4.67,0.1,0.29,,,,4.7,0.0
2009,Samoa,0.03,51.74837779,28.07,28.68,3.42,0.64,0.0,22.51,0.0,0.02,0.0,,,,122.54,79.86
2009,"San Marino, Rep. of",0.55,62.86652592,0.43,2.13,0.0,0.0,0.0,0.09,0.0,0.0,0.29,,,,0.47,2.13
2009,Saudi Arabia,223.85,94.88958626,170.15,2386.45,163.85,2.74,0.0,422.62,8.96,7278.47,182459.92,,,,113.81,178.46
2009,Senegal,35.05,99.95731312,2199.93,5424.93,320.11,192.07,0.0,7111.65,356.21,38.45,8.08,,,,3947.25,86.92
2009,"Serbia, Rep. of",87.9,100.587588,738.93,4180.69,71.95,0.0,0.0,183.4,10.73,4.26,7.21,,,,3261.74,302.79
2009,Seychelles,0.13,338.5300114,3.07,6.03,11.06,7.54,0.0,2.04,0.0,0.22,0.67,,,,7.21,11.46
2009,Sierra Leone,17.53,100.4944753,573.09,3309.42,47.74,235.62,0.0,453.14,17.24,0.0,4.89,,,,2228.04,317.13
2009,Singapore,17.96,99.84020279,4.5,15.98,5.11,3.39,0.0,1.11,0.0,0.08,0.0,,,,9.08,2.66
2009,Slovak Rep.,148.23,99.24606783,390.39,1901.58,31.96,0.0,0.0,94.58,2.17,1.85,3.49,,,,2296.42,33.02
2009,"Slovenia, Rep. of",30.14,97.16708665,160.0,357.51,4.29,0.0,0.0,90.52,1.73,2.68,8.04,,,,1278.25,98.76
2009,Solomon Islands,0.83,82.83612744,4.48,6.12,99.59,135.69,0.0,2.89,0.0,0.22,0.0,,,,2568.11,24.17
2009,Somalia,34.01,99.88743909,7319.3,5085.62,86.05,1.36,0.0,37320.3,60.84,5627.19,5726.93,,,,2361.25,120.21
2009,South Africa,451.95,99.20324737,24476.39,12994.93,547.23,47.84,0.0,64832.18,266.42,9219.92,719.61,,,,8502.43,410.58
2009,"South Sudan, Rep. of",0.0,,0.0,0.0,0.0,0.0,0.0,0.0,0.0,0.0,0.0,,,,0.0,0.0
2009,Spain,429.27,101.2728535,7389.04,16128.95,423.72,0.0,0.0,6152.34,52.97,961.36,510.1,,,,12493.81,6090.46
2009,Sri Lanka,67.79,97.35162081,494.37,1536.92,184.39,19.75,0.0,1269.23,0.02,7.41,1.53,,,,1830.35,1242.35
2009,St. Kitts and Nevis,0.37,90.44193217,2.52,4.19,1.39,0.19,0.0,0.52,0.17,0.0,0.0,,,,16.85,0.21
2009,St. Lucia,0.59,90.18007195,0.98,0.7,1.38,0.64,0.0,0.8,0.09,0.05,0.0,,,,53.68,1.8
2009,St. Vincent and the Grenadines,0.44,89.20863309,1.81,0.8,12.21,0.54,0.0,0.72,0.1,0.0,0.73,,,,34.0,1.2
2009,Sub-Saharan Africa,,102.5642205,,,,,,,,,,297586.8,289632.69,1418056.87,,
2009,Sudan,0.0,,0.0,0.0,0.0,0.0,0.0,0.0,0.0,0.0,0.0,,,,0.0,0.0
2009,Suriname,10.59,99.51390514,61.23,54.93,211.06,63.27,0.0,145.25,107.92,0.0,0.0,,,,13947.6,4.74
2009,Sweden,139.68,94.00775177,2215.47,3227.07,3834.16,0.0,23.79,1274.92,3173.76,1365.19,266.93,,,,29224.16,3.56
2009,Switzerland,134.75,99.29402823,1287.0,509.2,141.01,0.0,97.64,154.71,1.8,114.33,256.81,,,,1397.08,30.15
2009,Syrian Arab Rep.,92.26,101.3157522,478.51,4138.75,126.88,0.0,0.0,234.09,0.36,801.73,11838.36,,,,260.4,880.92
2009,"São Tomé and Príncipe, Dem. Rep. of",0.83,113.2183908,0.97,1.14,2.54,1.07,0.0,0.54,0.02,0.04,0.0,,,,87.78,5.12
2009,Taiwan Province of China,99.32,95.05657097,98.26,733.96,64.56,26.91,0.0,30.99,41.09,4.35,0.0,,,,2257.45,271.38
2009,"Tajikistan, Rep. of",29.07,99.28287041,6676.51,2133.65,138.47,0.0,1085.06,655.25,5.81,549.9,2305.65,,,,263.75,377.66
2009,"Tanzania, United Rep. of",56.63,100.075414,5390.46,21062.07,6108.05,61.5,0.0,17060.59,4481.64,96.54,243.32,,,,36948.36,3074.26
2009,Thailand,201.49,104.3834682,4093.77,23969.75,878.78,352.47,0.0,5287.35,13.14,31.02,0.18,,,,11021.96,5988.68
2009,"Timor-Leste, Dem. Rep. of",4.6,103.2714394,164.54,511.53,13.26,9.52,0.0,120.43,0.0,3.21,0.0,,,,355.19,316.41
2009,Togo,17.41,96.65862016,248.95,2110.16,21.28,0.19,0.0,870.46,1.19,0.02,0.11,,,,2268.41,176.56
2009,Tokelau,0.01,100.0,0.0,0.0,1.57,0.0,0.0,0.0,0.0,0.0,0.0,,,,0.0,0.0
2009,Tonga,0.07,94.09546742,4.03,13.92,9.32,1.04,0.0,2.6,0.0,0.16,0.0,,,,29.94,9.01
2009,Trinidad and Tobago,11.7,95.10305644,24.55,37.26,7.15,2.45,0.0,14.03,1.38,0.09,0.0,,,,385.85,32.79
2009,Tunisia,77.16,102.8431308,276.9,2387.94,139.12,0.0,0.0,132.69,0.51,1410.97,8921.44,,,,322.6,1966.28
2009,Turkmenistan,27.52,99.29892233,1413.03,4100.01,9050.86,0.0,0.0,6751.39,1.58,1279.26,32752.86,,,,81.21,123.62
2009,Turks and Caicos Islands,0.1,81.23474465,7.31,0.81,6.52,3.08,0.0,1.05,16.65,0.04,0.0,,,,16.89,0.81
2009,Tuvalu,0.01,100.0,0.1,0.45,3.47,0.0,0.0,0.05,0.0,0.09,0.0,,,,0.08,0.45
2009,"Türkiye, Rep. of",463.36,101.5833164,14284.74,31169.12,1385.43,0.0,0.0,6875.43,209.79,3214.92,1541.27,,,,14792.16,4296.32
2009,Uganda,36.81,98.97679409,1689.26,7789.15,3742.34,0.0,0.0,2607.02,376.06,0.02,0.25,,,,5470.09,2596.38
2009,Ukraine,1860.25,100.0045623,4218.89,41444.15,1471.2,0.0,0.0,403.5,49.3,37.48,22.17,,,,9344.08,1145.91
2009,United Arab Emirates,196.47,101.8474143,38.94,137.09,18.55,1.54,0.0,4.94,0.88,326.35,6270.93,,,,50.13,104.39
2009,United Kingdom,986.69,100.248084,11498.32,6498.61,460.89,0.0,0.0,766.88,1297.12,508.65,55.5,,,,2258.48,46.2
2009,United States,9338.77,99.56212897,199208.15,151847.48,19070.4,190.22,6536.75,199924.32,7613.96,19252.69,18345.55,,,,298782.38,2577.39
2009,United States Virgin Islands,4.69,94.84808454,2.97,2.49,3.91,0.88,0.0,0.18,1.78,0.0,0.0,,,,16.66,2.49
2009,Uruguay,40.27,102.1331866,11539.6,2774.16,448.44,0.0,0.0,685.0,282.71,1.24,3.43,,,,2016.6,39.18
2009,"Uzbekistan, Rep. of",204.92,100.8118412,3295.39,7660.82,885.31,0.0,37.42,4408.72,67.88,2558.15,25053.44,,,,239.75,649.47
2009,Vanuatu,0.28,120.620438,10.58,6.33,29.78,19.05,0.0,7.92,0.0,0.68,2.33,,,,1113.28,39.58
2009,"Venezuela, Rep. Bolivariana de",197.6,100.0500935,18087.11,8022.21,1428.1,322.22,0.05,7657.4,2017.18,545.34,104.24,,,,51269.43,2159.82
2009,Vietnam,152.18,106.5001283,2088.03,8499.76,757.1,187.94,0.0,5857.22,61.4,6.05,18.49,,,,10796.44,4519.71
2009,Wallis and Futuna Islands,0.03,100.0,1.1,0.72,3.76,0.0,0.0,0.86,0.0,0.0,0.0,,,,4.49,3.6
2009,West Bank and Gaza,18.55,109.807719,39.33,108.21,19.12,0.0,0.0,30.72,0.0,116.07,119.6,,,,33.37,139.23
2009,Western Sahara,1.3,90.8222134,0.54,3.45,7.2,0.0,0.0,0.0,0.0,20.0,26943.4,,,,0.26,3.45
2009,"Yemen, Rep. of",17.19,100.4801776,161.31,1614.86,109.88,0.13,0.0,1613.62,0.9,5168.82,36071.61,,,,460.97,387.51
2009,Zambia,47.43,100.1161936,3230.41,8303.75,1395.72,0.0,0.0,12447.08,2858.72,0.0,4.25,,,,47192.76,84.21
2009,Zimbabwe,38.14,99.91969058,2434.04,13349.28,438.86,0.0,0.0,11259.12,28.03,18.28,93.62,,,,11289.77,325.59
2010,"Afghanistan, Islamic Rep. of",47.78,100.0254397,24771.21,5825.04,63.78,0.0,317.57,3122.77,7.06,4061.65,24876.79,,,,1162.27,92.69
2010,Africa,,99.11041236,,,,,,,,,,328212.66,899464.01,1497903.36,,
2010,Albania,17.75,101.6528851,388.65,1048.44,57.2,0.0,0.0,313.39,6.51,33.39,50.43,,,,837.47,117.24
2010,Algeria,158.97,99.94310004,817.25,8817.41,154.64,0.0,0.0,2045.69,2.21,8219.64,208865.47,,,,1582.04,1068.38
2010,American Samoa,0.01,100.0,1.48,2.6,1.36,0.16,0.0,1.05,0.0,0.02,0.0,,,,8.21,5.17
2010,Americas,,99.01355862,,,,,,,,,,475499.38,304538.42,3167510.08,,
2010,"Andorra, Principality of",0.27,85.41879041,11.91,0.2,0.0,0.0,0.0,0.79,0.0,5.31,2.36,,,,26.76,0.2
2010,Angola,57.39,99.8051368,17342.88,5632.47,219.55,21.73,0.0,23072.55,723.28,33.48,2958.45,,,,75047.1,315.15
2010,Anguilla,0.07,91.55251142,4.73,0.04,1.22,0.05,0.0,0.12,0.88,0.0,0.02,,,,0.86,0.04
2010,Antigua and Barbuda,0.85,88.7804878,13.37,0.97,6.7,0.52,0.0,0.94,3.58,0.02,0.0,,,,18.85,0.24
2010,Argentina,435.78,99.7937088,15125.71,53490.83,4108.17,0.0,685.92,98438.91,9256.18,46866.34,12882.5,,,,35938.86,1407.54
2010,"Armenia, Rep. of",42.46,99.96687286,696.37,844.78,133.13,0.0,0.0,439.91,1.18,38.81,39.59,,,,625.69,103.78
2010,"Aruba, Kingdom of the Netherlands",0.24,37.00680375,2.96,0.57,0.77,0.02,0.0,11.31,0.25,1.17,0.0,,,,0.18,0.57
2010,Asia,,100.7798131,,,,,,,,,,681826.15,967459.08,1471186.2,,
2010,Australia,862.94,99.39936855,129093.22,52728.66,1405.19,2605.4,0.0,180027.62,10044.1,283390.0,35165.3,,,,75861.28,775.22
2010,Austria,174.64,99.40697867,1562.91,1655.49,69.29,0.0,34.13,316.84,12.63,116.41,200.3,,,,4170.25,79.27
2010,"Azerbaijan, Rep. of",65.13,99.82750384,978.52,3596.9,8007.67,0.0,0.0,990.41,3.74,841.33,408.58,,,,1170.04,434.12
2010,"Bahamas, The",8.96,96.4233219,160.96,10.72,269.38,80.05,0.0,41.31,246.4,3.39,0.49,,,,427.72,4.59
2010,"Bahrain, Kingdom of",15.49,97.85137646,2.14,0.56,3.77,0.01,0.0,0.21,0.09,2.18,39.19,,,,3.2,0.76
2010,Bangladesh,49.16,103.262585,891.38,8878.63,1166.65,417.17,0.0,806.21,36.61,1.31,26.24,,,,796.88,968.66
2010,Barbados,4.7,102.7962177,3.9,23.47,0.91,0.0,0.0,1.42,0.11,0.04,0.0,,,,7.21,1.96
2010,"Belarus, Rep. of",132.29,99.76599887,1192.99,9793.1,221.69,0.0,0.0,402.19,41.54,0.92,0.1,,,,8716.52,215.86
2010,Belgium,258.12,100.1300458,629.51,1358.38,16.62,0.0,0.0,95.51,10.7,0.49,0.57,,,,658.05,35.34
2010,Belize,1.98,92.40376264,88.29,101.77,64.83,49.08,0.0,103.15,11.03,0.0,0.64,,,,1732.28,43.42
2010,Benin,30.09,99.87251492,442.29,3080.03,22.65,6.95,0.0,3287.77,2.79,0.02,0.24,,,,3984.49,739.21
2010,Bermuda,0.19,100.0,0.04,0.08,3.05,0.0,0.0,0.01,0.74,1.99,0.0,,,,0.05,0.08
2010,Bhutan,0.13,100.1748252,539.37,62.9,1.13,0.0,104.63,103.4,0.08,4.78,6.43,,,,2951.33,7.75
2010,Bolivia,78.64,99.12449361,12041.04,5407.08,1319.79,0.0,85.86,12269.12,2954.79,6933.89,8837.48,,,,58850.3,279.71
2010,Bosnia and Herzegovina,27.55,99.77796353,710.93,1166.74,24.51,0.0,0.0,256.07,6.05,3.3,1.15,,,,2797.55,122.02
2010,Botswana,23.93,99.33912978,3562.96,2921.06,45.81,0.0,0.0,45271.8,770.46,56.14,915.39,,,,4546.86,22.56
2010,Brazil,1710.55,96.32487905,69831.86,138420.99,13253.6,620.73,0.0,149494.12,14037.8,146.75,370.1,,,,438296.62,27606.11
2010,British Virgin Islands,0.93,67.85714286,1.42,0.02,3.12,1.32,0.0,0.04,2.22,0.03,0.0,,,,6.23,0.02
2010,Brunei Darussalam,4.7,95.23615635,9.64,18.69,8.6,19.36,0.0,6.79,0.0,0.22,0.0,,,,498.05,28.04
2010,Bulgaria,152.21,98.98233095,752.0,5211.44,125.74,0.0,0.0,336.45,10.08,13.45,56.69,,,,4210.87,268.26
2010,Burkina Faso,23.99,104.0831269,5837.88,16184.96,94.98,0.0,0.0,3064.09,26.68,118.08,109.47,,,,1413.78,622.01
2010,Burundi,6.68,92.29196611,479.71,1027.11,199.04,0.0,0.0,296.61,24.1,0.0,0.0,,,,237.81,432.47
2010,Cabo Verde,2.23,101.2734702,52.87,20.08,36.01,0.0,0.0,142.91,2.83,5.69,136.59,,,,8.58,1.2
2010,Cambodia,10.32,99.81265144,1247.64,6727.18,408.69,42.44,0.0,1624.16,660.31,0.28,2.22,,,,7251.25,278.21
2010,Cameroon,46.99,98.48702148,1689.9,4744.57,357.85,248.44,0.0,2397.79,180.07,0.0,1.32,,,,36028.27,1147.88
2010,Canada,839.14,99.91035786,159279.28,52398.89,103339.0,0.0,18314.8,53875.74,7788.27,105349.1,39645.48,,,,442018.39,246.1
2010,Cayman Islands,0.69,84.29207793,0.67,0.87,2.79,8.4,0.0,0.32,0.64,0.04,0.0,,,,9.55,2.18
2010,Central African Rep.,11.36,102.7440398,5014.03,916.81,92.11,0.0,0.0,4666.29,23.35,0.0,0.47,,,,51599.04,41.49
2010,Chad,17.9,99.1707362,15220.93,18566.0,364.74,0.0,0.0,14665.64,687.25,7609.41,64033.91,,,,5911.02,154.72
2010,Chile,151.51,99.51587226,5064.45,2342.17,2745.94,0.0,2797.08,14468.1,31.62,11877.83,13928.2,,,,21232.11,857.44
2010,"China, P.R.: Hong Kong",13.95,100.498467,7.77,11.33,13.63,2.27,0.0,5.83,0.33,0.05,0.0,,,,50.67,3.24
2010,"China, P.R.: Macao",0.56,96.94359756,0.15,0.23,0.18,0.01,0.0,0.02,0.03,0.0,0.0,,,,0.19,0.23
2010,"China, P.R.: Mainland",7154.34,101.3148511,289785.1,197350.85,12430.8,171.42,6286.23,23354.14,3272.93,22595.71,166810.78,,,,183403.14,23820.3
2010,Colombia,169.53,126.6642535,16957.21,5289.37,1410.7,373.83,6.7,7393.07,2434.4,532.76,25.1,,,,75164.13,4770.33
2010,"Comoros, Union of the",1.56,94.03626133,13.62,7.13,4.14,0.68,0.0,20.15,0.0,0.0,0.0,,,,112.51,5.82
2010,"Congo, Dem. Rep. of the",128.93,100.3965304,7109.81,20231.61,4340.51,256.93,0.0,7500.93,4957.76,2.71,34.73,,,,187424.72,2475.12
2010,"Congo, Rep. of",18.66,99.90169905,2012.35,2410.98,294.82,76.1,0.0,2202.99,83.91,0.0,0.17,,,,26876.47,312.01
2010,Cook Islands,0.01,113.6055784,1.27,2.0,3.52,0.0,0.0,0.86,0.08,1.23,0.0,,,,10.91,4.67
2010,Costa Rica,29.02,99.19135097,300.43,278.79,42.77,36.31,0.0,259.3,3.27,0.0,2.36,,,,3784.7,390.3
2010,"Croatia, Rep. of",59.73,99.81885671,559.24,1988.66,90.28,0.0,0.0,268.26,26.67,30.85,9.24,,,,2439.83,184.7
2010,Cuba,56.68,103.6532481,1230.42,3593.12,407.63,408.07,0.0,421.71,194.29,0.97,0.61,,,,4340.45,445.96
2010,Cyprus,22.86,92.71296613,86.78,221.04,16.99,0.0,0.0,116.17,0.66,136.07,73.02,,,,181.12,80.01
2010,Czech Rep.,260.6,100.0611295,976.71,3520.57,59.05,0.0,0.0,223.39,7.95,4.79,0.34,,,,2767.29,55.12
2010,Côte d'Ivoire,102.18,100.084885,1315.94,5609.32,284.87,12.17,0.0,3600.21,1.8,0.0,0.0,,,,12755.21,8704.11
2010,Denmark,125.74,100.8719731,508.79,2871.21,270.51,0.0,0.0,92.81,57.66,0.93,2.12,,,,499.33,5.93
2010,Djibouti,1.35,93.33290526,67.66,1.59,24.62,0.78,0.0,24.68,93.88,48.88,1914.22,,,,1.96,0.7
2010,Dominica,0.22,83.87096774,0.19,0.04,1.29,3.15,0.0,0.03,0.0,0.26,0.0,,,,69.95,0.11
2010,Dominican Rep.,49.17,93.49506885,757.05,812.29,60.86,19.91,0.0,138.99,204.12,2.03,0.37,,,,2382.84,406.14
2010,Ecuador,77.07,110.6963882,1836.63,1146.72,317.85,217.34,12.45,3067.37,114.2,35.1,355.66,,,,17238.38,1344.87
2010,"Egypt, Arab Rep. of",181.2,101.8795441,270.96,3606.02,805.46,1.95,0.0,80.48,1104.96,1183.54,90529.36,,,,43.0,1001.6
2010,El Salvador,21.14,94.65978287,52.32,302.74,47.8,43.24,0.0,42.62,1.4,0.01,1.32,,,,1473.28,99.78
2010,Emerging and Developing Countries Asia excluding China,,100.9566455,,,,,,,,,,290082.71,108137.94,596742.14,,
2010,Emerging and Developing Countries Europe,,100.083998,,,,,,,,,,296624.48,153079.67,1508149.46,,
2010,Emerging and Developing Economies,,100.4356999,,,,,,,,,,1523562.38,2136042.73,6096969.64,,
2010,"Equatorial Guinea, Rep. of",3.56,99.77858309,27.34,117.91,18.11,40.47,0.0,14.56,0.76,0.0,0.0,,,,2393.96,100.44
2010,"Eritrea, The State of",10.31,100.034509,2531.5,1699.98,58.65,8.02,0.0,1684.21,23.31,798.02,4916.96,,,,440.68,4.93
2010,"Estonia, Rep. of",20.95,98.35974972,394.14,975.69,242.83,0.0,0.0,148.44,190.55,2.31,1.24,,,,2534.06,10.74
2010,"Eswatini, Kingdom of",2.6,100.0733116,273.32,534.97,6.87,0.0,0.0,196.75,8.17,0.29,26.13,,,,638.92,48.36
2010,"Ethiopia, The Federal Dem. Rep. of",47.32,101.6817097,11771.29,18598.41,767.19,0.0,0.0,49486.11,253.33,294.26,7244.49,,,,23734.29,1427.6
2010,Europe,,100.0178132,,,,,,,,,,375652.55,169483.51,1739078.92,,
2010,Falkland Islands (Malvinas),0.01,99.99917129,1030.34,0.04,63.89,0.0,0.0,35.99,0.1,9.89,8.34,,,,58.06,0.04
2010,Faroe Islands,0.0,100.0,97.96,1.27,5.92,0.0,0.0,12.06,2.46,6.78,0.51,,,,10.58,1.27
2010,"Fiji, Rep. of",2.28,84.65793456,62.17,159.95,59.79,43.95,0.0,39.94,0.0,4.67,0.0,,,,1247.18,209.81
2010,Finland,41.39,98.274593,797.81,2459.65,3316.66,0.0,0.0,877.33,2434.85,527.13,20.98,,,,23069.08,4.47
2010,France,1270.1,99.88813305,11367.1,24213.81,435.99,0.0,25.03,1467.21,163.39,255.83,217.23,,,,14105.31,1337.8
2010,French Polynesia,0.41,104.0008301,20.33,11.8,86.91,1.84,0.0,13.75,0.0,38.36,0.0,,,,126.38,103.8
2010,Gabon,14.63,99.34609643,659.11,678.32,313.9,209.79,0.0,730.31,18.09,0.0,0.0,,,,23601.84,354.81
2010,"Gambia, The",7.06,98.79592701,47.81,585.3,92.8,143.28,0.0,118.19,4.22,0.0,1.43,,,,119.25,9.1
2010,Georgia,67.17,97.47888304,948.46,1291.13,36.31,0.0,37.86,621.62,9.77,47.7,115.78,,,,3397.52,408.58
2010,Germany,1820.82,100.2323399,6427.05,14897.54,450.34,0.0,0.0,856.54,111.97,20.76,11.95,,,,10825.2,250.26
2010,Ghana,146.47,100.3126779,866.23,6372.55,699.51,25.61,0.0,3644.75,10.56,0.5,5.89,,,,8859.15,3421.21
2010,Gibraltar,0.3,94.11764706,0.06,0.02,0.02,0.0,0.0,0.07,0.02,0.0,0.0,,,,0.14,0.02
2010,Greece,125.64,104.3012432,1390.42,3347.74,362.7,0.0,0.0,3026.49,21.38,70.42,249.56,,,,3194.42,1482.81
2010,Greenland,0.06,100.0,6118.77,0.0,5544.14,0.0,175240.0,1015.41,104.35,26506.1,680.25,,,,130.92,0.0
2010,Grenada,0.6,93.61272346,1.76,0.14,1.45,0.16,0.0,0.14,0.0,0.0,0.0,,,,27.69,0.27
2010,Guadeloupe,3.19,61.22357072,9.61,23.56,5.6,3.29,0.0,2.13,3.61,0.05,0.02,,,,115.85,3.82
2010,Guam,0.01,90.24390244,48.45,0.36,1.92,0.0,0.0,0.14,0.0,0.02,0.0,,,,0.37,3.2
2010,Guatemala,53.07,108.1472272,1192.42,1057.43,134.64,36.52,0.0,726.55,19.38,0.0,2.29,,,,7065.56,683.71
2010,Guinea,29.35,99.48603097,789.93,2846.91,89.91,250.46,0.0,3439.37,1.11,0.0,1.81,,,,16316.91,687.19
2010,Guinea-Bissau,2.97,94.72703202,107.91,280.35,48.94,256.2,0.0,167.96,1.55,0.03,2.12,,,,1978.1,233.63
2010,Guyana,14.54,99.64970899,301.02,170.37,177.24,6.93,0.0,1140.91,144.59,2.78,3.89,,,,19338.71,11.36
2010,Haiti,23.94,102.8769967,1479.02,297.13,43.23,13.13,0.0,42.76,294.99,6.13,0.01,,,,438.95,79.07
2010,Holy See,0.05,100.0,0.01,0.0,0.0,0.0,0.0,0.0,0.0,0.0,0.0,,,,0.01,0.0
2010,Honduras,29.83,103.2558225,1191.84,751.84,123.43,63.09,0.0,723.76,14.51,0.23,0.43,,,,8022.52,354.5
2010,Hungary,280.84,99.89605286,1067.6,5728.98,135.8,0.0,0.0,73.71,53.46,1.5,1.05,,,,1719.27,245.23
2010,Iceland,3.16,100.0,3604.01,0.0,333.07,0.0,1102.48,75.27,722.64,2328.67,2006.96,,,,37.16,0.0
2010,India,1542.51,100.5464584,25169.61,178141.58,4882.61,344.31,783.16,21349.08,711.67,515.76,1242.78,,,,48944.07,13870.42
2010,Indonesia,1059.69,101.3749377,9865.85,21660.33,3983.23,4084.78,0.0,7364.53,0.0,1785.65,0.0,,,,120689.76,19455.38
2010,"Iran, Islamic Rep. of",343.24,99.94003187,7205.23,23688.53,6282.01,1.17,0.0,6821.86,81.37,11660.29,106492.63,,,,3053.22,2574.18
2010,Iraq,122.66,99.83140579,922.43,7988.56,485.44,0.0,0.0,348.99,32.05,362.46,32769.2,,,,239.82,439.37
2010,Ireland,64.13,99.71549659,4740.15,450.83,199.57,0.0,0.0,167.24,860.06,24.8,24.01,,,,435.09,2.05
2010,Isle of Man,1.23,98.40066544,38.53,3.03,1.14,0.0,0.0,2.64,0.0,0.01,0.82,,,,6.46,3.03
2010,Israel,57.49,102.3958528,85.5,381.01,47.52,0.0,0.0,63.45,0.09,76.87,1188.22,,,,76.54,100.31
2010,Italy,899.94,99.8866127,3418.03,10529.1,412.17,0.0,42.31,1357.63,31.54,246.09,667.52,,,,8708.11,3869.24
2010,Jamaica,19.33,92.31921078,100.84,85.48,9.89,8.77,0.0,12.61,7.18,0.15,0.0,,,,807.64,51.5
2010,Japan,1487.44,99.75437104,1361.54,7010.96,951.8,2.89,0.0,878.99,78.19,5.19,3.41,,,,25142.54,509.2
2010,Jordan,30.13,93.63536683,40.8,345.61,46.1,0.0,0.0,8.49,0.06,166.67,8122.62,,,,15.59,160.94
2010,"Kazakhstan, Rep. of",252.18,99.5891374,88906.78,46824.07,17881.4,0.0,113.64,21744.77,1215.82,62230.5,34899.13,,,,9600.78,189.85
2010,Kenya,21.22,100.231124,15260.68,10973.89,1241.32,17.55,0.0,20549.57,941.77,281.08,1905.68,,,,6419.95,1017.58
2010,Kiribati,0.02,100.0,2.8,2.74,84.16,0.05,0.0,0.29,0.0,9.33,0.0,,,,1.44,43.86
2010,"Korea, Dem. People's Rep. of",60.06,99.86919521,311.47,3522.98,211.18,0.0,0.0,124.37,6.01,24.46,16.9,,,,7644.84,337.62
2010,"Korea, Rep. of",157.14,97.2299273,333.65,3467.3,254.92,0.0,0.0,151.65,7.37,63.27,33.44,,,,4982.66,478.57
2010,Kuwait,26.92,98.11187114,5.87,20.9,5.45,0.0,0.0,3.68,10.54,11.0,1642.11,,,,6.21,12.54
2010,Kyrgyz Rep.,41.22,99.827406,8492.39,3688.34,719.4,0.0,609.51,821.88,0.0,2137.34,1799.42,,,,1411.87,214.45
2010,Lao People's Dem. Rep.,7.42,100.1916163,1481.05,2914.8,213.91,0.0,0.0,7375.01,91.37,0.0,0.0,,,,10807.3,270.66
2010,Latin America and the Caribbean,,98.45079715,,,,,,,,,,260944.75,121898.34,1648804.71,,
2010,Latvia,25.55,100.0623594,731.23,1691.38,123.21,0.0,0.0,216.51,132.65,0.12,0.12,,,,3509.31,10.09
2010,Lebanon,16.16,92.75614278,60.06,235.77,2.26,0.0,0.0,224.49,0.0,118.22,49.63,,,,48.79,260.59
2010,"Lesotho, Kingdom of",4.03,100.3581608,1398.25,701.44,6.87,0.0,0.0,758.31,0.91,0.17,0.69,,,,176.51,8.71
2010,Liberia,17.12,101.3119039,411.14,3173.3,48.25,25.42,0.0,195.33,2.38,0.0,0.0,,,,4609.91,1189.99
2010,Libya,68.14,98.99621149,126.96,1729.58,51.75,0.0,0.0,200.07,23.93,3840.32,155772.8,,,,141.67,337.65
2010,Liechtenstein,0.81,95.83875408,3.67,0.55,0.07,0.0,0.0,0.55,0.02,0.04,0.15,,,,8.53,0.55
2010,Lithuania,54.89,100.6640445,629.32,3267.27,121.02,0.0,0.0,181.15,30.99,0.59,0.89,,,,2144.8,47.15
2010,Luxembourg,11.4,100.0551633,77.97,79.29,0.75,0.0,0.0,12.96,0.02,0.05,0.0,,,,78.16,1.92
2010,"Madagascar, Rep. of",30.1,98.91676463,21878.48,3597.49,467.84,170.13,0.0,9178.13,292.68,59.92,341.02,,,,22418.72,719.5
2010,Malawi,18.43,101.7902917,636.82,5517.15,2441.03,0.0,0.0,401.7,232.65,0.33,12.9,,,,2467.75,212.8
2010,Malaysia,227.53,107.0477329,1671.83,721.46,446.04,654.85,0.0,1375.34,0.0,16.97,0.0,,,,22803.69,5278.16
2010,Maldives,0.08,91.85667752,0.33,2.74,106.26,0.02,0.0,0.65,0.0,0.86,0.18,,,,0.42,1.4
2010,Mali,23.7,99.53315321,16083.07,21368.47,380.33,0.0,0.0,8912.99,307.37,4613.44,70170.83,,,,3460.4,511.94
2010,Malta,5.56,99.43531828,1.91,13.81,1.56,0.0,0.0,0.45,0.0,0.35,4.56,,,,1.58,1.9
2010,"Marshall Islands, Rep. of the",0.05,84.21052632,0.15,0.11,161.27,0.0,0.0,0.04,0.0,2.9,0.0,,,,0.13,1.81
2010,Martinique,2.98,90.92425671,3.92,7.65,3.12,1.83,0.0,2.92,0.18,0.0,0.0,,,,83.23,5.55
2010,"Mauritania, Islamic Rep. of",21.15,101.3610561,11547.93,1775.83,61.48,3.37,0.0,767.65,184.09,5005.83,84709.62,,,,264.42,39.46
2010,Mauritius,8.45,92.03404684,15.55,98.37,5.94,1.02,0.0,12.01,0.02,0.03,0.08,,,,55.72,4.92
2010,Mayotte,0.18,92.68292683,1.99,0.2,2.42,1.99,0.0,3.02,0.01,0.0,0.0,,,,28.47,0.04
2010,Mexico,907.73,100.1497541,17918.42,24902.23,1847.05,825.72,0.0,70773.71,65.68,59.24,2766.35,,,,73009.14,2878.64
2010,"Micronesia, Federated States of",3.11,99.81275468,0.9,1.75,48.84,27.2,0.0,0.25,0.0,0.4,0.0,,,,26.11,1.75
2010,Middle East and Central Asia,,93.24642197,,,,,,,,,,174170.94,1274215.04,382012.57,,
2010,"Moldova, Rep. of",157.6,97.78740937,181.98,2319.69,34.26,0.0,0.0,7.04,3.78,0.26,0.0,,,,290.03,382.56
2010,Monaco,0.2,100.0,0.07,0.21,0.0,0.0,0.0,0.03,0.0,0.0,0.0,,,,0.05,0.21
2010,Mongolia,45.48,98.74524626,32900.18,5843.32,1473.29,0.0,62.0,2794.9,371.59,34679.92,68978.15,,,,9228.24,14.18
2010,Montenegro,5.88,143.021051,244.43,193.55,30.33,0.0,0.0,131.56,10.01,8.87,3.46,,,,732.69,18.0
2010,Montserrat,0.0,96.96923638,0.21,0.31,0.54,0.12,0.0,0.21,0.99,0.43,0.0,,,,7.16,0.31
2010,Morocco,124.3,103.1347831,1094.11,6916.27,83.97,0.0,0.0,2277.11,0.18,9663.7,18676.74,,,,1567.95,1126.57
2010,"Mozambique, Rep. of",42.83,99.83537565,3834.55,9394.88,1491.07,511.16,0.0,15633.82,1798.09,42.59,601.57,,,,45314.26,498.84
2010,Myanmar,68.8,100.6498452,4559.9,16645.74,1014.11,419.17,1.57,12826.04,62.19,2.12,1.25,,,,29272.85,2164.82
2010,Namibia,53.27,99.54076017,39385.81,2203.05,501.38,0.0,0.0,17706.33,128.8,2804.91,15174.81,,,,4670.25,24.78
2010,"Nauru, Rep. of",0.0,100.0,0.11,0.84,0.18,0.0,0.0,0.02,0.0,0.14,0.0,,,,0.03,0.84
2010,Nepal,19.89,102.6806412,3214.5,2996.59,30.53,0.0,488.22,527.92,2.31,10.32,186.54,,,,7114.08,208.94
2010,New Caledonia,2.64,102.1033787,60.24,165.36,29.28,58.51,0.0,105.78,0.0,107.94,0.0,,,,1245.87,92.41
2010,New Zealand,198.91,101.6187565,14186.58,448.22,683.76,21.96,108.45,2372.9,125.4,178.79,981.66,,,,7692.71,63.77
2010,Nicaragua,17.43,101.257244,1399.29,1350.76,1035.24,95.98,0.0,967.77,37.5,0.24,2.74,,,,7753.68,256.25
2010,Niger,9.38,99.86138844,15379.12,7667.97,40.88,0.0,0.0,1272.06,203.43,13248.61,80221.79,,,,811.78,50.78
2010,Nigeria,389.0,99.24194789,7504.07,41646.55,948.03,865.92,0.0,11456.5,388.49,60.44,16.45,,,,20655.62,7532.07
2010,Niue,0.03,100.0,0.78,1.31,0.53,0.0,0.0,0.46,0.0,0.0,0.0,,,,19.7,3.66
2010,Norfolk Island,0.0,100.0,0.36,1.32,0.33,0.0,0.0,0.09,0.0,0.0,0.05,,,,0.42,1.32
2010,"North Macedonia, Republic of ",19.52,100.9495539,450.39,736.05,51.59,0.0,0.0,128.06,2.02,3.54,9.57,,,,1082.12,62.23
2010,Northern Mariana Islands,0.02,100.0,16.48,9.79,3.45,0.03,0.0,0.53,0.0,0.07,0.02,,,,7.49,9.79
2010,Norway,234.16,95.06828299,3564.13,1057.4,2240.68,0.0,3532.34,1628.9,2679.61,6408.58,3631.32,,,,13622.09,5.76
2010,Oceania,,99.32958957,,,,,,,,,,55467.27,320170.72,476863.83,,
2010,Oman,25.59,76.35682611,18.88,137.76,38.74,0.0,0.0,56.68,3.28,1817.84,28702.28,,,,41.97,153.82
2010,Pakistan,219.48,99.77341026,18859.57,24220.72,529.28,8.49,210.93,6872.31,382.81,2811.62,21956.44,,,,2390.38,702.15
2010,"Palau, Rep. of",0.05,70.95207922,1.3,0.39,4.94,4.05,0.0,1.18,0.0,0.09,0.0,,,,30.72,2.59
2010,Panama,21.69,96.33733157,441.62,967.81,130.04,136.49,0.0,397.78,7.88,0.62,4.43,,,,5081.2,320.68
2010,Papua New Guinea,19.96,98.89459228,985.66,969.65,733.8,649.83,0.0,699.51,0.0,431.69,1.02,,,,39693.55,2511.39
2010,Paraguay,47.78,97.68194191,3222.51,6063.72,373.29,0.0,0.0,9369.27,3080.52,2.61,0.57,,,,17828.51,129.66
2010,Peru,166.8,109.3657279,16706.39,2504.37,1508.75,4.74,299.99,10036.81,381.16,5921.4,9672.29,,,,82001.93,674.01
2010,Philippines,119.88,98.60513257,2120.86,6488.9,896.04,576.59,0.0,1395.99,0.0,154.14,0.0,,,,11544.2,6488.9
2010,Pitcairn Islands,0.0,100.0,0.21,1.96,0.44,0.0,0.0,0.0,0.0,0.36,0.0,,,,0.0,1.96
2010,"Poland, Rep. of",566.65,100.0957303,3010.66,16265.87,454.49,0.0,0.0,567.49,92.81,8.91,2.7,,,,9590.35,585.81
2010,Portugal,164.59,103.6740466,1129.02,2012.64,95.31,0.0,0.0,1321.64,14.66,10.03,31.01,,,,2856.07,1252.23
2010,Puerto Rico,81.99,90.40103493,71.69,57.77,20.33,6.24,0.0,8.27,14.38,0.02,0.05,,,,605.98,36.4
2010,Qatar,34.64,94.40993789,6.01,21.6,14.02,0.0,0.0,5.11,0.01,17.14,1048.14,,,,8.97,3.9
2010,Romania,576.51,99.90718368,2599.83,11495.36,287.89,0.0,0.0,177.59,300.57,8.8,6.84,,,,7771.62,581.93
2010,Russian Federation,2344.45,99.90824018,157323.07,157196.81,59983.6,0.0,5309.06,125123.29,81309.6,116340.14,31685.84,,,,954782.3,2316.94
2010,Rwanda,7.9,98.2882965,133.57,1321.1,160.95,0.0,0.0,213.03,82.39,0.02,0.01,,,,292.6,343.67
2010,Réunion,7.34,75.75302927,23.43,52.28,5.36,0.78,0.0,14.81,0.09,0.0,3.8,,,,139.81,4.29
2010,Saint Helena,1.41,99.59377712,9.39,0.9,2.08,0.0,0.0,1.25,0.0,18.45,3.18,,,,2.57,0.9
2010,Saint Pierre and Miquelon,0.18,100.0,0.61,0.0,3.15,0.0,0.0,9.89,4.67,0.1,0.29,,,,4.7,0.0
2010,Samoa,0.03,66.18601298,28.07,36.69,3.42,0.64,0.0,22.51,0.0,0.02,0.0,,,,122.54,71.85
2010,"San Marino, Rep. of",0.56,62.99765808,0.43,2.13,0.0,0.0,0.0,0.09,0.0,0.0,0.29,,,,0.47,2.13
2010,Saudi Arabia,229.96,95.59075179,170.37,2399.63,163.6,2.77,0.0,422.38,8.97,7275.19,182451.11,,,,114.89,170.54
2010,Senegal,35.78,100.1152033,2197.07,5432.83,321.19,192.19,0.0,7105.51,355.73,38.28,7.53,,,,3947.51,87.05
2010,"Serbia, Rep. of",90.13,100.6384793,738.67,4180.61,72.03,0.0,0.0,183.2,10.77,4.25,7.29,,,,3263.22,299.41
2010,Seychelles,0.13,367.5824176,3.08,6.56,11.06,7.52,0.0,2.05,0.0,0.22,0.67,,,,7.22,10.93
2010,Sierra Leone,17.9,100.7149805,574.26,3316.35,47.72,235.54,0.0,454.13,17.28,0.0,4.89,,,,2221.0,314.77
2010,Singapore,18.5,100.3823529,4.54,15.63,5.07,3.36,0.0,1.1,0.0,0.08,0.0,,,,9.16,2.44
2010,Slovak Rep.,148.24,99.19163828,391.29,1900.45,31.96,0.0,0.0,95.12,2.19,1.85,3.49,,,,2294.43,34.68
2010,"Slovenia, Rep. of",30.22,98.15120156,164.25,361.36,4.29,0.0,0.0,93.51,1.73,2.68,8.08,,,,1264.57,101.25
2010,Solomon Islands,0.84,83.07508939,4.52,6.13,99.55,135.7,0.0,2.96,0.0,0.22,0.0,,,,2567.64,24.52
2010,Somalia,34.17,99.98271393,7277.74,5090.34,86.03,1.36,0.0,37310.62,60.84,5660.89,5743.7,,,,2357.01,120.32
2010,South Africa,462.21,99.14486679,24469.95,12976.75,547.06,47.86,0.0,64853.38,266.5,9212.57,719.26,,,,8468.66,445.22
2010,"South Sudan, Rep. of",0.0,,0.0,0.0,0.0,0.0,0.0,0.0,0.0,0.0,0.0,,,,0.0,0.0
2010,Spain,442.47,101.5285084,7391.93,16157.54,429.78,0.0,0.0,6157.09,52.79,959.09,508.35,,,,12480.32,6052.63
2010,Sri Lanka,69.99,96.96275062,494.98,1528.31,184.41,19.76,0.0,1268.34,0.02,7.41,1.53,,,,1831.24,1248.12
2010,St. Kitts and Nevis,0.38,92.46031746,2.52,4.28,1.39,0.19,0.0,0.52,0.17,0.0,0.0,,,,16.85,0.1
2010,St. Lucia,0.59,90.19492863,0.98,0.7,1.38,0.64,0.0,0.8,0.09,0.05,0.0,,,,53.67,1.8
2010,St. Vincent and the Grenadines,0.45,89.91094795,1.81,0.8,12.21,0.54,0.0,0.72,0.1,0.0,0.73,,,,34.0,1.2
2010,Sub-Saharan Africa,,102.4427389,,,,,,,,,,297234.31,289305.25,1418736.7,,
2010,Sudan,0.0,,0.0,0.0,0.0,0.0,0.0,0.0,0.0,0.0,0.0,,,,0.0,0.0
2010,Suriname,10.63,97.87376706,61.35,53.81,211.07,63.26,0.0,145.35,108.1,0.0,0.0,,,,13947.12,5.87
2010,Sweden,140.22,96.63383222,2239.22,3320.58,3834.45,0.0,23.79,1289.76,3179.49,1348.16,266.85,,,,29102.5,3.68
2010,Switzerland,134.81,99.47573744,1292.13,510.32,141.03,0.0,97.64,156.03,1.8,114.36,256.84,,,,1389.17,30.36
2010,Syrian Arab Rep.,94.37,101.0408487,478.94,4125.18,126.98,0.0,0.0,234.23,0.36,808.11,11835.76,,,,260.37,888.05
2010,"São Tomé and Príncipe, Dem. Rep. of",0.83,117.2296622,0.98,1.21,2.54,1.07,0.0,0.54,0.02,0.04,0.0,,,,87.6,5.23
2010,Taiwan Province of China,104.23,95.74356747,98.57,735.07,64.52,26.89,0.0,30.94,40.77,4.37,0.0,,,,2258.62,264.28
2010,"Tajikistan, Rep. of",30.56,99.08127127,6668.57,2127.77,138.47,0.0,1085.06,655.01,5.81,554.12,2310.56,,,,263.69,381.17
2010,"Tanzania, United Rep. of",58.58,100.255611,5399.26,21098.16,6108.39,61.49,0.0,17093.69,4499.51,96.16,243.33,,,,36837.4,3087.51
2010,Thailand,212.23,103.8219369,4097.33,23828.99,878.16,352.61,0.0,5280.78,13.3,31.09,0.18,,,,11024.88,6119.06
2010,"Timor-Leste, Dem. Rep. of",4.61,103.1333787,164.51,510.83,13.2,9.52,0.0,120.41,0.0,3.21,0.0,,,,355.33,317.07
2010,Togo,17.89,96.90684552,249.29,2115.14,21.28,0.19,0.0,862.83,1.19,0.02,0.11,,,,2270.53,176.26
2010,Tokelau,0.01,100.0,0.0,0.0,1.57,0.0,0.0,0.0,0.0,0.0,0.0,,,,0.0,0.0
2010,Tonga,0.07,94.09546742,4.03,13.92,9.32,1.04,0.0,2.6,0.0,0.16,0.0,,,,29.94,9.01
2010,Trinidad and Tobago,12.33,96.17141185,24.8,37.18,7.15,2.45,0.0,14.11,1.36,0.09,0.0,,,,385.06,32.72
2010,Tunisia,78.2,102.2979203,277.38,2373.83,139.08,0.0,0.0,132.7,0.51,1401.7,8922.35,,,,322.83,1987.02
2010,Turkmenistan,28.66,99.47883821,1415.01,4106.35,9052.31,0.0,0.0,6751.36,1.47,1281.98,32735.86,,,,81.36,127.0
2010,Turks and Caicos Islands,0.1,81.23474465,7.31,0.81,6.52,3.08,0.0,1.05,16.65,0.04,0.0,,,,16.89,0.81
2010,Tuvalu,0.01,100.0,0.1,0.45,3.47,0.0,0.0,0.05,0.0,0.09,0.0,,,,0.08,0.45
2010,"Türkiye, Rep. of",475.02,101.3700037,14284.33,31091.08,1393.23,0.0,0.0,6882.36,209.77,3198.29,1529.83,,,,14790.92,4377.82
2010,Uganda,37.86,99.51329001,1687.27,7830.52,3742.37,0.0,0.0,2608.16,376.03,0.02,0.25,,,,5472.73,2552.17
2010,Ukraine,1862.06,99.99900056,4217.63,41439.91,1469.06,0.0,0.0,402.55,49.42,36.79,22.22,,,,9352.71,1144.55
2010,United Arab Emirates,196.69,100.4764619,38.97,132.38,18.55,1.54,0.0,4.94,0.88,326.34,6270.67,,,,50.16,109.09
2010,United Kingdom,987.4,100.1806671,11499.65,6492.86,460.54,0.0,0.0,767.09,1296.45,509.51,55.52,,,,2258.27,50.03
2010,United States,9500.7,99.64026241,199320.83,151811.79,19073.5,190.13,6536.75,200059.55,7624.26,19283.29,18359.66,,,,298327.21,2598.92
2010,United States Virgin Islands,4.77,95.87829179,2.98,2.49,3.91,0.84,0.0,0.18,1.76,0.0,0.0,,,,16.64,2.49
2010,Uruguay,40.89,100.9610481,11533.64,2741.24,449.04,0.0,0.0,673.78,279.5,1.24,3.43,,,,2056.63,51.24
2010,"Uzbekistan, Rep. of",213.24,100.6801374,3301.64,7642.21,1046.33,0.0,37.42,4408.71,67.88,2560.86,24884.94,,,,240.35,657.61
2010,Vanuatu,0.28,112.0437956,10.14,5.86,29.83,19.05,0.0,7.7,0.0,0.68,2.33,,,,1117.29,36.65
2010,"Venezuela, Rep. Bolivariana de",201.89,100.0471722,18094.4,8017.68,1427.92,322.36,0.05,7653.69,2018.61,538.41,104.18,,,,51272.9,2158.61
2010,Vietnam,162.45,103.9419272,2093.99,8281.67,755.83,189.87,0.0,5861.61,62.31,6.17,18.49,,,,10776.75,4735.2
2010,Wallis and Futuna Islands,0.03,100.0,1.1,0.72,3.76,0.0,0.0,0.86,0.0,0.0,0.0,,,,4.49,3.6
2010,West Bank and Gaza,19.1,111.8243243,39.32,109.99,19.12,0.0,0.0,30.69,0.0,116.7,119.43,,,,33.44,136.42
2010,Western Sahara,1.31,91.01338432,0.54,3.45,7.2,0.0,0.0,0.0,0.0,20.0,26943.4,,,,0.26,3.45
2010,"Yemen, Rep. of",18.06,101.9534723,161.26,1637.92,109.79,0.13,0.0,1613.78,0.9,5177.51,36060.86,,,,461.2,365.39
2010,Zambia,48.46,100.1080806,3230.65,8302.03,1396.81,0.0,0.0,12444.79,2858.66,0.0,4.44,,,,47190.47,87.9
2010,Zimbabwe,39.31,99.88715218,2428.24,13343.73,437.93,0.0,0.0,11255.5,28.15,18.28,93.61,,,,11296.33,333.59
2011,"Afghanistan, Islamic Rep. of",49.08,100.0654337,24798.46,5826.09,63.93,0.0,317.57,3122.52,7.06,4065.7,24843.16,,,,1162.33,92.73
2011,Africa,,99.25435192,,,,,,,,,,328689.04,898987.11,1497901.49,,
2011,Albania,18.02,101.0636704,389.68,1041.99,57.22,0.0,0.0,314.45,6.51,33.4,50.41,,,,834.82,123.97
2011,Algeria,163.78,100.1744755,818.78,8833.36,154.68,0.0,0.0,2046.71,2.21,8188.46,208855.99,,,,1585.1,1082.09
2011,American Samoa,0.01,100.0,1.48,2.6,1.36,0.16,0.0,1.05,0.0,0.02,0.0,,,,8.21,5.17
2011,Americas,,99.15250009,,,,,,,,,,476166.74,304750.63,3166631.44,,
2011,"Andorra, Principality of",0.28,87.27272727,11.79,0.2,0.0,0.0,0.0,0.79,0.0,5.42,2.36,,,,26.74,0.2
2011,Angola,58.96,100.4393829,17313.66,5667.06,222.14,21.75,0.0,23067.69,722.64,32.51,2979.82,,,,75054.49,283.35
2011,Anguilla,0.07,91.55251142,4.73,0.04,1.22,0.05,0.0,0.12,0.88,0.0,0.02,,,,0.86,0.04
2011,Antigua and Barbuda,0.87,89.73660655,13.35,0.97,6.7,0.52,0.0,0.94,3.58,0.02,0.0,,,,18.86,0.24
2011,Argentina,446.28,99.90103935,15119.87,53538.31,4091.52,0.0,685.92,98569.93,9266.27,46918.58,12860.2,,,,35753.71,1386.05
2011,"Armenia, Rep. of",43.38,100.3545752,696.32,847.31,133.16,0.0,0.0,439.92,1.18,38.79,39.36,,,,625.58,100.73
2011,"Aruba, Kingdom of the Netherlands",0.31,40.1826484,2.93,0.57,0.77,0.02,0.0,11.27,0.24,1.17,0.0,,,,0.2,0.57
2011,Asia,,100.4955928,,,,,,,,,,679903.08,966796.95,1473770.59,,
2011,Australia,869.84,99.73981631,129173.97,52905.27,1426.28,2603.62,0.0,180131.51,10050.5,284141.0,34316.5,,,,75700.34,639.47
2011,Austria,174.8,99.56352996,1568.06,1658.21,69.35,0.0,34.13,318.1,12.63,116.64,200.43,,,,4160.16,79.64
2011,"Azerbaijan, Rep. of",67.82,99.91609934,979.59,3597.46,8004.92,0.0,0.0,991.06,3.83,841.42,407.2,,,,1169.7,433.44
2011,"Bahamas, The",8.99,98.62812347,161.46,11.14,269.3,80.03,0.0,41.71,246.42,3.39,0.49,,,,426.86,4.18
2011,"Bahrain, Kingdom of",15.52,98.1097561,2.14,0.57,3.77,0.01,0.0,0.21,0.09,2.18,39.16,,,,3.2,0.74
2011,Bangladesh,52.26,102.9143934,894.3,8845.42,1164.74,417.55,0.0,809.07,36.51,1.37,28.22,,,,810.21,979.24
2011,Barbados,4.88,102.3218298,3.89,23.16,0.91,0.0,0.0,1.42,0.08,0.04,0.0,,,,7.23,2.11
2011,"Belarus, Rep. of",132.71,99.87737054,1199.1,9803.76,221.86,0.0,0.0,406.04,41.77,0.92,0.11,,,,8694.61,216.32
2011,Belgium,258.21,100.1290995,630.43,1358.28,16.46,0.0,0.0,96.16,10.7,0.5,0.67,,,,656.16,35.73
2011,Belize,2.08,93.56116696,91.28,102.97,64.82,49.07,0.0,106.43,10.9,0.0,0.65,,,,1724.35,43.93
2011,Benin,31.22,101.0124948,445.46,3114.4,22.52,6.98,0.0,3236.87,2.79,0.02,0.24,,,,3988.57,747.46
2011,Bermuda,0.19,100.0,0.04,0.08,3.05,0.0,0.0,0.01,0.74,1.99,0.0,,,,0.05,0.08
2011,Bhutan,0.13,100.0635728,539.65,62.83,1.13,0.0,104.63,102.28,0.08,4.78,6.43,,,,2952.21,7.78
2011,Bolivia,81.32,99.70237611,12059.42,5436.38,1317.77,0.0,85.86,12321.5,2946.89,6978.69,8789.65,,,,58764.92,275.28
2011,Bosnia and Herzegovina,28.22,100.150578,710.7,1170.53,24.51,0.0,0.0,256.13,6.08,3.31,1.15,,,,2796.44,118.8
2011,Botswana,24.63,99.59223646,3559.83,2927.86,56.64,0.0,0.0,45268.87,759.33,54.5,916.33,,,,4550.84,18.07
2011,Brazil,1741.23,97.09931543,69867.46,139516.92,13289.6,619.76,0.0,149763.71,14035.9,146.65,370.18,,,,437900.3,26537.37
2011,British Virgin Islands,1.0,72.80970982,1.43,0.02,3.12,1.32,0.0,0.04,2.21,0.03,0.0,,,,6.17,0.02
2011,Brunei Darussalam,5.11,96.09120521,9.61,18.49,8.56,19.38,0.0,6.77,0.0,0.23,0.0,,,,498.2,27.74
2011,Bulgaria,154.84,99.13153712,751.09,5216.9,125.8,0.0,0.0,335.57,10.07,13.42,56.54,,,,4216.14,256.83
2011,Burkina Faso,24.61,102.811247,5837.46,15986.24,94.85,0.0,0.0,3039.56,26.73,119.35,110.78,,,,1417.04,839.25
2011,Burundi,6.94,96.6393183,479.64,1075.55,199.36,0.0,0.0,296.37,23.71,0.0,0.0,,,,236.92,385.05
2011,Cabo Verde,2.23,99.54607354,53.23,19.7,36.01,0.0,0.0,142.95,2.83,5.69,136.17,,,,8.61,1.58
2011,Cambodia,11.18,100.4079147,1258.38,6766.49,409.58,42.27,0.0,1637.71,667.09,0.28,2.22,,,,7181.16,276.31
2011,Cameroon,47.91,98.51795327,1692.88,4745.16,355.06,249.5,0.0,2381.18,181.1,0.0,1.36,,,,36002.69,1186.29
2011,Canada,844.02,99.93644087,159408.75,52407.96,103426.0,0.0,18314.8,54358.34,7785.05,105485.08,39654.53,,,,441159.43,251.18
2011,Cayman Islands,0.71,85.43809021,0.67,0.87,2.79,8.38,0.0,0.32,0.64,0.04,0.0,,,,9.54,2.17
2011,Central African Rep.,11.5,102.2261007,5014.11,911.99,92.18,0.0,0.0,4677.4,23.41,0.0,0.47,,,,51590.75,43.07
2011,Chad,18.01,99.38802574,15227.24,18606.61,364.26,0.0,0.0,14624.77,687.84,7689.39,63951.11,,,,5910.85,151.45
2011,Chile,156.59,99.68223262,5070.65,2341.26,2744.87,0.0,2797.08,14473.23,31.54,11951.28,13852.6,,,,21217.45,859.94
2011,"China, P.R.: Hong Kong",14.14,100.7554672,7.76,11.2,13.6,2.26,0.0,5.83,0.33,0.05,0.0,,,,50.68,3.2
2011,"China, P.R.: Macao",0.56,96.94359756,0.15,0.23,0.18,0.01,0.0,0.02,0.03,0.0,0.0,,,,0.19,0.23
2011,"China, P.R.: Mainland",7514.55,100.7427141,290185.73,195835.89,12412.1,172.77,6286.23,23366.84,3286.68,22568.81,166369.67,,,,183355.22,25081.78
2011,Colombia,172.75,112.545092,16953.93,4677.65,1410.93,374.07,6.7,7396.61,2435.77,532.76,25.06,,,,75164.24,5376.64
2011,"Comoros, Union of the",1.62,95.34056272,13.78,7.19,4.14,0.67,0.0,20.31,0.0,0.0,0.0,,,,112.03,5.86
2011,"Congo, Dem. Rep. of the",133.15,101.7676808,7119.14,20505.38,4338.89,258.9,0.0,7506.08,4962.35,2.71,35.1,,,,187330.73,2270.41
2011,"Congo, Rep. of",19.12,100.3326732,2000.16,2421.0,294.47,76.4,0.0,2194.71,82.79,0.0,0.17,,,,26898.14,301.48
2011,Cook Islands,0.01,100.0,1.27,1.76,3.52,0.0,0.0,0.86,0.08,1.23,0.0,,,,10.91,4.92
2011,Costa Rica,29.45,99.6426934,297.89,279.76,42.77,36.31,0.0,257.18,3.27,0.0,2.36,,,,3798.4,379.85
2011,"Croatia, Rep. of",60.37,99.90138767,559.58,1989.71,90.18,0.0,0.0,268.86,26.86,30.81,9.24,,,,2437.67,184.17
2011,Cuba,57.41,103.4594646,1233.15,3585.56,407.76,406.56,0.0,423.24,194.54,0.96,0.61,,,,4336.67,453.43
2011,Cyprus,23.6,93.34297827,87.15,221.96,16.98,0.0,0.0,116.4,0.66,134.94,72.51,,,,181.52,79.01
2011,Czech Rep.,260.71,100.049888,978.27,3520.04,59.06,0.0,0.0,224.1,7.87,4.79,0.34,,,,2763.82,56.82
2011,Côte d'Ivoire,105.0,100.3227289,1317.39,5620.08,284.54,12.48,0.0,3580.6,1.81,0.0,0.0,,,,12743.14,8720.81
2011,Denmark,126.02,100.9684534,509.64,2873.81,270.57,0.0,0.0,93.29,57.76,0.93,2.12,,,,496.31,4.6
2011,Djibouti,1.36,94.92063492,67.66,1.63,24.62,0.78,0.0,24.68,93.88,49.11,1913.98,,,,1.96,0.65
2011,Dominica,0.22,83.87096774,0.19,0.04,1.29,3.15,0.0,0.03,0.0,0.26,0.0,,,,69.95,0.11
2011,Dominican Rep.,50.28,93.59925855,758.64,812.14,61.34,19.85,0.0,140.69,204.06,2.03,0.37,,,,2378.3,406.07
2011,Ecuador,81.3,109.8976816,1832.9,1133.66,316.71,218.07,12.45,3062.48,114.16,36.05,355.61,,,,17247.06,1353.19
2011,"Egypt, Arab Rep. of",186.68,101.3800769,272.19,3581.97,805.21,1.95,0.0,80.22,1104.06,1183.19,90513.11,,,,44.06,1035.81
2011,El Salvador,21.54,95.73332471,52.26,306.01,47.8,43.2,0.0,42.52,1.4,0.01,1.32,,,,1473.21,96.36
2011,Emerging and Developing Countries Asia excluding China,,100.7738944,,,,,,,,,,289557.38,108039.35,597365.29,,
2011,Emerging and Developing Countries Europe,,100.0183325,,,,,,,,,,296429.8,153078.65,1508344.74,,
2011,Emerging and Developing Economies,,100.377492,,,,,,,,,,1522678.83,2134964.32,6098927.99,,
2011,"Equatorial Guinea, Rep. of",3.73,100.2135699,27.45,118.27,18.0,40.56,0.0,14.6,0.74,0.0,0.0,,,,2393.02,100.75
2011,"Eritrea, The State of",10.37,99.95855434,2532.63,1698.62,58.66,8.02,0.0,1685.04,23.31,799.46,4914.95,,,,440.58,4.92
2011,"Estonia, Rep. of",21.18,98.94948627,397.62,981.44,242.67,0.0,0.0,150.13,193.51,2.29,1.27,,,,2520.0,10.86
2011,"Eswatini, Kingdom of",2.64,100.2414317,273.74,535.83,6.95,0.0,0.0,196.92,8.11,0.29,26.1,,,,637.35,48.44
2011,"Ethiopia, The Federal Dem. Rep. of",51.01,101.8536987,11769.5,18626.25,766.73,0.0,0.0,49481.2,253.83,283.67,7250.42,,,,23753.84,1387.79
2011,Europe,,100.0760785,,,,,,,,,,375871.34,169435.01,1738908.35,,
2011,Falkland Islands (Malvinas),0.01,100.0,1030.37,0.04,63.79,0.0,0.0,36.01,0.1,9.94,8.34,,,,58.05,0.04
2011,Faroe Islands,0.0,100.0,97.97,1.27,5.91,0.0,0.0,12.06,2.46,6.78,0.51,,,,10.58,1.27
2011,"Fiji, Rep. of",2.32,86.88096853,62.09,164.17,59.79,43.93,0.0,39.87,0.0,4.67,0.0,,,,1247.56,205.34
2011,Finland,41.39,99.07798821,816.82,2480.09,3317.77,0.0,0.0,890.42,2438.17,513.26,21.6,,,,23025.23,4.52
2011,France,1278.27,99.92527316,11378.77,24215.12,435.68,0.0,25.03,1483.03,163.41,255.69,217.19,,,,14072.0,1334.62
2011,French Polynesia,0.41,100.0,20.33,11.33,86.91,1.84,0.0,13.75,0.0,38.36,0.0,,,,126.38,104.26
2011,Gabon,14.82,99.34322909,657.81,678.11,312.66,210.75,0.0,728.78,17.94,0.0,0.0,,,,23605.23,354.7
2011,"Gambia, The",7.18,99.27116863,48.13,588.04,92.66,142.99,0.0,115.95,4.22,0.0,1.43,,,,118.71,9.15
2011,Georgia,68.65,96.76669352,949.85,1279.73,36.3,0.0,37.86,622.29,9.82,47.7,115.73,,,,3390.12,423.87
2011,Germany,1821.59,100.2354818,6432.44,14897.28,450.72,0.0,0.0,859.13,111.96,21.61,11.95,,,,10814.82,250.9
2011,Ghana,150.38,100.6949501,871.68,6393.48,704.74,25.42,0.0,3568.91,10.49,0.5,6.18,,,,8861.43,3459.21
2011,Gibraltar,0.31,95.58823529,0.06,0.02,0.02,0.0,0.0,0.07,0.02,0.0,0.0,,,,0.14,0.02
2011,Greece,128.14,103.8480312,1390.91,3330.15,362.74,0.0,0.0,3027.68,21.34,70.41,248.5,,,,3193.67,1498.05
2011,Greenland,0.06,100.0,6118.77,0.0,5544.14,0.0,175240.0,1015.41,104.35,26506.1,680.25,,,,130.92,0.0
2011,Grenada,0.61,94.87776027,1.76,0.14,1.45,0.16,0.0,0.14,0.0,0.0,0.0,,,,27.68,0.27
2011,Guadeloupe,3.38,61.63554241,9.61,23.55,5.6,3.28,0.0,2.13,3.57,0.05,0.02,,,,115.82,3.72
2011,Guam,0.01,90.24390244,48.45,0.36,1.92,0.0,0.0,0.14,0.0,0.02,0.0,,,,0.37,3.2
2011,Guatemala,54.78,105.9764918,1196.35,1033.43,134.79,36.47,0.0,730.15,19.33,0.0,2.29,,,,7056.05,707.93
2011,Guinea,30.35,99.69856854,792.25,2852.05,89.82,250.66,0.0,3439.56,1.11,0.0,1.58,,,,16307.1,688.43
2011,Guinea-Bissau,3.03,98.3148885,111.53,291.02,48.7,249.94,0.0,172.58,1.6,0.03,2.22,,,,1956.59,242.51
2011,Guyana,14.79,99.75205494,301.07,170.31,177.38,6.93,0.0,1141.03,144.48,2.78,3.89,,,,19338.34,11.35
2011,Haiti,24.84,101.4518776,1479.82,291.78,43.32,13.11,0.0,42.66,295.1,7.18,0.01,,,,436.69,83.83
2011,Holy See,0.05,100.0,0.01,0.0,0.0,0.0,0.0,0.0,0.0,0.0,0.0,,,,0.01,0.0
2011,Honduras,31.19,101.4792154,1199.1,737.03,123.38,63.12,0.0,730.19,14.52,0.23,0.43,,,,8007.54,369.24
2011,Hungary,280.91,100.0145687,1067.77,5736.04,135.84,0.0,0.0,73.79,54.05,1.5,1.05,,,,1717.65,238.84
2011,Iceland,3.16,100.0,3604.01,0.0,333.07,0.0,1102.48,75.27,722.64,2328.67,2006.96,,,,37.16,0.0
2011,India,1606.37,100.4286461,25154.21,177867.09,4945.5,344.03,783.16,21334.54,710.48,517.16,1244.79,,,,48951.43,14038.65
2011,Indonesia,1078.66,99.89058564,9930.16,21308.63,3976.79,4088.29,0.0,7415.1,0.0,1815.19,0.0,,,,120310.68,20025.2
2011,"Iran, Islamic Rep. of",356.12,99.83536407,7222.9,23650.43,6280.62,1.17,0.0,6822.96,81.35,11653.88,106433.1,,,,3055.67,2645.17
2011,Iraq,128.51,99.57609612,923.47,7961.97,485.26,0.0,0.0,349.14,32.25,362.16,32764.25,,,,241.08,462.91
2011,Ireland,64.19,99.99820714,4739.63,452.23,199.61,0.0,0.0,167.27,860.59,24.38,24.01,,,,435.04,0.98
2011,Isle of Man,1.23,98.41796513,38.54,3.03,1.14,0.0,0.0,2.63,0.0,0.01,0.82,,,,6.45,3.03
2011,Israel,59.05,101.7578699,85.63,376.72,47.54,0.0,0.0,63.41,0.09,77.09,1187.1,,,,76.8,103.58
2011,Italy,912.74,99.42763553,3419.67,10463.78,412.44,0.0,42.31,1357.71,31.5,246.09,663.24,,,,8707.34,3924.85
2011,Jamaica,19.83,93.06622465,101.13,85.83,9.88,8.76,0.0,12.62,7.22,0.15,0.0,,,,806.85,51.14
2011,Japan,1546.76,99.79305318,1365.97,6954.94,950.47,2.89,0.0,879.15,78.67,4.99,3.37,,,,25143.04,501.92
2011,Jordan,30.84,92.63097689,40.86,340.87,46.1,0.0,0.0,8.49,0.06,167.35,8121.72,,,,15.73,165.0
2011,"Kazakhstan, Rep. of",255.14,99.67340422,88893.37,46860.94,17838.9,0.0,113.64,21758.95,1222.69,62512.7,34601.19,,,,9613.17,188.21
2011,Kenya,22.52,100.51826,15273.42,11004.09,1243.32,17.08,0.0,20555.19,941.72,279.09,1887.77,,,,6417.63,988.47
2011,Kiribati,0.02,100.0,2.8,2.74,84.16,0.05,0.0,0.29,0.0,9.33,0.0,,,,1.44,43.86
2011,"Korea, Dem. People's Rep. of",62.18,99.99518006,311.99,3525.38,211.3,0.0,0.0,124.76,6.09,24.04,16.74,,,,7632.37,345.04
2011,"Korea, Rep. of",167.38,98.50611917,339.61,3504.64,254.67,0.0,0.0,153.91,7.49,63.75,31.63,,,,4912.3,494.61
2011,Kuwait,27.31,99.6512105,5.92,21.26,5.45,0.0,0.0,3.68,10.52,11.0,1641.63,,,,6.29,12.15
2011,Kyrgyz Rep.,42.39,99.78966518,8503.68,3685.76,719.4,0.0,609.51,821.65,0.0,2135.06,1793.43,,,,1409.15,215.79
2011,Lao People's Dem. Rep.,7.86,98.21956288,1487.07,2856.84,214.59,0.0,0.0,7365.59,91.52,0.0,0.0,,,,10800.93,337.1
2011,Latin America and the Caribbean,,98.66757728,,,,,,,,,,261519.32,121938.59,1648189.83,,
2011,Latvia,25.69,100.5334164,739.1,1699.32,123.43,0.0,0.0,219.58,136.66,0.12,0.12,,,,3485.87,10.27
2011,Lebanon,16.73,97.13655491,60.11,247.1,2.26,0.0,0.0,224.35,0.0,121.4,46.07,,,,48.88,249.08
2011,"Lesotho, Kingdom of",4.18,100.3243474,1398.84,701.05,6.92,0.0,0.0,758.68,0.91,0.17,0.68,,,,175.35,9.1
2011,Liberia,17.5,98.94234311,411.58,3098.3,47.97,25.66,0.0,195.3,2.4,0.0,0.0,,,,4603.83,1270.3
2011,Libya,69.79,99.01527005,127.09,1728.27,51.75,0.0,0.0,199.96,23.93,3840.36,155771.79,,,,141.99,337.39
2011,Liechtenstein,0.81,95.83875408,3.67,0.55,0.07,0.0,0.0,0.55,0.02,0.04,0.15,,,,8.53,0.55
2011,Lithuania,55.39,100.6928302,629.22,3267.72,121.22,0.0,0.0,181.19,31.9,0.59,0.89,,,,2143.75,46.2
2011,Luxembourg,11.4,100.1103266,78.21,79.34,0.75,0.0,0.0,13.11,0.02,0.05,0.0,,,,77.71,1.93
2011,"Madagascar, Rep. of",30.71,99.26943928,21895.78,3609.81,465.37,170.18,0.0,9198.0,296.56,60.07,341.21,,,,22364.3,721.96
2011,Malawi,19.16,101.760969,635.25,5514.83,2439.68,0.0,0.0,402.34,234.24,0.33,12.89,,,,2470.14,212.71
2011,Malaysia,234.02,107.49011,1682.28,718.89,482.62,655.8,0.0,1384.39,0.0,18.17,0.0,,,,22720.96,5298.68
2011,Maldives,0.08,91.85667752,0.33,2.74,106.26,0.02,0.0,0.65,0.0,0.86,0.18,,,,0.42,1.4
2011,Mali,23.98,99.69875575,16144.99,21403.76,379.54,0.0,0.0,8884.64,307.79,4639.01,70087.5,,,,3463.44,497.76
2011,Malta,5.58,99.4667156,1.91,13.79,1.56,0.0,0.0,0.45,0.0,0.35,4.55,,,,1.58,1.9
2011,"Marshall Islands, Rep. of the",0.05,84.21052632,0.15,0.11,161.27,0.0,0.0,0.04,0.0,2.9,0.0,,,,0.13,1.81
2011,Martinique,3.15,92.63496709,3.93,7.68,3.11,1.83,0.0,2.92,0.16,0.0,0.0,,,,83.25,5.35
2011,"Mauritania, Islamic Rep. of",21.31,99.8724451,11567.93,1749.28,61.66,3.37,0.0,763.46,184.07,5098.42,84633.43,,,,259.08,38.87
2011,Mauritius,8.66,92.51249354,15.64,98.71,5.92,1.02,0.0,12.07,0.02,0.03,0.08,,,,54.89,5.06
2011,Mayotte,0.18,95.09713464,1.99,0.21,2.42,1.99,0.0,3.02,0.01,0.0,0.0,,,,28.47,0.04
2011,Mexico,927.38,100.0482032,17933.75,24856.43,1852.27,824.94,0.0,70872.19,66.13,59.45,2766.7,,,,72861.21,2933.62
2011,"Micronesia, Federated States of",3.12,100.0,0.9,1.75,48.84,27.2,0.0,0.25,0.0,0.4,0.0,,,,26.12,1.75
2011,Middle East and Central Asia,,93.19139468,,,,,,,,,,174068.0,1274060.0,382268.9,,
2011,"Moldova, Rep. of",157.65,97.77083049,181.96,2319.22,34.26,0.0,0.0,7.02,3.78,0.26,0.0,,,,290.14,382.91
2011,Monaco,0.2,100.0,0.07,0.21,0.0,0.0,0.0,0.03,0.0,0.0,0.0,,,,0.05,0.21
2011,Mongolia,45.52,99.21945418,33055.23,5871.56,1473.57,0.0,62.0,2814.85,371.58,34713.92,68808.34,,,,9161.04,13.64
2011,Montenegro,6.04,142.9052707,244.89,193.23,30.33,0.0,0.0,132.73,10.04,8.87,3.5,,,,731.29,17.87
2011,Montserrat,0.0,96.96923638,0.21,0.31,0.54,0.12,0.0,0.21,0.99,0.43,0.0,,,,7.16,0.31
2011,Morocco,127.3,102.9283116,1094.76,6899.17,84.91,0.0,0.0,2276.94,0.18,9661.36,18666.86,,,,1570.09,1149.3
2011,"Mozambique, Rep. of",43.81,99.9980501,3832.89,9409.29,1492.17,512.47,0.0,15623.83,1795.57,42.64,601.05,,,,45310.43,499.61
2011,Myanmar,71.41,100.1990467,4570.74,16568.28,1014.76,420.85,1.57,12779.19,62.18,2.81,1.25,,,,29296.73,2248.84
2011,Namibia,53.52,99.61048822,39643.44,2204.38,507.24,0.0,0.0,17704.86,128.8,2586.27,15124.36,,,,4675.7,24.8
2011,"Nauru, Rep. of",0.0,100.0,0.11,0.84,0.18,0.0,0.0,0.02,0.0,0.14,0.0,,,,0.03,0.84
2011,Nepal,20.59,101.8908469,3214.98,2972.69,30.53,0.0,488.22,527.48,2.31,10.33,186.47,,,,7114.5,231.75
2011,New Caledonia,2.69,100.3701932,60.26,162.46,29.27,58.48,0.0,106.31,0.0,108.12,0.0,,,,1245.48,94.98
2011,New Zealand,199.36,100.3548513,14191.77,439.72,683.84,21.93,108.45,2380.2,125.53,183.82,984.65,,,,7677.51,66.28
2011,Nicaragua,17.79,100.6281746,1401.9,1341.9,1034.99,96.01,0.0,969.91,37.72,0.24,2.74,,,,7749.41,264.27
2011,Niger,9.75,99.90438806,15440.32,7670.9,41.12,0.0,0.0,1272.26,203.43,13305.98,80100.89,,,,811.89,49.17
2011,Nigeria,403.04,99.43911982,7503.67,41716.03,948.95,863.87,0.0,11347.77,390.37,60.52,16.46,,,,20674.34,7538.13
2011,Niue,0.03,100.0,0.78,1.31,0.53,0.0,0.0,0.46,0.0,0.0,0.0,,,,19.7,3.66
2011,Norfolk Island,0.0,100.0,0.36,1.32,0.33,0.0,0.0,0.09,0.0,0.0,0.05,,,,0.42,1.32
2011,"North Macedonia, Republic of ",19.97,100.9170917,450.33,735.36,51.63,0.0,0.0,127.99,2.01,3.57,9.52,,,,1082.55,62.17
2011,Northern Mariana Islands,0.02,100.0,16.48,9.79,3.45,0.03,0.0,0.53,0.0,0.07,0.02,,,,7.49,9.79
2011,Norway,235.98,96.96148864,3610.0,1081.3,2245.36,0.0,3532.34,1645.99,2693.54,6370.83,3630.27,,,,13553.53,5.82
2011,Oceania,,99.62975095,,,,,,,,,,55634.84,320081.24,476785.05,,
2011,Oman,26.44,78.39950176,18.96,141.28,38.74,0.0,0.0,56.65,3.28,1818.1,28701.58,,,,42.13,149.7
2011,Pakistan,226.4,99.87471784,18901.39,24238.65,537.55,8.48,210.93,6871.4,380.42,2812.83,21910.97,,,,2392.06,673.21
2011,"Palau, Rep. of",0.05,70.95207922,1.3,0.39,4.94,4.05,0.0,1.18,0.0,0.09,0.0,,,,30.72,2.59
2011,Panama,22.46,95.85053353,440.41,962.04,130.04,136.47,0.0,396.79,7.71,0.62,4.42,,,,5087.47,321.81
2011,Papua New Guinea,20.03,97.16983374,985.09,952.32,733.39,650.5,0.0,699.01,0.0,431.99,1.02,,,,39695.85,2526.82
2011,Paraguay,48.64,98.45489433,3238.97,6111.22,375.37,0.0,0.0,9592.53,3088.51,2.61,0.57,,,,17534.0,126.02
2011,Peru,169.1,109.0664093,16690.59,2494.76,1513.33,4.74,299.99,10042.59,381.14,5932.14,9671.42,,,,81985.06,693.81
2011,Philippines,126.26,99.89201043,2122.04,6568.77,894.52,577.31,0.0,1396.92,0.0,154.14,0.0,,,,11545.51,6400.03
2011,Pitcairn Islands,0.0,100.0,0.21,1.96,0.44,0.0,0.0,0.0,0.0,0.36,0.0,,,,0.0,1.96
2011,"Poland, Rep. of",567.07,100.1928055,3012.25,16281.78,454.37,0.0,0.0,568.97,92.94,8.9,2.7,,,,9584.6,572.17
2011,Portugal,169.48,102.7118144,1131.31,1987.54,95.39,0.0,0.0,1323.82,14.64,9.93,30.81,,,,2850.72,1273.55
2011,Puerto Rico,84.26,92.39871816,71.81,58.59,20.29,6.22,0.0,8.26,14.36,0.02,0.05,,,,605.66,33.61
2011,Qatar,35.17,95.63373743,6.08,21.8,14.02,0.0,0.0,5.11,0.0,17.09,1047.52,,,,9.08,3.69
2011,Romania,584.43,99.98100465,2600.12,11496.37,288.01,0.0,0.0,176.88,300.65,8.84,6.84,,,,7777.35,567.47
2011,Russian Federation,2361.96,99.91086827,157770.23,157183.46,59947.5,0.0,5309.06,125899.87,81361.5,116318.0,31723.95,,,,953522.43,2316.75
2011,Rwanda,8.23,98.7375661,133.56,1326.85,161.05,0.0,0.0,212.58,82.42,0.02,0.01,,,,292.79,337.74
2011,Réunion,7.7,76.84574321,23.72,52.78,5.36,0.77,0.0,15.09,0.06,0.0,3.81,,,,138.42,4.28
2011,Saint Helena,1.41,99.59377712,9.39,0.9,2.08,0.0,0.0,1.25,0.0,18.45,3.18,,,,2.57,0.9
2011,Saint Pierre and Miquelon,0.18,100.0,0.61,0.0,3.15,0.0,0.0,9.89,4.67,0.1,0.29,,,,4.7,0.0
2011,Samoa,0.03,76.40591204,28.07,42.36,3.42,0.64,0.0,22.51,0.0,0.02,0.0,,,,122.54,66.18
2011,"San Marino, Rep. of",0.58,63.36216975,0.43,2.13,0.0,0.0,0.0,0.09,0.0,0.0,0.27,,,,0.48,2.13
2011,Saudi Arabia,235.0,95.8373271,171.27,2401.37,163.52,2.77,0.0,422.31,8.98,7270.18,182443.77,,,,115.94,174.08
2011,Senegal,36.38,99.87995516,2196.12,5419.38,319.51,193.12,0.0,7102.66,355.83,38.25,7.53,,,,3945.14,106.75
2011,"Serbia, Rep. of",92.23,100.6515617,738.48,4179.07,72.06,0.0,0.0,182.97,10.78,4.25,7.34,,,,3263.8,298.61
2011,Seychelles,0.13,95.6043956,3.08,1.61,11.06,7.52,0.0,2.05,0.0,0.22,0.67,,,,7.22,15.88
2011,Sierra Leone,18.25,100.3114258,574.56,3302.64,47.74,235.54,0.0,454.14,17.31,0.0,4.88,,,,2219.04,329.74
2011,Singapore,19.01,100.3235294,4.58,15.1,5.06,3.3,0.0,1.1,0.0,0.08,0.0,,,,9.25,2.4
2011,Slovak Rep.,148.27,99.57489869,392.01,1908.34,31.96,0.0,0.0,95.76,2.25,1.9,3.49,,,,2291.88,27.85
2011,"Slovenia, Rep. of",30.27,97.90199273,164.44,360.31,4.29,0.0,0.0,93.63,1.74,2.79,8.18,,,,1263.57,102.69
2011,Solomon Islands,0.84,81.40643623,4.54,5.99,99.48,135.71,0.0,2.97,0.0,0.22,0.0,,,,2567.49,24.84
2011,Somalia,34.39,99.74821111,7277.08,5078.1,86.03,1.36,0.0,37310.09,60.84,5720.3,5685.49,,,,2357.3,132.03
2011,South Africa,472.51,99.26858697,24463.14,12983.23,547.3,47.87,0.0,64864.66,266.55,9212.66,717.13,,,,8448.85,445.61
2011,"South Sudan, Rep. of",0.0,,0.0,0.0,0.0,0.0,0.0,0.0,0.0,0.0,0.0,,,,0.0,0.0
2011,Spain,455.35,102.0944397,7394.85,16237.22,433.44,0.0,0.0,6163.32,52.74,958.29,506.2,,,,12469.58,5961.09
2011,Sri Lanka,72.38,99.99256976,497.76,1575.86,184.35,19.77,0.0,1272.39,0.02,7.41,1.53,,,,1822.55,1200.08
2011,St. Kitts and Nevis,0.41,93.18337479,2.51,4.29,1.39,0.19,0.0,0.52,0.16,0.0,0.0,,,,16.86,0.09
2011,St. Lucia,0.6,90.87914227,0.98,0.7,1.38,0.64,0.0,0.8,0.09,0.05,0.0,,,,53.67,1.8
2011,St. Vincent and the Grenadines,0.47,90.64748201,1.81,0.79,12.21,0.54,0.0,0.72,0.1,0.0,0.73,,,,34.0,1.18
2011,Sub-Saharan Africa,,102.6218772,,,,,,,,,,297753.89,288909.25,1418611.88,,
2011,Sudan,0.0,,0.0,0.0,0.0,0.0,0.0,0.0,0.0,0.0,0.0,,,,0.0,0.0
2011,Suriname,10.72,99.72633686,61.36,54.94,211.13,63.28,0.0,145.34,108.1,0.0,0.0,,,,13947.01,4.74
2011,Sweden,140.62,98.70665864,2271.13,3394.42,3836.24,0.0,23.79,1316.76,3198.73,1342.82,267.2,,,,28953.66,3.39
2011,Switzerland,134.86,99.67643244,1295.86,511.57,141.06,0.0,97.64,157.42,1.8,114.38,256.79,,,,1382.5,30.6
2011,Syrian Arab Rep.,96.69,100.1835323,479.4,4087.04,126.91,0.0,0.0,234.53,0.36,810.37,11832.86,,,,260.1,924.01
2011,"São Tomé and Príncipe, Dem. Rep. of",0.83,98.86045582,1.06,0.89,2.54,1.07,0.0,0.56,0.02,0.04,0.0,,,,86.58,6.45
2011,Taiwan Province of China,109.08,96.57544404,99.2,737.51,64.04,27.02,0.0,31.04,40.6,4.37,0.0,,,,2256.4,258.99
2011,"Tajikistan, Rep. of",32.11,98.92610746,6656.74,2122.84,138.46,0.0,1085.06,654.99,5.81,556.05,2320.29,,,,263.98,384.46
2011,"Tanzania, United Rep. of",60.66,100.290915,5398.09,21103.51,6100.78,61.47,0.0,17098.02,4517.37,96.28,245.2,,,,36805.97,3096.04
2011,Thailand,225.4,103.8205287,4101.39,23815.48,878.16,353.88,0.0,5252.06,13.21,31.16,0.17,,,,11053.47,6114.2
2011,"Timor-Leste, Dem. Rep. of",4.65,102.493097,164.58,507.59,13.2,9.5,0.0,120.45,0.0,3.21,0.0,,,,354.97,320.54
2011,Togo,18.22,97.65419442,250.55,2131.26,21.28,0.19,0.0,834.42,1.2,0.02,0.11,,,,2279.87,177.61
2011,Tokelau,0.01,100.0,0.0,0.0,1.57,0.0,0.0,0.0,0.0,0.0,0.0,,,,0.0,0.0
2011,Tonga,0.07,94.09546742,4.03,13.92,9.32,1.04,0.0,2.6,0.0,0.16,0.0,,,,29.94,9.01
2011,Trinidad and Tobago,12.82,96.90954832,24.86,37.07,7.15,2.45,0.0,14.17,1.36,0.09,0.0,,,,384.66,32.62
2011,Tunisia,79.29,102.5785625,278.81,2379.47,139.07,0.0,0.0,132.67,0.51,1375.42,8920.59,,,,323.29,2006.5
2011,Turkmenistan,29.77,99.61444437,1417.6,4110.87,9049.73,0.0,0.0,6751.37,1.6,1284.38,32727.17,,,,81.64,127.14
2011,Turks and Caicos Islands,0.1,81.23474465,7.31,0.81,6.52,3.08,0.0,1.05,16.65,0.04,0.0,,,,16.89,0.81
2011,Tuvalu,0.01,100.0,0.1,0.45,3.47,0.0,0.0,0.05,0.0,0.09,0.0,,,,0.08,0.45
2011,"Türkiye, Rep. of",488.52,100.5736131,14279.27,30829.54,1396.67,0.0,0.0,6891.7,209.42,3191.76,1519.38,,,,14786.6,4639.67
2011,Uganda,38.78,99.877657,1686.6,7858.41,3742.41,0.0,0.0,2606.7,375.91,0.02,0.25,,,,5474.43,2523.87
2011,Ukraine,1863.8,99.99417022,4219.06,41436.1,1468.48,0.0,0.0,402.52,49.58,36.89,22.22,,,,9355.88,1142.4
2011,United Arab Emirates,196.99,97.71596361,39.01,123.04,18.5,1.54,0.0,4.94,0.88,326.31,6270.38,,,,50.24,118.4
2011,United Kingdom,988.05,100.1833457,11502.66,6492.41,460.42,0.0,0.0,767.28,1295.42,509.66,55.51,,,,2257.71,48.2
2011,United States,9648.15,99.68889974,199386.68,151743.09,19084.3,190.13,6536.75,200239.56,7622.22,19306.82,18363.06,,,,297945.64,2620.24
2011,United States Virgin Islands,4.81,96.40654685,2.99,2.49,3.91,0.83,0.0,0.18,1.75,0.0,0.0,,,,16.61,2.49
2011,Uruguay,41.46,101.1322193,11538.75,2745.39,449.03,0.0,0.0,673.95,279.63,1.24,3.43,,,,2052.25,45.52
2011,"Uzbekistan, Rep. of",222.58,100.5724276,3304.16,7624.48,934.76,0.0,37.42,4408.53,67.88,2561.6,24992.21,,,,241.68,665.97
2011,Vanuatu,0.28,108.5766423,9.95,5.67,29.82,19.06,0.0,7.6,0.0,0.68,2.33,,,,1119.0,35.42
2011,"Venezuela, Rep. Bolivariana de",206.08,99.9837442,18089.33,8008.27,1427.25,322.54,0.05,7655.15,2019.31,541.4,104.36,,,,51280.79,2156.07
2011,Vietnam,171.75,104.0182454,2103.71,8278.57,754.13,193.42,0.0,5893.11,62.97,6.18,18.51,,,,10718.04,4743.95
2011,Wallis and Futuna Islands,0.03,100.0,1.1,0.72,3.76,0.0,0.0,0.86,0.0,0.0,0.0,,,,4.49,3.6
2011,West Bank and Gaza,19.79,102.583071,39.37,98.63,19.12,0.0,0.0,30.68,0.0,116.64,119.24,,,,33.57,147.16
2011,Western Sahara,1.35,91.77840678,0.54,3.45,7.64,0.0,0.0,0.0,0.0,19.97,26942.88,,,,0.27,3.45
2011,"Yemen, Rep. of",19.07,99.7956855,161.15,1601.86,109.68,0.13,0.0,1612.86,0.9,5178.14,36059.12,,,,462.33,401.5
2011,Zambia,49.47,100.1518512,3229.88,8304.67,1399.16,0.0,0.0,12437.31,2859.25,0.0,4.65,,,,47196.76,83.05
2011,Zimbabwe,40.07,100.0262977,2424.96,13361.63,438.14,0.0,0.0,11252.26,28.1,18.28,93.48,,,,11299.67,318.13
2012,"Afghanistan, Islamic Rep. of",50.93,100.1671142,24799.26,5830.21,64.07,0.0,317.57,3122.51,7.06,4065.19,24837.16,,,,1161.87,92.8
2012,Africa,,100.4670004,,,,,,,,,,363075.55,1003456.7,1607847.81,,
2012,Albania,18.46,100.5949373,390.24,1036.63,57.22,0.0,0.0,314.83,6.51,33.4,50.31,,,,834.1,128.76
2012,Algeria,170.29,100.6987767,823.43,8873.97,154.38,0.0,0.0,2049.64,2.21,8193.77,208790.04,,,,1581.87,1092.33
2012,American Samoa,0.01,100.0,1.48,2.6,1.36,0.16,0.0,1.05,0.0,0.02,0.0,,,,8.21,5.17
2012,Americas,,99.39883371,,,,,,,,,,477349.86,304907.56,3165292.51,,
2012,"Andorra, Principality of",0.29,89.05363256,11.8,0.2,0.0,0.0,0.0,0.79,0.0,5.42,2.36,,,,26.74,0.2
2012,Angola,61.4,100.2041282,17255.5,5651.2,222.41,21.81,0.0,23092.79,722.77,31.89,3032.65,,,,75024.86,306.61
2012,Anguilla,0.07,91.55251142,4.73,0.04,1.22,0.05,0.0,0.12,0.88,0.0,0.02,,,,0.86,0.04
2012,Antigua and Barbuda,0.9,90.73170732,13.32,0.96,6.7,0.52,0.0,0.94,3.58,0.02,0.0,,,,18.86,0.24
2012,Argentina,460.44,100.0018809,15117.43,53578.67,4081.1,0.0,685.92,98721.85,9269.18,46954.34,12833.5,,,,35582.14,1352.21
2012,"Armenia, Rep. of",44.4,99.98535277,693.55,843.01,133.14,0.0,0.0,439.92,1.2,39.36,39.26,,,,625.28,106.6
2012,"Aruba, Kingdom of the Netherlands",0.39,43.85991556,2.9,0.57,0.77,0.02,0.0,11.23,0.23,1.15,0.0,,,,0.21,0.57
2012,Asia,,100.2649898,,,,,,,,,,678343.1,966137.47,1475990.81,,
2012,Australia,873.42,99.83484809,129376.33,52952.94,1433.32,2603.0,0.0,180152.85,10050.4,284361.0,33877.0,,,,75683.05,595.18
2012,Austria,175.45,99.63891181,1573.72,1658.95,69.33,0.0,34.13,318.93,12.62,116.64,200.57,,,,4151.88,79.94
2012,"Azerbaijan, Rep. of",71.59,99.89123205,979.79,3592.78,8003.09,0.0,0.0,991.32,3.88,841.35,405.32,,,,1169.98,437.35
2012,"Bahamas, The",9.06,98.9695141,161.96,11.14,269.3,80.03,0.0,41.86,246.4,3.39,0.49,,,,426.18,4.18
2012,"Bahrain, Kingdom of",15.57,98.59756098,2.15,0.6,3.77,0.01,0.0,0.21,0.09,2.18,39.05,,,,3.21,0.75
2012,Bangladesh,56.79,102.8457736,896.69,8834.97,1159.11,418.01,0.0,807.97,36.5,1.45,30.99,,,,813.87,982.56
2012,Barbados,5.03,101.7845297,3.86,22.85,0.91,0.0,0.0,1.41,0.07,0.04,0.0,,,,7.25,2.28
2012,"Belarus, Rep. of",135.65,99.92511562,1200.29,9805.57,221.94,0.0,0.0,406.62,41.88,0.92,0.11,,,,8691.13,213.09
2012,Belgium,258.35,100.0547687,631.07,1356.94,16.43,0.0,0.0,96.77,11.0,0.5,0.67,,,,654.39,37.18
2012,Belize,2.17,95.30637691,93.01,104.84,64.8,49.02,0.0,107.91,10.9,0.0,0.65,,,,1720.18,43.01
2012,Benin,33.12,102.0545328,446.55,3144.95,22.48,6.94,0.0,3218.94,2.79,0.02,0.22,,,,3994.76,725.76
2012,Bermuda,0.19,100.0,0.04,0.08,3.05,0.0,0.0,0.01,0.74,1.99,0.0,,,,0.05,0.08
2012,Bhutan,0.13,100.2225048,539.98,62.93,1.13,0.0,104.63,102.59,0.08,4.78,6.43,,,,2951.46,7.79
2012,Bolivia,83.45,99.96346283,12044.24,5448.7,1317.71,0.0,85.86,12324.64,2946.85,7002.39,8768.06,,,,58760.74,275.06
2012,Bosnia and Herzegovina,28.92,99.95655625,711.42,1167.51,24.47,0.0,0.0,257.15,6.08,3.31,1.27,,,,2793.53,122.22
2012,Botswana,25.57,99.70112095,3554.91,2930.15,62.69,0.0,0.0,45264.8,756.13,53.94,915.95,,,,4552.24,20.56
2012,Brazil,1785.07,97.85694651,69883.26,140575.44,13295.8,619.27,0.0,149764.06,14037.6,148.67,370.21,,,,437841.62,25469.12
2012,British Virgin Islands,1.08,78.57142857,1.44,0.02,3.12,1.3,0.0,0.04,2.21,0.03,0.0,,,,6.09,0.02
2012,Brunei Darussalam,5.51,97.23290703,9.65,18.37,8.56,19.37,0.0,6.77,0.0,0.23,0.0,,,,498.06,27.56
2012,Bulgaria,157.82,99.2494599,751.27,5220.31,125.84,0.0,0.0,335.59,10.06,13.55,56.51,,,,4216.02,250.23
2012,Burkina Faso,25.33,102.3715401,5843.1,15917.05,94.83,0.0,0.0,3028.18,26.7,119.08,111.09,,,,1419.06,911.46
2012,Burundi,7.24,97.96005821,479.59,1090.04,199.45,0.0,0.0,296.32,23.61,0.0,0.0,,,,235.8,371.48
2012,Cabo Verde,2.23,99.54850748,53.44,19.7,36.01,0.0,0.0,142.96,2.83,5.69,135.93,,,,8.62,1.58
2012,Cambodia,12.94,100.1691979,1264.8,6748.62,409.59,42.26,0.0,1640.95,667.16,0.26,2.22,,,,7148.55,315.33
2012,Cameroon,49.4,99.0728182,1696.51,4770.66,354.11,249.59,0.0,2378.21,181.65,0.0,1.36,,,,35968.92,1192.67
2012,Canada,849.95,99.9672339,159506.85,52418.46,103555.0,0.0,18314.8,54699.85,7789.46,105612.1,39665.42,,,,440433.67,249.98
2012,Cayman Islands,0.82,90.27027027,0.68,0.85,2.77,8.37,0.0,0.32,0.61,0.04,0.0,,,,9.56,2.12
2012,Central African Rep.,12.01,102.2216728,5015.3,911.44,92.2,0.0,0.0,4682.25,23.43,0.0,0.47,,,,51582.21,45.57
2012,Chad,18.14,99.50027831,15232.92,18627.53,364.34,0.0,0.0,14622.93,687.8,7752.77,63875.71,,,,5909.28,140.21
2012,Chile,160.13,99.67829471,5074.18,2337.62,2744.53,0.0,2797.08,14474.34,31.19,12015.88,13784.6,,,,21215.49,861.41
2012,"China, P.R.: Hong Kong",14.31,99.72166998,7.77,10.77,13.56,2.26,0.0,5.83,0.33,0.05,0.0,,,,50.69,3.48
2012,"China, P.R.: Macao",0.58,98.7804878,0.14,0.23,0.1,0.01,0.0,0.02,0.11,0.0,0.0,,,,0.19,0.23
2012,"China, P.R.: Mainland",7900.5,100.2595921,290466.56,194474.67,12413.3,174.21,6286.23,23420.34,3291.55,22533.31,166082.57,,,,183203.61,26189.04
2012,Colombia,176.27,108.2793574,16952.58,4490.29,1404.87,376.66,6.7,7394.43,2437.94,533.01,25.05,,,,75171.06,5558.3
2012,"Comoros, Union of the",1.7,96.2063113,13.81,7.19,4.14,0.67,0.0,20.33,0.0,0.0,0.0,,,,111.9,5.86
2012,"Congo, Dem. Rep. of the",139.0,102.6381908,7133.77,20676.1,4337.44,259.45,0.0,7513.64,4963.94,2.71,35.88,,,,187221.22,2180.03
2012,"Congo, Rep. of",20.12,100.62044,2000.48,2427.0,293.95,76.58,0.0,2194.36,83.26,0.0,0.17,,,,26862.83,329.71
2012,Cook Islands,0.01,100.0,1.27,1.76,3.52,0.0,0.0,0.86,0.08,1.23,0.0,,,,10.91,4.92
2012,Costa Rica,30.05,99.42962104,297.25,278.5,42.68,36.31,0.0,256.57,3.36,0.0,2.38,,,,3802.02,378.14
2012,"Croatia, Rep. of",61.18,100.442296,559.99,2000.0,90.11,0.0,0.0,269.36,26.95,30.72,9.24,,,,2435.58,174.32
2012,Cuba,58.47,102.8101535,1235.59,3561.64,407.49,405.76,0.0,424.29,195.43,0.95,0.65,,,,4332.46,477.17
2012,Cyprus,24.38,95.05733253,87.45,225.69,16.98,0.0,0.0,116.61,0.66,134.56,72.0,,,,181.43,74.97
2012,Czech Rep.,261.35,100.1558671,979.63,3523.4,59.04,0.0,0.0,224.81,7.79,4.79,0.34,,,,2759.62,55.04
2012,Côte d'Ivoire,109.97,102.6558545,1319.83,5748.25,284.6,12.6,0.0,3574.47,1.86,0.0,0.0,,,,12711.87,8622.38
2012,Denmark,126.35,100.8996819,509.67,2871.43,270.49,0.0,0.0,93.27,57.83,0.93,2.12,,,,495.82,7.13
2012,Djibouti,1.36,94.92063492,67.66,1.63,24.62,0.78,0.0,24.68,93.88,49.11,1913.98,,,,1.96,0.65
2012,Dominica,0.24,90.32258065,0.19,0.04,1.29,3.15,0.0,0.03,0.0,0.26,0.0,,,,69.93,0.11
2012,Dominican Rep.,51.68,97.06445086,759.65,842.67,61.89,19.84,0.0,141.24,203.57,2.03,0.37,,,,2376.91,373.93
2012,Ecuador,85.69,109.0727858,1828.39,1120.15,316.13,218.09,12.45,3057.62,113.92,35.96,355.49,,,,17270.17,1349.57
2012,"Egypt, Arab Rep. of",194.45,100.6335667,274.03,3546.45,799.97,1.98,0.0,79.95,1102.85,1182.87,90493.43,,,,45.6,1086.88
2012,El Salvador,22.11,96.70612305,52.14,308.77,47.8,43.19,0.0,42.37,1.4,0.01,1.32,,,,1473.72,92.81
2012,Emerging and Developing Countries Asia excluding China,,100.5783913,,,,,,,,,,288995.77,107888.23,598078.49,,
2012,Emerging and Developing Countries Europe,,100.0392526,,,,,,,,,,296491.89,153123.53,1508238.35,,
2012,Emerging and Developing Economies,,100.0687429,,,,,,,,,,1556706.03,2238856.22,6209813.66,,
2012,"Equatorial Guinea, Rep. of",3.93,100.180713,27.43,118.03,17.97,40.57,0.0,14.54,0.74,0.0,0.0,,,,2393.36,100.55
2012,"Eritrea, The State of",10.49,99.8988947,2532.21,1697.48,58.66,8.02,0.0,1686.17,23.31,800.2,4914.32,,,,440.78,4.92
2012,"Estonia, Rep. of",21.42,99.21046918,398.96,983.84,242.64,0.0,0.0,150.91,194.75,2.29,1.27,,,,2514.09,10.78
2012,"Eswatini, Kingdom of",2.77,100.2321238,273.97,535.65,7.03,0.0,0.0,196.82,8.04,0.28,26.1,,,,637.29,48.42
2012,"Ethiopia, The Federal Dem. Rep. of",54.79,101.8528359,11784.71,18622.32,766.08,0.0,0.0,49482.24,253.66,268.61,7247.17,,,,23758.9,1385.81
2012,Europe,,100.1253178,,,,,,,,,,376056.36,169459.15,1738699.7,,
2012,Falkland Islands (Malvinas),0.01,99.99917129,1030.84,0.04,63.14,0.0,0.0,36.04,0.1,10.05,8.34,,,,58.1,0.04
2012,Faroe Islands,0.0,100.0,97.97,1.27,5.91,0.0,0.0,12.06,2.46,6.78,0.51,,,,10.58,1.27
2012,"Fiji, Rep. of",2.36,89.38057715,62.3,168.92,59.79,43.86,0.0,40.03,0.0,4.67,0.0,,,,1246.38,201.43
2012,Finland,41.4,99.3897719,829.74,2488.02,3315.78,0.0,0.0,897.43,2436.35,502.1,22.14,,,,23011.96,4.42
2012,France,1290.21,99.9536879,11382.46,24210.42,435.49,0.0,25.03,1486.05,163.12,255.62,217.15,,,,14063.91,1329.33
2012,French Polynesia,0.41,100.0,20.33,11.33,86.91,1.84,0.0,13.75,0.0,38.36,0.0,,,,126.38,104.26
2012,Gabon,14.94,99.44784952,657.59,678.72,311.84,211.42,0.0,728.37,17.95,0.0,0.0,,,,23604.96,355.02
2012,"Gambia, The",7.32,99.37702759,48.17,588.54,92.66,142.96,0.0,115.28,4.22,0.0,1.43,,,,118.73,9.16
2012,Georgia,70.3,96.41518238,949.52,1273.18,36.29,0.0,37.86,622.49,9.82,47.69,115.37,,,,3389.26,430.13
2012,Germany,1826.16,100.2639035,6436.26,14897.46,450.46,0.0,0.0,861.57,111.86,21.62,11.94,,,,10803.32,251.77
2012,Ghana,155.49,100.5319943,872.45,6377.78,713.99,25.27,0.0,3553.83,8.66,0.5,6.18,,,,8861.45,3476.82
2012,Gibraltar,0.31,95.58823529,0.06,0.02,0.02,0.0,0.0,0.07,0.02,0.0,0.0,,,,0.14,0.02
2012,Greece,130.9,104.0749699,1391.23,3334.95,362.88,0.0,0.0,3028.13,21.32,70.39,247.35,,,,3192.91,1491.54
2012,Greenland,0.06,100.0,6118.77,0.0,5544.14,0.0,175240.0,1015.41,104.35,26506.1,680.25,,,,130.92,0.0
2012,Grenada,0.62,99.9689441,1.75,0.17,1.45,0.16,0.0,0.14,0.0,0.0,0.0,,,,27.68,0.23
2012,Guadeloupe,3.49,64.23717145,9.77,24.58,5.59,3.27,0.0,2.16,3.57,0.05,0.02,,,,114.37,3.88
2012,Guam,0.01,90.24390244,48.45,0.36,1.92,0.0,0.0,0.14,0.0,0.02,0.0,,,,0.37,3.2
2012,Guatemala,56.84,104.1680325,1197.93,1012.8,134.79,36.46,0.0,732.48,19.14,0.0,2.29,,,,7051.02,727.82
2012,Guinea,31.87,100.5339276,794.3,2874.68,89.8,250.16,0.0,3440.49,1.09,0.0,1.57,,,,16298.18,670.76
2012,Guinea-Bissau,3.17,99.35406408,112.43,293.99,48.7,247.67,0.0,173.43,1.6,0.03,2.22,,,,1951.54,244.99
2012,Guyana,15.24,99.8331255,301.14,170.01,177.38,6.92,0.0,1141.0,144.12,2.78,3.89,,,,19338.49,11.33
2012,Haiti,26.08,100.9271288,1481.35,288.9,43.17,13.1,0.0,43.18,295.02,7.18,0.02,,,,433.65,86.67
2012,Holy See,0.05,100.0,0.01,0.0,0.0,0.0,0.0,0.0,0.0,0.0,0.0,,,,0.01,0.0
2012,Honduras,32.8,99.89546626,1206.74,723.43,123.34,63.09,0.0,739.92,14.51,0.23,0.43,,,,7987.72,383.75
2012,Hungary,281.77,100.0550779,1067.89,5737.63,135.73,0.0,0.0,73.86,54.09,1.5,1.05,,,,1716.45,237.49
2012,Iceland,3.16,100.0,3604.01,0.0,333.07,0.0,1102.48,75.27,722.64,2328.67,2006.96,,,,37.16,0.0
2012,India,1702.63,100.1573744,25164.61,177286.3,4971.55,343.4,783.16,21330.21,710.73,518.92,1247.76,,,,48942.73,14495.83
2012,Indonesia,1103.35,100.5482534,9992.97,21431.34,3971.83,4089.95,0.0,7462.72,0.0,1832.81,0.0,,,,119949.03,20114.74
2012,"Iran, Islamic Rep. of",372.7,99.92064658,7246.32,23654.45,6279.52,1.17,0.0,6824.71,81.57,11582.27,106378.72,,,,3060.08,2722.51
2012,Iraq,137.76,99.81680516,925.34,7972.27,484.27,0.0,0.0,349.23,33.41,357.32,32746.81,,,,243.03,461.52
2012,Ireland,64.28,100.015491,4739.14,452.23,199.66,0.0,0.0,167.27,860.98,24.23,24.0,,,,435.21,0.94
2012,Isle of Man,1.26,99.07621247,38.55,3.03,1.14,0.0,0.0,2.64,0.0,0.01,0.82,,,,6.42,3.03
2012,Israel,61.55,100.2162029,85.99,367.62,47.56,0.0,0.0,63.36,0.09,73.92,1185.72,,,,77.23,113.98
2012,Italy,926.88,101.6893885,3422.8,10708.43,412.54,0.0,42.31,1358.55,31.44,246.21,658.38,,,,8700.35,3673.78
2012,Jamaica,20.29,94.66134591,102.41,87.18,9.86,8.73,0.0,12.74,7.28,0.15,0.0,,,,803.32,51.44
2012,Japan,1600.79,99.8461997,1370.26,6905.44,949.2,2.94,0.0,879.54,79.19,4.82,3.33,,,,25143.89,492.78
2012,Jordan,31.95,98.37780147,41.08,362.82,46.18,0.0,0.0,8.48,0.06,167.46,8119.4,,,,15.95,143.62
2012,"Kazakhstan, Rep. of",261.23,99.6285064,88982.71,46833.61,17726.5,0.0,113.64,21768.83,1226.2,62685.2,34433.85,,,,9623.94,203.09
2012,Kenya,23.88,100.3803298,15279.14,10987.59,1243.48,16.63,0.0,20556.1,941.91,280.33,1878.73,,,,6414.63,1007.83
2012,Kiribati,0.02,100.0,2.8,2.74,84.16,0.05,0.0,0.29,0.0,9.33,0.0,,,,1.44,43.86
2012,"Korea, Dem. People's Rep. of",64.71,100.3973839,312.96,3537.28,211.21,0.0,0.0,125.49,6.17,23.66,16.62,,,,7615.59,346.2
2012,"Korea, Rep. of",178.64,99.41901268,340.88,3527.41,254.02,0.0,0.0,153.97,7.7,61.02,29.45,,,,4895.36,481.54
2012,Kuwait,27.75,99.65178151,5.97,20.82,5.44,0.0,0.0,3.67,10.51,11.0,1641.18,,,,6.37,12.49
2012,Kyrgyz Rep.,43.88,99.99191989,8501.33,3691.83,719.39,0.0,609.51,820.29,0.0,2132.24,1794.4,,,,1406.65,216.32
2012,Lao People's Dem. Rep.,8.32,98.86997134,1489.53,2875.35,214.98,0.0,0.0,7360.35,91.75,0.0,0.0,,,,10798.52,322.7
2012,Latin America and the Caribbean,,99.06446136,,,,,,,,,,262571.42,121944.18,1647133.34,,
2012,Latvia,25.87,100.7570548,740.33,1702.98,123.42,0.0,0.0,220.36,137.85,0.12,0.11,,,,3480.46,8.67
2012,Lebanon,17.37,99.93004676,60.21,254.05,2.26,0.0,0.0,224.14,0.0,120.81,45.65,,,,49.0,242.5
2012,"Lesotho, Kingdom of",4.39,100.2653656,1398.53,700.43,6.91,0.0,0.0,758.6,0.91,0.17,0.67,,,,175.33,9.96
2012,Liberia,17.72,98.27030494,411.63,3076.92,47.91,25.68,0.0,194.98,2.44,0.0,0.0,,,,4603.27,1292.3
2012,Libya,72.66,99.44047951,127.74,1733.12,51.74,0.0,0.0,199.95,23.93,3832.12,155770.79,,,,142.57,337.56
2012,Liechtenstein,0.81,95.83875408,3.67,0.55,0.07,0.0,0.0,0.55,0.02,0.04,0.15,,,,8.53,0.55
2012,Lithuania,56.01,100.7131318,629.3,3267.77,121.21,0.0,0.0,181.2,32.17,0.59,0.89,,,,2142.96,45.97
2012,Luxembourg,11.4,100.0661959,78.31,79.3,0.75,0.0,0.0,13.26,0.02,0.05,0.0,,,,77.44,1.99
2012,"Madagascar, Rep. of",31.63,99.55207306,21908.82,3619.26,465.06,170.11,0.0,9212.14,297.42,60.07,341.1,,,,22324.57,723.85
2012,Malawi,20.79,101.7708134,634.82,5513.74,2438.18,0.0,0.0,402.41,236.16,0.33,12.89,,,,2469.59,212.67
2012,Malaysia,243.59,106.103742,1698.75,697.03,498.38,655.74,0.0,1398.25,0.0,18.96,0.0,,,,22626.71,5358.41
2012,Maldives,0.08,100.0,0.33,2.99,106.26,0.02,0.0,0.65,0.0,0.86,0.18,,,,0.42,1.15
2012,Mali,24.86,99.75797093,16252.33,21415.6,379.16,0.0,0.0,8883.83,308.15,4611.26,70008.98,,,,3464.34,483.86
2012,Malta,5.62,99.33264887,1.92,13.73,1.56,0.0,0.0,0.46,0.0,0.34,4.48,,,,1.59,1.98
2012,"Marshall Islands, Rep. of the",0.05,94.73684211,0.15,0.13,161.27,0.0,0.0,0.04,0.0,2.9,0.0,,,,0.13,1.79
2012,Martinique,3.26,91.7796119,3.94,7.47,3.11,1.83,0.0,2.92,0.16,0.0,0.0,,,,83.22,5.47
2012,"Mauritania, Islamic Rep. of",21.4,99.96605084,11579.38,1750.85,61.7,3.37,0.0,763.62,184.07,5134.48,84583.88,,,,259.25,38.91
2012,Mauritius,8.9,92.61130588,15.7,98.59,5.91,1.02,0.0,12.11,0.02,0.03,0.08,,,,54.56,5.19
2012,Mayotte,0.18,95.09713464,1.99,0.21,2.42,1.99,0.0,3.02,0.01,0.0,0.0,,,,28.47,0.04
2012,Mexico,957.36,100.1917293,17945.05,24863.44,1853.48,824.63,0.0,70944.04,66.11,59.39,2765.41,,,,72744.74,2930.43
2012,"Micronesia, Federated States of",3.12,100.0,0.9,1.75,48.84,27.2,0.0,0.25,0.0,0.4,0.0,,,,26.12,1.75
2012,Middle East and Central Asia,,99.99468778,,,,,,,,,,205695.17,1378550.12,431563.38,,
2012,"Moldova, Rep. of",158.04,97.97717248,182.03,2324.05,33.61,0.0,0.0,7.02,4.01,0.23,0.0,,,,290.25,377.95
2012,Monaco,0.2,100.0,0.07,0.21,0.0,0.0,0.0,0.03,0.0,0.0,0.0,,,,0.05,0.21
2012,Mongolia,46.22,99.52343189,33257.11,5888.99,1473.51,0.0,62.0,2830.94,371.66,34716.12,68628.74,,,,9098.15,17.86
2012,Montenegro,6.19,142.4350549,245.5,192.42,30.33,0.0,0.0,133.67,10.04,8.87,3.57,,,,729.15,19.02
2012,Montserrat,0.0,96.96923638,0.21,0.31,0.54,0.12,0.0,0.21,0.99,0.43,0.0,,,,7.16,0.31
2012,Morocco,131.25,102.9099512,1095.11,6893.97,85.14,0.0,0.0,2276.7,0.18,9660.15,18656.43,,,,1570.26,1161.7
2012,"Mozambique, Rep. of",44.95,100.2486672,3831.96,9431.82,1491.79,511.49,0.0,15616.83,1793.86,42.76,600.32,,,,45297.0,500.8
2012,Myanmar,75.56,99.96963465,4576.06,16526.02,1013.81,420.98,1.57,12772.44,62.33,2.99,1.34,,,,29293.55,2291.91
2012,Namibia,54.21,99.93018725,39669.06,2210.94,510.23,0.0,0.0,17707.34,128.8,2556.48,15117.86,,,,4673.7,24.87
2012,"Nauru, Rep. of",0.0,100.0,0.11,0.84,0.18,0.0,0.0,0.02,0.0,0.14,0.0,,,,0.03,0.84
2012,Nepal,21.42,100.0272319,3215.18,2917.11,30.53,0.0,488.22,528.09,2.31,10.33,186.34,,,,7113.83,286.48
2012,New Caledonia,2.76,98.15850249,60.3,158.75,29.27,58.43,0.0,106.8,0.0,108.22,0.0,,,,1244.89,98.62
2012,New Zealand,199.36,100.988992,14201.51,443.76,683.87,21.92,108.45,2389.19,126.18,193.18,988.41,,,,7645.05,62.25
2012,Nicaragua,18.33,100.4652788,1401.16,1339.16,1034.89,96.17,0.0,968.7,37.71,0.24,2.74,,,,7754.06,263.73
2012,Niger,10.29,99.95171776,15498.45,7674.0,41.12,0.0,0.0,1272.5,203.43,13384.76,79960.77,,,,812.15,48.26
2012,Nigeria,421.7,99.73652661,7491.96,41823.36,954.92,857.5,0.0,11219.99,390.49,60.73,16.29,,,,20675.44,7550.81
2012,Niue,0.03,100.0,0.78,1.31,0.53,0.0,0.0,0.46,0.0,0.0,0.0,,,,19.7,3.66
2012,Norfolk Island,0.0,100.0,0.36,1.32,0.33,0.0,0.0,0.09,0.0,0.0,0.05,,,,0.42,1.32
2012,"North Macedonia, Republic of ",20.93,100.7241536,450.32,732.95,51.63,0.0,0.0,127.93,2.01,3.57,9.34,,,,1082.67,63.73
2012,Northern Mariana Islands,0.02,100.0,16.48,9.79,3.45,0.03,0.0,0.53,0.0,0.07,0.02,,,,7.49,9.79
2012,Norway,242.55,98.15611048,3635.15,1090.96,2244.05,0.0,3532.34,1654.19,2697.86,6353.53,3627.47,,,,13520.96,5.91
2012,Oceania,,99.74783802,,,,,,,,,,55700.8,319875.1,476925.51,,
2012,Oman,27.97,75.88485549,19.13,134.37,38.74,0.0,0.0,56.69,3.28,1817.69,28700.58,,,,42.43,155.9
2012,Pakistan,237.7,99.93368621,18895.84,24241.77,537.48,8.48,210.93,6871.36,380.46,2813.44,21913.98,,,,2393.02,659.75
2012,"Palau, Rep. of",0.05,70.95207922,1.3,0.39,4.94,4.05,0.0,1.18,0.0,0.09,0.0,,,,30.72,2.59
2012,Panama,23.14,97.05474264,440.36,973.73,129.95,136.52,0.0,396.82,7.7,0.62,4.4,,,,5088.52,308.49
2012,Papua New Guinea,20.15,97.25173713,986.05,953.02,733.51,650.71,0.0,699.89,0.0,432.23,1.02,,,,39690.79,2528.67
2012,Paraguay,49.83,99.17352824,3247.86,6154.99,375.45,0.0,0.0,9831.38,3093.85,2.6,0.57,,,,17241.91,119.99
2012,Peru,171.8,109.2731294,16682.05,2497.11,1514.74,4.74,299.99,10046.69,381.37,5950.62,9647.09,,,,81983.21,699.31
2012,Philippines,132.65,100.72803,2124.01,6618.41,892.25,578.87,0.0,1398.36,0.0,154.14,0.0,,,,11541.19,6345.61
2012,Pitcairn Islands,0.0,100.0,0.21,1.96,0.44,0.0,0.0,0.0,0.0,0.36,0.0,,,,0.0,1.96
2012,"Poland, Rep. of",568.98,100.0889238,3012.85,16262.39,454.28,0.0,0.0,569.67,92.98,8.87,2.7,,,,9580.57,592.44
2012,Portugal,175.27,102.2738488,1133.83,1972.55,95.38,0.0,0.0,1329.27,14.64,9.91,30.75,,,,2840.76,1284.82
2012,Puerto Rico,86.16,94.13971539,71.87,59.38,20.28,6.22,0.0,8.25,14.35,0.02,0.05,,,,605.29,31.25
2012,Qatar,35.6,95.7680309,6.14,21.45,14.01,0.0,0.0,5.12,0.0,17.05,1047.06,,,,9.17,3.96
2012,Romania,594.47,99.85529295,2602.5,11471.13,288.6,0.0,0.0,177.48,300.76,8.81,6.77,,,,7774.91,581.51
2012,Russian Federation,2404.64,100.0364097,158003.72,157341.31,59919.3,0.0,5309.06,126400.8,81463.7,116354.45,31752.15,,,,952447.1,2319.07
2012,Rwanda,8.52,99.0984728,133.48,1331.44,161.26,0.0,0.0,212.44,82.3,0.02,0.01,,,,292.65,333.13
2012,Réunion,7.95,77.35091265,23.83,52.93,5.35,0.73,0.0,15.04,0.05,0.0,3.81,,,,138.0,4.31
2012,Saint Helena,1.41,99.59377712,9.39,0.9,2.08,0.0,0.0,1.25,0.0,18.45,3.18,,,,2.57,0.9
2012,Saint Pierre and Miquelon,0.18,100.0,0.61,0.0,3.15,0.0,0.0,9.89,4.67,0.1,0.29,,,,4.7,0.0
2012,Samoa,0.03,84.19544807,28.07,46.68,3.42,0.64,0.0,22.51,0.0,0.02,0.0,,,,122.54,61.85
2012,"San Marino, Rep. of",0.6,63.70023419,0.43,2.12,0.0,0.0,0.0,0.09,0.0,0.0,0.26,,,,0.48,2.12
2012,Saudi Arabia,241.05,96.11132678,171.92,2402.86,163.3,2.87,0.0,422.23,8.98,7263.76,182439.54,,,,117.11,175.76
2012,Senegal,37.14,99.92619077,2196.27,5421.14,319.51,193.19,0.0,7100.7,355.78,38.4,7.46,,,,3944.28,106.78
2012,"Serbia, Rep. of",94.99,100.5158295,739.21,4170.55,72.16,0.0,0.0,183.59,10.78,4.25,7.44,,,,3261.74,304.88
2012,Seychelles,0.13,96.7032967,3.08,1.63,11.06,7.52,0.0,2.05,0.0,0.22,0.67,,,,7.22,15.86
2012,Sierra Leone,18.67,99.23454865,574.58,3266.56,47.75,235.54,0.0,453.93,17.35,0.0,4.88,,,,2218.32,366.24
2012,Singapore,19.64,100.4244055,4.63,14.51,5.05,3.23,0.0,1.11,0.0,0.08,0.0,,,,9.34,2.3
2012,Slovak Rep.,148.49,99.65692666,392.65,1909.81,31.94,0.0,0.0,96.19,2.25,1.91,3.5,,,,2289.25,27.71
2012,"Slovenia, Rep. of",30.33,98.74323161,166.61,363.61,4.29,0.0,0.0,94.92,1.77,2.88,8.22,,,,1256.43,102.87
2012,Solomon Islands,0.85,87.3659118,4.58,6.48,99.34,135.82,0.0,3.0,0.0,0.22,0.0,,,,2567.35,24.44
2012,Somalia,34.66,99.77687617,7284.41,5079.3,86.02,1.36,0.0,37310.64,60.84,5766.02,5629.3,,,,2358.41,132.06
2012,South Africa,485.39,99.42638989,24463.32,12991.74,547.06,47.86,0.0,64879.49,266.8,9203.15,714.15,,,,8423.42,447.13
2012,"South Sudan, Rep. of",8.5,100.9109152,3064.26,2273.72,193.32,0.0,0.0,29015.3,3792.57,1.86,26.16,,,,24958.57,56.44
2012,Spain,471.26,100.1433647,7401.45,15902.31,433.23,0.0,0.0,6189.84,52.82,958.47,505.58,,,,12430.85,6286.28
2012,Sri Lanka,75.58,99.68013848,498.11,1567.51,184.3,19.74,0.0,1271.1,0.02,7.41,1.53,,,,1823.03,1205.77
2012,St. Kitts and Nevis,0.43,93.45238095,2.5,4.28,1.37,0.19,0.0,0.52,0.16,0.0,0.0,,,,16.86,0.09
2012,St. Lucia,0.62,91.60839161,0.98,0.69,1.38,0.64,0.0,0.8,0.09,0.05,0.0,,,,53.66,1.78
2012,St. Vincent and the Grenadines,0.49,92.0688107,1.81,0.79,12.2,0.54,0.0,0.72,0.1,0.0,0.73,,,,34.0,1.18
2012,Sub-Saharan Africa,,100.4202339,,,,,,,,,,300576.61,288734.28,1479355.26,,
2012,Sudan,92.98,100.1126865,24022.06,31371.77,472.61,21.13,0.0,16033.48,269.1,6462.43,98328.15,,,,8091.38,245.52
2012,Suriname,10.89,99.1650489,61.43,54.4,211.11,63.31,0.0,145.37,108.06,0.0,0.0,,,,13946.72,5.23
2012,Sweden,141.17,99.15038925,2280.28,3409.76,3834.13,0.0,23.79,1322.95,3199.86,1338.93,267.09,,,,28927.36,3.42
2012,Switzerland,134.95,99.6627965,1296.76,511.39,141.14,0.0,97.64,157.68,1.8,114.41,256.76,,,,1381.06,30.88
2012,Syrian Arab Rep.,99.69,100.0406279,479.56,4078.07,126.88,0.0,0.0,234.52,0.36,809.29,11831.36,,,,260.65,931.88
2012,"São Tomé and Príncipe, Dem. Rep. of",0.83,97.13614554,1.06,0.86,2.54,1.07,0.0,0.56,0.02,0.04,0.0,,,,86.58,6.48
2012,Taiwan Province of China,115.02,97.95549142,100.73,743.67,63.97,26.99,0.0,31.6,40.29,4.42,0.0,,,,2246.63,254.94
2012,"Tajikistan, Rep. of",34.03,98.81586249,6664.67,2118.52,138.46,0.0,1085.06,655.01,5.81,548.44,2318.03,,,,264.4,388.37
2012,"Tanzania, United Rep. of",63.23,100.3270028,5396.29,21108.56,6098.83,61.47,0.0,17106.26,4521.02,96.07,245.82,,,,36781.57,3104.29
2012,Thailand,244.39,103.2409429,4103.34,23662.28,877.61,353.91,0.0,5243.35,13.21,31.15,0.13,,,,11065.15,6244.06
2012,"Timor-Leste, Dem. Rep. of",4.67,101.9142017,164.63,504.67,13.2,9.47,0.0,120.49,0.0,3.21,0.0,,,,354.59,323.74
2012,Togo,18.94,98.50432817,250.8,2149.26,21.28,0.19,0.0,828.64,1.2,0.02,0.11,,,,2282.1,162.21
2012,Tokelau,0.01,100.0,0.0,0.0,1.57,0.0,0.0,0.0,0.0,0.0,0.0,,,,0.0,0.0
2012,Tonga,0.07,96.18049922,4.03,14.23,9.32,1.04,0.0,2.6,0.0,0.16,0.0,,,,29.94,8.7
2012,Trinidad and Tobago,13.3,97.47097859,24.88,36.88,7.15,2.45,0.0,14.18,1.36,0.09,0.0,,,,384.51,32.46
2012,Tunisia,80.81,105.5019921,279.94,2448.02,139.08,0.0,0.0,132.72,0.51,1356.34,8919.13,,,,323.56,1955.49
2012,Turkmenistan,31.19,99.83020639,1421.2,4118.42,9048.55,0.0,0.0,6751.37,1.64,1281.91,32717.67,,,,81.97,127.37
2012,Turks and Caicos Islands,0.1,84.78958272,7.33,0.85,6.52,3.08,0.0,1.07,16.65,0.04,0.0,,,,16.78,0.85
2012,Tuvalu,0.01,100.0,0.1,0.45,3.47,0.0,0.0,0.05,0.0,0.09,0.0,,,,0.08,0.45
2012,"Türkiye, Rep. of",504.75,100.1746213,14270.1,30689.13,1404.53,0.0,0.0,6893.6,209.31,3183.18,1507.39,,,,14778.74,4791.96
2012,Uganda,40.02,100.0555625,1686.35,7871.24,3742.42,0.0,0.0,2606.54,375.75,0.02,0.25,,,,5475.13,2509.67
2012,Ukraine,1871.07,100.00268,4219.75,41432.45,1467.14,0.0,0.0,402.98,49.78,37.47,22.58,,,,9354.54,1139.08
2012,United Arab Emirates,197.5,95.95418781,39.08,116.76,18.42,1.57,0.0,4.94,0.88,326.24,6269.83,,,,50.38,124.63
2012,United Kingdom,989.67,100.1062967,11511.49,6485.04,460.13,0.0,0.0,766.93,1295.19,509.74,55.35,,,,2255.77,48.02
2012,United States,9829.73,99.75960293,199374.5,151675.89,19083.7,190.08,6536.75,200338.67,7627.56,19317.95,18365.36,,,,297703.99,2641.97
2012,United States Virgin Islands,4.84,96.80273813,2.99,2.49,3.91,0.83,0.0,0.18,1.74,0.0,0.0,,,,16.59,2.49
2012,Uruguay,42.46,100.3587301,11535.24,2723.08,449.07,0.0,0.0,669.0,278.57,1.22,3.43,,,,2079.44,49.17
2012,"Uzbekistan, Rep. of",233.2,100.4885293,3314.08,7607.3,881.74,0.0,37.42,4408.62,67.87,2556.89,25035.61,,,,243.95,674.51
2012,Vanuatu,0.28,106.9334371,9.86,5.58,29.81,19.07,0.0,7.56,0.0,0.68,2.33,,,,1119.78,34.87
2012,"Venezuela, Rep. Bolivariana de",211.29,99.88164627,18081.05,7994.68,1427.54,322.64,0.05,7655.55,2020.54,544.5,104.24,,,,51296.2,2152.41
2012,Vietnam,186.73,103.2862063,2107.66,8204.12,753.65,193.92,0.0,5895.84,64.65,6.16,18.51,,,,10706.98,4806.12
2012,Wallis and Futuna Islands,0.03,100.0,1.1,0.72,3.76,0.0,0.0,0.86,0.0,0.0,0.0,,,,4.49,3.6
2012,West Bank and Gaza,20.58,99.99614338,39.44,94.85,19.12,0.0,0.0,30.67,0.0,116.51,118.91,,,,33.72,150.38
2012,Western Sahara,1.51,94.8374058,0.56,3.45,7.64,0.0,0.0,0.0,0.0,19.85,26942.87,,,,0.3,3.45
2012,"Yemen, Rep. of",20.25,100.2487522,161.25,1608.04,109.61,0.13,0.0,1611.28,0.9,5176.81,36058.86,,,,462.97,396.67
2012,Zambia,51.17,100.2132582,3229.18,8308.1,1399.39,0.0,0.0,12434.79,2859.28,0.0,4.6,,,,47199.05,78.71
2012,Zimbabwe,41.7,100.0569243,2421.27,13364.1,437.6,0.0,0.0,11255.46,28.3,18.26,93.36,,,,11280.56,334.1
2013,"Afghanistan, Islamic Rep. of",54.32,100.2170178,24797.69,5829.75,64.07,0.0,317.57,3121.73,7.06,4064.46,24835.71,,,,1162.66,93.61
2013,Africa,,100.4021726,,,,,,,,,,362841.29,1003338.96,1608199.97,,
2013,Albania,19.45,100.2542153,390.41,1032.07,57.31,0.0,0.0,315.0,6.5,33.47,49.97,,,,833.83,132.46
2013,Algeria,180.72,100.6244959,824.49,8856.84,153.6,0.0,0.0,2049.11,2.21,8183.02,208786.52,,,,1585.25,1109.44
2013,American Samoa,0.01,100.0,1.48,2.6,1.36,0.16,0.0,1.05,0.0,0.02,0.0,,,,8.21,5.17
2013,Americas,,99.60608622,,,,,,,,,,478345.06,305029.0,3164175.02,,
2013,"Andorra, Principality of",0.32,94.52567102,11.8,0.2,0.0,0.0,0.0,0.78,0.0,5.42,2.36,,,,26.71,0.2
2013,Angola,65.18,99.76304665,17238.43,5622.28,222.02,21.81,0.0,23114.21,723.35,32.35,3049.33,,,,74998.54,336.52
2013,Anguilla,0.08,99.875467,4.72,0.04,1.22,0.05,0.0,0.12,0.88,0.0,0.02,,,,0.86,0.04
2013,Antigua and Barbuda,0.98,94.12589709,13.24,0.95,6.7,0.52,0.0,0.94,3.58,0.02,0.0,,,,18.88,0.24
2013,Argentina,493.16,99.99079258,15118.12,53539.96,4076.06,0.0,685.92,98766.77,9255.26,46956.72,12835.0,,,,35550.64,1359.18
2013,"Armenia, Rep. of",45.71,99.83065692,693.42,840.33,133.14,0.0,0.0,439.73,1.2,39.36,39.09,,,,625.57,108.18
2013,"Aruba, Kingdom of the Netherlands",0.79,62.13488038,2.64,0.57,0.77,0.02,0.0,11.04,0.23,1.12,0.0,,,,0.29,0.57
2013,Asia,,100.1052085,,,,,,,,,,677261.88,965803.82,1477404.67,,
2013,Australia,879.09,99.71759972,129804.87,52884.03,1437.01,2602.74,0.0,180124.41,10050.1,283905.0,33879.9,,,,75730.03,660.95
2013,Austria,175.56,99.7433191,1581.23,1660.76,69.32,0.0,34.13,320.69,12.62,116.71,200.66,,,,4140.25,80.22
2013,"Azerbaijan, Rep. of",78.89,100.1401778,980.42,3594.61,8001.37,0.0,0.0,991.46,4.06,841.23,403.29,,,,1171.13,429.98
2013,"Bahamas, The",9.14,99.26427454,162.0,11.12,269.25,80.02,0.0,41.89,246.4,3.39,0.49,,,,426.11,4.17
2013,"Bahrain, Kingdom of",15.62,99.02439024,2.15,0.62,3.77,0.01,0.0,0.21,0.09,2.18,38.98,,,,3.22,0.74
2013,Bangladesh,64.92,101.0961506,897.7,8675.56,1158.79,417.9,0.0,808.32,36.47,1.46,31.55,,,,816.3,1129.92
2013,Barbados,5.1,101.3829408,3.86,22.67,0.91,0.0,0.0,1.41,0.06,0.04,0.0,,,,7.26,2.39
2013,"Belarus, Rep. of",136.03,99.96150239,1201.32,9808.81,223.48,0.0,0.0,407.73,41.84,0.92,0.11,,,,8687.19,209.77
2013,Belgium,258.4,100.0603774,631.14,1356.97,16.4,0.0,0.0,96.84,11.02,0.5,0.67,,,,654.26,37.08
2013,Belize,2.31,96.0019429,93.82,105.48,64.79,49.02,0.0,108.55,10.9,0.0,0.65,,,,1717.68,43.27
2013,Benin,35.72,99.79801483,446.36,3072.08,22.54,6.79,0.0,3210.57,2.79,0.02,0.22,,,,4002.97,796.47
2013,Bermuda,0.19,100.0,0.04,0.08,3.05,0.0,0.0,0.01,0.74,1.99,0.0,,,,0.05,0.08
2013,Bhutan,0.13,100.2227698,540.04,62.93,1.13,0.0,104.63,102.39,0.12,4.78,6.43,,,,2951.55,7.79
2013,Bolivia,89.75,100.1846066,12049.11,5454.64,1318.54,0.0,85.85,12341.52,2940.88,7000.32,8766.48,,,,58734.88,275.76
2013,Bosnia and Herzegovina,30.31,99.92834605,711.14,1165.78,24.47,0.0,0.0,257.23,6.1,3.31,1.27,,,,2793.79,122.47
2013,Botswana,29.43,99.88202533,3550.22,2931.65,62.45,0.0,0.0,45256.07,755.96,54.13,915.41,,,,4560.62,20.94
2013,Brazil,1854.72,98.60962024,69904.09,141600.63,13299.7,619.13,0.0,149861.29,14036.6,149.18,369.8,,,,437685.13,24409.04
2013,British Virgin Islands,1.19,86.42857143,1.45,0.02,3.12,1.29,0.0,0.03,2.19,0.03,0.0,,,,6.01,0.02
2013,Brunei Darussalam,6.27,98.25083947,9.6,17.86,8.55,19.35,0.0,6.68,0.0,0.23,0.0,,,,498.74,26.8
2013,Bulgaria,161.47,100.0806402,751.42,5261.7,125.85,0.0,0.0,335.32,10.01,13.5,56.21,,,,4217.54,204.18
2013,Burkina Faso,26.97,100.9009692,5844.98,15686.42,94.71,0.0,0.0,3016.5,26.74,119.05,111.48,,,,1422.36,1146.71
2013,Burundi,7.58,98.62337407,479.57,1097.13,199.48,0.0,0.0,296.27,23.58,0.0,0.0,,,,235.6,364.32
2013,Cabo Verde,2.23,99.54850748,53.43,19.7,36.01,0.0,0.0,142.96,2.83,5.69,135.94,,,,8.62,1.58
2013,Cambodia,19.0,100.2932886,1278.39,6750.94,409.61,42.33,0.0,1661.96,667.44,0.26,2.22,,,,7090.13,330.41
2013,Cameroon,51.75,99.5702883,1697.85,4792.52,353.39,249.8,0.0,2365.05,181.76,0.0,1.36,,,,35951.54,1198.13
2013,Canada,854.88,99.97403632,159530.34,52417.1,103682.0,0.0,18314.8,54831.73,7780.85,105660.16,39679.09,,,,440095.25,248.33
2013,Cayman Islands,0.93,95.17154353,0.69,0.83,2.77,8.37,0.0,0.31,0.55,0.04,0.0,,,,9.56,2.08
2013,Central African Rep.,12.6,101.8442995,5016.56,907.44,92.18,0.0,0.0,4687.75,23.45,0.0,0.47,,,,51575.97,48.4
2013,Chad,18.58,99.67324735,15226.03,18659.49,364.34,0.0,0.0,14593.95,687.15,7768.53,63863.91,,,,5915.21,134.35
2013,Chile,171.48,99.92689031,5074.68,2332.5,2744.07,0.0,2797.08,14467.44,31.11,12019.82,13779.9,,,,21216.07,862.32
2013,"China, P.R.: Hong Kong",14.53,99.96023857,7.78,10.61,13.56,2.26,0.0,5.81,0.33,0.05,0.0,,,,50.7,3.42
2013,"China, P.R.: Macao",0.59,100.0,0.14,0.23,0.09,0.01,0.0,0.02,0.1,0.0,0.0,,,,0.2,0.23
2013,"China, P.R.: Mainland",8433.3,100.0891636,290419.59,193597.72,12440.6,175.56,6286.23,23415.13,3290.8,22488.41,165979.19,,,,183291.72,26617.0
2013,Colombia,182.32,100.2438925,16946.47,4137.93,1393.54,376.15,6.7,7384.01,2446.02,532.94,25.02,,,,75207.52,5888.48
2013,"Comoros, Union of the",1.77,97.61315275,13.9,7.25,4.14,0.64,0.0,20.44,0.0,0.0,0.0,,,,111.55,5.91
2013,"Congo, Dem. Rep. of the",146.52,101.2959945,7141.65,20396.4,4337.49,259.51,0.0,7517.82,4961.68,2.71,35.95,,,,187162.79,2500.87
2013,"Congo, Rep. of",20.94,100.2541087,1989.24,2417.27,293.82,76.55,0.0,2188.72,83.22,0.0,0.17,,,,26880.1,338.42
2013,Cook Islands,0.01,100.0,1.27,1.76,3.52,0.0,0.0,0.86,0.08,1.23,0.0,,,,10.91,4.92
2013,Costa Rica,30.88,98.14101185,295.09,273.67,42.68,36.31,0.0,254.57,3.33,0.0,2.31,,,,3812.1,376.3
2013,"Croatia, Rep. of",63.24,100.694364,559.17,2003.12,90.07,0.0,0.0,269.95,26.92,30.67,9.24,,,,2438.47,166.62
2013,Cuba,59.78,102.8864561,1236.66,3563.02,406.91,405.8,0.0,424.99,196.06,0.95,0.71,,,,4330.36,474.67
2013,Cyprus,25.67,94.69241455,87.53,223.44,16.98,0.0,0.0,116.54,0.66,134.58,71.16,,,,181.66,76.51
2013,Czech Rep.,261.37,99.92086472,980.36,3514.49,59.04,0.0,0.0,225.17,7.77,4.77,0.34,,,,2757.84,64.64
2013,Côte d'Ivoire,116.32,112.2152817,1320.89,6287.42,284.72,12.54,0.0,3553.29,1.91,0.0,0.0,,,,12724.89,8083.83
2013,Denmark,126.53,100.1045659,509.76,2847.62,270.96,0.0,0.0,93.33,57.82,0.93,2.14,,,,495.9,30.04
2013,Djibouti,1.38,95.5564321,67.25,1.63,24.62,0.78,0.0,24.68,93.88,49.08,1914.38,,,,1.96,0.65
2013,Dominica,0.24,90.32258065,0.19,0.04,1.29,3.15,0.0,0.03,0.0,0.26,0.0,,,,69.93,0.11
2013,Dominican Rep.,53.82,97.12000245,761.23,841.04,61.91,19.83,0.0,141.86,203.53,2.21,0.37,,,,2374.76,373.21
2013,Ecuador,98.66,108.299406,1820.15,1098.63,315.95,217.96,12.45,3050.03,113.64,35.4,355.3,,,,17293.8,1351.66
2013,"Egypt, Arab Rep. of",205.6,95.94977382,275.37,3361.19,797.47,1.98,0.0,79.61,1101.37,1182.87,90485.51,,,,47.8,1269.77
2013,El Salvador,22.76,97.76998393,52.11,311.76,47.79,43.19,0.0,42.3,1.4,0.01,1.32,,,,1473.64,89.36
2013,Emerging and Developing Countries Asia excluding China,,100.3286478,,,,,,,,,,288278.21,107844.74,598839.67,,
2013,Emerging and Developing Countries Europe,,100.0235826,,,,,,,,,,296445.21,153122.83,1508284.16,,
2013,Emerging and Developing Economies,,100.0360729,,,,,,,,,,1556197.32,2238432.74,6210742.74,,
2013,"Equatorial Guinea, Rep. of",4.12,100.0989391,27.42,117.74,17.93,40.6,0.0,14.52,0.72,0.0,0.0,,,,2393.76,100.3
2013,"Eritrea, The State of",10.69,99.68298532,2532.66,1693.59,58.66,8.02,0.0,1689.71,23.31,800.55,4912.81,,,,441.66,4.91
2013,"Estonia, Rep. of",21.58,99.9208259,399.62,990.88,242.42,0.0,0.0,151.46,196.92,2.29,1.27,,,,2509.86,4.66
2013,"Eswatini, Kingdom of",2.95,100.3972277,273.96,536.36,7.05,0.0,0.0,196.93,8.03,0.28,26.1,,,,636.24,48.48
2013,"Ethiopia, The Federal Dem. Rep. of",58.91,101.2424345,11775.52,18506.28,767.15,0.0,0.0,49476.69,253.16,266.92,7250.08,,,,23800.73,1468.92
2013,Europe,,100.1077591,,,,,,,,,,375990.15,169444.92,1738778.55,,
2013,Falkland Islands (Malvinas),0.01,100.0,1031.53,0.04,62.48,0.0,0.0,36.02,0.1,10.05,8.34,,,,58.08,0.04
2013,Faroe Islands,0.0,100.0,97.97,1.27,5.91,0.0,0.0,12.06,2.46,6.78,0.51,,,,10.58,1.27
2013,"Fiji, Rep. of",2.41,91.69704099,62.22,173.31,59.79,43.82,0.0,39.95,0.0,4.73,0.0,,,,1246.56,196.96
2013,Finland,41.43,99.47231791,833.33,2490.09,3316.96,0.0,0.0,900.22,2429.06,498.01,22.16,,,,23014.26,3.81
2013,France,1302.19,99.96716601,11382.71,24201.86,435.4,0.0,25.03,1485.07,162.71,255.54,217.11,,,,14073.66,1317.47
2013,French Polynesia,0.41,100.0,20.33,11.33,86.91,1.84,0.0,13.75,0.0,38.36,0.0,,,,126.38,104.26
2013,Gabon,15.17,99.92529873,657.57,681.82,311.65,211.59,0.0,728.06,17.93,0.0,0.0,,,,23600.37,356.64
2013,"Gambia, The",7.82,99.57883037,48.28,589.25,92.66,143.0,0.0,113.76,4.22,0.0,1.43,,,,118.88,9.17
2013,Georgia,72.4,98.22538343,949.51,1296.3,36.29,0.0,37.86,622.15,9.82,47.72,115.27,,,,3389.18,405.39
2013,Germany,1826.75,100.2326434,6436.57,14891.67,450.49,0.0,0.0,861.3,111.64,22.0,11.94,,,,10809.3,250.79
2013,Ghana,162.58,100.3356056,872.95,6357.93,726.37,25.19,0.0,3538.57,4.52,0.5,6.35,,,,8866.01,3491.46
2013,Gibraltar,0.32,100.0,0.06,0.02,0.02,0.0,0.0,0.07,0.01,0.0,0.0,,,,0.13,0.02
2013,Greece,135.25,104.100194,1391.94,3331.44,362.69,0.0,0.0,3029.86,21.31,70.4,245.7,,,,3191.16,1491.85
2013,Greenland,0.06,100.0,6118.77,0.0,5544.14,0.0,175240.0,1015.41,104.35,26506.1,680.25,,,,130.92,0.0
2013,Grenada,0.62,100.0,1.75,0.17,1.45,0.16,0.0,0.14,0.0,0.0,0.0,,,,27.67,0.23
2013,Guadeloupe,3.76,64.79019715,9.75,24.55,5.56,3.27,0.0,2.16,3.52,0.05,0.02,,,,114.22,3.88
2013,Guam,0.01,90.24390244,48.45,0.36,1.92,0.0,0.0,0.14,0.0,0.02,0.0,,,,0.37,3.2
2013,Guatemala,59.84,102.6956488,1196.85,994.68,134.79,36.47,0.0,733.04,18.97,0.0,2.29,,,,7049.53,745.1
2013,Guinea,33.41,101.1835871,794.11,2891.92,89.88,250.02,0.0,3436.58,1.09,0.0,1.57,,,,16301.29,653.01
2013,Guinea-Bissau,3.45,99.6616618,112.7,294.63,48.67,246.98,0.0,173.65,1.6,0.03,2.22,,,,1950.31,245.53
2013,Guyana,15.45,99.92474025,301.22,169.97,177.42,6.92,0.0,1141.86,144.06,2.77,3.86,,,,19337.44,11.33
2013,Haiti,27.94,98.79915044,1482.43,280.4,43.17,13.09,0.0,43.38,294.56,7.25,0.02,,,,431.52,94.57
2013,Holy See,0.05,100.0,0.01,0.0,0.0,0.0,0.0,0.0,0.0,0.0,0.0,,,,0.01,0.0
2013,Honduras,34.3,100.0339903,1212.03,722.98,123.12,63.23,0.0,746.75,14.52,0.23,0.43,,,,7974.88,383.51
2013,Hungary,281.9,99.97706148,1067.88,5732.8,135.76,0.0,0.0,73.9,54.08,1.5,1.04,,,,1716.85,241.74
2013,Iceland,3.16,100.0,3604.01,0.0,333.07,0.0,1102.48,75.27,722.64,2328.67,2006.96,,,,37.16,0.0
2013,India,1832.07,100.0250331,25178.89,176920.41,4983.8,343.27,783.16,21326.04,710.85,519.19,1249.53,,,,48949.0,14701.71
2013,Indonesia,1154.03,99.91804484,10015.55,21239.42,3970.34,4088.9,0.0,7476.16,0.0,1847.51,0.0,,,,119795.23,20361.61
2013,"Iran, Islamic Rep. of",395.55,99.49918331,7250.09,23530.18,6277.63,1.17,0.0,6825.23,82.13,11547.63,106360.54,,,,3065.57,2867.78
2013,Iraq,155.32,99.18846816,927.11,7903.66,486.08,0.0,0.0,349.15,33.5,357.05,32732.87,,,,246.68,519.55
2013,Ireland,64.3,99.98450903,4738.85,452.05,200.22,0.0,0.0,167.33,860.89,24.09,23.98,,,,435.28,0.95
2013,Isle of Man,1.26,99.9824284,38.48,3.07,1.14,0.0,0.0,2.64,0.0,0.01,0.82,,,,6.42,3.07
2013,Israel,64.66,99.14204926,86.17,359.91,47.48,0.0,0.0,63.18,0.09,74.49,1184.41,,,,77.62,119.01
2013,Italy,944.26,102.5898228,3424.6,10794.07,412.08,0.0,42.31,1358.41,31.43,246.32,653.32,,,,8701.6,3573.25
2013,Jamaica,21.11,95.96495428,103.21,87.84,9.82,8.73,0.0,12.78,7.28,0.15,0.0,,,,801.39,51.09
2013,Japan,1675.29,99.92487105,1375.48,6837.64,945.56,2.94,0.0,879.73,79.71,4.12,3.19,,,,25144.49,484.02
2013,Jordan,34.4,100.8423046,41.27,370.26,46.31,0.0,0.0,8.45,0.06,168.51,8117.33,,,,16.42,134.0
2013,"Kazakhstan, Rep. of",268.09,99.7172335,88923.56,46868.7,17711.3,0.0,113.64,21785.37,1227.54,62713.9,34395.45,,,,9641.63,209.67
2013,Kenya,26.33,100.2703797,15264.98,10973.09,1244.01,16.56,0.0,20550.82,941.84,283.11,1881.9,,,,6420.36,1027.31
2013,Kiribati,0.02,100.0,2.8,2.74,84.16,0.05,0.0,0.29,0.0,9.33,0.0,,,,1.44,43.86
2013,"Korea, Dem. People's Rep. of",69.34,100.5369444,313.01,3537.66,211.18,0.0,0.0,125.48,5.84,23.2,16.5,,,,7611.45,346.24
2013,"Korea, Rep. of",208.65,99.59562897,341.35,3503.98,252.9,0.0,0.0,152.2,7.67,53.07,21.61,,,,4884.43,504.12
2013,Kuwait,28.43,103.3026498,6.06,21.92,5.44,0.0,0.0,3.65,10.49,11.0,1640.38,,,,6.51,11.34
2013,Kyrgyz Rep.,45.3,99.62736002,8512.25,3676.79,719.4,0.0,609.51,816.99,0.0,2133.62,1803.53,,,,1401.93,216.52
2013,Lao People's Dem. Rep.,9.73,99.443193,1491.97,2890.66,215.03,0.0,0.0,7347.54,91.77,0.0,0.0,,,,10806.27,308.54
2013,Latin America and the Caribbean,,99.38495732,,,,,,,,,,263420.78,121940.77,1646286.48,,
2013,Latvia,25.99,100.7343256,739.74,1702.47,123.32,0.0,0.0,220.27,138.38,0.12,0.11,,,,3481.31,8.46
2013,Lebanon,18.87,99.78547637,60.39,252.16,2.25,0.0,0.0,223.35,0.0,120.19,45.0,,,,49.27,244.52
2013,"Lesotho, Kingdom of",6.6,100.2511399,1397.5,698.12,6.91,0.0,0.0,758.22,0.91,0.17,0.67,,,,175.54,11.26
2013,Liberia,18.05,98.3455643,411.82,3078.96,47.89,25.62,0.0,194.7,2.52,0.0,0.0,,,,4600.13,1293.16
2013,Libya,77.32,99.46927323,128.09,1728.99,51.73,0.0,0.0,199.82,23.93,3831.88,155770.82,,,,143.49,336.75
2013,Liechtenstein,0.81,95.83875408,3.71,0.55,0.07,0.0,0.0,0.57,0.02,0.04,0.15,,,,8.47,0.55
2013,Lithuania,56.27,100.6741992,629.06,3266.22,121.27,0.0,0.0,181.08,32.3,0.59,0.89,,,,2144.04,46.34
2013,Luxembourg,11.4,100.0441306,78.31,79.28,0.75,0.0,0.0,13.26,0.02,0.05,0.0,,,,77.51,1.94
2013,"Madagascar, Rep. of",32.98,99.73101787,21915.07,3624.47,464.87,170.14,0.0,9219.68,297.42,60.11,340.96,,,,22303.4,724.89
2013,Malawi,23.02,101.3973463,634.55,5491.2,2435.81,0.0,0.0,401.59,238.34,0.33,12.71,,,,2471.68,232.35
2013,Malaysia,263.02,100.2200844,1708.19,625.44,499.0,655.73,0.0,1405.81,0.0,19.85,0.0,,,,22586.72,5432.03
2013,Maldives,0.08,100.0,0.33,2.99,106.26,0.02,0.0,0.65,0.0,0.86,0.18,,,,0.42,1.15
2013,Mali,26.24,99.82704901,16265.44,21429.07,378.69,0.0,0.0,8867.08,308.47,4608.46,70010.69,,,,3467.49,470.76
2013,Malta,5.64,99.67211924,1.92,13.77,1.56,0.0,0.0,0.46,0.0,0.34,4.45,,,,1.6,1.93
2013,"Marshall Islands, Rep. of the",0.05,100.0,0.15,0.14,161.27,0.0,0.0,0.04,0.0,2.9,0.0,,,,0.13,1.78
2013,Martinique,3.49,93.66980325,3.95,7.46,3.1,1.83,0.0,2.91,0.15,0.0,0.0,,,,83.22,5.26
2013,"Mauritania, Islamic Rep. of",21.74,99.92606939,11580.61,1749.8,61.72,3.37,0.0,763.56,184.07,5144.82,84573.0,,,,259.27,38.88
2013,Mauritius,9.18,92.79280442,15.78,98.51,5.9,1.0,0.0,12.17,0.02,0.03,0.08,,,,54.17,5.25
2013,Mayotte,0.19,97.53552271,1.99,0.21,2.42,1.99,0.0,3.02,0.01,0.0,0.0,,,,28.46,0.04
2013,Mexico,1004.25,100.7586525,17948.22,24962.65,1864.07,824.32,0.0,70956.72,65.99,59.3,2764.66,,,,72693.62,2810.25
2013,"Micronesia, Federated States of",3.12,100.0,0.9,1.75,48.84,27.2,0.0,0.25,0.0,0.4,0.0,,,,26.12,1.75
2013,Middle East and Central Asia,,99.87627024,,,,,,,,,,205451.53,1378342.02,432014.65,,
2013,"Moldova, Rep. of",158.2,97.99069811,182.04,2324.24,33.5,0.0,0.0,7.02,4.08,0.23,0.0,,,,290.33,377.56
2013,Monaco,0.2,100.0,0.07,0.21,0.0,0.0,0.0,0.03,0.0,0.0,0.0,,,,0.05,0.21
2013,Mongolia,46.31,99.65505036,33336.73,5896.75,1474.16,0.0,62.0,2838.95,371.46,34710.72,68571.44,,,,9059.89,22.91
2013,Montenegro,6.48,99.29718876,246.16,131.98,30.33,0.0,0.0,134.5,10.04,8.91,3.58,,,,727.1,79.69
2013,Montserrat,0.0,96.96923638,0.21,0.31,0.54,0.12,0.0,0.21,0.99,0.43,0.0,,,,7.16,0.31
2013,Morocco,137.43,102.0680936,1095.62,6830.32,85.11,0.0,0.0,2276.16,0.18,9657.77,18651.44,,,,1572.48,1224.38
2013,"Mozambique, Rep. of",47.73,100.1484441,3821.59,9419.58,1494.89,511.83,0.0,15580.89,1789.32,42.77,598.88,,,,45356.07,500.15
2013,Myanmar,84.37,99.86317173,4580.79,16499.54,1014.31,421.24,1.57,12761.13,62.34,3.0,1.34,,,,29297.62,2311.35
2013,Namibia,55.08,100.0060674,39672.65,2211.79,510.37,0.0,0.0,17707.5,128.8,2545.92,15120.76,,,,4675.74,24.88
2013,"Nauru, Rep. of",0.0,100.0,0.11,0.84,0.18,0.0,0.0,0.02,0.0,0.14,0.0,,,,0.03,0.84
2013,Nepal,22.74,99.86608828,3216.48,2911.06,30.53,0.0,488.22,528.48,2.33,10.4,186.82,,,,7110.87,291.93
2013,New Caledonia,2.92,98.21267469,60.36,158.68,29.25,58.32,0.0,106.84,0.0,108.24,0.0,,,,1244.79,98.65
2013,New Zealand,199.91,100.891559,14215.4,442.59,683.75,21.77,108.45,2395.87,126.91,201.57,990.4,,,,7619.08,57.45
2013,Nicaragua,19.21,100.5387025,1403.13,1339.27,1035.01,96.15,0.0,970.35,37.71,0.26,2.74,,,,7749.29,263.75
2013,Niger,11.75,100.0316873,15530.78,7678.69,41.11,0.0,0.0,1272.1,203.43,13390.1,79919.72,,,,812.37,45.71
2013,Nigeria,447.08,99.8379419,7485.16,41840.95,956.5,856.37,0.0,11178.29,390.48,61.18,16.46,,,,20683.26,7547.49
2013,Niue,0.03,100.0,0.78,1.31,0.53,0.0,0.0,0.46,0.0,0.0,0.0,,,,19.7,3.66
2013,Norfolk Island,0.0,100.0,0.36,1.32,0.33,0.0,0.0,0.09,0.0,0.0,0.05,,,,0.42,1.32
2013,"North Macedonia, Republic of ",22.16,100.4853907,450.26,729.93,51.63,0.0,0.0,127.86,2.01,3.57,9.18,,,,1083.08,65.39
2013,Northern Mariana Islands,0.02,100.0,16.48,9.79,3.45,0.03,0.0,0.53,0.0,0.07,0.02,,,,7.49,9.79
2013,Norway,244.13,98.56166134,3641.57,1094.89,2244.8,0.0,3532.34,1656.26,2695.21,6347.19,3627.04,,,,13517.53,4.02
2013,Oceania,,99.64591196,,,,,,,,,,55643.86,319432.61,477424.59,,
2013,Oman,30.96,88.7347187,19.44,158.87,38.71,0.0,0.0,56.65,3.28,1817.38,28698.73,,,,43.03,129.79
2013,Pakistan,258.3,99.99744276,18894.35,24236.8,537.62,8.47,210.93,6874.56,380.45,2815.62,21906.88,,,,2395.97,644.3
2013,"Palau, Rep. of",0.05,70.95207922,1.3,0.39,4.94,4.05,0.0,1.18,0.0,0.09,0.0,,,,30.72,2.59
2013,Panama,24.45,98.1687965,439.02,983.86,129.77,136.54,0.0,395.5,7.6,0.62,4.42,,,,5094.16,294.29
2013,Papua New Guinea,20.23,97.17682905,984.53,952.19,734.2,650.91,0.0,698.51,0.0,432.4,1.02,,,,39695.55,2526.48
2013,Paraguay,52.42,99.56605339,3254.85,6176.96,375.61,0.0,0.0,9930.72,3094.33,2.61,0.58,,,,17113.27,117.09
2013,Peru,177.55,106.2937496,16674.84,2418.59,1517.05,4.74,299.99,10048.18,381.01,5950.95,9643.67,,,,81987.92,774.18
2013,Philippines,147.26,100.64862,2127.16,6598.48,891.47,578.52,0.0,1400.57,0.0,154.23,0.0,,,,11538.4,6349.41
2013,Pitcairn Islands,0.0,100.0,0.21,1.96,0.44,0.0,0.0,0.0,0.0,0.36,0.0,,,,0.0,1.96
2013,"Poland, Rep. of",569.34,99.91479026,3011.85,16232.72,454.19,0.0,0.0,569.71,92.94,9.06,2.7,,,,9583.46,619.71
2013,Portugal,182.91,102.1950499,1134.96,1963.26,95.36,0.0,0.0,1329.39,14.64,9.86,30.57,,,,2839.84,1286.41
2013,Puerto Rico,88.2,95.53040103,71.92,59.49,20.23,6.24,0.0,8.2,14.35,0.01,0.05,,,,604.79,29.64
2013,Qatar,36.23,96.85916534,6.22,21.47,14.01,0.0,0.0,5.12,0.0,17.04,1046.29,,,,9.29,3.89
2013,Romania,612.43,99.85545847,2605.24,11453.19,288.6,0.0,0.0,178.22,300.72,8.8,6.77,,,,7774.16,578.81
2013,Russian Federation,2424.09,100.0378143,158086.76,157323.97,59931.8,0.0,5309.06,126624.11,81412.7,116335.69,31783.77,,,,952163.12,2318.82
2013,Rwanda,9.05,99.53298576,133.54,1336.78,161.28,0.0,0.0,212.43,82.3,0.02,0.01,,,,292.26,327.57
2013,Réunion,8.41,78.74851455,24.17,53.57,5.19,0.69,0.0,15.08,0.05,0.0,3.84,,,,136.65,4.35
2013,Saint Helena,1.41,99.59377712,9.39,0.9,2.08,0.0,0.0,1.25,0.0,18.45,3.18,,,,2.57,0.9
2013,Saint Pierre and Miquelon,0.18,100.0,0.61,0.0,3.15,0.0,0.0,9.89,4.67,0.1,0.29,,,,4.7,0.0
2013,Samoa,0.03,90.34202221,28.07,50.09,3.42,0.64,0.0,22.51,0.0,0.02,0.0,,,,122.54,58.44
2013,"San Marino, Rep. of",0.62,63.93442623,0.43,2.11,0.0,0.0,0.0,0.09,0.0,0.0,0.26,,,,0.48,2.11
2013,Saudi Arabia,257.21,96.64462511,174.06,2401.37,163.22,2.9,0.0,421.46,8.98,7259.81,182420.27,,,,122.39,177.68
2013,Senegal,38.5,99.8913563,2196.57,5417.88,319.29,193.31,0.0,7099.08,355.76,38.39,7.46,,,,3942.78,111.64
2013,"Serbia, Rep. of",101.89,100.5554181,739.62,4165.33,72.16,0.0,0.0,183.55,10.78,4.23,7.45,,,,3262.75,301.83
2013,Seychelles,0.13,100.0,3.08,1.69,11.06,7.52,0.0,2.05,0.0,0.22,0.67,,,,7.22,15.8
2013,Sierra Leone,19.19,99.93851811,574.47,3289.35,47.71,235.43,0.0,453.48,17.48,0.0,4.88,,,,2219.12,342.72
2013,Singapore,20.29,99.88235294,4.69,13.67,5.02,3.16,0.0,1.12,0.0,0.08,0.0,,,,9.45,2.4
2013,Slovak Rep.,148.51,99.65955074,393.75,1909.84,31.94,0.0,0.0,96.92,2.25,1.98,3.5,,,,2285.83,29.17
2013,"Slovenia, Rep. of",30.38,98.98936118,167.48,364.54,4.29,0.0,0.0,95.38,1.77,2.97,8.23,,,,1253.78,103.1
2013,Solomon Islands,0.87,87.60367435,4.58,6.48,99.24,135.82,0.0,3.0,0.0,0.22,0.0,,,,2567.45,24.44
2013,Somalia,35.1,100.0118162,7290.74,5090.9,86.02,1.36,0.0,37308.77,60.84,5831.08,5553.41,,,,2364.45,120.33
2013,South Africa,521.09,99.71463316,24457.27,12995.1,546.82,47.86,0.0,64867.01,266.59,9198.72,710.61,,,,8411.09,447.25
2013,"South Sudan, Rep. of",8.75,100.4696859,3057.34,2263.49,193.39,0.0,0.0,28971.35,3786.82,3.01,26.19,,,,25017.18,63.15
2013,Spain,494.53,99.44291575,7403.96,15764.49,433.75,0.0,0.0,6194.06,52.72,957.82,496.65,,,,12425.22,6408.81
2013,Sri Lanka,80.72,99.82513086,498.35,1564.76,184.2,19.72,0.0,1265.57,0.02,7.54,1.53,,,,1828.03,1203.66
2013,St. Kitts and Nevis,0.47,93.77816229,2.6,4.26,1.37,0.18,0.0,0.53,0.16,0.0,0.0,,,,16.76,0.09
2013,St. Lucia,0.67,94.39004159,0.98,0.68,1.38,0.64,0.0,0.79,0.09,0.05,0.0,,,,53.66,1.76
2013,St. Vincent and the Grenadines,0.55,95.66524862,1.81,0.78,12.2,0.54,0.0,0.71,0.1,0.0,0.73,,,,33.96,1.18
2013,Sub-Saharan Africa,,100.4181989,,,,,,,,,,300570.57,288714.78,1479381.15,,
2013,Sudan,99.32,100.0903566,24035.91,31358.4,472.71,21.14,0.0,16053.76,268.52,6444.66,98294.8,,,,8109.06,252.26
2013,Suriname,11.06,99.07371503,61.66,54.17,210.36,63.5,0.0,145.75,108.56,0.0,0.0,,,,13946.07,5.42
2013,Sweden,141.48,99.18759251,2286.56,3410.78,3834.34,0.0,23.79,1328.58,3201.72,1338.48,266.97,,,,28910.0,6.01
2013,Switzerland,135.01,99.60704458,1298.34,510.97,141.32,0.0,97.64,157.95,1.79,114.49,256.8,,,,1378.97,31.2
2013,Syrian Arab Rep.,107.04,99.79113831,482.74,4060.31,126.85,0.0,0.0,234.76,0.36,814.08,11831.96,,,,261.43,932.77
2013,"São Tomé and Príncipe, Dem. Rep. of",0.86,98.84069558,1.06,0.86,2.43,1.08,0.0,0.56,0.02,0.04,0.0,,,,86.67,6.48
2013,Taiwan Province of China,125.59,98.90231807,101.68,741.4,63.89,26.86,0.0,31.68,39.88,4.46,0.0,,,,2245.69,247.13
2013,"Tajikistan, Rep. of",37.04,99.31002506,6663.23,2126.27,138.46,0.0,1085.06,654.89,5.81,547.8,2320.88,,,,264.94,376.39
2013,"Tanzania, United Rep. of",68.31,100.2295849,5386.43,21082.94,6080.49,61.45,0.0,17083.4,4532.89,95.95,251.57,,,,36832.26,3107.8
2013,Thailand,273.13,102.6565168,4104.59,23498.2,877.29,354.46,0.0,5238.86,13.15,31.16,0.12,,,,11077.05,6370.55
2013,"Timor-Leste, Dem. Rep. of",4.75,101.3025731,164.64,501.54,13.19,9.47,0.0,120.49,0.0,3.21,0.0,,,,354.61,326.79
2013,Togo,19.83,99.72478967,251.02,2175.23,21.28,0.19,0.0,818.75,1.2,0.02,0.11,,,,2287.57,139.54
2013,Tokelau,0.01,100.0,0.0,0.0,1.57,0.0,0.0,0.0,0.0,0.0,0.0,,,,0.0,0.0
2013,Tonga,0.07,96.18049922,4.03,14.23,9.32,1.04,0.0,2.6,0.0,0.16,0.0,,,,29.94,8.7
2013,Trinidad and Tobago,13.87,98.19157482,24.82,36.68,7.15,2.45,0.0,14.17,1.35,0.09,0.0,,,,384.39,32.28
2013,Tunisia,82.39,105.7193517,280.28,2451.65,139.06,0.0,0.0,132.62,0.51,1350.6,8918.52,,,,324.15,1955.82
2013,Turkmenistan,33.49,99.85824613,1421.38,4117.29,9048.02,0.0,0.0,6751.35,1.64,1283.26,32715.13,,,,82.45,127.34
2013,Turks and Caicos Islands,0.25,97.26663047,7.35,0.84,6.52,3.08,0.0,1.07,16.48,0.04,0.0,,,,16.81,0.84
2013,Tuvalu,0.01,100.0,0.1,0.45,3.47,0.0,0.0,0.05,0.0,0.09,0.0,,,,0.08,0.45
2013,"Türkiye, Rep. of",528.89,100.1329049,14271.44,30651.92,1405.64,0.0,0.0,6898.21,209.13,3179.93,1497.0,,,,14775.17,4815.16
2013,Uganda,41.85,100.0572478,1685.68,7869.54,3742.41,0.0,0.0,2606.05,375.77,0.02,0.25,,,,5476.68,2509.13
2013,Ukraine,1874.04,100.0216154,4221.52,41437.73,1466.91,0.0,0.0,403.61,49.93,37.89,22.86,,,,9352.2,1130.22
2013,United Arab Emirates,198.26,95.33754695,39.18,113.98,18.41,1.57,0.0,4.94,0.88,326.17,6268.95,,,,50.53,127.35
2013,United Kingdom,990.1,100.0660259,11518.01,6481.6,460.69,0.0,0.0,766.82,1294.91,509.84,55.37,,,,2253.53,46.45
2013,United States,10075.13,99.84715024,199343.48,151572.41,19089.4,190.05,6536.75,200419.82,7623.63,19361.57,18384.86,,,,297459.22,2630.9
2013,United States Virgin Islands,4.92,97.991312,3.0,2.5,3.9,0.81,0.0,0.18,1.72,0.0,0.0,,,,16.53,2.5
2013,Uruguay,43.59,100.3059986,11534.5,2720.5,449.07,0.0,0.0,666.98,277.66,1.22,3.43,,,,2087.77,45.98
2013,"Uzbekistan, Rep. of",251.28,100.2906802,3319.48,7573.79,879.43,0.0,37.42,4408.43,67.74,2560.78,25028.14,,,,247.4,687.34
2013,Vanuatu,0.28,103.1030281,9.66,5.37,29.8,19.07,0.0,7.46,0.0,0.68,2.33,,,,1121.6,33.55
2013,"Venezuela, Rep. Bolivariana de",220.24,99.94642217,18093.95,7991.05,1426.96,322.39,0.05,7661.01,2023.35,545.96,104.41,,,,51269.86,2151.44
2013,Vietnam,212.05,103.1283081,2111.25,8165.97,753.87,194.0,0.0,5895.07,65.27,6.16,18.51,,,,10706.1,4816.08
2013,Wallis and Futuna Islands,0.03,100.0,1.1,0.72,3.76,0.0,0.0,0.86,0.0,0.0,0.0,,,,4.49,3.6
2013,West Bank and Gaza,22.12,113.7838741,39.55,109.23,19.12,0.0,0.0,30.66,0.0,116.42,118.68,,,,33.99,134.43
2013,Western Sahara,1.66,97.70568979,0.58,3.45,7.64,0.0,0.0,0.0,0.0,19.79,26942.67,,,,0.33,3.45
2013,"Yemen, Rep. of",25.41,100.4353659,161.79,1605.91,109.38,0.13,0.0,1611.24,0.9,5168.96,36060.32,,,,464.23,398.47
2013,Zambia,53.61,100.1226799,3228.2,8298.1,1399.05,0.0,0.0,12424.8,2859.07,0.0,4.62,,,,47213.8,82.98
2013,Zimbabwe,45.31,100.0787457,2419.54,13363.4,437.65,0.0,0.0,11246.93,28.25,18.25,93.2,,,,11288.06,334.08
2014,"Afghanistan, Islamic Rep. of",57.77,100.0582647,24762.14,5816.98,64.28,0.0,317.57,3121.41,7.06,4072.22,24859.74,,,,1165.42,104.05
2014,Africa,,100.19779,,,,,,,,,,362102.67,1002976.66,1609300.84,,
2014,Albania,20.41,100.0810411,390.83,1029.29,57.39,0.0,0.0,316.13,6.52,33.45,49.77,,,,832.24,134.43
2014,Algeria,189.78,100.3458462,827.89,8822.78,154.26,0.0,0.0,2051.09,2.21,8171.51,208783.45,,,,1583.4,1145.52
2014,American Samoa,0.01,100.0,1.48,2.6,1.36,0.16,0.0,1.05,0.0,0.02,0.0,,,,8.21,5.17
2014,Americas,,99.77807239,,,,,,,,,,479171.03,305252.19,3163126.1,,
2014,"Andorra, Principality of",0.33,96.32331685,11.8,0.2,0.0,0.0,0.0,0.79,0.0,5.41,2.36,,,,26.71,0.2
2014,Angola,68.56,99.86228025,17230.53,5624.56,222.2,21.84,0.0,23133.65,724.14,32.36,3048.93,,,,74980.51,336.8
2014,Anguilla,0.08,100.0,4.71,0.04,1.22,0.05,0.0,0.12,0.88,0.0,0.02,,,,0.86,0.04
2014,Antigua and Barbuda,1.04,99.02439024,14.76,0.99,6.7,0.47,0.0,0.96,3.65,0.02,0.0,,,,17.2,0.25
2014,Argentina,509.74,99.92894015,15120.75,53489.96,4081.85,0.0,685.92,98737.56,9219.94,46974.24,12815.4,,,,35637.46,1363.99
2014,"Armenia, Rep. of",48.71,100.0194913,693.16,839.0,133.15,0.0,0.0,439.32,1.21,39.27,38.77,,,,625.69,107.43
2014,"Aruba, Kingdom of the Netherlands",1.51,95.08252355,2.28,0.57,0.77,0.02,0.0,10.59,0.22,1.07,0.0,,,,0.43,0.57
2014,Asia,,100.0842659,,,,,,,,,,677120.46,964746.06,1478605.08,,
2014,Australia,886.12,99.89554395,130532.85,52972.97,1437.01,2600.8,0.0,180218.88,10057.4,283143.0,33840.2,,,,75694.7,574.64
2014,Austria,175.7,100.0179246,1598.28,1665.68,69.65,0.0,34.13,324.74,12.63,116.78,200.75,,,,4113.24,80.59
2014,"Azerbaijan, Rep. of",89.58,100.0609114,980.95,3581.01,7999.43,0.0,0.0,991.6,4.28,840.98,400.84,,,,1173.73,434.03
2014,"Bahamas, The",9.24,99.95020734,162.56,11.16,269.14,80.02,0.0,42.08,246.47,3.39,0.49,,,,425.25,4.18
2014,"Bahrain, Kingdom of",15.66,99.3755412,2.16,0.64,3.77,0.01,0.0,0.21,0.09,2.18,38.93,,,,3.23,0.72
2014,Bangladesh,77.39,100.4766526,897.8,8609.53,1159.59,417.78,0.0,808.2,36.28,1.46,31.96,,,,819.0,1179.9
2014,Barbados,5.3,100.985042,3.86,22.38,0.91,0.0,0.0,1.4,0.06,0.04,0.0,,,,7.29,2.49
2014,"Belarus, Rep. of",136.44,99.91606918,1201.09,9803.88,227.27,0.0,0.0,408.08,41.8,0.94,0.11,,,,8693.62,203.97
2014,Belgium,258.46,99.98386148,630.56,1355.68,16.38,0.0,0.0,96.45,10.95,0.5,0.65,,,,656.66,37.0
2014,Belize,2.49,96.71357321,95.2,106.1,64.81,49.01,0.0,110.02,10.9,0.0,0.65,,,,1713.78,43.53
2014,Benin,38.34,99.98715516,446.37,3075.35,22.48,6.72,0.0,3188.42,2.8,0.02,0.22,,,,4018.5,797.31
2014,Bermuda,0.19,100.0,0.04,0.08,3.05,0.0,0.0,0.01,0.74,1.99,0.0,,,,0.05,0.08
2014,Bhutan,0.19,99.9682136,540.4,62.71,1.13,0.0,104.63,102.1,0.12,4.78,6.43,,,,2951.68,7.76
2014,Bolivia,93.46,100.2387264,12096.15,5453.92,1319.71,0.0,85.81,12460.63,2938.68,6971.31,8754.97,,,,58601.59,281.4
2014,Bosnia and Herzegovina,33.0,99.76690756,708.2,1161.16,24.51,0.0,0.0,257.42,6.04,3.31,1.26,,,,2798.63,122.35
2014,Botswana,31.59,100.240878,3550.36,2940.13,64.0,0.0,0.0,45231.0,754.52,54.38,905.96,,,,4590.34,14.63
2014,Brazil,1906.62,99.28105375,69899.3,142525.63,13327.9,618.62,0.0,149799.27,14020.2,149.08,368.81,,,,437834.13,23340.41
2014,British Virgin Islands,1.27,92.14285714,1.46,0.02,3.11,1.29,0.0,0.03,2.19,0.03,0.0,,,,5.93,0.02
2014,Brunei Darussalam,6.88,99.6742671,9.63,17.6,8.53,19.46,0.0,6.69,0.0,0.22,0.0,,,,498.68,26.4
2014,Bulgaria,167.11,100.1591608,749.38,5260.31,126.26,0.0,0.0,333.64,9.97,13.5,55.91,,,,4229.47,191.64
2014,Burkina Faso,28.06,100.5452076,5844.54,15629.87,96.46,0.0,0.0,3003.26,26.88,119.11,111.52,,,,1427.18,1208.94
2014,Burundi,8.17,99.39560587,479.62,1105.19,199.48,0.0,0.0,296.48,23.58,0.0,0.0,,,,233.18,357.83
2014,Cabo Verde,2.29,99.81842941,53.46,19.7,36.01,0.0,0.0,142.96,2.83,5.69,135.85,,,,8.63,1.58
2014,Cambodia,22.22,100.3548069,1282.28,6751.88,412.58,42.15,0.0,1671.76,667.34,0.26,2.12,,,,7072.18,327.94
2014,Cameroon,54.01,99.99075058,1693.95,4810.71,353.38,250.49,0.0,2352.38,180.04,0.0,1.36,,,,35944.09,1202.68
2014,Canada,860.51,99.98604794,159597.31,52417.89,103682.0,0.0,18314.8,54982.06,7787.32,105855.16,39731.79,,,,439619.34,246.71
2014,Cayman Islands,1.01,98.37837838,0.69,0.81,2.77,8.37,0.0,0.31,0.54,0.04,0.0,,,,9.57,2.03
2014,Central African Rep.,12.99,99.99112834,5016.83,890.31,92.43,0.0,0.0,4691.33,23.36,0.0,0.46,,,,51579.32,57.87
2014,Chad,19.58,100.0185661,15233.03,18723.19,365.24,0.0,0.0,14526.71,687.25,7834.13,63778.41,,,,5934.31,129.62
2014,Chile,177.05,100.0075956,5077.6,2328.95,2745.13,0.0,2797.08,14477.33,31.01,12025.13,13772.4,,,,21200.95,863.77
2014,"China, P.R.: Hong Kong",14.77,99.92964079,7.76,10.36,13.54,2.26,0.0,5.76,0.33,0.05,0.0,,,,50.87,3.34
2014,"China, P.R.: Macao",0.59,100.0,0.14,0.23,0.09,0.01,0.0,0.02,0.1,0.0,0.0,,,,0.2,0.23
2014,"China, P.R.: Mainland",8898.9,100.0603905,290710.44,193074.19,12537.5,180.81,6286.23,23404.79,3283.18,22483.01,165358.55,,,,183462.58,26755.76
2014,Colombia,188.39,101.6639854,16910.45,4193.06,1373.09,375.11,6.7,7339.21,2461.44,540.34,25.44,,,,75339.94,5773.87
2014,"Comoros, Union of the",1.83,99.44686324,14.13,7.36,4.14,0.64,0.0,20.69,0.0,0.0,0.0,,,,110.82,6.0
2014,"Congo, Dem. Rep. of the",154.17,100.2293941,7137.91,20172.4,4337.38,259.24,0.0,7508.04,4951.66,2.72,36.58,,,,187060.58,2842.22
2014,"Congo, Rep. of",21.82,99.99177642,1961.18,2410.01,293.53,76.67,0.0,2172.33,83.43,0.0,0.16,,,,26931.92,337.4
2014,Cook Islands,0.01,100.0,1.27,1.76,3.52,0.0,0.0,0.86,0.08,1.23,0.0,,,,10.91,4.92
2014,Costa Rica,31.46,95.49838167,287.09,264.89,42.57,36.33,0.0,247.38,3.32,0.0,2.29,,,,3847.7,364.22
2014,"Croatia, Rep. of",68.24,99.48181821,558.99,1973.23,89.95,0.0,0.0,270.65,26.99,30.55,9.24,,,,2441.24,188.37
2014,Cuba,61.87,102.4858285,1239.28,3546.82,400.94,408.65,0.0,425.87,196.87,0.95,1.75,,,,4326.8,490.1
2014,Cyprus,26.61,95.27604116,87.67,224.03,16.97,0.0,0.0,116.5,0.66,134.42,70.63,,,,181.78,75.44
2014,Czech Rep.,261.43,99.99761833,983.86,3517.34,59.04,0.0,0.0,228.23,7.85,4.77,0.34,,,,2747.94,65.01
2014,Côte d'Ivoire,121.35,110.1807472,1318.38,6166.29,285.36,12.49,0.0,3474.95,2.24,0.0,0.0,,,,12812.42,8192.35
2014,Denmark,126.88,100.0210936,510.1,2844.79,271.83,0.0,0.0,93.6,57.79,0.93,2.13,,,,494.66,32.32
2014,Djibouti,1.43,97.14330269,67.29,1.63,24.62,0.78,0.0,24.69,93.88,49.08,1914.28,,,,1.97,0.65
2014,Dominica,0.26,96.77419355,0.2,0.04,1.29,3.15,0.0,0.03,0.0,0.26,0.0,,,,69.91,0.1
2014,Dominican Rep.,56.42,97.41737724,764.42,841.18,61.8,19.85,0.0,143.78,203.55,2.21,0.38,,,,2366.9,373.28
2014,Ecuador,106.71,97.10835129,1796.04,966.86,315.32,218.68,12.45,3014.68,112.33,35.2,354.71,,,,17418.27,1412.41
2014,"Egypt, Arab Rep. of",216.75,94.28471459,276.6,3288.14,810.83,1.96,0.0,79.23,1098.82,1182.69,90464.61,,,,49.98,1338.82
2014,El Salvador,23.48,98.93519039,52.17,315.03,47.28,43.6,0.0,42.26,1.52,0.01,1.33,,,,1472.97,86.01
2014,Emerging and Developing Countries Asia excluding China,,100.145548,,,,,,,,,,287752.14,107803.72,599406.89,,
2014,Emerging and Developing Countries Europe,,100.0176552,,,,,,,,,,296427.72,152871.77,1508553.22,,
2014,Emerging and Developing Economies,,100.0201683,,,,,,,,,,1555950.21,2236752.28,6212672.29,,
2014,"Equatorial Guinea, Rep. of",4.4,99.9096435,27.41,117.23,17.91,40.6,0.0,14.5,0.71,0.0,0.0,,,,2394.5,99.86
2014,"Eritrea, The State of",11.14,99.94268,2525.15,1697.58,58.66,8.02,0.0,1690.61,23.31,810.51,4896.41,,,,450.26,4.92
2014,"Estonia, Rep. of",21.76,99.98420938,401.0,991.34,239.67,0.0,0.0,152.2,199.33,2.26,1.3,,,,2507.54,4.55
2014,"Eswatini, Kingdom of",3.28,99.9863929,274.04,533.82,7.1,0.0,0.0,197.78,8.04,0.28,26.1,,,,634.66,51.27
2014,"Ethiopia, The Federal Dem. Rep. of",63.04,100.4330294,11767.97,18353.72,770.49,0.0,0.0,49425.53,253.14,255.8,7245.05,,,,23943.24,1546.34
2014,Europe,,100.0361418,,,,,,,,,,375721.23,169145.21,1739347.57,,
2014,Falkland Islands (Malvinas),0.01,100.0,1031.63,0.04,62.27,0.0,0.0,36.08,0.1,10.05,8.34,,,,58.13,0.04
2014,Faroe Islands,0.0,100.0,97.98,1.27,5.89,0.0,0.0,12.06,2.46,6.78,0.52,,,,10.58,1.27
2014,"Fiji, Rep. of",2.44,97.55726049,65.4,184.51,59.68,42.57,0.0,42.39,0.0,5.5,0.0,,,,1227.46,199.8
2014,Finland,41.45,99.99573733,844.53,2503.39,3337.5,0.0,0.0,908.87,2392.16,473.56,23.17,,,,23020.99,3.7
2014,France,1317.91,99.9156518,11393.87,24173.03,435.47,0.0,25.03,1497.69,162.05,256.11,217.28,,,,14068.16,1312.22
2014,French Polynesia,0.41,100.0,20.33,11.33,86.91,1.84,0.0,13.75,0.0,38.36,0.0,,,,126.38,104.26
2014,Gabon,15.37,99.99434055,653.58,682.1,311.12,212.09,0.0,726.69,17.87,0.0,0.0,,,,23605.13,356.79
2014,"Gambia, The",8.53,100.0050034,48.51,591.09,92.67,143.06,0.0,110.6,4.22,0.0,1.41,,,,119.18,9.19
2014,Georgia,75.27,99.79977466,950.07,1315.37,36.56,0.0,37.86,622.93,9.88,47.73,115.21,,,,3374.61,396.41
2014,Germany,1827.56,100.0155163,6434.76,14854.63,451.9,0.0,0.0,863.31,110.76,21.96,11.94,,,,10841.54,254.06
2014,Ghana,168.83,100.2230093,874.56,6344.36,725.55,25.31,0.0,3513.29,4.42,0.5,6.65,,,,8880.1,3508.85
2014,Gibraltar,0.32,100.0,0.06,0.02,0.02,0.0,0.0,0.07,0.01,0.0,0.0,,,,0.13,0.02
2014,Greece,140.36,100.9136244,1392.12,3220.21,363.6,0.0,0.0,3037.25,21.24,70.28,244.26,,,,3183.75,1598.52
2014,Greenland,0.06,100.0,6118.77,0.0,5544.14,0.0,175240.0,1015.41,104.35,26506.1,680.25,,,,130.92,0.0
2014,Grenada,0.62,100.0,1.75,0.17,1.45,0.16,0.0,0.14,0.0,0.0,0.0,,,,27.67,0.23
2014,Guadeloupe,4.16,99.59976615,12.65,39.36,5.53,3.26,0.0,2.8,3.53,0.05,0.02,,,,93.91,5.47
2014,Guam,0.01,90.24390244,48.45,0.36,1.92,0.0,0.0,0.14,0.0,0.02,0.0,,,,0.37,3.2
2014,Guatemala,62.71,102.7550543,1197.14,992.42,134.83,36.54,0.0,733.49,18.76,0.0,2.31,,,,7048.11,745.25
2014,Guinea,34.46,100.2926622,793.02,2865.11,89.85,249.97,0.0,3431.67,1.09,0.0,1.57,,,,16308.66,677.46
2014,Guinea-Bissau,3.61,99.99633184,113.0,295.47,48.65,246.05,0.0,173.95,1.6,0.03,2.22,,,,1948.96,246.22
2014,Guyana,15.69,99.96246397,301.28,169.8,177.41,6.92,0.0,1141.83,144.05,2.77,3.86,,,,19337.37,11.32
2014,Haiti,29.98,99.80491071,1486.02,281.5,43.1,13.1,0.0,43.98,294.76,7.34,0.02,,,,423.59,94.95
2014,Holy See,0.05,100.0,0.01,0.0,0.0,0.0,0.0,0.0,0.0,0.0,0.0,,,,0.01,0.0
2014,Honduras,36.5,99.93791445,1213.5,720.05,120.74,64.82,0.0,749.66,14.63,0.24,0.47,,,,7973.38,381.95
2014,Hungary,282.12,99.9552865,1067.06,5731.27,135.9,0.0,0.0,73.75,53.7,1.5,1.04,,,,1721.09,240.02
2014,Iceland,3.16,100.0,3604.01,0.0,333.07,0.0,1102.48,75.27,722.64,2328.67,2006.96,,,,37.16,0.0
2014,India,1949.17,100.0042607,25154.34,176766.17,5081.1,343.0,783.16,21330.24,708.72,518.76,1248.23,,,,48928.08,14686.92
2014,Indonesia,1217.18,99.75480898,10050.45,21139.7,3916.76,4117.39,0.0,7505.36,0.0,1879.67,0.0,,,,119612.36,20510.0
2014,"Iran, Islamic Rep. of",431.16,99.96393227,7266.33,23606.38,6278.53,1.17,0.0,6828.77,82.29,11444.64,106312.07,,,,3075.49,2877.06
2014,Iraq,172.06,99.96576141,930.2,7950.08,488.48,0.0,0.0,349.23,33.49,354.45,32702.8,,,,250.23,479.98
2014,Ireland,64.35,100.0001435,4735.56,452.08,200.95,0.0,0.0,167.73,860.57,24.08,23.98,,,,437.66,0.97
2014,Isle of Man,1.26,100.0,38.47,3.07,1.14,0.0,0.0,2.64,0.0,0.01,0.82,,,,6.42,3.07
2014,Israel,67.08,99.90844855,86.36,360.77,47.49,0.0,0.0,63.11,0.09,74.4,1182.99,,,,78.02,116.7
2014,Italy,966.26,100.9735512,3431.49,10587.14,413.36,0.0,42.31,1364.14,31.39,246.37,648.14,,,,8685.45,3765.61
2014,Jamaica,21.94,99.25039971,106.92,90.74,9.8,8.6,0.0,13.37,7.42,0.16,0.0,,,,792.35,52.1
2014,Japan,1743.64,99.99209262,1383.62,6775.01,945.2,2.97,0.0,883.04,80.36,4.07,3.11,,,,25136.13,474.99
2014,Jordan,36.33,101.4279306,41.39,370.68,46.98,0.0,0.0,8.42,0.06,169.34,8115.17,,,,16.76,131.88
2014,"Kazakhstan, Rep. of",276.89,99.9960969,88944.27,46991.72,17639.9,0.0,113.64,21817.89,1228.65,62772.9,34153.92,,,,9708.59,210.48
2014,Kenya,31.29,100.1607829,15250.17,10956.1,1247.2,16.56,0.0,20536.92,940.96,283.22,1877.79,,,,6443.56,1046.5
2014,Kiribati,0.02,100.0,2.8,2.74,84.16,0.05,0.0,0.29,0.0,9.33,0.0,,,,1.44,43.86
2014,"Korea, Dem. People's Rep. of",76.09,100.3040102,314.58,3522.55,212.94,0.0,0.0,126.56,5.98,22.78,16.35,,,,7592.46,369.6
2014,"Korea, Rep. of",230.75,99.99865869,342.62,3496.9,253.07,0.0,0.0,152.76,7.96,47.04,18.93,,,,4870.57,509.37
2014,Kuwait,29.04,99.7754561,6.13,19.59,5.44,0.0,0.0,3.58,10.47,11.0,1639.71,,,,6.62,13.61
2014,Kyrgyz Rep.,47.18,99.98447542,8508.75,3688.25,719.5,0.0,609.51,817.71,0.0,2122.14,1802.43,,,,1403.78,216.58
2014,Lao People's Dem. Rep.,10.95,99.71881055,1494.48,2897.48,221.23,0.0,0.0,7336.58,92.62,0.0,0.0,,,,10808.09,300.09
2014,Latin America and the Caribbean,,99.6347253,,,,,,,,,,264082.86,121900.54,1645665.15,,
2014,Latvia,26.09,100.0477894,733.8,1690.59,123.77,0.0,0.0,218.57,139.94,0.12,0.14,,,,3498.76,8.39
2014,Lebanon,21.32,100.0341203,60.68,250.38,2.24,0.0,0.0,221.99,0.0,119.52,43.68,,,,49.58,246.59
2014,"Lesotho, Kingdom of",7.21,100.3407616,1394.82,698.14,6.94,0.0,0.0,758.84,0.91,0.17,0.59,,,,178.02,10.26
2014,Liberia,18.39,98.59557811,412.83,3086.49,47.87,25.48,0.0,195.14,2.76,0.0,0.0,,,,4587.55,1296.33
2014,Libya,80.17,99.98522645,128.61,1735.51,51.73,0.0,0.0,199.8,23.93,3826.28,155769.82,,,,144.05,332.97
2014,Liechtenstein,0.81,100.0,3.87,0.61,0.07,0.0,0.0,0.63,0.02,0.04,0.15,,,,8.14,0.61
2014,Lithuania,56.49,100.1549852,624.24,3248.88,122.58,0.0,0.0,178.06,33.12,0.59,0.91,,,,2166.08,47.14
2014,Luxembourg,11.4,100.0,78.32,79.24,0.75,0.0,0.0,13.26,0.02,0.05,0.0,,,,77.52,1.96
2014,"Madagascar, Rep. of",34.13,99.98682467,21920.48,3632.7,466.18,169.73,0.0,9236.84,298.62,60.16,340.81,,,,22267.78,726.54
2014,Malawi,25.82,99.90217387,636.81,5407.08,2434.92,0.0,0.0,404.68,238.85,0.36,12.45,,,,2480.28,300.31
2014,Malaysia,274.64,101.791294,1737.21,627.75,514.19,662.41,0.0,1433.72,0.0,22.4,0.0,,,,22458.0,5465.51
2014,Maldives,0.08,100.0,0.33,2.99,106.26,0.02,0.0,0.65,0.0,0.86,0.18,,,,0.42,1.15
2014,Mali,27.27,99.9443152,16270.95,21453.24,383.14,0.0,0.0,8844.72,308.58,4611.94,70000.34,,,,3473.59,458.6
2014,Malta,5.67,100.0,1.93,13.81,1.56,0.0,0.0,0.46,0.0,0.34,4.37,,,,1.6,1.94
2014,"Marshall Islands, Rep. of the",0.05,100.0,0.15,0.14,161.27,0.0,0.0,0.04,0.0,2.9,0.0,,,,0.13,1.78
2014,Martinique,3.74,96.06501283,3.96,7.49,3.09,1.83,0.0,2.9,0.15,0.0,0.0,,,,83.24,4.97
2014,"Mauritania, Islamic Rep. of",22.03,99.98920616,11579.03,1750.63,61.8,3.37,0.0,764.71,184.06,5143.87,84572.06,,,,260.42,38.9
2014,Mauritius,9.47,99.96553507,16.98,106.55,5.89,0.95,0.0,13.19,0.02,0.03,0.09,,,,43.25,5.68
2014,Mayotte,0.19,95.12195122,1.98,0.2,2.42,1.99,0.0,3.01,0.01,0.0,0.0,,,,28.49,0.03
2014,Mexico,1041.34,100.0958397,17948.13,24754.74,1863.64,825.26,0.0,70946.56,65.99,59.36,2764.45,,,,72694.23,2990.32
2014,"Micronesia, Federated States of",3.12,100.0,0.9,1.75,48.84,27.2,0.0,0.25,0.0,0.4,0.0,,,,26.12,1.75
2014,Middle East and Central Asia,,99.97009841,,,,,,,,,,205644.63,1377792.32,432372.13,,
2014,"Moldova, Rep. of",158.37,99.96782907,182.01,2374.15,33.49,0.0,0.0,7.0,4.08,0.23,0.0,,,,290.87,326.99
2014,Monaco,0.2,100.0,0.07,0.21,0.0,0.0,0.0,0.03,0.0,0.0,0.0,,,,0.05,0.21
2014,Mongolia,46.6,99.99315057,33398.51,5916.62,1476.67,0.0,62.0,2848.74,371.27,34709.22,68495.33,,,,9043.74,22.54
2014,Montenegro,6.8,100.6590519,244.65,133.56,30.33,0.0,0.0,134.47,10.06,8.92,3.62,,,,729.72,76.65
2014,Montserrat,0.0,96.96923638,0.21,0.31,0.54,0.12,0.0,0.21,0.99,0.43,0.0,,,,7.16,0.31
2014,Morocco,142.59,100.9468864,1096.5,6748.62,85.61,0.0,0.0,2274.83,0.18,9644.59,18642.96,,,,1579.75,1315.26
2014,"Mozambique, Rep. of",50.53,99.98848697,3812.51,9401.66,1496.03,512.64,0.0,15534.02,1783.58,42.72,593.42,,,,45437.4,499.2
2014,Myanmar,94.64,99.87238617,4582.07,16490.82,1020.36,421.61,1.57,12740.2,62.76,2.99,1.34,,,,29318.07,2302.25
2014,Namibia,55.57,100.1068102,39668.11,2213.58,510.37,0.0,0.0,17705.56,128.8,2531.96,15104.33,,,,4710.18,24.9
2014,"Nauru, Rep. of",0.0,100.0,0.11,0.84,0.18,0.0,0.0,0.02,0.0,0.14,0.0,,,,0.03,0.84
2014,Nepal,25.45,99.99557481,3217.93,2912.15,30.53,0.0,488.22,529.44,2.33,10.4,186.62,,,,7104.69,292.08
2014,New Caledonia,3.02,100.1757127,62.16,161.81,26.64,59.59,0.0,109.58,0.0,108.62,0.0,,,,1236.04,100.59
2014,New Zealand,200.49,101.4837483,14208.14,445.78,685.35,21.72,108.45,2399.35,127.39,207.26,992.41,,,,7616.14,50.62
2014,Nicaragua,20.68,99.98726377,1396.51,1330.35,1034.5,96.29,0.0,964.71,37.8,0.29,2.78,,,,7770.97,262.0
2014,Niger,12.63,100.0729793,15583.79,7680.98,41.5,0.0,0.0,1272.42,203.43,13392.45,79859.83,,,,812.94,45.72
2014,Nigeria,471.42,99.97292217,7473.97,41873.76,960.7,856.51,0.0,11076.09,389.51,60.97,15.84,,,,20737.7,7546.7
2014,Niue,0.03,100.0,0.78,1.31,0.53,0.0,0.0,0.46,0.0,0.0,0.0,,,,19.7,3.66
2014,Norfolk Island,0.0,100.0,0.36,1.32,0.33,0.0,0.0,0.09,0.0,0.0,0.05,,,,0.42,1.32
2014,"North Macedonia, Republic of ",23.34,100.1786407,449.74,726.46,51.77,0.0,0.0,127.49,1.92,3.57,9.11,,,,1084.69,67.0
2014,Northern Mariana Islands,0.02,100.0,16.48,9.79,3.45,0.03,0.0,0.53,0.0,0.07,0.02,,,,7.49,9.79
2014,Norway,246.81,99.85570373,3660.17,1109.79,2264.97,0.0,3532.34,1670.68,2661.33,6324.41,3620.65,,,,13509.77,4.05
2014,Oceania,,99.90101041,,,,,,,,,,55786.33,318639.93,478075.09,,
2014,Oman,32.64,88.59454295,19.62,156.89,38.54,0.0,0.0,56.68,3.25,1817.36,28697.52,,,,43.37,130.95
2014,Pakistan,279.1,99.97640988,18867.43,24210.82,542.56,8.44,210.93,6874.42,380.03,2819.27,21926.61,,,,2398.72,645.83
2014,"Palau, Rep. of",0.05,100.0,2.1,0.57,4.89,4.06,0.0,1.93,0.0,0.09,0.0,,,,27.8,3.81
2014,Panama,25.4,98.63891269,433.58,987.74,129.82,136.63,0.0,390.16,7.59,0.62,4.43,,,,5116.31,277.96
2014,Papua New Guinea,20.32,99.90714785,979.06,979.42,721.73,659.55,0.0,694.88,0.0,432.95,1.02,,,,39719.6,2487.42
2014,Paraguay,53.67,99.9234898,3266.33,6198.07,378.17,0.0,0.0,10083.59,3092.28,2.61,0.57,,,,16930.15,112.98
2014,Peru,182.59,103.2557078,16670.98,2339.35,1519.06,4.71,299.99,10045.1,382.33,5962.47,9626.44,,,,81992.55,853.19
2014,Philippines,162.03,100.206762,2130.76,6554.1,851.27,593.54,0.0,1406.11,0.0,156.23,0.0,,,,11590.77,6340.71
2014,Pitcairn Islands,0.0,100.0,0.21,1.96,0.44,0.0,0.0,0.0,0.0,0.36,0.0,,,,0.0,1.96
2014,"Poland, Rep. of",569.69,100.1400595,3009.06,16270.29,455.08,0.0,0.0,569.44,92.7,9.04,2.73,,,,9607.91,559.81
2014,Portugal,190.46,101.0150906,1144.45,1930.93,95.73,0.0,0.0,1339.72,14.61,9.75,30.26,,,,2813.98,1317.31
2014,Puerto Rico,90.54,98.28481081,72.93,61.41,20.2,6.22,0.0,8.51,14.49,0.01,0.05,,,,599.97,28.8
2014,Qatar,36.84,99.34445128,6.3,22.34,13.63,0.0,0.0,5.13,0.0,17.04,1045.77,,,,9.48,3.02
2014,Romania,637.91,100.0202343,2607.98,11447.62,288.56,0.0,0.0,178.86,300.72,8.79,6.77,,,,7775.48,554.25
2014,Russian Federation,2454.19,99.97506345,158199.87,157193.69,59957.8,0.0,5309.06,127134.63,81094.9,116057.84,31829.58,,,,952165.7,2316.9
2014,Rwanda,9.72,99.97894394,133.64,1342.14,161.52,0.0,0.0,212.63,82.27,0.02,0.01,,,,291.05,322.24
2014,Réunion,8.98,100.2287166,25.97,69.9,3.91,0.62,0.0,14.98,0.05,0.0,4.01,,,,117.87,5.69
2014,Saint Helena,1.42,100.0,9.39,0.9,2.08,0.0,0.0,1.25,0.0,18.45,3.18,,,,2.57,0.9
2014,Saint Pierre and Miquelon,0.18,100.0,0.61,0.0,3.15,0.0,0.0,9.89,4.67,0.1,0.29,,,,4.7,0.0
2014,Samoa,0.03,95.31696198,28.07,52.85,3.42,0.64,0.0,22.51,0.0,0.02,0.0,,,,122.54,55.68
2014,"San Marino, Rep. of",0.64,64.27398546,0.43,2.1,0.0,0.0,0.0,0.08,0.0,0.0,0.25,,,,0.49,2.1
2014,Saudi Arabia,265.95,99.78435523,175.37,2479.0,161.31,3.12,0.0,420.76,8.98,7257.63,182405.57,,,,126.63,105.01
2014,Senegal,40.17,99.81692761,2189.55,5412.15,319.81,193.32,0.0,7095.77,355.17,38.23,6.91,,,,3951.52,118.08
2014,"Serbia, Rep. of",111.56,100.4909731,738.92,4152.93,72.54,0.0,0.0,182.98,10.76,4.23,7.42,,,,3269.43,298.83
2014,Seychelles,0.13,100.0,3.09,1.69,11.06,7.46,0.0,2.07,0.0,0.22,0.67,,,,7.24,15.81
2014,Sierra Leone,19.87,99.99546907,574.17,3290.56,47.71,235.52,0.0,452.33,18.11,0.0,4.58,,,,2218.22,342.77
2014,Singapore,20.69,99.97058824,4.73,13.3,4.91,3.19,0.0,1.12,0.0,0.08,0.0,,,,9.48,2.38
2014,Slovak Rep.,148.55,99.95392734,395.98,1915.88,31.92,0.0,0.0,98.35,2.33,2.05,3.53,,,,2278.6,26.5
2014,"Slovenia, Rep. of",30.44,99.98397638,171.46,368.45,4.28,0.0,0.0,98.7,1.81,3.0,8.23,,,,1239.31,106.25
2014,Solomon Islands,0.88,100.9538713,5.19,7.59,97.24,136.86,0.0,3.4,0.0,0.22,0.0,,,,2563.12,27.57
2014,Somalia,35.85,99.99531744,7300.42,5089.31,86.02,1.36,0.0,37295.14,60.84,5866.75,5493.72,,,,2393.37,120.29
2014,South Africa,540.69,99.93834956,24459.94,13005.83,552.49,47.86,0.0,64867.52,265.56,9194.63,701.03,,,,8386.29,447.62
2014,"South Sudan, Rep. of",8.89,100.1193835,3052.47,2255.43,195.02,0.0,0.0,28890.9,3774.77,3.08,26.2,,,,25114.79,69.19
2014,Spain,519.25,99.95879293,7412.22,15824.11,439.61,0.0,0.0,6201.09,52.08,956.85,494.24,,,,12404.44,6328.1
2014,Sri Lanka,85.07,99.91006364,498.27,1561.81,185.48,19.78,0.0,1259.91,0.02,7.54,1.53,,,,1833.3,1201.39
2014,St. Kitts and Nevis,0.51,99.56546041,2.69,4.51,1.37,0.18,0.0,0.54,0.14,0.0,0.0,,,,16.38,0.09
2014,St. Lucia,0.75,99.3006993,0.98,0.67,1.38,0.64,0.0,0.79,0.09,0.05,0.0,,,,53.62,1.72
2014,St. Vincent and the Grenadines,0.61,99.28057554,1.8,0.77,12.2,0.54,0.0,0.7,0.08,0.0,0.73,,,,33.96,1.16
2014,Sub-Saharan Africa,,100.2509221,,,,,,,,,,300069.77,288542.37,1480053.61,,
2014,Sudan,105.66,100.2139997,24037.9,31390.91,475.54,21.41,0.0,16022.02,264.86,6447.7,98211.65,,,,8166.79,266.04
2014,Suriname,11.25,99.89381843,61.63,54.52,210.36,63.5,0.0,145.66,108.56,0.0,0.0,,,,13946.05,5.03
2014,Sweden,141.77,99.98398378,2295.9,3439.01,3855.22,0.0,23.79,1343.87,3194.81,1333.46,267.14,,,,28848.94,4.78
2014,Switzerland,135.08,99.87071845,1311.39,512.61,143.2,0.0,97.64,162.77,1.75,114.44,256.83,,,,1356.0,32.77
2014,Syrian Arab Rep.,113.92,99.8628956,484.35,4056.42,127.73,0.0,0.0,236.27,0.36,812.45,11828.75,,,,259.94,932.08
2014,"São Tomé and Príncipe, Dem. Rep. of",0.91,99.44516645,1.06,0.82,2.4,1.09,0.0,0.55,0.02,0.04,0.0,,,,86.56,6.58
2014,Taiwan Province of China,134.09,100.0291083,103.3,742.78,62.35,26.96,0.0,31.95,39.88,4.53,0.0,,,,2234.67,247.76
2014,"Tajikistan, Rep. of",40.34,99.81026572,6648.95,2133.87,138.8,0.0,1085.06,654.81,5.81,545.65,2335.55,,,,266.62,365.33
2014,"Tanzania, United Rep. of",73.01,100.0219242,5369.07,21034.42,6069.72,61.45,0.0,17018.09,4538.32,95.61,251.0,,,,36965.12,3107.69
2014,Thailand,298.23,100.7796896,4097.93,23038.53,883.61,359.4,0.0,5213.83,12.88,31.39,0.11,,,,11143.38,6759.34
2014,"Timor-Leste, Dem. Rep. of",4.82,100.6049372,164.43,497.98,13.15,9.45,0.0,120.33,0.0,3.21,0.0,,,,355.79,329.52
2014,Togo,20.67,99.99755344,251.23,2180.39,21.35,0.19,0.0,801.57,1.2,0.02,0.05,,,,2298.19,139.87
2014,Tokelau,0.01,100.0,0.0,0.0,1.57,0.0,0.0,0.0,0.0,0.0,0.0,,,,0.0,0.0
2014,Tonga,0.07,98.13101284,4.03,14.52,9.32,1.04,0.0,2.6,0.0,0.16,0.0,,,,29.94,8.41
2014,Trinidad and Tobago,14.64,99.6872724,25.25,36.68,7.14,2.43,0.0,14.41,1.34,0.09,0.0,,,,382.99,32.28
2014,Tunisia,84.15,100.5906864,281.27,2326.96,139.26,0.0,0.0,132.47,0.5,1331.8,8917.47,,,,324.95,2096.78
2014,Turkmenistan,38.35,99.99907367,1422.1,4118.28,9047.58,0.0,0.0,6751.26,1.74,1282.54,32708.63,,,,83.45,127.37
2014,Turks and Caicos Islands,0.28,100.0,7.56,0.84,6.42,3.15,0.0,1.01,16.45,0.04,0.0,,,,16.66,0.84
2014,Tuvalu,0.01,100.0,0.1,0.45,3.47,0.0,0.0,0.05,0.0,0.09,0.0,,,,0.08,0.45
2014,"Türkiye, Rep. of",559.65,100.193472,14275.44,30640.1,1411.32,0.0,0.0,6921.72,208.59,3173.17,1485.16,,,,14764.43,4793.11
2014,Uganda,43.79,99.99751169,1681.88,7862.88,3742.27,0.0,0.0,2596.9,375.72,0.04,0.36,,,,5496.55,2507.0
2014,Ukraine,1878.41,99.99667836,4221.0,41422.54,1465.49,0.0,0.0,404.02,50.25,37.84,23.17,,,,9365.37,1128.79
2014,United Arab Emirates,198.72,99.97265974,39.23,128.7,18.21,1.6,0.0,4.94,0.88,326.06,6268.53,,,,50.73,112.61
2014,United Kingdom,990.63,100.0789757,11511.77,6482.04,461.15,0.0,0.0,766.89,1294.16,509.71,55.32,,,,2259.07,46.59
2014,United States,10294.27,99.94437735,199282.06,151510.57,19086.9,190.02,6536.75,200405.1,7622.71,19370.09,18392.06,,,,297375.45,2620.63
2014,United States Virgin Islands,5.06,99.6313358,3.03,2.48,3.88,0.78,0.0,0.18,1.69,0.0,0.0,,,,16.46,2.48
2014,Uruguay,44.32,99.99963711,11530.07,2711.32,452.54,0.0,0.0,661.86,275.45,1.19,3.43,,,,2107.06,43.41
2014,"Uzbekistan, Rep. of",273.62,100.2153356,3323.29,7545.58,876.99,0.0,37.42,4408.37,67.61,2558.72,25023.64,,,,251.94,694.1
2014,Vanuatu,0.28,100.0,9.53,5.2,29.4,19.26,0.0,7.42,0.0,0.68,2.33,,,,1123.23,32.48
2014,"Venezuela, Rep. Bolivariana de",228.27,99.95954597,18083.34,7984.1,1424.6,322.39,0.05,7667.68,2026.85,550.0,104.69,,,,51269.16,2149.56
2014,Vietnam,243.32,102.794878,2116.0,8107.61,757.8,194.27,0.0,5900.89,67.05,6.15,18.5,,,,10697.89,4834.84
2014,Wallis and Futuna Islands,0.03,100.0,1.1,0.72,3.76,0.0,0.0,0.86,0.0,0.0,0.0,,,,4.49,3.6
2014,West Bank and Gaza,24.62,107.9383163,39.7,99.98,19.11,0.0,0.0,30.61,0.0,116.16,118.33,,,,34.43,141.25
2014,Western Sahara,1.76,99.61762775,0.6,3.45,7.67,0.0,0.0,0.0,0.0,19.75,26942.57,,,,0.35,3.45
2014,"Yemen, Rep. of",27.25,100.0278148,162.32,1597.45,104.1,0.16,0.0,1610.55,0.9,5168.5,36058.11,,,,464.73,412.66
2014,Zambia,55.43,100.0197542,3227.28,8287.7,1398.79,0.0,0.0,12412.79,2858.52,0.0,4.6,,,,47234.05,85.12
2014,Zimbabwe,47.39,99.99489922,2415.79,13350.11,438.53,0.0,0.0,11225.77,28.32,18.23,92.98,,,,11323.87,333.75
2015,"Afghanistan, Islamic Rep. of",60.71,100.0,24761.9,5810.62,64.28,0.0,317.57,3121.32,7.06,4072.14,24858.58,,,,1165.97,108.5
2015,Africa,,100.0,,,,,,,,,,361387.82,1002966.75,1610025.1,,
2015,Albania,21.28,100.0,390.79,1027.57,57.38,0.0,0.0,316.1,6.52,33.44,49.68,,,,832.38,135.32
2015,Algeria,195.29,100.0,828.35,8786.19,154.01,0.0,0.0,2050.73,2.21,8171.03,208781.45,,,,1584.38,1177.79
2015,American Samoa,0.01,100.0,1.48,2.6,1.36,0.16,0.0,1.05,0.0,0.02,0.0,,,,8.21,5.17
2015,Americas,,100.0,,,,,,,,,,480237.01,305483.07,3161830.9,,
2015,"Andorra, Principality of",0.35,100.0,11.8,0.2,0.0,0.0,0.0,0.78,0.0,5.41,2.36,,,,26.68,0.2
2015,Angola,69.74,100.0,17230.24,5631.23,222.18,21.84,0.0,23133.42,724.14,32.36,3048.73,,,,74980.54,329.63
2015,Anguilla,0.08,100.0,4.71,0.04,1.22,0.05,0.0,0.12,0.88,0.0,0.02,,,,0.86,0.04
2015,Antigua and Barbuda,1.06,100.0,14.74,0.99,6.7,0.47,0.0,0.96,3.65,0.02,0.0,,,,17.2,0.25
2015,Argentina,515.05,100.0,15120.84,53523.03,4081.8,0.0,685.92,98735.99,9219.86,46974.11,12815.3,,,,35637.98,1326.83
2015,"Armenia, Rep. of",50.08,100.0,693.07,837.46,133.15,0.0,0.0,439.12,1.21,39.27,38.62,,,,625.75,107.99
2015,"Aruba, Kingdom of the Netherlands",1.62,100.0,2.25,0.57,0.77,0.02,0.0,10.52,0.22,1.06,0.0,,,,0.45,0.57
2015,Asia,,100.0,,,,,,,,,,676550.12,964710.62,1479209.76,,
2015,Australia,891.94,100.0,130533.2,53023.47,1436.9,2600.71,0.0,180215.94,10057.4,283143.0,33840.0,,,,75693.66,522.38
2015,Austria,175.83,100.0,1598.95,1665.22,69.61,0.0,34.13,325.07,12.64,116.78,200.82,,,,4112.1,81.02
2015,"Azerbaijan, Rep. of",97.11,100.0,981.42,3571.25,7999.41,0.0,0.0,991.41,4.28,840.88,398.85,,,,1175.04,436.8
2015,"Bahamas, The",9.25,100.0,162.56,11.16,269.14,80.02,0.0,42.08,246.46,3.39,0.49,,,,425.24,4.18
2015,"Bahrain, Kingdom of",15.75,100.0,2.17,0.65,3.77,0.01,0.0,0.21,0.09,2.14,38.85,,,,3.25,0.7
2015,Bangladesh,82.14,100.0,898.01,8563.57,1159.49,417.76,0.0,808.06,36.28,1.46,31.96,,,,819.68,1220.48
2015,Barbados,5.48,100.0,3.87,21.93,0.9,0.0,0.0,1.4,0.06,0.04,0.0,,,,7.31,2.74
2015,"Belarus, Rep. of",136.84,100.0,1201.1,9811.83,227.27,0.0,0.0,408.07,41.8,0.94,0.11,,,,8693.6,195.64
2015,Belgium,258.51,100.0,630.54,1355.88,16.36,0.0,0.0,96.45,10.95,0.5,0.64,,,,656.66,36.78
2015,Belize,2.62,100.0,95.21,109.66,64.8,49.01,0.0,109.99,10.88,0.0,0.65,,,,1713.79,39.88
2015,Benin,40.06,100.0,446.4,3074.03,22.45,6.67,0.0,3188.23,2.8,0.02,0.22,,,,4018.68,796.97
2015,Bermuda,0.19,100.0,0.04,0.08,3.05,0.0,0.0,0.01,0.74,1.99,0.0,,,,0.05,0.08
2015,Bhutan,0.24,100.0,540.39,62.68,1.13,0.0,104.63,102.09,0.12,4.78,6.43,,,,2951.68,7.76
2015,Bolivia,95.27,100.0,12095.81,5438.9,1319.71,0.0,85.81,12460.47,2938.67,6970.85,8754.45,,,,58601.92,295.8
2015,Bosnia and Herzegovina,34.39,100.0,708.11,1162.56,24.51,0.0,0.0,257.41,6.04,3.31,1.26,,,,2798.85,119.44
2015,Botswana,32.54,100.0,3550.07,2932.04,64.0,0.0,0.0,45230.5,754.52,54.38,905.95,,,,4590.34,22.59
2015,Brazil,1929.57,100.0,69898.4,143548.6,13327.7,618.59,0.0,149794.79,14019.9,148.79,368.57,,,,437835.82,22299.3
2015,British Virgin Islands,1.38,100.0,1.46,0.02,3.1,1.29,0.0,0.03,2.19,0.03,0.0,,,,5.83,0.02
2015,Brunei Darussalam,7.03,100.0,9.64,17.53,8.53,19.45,0.0,6.69,0.0,0.22,0.0,,,,498.71,26.29
2015,Bulgaria,171.4,100.0,749.53,5247.41,126.23,0.0,0.0,333.59,9.97,13.5,55.8,,,,4230.19,199.6
2015,Burkina Faso,28.81,100.0,5844.44,15544.26,96.46,0.0,0.0,3003.21,26.88,119.11,111.51,,,,1427.27,1293.95
2015,Burundi,8.41,100.0,479.53,1111.72,199.48,0.0,0.0,296.44,23.58,0.0,0.0,,,,233.2,351.17
2015,Cabo Verde,2.33,100.0,53.46,19.7,36.01,0.0,0.0,142.96,2.83,5.69,135.8,,,,8.64,1.58
2015,Cambodia,23.63,100.0,1282.37,6726.52,412.58,42.14,0.0,1671.75,667.34,0.26,2.12,,,,7072.45,351.55
2015,Cameroon,55.29,100.0,1693.97,4809.88,353.38,250.49,0.0,2352.16,180.04,0.0,1.36,,,,35944.05,1202.47
2015,Canada,863.93,100.0,159660.94,52421.95,103682.0,0.0,18314.8,55089.06,7790.55,105994.16,39812.99,,,,439220.23,245.12
2015,Cayman Islands,1.05,100.0,0.7,0.8,2.77,8.37,0.0,0.31,0.53,0.04,0.0,,,,9.56,2.01
2015,Central African Rep.,13.11,100.0,5016.84,890.27,92.43,0.0,0.0,4691.31,23.36,0.0,0.46,,,,51579.24,57.87
2015,Chad,19.96,100.0,15233.03,18719.35,365.24,0.0,0.0,14526.68,687.25,7834.13,63778.41,,,,5934.35,133.2
2015,Chile,179.69,100.0,5077.91,2326.12,2745.11,0.0,2797.08,14475.56,31.01,12024.8,13771.9,,,,21201.1,866.13
2015,"China, P.R.: Hong Kong",14.87,100.0,7.77,10.28,13.53,2.26,0.0,5.76,0.33,0.05,0.0,,,,50.88,3.32
2015,"China, P.R.: Macao",0.59,100.0,0.14,0.23,0.09,0.01,0.0,0.02,0.1,0.0,0.0,,,,0.2,0.23
2015,"China, P.R.: Mainland",9166.73,100.0,290709.61,192684.39,12536.0,180.72,6286.23,23402.53,3282.49,22481.71,165356.55,,,,183510.23,26838.42
2015,Colombia,192.08,100.0,16909.38,4117.66,1373.01,375.09,6.7,7338.58,2461.34,540.29,25.41,,,,75340.18,5847.41
2015,"Comoros, Union of the",1.9,100.0,14.12,7.34,4.13,0.64,0.0,20.67,0.0,0.0,0.0,,,,110.8,5.99
2015,"Congo, Dem. Rep. of the",158.46,100.0,7137.12,20121.6,4337.37,259.23,0.0,7507.36,4951.55,2.72,36.58,,,,187060.38,2890.66
2015,"Congo, Rep. of",22.21,100.0,1961.18,2409.82,293.5,76.67,0.0,2172.18,83.43,0.0,0.16,,,,26931.93,337.37
2015,Cook Islands,0.01,100.0,1.27,1.76,3.52,0.0,0.0,0.86,0.08,1.23,0.0,,,,10.91,4.92
2015,Costa Rica,31.92,100.0,287.08,278.4,42.57,36.33,0.0,247.33,3.32,0.0,2.29,,,,3847.68,350.34
2015,"Croatia, Rep. of",70.3,100.0,559.08,1981.8,89.94,0.0,0.0,270.62,26.99,30.55,9.24,,,,2441.58,177.34
2015,Cuba,63.34,100.0,1239.14,3457.82,400.94,408.65,0.0,425.8,196.71,0.95,1.75,,,,4326.99,577.81
2015,Cyprus,27.19,100.0,87.71,235.88,16.97,0.0,0.0,116.47,0.66,134.33,70.34,,,,181.87,63.3
2015,Czech Rep.,261.53,100.0,983.87,3517.33,59.04,0.0,0.0,228.23,7.85,4.77,0.34,,,,2747.87,64.98
2015,Côte d'Ivoire,123.68,100.0,1318.48,5582.99,285.35,12.49,0.0,3474.74,2.24,0.0,0.0,,,,12812.66,8773.26
2015,Denmark,127.05,100.0,510.11,2844.0,271.82,0.0,0.0,93.59,57.79,0.93,2.13,,,,494.67,32.95
2015,Djibouti,1.52,100.0,67.22,1.63,24.61,0.78,0.0,24.69,93.88,49.08,1914.26,,,,1.99,0.65
2015,Dominica,0.27,100.0,0.2,0.04,1.28,3.15,0.0,0.03,0.0,0.26,0.0,,,,69.91,0.1
2015,Dominican Rep.,57.51,100.0,764.27,863.89,61.79,19.85,0.0,143.76,203.43,2.21,0.38,,,,2367.01,349.69
2015,Ecuador,109.97,100.0,1794.9,995.57,315.29,218.68,12.45,3014.18,112.2,35.12,354.65,,,,17418.26,1382.43
2015,"Egypt, Arab Rep. of",224.31,100.0,277.2,3493.04,810.74,1.95,0.0,79.21,1098.49,1182.67,90463.2,,,,51.49,1126.21
2015,El Salvador,24.29,100.0,52.19,317.86,47.28,43.6,0.0,42.21,1.51,0.01,1.33,,,,1472.8,82.56
2015,Emerging and Developing Countries Asia excluding China,,100.0,,,,,,,,,,287333.96,107801.01,599827.88,,
2015,Emerging and Developing Countries Europe,,100.0,,,,,,,,,,296375.47,153002.87,1508474.87,,
2015,Emerging and Developing Economies,,100.0,,,,,,,,,,1555636.35,2236839.28,6212898.41,,
2015,"Equatorial Guinea, Rep. of",4.57,100.0,27.41,117.17,17.91,40.6,0.0,14.49,0.71,0.0,0.0,,,,2394.45,99.81
2015,"Eritrea, The State of",12.39,100.0,2524.6,1697.31,58.66,8.02,0.0,1690.16,23.31,810.51,4896.37,,,,450.32,4.92
2015,"Estonia, Rep. of",21.89,100.0,401.0,991.37,239.67,0.0,0.0,152.2,199.34,2.26,1.3,,,,2507.51,4.41
2015,"Eswatini, Kingdom of",3.43,100.0,273.99,533.74,7.1,0.0,0.0,197.76,8.04,0.28,26.1,,,,634.66,51.26
2015,"Ethiopia, The Federal Dem. Rep. of",66.38,100.0,11767.73,18270.99,770.48,0.0,0.0,49424.5,253.1,255.8,7245.04,,,,23943.32,1627.08
2015,Europe,,100.0,,,,,,,,,,375585.62,169280.3,1739348.9,,
2015,Falkland Islands (Malvinas),0.01,100.0,1031.63,0.04,62.27,0.0,0.0,36.08,0.1,10.05,8.34,,,,58.13,0.04
2015,Faroe Islands,0.0,100.0,97.98,1.27,5.89,0.0,0.0,12.06,2.46,6.78,0.52,,,,10.58,1.27
2015,"Fiji, Rep. of",2.45,100.0,65.4,189.18,59.68,42.57,0.0,42.39,0.0,5.5,0.0,,,,1227.46,195.11
2015,Finland,41.45,100.0,844.6,2503.5,3337.5,0.0,0.0,909.01,2392.33,473.73,23.17,,,,23020.37,3.68
2015,France,1327.12,100.0,11393.45,24185.33,435.31,0.0,25.03,1497.35,161.98,256.11,217.21,,,,14069.02,1290.89
2015,French Polynesia,0.41,100.0,20.33,11.33,86.91,1.84,0.0,13.75,0.0,38.36,0.0,,,,126.38,104.26
2015,Gabon,15.48,100.0,653.59,682.03,311.12,212.09,0.0,726.67,17.87,0.0,0.0,,,,23605.15,356.76
2015,"Gambia, The",8.87,100.0,48.52,590.72,92.67,143.04,0.0,110.6,4.2,0.0,1.41,,,,119.24,9.19
2015,Georgia,77.08,100.0,950.04,1316.35,36.56,0.0,37.86,622.72,9.88,47.73,115.19,,,,3374.7,393.79
2015,Germany,1828.09,100.0,6434.9,14851.54,451.81,0.0,0.0,863.4,110.75,21.96,11.97,,,,10841.05,257.01
2015,Ghana,172.74,100.0,874.76,6325.96,725.52,25.25,0.0,3513.07,4.42,0.5,6.65,,,,8880.65,3522.91
2015,Gibraltar,0.32,100.0,0.06,0.02,0.02,0.0,0.0,0.07,0.01,0.0,0.0,,,,0.13,0.02
2015,Greece,144.68,100.0,1392.07,3185.47,363.49,0.0,0.0,3037.03,21.24,70.27,242.63,,,,3184.58,1630.15
2015,Greenland,0.06,100.0,6118.77,0.0,5544.14,0.0,175240.0,1015.41,104.35,26506.1,680.25,,,,130.92,0.0
2015,Grenada,0.62,100.0,1.75,0.17,1.45,0.16,0.0,0.14,0.0,0.0,0.0,,,,27.67,0.23
2015,Guadeloupe,4.45,100.0,12.63,39.25,5.53,3.26,0.0,2.79,3.53,0.05,0.02,,,,93.91,5.34
2015,Guam,0.01,100.0,48.45,0.4,1.92,0.0,0.0,0.14,0.0,0.02,0.0,,,,0.37,3.16
2015,Guatemala,64.33,100.0,1196.52,962.51,134.83,36.53,0.0,733.3,18.7,0.0,2.31,,,,7047.94,774.59
2015,Guinea,35.27,100.0,793.03,2855.84,89.84,249.94,0.0,3431.34,1.09,0.0,1.57,,,,16308.63,686.32
2015,Guinea-Bissau,3.66,100.0,113.0,295.43,48.65,246.05,0.0,173.95,1.6,0.03,2.22,,,,1948.97,246.19
2015,Guyana,15.87,100.0,301.27,169.69,177.41,6.92,0.0,1141.81,144.05,2.77,3.86,,,,19337.38,11.31
2015,Haiti,31.1,100.0,1485.87,280.99,43.08,13.1,0.0,43.9,294.59,7.31,0.02,,,,423.61,94.78
2015,Holy See,0.05,100.0,0.01,0.0,0.0,0.0,0.0,0.0,0.0,0.0,0.0,,,,0.01,0.0
2015,Honduras,37.86,100.0,1213.47,719.16,120.74,64.82,0.0,749.57,14.63,0.24,0.47,,,,7973.5,381.48
2015,Hungary,282.24,100.0,1067.06,5733.84,135.89,0.0,0.0,73.75,53.7,1.49,1.04,,,,1721.08,237.36
2015,Iceland,3.16,100.0,3604.01,0.0,333.07,0.0,1102.48,75.27,722.64,2328.67,2006.96,,,,37.16,0.0
2015,India,2020.11,100.0,25156.35,176687.73,5080.21,342.95,783.16,21327.87,708.6,518.24,1248.21,,,,48939.55,14685.1
2015,Indonesia,1248.59,100.0,10052.25,21163.23,3916.05,4116.9,0.0,7504.85,0.0,1877.71,0.0,,,,119617.33,20451.86
2015,"Iran, Islamic Rep. of",449.7,100.0,7267.8,23596.42,6278.5,1.17,0.0,6828.39,82.29,11444.1,106300.05,,,,3078.97,2875.85
2015,Iraq,179.01,100.0,930.84,7945.91,488.48,0.0,0.0,349.2,33.49,354.44,32698.3,,,,251.59,479.73
2015,Ireland,64.37,100.0,4735.55,452.06,200.94,0.0,0.0,167.73,860.57,24.07,23.98,,,,437.67,1.0
2015,Isle of Man,1.26,100.0,38.47,3.07,1.14,0.0,0.0,2.64,0.0,0.01,0.82,,,,6.42,3.07
2015,Israel,69.17,100.0,86.51,359.07,47.49,0.0,0.0,63.07,0.09,74.39,1182.0,,,,78.38,116.83
2015,Italy,982.05,100.0,3432.59,10459.96,413.14,0.0,42.31,1363.92,31.33,246.37,644.55,,,,8687.93,3877.52
2015,Jamaica,22.91,100.0,106.8,90.62,9.74,8.59,0.0,13.34,7.41,0.16,0.0,,,,792.47,51.35
2015,Japan,1791.08,100.0,1386.35,6728.23,944.68,2.97,0.0,882.45,80.36,4.05,3.08,,,,25143.21,465.62
2015,Jordan,37.38,100.0,41.49,363.9,46.98,0.0,0.0,8.41,0.06,169.33,8114.54,,,,16.96,137.96
2015,"Kazakhstan, Rep. of",280.95,100.0,88943.82,46989.52,17637.6,0.0,113.64,21817.89,1228.65,62772.8,34155.49,,,,9709.04,209.54
2015,Kenya,34.99,100.0,15248.98,10934.77,1247.18,16.56,0.0,20535.6,940.94,283.22,1877.77,,,,6443.22,1067.08
2015,Kiribati,0.02,100.0,2.8,2.74,84.16,0.05,0.0,0.29,0.0,9.33,0.0,,,,1.44,43.86
2015,"Korea, Dem. People's Rep. of",79.73,100.0,315.92,3508.0,212.86,0.0,0.0,127.59,6.56,22.79,16.46,,,,7576.83,393.14
2015,"Korea, Rep. of",241.57,100.0,342.75,3486.13,252.99,0.0,0.0,152.22,7.94,45.12,18.45,,,,4872.2,510.6
2015,Kuwait,29.74,100.0,6.21,19.0,5.44,0.0,0.0,3.52,10.42,10.99,1639.06,,,,6.76,14.07
2015,Kyrgyz Rep.,47.94,100.0,8508.79,3688.07,719.5,0.0,609.51,817.7,0.0,2122.12,1802.4,,,,1403.8,216.0
2015,Lao People's Dem. Rep.,11.58,100.0,1494.53,2905.05,221.22,0.0,0.0,7336.58,92.62,0.0,0.0,,,,10808.21,291.72
2015,Latin America and the Caribbean,,100.0,,,,,,,,,,265051.04,121893.92,1644703.71,,
2015,Latvia,26.16,100.0,733.81,1689.7,123.77,0.0,0.0,218.57,139.93,0.12,0.14,,,,3498.76,9.21
2015,Lebanon,22.43,100.0,60.79,249.18,2.24,0.0,0.0,221.37,0.0,119.51,43.39,,,,49.78,247.3
2015,"Lesotho, Kingdom of",7.36,100.0,1394.8,695.59,6.94,0.0,0.0,758.8,0.91,0.17,0.59,,,,178.02,12.7
2015,Liberia,18.6,100.0,412.83,3130.51,47.87,25.45,0.0,195.09,2.76,0.0,0.0,,,,4587.53,1252.21
2015,Libya,81.55,100.0,128.71,1734.39,51.73,0.0,0.0,199.79,23.93,3826.16,155768.79,,,,144.32,332.76
2015,Liechtenstein,0.81,100.0,3.87,0.61,0.07,0.0,0.0,0.63,0.02,0.04,0.15,,,,8.14,0.61
2015,Lithuania,56.69,100.0,624.25,3243.56,122.58,0.0,0.0,178.05,33.12,0.59,0.91,,,,2166.06,52.27
2015,Luxembourg,11.4,100.0,78.32,79.24,0.75,0.0,0.0,13.26,0.02,0.05,0.0,,,,77.52,1.96
2015,"Madagascar, Rep. of",34.81,100.0,21920.24,3632.51,466.14,169.72,0.0,9236.77,298.62,60.16,340.81,,,,22267.8,726.5
2015,Malawi,27.51,100.0,636.65,5410.71,2434.92,0.0,0.0,404.07,238.85,0.36,12.45,,,,2480.05,295.99
2015,Malaysia,280.17,100.0,1737.54,606.34,514.16,662.26,0.0,1433.65,0.0,22.36,0.0,,,,22458.91,5480.44
2015,Maldives,0.08,100.0,0.33,2.99,106.26,0.02,0.0,0.65,0.0,0.86,0.18,,,,0.42,1.15
2015,Mali,27.87,100.0,16270.86,21464.62,383.12,0.0,0.0,8844.64,308.58,4611.94,70000.34,,,,3473.66,446.81
2015,Malta,5.68,100.0,1.93,13.8,1.56,0.0,0.0,0.46,0.0,0.34,4.36,,,,1.61,1.94
2015,"Marshall Islands, Rep. of the",0.05,100.0,0.15,0.14,161.27,0.0,0.0,0.04,0.0,2.9,0.0,,,,0.13,1.78
2015,Martinique,3.81,100.0,3.96,7.88,3.08,1.83,0.0,2.89,0.15,0.0,0.0,,,,83.23,4.54
2015,"Mauritania, Islamic Rep. of",22.22,100.0,11579.05,1750.63,61.8,3.37,0.0,764.71,184.06,5143.85,84571.75,,,,260.46,38.9
2015,Mauritius,9.71,100.0,16.98,106.35,5.89,0.92,0.0,13.16,0.02,0.03,0.09,,,,43.28,5.67
2015,Mayotte,0.21,100.0,1.98,0.2,2.42,1.97,0.0,3.01,0.01,0.0,0.0,,,,28.49,0.03
2015,Mexico,1065.11,100.0,17947.45,24706.28,1863.49,825.22,0.0,70938.94,65.89,59.31,2764.32,,,,72698.15,3019.93
2015,"Micronesia, Federated States of",3.12,100.0,0.9,1.75,48.84,27.2,0.0,0.25,0.0,0.4,0.0,,,,26.12,1.75
2015,Middle East and Central Asia,,100.0,,,,,,,,,,205705.97,1377761.8,432339.65,,
2015,"Moldova, Rep. of",158.49,100.0,182.02,2374.86,33.49,0.0,0.0,7.0,4.08,0.23,0.0,,,,290.89,326.15
2015,Monaco,0.2,100.0,0.07,0.21,0.0,0.0,0.0,0.03,0.0,0.0,0.0,,,,0.05,0.21
2015,Mongolia,46.76,100.0,33398.59,5916.87,1476.67,0.0,62.0,2848.79,371.27,34709.12,68495.33,,,,9043.6,22.28
2015,Montenegro,7.08,100.0,244.59,132.36,30.33,0.0,0.0,134.46,10.06,8.92,3.61,,,,729.77,77.59
2015,Montserrat,0.01,100.0,0.21,0.31,0.54,0.12,0.0,0.21,0.99,0.43,0.0,,,,7.16,0.31
2015,Morocco,146.27,100.0,1096.8,6680.31,85.6,0.0,0.0,2274.76,0.18,9643.83,18641.96,,,,1580.41,1380.83
2015,"Mozambique, Rep. of",52.3,100.0,3812.14,9400.97,1496.02,512.64,0.0,15533.5,1783.5,42.72,593.4,,,,45437.28,499.17
2015,Myanmar,102.29,100.0,4582.49,16504.35,1020.24,421.59,1.57,12740.08,62.76,2.99,1.34,,,,29319.45,2279.48
2015,Namibia,55.91,100.0,39667.94,2210.82,510.37,0.0,0.0,17705.53,128.8,2531.95,15104.23,,,,4710.21,27.64
2015,"Nauru, Rep. of",0.0,100.0,0.11,0.84,0.18,0.0,0.0,0.02,0.0,0.14,0.0,,,,0.03,0.84
2015,Nepal,26.7,100.0,3217.93,2911.03,30.51,0.0,488.22,529.34,2.33,10.4,186.62,,,,7104.79,291.97
2015,New Caledonia,3.09,100.0,62.16,161.45,26.64,59.58,0.0,109.57,0.0,108.62,0.0,,,,1236.05,100.88
2015,New Zealand,201.48,100.0,14207.36,435.34,685.3,21.69,108.45,2399.39,127.39,207.26,992.22,,,,7616.15,61.02
2015,Nicaragua,21.29,100.0,1396.46,1329.91,1034.5,96.29,0.0,964.64,37.8,0.29,2.78,,,,7770.99,261.91
2015,Niger,13.02,100.0,15583.49,7674.98,41.5,0.0,0.0,1272.37,203.43,13392.45,79859.83,,,,813.01,51.62
2015,Nigeria,487.59,100.0,7474.06,41869.05,960.49,856.21,0.0,11072.1,389.49,60.97,15.84,,,,20737.97,7539.38
2015,Niue,0.03,100.0,0.78,1.31,0.53,0.0,0.0,0.46,0.0,0.0,0.0,,,,19.7,3.66
2015,Norfolk Island,0.0,100.0,0.36,1.32,0.33,0.0,0.0,0.09,0.0,0.0,0.05,,,,0.42,1.32
2015,"North Macedonia, Republic of ",24.41,100.0,449.74,724.05,51.77,0.0,0.0,127.49,1.92,3.57,9.02,,,,1084.9,68.21
2015,Northern Mariana Islands,0.02,100.0,16.48,9.79,3.45,0.03,0.0,0.53,0.0,0.07,0.02,,,,7.49,9.79
2015,Norway,249.16,100.0,3661.2,1109.4,2264.92,0.0,3532.34,1671.15,2661.65,6325.33,3621.02,,,,13504.64,4.15
2015,Oceania,,100.0,,,,,,,,,,55841.61,318639.51,478020.27,,
2015,Oman,33.39,100.0,19.69,180.54,38.54,0.0,0.0,56.66,3.22,1817.34,28697.22,,,,43.52,106.75
2015,Pakistan,290.89,100.0,18867.54,24204.79,542.56,8.44,210.93,6874.27,380.0,2819.12,21926.0,,,,2401.0,638.56
2015,"Palau, Rep. of",0.05,100.0,2.1,0.57,4.89,4.06,0.0,1.93,0.0,0.09,0.0,,,,27.8,3.81
2015,Panama,25.91,100.0,433.56,1001.21,129.82,136.63,0.0,390.12,7.57,0.62,4.43,,,,5116.33,264.04
2015,Papua New Guinea,20.78,100.0,979.09,979.89,721.73,659.55,0.0,694.87,0.0,432.92,1.02,,,,39719.68,2486.46
2015,Paraguay,54.38,100.0,3266.28,6202.15,378.17,0.0,0.0,10083.49,3092.28,2.61,0.57,,,,16930.21,108.3
2015,Peru,186.14,100.0,16670.73,2256.28,1519.06,4.71,299.99,10044.68,382.33,5961.51,9624.61,,,,81992.87,935.75
2015,Philippines,170.43,100.0,2131.27,6531.84,851.16,593.22,0.0,1406.02,0.0,156.23,0.0,,,,11592.28,6353.06
2015,Pitcairn Islands,0.0,100.0,0.21,1.96,0.44,0.0,0.0,0.0,0.0,0.36,0.0,,,,0.0,1.96
2015,"Poland, Rep. of",570.01,100.0,3009.07,16246.39,455.07,0.0,0.0,569.43,92.7,9.04,2.73,,,,9607.78,583.48
2015,Portugal,196.25,100.0,1144.54,1903.82,95.73,0.0,0.0,1339.31,14.61,9.74,30.12,,,,2814.6,1338.47
2015,Puerto Rico,92.48,100.0,73.04,62.12,20.12,6.21,0.0,8.47,14.46,0.01,0.05,,,,598.89,27.27
2015,Qatar,37.25,100.0,6.35,22.32,13.63,0.0,0.0,5.13,0.0,17.04,1045.24,,,,9.56,3.02
2015,Romania,653.91,100.0,2608.46,11429.17,288.53,0.0,0.0,178.83,300.7,8.79,6.77,,,,7778.41,553.36
2015,Russian Federation,2470.62,100.0,158348.26,157217.14,59957.5,0.0,5309.06,127629.08,81163.1,116113.08,31909.86,,,,951279.85,2317.24
2015,Rwanda,10.1,100.0,133.65,1342.05,161.52,0.0,0.0,212.58,82.27,0.02,0.01,,,,291.08,321.97
2015,Réunion,9.34,100.0,25.98,69.36,3.91,0.6,0.0,14.96,0.05,0.0,4.01,,,,117.89,5.88
2015,Saint Helena,1.42,100.0,9.39,0.9,2.08,0.0,0.0,1.25,0.0,18.45,3.18,,,,2.57,0.9
2015,Saint Pierre and Miquelon,0.18,100.0,0.61,0.0,3.15,0.0,0.0,9.89,4.67,0.1,0.29,,,,4.7,0.0
2015,Samoa,0.03,100.0,28.07,55.45,3.42,0.64,0.0,22.51,0.0,0.02,0.0,,,,122.54,53.09
2015,"San Marino, Rep. of",0.64,100.0,0.43,3.63,0.0,0.0,0.0,0.08,0.0,0.0,0.25,,,,0.49,0.58
2015,Saudi Arabia,272.12,100.0,176.15,2478.76,161.31,3.12,0.0,420.75,8.98,7257.27,182398.46,,,,127.85,104.41
2015,Senegal,41.09,100.0,2189.5,5421.23,319.79,193.32,0.0,7095.55,355.15,38.23,6.91,,,,3951.63,108.28
2015,"Serbia, Rep. of",116.65,100.0,739.15,4127.0,72.53,0.0,0.0,182.94,10.76,4.23,7.4,,,,3270.37,318.56
2015,Seychelles,0.13,100.0,3.09,1.69,11.06,7.46,0.0,2.07,0.0,0.22,0.67,,,,7.24,15.81
2015,Sierra Leone,20.29,100.0,574.16,3290.29,47.71,235.51,0.0,452.21,18.11,0.0,4.58,,,,2218.24,342.74
2015,Singapore,20.76,100.0,4.73,13.24,4.91,3.19,0.0,1.12,0.0,0.08,0.0,,,,9.48,2.37
2015,Slovak Rep.,148.6,100.0,395.99,1916.79,31.91,0.0,0.0,98.35,2.33,2.05,3.53,,,,2278.6,25.56
2015,"Slovenia, Rep. of",30.52,100.0,171.45,368.43,4.27,0.0,0.0,98.7,1.81,3.0,8.23,,,,1239.32,106.18
2015,Solomon Islands,0.91,100.0,5.19,7.48,97.24,136.86,0.0,3.4,0.0,0.22,0.0,,,,2563.13,27.65
2015,Somalia,36.43,100.0,7300.35,5088.97,86.02,1.36,0.0,37295.01,60.84,5866.73,5493.62,,,,2393.46,120.28
2015,South Africa,550.96,100.0,24457.8,13003.91,552.4,47.86,0.0,64862.63,265.48,9194.47,700.76,,,,8385.58,447.55
2015,"South Sudan, Rep. of",8.91,100.0,3052.47,2252.71,195.02,0.0,0.0,28890.89,3774.77,3.08,26.2,,,,25114.79,71.9
2015,Spain,535.87,100.0,7411.69,15814.25,439.5,0.0,0.0,6200.7,52.04,956.17,493.18,,,,12405.04,6323.62
2015,Sri Lanka,87.19,100.0,498.23,1561.17,185.42,19.78,0.0,1259.02,0.02,7.54,1.53,,,,1833.29,1200.9
2015,St. Kitts and Nevis,0.55,100.0,2.68,4.49,1.36,0.18,0.0,0.54,0.12,0.0,0.0,,,,16.39,0.09
2015,St. Lucia,0.77,100.0,0.98,0.66,1.38,0.64,0.0,0.79,0.09,0.05,0.0,,,,53.62,1.71
2015,St. Vincent and the Grenadines,0.62,100.0,1.8,0.77,12.2,0.54,0.0,0.7,0.07,0.0,0.73,,,,33.96,1.16
2015,Sub-Saharan Africa,,100.0,,,,,,,,,,299318.79,288541.42,1480806.07,,
2015,Sudan,111.32,100.0,24035.62,31318.01,475.46,21.41,0.0,16021.29,264.86,6447.59,98210.52,,,,8167.62,336.89
2015,Suriname,11.34,100.0,61.62,54.5,210.36,63.5,0.0,145.63,108.56,0.0,0.0,,,,13946.04,5.03
2015,Sweden,142.02,100.0,2296.66,3439.34,3855.22,0.0,23.79,1344.5,3196.02,1339.04,267.14,,,,28840.59,4.45
2015,Switzerland,135.12,100.0,1311.47,513.41,143.17,0.0,97.64,162.8,1.75,114.44,256.83,,,,1355.89,31.97
2015,Syrian Arab Rep.,119.88,100.0,484.77,4056.19,127.71,0.0,0.0,236.15,0.36,812.08,11827.25,,,,261.02,926.88
2015,"São Tomé and Príncipe, Dem. Rep. of",0.92,100.0,1.07,0.82,2.4,1.09,0.0,0.55,0.02,0.04,0.0,,,,86.56,6.58
2015,Taiwan Province of China,140.15,100.0,103.71,736.46,62.3,26.93,0.0,31.93,39.63,4.53,0.0,,,,2235.73,246.88
2015,"Tajikistan, Rep. of",42.08,100.0,6649.0,2136.26,138.79,0.0,1085.06,654.79,5.81,545.62,2335.55,,,,266.96,360.85
2015,"Tanzania, United Rep. of",75.92,100.0,5368.99,21026.87,6069.71,61.45,0.0,17017.31,4538.18,95.61,250.98,,,,36965.0,3113.42
2015,Thailand,311.64,100.0,4098.76,22844.56,883.52,359.26,0.0,5213.79,12.88,31.36,0.11,,,,11146.0,6936.72
2015,"Timor-Leste, Dem. Rep. of",4.87,100.0,164.44,494.91,13.14,9.45,0.0,120.33,0.0,3.21,0.0,,,,355.8,332.54
2015,Togo,21.51,100.0,251.23,2179.6,21.35,0.19,0.0,801.49,1.2,0.02,0.05,,,,2298.26,139.82
2015,Tokelau,0.01,100.0,0.0,0.0,1.57,0.0,0.0,0.0,0.0,0.0,0.0,,,,0.0,0.0
2015,Tonga,0.07,100.0,4.03,14.8,9.32,1.04,0.0,2.6,0.0,0.16,0.0,,,,29.94,8.14
2015,Trinidad and Tobago,14.99,100.0,25.25,36.49,7.14,2.43,0.0,14.39,1.34,0.09,0.0,,,,383.01,32.11
2015,Tunisia,85.29,100.0,281.36,2311.66,139.23,0.0,0.0,132.47,0.5,1331.77,8917.07,,,,325.17,2111.08
2015,Turkmenistan,41.17,100.0,1422.19,4115.5,9047.58,0.0,0.0,6751.18,1.74,1282.47,32708.23,,,,83.98,127.28
2015,Turks and Caicos Islands,0.28,100.0,7.56,0.84,6.42,3.15,0.0,1.01,16.45,0.04,0.0,,,,16.66,0.84
2015,Tuvalu,0.01,100.0,0.1,0.45,3.47,0.0,0.0,0.05,0.0,0.09,0.0,,,,0.08,0.45
2015,"Türkiye, Rep. of",579.46,100.0,14275.94,30560.0,1411.22,0.0,0.0,6921.36,208.45,3173.04,1481.22,,,,14761.89,4860.0
2015,Uganda,44.8,100.0,1681.89,7862.07,3742.27,0.0,0.0,2596.83,375.7,0.04,0.36,,,,5496.69,2506.75
2015,Ukraine,1881.01,100.0,4221.08,41421.4,1465.39,0.0,0.0,404.0,50.25,37.83,23.17,,,,9365.46,1127.32
2015,United Arab Emirates,199.0,100.0,39.27,128.51,18.21,1.6,0.0,4.93,0.88,325.98,6268.28,,,,50.79,112.77
2015,United Kingdom,991.13,100.0,11511.45,6475.64,461.14,0.0,0.0,766.87,1294.19,509.71,55.32,,,,2259.08,52.79
2015,United States,10412.48,100.0,199244.8,151482.53,19085.6,190.02,6536.75,200393.17,7622.6,19379.19,18400.26,,,,297328.88,2611.02
2015,United States Virgin Islands,5.09,100.0,3.03,2.48,3.88,0.78,0.0,0.18,1.69,0.0,0.0,,,,16.44,2.48
2015,Uruguay,44.63,100.0,11530.07,2711.02,452.53,0.0,0.0,661.75,275.43,1.19,3.43,,,,2107.06,43.54
2015,"Uzbekistan, Rep. of",282.96,100.0,3323.74,7519.43,864.59,0.0,37.42,4408.28,67.61,2558.65,25035.84,,,,253.75,708.96
2015,Vanuatu,0.28,100.0,9.53,5.2,29.4,19.26,0.0,7.42,0.0,0.68,2.33,,,,1123.23,32.48
2015,"Venezuela, Rep. Bolivariana de",232.6,100.0,18081.32,7983.09,1424.59,322.38,0.05,7667.14,2026.73,549.39,104.48,,,,51269.59,2149.29
2015,Vietnam,256.11,100.0,2116.69,7867.77,757.6,194.22,0.0,5900.75,67.03,6.15,18.49,,,,10700.32,5059.2
2015,Wallis and Futuna Islands,0.03,100.0,1.1,0.72,3.76,0.0,0.0,0.86,0.0,0.0,0.0,,,,4.49,3.6
2015,West Bank and Gaza,25.75,100.0,39.78,89.69,19.11,0.0,0.0,30.6,0.0,116.09,118.15,,,,34.63,150.41
2015,Western Sahara,1.78,100.0,0.6,3.45,7.67,0.0,0.0,0.0,0.0,19.73,26942.57,,,,0.36,3.45
2015,"Yemen, Rep. of",28.29,100.0,162.44,1595.96,104.08,0.16,0.0,1610.34,0.9,5168.31,36057.51,,,,464.93,413.86
2015,Zambia,56.2,100.0,3227.14,8285.28,1398.79,0.0,0.0,12412.49,2858.52,0.0,4.58,,,,47233.93,87.33
2015,Zimbabwe,48.17,100.0,2415.61,13350.01,438.53,0.0,0.0,11225.38,28.32,18.23,92.97,,,,11323.76,333.75
2016,"Afghanistan, Islamic Rep. of",60.71,98.9382611,24769.72,5748.28,64.31,0.0,317.57,3121.03,7.06,4092.03,24865.98,,,,1167.32,134.62
2016,Africa,,99.89632103,,,,,,,,,,361013.24,1002929.56,1610437.72,,
2016,Albania,21.28,99.16479954,387.44,1018.81,57.69,0.0,0.0,314.28,6.55,33.41,49.43,,,,844.92,136.65
2016,Algeria,195.78,99.55839496,826.07,8746.03,154.11,0.0,0.0,2048.05,2.21,8206.05,208758.71,,,,1597.18,1197.05
2016,American Samoa,0.01,100.0,1.48,2.6,1.36,0.16,0.0,1.05,0.0,0.02,0.0,,,,8.21,5.17
2016,Americas,,100.276408,,,,,,,,,,481564.1,305633.75,3160350.48,,
2016,"Andorra, Principality of",0.35,99.97907512,11.88,0.2,0.0,0.0,0.0,0.81,0.0,5.41,2.36,,,,26.58,0.2
2016,Angola,81.06,100.2247146,17191.6,5632.72,222.2,22.32,0.0,22975.82,724.98,46.53,3040.69,,,,75159.54,326.57
2016,Anguilla,0.08,100.0,4.71,0.04,1.22,0.05,0.0,0.12,0.88,0.0,0.02,,,,0.86,0.04
2016,Antigua and Barbuda,1.06,99.97828447,14.75,0.99,6.7,0.47,0.0,0.96,3.65,0.02,0.0,,,,17.2,0.25
2016,Argentina,515.05,99.84770657,15117.79,53440.72,4091.17,0.0,685.92,98487.62,9224.04,46984.72,12797.8,,,,35961.2,1330.61
2016,"Armenia, Rep. of",50.08,99.05322979,688.99,829.06,133.15,0.0,0.0,438.31,1.21,39.28,38.64,,,,639.29,107.72
2016,"Aruba, Kingdom of the Netherlands",1.62,100.0,2.25,0.57,0.77,0.02,0.0,10.52,0.22,1.06,0.0,,,,0.45,0.57
2016,Asia,,99.55849449,,,,,,,,,,673563.06,964673.0,1482234.19,,
2016,Australia,900.51,99.97316943,131040.72,53000.43,1439.19,2597.05,0.0,180246.17,10059.3,282671.0,33704.1,,,,75734.04,566.03
2016,Austria,176.04,99.82413242,1603.91,1661.77,69.75,0.0,34.13,326.9,12.63,116.74,200.65,,,,4106.99,82.65
2016,"Azerbaijan, Rep. of",97.17,99.23186946,970.86,3543.01,7999.6,0.0,0.0,987.29,4.27,840.57,398.22,,,,1228.3,427.15
2016,"Bahamas, The",9.25,100.4401593,162.98,11.25,269.14,79.85,0.0,42.5,246.87,3.39,0.49,,,,424.04,4.22
2016,"Bahrain, Kingdom of",16.93,106.4634146,2.31,0.53,3.77,0.01,0.0,0.21,0.09,2.14,37.57,,,,3.49,0.54
2016,Bangladesh,82.15,99.37973723,899.53,8509.94,1163.78,419.2,0.0,804.89,36.18,1.46,33.16,,,,824.87,1263.74
2016,Barbados,5.48,98.7595768,3.87,21.59,0.9,0.0,0.0,1.4,0.06,0.04,0.0,,,,7.31,3.08
2016,"Belarus, Rep. of",142.02,99.15516825,1199.7,9722.61,227.37,0.0,0.0,412.63,41.64,0.94,0.11,,,,8779.81,190.39
2016,Belgium,258.79,99.88908946,628.29,1353.82,16.36,0.0,0.0,96.77,10.81,0.5,0.64,,,,660.65,36.66
2016,Belize,2.62,101.3800158,97.4,111.21,64.8,48.7,0.0,112.06,10.9,0.0,0.67,,,,1707.7,40.44
2016,Benin,40.33,103.0475281,438.63,3168.66,22.52,6.7,0.0,3144.48,2.8,0.02,0.22,,,,4093.16,679.0
2016,Bermuda,0.19,100.0,0.04,0.08,3.05,0.0,0.0,0.01,0.74,1.99,0.0,,,,0.05,0.08
2016,Bhutan,0.24,104.3544602,539.77,65.42,1.13,0.0,104.63,101.56,0.12,4.78,6.43,,,,2953.93,3.93
2016,Bolivia,95.27,100.5304853,11984.24,5468.26,1292.87,0.0,85.81,12450.2,2878.37,7042.8,8765.42,,,,58696.84,297.62
2016,Bosnia and Herzegovina,34.69,100.1746105,709.77,1164.35,24.51,0.0,0.0,258.69,6.06,3.32,1.31,,,,2795.16,118.02
2016,Botswana,34.9,99.98618725,3546.97,2929.27,64.11,0.0,0.0,45169.44,753.88,54.52,904.12,,,,4657.14,22.57
2016,Brazil,1929.68,100.706115,69864.2,144575.62,13332.2,619.79,0.0,149381.27,13957.7,157.36,373.83,,,,438325.65,21272.07
2016,British Virgin Islands,1.38,100.0,1.46,0.02,3.1,1.29,0.0,0.03,2.19,0.03,0.0,,,,5.83,0.02
2016,Brunei Darussalam,7.28,100.9364821,9.71,17.51,8.53,19.42,0.0,6.75,0.0,0.22,0.0,,,,498.41,26.26
2016,Bulgaria,171.5,99.70297082,747.86,5231.2,126.2,0.0,0.0,332.82,10.04,13.49,55.62,,,,4237.48,210.98
2016,Burkina Faso,34.8,99.82092558,5839.41,15510.36,96.97,0.0,0.0,2989.48,26.74,125.26,114.77,,,,1433.81,1324.26
2016,Burundi,8.87,100.0915834,478.63,1112.29,199.48,0.0,0.0,296.98,23.46,0.0,0.0,,,,240.83,343.0
2016,Cabo Verde,2.33,100.0,53.49,19.7,36.23,0.0,0.0,142.96,2.83,5.69,135.55,,,,8.64,1.58
2016,Cambodia,23.63,99.3052157,1283.62,6679.61,412.63,42.32,0.0,1684.8,660.98,0.42,2.26,,,,7077.25,385.16
2016,Cameroon,56.65,100.1919127,1692.69,4817.86,356.54,250.97,0.0,2343.11,179.85,0.0,1.36,,,,35939.63,1204.46
2016,Canada,896.94,100.0742995,159706.1,52428.51,103723.0,0.0,18314.8,55518.66,7812.38,106084.16,39785.36,,,,438583.22,242.21
2016,Cayman Islands,1.05,100.5405405,0.7,0.81,2.77,8.37,0.0,0.31,0.53,0.04,0.0,,,,9.54,2.02
2016,Central African Rep.,13.12,100.8922534,5017.82,898.32,92.43,0.0,0.0,4690.35,23.41,0.0,0.45,,,,51570.57,58.39
2016,Chad,21.56,100.1403904,15229.31,18744.07,367.22,0.0,0.0,14470.04,685.84,7917.56,63710.81,,,,5950.88,134.39
2016,Chile,179.69,101.3214098,5109.87,2359.23,2753.37,0.0,2797.08,14522.46,31.23,12015.82,13779.2,,,,21067.17,881.23
2016,"China, P.R.: Hong Kong",14.87,99.7399625,7.73,10.21,13.53,2.43,0.0,5.75,0.27,0.05,0.0,,,,50.79,3.4
2016,"China, P.R.: Macao",0.59,100.0,0.14,0.23,0.09,0.01,0.0,0.02,0.1,0.0,0.0,,,,0.2,0.23
2016,"China, P.R.: Mainland",9213.52,98.95013955,290237.83,190518.43,12566.7,196.16,6286.23,23308.47,3277.86,22601.11,165316.46,,,,184924.62,27988.15
2016,Colombia,192.33,104.8518191,16902.61,4326.51,1373.58,375.16,6.7,7374.29,2462.19,540.64,25.52,,,,75292.69,5654.89
2016,"Comoros, Union of the",1.9,101.4069264,14.46,7.47,4.13,0.64,0.0,20.96,0.0,0.0,0.0,,,,109.94,6.09
2016,"Congo, Dem. Rep. of the",164.15,100.3792828,7118.0,20192.88,4336.79,259.26,0.0,7465.58,4900.35,2.76,37.2,,,,187100.13,2886.52
2016,"Congo, Rep. of",22.29,99.60805913,1943.01,2400.21,293.44,76.4,0.0,2155.08,84.97,0.0,0.16,,,,26976.89,336.03
2016,Cook Islands,0.01,100.0,1.27,1.76,3.52,0.0,0.0,0.86,0.08,1.23,0.0,,,,10.91,4.92
2016,Costa Rica,31.92,99.2914417,286.85,276.2,42.77,36.35,0.0,247.12,3.32,0.0,2.29,,,,3847.96,352.46
2016,"Croatia, Rep. of",70.55,100.6654816,560.53,1995.21,89.94,0.0,0.0,271.24,27.28,30.68,9.25,,,,2438.4,164.37
2016,Cuba,63.34,100.5089232,1241.2,3475.74,401.18,408.32,0.0,427.96,197.02,0.95,1.77,,,,4321.04,561.38
2016,Cyprus,27.19,96.16729138,87.76,225.8,16.97,0.0,0.0,116.22,0.66,134.26,70.23,,,,182.56,73.08
2016,Czech Rep.,261.73,99.84623885,982.39,3511.31,59.04,0.0,0.0,229.83,7.87,4.77,0.34,,,,2750.85,67.66
2016,Côte d'Ivoire,125.45,103.2016921,1312.91,5763.93,285.4,12.48,0.0,3402.08,2.25,0.0,0.0,,,,12917.83,8563.56
2016,Denmark,127.24,99.39202162,519.01,2825.74,271.83,0.0,0.0,94.02,57.38,0.93,2.13,,,,502.18,34.57
2016,Djibouti,1.52,101.9042945,67.63,1.69,24.42,0.78,0.0,24.7,93.88,49.46,1913.56,,,,2.0,0.68
2016,Dominica,0.27,100.0,0.2,0.04,1.28,3.15,0.0,0.03,0.0,0.26,0.0,,,,69.91,0.1
2016,Dominican Rep.,57.54,99.95245336,765.21,863.42,61.81,19.89,0.0,145.6,201.53,2.21,0.38,,,,2366.69,349.5
2016,Ecuador,110.01,96.81256777,1792.3,960.29,315.91,218.52,12.45,3007.65,112.18,35.12,354.61,,,,17428.78,1415.84
2016,"Egypt, Arab Rep. of",234.34,98.92585773,278.22,3443.08,815.32,1.95,0.0,79.2,1097.92,1182.07,90452.87,,,,53.5,1170.03
2016,El Salvador,24.29,101.066299,52.24,321.51,47.28,43.57,0.0,42.23,1.54,0.01,1.33,,,,1472.32,79.33
2016,Emerging and Developing Countries Asia excluding China,,99.83557051,,,,,,,,,,286863.28,108022.59,600083.16,,
2016,Emerging and Developing Countries Europe,,99.76164413,,,,,,,,,,295657.88,152750.2,1509371.22,,
2016,Emerging and Developing Economies,,99.83206369,,,,,,,,,,1553013.32,2236611.25,6215681.49,,
2016,"Equatorial Guinea, Rep. of",4.57,97.9053721,26.89,114.62,17.91,40.6,0.0,14.27,0.71,0.0,0.0,,,,2399.91,97.64
2016,"Eritrea, The State of",12.5,99.70704802,2527.89,1692.19,58.68,8.02,0.0,1688.73,23.31,817.77,4886.74,,,,455.83,4.9
2016,"Estonia, Rep. of",22.23,98.92525117,398.1,980.14,239.67,0.0,0.0,151.65,199.65,2.27,1.32,,,,2521.7,4.22
2016,"Eswatini, Kingdom of",3.43,99.92496019,273.66,533.34,7.11,0.0,0.0,197.26,8.06,0.28,26.06,,,,635.95,51.22
2016,"Ethiopia, The Federal Dem. Rep. of",71.0,99.22624684,11764.72,18124.46,768.42,0.0,0.0,49304.22,254.11,267.55,7227.43,,,,24142.69,1699.67
2016,Europe,,99.85672329,,,,,,,,,,375035.33,169009.71,1740095.7,,
2016,Falkland Islands (Malvinas),0.01,100.0,1031.54,0.04,62.27,0.0,0.0,36.04,0.1,10.07,8.34,,,,58.24,0.04
2016,Faroe Islands,0.0,103.1421758,97.91,1.31,5.89,0.0,0.0,12.06,2.46,6.78,0.52,,,,10.58,1.31
2016,"Fiji, Rep. of",2.48,104.3330692,66.91,198.12,60.8,42.23,0.0,43.44,0.0,5.82,0.0,,,,1221.52,194.52
2016,Finland,41.77,101.7613471,845.82,2548.0,3337.42,0.0,0.0,912.68,2359.01,457.84,23.64,,,,23019.69,3.4
2016,France,1331.86,99.84380455,11385.81,24140.75,435.31,0.0,25.03,1504.41,161.33,256.15,217.49,,,,14095.9,1304.78
2016,French Polynesia,0.41,100.0,20.33,11.33,86.91,1.84,0.0,13.75,0.0,38.36,0.0,,,,126.38,104.26
2016,Gabon,15.49,99.60860776,648.52,679.29,311.12,212.05,0.0,728.88,18.05,0.0,0.0,,,,23612.04,355.32
2016,"Gambia, The",9.73,99.7881886,48.48,588.59,92.67,143.31,0.0,110.04,4.2,0.0,1.41,,,,120.87,9.16
2016,Georgia,77.1,97.69116858,944.39,1284.16,36.56,0.0,37.86,619.88,9.87,47.7,115.19,,,,3398.57,410.63
2016,Germany,1829.1,99.53034076,6472.84,14772.16,451.89,0.0,0.0,866.23,108.54,22.41,11.94,,,,10886.14,251.16
2016,Ghana,186.42,99.82893036,875.84,6301.16,725.53,25.91,0.0,3471.99,4.39,0.5,6.65,,,,8921.31,3532.72
2016,Gibraltar,0.32,100.0,0.06,0.02,0.02,0.0,0.0,0.07,0.01,0.0,0.0,,,,0.13,0.02
2016,Greece,144.68,99.05116843,1389.58,3153.87,363.76,0.0,0.0,3024.93,21.19,70.19,242.44,,,,3219.18,1641.78
2016,Greenland,0.06,100.0,6118.77,0.0,5544.14,0.0,175240.0,1015.41,104.35,26506.1,680.25,,,,130.92,0.0
2016,Grenada,0.62,100.0,1.75,0.17,1.45,0.16,0.0,0.14,0.0,0.0,0.0,,,,27.67,0.23
2016,Guadeloupe,4.45,101.1619374,12.64,39.75,5.53,3.25,0.0,2.79,3.53,0.05,0.02,,,,93.75,4.97
2016,Guam,0.01,100.0,48.45,0.4,1.92,0.0,0.0,0.14,0.0,0.02,0.0,,,,0.37,3.16
2016,Guatemala,64.34,100.5949377,1197.21,968.61,134.83,36.57,0.0,736.25,19.41,0.0,2.31,,,,7041.45,770.59
2016,Guinea,36.05,99.26161049,791.43,2833.71,89.84,249.66,0.0,3418.26,1.09,0.0,1.56,,,,16331.96,699.29
2016,Guinea-Bissau,3.74,101.0194319,113.88,298.4,48.65,244.17,0.0,174.94,1.6,0.03,2.25,,,,1943.44,248.66
2016,Guyana,15.87,99.94086066,301.55,169.58,177.39,6.92,0.0,1141.37,143.87,2.7,3.86,,,,19337.89,11.31
2016,Haiti,31.1,100.1000668,1486.72,281.3,43.02,13.17,0.0,45.16,294.11,7.31,0.02,,,,421.54,94.88
2016,Holy See,0.05,100.0,0.01,0.0,0.0,0.0,0.0,0.0,0.0,0.0,0.0,,,,0.01,0.0
2016,Honduras,37.86,100.6207662,1233.83,723.86,120.5,64.79,0.0,779.89,14.7,0.36,0.53,,,,7915.66,383.97
2016,Hungary,282.42,99.90475526,1065.81,5727.93,135.89,0.0,0.0,73.51,53.77,1.49,1.04,,,,1732.39,233.2
2016,Iceland,3.16,100.0,3604.01,0.0,333.07,0.0,1102.48,75.27,722.64,2328.67,2006.96,,,,37.16,0.0
2016,India,2029.88,99.75926969,25175.14,176247.81,5084.96,347.89,783.16,21262.54,708.31,519.67,1248.47,,,,49432.81,14657.53
2016,Indonesia,1256.72,102.5296433,10121.44,21722.05,3920.16,4102.85,0.0,7557.75,0.0,2050.12,0.0,,,,118961.09,20256.68
2016,"Iran, Islamic Rep. of",449.73,99.90603773,7265.36,23573.82,6280.65,1.17,0.0,6831.46,82.28,11488.92,106265.28,,,,3091.65,2873.09
2016,Iraq,179.01,99.16690679,932.07,7878.22,494.18,0.0,0.0,349.43,33.5,366.39,32686.21,,,,252.91,539.06
2016,Ireland,64.39,99.87800864,4732.87,451.41,200.97,0.0,0.0,167.8,859.78,23.95,23.97,,,,441.82,0.98
2016,Isle of Man,1.26,100.0,38.48,3.07,1.14,0.0,0.0,2.64,0.0,0.01,0.82,,,,6.41,3.07
2016,Israel,69.18,99.77864218,86.39,358.11,47.49,0.0,0.0,63.07,0.09,74.58,1181.37,,,,78.96,117.75
2016,Italy,982.18,100.2046301,3429.89,10483.24,413.21,0.0,42.31,1363.52,31.36,245.91,643.97,,,,8707.8,3838.27
2016,Jamaica,22.91,100.4227957,107.24,91.1,9.74,8.58,0.0,13.47,7.42,0.16,0.0,,,,791.15,51.62
2016,Japan,1793.32,100.1225659,1392.38,6736.45,944.85,2.97,0.0,887.22,80.21,4.08,3.08,,,,25125.52,462.08
2016,Jordan,37.48,100.9317917,41.5,367.54,46.98,0.0,0.0,8.41,0.06,170.55,8113.22,,,,16.98,134.31
2016,"Kazakhstan, Rep. of",296.07,100.1993634,88936.45,47068.62,17734.9,0.0,113.64,21846.44,1224.19,62599.7,34032.74,,,,9796.47,209.6
2016,Kenya,35.67,99.11662209,15222.24,10837.18,1247.18,17.44,0.0,20472.14,938.4,298.48,1872.61,,,,6610.83,1078.11
2016,Kiribati,0.02,100.0,2.8,2.74,84.16,0.05,0.0,0.29,0.0,9.33,0.0,,,,1.44,43.86
2016,"Korea, Dem. People's Rep. of",79.73,99.94664731,315.28,3506.08,212.89,0.0,0.0,126.57,6.01,22.62,16.31,,,,7579.75,394.62
2016,"Korea, Rep. of",241.73,98.99150371,342.35,3448.38,252.99,0.0,0.0,151.96,7.92,45.81,18.48,,,,4879.2,541.16
2016,Kuwait,30.24,100.4519502,6.26,18.72,5.46,0.0,0.0,3.51,10.39,10.98,1638.75,,,,6.85,14.04
2016,Kyrgyz Rep.,47.95,99.86054641,8475.52,3682.85,719.6,0.0,609.51,810.28,0.0,2122.8,1803.04,,,,1446.94,217.34
2016,Lao People's Dem. Rep.,11.59,99.97188536,1492.3,2904.22,226.76,0.0,0.0,7353.45,93.38,0.0,0.0,,,,10797.27,282.54
2016,Latin America and the Caribbean,,100.4522894,,,,,,,,,,266249.75,121980.69,1643417.56,,
2016,Latvia,26.36,98.86121245,727.82,1669.96,123.77,0.0,0.0,218.19,139.9,0.12,0.14,,,,3523.54,10.37
2016,Lebanon,22.43,100.6516697,60.82,250.95,2.24,0.0,0.0,221.05,0.0,119.5,43.39,,,,50.15,245.46
2016,"Lesotho, Kingdom of",7.64,100.2056177,1397.52,696.76,6.96,0.0,0.0,757.5,0.9,0.19,0.59,,,,179.92,7.92
2016,Liberia,18.6,99.92135089,412.37,3128.03,47.87,25.39,0.0,194.72,3.05,0.0,0.0,,,,4591.6,1251.21
2016,Libya,83.22,100.0260628,128.86,1733.2,51.86,0.0,0.0,199.73,23.93,3858.3,155736.45,,,,144.65,332.53
2016,Liechtenstein,0.81,99.93315508,3.9,0.61,0.07,0.0,0.0,0.64,0.02,0.04,0.15,,,,8.11,0.61
2016,Lithuania,58.01,99.27641845,627.6,3218.36,122.59,0.0,0.0,177.76,33.04,0.59,0.91,,,,2187.1,52.12
2016,Luxembourg,11.4,98.78640777,78.14,78.14,0.75,0.0,0.0,13.18,0.02,0.05,0.0,,,,78.89,1.95
2016,"Madagascar, Rep. of",35.12,100.1306131,21881.83,3636.99,466.16,169.38,0.0,9240.1,299.09,60.17,341.01,,,,22296.83,727.4
2016,Malawi,29.19,99.19203279,638.93,5365.1,2431.5,0.0,0.0,414.61,238.77,0.5,12.45,,,,2521.46,289.07
2016,Malaysia,293.99,102.5031356,1765.81,614.71,520.79,661.44,0.0,1457.16,0.0,24.58,0.0,,,,22305.56,5551.77
2016,Maldives,0.08,100.0,0.33,2.99,106.26,0.02,0.0,0.65,0.0,0.86,0.18,,,,0.42,1.15
2016,Mali,33.98,100.0961027,16290.35,21479.17,383.58,0.0,0.0,8829.73,308.55,4719.79,69869.68,,,,3482.02,435.62
2016,Malta,5.68,99.74332649,1.93,13.75,1.56,0.0,0.0,0.46,0.0,0.34,4.36,,,,1.61,1.99
2016,"Marshall Islands, Rep. of the",0.05,100.0,0.15,0.14,161.27,0.0,0.0,0.04,0.0,2.9,0.0,,,,0.13,1.78
2016,Martinique,3.81,100.8373235,4.23,7.98,3.08,1.82,0.0,3.16,0.15,0.0,0.0,,,,82.4,4.76
2016,"Mauritania, Islamic Rep. of",22.8,100.3468606,11562.68,1756.2,61.86,3.6,0.0,765.1,183.89,5172.69,84551.74,,,,261.25,39.03
2016,Mauritius,9.74,100.4172267,16.98,106.81,5.89,0.92,0.0,13.12,0.02,0.03,0.09,,,,42.81,5.7
2016,Mayotte,0.21,95.04754031,1.98,0.18,2.42,1.97,0.0,3.01,0.01,0.0,0.0,,,,28.54,0.03
2016,Mexico,1164.01,100.2184572,17987.19,24663.69,1865.98,825.92,0.0,70753.35,68.0,59.48,2765.18,,,,72824.58,2976.79
2016,"Micronesia, Federated States of",3.12,100.0,0.9,1.75,48.84,27.2,0.0,0.25,0.0,0.4,0.0,,,,26.12,1.75
2016,Middle East and Central Asia,,99.88385859,,,,,,,,,,205467.05,1377389.6,432950.67,,
2016,"Moldova, Rep. of",158.5,100.1411184,181.94,2378.41,33.09,0.0,0.0,6.98,4.1,0.23,0.0,,,,292.35,321.59
2016,Monaco,0.2,100.0,0.07,0.21,0.0,0.0,0.0,0.03,0.0,0.0,0.0,,,,0.05,0.21
2016,Mongolia,46.78,97.46528971,33290.63,5765.69,1476.95,0.0,62.0,2809.69,370.74,34774.12,68471.82,,,,9301.1,21.78
2016,Montenegro,7.16,99.5259563,245.85,131.62,30.33,0.0,0.0,135.48,10.07,8.88,3.7,,,,726.72,78.97
2016,Montserrat,0.01,102.9249515,0.23,0.32,0.54,0.12,0.0,0.23,0.99,0.44,0.0,,,,7.11,0.32
2016,Morocco,146.27,100.3625036,1094.62,6705.05,85.67,0.0,0.0,2276.92,0.18,9665.83,18618.9,,,,1588.47,1349.0
2016,"Mozambique, Rep. of",54.91,99.57960379,3792.67,9358.62,1494.04,514.91,0.0,15488.9,1756.33,42.43,590.5,,,,45573.42,496.92
2016,Myanmar,102.39,99.06435016,4519.47,16348.87,1027.16,426.82,1.57,12653.39,63.22,3.16,1.98,,,,29635.69,2254.91
2016,Namibia,58.38,100.3740829,39641.2,2216.83,510.37,0.0,0.0,17708.31,128.79,2550.51,15098.93,,,,4712.39,27.71
2016,"Nauru, Rep. of",0.0,100.0,0.11,0.84,0.18,0.0,0.0,0.02,0.0,0.14,0.0,,,,0.03,0.84
2016,Nepal,26.71,98.86170615,3210.39,2877.58,30.56,0.0,488.22,524.83,2.29,10.4,187.09,,,,7153.15,288.62
2016,New Caledonia,3.12,100.4790506,62.48,162.21,26.64,59.52,0.0,110.42,0.0,108.61,0.0,,,,1233.71,101.35
2016,New Zealand,201.8,101.5401665,14201.88,444.83,685.49,21.89,108.45,2406.67,129.72,222.08,992.09,,,,7593.14,55.09
2016,Nicaragua,21.29,100.3343621,1401.2,1334.43,1034.5,96.05,0.0,970.35,38.01,0.29,2.78,,,,7755.18,262.8
2016,Niger,14.46,100.0569382,15582.3,7677.92,41.81,0.0,0.0,1275.6,203.43,13581.0,79664.28,,,,815.36,49.58
2016,Nigeria,530.18,99.94377026,7459.63,41802.68,966.01,852.32,0.0,10946.48,388.85,64.48,17.07,,,,20914.77,7520.76
2016,Niue,0.03,100.0,0.78,1.31,0.53,0.0,0.0,0.46,0.0,0.0,0.0,,,,19.7,3.66
2016,Norfolk Island,0.0,100.0,0.36,1.32,0.33,0.0,0.0,0.09,0.0,0.0,0.05,,,,0.42,1.32
2016,"North Macedonia, Republic of ",24.41,99.15253776,445.24,717.71,51.77,0.0,0.0,127.26,1.88,3.57,8.94,,,,1095.3,69.01
2016,Northern Mariana Islands,0.02,100.0,16.48,9.79,3.45,0.03,0.0,0.53,0.0,0.07,0.02,,,,7.49,9.79
2016,Norway,249.2,100.864808,3663.66,1121.11,2266.53,0.0,3532.34,1669.03,2662.92,6313.69,3614.59,,,,13507.69,4.23
2016,Oceania,,100.0248017,,,,,,,,,,55855.86,318047.02,478604.62,,
2016,Oman,36.02,105.1419028,19.98,188.91,38.54,0.0,0.0,56.65,3.22,1825.44,28686.79,,,,44.04,97.27
2016,Pakistan,290.9,99.95418043,18924.95,24193.55,545.68,8.44,210.93,6872.95,379.92,2820.35,21874.86,,,,2413.88,627.67
2016,"Palau, Rep. of",0.05,101.6129032,2.12,0.58,4.89,4.06,0.0,1.96,0.0,0.09,0.0,,,,27.71,3.84
2016,Panama,25.93,101.4876548,434.48,1016.47,129.8,136.62,0.0,391.18,7.64,0.62,4.47,,,,5112.96,250.07
2016,Papua New Guinea,21.11,101.6618865,974.3,996.19,723.23,659.74,0.0,691.76,0.0,433.32,1.02,,,,39714.02,2481.3
2016,Paraguay,54.38,100.8731677,3265.91,6256.78,379.45,0.0,0.0,10153.32,3072.27,2.65,0.57,,,,16819.08,114.03
2016,Peru,187.07,95.88604006,16654.97,2154.87,1518.88,4.71,299.99,9998.79,384.9,5995.81,9585.55,,,,82046.48,1046.65
2016,Philippines,174.37,99.80797551,2136.23,6515.03,851.18,592.37,0.0,1410.77,0.0,156.61,0.0,,,,11578.44,6370.51
2016,Pitcairn Islands,0.0,100.0,0.21,1.96,0.44,0.0,0.0,0.0,0.0,0.36,0.0,,,,0.0,1.96
2016,"Poland, Rep. of",571.63,99.63865857,3008.98,16184.0,455.07,0.0,0.0,572.69,90.53,9.2,2.73,,,,9662.27,588.59
2016,Portugal,196.25,95.91050458,1140.79,1817.94,97.73,0.0,0.0,1336.17,14.6,9.88,29.81,,,,2835.64,1408.39
2016,Puerto Rico,92.48,101.0413972,73.1,63.73,20.12,6.21,0.0,8.49,14.54,0.01,0.05,,,,598.4,25.99
2016,Qatar,37.66,100.2500755,6.41,22.06,13.63,0.0,0.0,5.13,0.0,17.02,1044.76,,,,9.64,3.25
2016,Romania,654.61,99.91620455,2614.43,11418.35,288.46,0.0,0.0,179.99,300.83,8.79,6.77,,,,7778.56,556.15
2016,Russian Federation,2526.24,99.82531418,157766.79,156875.61,59992.3,0.0,5309.06,127102.6,80943.6,115940.12,31842.31,,,,953030.02,2312.21
2016,Rwanda,10.78,98.54380061,137.93,1321.68,161.51,0.0,0.0,220.9,81.46,0.02,0.01,,,,303.88,317.08
2016,Réunion,9.38,101.0466177,26.14,70.15,3.91,0.6,0.0,15.07,0.05,0.0,4.01,,,,116.81,5.88
2016,Saint Helena,1.42,100.0,9.39,0.9,2.08,0.0,0.0,1.25,0.0,18.45,3.18,,,,2.57,0.9
2016,Saint Pierre and Miquelon,0.18,100.0,0.61,0.0,3.15,0.0,0.0,9.99,4.79,0.1,0.29,,,,4.48,0.0
2016,Samoa,0.03,86.71896824,28.07,48.08,3.42,0.64,0.0,22.51,0.0,0.02,0.0,,,,122.54,60.45
2016,"San Marino, Rep. of",0.64,100.0,0.43,3.63,0.0,0.0,0.0,0.08,0.0,0.0,0.25,,,,0.49,0.58
2016,Saudi Arabia,286.79,100.6254314,178.64,2481.29,161.31,3.12,0.0,420.83,8.98,7354.7,182275.08,,,,131.06,107.04
2016,Senegal,42.59,99.85955231,2189.88,5412.05,318.65,194.29,0.0,7092.41,355.35,38.25,7.08,,,,3953.16,116.94
2016,"Serbia, Rep. of",116.73,99.8099463,738.38,4118.85,72.51,0.0,0.0,183.08,11.02,4.25,7.37,,,,3273.97,323.42
2016,Seychelles,0.13,100.0,3.09,1.69,11.06,7.46,0.0,2.07,0.0,0.22,0.67,,,,7.24,15.81
2016,Sierra Leone,20.34,99.8740402,574.71,3286.07,47.71,236.15,0.0,451.94,18.43,0.0,4.58,,,,2221.61,342.3
2016,Singapore,21.45,99.72253608,4.74,12.45,4.91,3.23,0.0,1.09,0.0,0.08,0.0,,,,9.7,2.22
2016,Slovak Rep.,148.72,99.90849186,396.31,1914.78,31.91,0.0,0.0,99.14,2.46,2.02,3.53,,,,2279.25,25.59
2016,"Slovenia, Rep. of",30.61,99.87167292,172.27,367.83,4.27,0.0,0.0,99.41,1.84,3.01,8.25,,,,1237.71,106.72
2016,Solomon Islands,0.91,107.5085609,5.47,8.11,97.24,136.83,0.0,4.08,0.0,0.22,0.0,,,,2558.9,30.33
2016,Somalia,38.17,99.46038161,7293.86,5059.57,86.02,1.36,0.0,37265.11,60.09,5849.07,5497.48,,,,2472.72,119.59
2016,South Africa,568.75,100.1500978,24443.28,13006.47,552.13,47.98,0.0,64824.48,265.55,9192.43,696.55,,,,8424.18,447.64
2016,"South Sudan, Rep. of",10.5,100.048306,3044.58,2252.21,196.16,0.0,0.0,28765.37,3750.26,3.05,26.13,,,,25269.51,72.9
2016,Spain,536.17,101.1971154,7396.49,16009.67,441.24,0.0,0.0,6188.63,51.4,960.06,493.14,,,,12461.56,6093.67
2016,Sri Lanka,87.19,98.15302101,493.96,1530.73,185.5,20.51,0.0,1319.79,0.02,7.57,1.53,,,,1838.81,1168.5
2016,St. Kitts and Nevis,0.55,100.0,2.68,4.49,1.36,0.18,0.0,0.54,0.12,0.0,0.0,,,,16.39,0.09
2016,St. Lucia,0.77,100.6993007,1.01,0.67,1.38,0.64,0.0,0.81,0.09,0.05,0.0,,,,53.54,1.73
2016,St. Vincent and the Grenadines,0.62,100.0,1.8,0.77,12.2,0.54,0.0,0.7,0.07,0.0,0.73,,,,33.96,1.16
2016,Sub-Saharan Africa,,99.90796926,,,,,,,,,,299043.41,288550.6,1481072.86,,
2016,Sudan,112.94,99.97396903,24081.53,31308.19,486.47,22.76,0.0,16000.81,265.36,6555.61,98060.82,,,,8184.25,331.74
2016,Suriname,11.34,100.0002054,61.84,54.5,210.41,63.5,0.0,145.96,108.41,0.0,0.0,,,,13945.56,5.03
2016,Sweden,142.25,100.9488918,2309.1,3473.09,3855.21,0.0,23.79,1358.04,3221.34,1340.86,265.66,,,,28754.79,4.6
2016,Switzerland,135.21,99.80879836,1311.68,512.08,143.42,0.0,97.64,163.96,1.84,114.43,256.67,,,,1355.39,32.17
2016,Syrian Arab Rep.,119.88,99.95684425,484.58,4054.39,127.7,0.0,0.0,235.91,0.36,824.96,11815.91,,,,262.06,926.55
2016,"São Tomé and Príncipe, Dem. Rep. of",0.92,96.55172414,1.07,0.76,2.4,1.09,0.0,0.55,0.02,0.04,0.0,,,,86.54,6.66
2016,Taiwan Province of China,143.71,100.0590436,104.1,733.42,62.24,26.88,0.0,31.99,39.57,4.52,0.0,,,,2234.89,246.94
2016,"Tajikistan, Rep. of",42.09,99.94576003,6605.89,2135.07,138.8,0.0,1085.06,654.56,5.81,548.86,2375.13,,,,269.34,360.17
2016,"Tanzania, United Rep. of",77.81,99.30608432,5347.53,20878.54,6069.79,63.36,0.0,16887.71,4520.73,95.48,250.07,,,,37294.34,3098.06
2016,Thailand,313.74,99.55845768,4084.07,22740.18,883.44,358.76,0.0,5182.86,12.85,31.09,0.11,,,,11254.46,6976.96
2016,"Timor-Leste, Dem. Rep. of",5.82,99.47709686,164.4,491.34,13.14,9.45,0.0,120.2,0.0,3.21,0.0,,,,355.91,335.2
2016,Togo,25.12,99.82309631,249.93,2172.1,21.37,0.28,0.0,790.39,1.2,0.02,0.05,,,,2314.93,139.34
2016,Tokelau,0.01,100.0,0.0,0.0,1.57,0.0,0.0,0.0,0.0,0.0,0.0,,,,0.0,0.0
2016,Tonga,0.07,100.0,4.03,14.8,9.32,1.04,0.0,2.6,0.0,0.16,0.0,,,,29.94,8.14
2016,Trinidad and Tobago,14.99,100.8702255,25.84,36.94,7.14,2.42,0.0,15.0,1.35,0.09,0.0,,,,380.98,32.51
2016,Tunisia,85.29,99.36717592,281.05,2296.49,139.24,0.0,0.0,132.93,0.5,1365.63,8883.72,,,,326.78,2123.96
2016,Turkmenistan,41.17,100.0738032,1424.18,4118.57,9048.29,0.0,0.0,6750.95,1.66,1283.6,32701.33,,,,84.22,127.38
2016,Turks and Caicos Islands,0.28,100.0,7.56,0.84,6.4,3.17,0.0,1.01,16.45,0.04,0.0,,,,16.66,0.84
2016,Tuvalu,0.01,100.0,0.1,0.45,3.47,0.0,0.0,0.05,0.0,0.09,0.0,,,,0.08,0.45
2016,"Türkiye, Rep. of",579.53,99.35522996,14232.97,30359.16,1417.24,0.0,0.0,6963.07,208.16,3165.9,1476.28,,,,14871.72,4958.57
2016,Uganda,44.91,99.67766313,1669.13,7836.47,3742.27,0.0,0.0,2562.1,375.25,0.05,0.36,,,,5578.27,2498.58
2016,Ukraine,1881.86,99.88539389,4220.84,41370.93,1464.27,0.0,0.0,407.78,50.54,37.84,23.23,,,,9407.41,1132.22
2016,United Arab Emirates,201.91,100.8672902,39.69,128.44,18.21,1.6,0.0,4.93,0.88,326.02,6263.78,,,,51.32,113.43
2016,United Kingdom,991.6,99.747909,11534.98,6456.35,461.29,0.0,0.0,765.82,1293.42,509.99,55.56,,,,2258.35,49.97
2016,United States,10566.67,100.0550169,199073.95,151417.13,19112.4,190.27,6536.75,200452.97,7617.6,19373.42,18407.56,,,,297336.15,2600.82
2016,United States Virgin Islands,5.09,100.0277469,3.09,2.48,3.88,0.78,0.0,0.18,1.69,0.0,0.0,,,,16.37,2.48
2016,Uruguay,44.63,98.89622726,11519.78,2680.61,452.56,0.0,0.0,657.95,274.02,1.19,3.43,,,,2149.56,46.96
2016,"Uzbekistan, Rep. of",282.97,99.61582508,3340.1,7489.44,888.21,0.0,37.42,4404.69,67.57,2563.23,25015.13,,,,256.03,716.41
2016,Vanuatu,0.28,100.7307461,9.6,5.24,29.4,19.26,0.0,7.47,0.0,0.68,2.33,,,,1122.82,32.72
2016,"Venezuela, Rep. Bolivariana de",232.86,100.041971,18078.63,7986.28,1427.3,318.54,0.05,7669.14,2030.29,550.4,105.16,,,,51261.87,2150.15
2016,Vietnam,256.9,99.23669478,2108.51,7804.97,763.55,197.96,0.0,5877.67,66.04,6.15,18.62,,,,10789.13,5054.83
2016,Wallis and Futuna Islands,0.03,100.0,1.1,0.72,3.76,0.0,0.0,0.86,0.0,0.0,0.0,,,,4.49,3.6
2016,West Bank and Gaza,25.75,99.41961192,39.78,89.02,19.11,0.0,0.0,30.65,0.0,116.09,118.29,,,,34.66,150.86
2016,Western Sahara,1.83,100.9559855,0.61,3.45,7.67,0.0,0.0,0.0,0.0,19.72,26942.52,,,,0.37,3.45
2016,"Yemen, Rep. of",30.76,99.78033752,162.81,1589.92,104.08,0.16,0.0,1609.95,0.89,5207.97,36012.55,,,,466.86,420.77
2016,Zambia,62.91,99.45714435,3226.62,8233.29,1400.63,0.0,0.0,12380.07,2856.74,0.0,4.61,,,,47312.63,86.78
2016,Zimbabwe,49.98,99.48754234,2409.8,13279.54,438.53,0.0,0.0,11114.63,28.17,18.28,91.96,,,,11511.85,331.99
2017,"Afghanistan, Islamic Rep. of",68.91,98.41366471,24749.07,5709.29,64.31,0.0,317.57,3120.65,7.06,4108.56,24877.06,,,,1169.8,156.47
2017,Africa,,99.83406878,,,,,,,,,,360788.24,1002885.23,1610706.82,,
2017,Albania,21.93,98.80596746,387.17,1014.4,57.84,0.0,0.0,314.41,6.51,33.32,48.73,,,,846.6,139.56
2017,Algeria,207.54,99.67922071,826.36,8745.12,154.19,0.0,0.0,2046.39,2.21,8224.14,208738.7,,,,1601.2,1185.34
2017,American Samoa,0.01,100.0,1.48,2.6,1.36,0.16,0.0,1.05,0.0,0.02,0.0,,,,8.21,5.17
2017,Americas,,100.5792152,,,,,,,,,,483018.35,305480.46,3159050.0,,
2017,"Andorra, Principality of",0.35,99.97907512,11.94,0.2,0.0,0.0,0.0,0.84,0.0,5.43,2.36,,,,26.47,0.2
2017,Angola,88.49,100.3336434,17169.27,5631.5,225.85,22.57,0.0,22936.12,725.16,46.69,3037.77,,,,75209.16,331.45
2017,Anguilla,0.08,100.0,4.71,0.04,1.22,0.05,0.0,0.12,0.88,0.0,0.02,,,,0.86,0.04
2017,Antigua and Barbuda,1.06,100.5096358,14.75,1.0,6.7,0.47,0.0,0.96,3.65,0.02,0.0,,,,17.17,0.25
2017,Argentina,530.41,99.85916804,15120.46,53431.54,4105.83,0.0,685.92,98442.57,9212.28,46991.82,12784.2,,,,36008.52,1323.02
2017,"Armenia, Rep. of",52.28,99.04939092,688.96,826.82,133.15,0.0,0.0,438.05,1.21,39.22,37.2,,,,641.11,107.71
2017,"Aruba, Kingdom of the Netherlands",2.2,126.5541314,2.08,0.57,0.77,0.02,0.0,10.01,0.22,1.05,0.0,,,,0.55,0.57
2017,Asia,,99.18786486,,,,,,,,,,671055.58,964498.72,1484916.02,,
2017,Australia,910.11,100.0244339,131698.63,53018.38,1439.73,2597.29,0.0,180237.21,10060.5,282041.0,33620.7,,,,75778.56,555.15
2017,Austria,176.3,99.79600655,1606.68,1660.99,69.92,0.0,34.13,328.66,12.59,116.74,200.41,,,,4102.15,83.58
2017,"Azerbaijan, Rep. of",107.12,99.63880317,970.81,3547.99,7999.58,0.0,0.0,986.48,4.27,836.82,393.27,,,,1232.04,418.07
2017,"Bahamas, The",9.31,100.7357372,163.08,11.25,269.14,79.81,0.0,42.73,246.94,3.39,0.49,,,,423.6,4.22
2017,"Bahrain, Kingdom of",17.15,107.195122,2.33,0.43,3.77,0.01,0.0,0.21,0.09,2.14,37.51,,,,3.53,0.42
2017,Bangladesh,82.68,98.75781073,900.47,8455.64,1163.04,419.39,0.0,805.39,36.32,1.46,33.55,,,,828.58,1312.38
2017,Barbados,5.49,98.82737513,3.87,21.58,0.9,0.0,0.0,1.39,0.06,0.02,0.0,,,,7.31,3.08
2017,"Belarus, Rep. of",142.84,98.81602264,1202.04,9688.04,227.37,0.0,0.0,415.78,41.43,0.85,0.11,,,,8805.89,192.85
2017,Belgium,260.13,99.90147796,627.61,1352.68,16.36,0.0,0.0,96.94,10.59,0.42,0.6,,,,660.75,37.21
2017,Belize,2.62,102.5828286,98.45,112.56,64.8,48.7,0.0,113.23,10.93,0.0,0.67,,,,1704.51,40.02
2017,Benin,40.65,102.2473818,431.46,3143.42,22.52,6.63,0.0,3116.47,2.84,0.02,0.22,,,,4158.69,673.59
2017,Bermuda,0.19,100.0,0.04,0.08,3.05,0.0,0.0,0.01,0.74,1.99,0.0,,,,0.05,0.08
2017,Bhutan,0.24,103.8302606,539.43,65.09,1.13,0.0,104.63,101.47,0.12,4.78,6.43,,,,2954.82,3.79
2017,Bolivia,98.72,100.9459043,11975.54,5487.8,1292.93,0.0,85.81,12478.89,2870.68,7064.02,8750.81,,,,58646.14,306.36
2017,Bosnia and Herzegovina,35.02,100.5296796,711.85,1168.27,24.51,0.0,0.0,260.82,6.13,3.3,1.31,,,,2786.74,117.93
2017,Botswana,41.29,99.96837828,3544.28,2922.35,64.2,0.0,0.0,45101.03,753.85,54.53,902.42,,,,4730.42,22.51
2017,Brazil,1975.5,101.4239117,69827.35,145573.99,13340.3,620.09,0.0,149203.3,13967.4,157.12,373.06,,,,438503.46,20247.53
2017,British Virgin Islands,1.38,100.0,1.46,0.02,3.1,1.29,0.0,0.03,2.19,0.03,0.0,,,,5.83,0.02
2017,Brunei Darussalam,7.5,101.4267887,9.73,17.41,8.53,19.42,0.0,6.76,0.0,0.22,0.0,,,,498.39,26.12
2017,Bulgaria,172.08,99.42348366,746.95,5215.48,126.21,0.0,0.0,332.5,10.03,13.4,54.96,,,,4244.23,221.36
2017,Burkina Faso,39.06,99.61517725,5831.73,15474.07,99.48,0.0,0.0,2986.22,26.63,131.8,115.57,,,,1437.98,1353.34
2017,Burundi,8.92,100.354052,478.81,1115.18,199.48,0.0,0.0,297.67,23.44,0.0,0.0,,,,244.14,335.9
2017,Cabo Verde,2.33,100.0,53.49,19.7,36.23,0.0,0.0,142.96,2.83,5.69,135.55,,,,8.64,1.58
2017,Cambodia,26.33,97.96548589,1281.39,6586.48,413.34,42.49,0.0,1685.7,660.69,0.4,2.25,,,,7087.76,465.86
2017,Cameroon,57.52,100.1902814,1692.5,4816.92,357.11,251.28,0.0,2338.68,179.51,0.0,1.36,,,,35944.1,1204.23
2017,Canada,911.25,100.1268726,159707.91,52442.15,103736.0,0.0,18314.8,55614.86,7829.5,106008.12,39773.18,,,,438520.8,235.59
2017,Cayman Islands,1.07,101.119765,0.7,0.8,2.77,8.35,0.0,0.31,0.53,0.04,0.0,,,,9.55,2.01
2017,Central African Rep.,13.12,101.0582803,5018.23,899.82,92.41,0.0,0.0,4703.13,23.45,0.0,0.45,,,,51555.77,58.49
2017,Chad,22.97,100.1840988,15217.04,18750.83,367.55,0.0,0.0,14437.12,687.04,7960.48,63681.81,,,,5972.26,134.44
2017,Chile,193.98,102.1206716,5124.19,2364.97,2754.99,0.0,2797.08,14537.47,31.32,12012.07,13770.5,,,,21023.71,886.13
2017,"China, P.R.: Hong Kong",15.01,100.3762621,7.65,10.23,13.53,2.43,0.0,5.74,0.27,0.05,0.0,,,,50.82,3.3
2017,"China, P.R.: Macao",0.6,100.5947004,0.14,0.23,0.09,0.01,0.0,0.02,0.1,0.0,0.0,,,,0.2,0.23
2017,"China, P.R.: Mainland",9820.42,98.31943973,289920.5,188638.43,12588.6,199.69,6286.23,23287.4,3265.98,22685.31,165252.1,,,,185305.28,29185.48
2017,Colombia,197.4,111.0807245,16900.56,4589.89,1373.92,375.05,6.7,7382.42,2463.89,540.4,25.64,,,,75261.83,5409.42
2017,"Comoros, Union of the",1.91,101.611104,14.48,7.48,4.13,0.64,0.0,21.0,0.0,0.0,0.0,,,,109.87,6.1
2017,"Congo, Dem. Rep. of the",166.21,100.7216403,7114.41,20260.22,4336.36,259.45,0.0,7457.3,4894.81,2.76,37.16,,,,187057.98,2876.61
2017,"Congo, Rep. of",23.37,99.32778005,1938.39,2392.31,293.35,76.35,0.0,2150.79,85.15,0.0,0.16,,,,26989.29,339.27
2017,Cook Islands,0.01,100.0,1.27,1.76,3.52,0.0,0.0,0.86,0.08,1.23,0.0,,,,10.91,4.92
2017,Costa Rica,32.09,98.60163598,287.26,273.89,42.83,36.37,0.0,247.64,3.32,0.0,2.31,,,,3846.46,355.08
2017,"Croatia, Rep. of",70.98,100.2791817,561.65,1986.86,89.94,0.0,0.0,272.11,27.79,30.47,9.25,,,,2433.32,175.1
2017,Cuba,63.81,95.47600872,1243.12,3298.05,401.38,407.5,0.0,429.86,196.81,0.95,1.77,,,,4316.21,740.43
2017,Cyprus,28.67,100.0808974,88.03,234.61,16.97,0.0,0.0,116.11,0.6,134.35,69.26,,,,182.84,63.27
2017,Czech Rep.,261.87,99.89560891,986.23,3513.05,59.04,0.0,0.0,233.22,7.91,4.75,0.34,,,,2743.26,66.15
2017,Côte d'Ivoire,127.2,102.0346505,1311.67,5695.57,285.39,12.4,0.0,3368.77,2.27,0.0,0.0,,,,12957.84,8624.72
2017,Denmark,127.43,99.36206581,519.66,2824.66,271.83,0.0,0.0,94.44,57.37,0.93,2.14,,,,501.97,34.6
2017,Djibouti,1.52,103.8090477,67.85,1.75,24.25,0.82,0.0,24.7,93.88,51.51,1911.33,,,,2.01,0.7
2017,Dominica,0.27,100.0,0.2,0.04,1.28,3.15,0.0,0.03,0.0,0.26,0.0,,,,69.91,0.1
2017,Dominican Rep.,57.93,99.95007597,765.14,863.01,61.83,19.89,0.0,145.89,201.02,2.21,0.38,,,,2367.15,349.34
2017,Ecuador,112.84,100.2958998,1790.04,995.97,317.02,217.85,12.45,3005.61,112.16,34.78,354.47,,,,17431.74,1378.74
2017,"Egypt, Arab Rep. of",241.54,100.6544883,279.09,3500.14,813.91,1.92,0.0,78.73,1097.91,1180.4,90448.14,,,,54.91,1111.83
2017,El Salvador,24.33,102.192021,52.35,325.32,47.28,43.55,0.0,42.31,1.65,0.01,1.33,,,,1471.37,76.14
2017,Emerging and Developing Countries Asia excluding China,,99.40624136,,,,,,,,,,285629.44,107963.89,601374.92,,
2017,Emerging and Developing Countries Europe,,99.69426305,,,,,,,,,,295457.93,152619.64,1509700.03,,
2017,Emerging and Developing Economies,,99.72415652,,,,,,,,,,1551334.33,2236216.04,6217753.38,,
2017,"Equatorial Guinea, Rep. of",4.64,96.55823887,26.54,112.91,17.91,40.6,0.0,14.12,0.7,0.0,0.0,,,,2403.52,96.18
2017,"Eritrea, The State of",12.51,99.47994404,2529.71,1688.3,58.68,8.02,0.0,1689.82,23.31,820.21,4884.2,,,,456.93,4.89
2017,"Estonia, Rep. of",22.41,98.39583023,398.42,974.6,239.67,0.0,0.0,151.87,199.95,2.17,1.36,,,,2520.47,10.05
2017,"Eswatini, Kingdom of",3.44,99.86166588,273.65,532.99,6.97,0.0,0.0,197.4,8.09,0.28,26.06,,,,636.3,51.19
2017,"Ethiopia, The Federal Dem. Rep. of",73.51,98.64553052,11759.94,18015.47,769.04,0.0,0.0,49229.86,255.09,276.26,7219.82,,,,24253.14,1772.19
2017,Europe,,99.82972432,,,,,,,,,,374933.65,168864.66,1740340.73,,
2017,Falkland Islands (Malvinas),0.01,99.99917129,1031.35,0.04,62.37,0.0,0.0,36.03,0.1,10.08,8.32,,,,58.36,0.04
2017,Faroe Islands,0.0,103.1421758,97.91,1.31,5.89,0.0,0.0,12.06,2.46,6.78,0.52,,,,10.58,1.31
2017,"Fiji, Rep. of",2.48,107.0433994,67.03,203.33,60.8,42.16,0.0,43.52,0.0,5.87,0.0,,,,1220.68,189.96
2017,Finland,43.32,103.0263242,849.6,2578.65,3337.24,0.0,0.0,917.31,2357.91,453.4,24.02,,,,22984.46,3.45
2017,France,1337.99,99.78167522,11377.89,24118.76,435.34,0.0,25.03,1507.24,160.98,254.67,217.04,,,,14118.4,1305.46
2017,French Polynesia,0.41,96.42009804,20.33,10.91,86.91,1.84,0.0,13.75,0.0,38.36,0.0,,,,126.38,104.69
2017,Gabon,15.89,99.58842397,646.58,678.75,311.13,212.0,0.0,727.35,18.29,0.0,0.0,,,,23615.76,355.04
2017,"Gambia, The",9.75,99.72981537,48.48,588.22,92.67,143.22,0.0,109.98,4.21,0.0,1.41,,,,121.16,9.36
2017,Georgia,77.71,94.013917,944.26,1232.31,36.56,0.0,37.86,619.23,9.87,47.7,115.02,,,,3401.94,459.45
2017,Germany,1831.17,99.51613178,6474.98,14767.72,452.19,0.0,0.0,870.11,108.48,22.03,11.9,,,,10884.19,249.64
2017,Ghana,190.94,99.4592053,872.95,6272.61,725.53,26.45,0.0,3444.21,4.43,0.5,6.63,,,,8968.43,3539.73
2017,Gibraltar,0.32,100.0,0.06,0.02,0.02,0.0,0.0,0.07,0.01,0.0,0.0,,,,0.13,0.02
2017,Greece,150.02,99.98723835,1389.18,3179.7,363.83,0.0,0.0,3021.56,21.18,69.64,240.13,,,,3229.81,1606.54
2017,Greenland,0.06,100.0,6118.77,0.0,5544.14,0.0,175240.0,1015.41,104.35,26506.1,680.25,,,,130.92,0.0
2017,Grenada,0.62,100.0,1.75,0.17,1.45,0.16,0.0,0.14,0.0,0.0,0.0,,,,27.67,0.23
2017,Guadeloupe,4.46,101.4594725,12.68,39.87,5.53,3.25,0.0,2.83,3.53,0.05,0.02,,,,93.6,4.91
2017,Guam,0.01,100.0,48.45,0.4,1.92,0.0,0.0,0.14,0.0,0.02,0.0,,,,0.37,3.16
2017,Guatemala,64.52,101.2465428,1199.72,975.12,134.84,36.39,0.0,739.8,19.76,0.0,2.31,,,,7032.1,767.0
2017,Guinea,36.28,98.44446154,791.47,2809.86,89.84,249.2,0.0,3412.07,1.09,0.0,1.61,,,,16340.88,720.59
2017,Guinea-Bissau,3.76,101.4443813,114.54,299.65,48.65,242.0,0.0,175.29,1.61,0.03,2.36,,,,1942.15,249.71
2017,Guyana,15.95,100.1297141,301.55,169.85,177.39,6.92,0.0,1140.45,144.96,2.7,3.86,,,,19337.31,11.32
2017,Haiti,31.66,103.819793,1487.2,292.35,43.02,13.17,0.0,45.6,293.66,7.21,0.02,,,,420.21,84.24
2017,Holy See,0.05,100.0,0.01,0.0,0.0,0.0,0.0,0.0,0.0,0.0,0.0,,,,0.01,0.0
2017,Honduras,37.98,99.51626056,1249.49,715.38,120.5,64.76,0.0,800.13,14.73,0.36,0.53,,,,7871.55,400.56
2017,Hungary,282.75,99.90940945,1066.41,5727.88,135.89,0.0,0.0,74.14,54.03,1.47,1.03,,,,1730.65,233.2
2017,Iceland,3.16,100.0,3604.01,0.0,333.07,0.0,1102.48,75.27,722.64,2328.67,2006.96,,,,37.16,0.0
2017,India,2095.34,99.63480657,25155.01,175959.35,5091.31,349.13,783.16,21234.94,707.68,520.44,1247.64,,,,49680.07,14673.14
2017,Indonesia,1261.96,100.0863802,10146.92,21169.23,3922.15,4098.94,0.0,7578.7,0.0,2077.66,0.0,,,,118765.54,20927.76
2017,"Iran, Islamic Rep. of",472.46,100.0631047,7263.72,23588.88,6284.07,1.17,0.0,6832.36,82.28,11499.13,106240.1,,,,3096.38,2843.01
2017,Iraq,185.61,98.81566432,932.83,7843.08,494.54,0.0,0.0,349.18,33.5,367.36,32682.02,,,,254.63,568.22
2017,Ireland,64.42,99.87427923,4731.85,451.36,200.97,0.0,0.0,168.1,858.62,23.98,23.96,,,,443.69,0.98
2017,Isle of Man,1.26,100.0,38.48,3.07,1.14,0.0,0.0,2.64,0.0,0.01,0.82,,,,6.41,3.07
2017,Israel,75.33,106.0825268,86.74,378.96,47.49,0.0,0.0,62.72,0.09,74.28,1177.59,,,,79.8,94.01
2017,Italy,989.65,100.0764726,3430.95,10461.11,413.31,0.0,42.31,1363.66,31.34,245.61,639.06,,,,8710.24,3854.43
2017,Jamaica,23.04,100.7487008,107.43,91.34,9.74,8.57,0.0,13.63,7.42,0.14,0.0,,,,790.32,51.76
2017,Japan,1799.56,100.2100244,1395.4,6737.67,944.88,2.97,0.0,889.49,80.13,3.8,3.14,,,,25116.91,458.25
2017,Jordan,39.96,97.79455742,41.68,352.47,46.98,0.0,0.0,8.38,0.06,170.42,8112.61,,,,17.43,147.02
2017,"Kazakhstan, Rep. of",313.87,100.5667386,88749.32,47224.5,17752.5,0.0,113.64,21889.13,1223.16,62533.5,33990.04,,,,9859.09,210.19
2017,Kenya,37.17,98.81461675,15224.09,10802.56,1247.2,17.52,0.0,20441.38,938.2,309.14,1860.64,,,,6657.27,1095.16
2017,Kiribati,0.02,100.0,2.8,2.74,84.16,0.05,0.0,0.29,0.0,9.33,0.0,,,,1.44,43.86
2017,"Korea, Dem. People's Rep. of",80.63,100.1897319,315.54,3513.91,212.91,0.0,0.0,126.64,6.01,22.47,15.83,,,,7575.52,390.43
2017,"Korea, Rep. of",247.89,98.83171929,342.19,3436.26,252.99,0.0,0.0,151.59,7.93,44.27,17.36,,,,4878.39,551.1
2017,Kuwait,30.37,99.73270716,6.27,18.24,5.46,0.0,0.0,3.51,10.39,10.98,1638.71,,,,6.87,14.42
2017,Kyrgyz Rep.,49.1,99.85412245,8469.7,3681.46,719.68,0.0,609.51,808.4,0.0,2118.45,1801.61,,,,1460.66,217.26
2017,Lao People's Dem. Rep.,11.69,99.85291244,1492.96,2900.65,228.23,0.0,0.0,7355.17,93.82,0.0,0.0,,,,10791.38,287.61
2017,Latin America and the Caribbean,,100.9159406,,,,,,,,,,267478.6,121914.66,1642254.27,,
2017,Latvia,26.51,98.80219643,728.15,1668.8,123.77,0.0,0.0,218.45,140.13,0.12,0.15,,,,3523.75,10.35
2017,Lebanon,23.55,100.3397086,60.93,248.98,2.24,0.0,0.0,220.34,0.0,119.6,42.84,,,,50.37,247.13
2017,"Lesotho, Kingdom of",7.73,100.3638511,1396.29,697.78,6.96,0.0,0.0,758.57,0.88,0.19,0.59,,,,180.16,6.74
2017,Liberia,18.72,99.93776019,412.42,3128.43,47.88,25.31,0.0,194.9,3.07,0.0,0.0,,,,4590.75,1251.37
2017,Libya,91.74,100.0299483,129.46,1724.75,51.86,0.0,0.0,199.65,23.93,3864.78,155729.25,,,,146.35,330.91
2017,Liechtenstein,0.81,100.0669344,3.86,0.61,0.07,0.0,0.0,0.63,0.02,0.04,0.17,,,,8.12,0.61
2017,Lithuania,58.12,99.0761306,629.99,3211.64,122.59,0.0,0.0,178.04,33.33,0.55,0.91,,,,2188.71,54.2
2017,Luxembourg,11.46,98.74603861,78.15,78.04,0.75,0.0,0.0,13.23,0.02,0.04,0.0,,,,78.87,1.95
2017,"Madagascar, Rep. of",36.33,100.1160238,21866.2,3635.24,465.93,169.35,0.0,9247.58,299.62,60.15,340.96,,,,22305.59,727.05
2017,Malawi,29.54,99.15276478,637.96,5362.61,2429.5,0.0,0.0,414.72,239.88,0.5,12.45,,,,2529.7,284.71
2017,Malaysia,303.07,103.9479408,1778.28,618.44,520.84,661.48,0.0,1467.08,0.0,25.93,0.0,,,,22235.32,5585.43
2017,Maldives,0.08,100.0,0.33,2.99,106.26,0.02,0.0,0.65,0.0,0.86,0.18,,,,0.42,1.15
2017,Mali,36.77,100.2185934,16320.08,21502.72,383.4,0.0,0.0,8803.23,308.7,4889.47,69675.47,,,,3487.47,425.24
2017,Malta,5.91,100.4106776,1.95,13.65,1.56,0.0,0.0,0.41,0.0,0.34,4.24,,,,1.65,1.97
2017,"Marshall Islands, Rep. of the",0.05,100.0,0.15,0.14,161.27,0.0,0.0,0.04,0.0,2.9,0.0,,,,0.13,1.78
2017,Martinique,3.81,101.8819504,4.24,8.1,3.08,1.82,0.0,3.17,0.15,0.0,0.0,,,,82.34,4.66
2017,"Mauritania, Islamic Rep. of",24.08,100.4765278,11512.79,1757.22,61.86,3.6,0.0,764.94,183.6,5240.24,84531.43,,,,262.1,39.05
2017,Mauritius,9.74,100.4430741,16.99,106.84,5.89,0.92,0.0,13.14,0.02,0.03,0.09,,,,42.75,5.7
2017,Mayotte,0.21,87.78197044,1.95,0.15,2.42,2.04,0.0,2.98,0.01,0.0,0.0,,,,28.55,0.02
2017,Mexico,1193.27,99.42651432,17993.12,24430.33,1864.23,825.06,0.0,70706.18,68.34,59.65,2766.11,,,,72828.98,3218.86
2017,"Micronesia, Federated States of",3.12,100.0,0.9,1.75,48.84,27.2,0.0,0.25,0.0,0.4,0.0,,,,26.12,1.75
2017,Middle East and Central Asia,,99.96845777,,,,,,,,,,205641.2,1377254.88,432912.46,,
2017,"Moldova, Rep. of",158.51,100.0196381,181.84,2375.33,32.65,0.0,0.0,7.0,4.24,0.22,0.0,,,,293.5,323.91
2017,Monaco,0.2,100.0,0.07,0.21,0.0,0.0,0.0,0.03,0.0,0.0,0.0,,,,0.05,0.21
2017,Mongolia,50.14,97.13509687,33335.86,5742.64,1477.17,0.0,62.0,2800.07,370.56,34786.52,68371.41,,,,9373.26,21.71
2017,Montenegro,7.3,100.8526822,247.59,133.33,30.33,0.0,0.0,137.45,10.59,8.84,3.68,,,,721.41,78.26
2017,Montserrat,0.01,102.9249515,0.23,0.32,0.54,0.12,0.0,0.23,0.99,0.44,0.0,,,,7.11,0.32
2017,Morocco,159.45,101.0816782,1095.5,6740.96,85.67,0.0,0.0,2276.6,0.18,9676.01,18601.26,,,,1591.87,1303.38
2017,"Mozambique, Rep. of",57.36,99.56150223,3792.47,9354.46,1493.89,514.8,0.0,15475.76,1757.67,42.58,589.49,,,,45588.48,496.7
2017,Myanmar,102.58,98.89979098,4504.29,16321.34,1031.3,428.95,1.57,12628.02,63.38,3.16,2.12,,,,29723.87,2228.0
2017,Namibia,64.91,100.7425402,39623.25,2218.65,510.69,0.0,0.0,17695.47,128.79,2551.12,15083.83,,,,4746.13,30.51
2017,"Nauru, Rep. of",0.0,100.0,0.11,0.84,0.18,0.0,0.0,0.02,0.0,0.14,0.0,,,,0.03,0.84
2017,Nepal,26.91,98.61716648,3207.88,2870.2,30.57,0.0,488.22,523.56,2.29,10.4,187.15,,,,7164.8,287.88
2017,New Caledonia,3.12,100.6862241,62.79,162.55,26.64,59.52,0.0,110.96,0.0,108.64,0.0,,,,1232.27,101.56
2017,New Zealand,202.87,101.1695389,14196.81,441.4,685.64,22.06,108.45,2410.22,130.59,224.85,991.2,,,,7588.82,60.23
2017,Nicaragua,21.4,100.6030118,1406.03,1337.95,1034.67,95.87,0.0,976.14,38.34,0.29,2.78,,,,7739.91,263.5
2017,Niger,15.39,100.1842795,15556.15,7686.78,41.89,0.0,0.0,1278.35,203.44,13706.15,79550.31,,,,818.21,49.07
2017,Nigeria,541.57,99.65705859,7445.29,41669.83,969.9,852.45,0.0,10849.54,388.61,66.33,17.27,,,,21056.73,7605.67
2017,Niue,0.03,100.0,0.78,1.31,0.53,0.0,0.0,0.46,0.0,0.0,0.0,,,,19.7,3.66
2017,Norfolk Island,0.0,100.0,0.36,1.32,0.33,0.0,0.0,0.09,0.0,0.0,0.05,,,,0.42,1.32
2017,"North Macedonia, Republic of ",24.82,99.08172597,444.28,716.77,51.77,0.0,0.0,127.4,1.88,3.6,8.74,,,,1097.08,68.75
2017,Northern Mariana Islands,0.02,100.0,16.48,9.79,3.45,0.03,0.0,0.53,0.0,0.07,0.02,,,,7.49,9.79
2017,Norway,249.95,101.4308743,3663.76,1128.05,2266.68,0.0,3532.34,1666.43,2661.42,6312.12,3605.94,,,,13514.05,4.24
2017,Oceania,,99.97467797,,,,,,,,,,55827.79,317335.47,479343.02,,
2017,Oman,39.47,109.0078303,20.23,193.73,38.54,0.0,0.0,56.69,3.22,1827.35,28684.49,,,,44.72,88.37
2017,Pakistan,317.05,99.96848424,18931.42,24170.91,546.24,8.44,210.93,6870.76,379.87,2826.02,21865.12,,,,2423.19,614.15
2017,"Palau, Rep. of",0.05,101.5904771,2.12,0.58,4.89,4.06,0.0,1.96,0.0,0.09,0.0,,,,27.71,3.85
2017,Panama,27.18,103.0914421,435.56,1031.69,129.8,136.61,0.0,392.56,7.62,0.62,4.46,,,,5108.57,235.55
2017,Papua New Guinea,21.19,96.69615141,974.06,946.42,724.55,659.5,0.0,691.01,0.0,433.24,1.02,,,,39706.9,2538.13
2017,Paraguay,54.55,101.2939828,3269.04,6282.94,380.3,0.0,0.0,10191.87,3069.92,2.66,0.57,,,,16751.82,114.78
2017,Peru,199.93,94.41822639,16677.83,2106.16,1526.16,4.71,299.99,9985.51,385.55,6035.49,9493.0,,,,82064.81,1099.54
2017,Philippines,175.36,99.54552711,2138.54,6496.45,851.39,592.14,0.0,1412.92,0.0,156.64,0.0,,,,11570.22,6391.85
2017,Pitcairn Islands,0.0,100.0,0.21,1.96,0.44,0.0,0.0,0.0,0.0,0.36,0.0,,,,0.0,1.96
2017,"Poland, Rep. of",573.15,99.62524227,3019.35,16180.24,455.07,0.0,0.0,575.76,90.54,9.09,2.7,,,,9670.17,569.65
2017,Portugal,200.84,94.94720444,1140.37,1793.12,97.93,0.0,0.0,1335.38,14.58,9.66,29.47,,,,2838.54,1427.31
2017,Puerto Rico,92.63,102.2509702,73.21,65.45,20.12,6.16,0.0,8.56,14.54,0.01,0.05,,,,597.81,24.58
2017,Qatar,37.66,99.89841663,6.41,21.85,13.63,0.0,0.0,5.13,0.0,17.02,1044.76,,,,9.64,3.45
2017,Romania,656.15,99.97587474,2617.87,11424.02,288.82,0.0,0.0,182.2,300.51,8.23,6.71,,,,7767.48,554.95
2017,Russian Federation,2554.32,99.82075567,157960.81,156840.09,60011.7,0.0,5309.06,127447.06,81139.8,115837.55,31830.09,,,,952396.98,2311.69
2017,Rwanda,10.83,98.26903819,138.34,1317.92,161.51,0.0,0.0,221.79,81.33,0.02,0.01,,,,306.55,316.96
2017,Réunion,9.41,101.3475273,26.25,70.36,3.9,0.6,0.0,15.14,0.05,0.0,4.01,,,,116.22,6.07
2017,Saint Helena,1.42,100.0,9.39,0.9,2.08,0.0,0.0,1.25,0.0,18.45,3.18,,,,2.57,0.9
2017,Saint Pierre and Miquelon,0.18,100.0,0.61,0.0,3.15,0.0,0.0,9.99,4.79,0.1,0.29,,,,4.48,0.0
2017,Samoa,0.03,70.72819034,28.07,39.21,3.42,0.64,0.0,22.51,0.0,0.02,0.0,,,,122.54,69.33
2017,"San Marino, Rep. of",0.64,100.0,0.43,3.63,0.0,0.0,0.0,0.08,0.0,0.0,0.25,,,,0.49,0.58
2017,Saudi Arabia,288.32,100.4640904,179.18,2475.33,161.31,3.12,0.0,420.79,8.98,7397.92,182228.41,,,,132.23,113.83
2017,Senegal,44.35,99.89954391,2189.17,5412.48,318.5,194.09,0.0,7089.78,355.25,38.19,7.18,,,,3955.86,115.82
2017,"Serbia, Rep. of",117.25,99.788861,739.71,4117.44,72.51,0.0,0.0,184.19,11.08,4.14,7.31,,,,3265.93,330.03
2017,Seychelles,0.13,100.0,3.09,1.69,11.06,7.46,0.0,2.07,0.0,0.22,0.67,,,,7.24,15.81
2017,Sierra Leone,20.43,99.88884123,575.37,3286.47,47.71,236.2,0.0,452.67,18.47,0.0,4.57,,,,2219.61,342.34
2017,Singapore,21.83,99.70588235,4.76,12.07,4.91,3.22,0.0,1.08,0.0,0.08,0.0,,,,9.78,2.15
2017,Slovak Rep.,148.9,99.96659227,397.28,1915.8,31.91,0.0,0.0,99.89,2.45,1.87,3.53,,,,2276.4,25.68
2017,"Slovenia, Rep. of",30.63,99.66411831,172.86,366.98,4.27,0.0,0.0,99.73,1.88,3.0,8.25,,,,1236.53,107.78
2017,Solomon Islands,0.91,108.7004519,5.63,8.21,97.24,136.8,0.0,4.49,0.0,0.22,0.0,,,,2556.8,31.79
2017,Somalia,39.35,99.36296096,7296.85,5053.4,86.02,1.36,0.0,37243.45,60.05,5847.2,5496.75,,,,2499.21,119.44
2017,South Africa,604.34,100.4253903,24437.12,13008.2,552.02,47.9,0.0,64814.74,265.48,9183.0,692.07,,,,8416.91,447.7
2017,"South Sudan, Rep. of",10.56,100.0756411,3045.75,2252.77,196.29,0.0,0.0,28672.52,3717.98,3.01,26.04,,,,25391.84,73.96
2017,Spain,576.59,100.8443548,7383.76,15911.57,441.69,0.0,0.0,6183.13,51.08,956.88,490.28,,,,12493.3,6143.74
2017,Sri Lanka,87.25,98.30468645,493.65,1533.17,185.5,20.54,0.0,1323.63,0.02,7.56,1.54,,,,1839.93,1161.32
2017,St. Kitts and Nevis,0.55,101.984127,2.69,4.59,1.36,0.18,0.0,0.54,0.13,0.0,0.0,,,,16.27,0.09
2017,St. Lucia,0.77,100.6993007,1.01,0.67,1.38,0.64,0.0,0.81,0.09,0.05,0.0,,,,53.54,1.73
2017,St. Vincent and the Grenadines,0.62,100.0,1.8,0.77,12.2,0.54,0.0,0.7,0.07,0.0,0.73,,,,33.96,1.16
2017,Sub-Saharan Africa,,99.78267359,,,,,,,,,,298668.31,288525.56,1481472.54,,
2017,Sudan,119.62,100.0219901,24109.27,31316.64,486.8,22.83,0.0,15977.45,264.23,6655.85,97914.68,,,,8216.39,326.94
2017,Suriname,11.43,99.77210666,61.84,54.26,210.43,63.48,0.0,146.05,108.44,0.0,0.0,,,,13945.41,5.25
2017,Sweden,144.4,102.0206439,2331.89,3509.32,3855.05,0.0,23.79,1379.99,3254.1,1346.96,265.24,,,,28633.39,4.56
2017,Switzerland,135.33,99.79232082,1311.77,511.85,143.6,0.0,97.64,164.7,1.83,114.3,256.5,,,,1354.94,32.01
2017,Syrian Arab Rep.,125.04,100.0111758,485.1,4051.51,127.56,0.0,0.0,235.77,0.37,826.84,11812.09,,,,262.94,925.13
2017,"São Tomé and Príncipe, Dem. Rep. of",0.92,95.40229885,1.07,0.74,2.4,1.09,0.0,0.55,0.02,0.04,0.0,,,,86.55,6.67
2017,Taiwan Province of China,147.56,100.1962104,104.55,730.77,62.24,26.75,0.0,32.09,38.92,4.51,0.0,,,,2234.39,246.47
2017,"Tajikistan, Rep. of",45.37,94.97140024,6590.59,2023.43,138.93,0.0,1085.06,654.47,5.81,551.53,2386.08,,,,270.53,468.97
2017,"Tanzania, United Rep. of",79.53,99.22304619,5343.14,20859.29,6069.77,63.54,0.0,16873.38,4517.82,95.28,250.14,,,,37329.88,3101.62
2017,Thailand,323.36,98.78422728,4081.18,22551.3,884.56,360.22,0.0,5185.24,12.56,30.99,0.11,,,,11272.14,7136.91
2017,"Timor-Leste, Dem. Rep. of",6.16,98.88216765,164.35,488.03,13.14,9.45,0.0,120.14,0.0,3.21,0.0,,,,356.2,338.0
2017,Togo,26.21,99.40694337,248.35,2161.85,21.37,0.28,0.0,783.59,1.2,0.02,0.05,,,,2333.13,138.68
2017,Tokelau,0.01,100.0,0.0,0.0,1.57,0.0,0.0,0.0,0.0,0.0,0.0,,,,0.0,0.0
2017,Tonga,0.07,100.0,4.03,14.8,9.32,1.04,0.0,2.6,0.0,0.16,0.0,,,,29.94,8.14
2017,Trinidad and Tobago,15.04,101.18297,25.97,37.05,7.14,2.42,0.0,15.14,1.36,0.09,0.0,,,,380.44,32.6
2017,Tunisia,90.49,99.92323578,281.35,2304.62,139.25,0.0,0.0,134.15,0.5,1370.39,8877.61,,,,327.91,2109.33
2017,Turkmenistan,47.6,100.217981,1423.24,4118.13,9048.57,0.0,0.0,6750.56,1.66,1283.81,32695.13,,,,85.25,127.36
2017,Turks and Caicos Islands,0.28,100.0,7.56,0.84,6.4,3.17,0.0,1.01,16.45,0.04,0.0,,,,16.66,0.84
2017,Tuvalu,0.01,100.0,0.1,0.45,3.47,0.0,0.0,0.05,0.0,0.09,0.0,,,,0.08,0.45
2017,"Türkiye, Rep. of",621.1,98.97627017,14230.95,30199.58,1417.83,0.0,0.0,6969.9,208.03,3167.63,1462.38,,,,14899.27,5055.92
2017,Uganda,45.03,99.57117341,1662.2,7827.93,3742.27,0.0,0.0,2547.06,375.09,0.05,0.36,,,,5611.54,2495.86
2017,Ukraine,1884.7,99.83746591,4221.33,41347.3,1464.02,0.0,0.0,411.63,50.51,37.39,23.14,,,,9427.69,1129.16
2017,United Arab Emirates,204.12,101.2245317,39.88,127.4,18.21,1.57,0.0,4.72,0.88,325.97,6263.24,,,,51.71,112.51
2017,United Kingdom,992.59,99.66219593,11539.98,6448.96,461.34,0.0,0.0,765.49,1293.6,510.06,55.44,,,,2259.29,50.58
2017,United States,10728.9,100.1767428,199004.43,151452.34,19138.7,190.11,6536.75,200423.91,7599.29,19372.88,18409.06,,,,297239.03,2592.43
2017,United States Virgin Islands,5.14,100.3963012,3.1,2.46,3.88,0.78,0.0,0.18,1.67,0.0,0.0,,,,16.38,2.46
2017,Uruguay,44.92,98.85125408,11518.19,2679.07,452.56,0.0,0.0,657.4,273.81,1.19,3.43,,,,2152.21,47.84
2017,"Uzbekistan, Rep. of",303.74,99.47800254,3337.31,7457.92,883.43,0.0,37.42,4403.33,67.56,2565.43,25019.16,,,,260.58,725.34
2017,Vanuatu,0.28,100.5474453,9.6,5.23,29.41,19.26,0.0,7.47,0.0,0.68,2.33,,,,1122.83,32.72
2017,"Venezuela, Rep. Bolivariana de",240.38,100.1492267,18069.62,7987.57,1429.06,315.37,0.05,7666.15,2036.95,550.77,104.61,,,,51259.62,2150.5
2017,Vietnam,267.73,98.94862504,2105.78,7770.74,763.91,200.8,0.0,5890.09,66.34,6.13,18.66,,,,10807.51,5046.65
2017,Wallis and Futuna Islands,0.03,100.0,1.1,0.72,3.76,0.0,0.0,0.86,0.0,0.0,0.0,,,,4.49,3.6
2017,West Bank and Gaza,27.44,102.6886679,39.91,91.1,19.11,0.0,0.0,30.62,0.0,115.86,117.81,,,,34.97,147.37
2017,Western Sahara,1.83,100.9559855,0.61,3.45,7.67,0.0,0.0,0.0,0.0,19.72,26942.52,,,,0.37,3.45
2017,"Yemen, Rep. of",31.66,101.0687345,162.9,1609.95,104.08,0.16,0.0,1610.09,0.89,5222.9,35996.4,,,,467.71,400.07
2017,Zambia,64.1,99.30637125,3223.99,8219.52,1402.29,0.0,0.0,12365.75,2855.44,0.0,4.41,,,,47344.39,84.36
2017,Zimbabwe,51.2,99.11811656,2408.48,13228.8,447.01,0.0,0.0,11060.81,27.94,18.28,91.38,,,,11610.04,330.72
2018,"Afghanistan, Islamic Rep. of",69.48,98.25035706,24665.36,5699.12,64.31,0.0,317.57,3120.41,7.06,4199.28,24876.88,,,,1171.21,157.94
2018,Africa,,99.5556671,,,,,,,,,,359782.13,1002632.65,1611965.51,,
2018,Albania,22.79,97.68569677,385.77,1001.79,57.9,0.0,0.0,314.36,6.49,32.99,47.72,,,,861.94,138.72
2018,Algeria,213.05,99.91547907,826.56,8760.85,154.05,0.0,0.0,2043.2,2.21,8424.36,208536.04,,,,1608.31,1163.09
2018,American Samoa,0.01,100.0,1.48,2.6,1.36,0.16,0.0,1.05,0.0,0.02,0.0,,,,8.21,5.17
2018,Americas,,100.807091,,,,,,,,,,484112.81,305537.16,3157899.79,,
2018,"Andorra, Principality of",0.35,136.3636364,11.95,0.4,0.0,0.0,0.0,0.84,0.0,5.44,2.36,,,,26.44,0.0
2018,Angola,95.17,101.2819033,17166.79,5678.88,233.51,22.62,0.0,22951.43,733.09,47.51,3036.53,,,,75122.45,336.05
2018,Anguilla,0.08,100.0,4.71,0.04,1.22,0.05,0.0,0.12,0.88,0.0,0.02,,,,0.86,0.04
2018,Antigua and Barbuda,1.06,103.4146341,15.12,1.06,6.7,0.47,0.0,0.99,3.7,0.02,0.0,,,,16.66,0.26
2018,Argentina,537.4,99.7340704,15155.85,53356.94,4111.53,0.0,685.92,98533.92,9219.65,47077.23,12688.6,,,,35852.25,1417.23
2018,"Armenia, Rep. of",52.93,98.77751989,688.22,823.76,133.15,0.0,0.0,438.11,1.21,39.16,36.82,,,,643.1,109.26
2018,"Aruba, Kingdom of the Netherlands",2.35,133.4072432,2.0,0.57,0.77,0.02,0.0,9.92,0.22,1.04,0.0,,,,0.58,0.57
2018,Asia,,98.97156082,,,,,,,,,,669592.25,963840.15,1487038.27,,
2018,Australia,916.78,100.0067014,138114.39,53002.19,1439.29,2598.46,0.0,180193.68,10063.3,275684.0,33379.6,,,,75998.04,568.11
2018,Austria,176.59,99.83390946,1614.05,1661.4,69.89,0.0,34.13,333.98,12.68,116.68,200.51,,,,4088.54,83.71
2018,"Azerbaijan, Rep. of",116.62,99.40639471,970.07,3529.96,7999.15,0.0,0.0,985.35,4.33,833.32,390.2,,,,1238.36,429.07
2018,"Bahamas, The",9.49,101.8610201,163.3,11.3,269.14,79.81,0.0,43.0,246.91,3.37,0.49,,,,422.93,4.24
2018,"Bahrain, Kingdom of",17.36,107.804878,2.35,0.32,3.77,0.01,0.0,0.21,0.09,2.14,37.47,,,,3.57,0.3
2018,Bangladesh,83.05,98.12447924,902.06,8400.52,1162.88,420.07,0.0,805.92,36.3,1.47,34.16,,,,836.04,1356.44
2018,Barbados,5.49,98.82737513,3.87,21.58,0.9,0.0,0.0,1.39,0.06,0.02,0.0,,,,7.31,3.08
2018,"Belarus, Rep. of",143.18,98.63846387,1210.79,9670.04,226.96,0.0,0.0,423.26,41.72,0.83,0.11,,,,8812.4,187.92
2018,Belgium,260.65,99.8652579,626.83,1351.57,16.36,0.0,0.0,97.5,10.52,0.36,0.6,,,,660.73,38.16
2018,Belize,2.62,103.3670541,100.36,113.44,64.8,48.63,0.0,115.64,10.94,0.0,0.67,,,,1699.04,40.34
2018,Benin,40.87,101.1888776,422.55,3110.24,22.52,6.65,0.0,3054.88,2.84,0.02,0.22,,,,4269.25,666.48
2018,Bermuda,0.19,100.0,0.04,0.08,3.05,0.0,0.0,0.01,0.74,1.99,0.0,,,,0.05,0.08
2018,Bhutan,0.24,102.8289892,539.07,64.46,1.13,0.0,104.63,103.13,0.11,4.78,6.43,,,,2953.84,4.11
2018,Bolivia,101.11,101.9150023,12045.77,5539.04,1294.05,0.0,85.81,12730.4,2861.79,7159.13,8628.77,,,,58313.76,298.04
2018,Bosnia and Herzegovina,35.1,101.2868014,713.49,1177.25,24.51,0.0,0.0,261.93,6.16,3.31,1.33,,,,2778.38,114.41
2018,Botswana,43.36,99.89853664,3545.63,2918.21,64.24,0.0,0.0,45077.92,753.89,53.97,899.03,,,,4758.16,22.48
2018,Brazil,1989.93,101.6026322,69766.89,145819.72,13327.8,620.86,0.0,149023.45,13999.3,159.75,372.73,,,,438651.47,20058.13
2018,British Virgin Islands,1.38,100.0,1.46,0.02,3.1,1.29,0.0,0.03,2.19,0.03,0.0,,,,5.83,0.02
2018,Brunei Darussalam,7.63,102.2784087,9.91,17.49,8.53,19.41,0.0,6.92,0.0,0.22,0.0,,,,497.75,26.24
2018,Bulgaria,173.2,99.1003494,746.74,5196.85,126.26,0.0,0.0,333.18,10.15,13.2,54.38,,,,4254.63,228.61
2018,Burkina Faso,43.1,98.03841571,5806.86,15224.48,102.14,0.0,0.0,2947.52,26.12,142.72,115.73,,,,1515.79,1571.42
2018,Burundi,8.92,100.518318,479.27,1117.02,199.48,0.0,0.0,298.72,23.43,0.0,0.0,,,,247.89,328.81
2018,Cabo Verde,2.33,100.0,53.52,19.7,36.23,0.0,0.0,142.96,2.83,5.84,135.37,,,,8.64,1.58
2018,Cambodia,28.12,97.09074275,1282.62,6525.64,422.76,42.53,0.0,1695.95,661.52,0.36,2.21,,,,7064.82,526.15
2018,Cameroon,58.51,99.84604094,1743.29,4799.18,356.84,252.35,0.0,2338.58,177.16,0.0,1.36,,,,35916.12,1199.8
2018,Canada,919.34,100.2843453,159979.78,52518.02,103713.0,0.0,18314.8,56200.76,7977.9,106062.06,39814.25,,,,437364.4,230.76
2018,Cayman Islands,1.08,101.6605124,0.7,0.8,2.77,8.35,0.0,0.31,0.52,0.04,0.0,,,,9.55,2.01
2018,Central African Rep.,13.12,102.8050211,5038.05,915.6,92.35,0.0,0.0,4801.32,27.57,0.0,0.51,,,,51415.84,60.53
2018,Chad,24.11,100.327021,15112.47,18776.48,369.23,0.0,0.0,14339.16,680.7,8447.06,63286.97,,,,6060.79,134.62
2018,Chile,200.0,102.7395787,5158.37,2374.46,2755.48,0.0,2797.08,14576.88,31.43,12267.29,13502.8,,,,20940.22,892.44
2018,"China, P.R.: Hong Kong",15.06,100.2875265,7.61,10.16,13.53,2.43,0.0,5.8,0.27,0.05,0.0,,,,50.74,3.39
2018,"China, P.R.: Macao",0.6,100.5947004,0.14,0.23,0.09,0.01,0.0,0.02,0.1,0.0,0.0,,,,0.2,0.23
2018,"China, P.R.: Mainland",10260.9,97.71072026,289097.63,186969.18,12598.5,203.38,6286.23,23315.03,3251.04,23322.31,165155.08,,,,185550.68,30425.16
2018,Colombia,201.04,113.6923009,16893.85,4698.8,1373.72,374.97,6.7,7373.47,2467.48,541.12,25.78,,,,75266.92,5303.22
2018,"Comoros, Union of the",1.91,103.1260725,14.64,7.62,4.13,0.64,0.0,21.22,0.0,0.0,0.0,,,,109.24,6.21
2018,"Congo, Dem. Rep. of the",169.29,101.7733943,7129.33,20470.47,4334.03,260.86,0.0,7480.44,4917.7,2.76,37.65,,,,186778.81,2882.31
2018,"Congo, Rep. of",25.01,98.70957592,1932.79,2375.64,292.77,76.57,0.0,2140.3,84.99,0.0,0.43,,,,27010.13,349.87
2018,Cook Islands,0.01,100.0,1.27,1.76,3.52,0.0,0.0,0.86,0.08,1.23,0.0,,,,10.91,4.92
2018,Costa Rica,32.13,98.08262439,286.5,272.24,42.83,36.37,0.0,246.92,3.33,0.0,2.32,,,,3848.83,355.79
2018,"Croatia, Rep. of",71.17,100.4757425,562.64,1990.7,89.96,0.0,0.0,273.15,28.52,30.42,9.2,,,,2423.43,178.27
2018,Cuba,63.98,95.47924466,1244.78,3298.0,401.54,406.06,0.0,432.22,196.99,0.95,1.77,,,,4313.2,740.42
2018,Cyprus,29.01,101.3608545,88.08,237.64,16.97,0.0,0.0,115.85,0.6,134.41,69.13,,,,183.28,59.75
2018,Czech Rep.,261.96,99.83090138,994.59,3510.51,59.04,0.0,0.0,240.99,7.95,4.74,0.34,,,,2726.44,69.25
2018,Côte d'Ivoire,128.21,90.45281442,1310.83,5033.64,286.3,12.51,0.0,3317.92,2.45,0.0,0.0,,,,13017.78,9276.29
2018,Denmark,127.59,99.28240858,520.44,2822.14,271.83,0.0,0.0,95.54,57.28,0.93,2.14,,,,500.52,36.63
2018,Djibouti,1.52,114.9206349,74.54,2.1,23.96,0.82,0.0,24.79,93.88,58.15,1897.6,,,,2.11,0.84
2018,Dominica,0.27,100.0,0.2,0.04,1.28,3.15,0.0,0.03,0.0,0.26,0.0,,,,69.91,0.1
2018,Dominican Rep.,58.17,99.90165059,765.32,862.32,61.83,19.89,0.0,147.93,199.89,2.19,0.38,,,,2366.79,349.06
2018,Ecuador,114.97,98.66867717,1786.97,975.85,318.53,216.89,12.45,2998.45,112.23,34.69,354.56,,,,17440.83,1397.24
2018,"Egypt, Arab Rep. of",246.95,104.9500529,280.77,3654.41,809.64,1.92,0.0,78.61,1098.21,1179.95,90426.41,,,,55.99,975.63
2018,El Salvador,24.35,103.2787683,52.44,329.02,47.28,43.55,0.0,42.38,1.65,0.01,1.33,,,,1470.63,73.01
2018,Emerging and Developing Countries Asia excluding China,,99.19515937,,,,,,,,,,285023.19,107389.73,602556.25,,
2018,Emerging and Developing Countries Europe,,99.83202261,,,,,,,,,,295866.23,152764.58,1509146.99,,
2018,Emerging and Developing Economies,,99.62836353,,,,,,,,,,1549844.39,2235416.81,6220044.1,,
2018,"Equatorial Guinea, Rep. of",4.71,95.90931493,26.37,112.05,17.91,40.6,0.0,14.01,0.68,0.0,0.0,,,,2405.34,95.45
2018,"Eritrea, The State of",12.51,98.45637349,2547.14,1670.8,58.72,8.29,0.0,1700.38,23.31,890.64,4791.4,,,,468.55,4.84
2018,"Estonia, Rep. of",22.49,98.90606227,401.36,979.69,239.67,0.0,0.0,154.11,201.59,2.24,1.35,,,,2508.43,10.04
2018,"Eswatini, Kingdom of",3.46,99.28514251,273.7,529.87,6.97,0.0,0.0,197.5,8.24,0.28,26.08,,,,636.38,53.88
2018,"Ethiopia, The Federal Dem. Rep. of",73.55,97.41689635,11784.73,17790.12,768.11,0.0,0.0,48830.24,262.84,311.01,7151.62,,,,24766.08,1885.95
2018,Europe,,99.96337626,,,,,,,,,,375435.67,169055.75,1739647.98,,
2018,Falkland Islands (Malvinas),0.01,99.9983426,1030.37,0.04,62.36,0.0,0.0,36.05,0.1,11.04,8.32,,,,58.38,0.04
2018,Faroe Islands,0.0,103.1421758,97.89,1.31,5.89,0.0,0.0,12.06,2.46,6.78,0.52,,,,10.6,1.31
2018,"Fiji, Rep. of",2.48,109.9288005,67.28,208.88,60.8,41.64,0.0,43.7,0.0,6.44,0.0,,,,1219.05,185.58
2018,Finland,44.29,106.3762835,885.28,2662.93,3330.02,0.0,0.0,965.56,2441.63,460.96,34.27,,,,22718.42,5.94
2018,France,1341.78,99.58259595,11382.56,24064.18,435.5,0.0,25.03,1519.14,159.12,254.11,215.93,,,,14126.17,1335.28
2018,French Polynesia,0.41,93.01302744,20.33,10.51,86.91,1.84,0.0,13.75,0.0,38.36,0.0,,,,126.38,105.09
2018,Gabon,16.03,98.83567307,642.51,673.36,311.03,212.16,0.0,715.93,18.5,0.0,0.0,,,,23639.07,352.22
2018,"Gambia, The",9.78,99.1060558,48.31,584.45,92.67,142.94,0.0,106.7,4.33,0.0,1.56,,,,128.42,9.3
2018,Georgia,78.44,92.47742293,944.67,1210.17,36.56,0.0,37.86,619.61,9.84,47.69,114.64,,,,3403.03,479.4
2018,Germany,1832.18,99.49950511,6485.81,14763.96,451.75,0.0,0.0,882.69,108.57,21.96,12.21,,,,10862.88,250.45
2018,Ghana,194.01,98.60206909,865.61,6213.84,725.66,26.8,0.0,3342.44,4.44,0.51,6.56,,,,9143.66,3528.89
2018,Gibraltar,0.32,100.0,0.06,0.02,0.02,0.0,0.0,0.07,0.01,0.0,0.0,,,,0.13,0.02
2018,Greece,155.03,99.89850307,1388.97,3171.74,363.87,0.0,0.0,3017.29,21.1,68.29,238.67,,,,3239.37,1607.28
2018,Greenland,0.0,0.0,6118.77,0.0,5544.16,0.0,175240.0,1015.41,104.35,26506.2,680.25,,,,130.91,0.0
2018,Grenada,0.62,100.0,1.75,0.17,1.45,0.16,0.0,0.14,0.0,0.0,0.0,,,,27.67,0.23
2018,Guadeloupe,4.46,101.5281345,12.71,39.9,5.53,3.25,0.0,2.84,3.53,0.05,0.02,,,,93.47,4.97
2018,Guam,0.01,112.1745281,48.45,0.45,1.92,0.0,0.0,0.14,0.0,0.02,0.0,,,,0.37,3.12
2018,Guatemala,64.73,101.998178,1202.52,982.63,134.85,36.25,0.0,743.63,19.86,0.0,2.3,,,,7020.54,764.27
2018,Guinea,36.37,97.23208564,789.01,2774.72,89.81,247.95,0.0,3364.12,1.09,0.0,1.74,,,,16412.34,735.75
2018,Guinea-Bissau,3.78,102.4604651,115.65,302.67,48.6,236.74,0.0,177.52,1.66,0.03,2.47,,,,1938.41,252.23
2018,Guyana,16.26,100.1780281,301.69,169.63,177.43,6.91,0.0,1139.75,146.1,2.7,3.81,,,,19336.71,11.31
2018,Haiti,32.21,104.918839,1487.1,295.23,42.97,13.21,0.0,45.75,293.73,7.4,0.02,,,,419.41,81.31
2018,Holy See,0.05,100.0,0.01,0.0,0.0,0.0,0.0,0.0,0.0,0.0,0.0,,,,0.01,0.0
2018,Honduras,38.06,99.54144718,1256.57,715.49,120.5,64.73,0.0,809.3,14.79,0.33,0.53,,,,7850.82,404.84
2018,Hungary,283.06,99.98636986,1067.3,5732.2,135.9,0.0,0.0,74.98,54.25,1.46,1.02,,,,1727.94,229.34
2018,Iceland,0.0,0.0,3605.18,0.0,333.07,0.0,1102.48,75.27,722.67,2331.25,2006.96,,,,36.53,0.0
2018,India,2131.87,99.38559269,25167.88,175477.97,5093.51,351.23,783.16,21268.16,707.69,525.89,1249.59,,,,49730.26,15010.86
2018,Indonesia,1268.79,99.4739647,10192.14,21025.15,3922.72,4094.69,0.0,7616.36,0.0,2107.68,0.0,,,,118456.38,21264.98
2018,"Iran, Islamic Rep. of",482.59,100.2159953,7297.04,23615.5,6292.51,1.17,0.0,6832.05,82.28,11581.72,106105.3,,,,3098.72,2814.58
2018,Iraq,189.35,98.4726454,934.91,7811.47,493.76,0.0,0.0,349.56,33.51,398.28,32647.46,,,,255.29,597.38
2018,Ireland,64.48,99.76376276,4729.99,450.73,200.98,0.0,0.0,169.27,856.1,23.96,23.95,,,,447.48,1.0
2018,Isle of Man,1.26,98.38337182,38.42,3.0,1.14,0.0,0.0,2.64,0.0,0.01,0.92,,,,6.51,3.0
2018,Israel,79.64,105.6440314,86.95,372.77,47.49,0.0,0.0,62.46,0.09,74.51,1175.34,,,,80.74,97.01
2018,Italy,994.16,100.3828331,3430.54,10491.65,413.54,0.0,42.31,1367.24,31.31,245.51,635.24,,,,8727.07,3803.09
2018,Jamaica,23.1,101.3828944,108.26,92.0,9.74,8.56,0.0,13.79,7.43,0.14,0.0,,,,788.24,52.13
2018,Japan,1802.27,100.4406929,1403.44,6754.6,944.92,2.96,0.0,895.61,80.38,3.76,3.16,,,,25087.7,453.35
2018,Jordan,41.74,99.57635566,42.5,357.84,46.98,0.0,0.0,8.31,0.06,182.47,8099.06,,,,17.76,140.29
2018,"Kazakhstan, Rep. of",323.96,101.8206005,88229.34,47807.13,17732.2,0.0,113.64,22150.64,1221.64,62649.7,33277.67,,,,10140.97,212.13
2018,Kenya,37.51,98.24593124,15193.28,10739.82,1247.37,17.79,0.0,20377.69,935.76,335.95,1828.4,,,,6807.51,1109.16
2018,Kiribati,0.02,100.0,2.8,2.74,84.16,0.05,0.0,0.29,0.0,9.33,0.0,,,,1.44,43.86
2018,"Korea, Dem. People's Rep. of",81.26,100.8414792,319.01,3536.66,212.92,0.0,0.0,128.83,6.21,22.26,15.41,,,,7544.36,392.96
2018,"Korea, Rep. of",257.11,98.8161601,342.19,3426.46,252.99,0.0,0.0,151.51,7.99,41.26,16.39,,,,4880.45,553.62
2018,Kuwait,30.37,100.5949938,6.27,18.66,5.46,0.0,0.0,3.51,10.39,10.98,1638.71,,,,6.87,13.99
2018,Kyrgyz Rep.,49.21,99.76895486,8457.43,3678.17,720.3,0.0,609.51,809.18,0.0,2117.74,1796.78,,,,1477.63,219.89
2018,Lao People's Dem. Rep.,11.72,100.5029778,1500.58,2919.58,228.45,0.0,0.0,7356.4,98.59,0.0,0.0,,,,10750.69,295.5
2018,Latin America and the Caribbean,,101.0592326,,,,,,,,,,267858.51,121857.54,1641932.34,,
2018,Latvia,26.56,98.87477034,730.53,1669.99,123.71,0.0,0.0,220.57,141.62,0.12,0.22,,,,3516.52,10.32
2018,Lebanon,23.9,101.0335772,60.97,250.52,2.24,0.0,0.0,219.93,0.0,119.57,42.7,,,,50.79,245.38
2018,"Lesotho, Kingdom of",7.74,100.6753943,1390.07,699.96,6.97,0.0,0.0,762.65,0.88,0.19,0.59,,,,180.32,6.52
2018,Liberia,18.72,99.67630506,411.69,3120.19,47.88,25.35,0.0,194.73,3.06,0.0,0.0,,,,4603.13,1248.08
2018,Libya,94.06,100.0660568,129.66,1723.08,51.86,0.0,0.0,199.67,23.93,3886.35,155705.51,,,,147.46,330.59
2018,Liechtenstein,0.81,100.0669344,3.87,0.61,0.07,0.0,0.0,0.64,0.02,0.04,0.17,,,,8.1,0.61
2018,Lithuania,58.2,98.98204811,632.21,3208.45,122.59,0.0,0.0,179.4,33.5,0.55,0.91,,,,2187.65,54.61
2018,Luxembourg,11.49,98.65401589,78.18,77.93,0.75,0.0,0.0,13.35,0.02,0.02,0.0,,,,78.82,1.96
2018,"Madagascar, Rep. of",36.43,100.0787872,21851.4,3633.78,465.39,169.14,0.0,9257.51,300.17,60.14,341.3,,,,22312.07,726.76
2018,Malawi,29.59,99.08242035,634.24,5358.73,2423.67,0.0,0.0,414.48,244.15,0.51,12.45,,,,2543.4,280.34
2018,Malaysia,307.56,105.1842479,1791.1,624.91,520.79,660.67,0.0,1476.5,0.0,26.74,0.0,,,,22143.72,5643.88
2018,Maldives,0.08,100.0,0.33,2.99,106.26,0.02,0.0,0.65,0.0,0.86,0.18,,,,0.42,1.15
2018,Mali,37.07,100.2060347,16393.07,21499.69,382.03,0.0,0.0,8689.45,309.68,5263.54,69223.07,,,,3619.93,414.84
2018,Malta,5.93,100.4937338,1.95,13.64,1.56,0.0,0.0,0.41,0.0,0.34,4.22,,,,1.65,1.97
2018,"Marshall Islands, Rep. of the",0.05,100.0,0.15,0.14,161.27,0.0,0.0,0.04,0.0,2.9,0.0,,,,0.13,1.78
2018,Martinique,3.81,108.3637734,4.26,8.86,3.08,1.82,0.0,3.19,0.15,0.0,0.0,,,,82.3,3.92
2018,"Mauritania, Islamic Rep. of",24.09,100.507122,11387.85,1757.75,63.04,3.63,0.0,766.99,182.96,5457.04,84433.5,,,,264.86,39.06
2018,Mauritius,9.74,100.4861532,17.0,106.89,5.89,0.92,0.0,13.14,0.02,0.03,0.09,,,,42.69,5.7
2018,Mayotte,0.21,87.78197044,1.95,0.15,2.42,2.04,0.0,2.98,0.01,0.0,0.0,,,,28.55,0.02
2018,Mexico,1211.49,99.25884112,18017.89,24368.88,1863.15,825.12,0.0,70719.71,69.39,61.47,2768.3,,,,72733.69,3314.9
2018,"Micronesia, Federated States of",3.12,100.0,0.9,1.75,48.84,27.2,0.0,0.25,0.0,0.4,0.0,,,,26.12,1.75
2018,Middle East and Central Asia,,100.2888539,,,,,,,,,,206300.22,1376449.31,433058.48,,
2018,"Moldova, Rep. of",158.52,99.75911277,181.94,2368.72,32.51,0.0,0.0,7.21,4.28,0.22,0.0,,,,293.78,330.02
2018,Monaco,0.2,100.0,0.07,0.21,0.0,0.0,0.0,0.03,0.0,0.0,0.0,,,,0.05,0.21
2018,Mongolia,50.39,98.66289491,33797.48,5833.5,1477.49,0.0,62.0,2818.22,370.89,34961.72,67579.95,,,,9417.67,21.97
2018,Montenegro,7.37,101.1044177,248.79,133.61,30.33,0.0,0.0,139.26,10.67,8.89,3.75,,,,717.68,78.42
2018,Montserrat,0.01,102.9249515,0.23,0.32,0.54,0.12,0.0,0.23,0.99,0.44,0.0,,,,7.11,0.32
2018,Morocco,160.02,99.53206965,1096.01,6634.6,85.67,0.0,0.0,2275.13,0.18,9745.13,18522.12,,,,1597.87,1414.12
2018,"Mozambique, Rep. of",58.22,99.84080844,3801.25,9380.0,1493.61,514.26,0.0,15521.43,1755.87,43.1,589.47,,,,45508.37,498.05
2018,Myanmar,102.79,98.83880971,4510.21,16311.03,1034.3,430.29,1.57,12643.73,64.96,3.16,2.39,,,,29711.43,2222.83
2018,Namibia,65.31,100.9400475,39657.12,2222.73,510.69,0.0,0.0,17692.59,128.79,2548.61,15037.75,,,,4759.31,30.56
2018,"Nauru, Rep. of",0.0,100.0,0.11,0.84,0.18,0.0,0.0,0.02,0.0,0.14,0.0,,,,0.03,0.84
2018,Nepal,26.95,98.66182534,3205.73,2871.47,30.57,0.0,488.22,525.36,2.29,10.75,189.15,,,,7161.36,288.0
2018,New Caledonia,3.12,100.9657899,63.05,163.01,26.64,59.51,0.0,111.62,0.0,108.63,0.0,,,,1230.62,101.85
2018,New Zealand,203.26,101.8167271,14186.08,445.13,685.67,22.17,108.45,2413.68,132.61,225.89,989.98,,,,7589.64,60.52
2018,Nicaragua,21.41,100.6562977,1407.14,1338.66,1034.62,95.78,0.0,978.24,38.47,0.34,2.8,,,,7735.79,263.63
2018,Niger,15.78,100.8590887,15410.11,7738.27,41.91,0.0,0.0,1297.39,203.46,14205.44,79107.31,,,,836.68,49.4
2018,Nigeria,545.33,99.50147132,7409.87,41600.15,973.43,855.26,0.0,10630.52,386.54,75.8,18.16,,,,21429.35,7538.74
2018,Niue,0.03,100.0,0.78,1.31,0.53,0.0,0.0,0.46,0.0,0.0,0.0,,,,19.7,3.66
2018,Norfolk Island,0.0,100.0,0.36,1.32,0.33,0.0,0.0,0.09,0.0,0.0,0.05,,,,0.42,1.32
2018,"North Macedonia, Republic of ",25.11,98.62345345,443.11,713.05,51.77,0.0,0.0,127.74,1.94,3.57,8.64,,,,1100.22,69.94
2018,Northern Mariana Islands,0.02,94.10740708,16.48,9.21,3.45,0.03,0.0,0.53,0.0,0.07,0.02,,,,7.49,10.36
2018,Norway,249.96,102.8920327,3668.58,1147.89,2266.58,0.0,3532.34,1672.14,2681.27,6316.47,3598.34,,,,13467.0,4.39
2018,Oceania,,99.97555171,,,,,,,,,,55828.31,310737.88,485940.58,,
2018,Oman,39.74,111.3498302,20.25,198.47,38.54,0.0,0.0,57.08,3.22,1837.09,28674.53,,,,44.42,83.44
2018,Pakistan,337.88,99.93950544,18945.29,24143.0,546.86,8.42,210.93,6869.13,379.31,2854.83,21823.67,,,,2430.42,614.42
2018,"Palau, Rep. of",0.05,101.6129032,2.12,0.58,4.89,4.06,0.0,1.96,0.0,0.09,0.0,,,,27.7,3.85
2018,Panama,27.76,104.6458611,436.23,1047.08,129.8,136.58,0.0,393.22,7.62,0.62,4.49,,,,5106.31,220.54
2018,Papua New Guinea,21.22,97.76651738,984.38,957.1,725.0,658.67,0.0,699.29,0.0,433.36,1.02,,,,39649.17,2566.77
2018,Paraguay,54.59,101.8801664,3290.61,6319.57,383.29,0.0,0.0,10383.58,3068.52,2.67,0.57,,,,16497.55,117.47
2018,Peru,205.54,93.78563548,16676.64,2085.1,1520.32,4.71,299.99,9968.59,392.37,6139.09,9363.83,,,,82083.19,1139.34
2018,Philippines,176.27,99.40486189,2142.57,6486.11,851.32,591.44,0.0,1416.66,0.0,156.59,0.0,,,,11556.17,6408.37
2018,Pitcairn Islands,0.0,100.0,0.21,1.96,0.44,0.0,0.0,0.0,0.0,0.36,0.0,,,,0.0,1.96
2018,"Poland, Rep. of",574.27,99.89474561,3032.47,16224.43,455.49,0.0,0.0,584.3,90.87,8.98,2.67,,,,9651.99,520.23
2018,Portugal,202.57,93.70153308,1138.76,1765.23,98.46,0.0,0.0,1334.81,14.52,10.0,29.21,,,,2853.23,1440.41
2018,Puerto Rico,92.66,104.2032446,73.26,68.44,20.13,6.14,0.0,8.56,14.71,0.0,0.05,,,,597.37,21.81
2018,Qatar,37.67,100.3852347,6.41,22.13,13.63,0.0,0.0,5.13,0.0,17.02,1044.76,,,,9.64,3.16
2018,Romania,657.7,99.90006629,2623.16,11413.31,288.91,0.0,0.0,185.59,300.65,7.66,6.69,,,,7745.11,578.16
2018,Russian Federation,2572.27,100.1843721,159452.73,157402.8,60037.3,0.0,5309.06,130692.7,82583.8,115823.15,32010.84,,,,945434.89,2319.98
2018,Rwanda,10.86,97.10756943,138.89,1302.18,161.51,0.0,0.0,223.38,81.25,0.02,0.01,,,,310.29,326.86
2018,Réunion,9.41,102.2622849,26.54,71.08,3.88,0.6,0.0,15.54,0.05,0.0,4.03,,,,114.77,6.11
2018,Saint Helena,1.42,100.0,9.39,0.9,2.08,0.0,0.0,1.25,0.0,18.45,3.18,,,,2.57,0.9
2018,Saint Pierre and Miquelon,0.18,100.0424088,0.61,0.0,3.15,0.0,0.0,9.97,4.79,0.09,0.29,,,,4.5,0.0
2018,Samoa,0.03,51.0814708,28.07,28.31,3.42,0.64,0.0,22.51,0.0,0.02,0.0,,,,122.54,80.23
2018,"San Marino, Rep. of",0.64,100.0,0.43,3.63,0.0,0.0,0.0,0.08,0.0,0.0,0.25,,,,0.49,0.58
2018,Saudi Arabia,289.25,100.4575627,179.67,2474.22,161.38,3.12,0.0,420.34,8.98,7518.21,182101.76,,,,133.08,119.38
2018,Senegal,44.87,99.63706849,2175.26,5397.62,316.67,194.98,0.0,7057.46,354.91,38.29,7.64,,,,4018.55,114.41
2018,"Serbia, Rep. of",118.67,100.1009697,742.01,4129.26,72.63,0.0,0.0,187.05,11.28,3.83,7.25,,,,3249.88,327.72
2018,Seychelles,0.13,100.0,3.09,1.69,11.06,7.46,0.0,2.07,0.0,0.22,0.67,,,,7.24,15.81
2018,Sierra Leone,20.46,99.94788204,579.06,3288.39,47.73,235.94,0.0,458.85,18.48,0.0,4.56,,,,2207.82,342.54
2018,Singapore,22.03,99.70588235,4.77,11.87,4.91,3.2,0.0,1.08,0.0,0.08,0.0,,,,9.82,2.12
2018,Slovak Rep.,149.04,100.2829598,399.71,1922.19,31.92,0.0,0.0,101.8,2.47,1.85,3.53,,,,2266.95,24.24
2018,"Slovenia, Rep. of",30.66,99.62651961,173.32,366.8,4.32,0.0,0.0,100.01,1.98,3.0,8.26,,,,1234.66,108.9
2018,Solomon Islands,0.91,115.4942301,5.89,8.78,97.24,136.79,0.0,4.7,0.0,0.22,0.0,,,,2553.6,33.96
2018,Somalia,39.41,99.1802549,7357.98,5043.97,86.09,1.36,0.0,37195.19,60.03,5968.24,5299.89,,,,2571.63,119.22
2018,South Africa,621.41,100.7490461,24433.3,13034.99,551.8,47.86,0.0,64822.07,265.68,9169.54,680.31,,,,8393.8,448.62
2018,"South Sudan, Rep. of",10.69,100.00938,3062.18,2251.14,197.85,0.0,0.0,28632.1,3724.92,3.01,25.96,,,,25406.75,76.08
2018,Spain,597.8,99.06685454,7367.69,15599.74,441.77,0.0,0.0,6176.37,50.28,955.26,486.8,,,,12542.62,6413.7
2018,Sri Lanka,87.26,99.88686034,497.12,1559.24,185.77,20.74,0.0,1328.87,0.02,7.55,1.54,,,,1829.2,1136.8
2018,St. Kitts and Nevis,0.55,102.1825397,2.7,4.6,1.36,0.18,0.0,0.55,0.13,0.0,0.0,,,,16.24,0.09
2018,St. Lucia,0.77,100.6993007,1.01,0.67,1.38,0.64,0.0,0.81,0.09,0.05,0.0,,,,53.54,1.73
2018,St. Vincent and the Grenadines,0.62,100.0,1.8,0.77,12.2,0.54,0.0,0.7,0.07,0.0,0.73,,,,33.96,1.16
2018,Sub-Saharan Africa,,99.41443494,,,,,,,,,,297566.16,288478.26,1482622.39,,
2018,Sudan,123.01,100.1504862,24203.89,31353.61,487.17,24.89,0.0,15904.32,260.69,7368.45,97000.51,,,,8361.44,322.57
2018,Suriname,11.54,99.89381843,61.9,54.23,210.42,63.55,0.0,146.53,108.48,0.0,0.0,,,,13944.66,5.25
2018,Sweden,144.94,105.3488296,2432.47,3627.98,3852.72,0.0,23.79,1490.6,3401.35,1369.59,267.37,,,,28133.31,4.64
2018,Switzerland,135.36,99.65768739,1313.76,510.95,143.67,0.0,97.64,167.22,1.83,114.33,256.42,,,,1350.94,32.37
2018,Syrian Arab Rep.,128.77,100.0082219,485.01,4047.65,126.86,0.0,0.0,235.11,0.64,833.92,11803.09,,,,265.81,925.46
2018,"São Tomé and Príncipe, Dem. Rep. of",0.92,94.82758621,1.07,0.73,2.4,1.09,0.0,0.55,0.02,0.04,0.0,,,,86.5,6.73
2018,Taiwan Province of China,151.91,101.062908,105.28,734.02,62.24,26.74,0.0,32.42,37.67,4.5,0.0,,,,2233.2,240.28
2018,"Tajikistan, Rep. of",46.24,94.76023027,6568.48,2017.96,138.93,0.0,1085.06,654.41,5.81,561.46,2396.0,,,,272.34,474.08
2018,"Tanzania, United Rep. of",80.64,99.12973593,5342.03,20838.5,6072.99,63.63,0.0,16850.17,4511.09,94.8,250.01,,,,37374.83,3104.75
2018,Thailand,329.12,98.74253979,4085.25,22535.9,884.85,360.28,0.0,5187.81,14.35,31.14,0.11,,,,11277.19,7132.6
2018,"Timor-Leste, Dem. Rep. of",6.17,98.00977798,163.86,483.66,13.14,9.45,0.0,119.79,0.0,3.21,0.0,,,,359.38,340.02
2018,Togo,26.31,98.42953863,244.18,2140.24,21.37,0.28,0.0,757.62,1.2,0.02,0.05,,,,2386.17,137.3
2018,Tokelau,0.0,0.0,0.0,0.0,1.58,0.0,0.0,0.0,0.0,0.0,0.0,,,,0.0,0.0
2018,Tonga,0.07,100.0,4.03,14.8,9.32,1.04,0.0,2.6,0.0,0.16,0.0,,,,29.94,8.14
2018,Trinidad and Tobago,15.1,101.4374514,26.1,37.12,7.14,2.4,0.0,15.26,1.36,0.08,0.0,,,,380.01,32.67
2018,Tunisia,93.94,99.43838944,281.36,2289.55,139.25,0.0,0.0,133.48,0.5,1448.32,8796.82,,,,330.98,2121.41
2018,Turkmenistan,53.05,100.3141577,1429.92,4116.68,9047.93,0.0,0.0,6750.53,1.66,1282.41,32685.28,,,,86.56,127.32
2018,Turks and Caicos Islands,0.28,100.0,7.62,0.84,6.39,3.17,0.0,1.01,16.47,0.04,0.0,,,,16.59,0.84
2018,Tuvalu,0.01,100.0,0.1,0.45,3.47,0.0,0.0,0.05,0.0,0.09,0.0,,,,0.08,0.45
2018,"Türkiye, Rep. of",666.32,98.29085302,14213.17,29940.87,1418.17,0.0,0.0,6986.67,207.8,3162.26,1450.44,,,,14938.79,5247.96
2018,Uganda,45.08,99.30815178,1647.13,7807.08,3741.92,0.0,0.0,2523.44,374.35,0.05,0.36,,,,5678.75,2489.22
2018,Ukraine,1888.37,99.90814465,4227.04,41374.25,1463.58,0.0,0.0,420.29,50.94,36.9,22.87,,,,9427.0,1085.65
2018,United Arab Emirates,204.42,100.3297609,39.92,124.17,18.21,1.57,0.0,4.72,0.88,326.01,6262.9,,,,51.76,115.66
2018,United Kingdom,993.67,99.57705942,11540.3,6441.52,461.35,0.0,0.0,766.34,1293.34,510.04,55.6,,,,2265.91,49.25
2018,United States,10819.27,100.5663304,199680.67,151992.55,19149.4,189.85,6536.75,200999.15,7632.6,19394.09,18406.66,,,,295284.35,2601.67
2018,United States Virgin Islands,5.17,121.366598,3.11,4.02,3.88,0.78,0.0,0.18,1.67,0.0,0.0,,,,16.36,0.89
2018,Uruguay,44.92,99.01008946,11517.37,2683.45,451.63,0.0,0.0,658.52,275.79,1.19,3.43,,,,2145.7,48.64
2018,"Uzbekistan, Rep. of",312.08,99.4597147,3333.57,7448.16,872.71,0.0,37.42,4404.17,67.55,2665.89,24913.16,,,,269.11,737.44
2018,Vanuatu,0.28,100.5474453,9.58,5.23,29.41,19.28,0.0,7.45,0.0,0.68,2.33,,,,1122.91,32.66
2018,"Venezuela, Rep. Bolivariana de",247.04,100.2617178,18058.42,7990.16,1434.91,310.84,0.05,7669.07,2038.43,561.75,104.35,,,,51244.52,2151.2
2018,Vietnam,274.85,98.57017128,2111.6,7732.87,763.97,203.17,0.0,5917.25,66.89,6.12,18.6,,,,10792.01,5056.99
2018,Wallis and Futuna Islands,0.03,100.0,1.1,0.72,3.76,0.0,0.0,0.86,0.0,0.0,0.0,,,,4.49,3.6
2018,West Bank and Gaza,29.18,98.58250721,40.03,84.62,19.11,0.0,0.0,30.62,0.0,115.85,117.51,,,,35.31,151.96
2018,Western Sahara,1.83,100.9559855,0.61,3.45,7.67,0.0,0.0,0.0,0.0,19.72,26942.52,,,,0.37,3.45
2018,"Yemen, Rep. of",31.66,101.6063021,163.17,1618.68,104.08,0.16,0.0,1608.78,0.89,5243.66,35970.17,,,,470.21,395.31
2018,Zambia,65.77,99.51163833,3232.67,8234.98,1405.94,0.0,0.0,12375.39,2854.82,0.0,4.25,,,,47305.98,84.52
2018,Zimbabwe,51.84,99.06343173,2409.02,13220.84,447.39,0.0,0.0,11032.38,27.91,18.34,90.63,,,,11645.81,330.52
2019,"Afghanistan, Islamic Rep. of",73.46,98.49139135,24677.64,5709.3,64.61,0.0,317.57,3122.33,7.06,4229.92,24802.26,,,,1181.81,162.75
2019,Africa,,99.55216351,,,,,,,,,,359769.46,1002653.06,1611957.7,,
2019,Albania,22.82,97.02946517,385.37,994.87,57.94,0.0,0.0,314.42,6.48,32.88,47.63,,,,867.78,140.26
2019,Algeria,226.98,100.1744129,827.04,8770.18,154.08,0.0,0.0,2035.46,2.21,8462.6,208482.59,,,,1630.56,1140.12
2019,American Samoa,0.01,100.0,1.48,2.6,1.36,0.16,0.0,1.05,0.0,0.02,0.0,,,,8.21,5.17
2019,Americas,,100.9338624,,,,,,,,,,484721.65,305549.02,3157279.39,,
2019,"Andorra, Principality of",0.35,136.3636364,11.95,0.4,0.0,0.0,0.0,0.84,0.0,5.44,2.36,,,,26.44,0.0
2019,Angola,99.2,102.4634731,17154.42,5742.21,235.62,22.65,0.0,23042.18,744.03,47.61,3038.14,,,,74958.54,339.41
2019,Anguilla,0.08,100.0,4.71,0.04,1.22,0.05,0.0,0.12,0.88,0.0,0.02,,,,0.86,0.04
2019,Antigua and Barbuda,1.06,103.4146341,15.12,1.06,6.7,0.47,0.0,0.99,3.7,0.02,0.0,,,,16.66,0.26
2019,Argentina,548.93,99.79782775,15198.77,53379.9,4118.98,0.0,685.92,98563.02,9202.93,47374.95,12351.7,,,,35814.61,1397.0
2019,"Armenia, Rep. of",52.93,98.54508539,686.84,821.7,133.15,0.0,0.0,438.79,1.21,39.09,36.83,,,,644.35,110.84
2019,"Aruba, Kingdom of the Netherlands",2.42,136.605362,1.97,0.57,0.77,0.02,0.0,9.87,0.22,1.04,0.0,,,,0.59,0.57
2019,Asia,,98.60246633,,,,,,,,,,667095.1,963105.68,1490269.7,,
2019,Australia,931.06,99.96385897,139535.67,52964.87,1434.01,2600.17,0.0,179879.95,10058.4,274191.0,33148.4,,,,76614.0,601.15
2019,Austria,176.98,99.71972516,1624.8,1658.91,71.06,0.0,34.13,342.26,12.73,116.77,200.65,,,,4070.19,83.69
2019,"Azerbaijan, Rep. of",117.46,99.2297488,970.14,3522.64,7998.38,0.0,0.0,985.02,4.36,831.99,388.47,,,,1240.5,437.47
2019,"Bahamas, The",9.55,103.3806957,164.49,11.55,269.14,79.71,0.0,44.52,246.9,3.37,0.49,,,,419.92,4.33
2019,"Bahrain, Kingdom of",17.68,109.695122,2.39,0.31,3.77,0.01,0.0,0.21,0.09,2.14,37.05,,,,3.64,0.3
2019,Bangladesh,83.08,97.75500196,905.99,8368.54,1161.59,420.44,0.0,802.16,36.0,1.47,34.69,,,,854.17,1370.77
2019,Barbados,5.51,98.86388321,3.86,21.57,0.9,0.0,0.0,1.39,0.06,0.02,0.0,,,,7.31,3.08
2019,"Belarus, Rep. of",144.87,98.1664412,1216.43,9621.39,226.86,0.0,0.0,438.56,42.49,0.82,0.11,,,,8845.48,180.2
2019,Belgium,261.08,99.81508431,625.41,1350.33,16.36,0.0,0.0,98.68,10.46,0.35,0.6,,,,662.72,37.29
2019,Belize,2.64,105.0414472,104.18,115.3,64.57,47.8,0.0,120.82,11.05,0.0,0.67,,,,1689.35,40.1
2019,Benin,42.02,100.5764124,415.08,3090.02,22.52,6.95,0.0,2954.55,2.84,0.02,0.22,,,,4400.16,662.15
2019,Bermuda,0.19,100.0,0.04,0.08,3.05,0.0,0.0,0.01,0.74,1.99,0.0,,,,0.05,0.08
2019,Bhutan,0.24,102.1135253,539.91,64.01,1.13,0.0,104.63,104.5,0.11,4.78,6.46,,,,2952.08,4.09
2019,Bolivia,106.39,102.4673604,12022.17,5564.33,1293.52,0.0,85.8,12918.59,2820.36,7339.43,8445.48,,,,58164.78,296.85
2019,Bosnia and Herzegovina,35.37,100.762969,714.96,1170.71,24.51,0.0,0.0,264.1,6.25,3.28,1.33,,,,2773.1,122.26
2019,Botswana,49.83,99.87890359,3542.86,2911.16,64.2,0.0,0.0,45058.97,754.24,53.9,898.48,,,,4780.9,22.39
2019,Brazil,2035.8,101.7051829,69630.95,145922.98,13340.1,622.51,0.0,148733.84,14007.4,164.36,372.43,,,,439106.23,19853.09
2019,British Virgin Islands,1.38,100.0,1.46,0.02,3.1,1.29,0.0,0.03,2.19,0.03,0.0,,,,5.83,0.02
2019,Brunei Darussalam,7.64,103.4626536,10.12,17.77,8.53,19.35,0.0,7.09,0.0,0.22,0.0,,,,496.71,26.65
2019,Bulgaria,173.29,99.09647401,747.9,5196.55,126.25,0.0,0.0,334.29,10.22,13.26,55.93,,,,4250.78,228.73
2019,Burkina Faso,45.74,98.03427749,5789.92,15221.19,102.85,0.0,0.0,2887.93,26.21,162.17,121.07,,,,1567.47,1571.32
2019,Burundi,8.93,100.5808105,479.73,1117.71,199.48,0.0,0.0,300.75,23.41,0.0,0.0,,,,251.82,321.71
2019,Cabo Verde,2.33,99.09214707,53.56,19.5,36.23,0.0,0.0,142.55,2.89,6.52,134.68,,,,9.18,1.56
2019,Cambodia,28.52,95.70312003,1285.03,6431.57,433.61,42.66,0.0,1706.6,660.85,0.36,2.23,,,,7043.53,617.71
2019,Cameroon,60.61,99.70727865,1765.26,4790.33,356.12,254.46,0.0,2330.28,175.59,0.0,1.35,,,,35911.62,1197.58
2019,Canada,938.68,100.3607927,160353.64,52539.42,103930.0,0.0,18314.8,57208.48,8123.65,106000.97,39878.36,,,,435580.12,227.03
2019,Cayman Islands,1.08,101.6605124,0.7,0.8,2.77,8.35,0.0,0.31,0.52,0.04,0.0,,,,9.55,2.01
2019,Central African Rep.,13.15,104.7842883,5081.25,933.45,92.76,0.0,0.0,4863.92,30.35,0.0,0.75,,,,51287.53,61.71
2019,Chad,25.54,100.7473219,14870.99,18853.81,370.65,0.0,0.0,14228.3,681.87,8859.4,63026.55,,,,6179.29,135.18
2019,Chile,217.06,103.4420282,5207.76,2375.0,2765.88,0.0,2797.08,14591.3,31.25,12836.87,12881.3,,,,20896.83,896.06
2019,"China, P.R.: Hong Kong",15.07,100.3180915,7.64,10.16,13.53,2.44,0.0,5.87,0.27,0.05,0.0,,,,50.63,3.39
2019,"China, P.R.: Macao",0.6,100.5947004,0.14,0.23,0.09,0.01,0.0,0.02,0.1,0.0,0.0,,,,0.2,0.23
2019,"China, P.R.: Mainland",10614.52,96.84607297,288376.69,184870.34,12616.3,206.22,6286.23,23323.56,3245.31,23963.71,165288.1,,,,185975.3,31669.22
2019,Colombia,206.68,111.4160505,16890.13,4595.06,1373.62,374.99,6.7,7378.44,2473.77,540.93,26.32,,,,75211.6,5448.84
2019,"Comoros, Union of the",1.91,104.1062671,14.89,7.71,4.13,0.64,0.0,21.56,0.0,0.0,0.0,,,,108.47,6.29
2019,"Congo, Dem. Rep. of the",173.05,102.0950148,7152.63,20531.92,4333.94,260.77,0.0,7510.8,4925.43,2.75,38.04,,,,186607.45,2926.7
2019,"Congo, Rep. of",25.66,97.78612596,1924.23,2352.53,292.76,76.57,0.0,2127.89,84.98,0.0,0.43,,,,27048.41,355.02
2019,Cook Islands,0.01,100.0,1.27,1.76,3.52,0.0,0.0,0.86,0.08,1.23,0.0,,,,10.91,4.92
2019,Costa Rica,32.48,95.96545501,286.44,265.32,42.83,36.35,0.0,247.03,3.37,0.0,2.33,,,,3847.53,363.58
2019,"Croatia, Rep. of",71.31,100.505336,563.28,1991.16,89.96,0.0,0.0,274.5,29.17,30.61,8.88,,,,2419.54,179.03
2019,Cuba,64.13,95.47234272,1244.44,3297.61,401.62,405.76,0.0,433.67,196.98,0.95,1.77,,,,4312.66,740.33
2019,Cyprus,29.06,98.96225339,89.06,231.28,17.0,0.0,0.0,115.08,0.6,133.28,68.95,,,,184.73,65.68
2019,Czech Rep.,262.32,99.65651016,998.85,3503.56,59.05,0.0,0.0,250.57,8.17,4.85,0.38,,,,2721.29,66.77
2019,Côte d'Ivoire,130.52,89.81827688,1317.1,4995.1,286.58,12.63,0.0,3206.83,2.49,0.0,0.0,,,,13115.12,9319.44
2019,Denmark,127.75,99.27601353,519.88,2821.79,271.83,0.0,0.0,97.85,56.98,0.93,2.14,,,,508.39,27.5
2019,Djibouti,1.6,118.7301587,76.29,2.14,23.42,0.83,0.0,24.81,93.88,66.81,1887.42,,,,2.15,0.96
2019,Dominica,0.27,100.0132926,0.2,0.04,1.28,3.15,0.0,0.03,0.0,0.26,0.0,,,,69.9,0.1
2019,Dominican Rep.,58.66,100.1113224,767.25,863.76,61.94,19.88,0.0,150.56,199.92,2.19,0.38,,,,2359.58,349.64
2019,Ecuador,118.97,97.95680675,1779.12,963.98,321.57,214.63,12.45,2980.95,111.91,34.68,354.14,,,,17467.7,1403.56
2019,"Egypt, Arab Rep. of",247.66,108.9622874,281.04,3802.85,805.95,1.92,0.0,78.61,1099.41,1180.12,90424.31,,,,56.14,830.51
2019,El Salvador,24.44,103.4229714,52.52,329.42,46.91,43.88,0.0,42.43,1.68,0.01,1.33,,,,1469.91,73.1
2019,Emerging and Developing Countries Asia excluding China,,98.8838572,,,,,,,,,,284129.35,106917.65,603924.42,,
2019,Emerging and Developing Countries Europe,,99.95569639,,,,,,,,,,296235.28,152929.76,1508629.45,,
2019,Emerging and Developing Economies,,99.50768089,,,,,,,,,,1547969.93,2234808.55,6222545.63,,
2019,"Equatorial Guinea, Rep. of",4.78,94.40680629,26.41,110.15,17.91,40.6,0.0,14.03,0.69,0.0,0.0,,,,2404.85,97.68
2019,"Eritrea, The State of",13.4,97.77145857,2552.67,1658.2,58.76,8.65,0.0,1709.92,23.28,945.92,4722.34,,,,478.63,4.81
2019,"Estonia, Rep. of",22.59,98.94575749,402.51,979.99,239.67,0.0,0.0,155.57,203.11,2.35,1.35,,,,2503.88,9.94
2019,"Eswatini, Kingdom of",3.47,99.16356688,273.88,529.21,6.97,0.0,0.0,197.73,8.22,0.28,26.11,,,,636.68,53.82
2019,"Ethiopia, The Federal Dem. Rep. of",78.98,95.61843915,11778.02,17454.91,767.22,0.0,0.0,48551.19,274.46,345.58,7096.8,,,,25123.31,2153.84
2019,Europe,,100.0909877,,,,,,,,,,375917.65,169273.55,1738964.64,,
2019,Falkland Islands (Malvinas),0.01,80.00066298,1029.66,0.03,62.4,0.0,0.0,36.11,0.1,11.05,8.32,,,,58.97,0.03
2019,Faroe Islands,0.0,103.1421758,97.89,1.31,5.89,0.0,0.0,12.06,2.46,6.78,0.52,,,,10.6,1.31
2019,"Fiji, Rep. of",2.49,113.0370773,67.89,215.16,60.92,41.53,0.0,44.2,0.0,6.66,0.0,,,,1217.99,181.66
2019,Finland,45.33,108.4993787,921.04,2715.92,3330.88,0.0,0.0,1012.49,2545.68,471.61,39.06,,,,22461.22,6.05
2019,France,1345.11,99.37185422,11406.75,24007.08,435.57,0.0,25.03,1539.05,157.68,255.17,215.86,,,,14128.73,1342.76
2019,French Polynesia,0.41,93.01302744,20.33,10.51,86.91,1.84,0.0,13.75,0.0,38.36,0.0,,,,126.38,105.09
2019,Gabon,16.14,98.83567307,639.13,673.25,311.09,212.11,0.0,709.15,18.58,0.0,0.0,,,,23649.2,352.16
2019,"Gambia, The",10.84,98.82753215,48.24,581.72,92.69,142.81,0.0,103.23,4.33,0.0,1.57,,,,133.78,9.25
2019,Georgia,78.46,91.70392485,944.95,1199.37,36.58,0.0,37.86,620.48,9.84,47.78,114.68,,,,3401.21,490.69
2019,Germany,1834.39,99.31004381,6480.97,14730.13,452.05,0.0,0.0,900.21,108.52,22.31,12.23,,,,10880.11,251.5
2019,Ghana,197.93,98.17325473,862.77,6182.05,723.57,28.39,0.0,3226.62,4.38,0.51,7.98,,,,9285.62,3532.59
2019,Gibraltar,0.32,100.0,0.06,0.02,0.02,0.0,0.0,0.07,0.01,0.0,0.0,,,,0.13,0.02
2019,Greece,155.17,99.58688044,1391.11,3161.22,364.04,0.0,0.0,3014.0,21.09,68.34,238.38,,,,3244.63,1613.62
2019,Greenland,0.06,100.0,6118.77,0.0,5544.14,0.0,175240.0,1015.41,104.35,26506.1,680.25,,,,130.92,0.0
2019,Grenada,0.62,100.0,1.75,0.17,1.45,0.16,0.0,0.14,0.0,0.0,0.0,,,,27.67,0.23
2019,Guadeloupe,4.47,101.2992613,12.71,39.79,5.53,3.25,0.0,2.85,3.53,0.05,0.02,,,,93.44,5.09
2019,Guam,0.01,112.1745281,48.45,0.45,1.92,0.0,0.0,0.14,0.0,0.02,0.0,,,,0.37,3.12
2019,Guatemala,65.88,102.6829886,1199.99,988.51,134.87,36.12,0.0,746.6,20.7,0.0,2.33,,,,7016.21,760.35
2019,Guinea,37.25,97.54396961,797.77,2782.85,90.25,246.15,0.0,3319.61,1.09,0.0,1.84,,,,16430.95,745.08
2019,Guinea-Bissau,3.82,103.4233828,116.93,305.51,48.57,232.61,0.0,180.34,1.71,0.03,2.55,,,,1933.1,254.59
2019,Guyana,16.39,100.177746,303.31,169.5,177.64,6.82,0.0,1139.97,145.11,2.71,3.81,,,,19335.8,11.3
2019,Haiti,32.65,103.1601041,1486.61,289.3,42.97,13.21,0.0,46.24,293.13,7.38,0.02,,,,420.03,86.79
2019,Holy See,0.05,100.0,0.01,0.0,0.0,0.0,0.0,0.0,0.0,0.0,0.0,,,,0.01,0.0
2019,Honduras,38.58,100.1793853,1274.24,719.8,120.11,64.82,0.0,833.34,14.93,0.39,0.67,,,,7801.81,407.28
2019,Hungary,283.43,99.9633137,1067.81,5730.43,135.91,0.0,0.0,76.68,54.46,1.46,1.0,,,,1729.26,226.99
2019,Iceland,3.16,100.0,3604.01,0.0,333.07,0.0,1102.48,75.27,722.64,2328.67,2006.96,,,,37.16,0.0
2019,India,2201.78,99.18379405,25180.7,175047.15,5106.54,351.41,783.16,21362.81,707.58,528.97,1250.2,,,,49992.81,14984.49
2019,Indonesia,1275.74,99.53437921,10244.05,21031.74,3919.96,4089.63,0.0,7662.08,0.0,2132.18,0.0,,,,118161.93,21431.58
2019,"Iran, Islamic Rep. of",518.22,100.1999491,7348.29,23575.98,6299.79,1.17,0.0,6831.41,82.28,11717.99,105866.83,,,,3107.17,2854.11
2019,Iraq,208.51,98.83489715,939.03,7821.75,508.96,0.0,0.0,349.55,33.48,423.05,32537.54,,,,259.5,629.64
2019,Ireland,64.59,99.76598548,4727.24,450.63,200.98,0.0,0.0,170.14,853.99,24.02,24.03,,,,451.28,1.02
2019,Isle of Man,1.26,97.01474057,38.49,2.94,1.14,0.0,0.0,2.64,0.0,0.01,0.93,,,,6.54,2.94
2019,Israel,80.38,105.3778255,86.96,370.89,47.49,0.0,0.0,62.46,0.09,75.37,1173.62,,,,81.23,98.51
2019,Italy,994.37,101.1581678,3436.3,10580.15,414.25,0.0,42.31,1372.77,31.31,245.56,635.62,,,,8733.73,3695.28
2019,Jamaica,23.22,101.9730468,108.89,92.55,9.74,8.56,0.0,14.04,7.42,0.14,0.0,,,,786.39,52.44
2019,Japan,1808.83,100.5267326,1405.41,6755.37,944.92,2.96,0.0,897.21,80.21,3.68,3.18,,,,25083.19,447.19
2019,Jordan,44.37,101.5051834,43.6,362.95,46.98,0.0,0.0,8.27,0.06,187.93,8089.91,,,,18.27,134.67
2019,"Kazakhstan, Rep. of",355.37,102.3920214,87859.02,48045.83,17910.9,0.0,113.64,22263.73,1219.99,62983.6,32610.13,,,,10280.91,215.88
2019,Kenya,38.95,97.88966203,15071.26,10699.3,1247.4,17.83,0.0,20314.53,930.19,346.19,1825.8,,,,7013.53,1125.27
2019,Kiribati,0.02,100.0,2.8,2.74,84.16,0.05,0.0,0.29,0.0,9.33,0.0,,,,1.44,43.86
2019,"Korea, Dem. People's Rep. of",88.35,101.5271495,322.17,3554.17,212.9,0.0,0.0,130.45,7.22,21.61,15.03,,,,7520.82,387.16
2019,"Korea, Rep. of",273.25,99.19886998,341.45,3424.59,253.43,0.0,0.0,150.47,8.02,38.42,15.0,,,,4880.53,544.82
2019,Kuwait,32.89,105.7031284,6.6,18.63,5.46,0.0,0.0,3.3,10.39,10.95,1635.66,,,,7.37,13.97
2019,Kyrgyz Rep.,50.44,99.68281669,8430.28,3673.72,720.33,0.0,609.51,812.26,0.0,2118.97,1795.58,,,,1506.15,218.59
2019,Lao People's Dem. Rep.,11.74,101.0137977,1508.77,2934.46,228.55,0.0,0.0,7333.65,99.17,0.0,0.0,,,,10741.45,303.73
2019,Latin America and the Caribbean,,101.1066639,,,,,,,,,,267984.21,121779.62,1641884.43,,
2019,Latvia,26.62,98.68069826,733.09,1666.6,123.71,0.0,0.0,223.23,142.33,0.12,0.22,,,,3512.87,11.37
2019,Lebanon,23.92,99.82597522,60.97,247.22,2.24,0.0,0.0,219.64,0.0,119.82,42.53,,,,51.16,248.5
2019,"Lesotho, Kingdom of",7.92,101.0672629,1378.76,702.53,6.97,0.0,0.0,770.72,0.88,0.19,0.59,,,,180.76,6.55
2019,Liberia,18.82,99.70859215,411.94,3121.11,47.88,25.31,0.0,195.0,3.14,0.0,0.0,,,,4601.2,1248.44
2019,Libya,96.45,100.1645851,129.93,1722.48,51.86,0.0,0.0,199.87,23.93,3898.98,155690.24,,,,148.02,330.48
2019,Liechtenstein,0.81,100.0,3.91,0.61,0.07,0.0,0.0,0.67,0.02,0.04,0.17,,,,8.04,0.61
2019,Lithuania,58.51,99.01901506,633.19,3209.36,122.6,0.0,0.0,180.87,33.97,0.55,0.91,,,,2187.18,50.93
2019,Luxembourg,11.54,98.47749338,77.97,77.72,0.75,0.0,0.0,13.36,0.02,0.02,0.0,,,,79.19,1.95
2019,"Madagascar, Rep. of",36.78,100.115597,21840.44,3634.77,464.39,169.26,0.0,9273.63,301.31,60.17,341.62,,,,22304.61,726.95
2019,Malawi,31.34,99.02825759,630.74,5354.03,2423.62,0.0,0.0,414.03,244.25,0.54,12.45,,,,2554.43,276.12
2019,Malaysia,309.42,106.0708058,1810.82,630.91,522.26,659.56,0.0,1494.19,0.0,28.29,0.0,,,,22042.42,5698.02
2019,Maldives,0.08,100.0,0.33,2.99,106.26,0.02,0.0,0.65,0.0,0.86,0.18,,,,0.42,1.15
2019,Mali,41.44,100.8512325,16458.84,21634.02,381.86,0.0,0.0,8406.95,309.75,5618.28,68847.24,,,,3726.65,407.52
2019,Malta,5.93,100.4937338,1.95,13.64,1.56,0.0,0.0,0.41,0.0,0.34,4.22,,,,1.65,1.97
2019,"Marshall Islands, Rep. of the",0.05,100.0,0.15,0.14,161.27,0.0,0.0,0.04,0.0,2.9,0.0,,,,0.13,1.78
2019,Martinique,3.81,110.6073567,4.51,9.12,3.08,1.82,0.0,3.44,0.15,0.0,0.0,,,,81.51,3.93
2019,"Mauritania, Islamic Rep. of",28.9,101.4609148,11209.79,1769.85,63.27,3.82,0.0,770.74,179.69,5660.53,84377.26,,,,277.63,39.33
2019,Mauritius,9.74,100.8221696,17.1,107.28,5.89,0.92,0.0,13.24,0.02,0.03,0.09,,,,42.08,5.72
2019,Mayotte,0.21,87.78197044,2.0,0.15,2.42,2.04,0.0,3.07,0.01,0.0,0.0,,,,28.41,0.02
2019,Mexico,1264.27,99.31571912,18064.86,24330.77,1862.99,823.6,0.0,70649.57,70.26,63.57,2775.26,,,,72626.32,3422.61
2019,"Micronesia, Federated States of",3.12,100.0,0.9,1.75,48.84,27.2,0.0,0.25,0.0,0.4,0.0,,,,26.12,1.75
2019,Middle East and Central Asia,,100.4591176,,,,,,,,,,206650.47,1375146.38,434011.23,,
2019,"Moldova, Rep. of",158.56,99.92677647,181.94,2372.92,32.39,0.0,0.0,7.24,4.33,0.21,0.0,,,,294.11,325.49
2019,Monaco,0.2,100.0,0.07,0.21,0.0,0.0,0.0,0.03,0.0,0.0,0.0,,,,0.05,0.21
2019,Mongolia,61.53,100.7922576,34097.03,5949.35,1477.17,0.0,62.0,2840.72,370.86,35011.62,67025.31,,,,9473.37,22.39
2019,Montenegro,7.44,94.45571194,249.51,124.27,30.33,0.0,0.0,141.39,10.77,8.87,3.76,,,,719.59,82.85
2019,Montserrat,0.01,102.9249515,0.23,0.32,0.54,0.12,0.0,0.23,0.99,0.44,0.0,,,,7.11,0.32
2019,Morocco,163.76,96.84634449,1096.78,6447.53,85.67,0.0,0.0,2272.54,0.18,9768.14,18487.38,,,,1608.09,1600.86
2019,"Mozambique, Rep. of",59.72,99.93109707,3815.22,9387.04,1492.67,513.43,0.0,15528.87,1756.5,43.76,589.0,,,,45479.03,498.43
2019,Myanmar,102.89,98.41831564,4511.99,16241.1,1039.17,431.25,1.57,12555.89,65.99,3.16,2.39,,,,29851.88,2231.41
2019,Namibia,75.54,101.3588101,39651.62,2221.99,510.69,0.0,0.0,17689.86,128.93,2560.49,15013.38,,,,4770.33,30.55
2019,"Nauru, Rep. of",0.0,100.0,0.11,0.84,0.18,0.0,0.0,0.02,0.0,0.14,0.0,,,,0.03,0.84
2019,Nepal,27.04,98.50456116,3199.44,2866.76,30.58,0.0,488.22,526.28,2.29,11.0,189.07,,,,7171.64,287.53
2019,New Caledonia,3.17,101.8591849,64.15,164.43,26.65,59.43,0.0,111.85,0.0,108.73,0.0,,,,1226.91,102.73
2019,New Zealand,203.26,103.1327534,14177.42,453.51,686.34,22.18,108.45,2418.33,133.13,225.81,988.67,,,,7584.49,61.46
2019,Nicaragua,21.55,100.651195,1404.96,1338.45,1034.62,95.76,0.0,978.04,38.49,0.34,2.8,,,,7738.27,263.59
2019,Niger,18.33,101.3772198,15162.53,7775.55,42.12,0.0,0.0,1308.38,203.36,14660.46,78840.56,,,,844.76,49.64
2019,Nigeria,575.03,99.4723213,7376.7,41558.08,979.17,856.48,0.0,10392.95,384.81,79.53,19.39,,,,21802.16,7438.8
2019,Niue,0.03,100.0,0.78,1.31,0.53,0.0,0.0,0.46,0.0,0.0,0.0,,,,19.7,3.66
2019,Norfolk Island,0.0,100.0,0.36,1.32,0.33,0.0,0.0,0.09,0.0,0.0,0.05,,,,0.42,1.32
2019,"North Macedonia, Republic of ",25.11,98.37494415,443.97,711.19,51.77,0.0,0.0,128.01,1.94,3.6,8.61,,,,1101.3,69.59
2019,Northern Mariana Islands,0.02,94.10740708,16.48,9.21,3.45,0.03,0.0,0.53,0.0,0.07,0.02,,,,7.49,10.36
2019,Norway,250.61,104.0631257,3678.42,1163.15,2267.58,0.0,3532.34,1679.91,2710.9,6320.25,3589.0,,,,13408.24,4.56
2019,Oceania,,99.98187686,,,,,,,,,,55832.07,309014.04,487664.14,,
2019,Oman,40.36,111.8358997,20.34,198.89,38.54,0.0,0.0,57.13,3.22,1839.13,28671.52,,,,44.5,83.17
2019,Pakistan,354.5,99.82228558,19012.48,24097.66,547.39,8.42,210.93,6864.9,379.2,2890.28,21708.4,,,,2464.06,625.92
2019,"Palau, Rep. of",0.05,101.6353393,2.16,0.58,4.89,4.05,0.0,1.99,0.0,0.09,0.0,,,,27.59,3.89
2019,Panama,28.46,106.2806683,435.82,1063.17,129.8,136.57,0.0,392.44,7.62,0.62,4.53,,,,5107.38,203.83
2019,Papua New Guinea,21.29,98.88968034,1000.99,968.27,725.08,656.87,0.0,713.87,0.0,434.89,1.02,,,,39569.12,2604.62
2019,Paraguay,54.76,101.9418366,3293.91,6323.26,383.14,0.0,0.0,10461.37,3069.98,2.75,0.62,,,,16408.43,120.21
2019,Peru,221.3,92.11194306,16574.71,2028.46,1520.95,4.71,299.99,9933.15,392.78,6262.8,9242.44,,,,82208.63,1188.71
2019,Philippines,178.46,99.32157314,2149.85,6478.34,851.26,590.11,0.0,1423.4,0.0,156.74,0.0,,,,11530.0,6427.35
2019,Pitcairn Islands,0.0,100.0,0.21,1.96,0.44,0.0,0.0,0.0,0.0,0.36,0.0,,,,0.0,1.96
2019,"Poland, Rep. of",575.94,99.87195622,3036.43,16218.96,455.56,0.0,0.0,595.58,91.02,9.17,2.67,,,,9661.61,498.82
2019,Portugal,202.62,91.44875357,1138.04,1717.87,98.58,0.0,0.0,1333.49,14.49,10.42,29.12,,,,2858.47,1484.1
2019,Puerto Rico,92.91,104.5278137,73.49,68.69,20.13,6.09,0.0,8.8,14.97,0.0,0.05,,,,596.1,21.89
2019,Qatar,43.07,109.2831962,7.12,22.03,13.63,0.0,0.0,5.13,0.0,16.77,1037.92,,,,10.72,3.15
2019,Romania,658.99,100.3777167,2630.79,11469.74,288.94,0.0,0.0,190.77,300.64,7.56,6.74,,,,7725.73,527.05
2019,Russian Federation,2656.4,100.5045429,160741.31,157831.49,60066.4,0.0,5309.06,133971.59,84262.4,115748.77,32259.35,,,,938483.01,2326.3
2019,Rwanda,10.97,96.27148657,139.09,1290.77,161.51,0.0,0.0,223.49,81.17,0.02,0.01,,,,312.54,335.69
2019,Réunion,9.43,102.9651439,26.92,71.61,3.88,0.6,0.0,16.05,0.05,0.0,4.05,,,,113.23,6.18
2019,Saint Helena,1.42,100.0,9.39,0.9,2.08,0.0,0.0,1.25,0.0,18.45,3.18,,,,2.57,0.9
2019,Saint Pierre and Miquelon,0.18,100.0424088,0.61,0.0,3.15,0.0,0.0,9.97,4.84,0.09,0.29,,,,4.45,0.0
2019,Samoa,0.03,51.42393655,28.07,28.5,3.42,0.64,0.0,22.51,0.0,0.02,0.0,,,,122.54,80.04
2019,"San Marino, Rep. of",0.64,100.0,0.43,3.63,0.0,0.0,0.0,0.08,0.0,0.0,0.25,,,,0.49,0.58
2019,Saudi Arabia,311.16,100.5361141,182.42,2454.47,161.33,3.12,0.0,420.11,8.98,7616.96,181979.35,,,,138.02,133.41
2019,Senegal,49.12,99.25810825,2145.66,5372.67,315.46,196.29,0.0,7031.22,350.51,38.16,7.71,,,,4098.16,115.7
2019,"Serbia, Rep. of",119.1,100.0443015,743.6,4126.43,72.64,0.0,0.0,189.51,11.5,3.94,7.51,,,,3245.76,329.6
2019,Seychelles,0.13,100.0,3.09,1.69,11.06,7.46,0.0,2.07,0.0,0.22,0.67,,,,7.24,15.81
2019,Sierra Leone,21.7,99.14620871,579.18,3260.61,47.67,235.4,0.0,460.28,18.66,0.0,4.6,,,,2236.08,339.65
2019,Singapore,22.48,99.61764706,4.8,11.39,4.92,3.17,0.0,1.08,0.0,0.08,0.0,,,,9.93,2.03
2019,Slovak Rep.,149.23,100.2335744,400.68,1920.98,31.93,0.0,0.0,103.78,2.47,1.84,3.53,,,,2263.63,25.63
2019,"Slovenia, Rep. of",30.72,99.98196188,174.17,368.16,4.35,0.0,0.0,100.92,2.12,2.98,8.31,,,,1232.05,108.14
2019,Solomon Islands,0.91,123.8374665,6.2,9.48,97.24,136.78,0.0,5.13,0.0,0.22,0.0,,,,2549.43,36.7
2019,Somalia,42.33,98.66589118,7439.94,5014.69,87.04,1.39,0.0,37154.52,59.76,5953.89,5131.68,,,,2734.72,123.09
2019,South Africa,661.32,101.4554096,24361.36,13090.83,550.96,47.77,0.0,64803.71,265.63,9166.07,676.67,,,,8394.55,450.54
2019,"South Sudan, Rep. of",11.27,100.2246652,3082.84,2255.43,197.77,0.0,0.0,28610.18,3716.49,3.08,25.88,,,,25409.6,78.17
2019,Spain,601.18,98.52805917,7370.66,15508.26,441.94,0.0,0.0,6176.89,50.14,956.36,486.0,,,,12545.07,6495.51
2019,Sri Lanka,87.29,99.55941261,501.31,1553.81,190.0,21.01,0.0,1324.15,0.02,7.5,1.54,,,,1834.6,1132.87
2019,St. Kitts and Nevis,0.56,102.9761905,2.7,4.63,1.36,0.18,0.0,0.55,0.12,0.0,0.0,,,,16.21,0.09
2019,St. Lucia,0.77,102.1147277,1.05,0.69,1.38,0.64,0.0,0.85,0.09,0.05,0.0,,,,53.38,1.78
2019,St. Vincent and the Grenadines,0.62,100.0,1.8,0.77,12.2,0.54,0.0,0.7,0.07,0.0,0.73,,,,33.96,1.16
2019,Sub-Saharan Africa,,99.38759558,,,,,,,,,,297485.76,288783.33,1482397.27,,
2019,Sudan,145.85,100.4184999,24189.53,31415.01,488.91,26.24,0.0,15898.71,258.63,7681.77,96474.16,,,,8508.56,323.21
2019,Suriname,11.6,101.2455128,62.11,55.06,210.49,63.55,0.0,146.84,108.68,0.0,0.0,,,,13943.8,4.44
2019,Sweden,146.67,106.8960314,2514.15,3681.66,3856.54,0.0,23.79,1577.09,3604.44,1402.1,267.78,,,,27669.63,4.9
2019,Switzerland,135.43,99.37575171,1316.36,509.05,145.14,0.0,97.64,169.81,1.83,114.31,255.75,,,,1347.23,31.93
2019,Syrian Arab Rep.,132.53,100.1158193,486.4,4048.39,129.6,0.0,0.0,235.74,1.01,925.29,11699.69,,,,267.24,926.46
2019,"São Tomé and Príncipe, Dem. Rep. of",0.92,94.82758621,1.07,0.73,2.4,1.09,0.0,0.55,0.02,0.04,0.0,,,,86.5,6.73
2019,Taiwan Province of China,155.97,101.6469746,107.25,735.08,62.24,26.71,0.0,33.69,37.52,4.58,0.0,,,,2224.39,240.83
2019,"Tajikistan, Rep. of",47.62,94.64618244,6551.07,2014.1,139.17,0.0,1085.06,655.05,5.81,567.56,2396.4,,,,284.18,474.78
2019,"Tanzania, United Rep. of",83.17,98.76227548,5351.74,20758.43,6073.24,63.92,0.0,16809.53,4502.5,94.34,248.85,,,,37498.88,3098.86
2019,Thailand,329.9,98.30075221,4087.62,22432.81,885.53,359.31,0.0,5156.91,14.41,31.47,0.11,,,,11329.96,7210.55
2019,"Timor-Leste, Dem. Rep. of",6.47,97.26209271,163.81,479.62,13.14,9.42,0.0,119.71,0.0,3.21,0.0,,,,359.6,343.69
2019,Togo,26.58,98.06126105,240.52,2131.86,21.37,0.38,0.0,718.24,1.2,0.02,0.05,,,,2437.75,136.76
2019,Tokelau,0.01,100.0,0.0,0.0,1.57,0.0,0.0,0.0,0.0,0.0,0.0,,,,0.0,0.0
2019,Tonga,0.07,100.0,4.03,14.8,9.32,1.04,0.0,2.6,0.0,0.16,0.0,,,,29.94,8.14
2019,Trinidad and Tobago,15.1,101.6899767,26.36,37.25,7.14,2.4,0.0,15.51,1.43,0.08,0.0,,,,379.19,32.78
2019,Tunisia,96.41,99.51980642,281.56,2289.03,139.25,0.0,0.0,133.46,0.49,1471.85,8770.0,,,,332.62,2120.93
2019,Turkmenistan,67.66,100.5564912,1457.85,4112.14,9048.19,0.0,0.0,6750.21,1.66,1348.88,32577.73,,,,89.8,127.18
2019,Turks and Caicos Islands,0.34,105.317587,7.63,0.84,6.39,3.17,0.0,1.01,16.41,0.04,0.0,,,,16.6,0.84
2019,Tuvalu,0.01,100.0,0.1,0.45,3.47,0.0,0.0,0.05,0.0,0.09,0.0,,,,0.08,0.45
2019,"Türkiye, Rep. of",671.19,97.83643039,14194.05,29794.55,1418.72,0.0,0.0,7011.93,207.6,3155.33,1446.96,,,,14977.46,5354.8
2019,Uganda,45.12,99.21553317,1637.62,7799.72,3741.92,0.0,0.0,2492.7,374.07,0.05,0.36,,,,5728.96,2486.87
2019,Ukraine,1890.67,99.94094108,4238.09,41386.13,1462.98,0.0,0.0,437.01,51.04,36.74,22.78,,,,9399.18,1072.24
2019,United Arab Emirates,211.84,105.0532808,40.9,132.22,18.21,1.56,0.0,4.67,0.88,325.84,6253.31,,,,53.21,107.58
2019,United Kingdom,995.85,99.55585816,11534.99,6437.76,461.57,0.0,0.0,768.96,1293.64,510.23,55.27,,,,2270.46,48.6
2019,United States,10912.73,100.8395212,200952.81,152341.43,19171.1,189.26,6536.75,201428.12,7717.14,19423.35,18464.16,,,,292942.84,2607.65
2019,United States Virgin Islands,5.18,121.366598,3.11,4.01,3.88,0.78,0.0,0.18,1.67,0.0,0.0,,,,16.36,0.89
2019,Uruguay,44.99,98.78730486,11512.62,2677.25,451.63,0.0,0.0,660.08,275.43,1.18,3.43,,,,2154.09,50.0
2019,"Uzbekistan, Rep. of",325.48,99.42067248,3338.08,7431.7,1119.98,0.0,37.42,4405.68,67.55,2676.05,24629.86,,,,285.38,744.0
2019,Vanuatu,0.28,100.3657796,9.57,5.22,29.41,19.27,0.0,7.45,0.0,0.68,2.33,,,,1122.97,32.62
2019,"Venezuela, Rep. Bolivariana de",253.03,100.3274566,18053.3,7989.57,1435.8,309.13,0.05,7672.25,2054.65,562.05,104.22,,,,51225.64,2151.04
2019,Vietnam,275.6,93.67875941,2116.36,7334.75,764.14,205.14,0.0,5915.48,66.95,6.12,18.59,,,,10876.36,5364.84
2019,Wallis and Futuna Islands,0.03,100.0,1.1,0.72,3.76,0.0,0.0,0.86,0.0,0.0,0.0,,,,4.49,3.6
2019,West Bank and Gaza,29.44,94.89368055,40.06,80.1,19.11,0.0,0.0,30.64,0.0,116.35,116.65,,,,35.38,156.45
2019,Western Sahara,2.3,109.1778607,0.67,3.41,7.68,0.0,0.0,0.0,0.0,19.61,26942.06,,,,0.46,3.41
2019,"Yemen, Rep. of",32.06,100.8651694,163.26,1606.24,104.08,0.16,0.0,1609.55,0.87,5321.97,35890.04,,,,470.68,407.8
2019,Zambia,70.09,99.93147994,3250.2,8265.67,1403.85,0.0,0.0,12426.19,2859.4,0.0,4.42,,,,47199.57,84.83
2019,Zimbabwe,55.81,99.10348555,2408.1,13222.25,447.4,0.0,0.0,11023.98,27.95,18.31,90.45,,,,11649.91,330.56
2020,"Afghanistan, Islamic Rep. of",73.42,98.4927425,24681.85,5709.44,64.6,0.0,317.59,3122.65,7.04,4256.57,24770.08,,,,1183.8,161.9
2020,Africa,,99.67208987,,,,,,,,,,360204.47,1002519.28,1611669.77,,
2020,Albania,22.76,96.37106321,384.28,987.88,57.53,0.0,0.0,313.98,6.41,32.72,47.59,,,,871.98,144.91
2020,Algeria,227.12,100.1595613,827.15,8768.67,154.24,0.0,0.0,2034.09,2.22,8500.49,208443.55,,,,1633.44,1139.92
2020,American Samoa,0.0,99.46810235,1.5,2.6,1.34,0.16,0.0,1.08,0.0,0.02,0.0,,,,8.22,5.17
2020,Americas,,100.9955919,,,,,,,,,,485024.81,305322.32,3157257.56,,
2020,"Andorra, Principality of",0.35,135.3100783,11.92,0.39,0.0,0.0,0.0,0.84,0.0,5.44,2.31,,,,26.26,0.0
2020,Angola,110.38,103.2186574,17130.06,5774.08,235.92,22.64,0.0,23077.15,747.91,47.76,3044.32,,,,74892.75,340.98
2020,Anguilla,0.08,100.3754693,4.71,0.04,1.18,0.05,0.0,0.12,0.88,0.0,0.02,,,,0.87,0.04
2020,Antigua and Barbuda,1.06,103.0163309,15.09,1.05,6.65,0.47,0.0,0.98,3.73,0.02,0.0,,,,16.69,0.26
2020,Argentina,549.25,99.84939737,15218.88,53407.18,4100.11,0.0,685.63,98587.45,9202.58,47462.25,12249.6,,,,35814.61,1357.79
2020,"Armenia, Rep. of",52.93,98.43778642,685.68,820.73,133.17,0.0,0.0,439.08,1.22,39.03,36.8,,,,646.12,110.91
2020,"Aruba, Kingdom of the Netherlands",2.43,137.0622361,1.96,0.57,0.77,0.02,0.0,9.88,0.22,1.03,0.0,,,,0.59,0.57
2020,Asia,,98.45177294,,,,,,,,,,666076.35,962509.33,1491888.39,,
2020,Australia,931.0,99.98413721,140993.7,52975.78,1432.99,2601.13,0.0,179996.43,10056.5,272552.0,33011.5,,,,76797.94,608.52
2020,Austria,177.05,99.97206017,1628.17,1663.49,71.15,0.0,34.11,346.65,12.82,117.04,200.64,,,,4056.06,85.01
2020,"Azerbaijan, Rep. of",117.55,98.65121574,969.99,3501.38,7998.14,0.0,0.0,985.15,4.43,832.06,388.2,,,,1241.67,458.1
2020,"Bahamas, The",9.56,104.7094218,164.76,11.81,269.21,79.55,0.0,44.81,246.95,3.38,0.47,,,,418.97,4.43
2020,"Bahrain, Kingdom of",17.79,110.4802732,2.4,0.31,3.79,0.01,0.0,0.21,0.09,2.15,36.86,,,,3.62,0.29
2020,Bangladesh,85.94,97.48150231,909.04,8342.04,1161.31,419.93,0.0,802.67,35.89,1.49,34.9,,,,860.92,1384.78
2020,Barbados,5.52,98.80476535,3.86,21.55,0.91,0.0,0.0,1.4,0.06,0.02,0.0,,,,7.31,3.08
2020,"Belarus, Rep. of",144.92,98.28249433,1218.76,9632.73,226.81,0.0,0.0,441.28,42.44,0.82,0.11,,,,8838.82,170.19
2020,Belgium,261.09,99.81811993,625.46,1350.49,16.31,0.0,0.0,98.84,10.46,0.36,0.6,,,,663.03,36.87
2020,Belize,2.66,107.7093485,105.47,118.27,64.38,47.67,0.0,122.75,11.15,0.0,0.67,,,,1684.74,38.62
2020,Benin,49.08,100.7357539,415.34,3088.06,22.6,6.74,0.0,2943.81,2.83,0.0,0.22,,,,4406.63,661.73
2020,Bermuda,0.19,100.0,0.04,0.08,3.06,0.0,0.0,0.01,0.74,1.98,0.0,,,,0.05,0.08
2020,Bhutan,0.28,102.3389339,540.89,64.12,1.13,0.0,104.79,106.25,0.11,4.78,6.53,,,,2949.45,4.09
2020,Bolivia,106.49,102.5843833,12028.33,5570.7,1293.07,0.0,85.92,12976.57,2811.42,7366.66,8393.38,,,,58131.09,293.95
2020,Bosnia and Herzegovina,35.34,101.4796429,715.99,1179.19,24.58,0.0,0.0,264.98,6.37,3.32,1.34,,,,2759.91,124.31
2020,Botswana,53.31,99.81371072,3540.07,2905.73,64.2,0.0,0.0,45042.86,754.13,54.02,899.04,,,,4800.88,22.35
2020,Brazil,2036.38,101.7799649,69542.64,146035.99,13361.4,622.2,0.0,148543.88,14019.7,164.46,371.76,,,,439465.13,19653.82
2020,British Virgin Islands,1.38,100.9868421,1.47,0.02,3.05,1.24,0.0,0.03,2.16,0.03,0.0,,,,5.8,0.02
2020,Brunei Darussalam,7.73,104.6788864,10.33,17.98,8.47,19.35,0.0,7.28,0.0,0.22,0.0,,,,495.78,26.97
2020,Bulgaria,173.14,99.12947451,748.34,5198.44,126.36,0.0,0.0,334.79,10.24,13.26,55.87,,,,4250.38,226.28
2020,Burkina Faso,48.39,98.19180926,5789.87,15242.8,102.96,0.0,0.0,2877.08,26.26,163.31,121.29,,,,1574.77,1548.65
2020,Burundi,11.93,101.0549443,479.39,1120.0,199.48,0.0,0.0,300.93,23.46,0.0,0.0,,,,252.93,315.37
2020,Cabo Verde,2.34,98.74590618,53.61,19.41,36.18,0.0,0.0,142.53,2.91,6.6,134.62,,,,9.18,1.55
2020,Cambodia,28.55,94.33863024,1285.03,6339.62,433.75,42.67,0.0,1707.85,660.58,0.36,2.26,,,,7047.33,705.2
2020,Cameroon,73.21,99.99316648,1768.32,4791.64,356.28,254.41,0.0,2328.63,175.95,0.0,1.36,,,,35895.5,1197.91
2020,Canada,938.36,100.4031204,160408.44,52562.04,104025.0,0.0,18314.4,57259.41,8142.65,105851.9,39872.91,,,,435485.78,229.58
2020,Cayman Islands,1.07,101.119765,0.7,0.8,2.78,8.34,0.0,0.3,0.53,0.05,0.0,,,,9.55,2.01
2020,Central African Rep.,16.44,105.1214092,5084.13,933.2,92.66,0.0,0.0,4865.72,30.38,0.0,0.75,,,,51279.54,61.69
2020,Chad,26.34,100.7819258,14856.19,18859.64,370.87,0.0,0.0,14221.33,681.6,8892.97,63005.84,,,,6182.56,135.22
2020,Chile,217.31,103.3456579,5226.39,2372.33,2764.48,0.0,2796.28,14586.17,31.29,12963.57,12735.4,,,,20905.25,897.77
2020,"China, P.R.: Hong Kong",15.44,97.20438044,7.43,8.98,13.33,2.48,0.0,5.85,0.26,0.05,0.0,,,,50.62,4.49
2020,"China, P.R.: Macao",0.62,101.8066847,0.14,0.22,0.1,0.01,0.0,0.02,0.09,0.0,0.0,,,,0.2,0.22
2020,"China, P.R.: Mainland",10871.1,96.7140928,287984.37,184347.49,12621.1,206.25,6285.56,23398.89,3242.14,24306.71,165073.71,,,,186122.83,31975.99
2020,Colombia,206.74,109.7572653,16888.12,4523.59,1375.73,374.07,6.77,7392.73,2477.88,541.38,26.4,,,,75169.04,5546.55
2020,"Comoros, Union of the",1.92,107.9695362,15.28,8.06,4.12,0.63,0.0,21.92,0.0,0.0,0.0,,,,107.15,6.57
2020,"Congo, Dem. Rep. of the",199.75,101.8612023,7157.52,20457.77,4336.11,260.57,0.0,7529.94,4926.23,2.74,38.05,,,,186541.1,3013.33
2020,"Congo, Rep. of",27.52,96.35322991,1921.17,2315.76,292.66,76.46,0.0,2118.84,85.12,0.0,0.43,,,,27074.89,374.73
2020,Cook Islands,0.01,100.0814996,1.28,1.76,3.49,0.0,0.0,0.87,0.08,1.26,0.0,,,,10.87,4.92
2020,Costa Rica,32.51,94.82102615,287.22,261.73,42.77,36.4,0.0,247.68,3.35,0.0,2.34,,,,3843.67,369.44
2020,"Croatia, Rep. of",71.25,101.0652355,567.04,2002.86,89.9,0.0,0.0,275.2,29.77,30.74,8.73,,,,2404.38,177.98
2020,Cuba,64.1,95.49415127,1244.42,3298.52,401.43,405.75,0.0,433.93,196.72,0.93,1.77,,,,4312.18,740.54
2020,Cyprus,29.08,100.5789393,89.11,235.53,17.13,0.0,0.0,115.06,0.61,133.11,68.74,,,,184.96,61.45
2020,Czech Rep.,262.22,99.61411101,1000.83,3502.01,59.15,0.0,0.0,253.61,8.22,4.85,0.4,,,,2713.78,70.64
2020,Côte d'Ivoire,146.24,89.417177,1319.01,4956.53,286.37,12.46,0.0,3194.59,2.5,0.0,0.0,,,,13121.75,9346.61
2020,Denmark,127.82,99.0769778,519.58,2815.78,272.24,0.0,0.0,97.96,56.81,0.93,2.15,,,,510.08,31.65
2020,Djibouti,1.8,133.025635,76.5,2.39,23.36,0.81,0.0,24.82,93.88,67.02,1886.65,,,,2.2,0.72
2020,Dominica,0.27,100.0398883,0.2,0.04,1.27,3.13,0.0,0.03,0.0,0.26,0.0,,,,69.91,0.1
2020,Dominican Rep.,58.62,100.1553465,770.47,864.24,62.07,19.89,0.0,153.38,200.22,2.19,0.38,,,,2352.64,349.84
2020,Ecuador,118.9,100.2385445,1774.66,989.26,321.89,214.68,12.61,2972.91,111.78,35.74,354.13,,,,17481.5,1375.24
2020,"Egypt, Arab Rep. of",259.48,112.3628658,282.04,3917.43,881.64,1.91,0.0,78.38,1098.24,1179.86,90345.3,,,,58.48,705.49
2020,El Salvador,24.44,103.5156149,52.67,329.81,46.95,43.82,0.0,42.61,1.7,0.01,1.36,,,,1469.5,73.19
2020,Emerging and Developing Countries Asia excluding China,,98.64710257,,,,,,,,,,283450.23,106652.72,604872.55,,
2020,Emerging and Developing Countries Europe,,99.99517156,,,,,,,,,,296442.32,153108.54,1508838.52,,
2020,Emerging and Developing Economies,,99.49532492,,,,,,,,,,1547876.34,2234204.65,6223880.65,,
2020,"Equatorial Guinea, Rep. of",6.53,95.63460683,26.72,109.89,17.73,40.4,0.0,14.1,0.68,0.0,0.0,,,,2403.49,97.45
2020,"Eritrea, The State of",14.75,97.87557032,2551.57,1658.63,58.95,8.66,0.0,1709.78,23.31,947.13,4719.86,,,,479.13,4.81
2020,"Estonia, Rep. of",22.59,99.47672228,403.08,985.35,239.95,0.0,0.0,156.08,203.02,2.37,1.36,,,,2499.97,7.1
2020,"Eswatini, Kingdom of",3.84,99.36132355,273.83,529.89,6.97,0.0,0.0,197.7,8.2,0.27,26.1,,,,635.64,53.89
2020,"Ethiopia, The Federal Dem. Rep. of",90.01,94.17696428,11777.21,17179.5,766.83,0.0,0.0,48527.3,273.97,352.77,7088.4,,,,25148.33,2419.65
2020,Europe,,100.206775,,,,,,,,,,376450.58,169447.15,1738853.26,,
2020,Falkland Islands (Malvinas),0.02,99.98674235,1028.96,0.03,62.79,0.0,0.0,36.21,0.1,11.05,8.32,,,,59.34,0.03
2020,Faroe Islands,0.0,107.920664,97.62,1.37,6.05,0.0,0.0,12.03,2.44,6.72,0.51,,,,10.64,1.37
2020,"Fiji, Rep. of",2.5,115.4274102,67.86,219.79,61.34,41.66,0.0,44.18,0.0,6.72,0.0,,,,1217.9,176.86
2020,Finland,45.32,109.4112879,929.37,2739.16,3330.98,0.0,0.0,1022.48,2555.67,475.66,39.74,,,,22405.06,6.11
2020,France,1345.19,99.33673984,11414.87,23998.12,435.74,0.0,25.11,1549.69,158.14,255.05,215.74,,,,14106.17,1355.14
2020,French Polynesia,0.41,89.95335056,20.37,10.15,86.72,1.82,0.0,13.78,0.0,38.47,0.0,,,,126.28,105.55
2020,Gabon,17.34,99.49898619,637.73,676.69,311.05,211.77,0.0,706.47,18.73,0.0,0.0,,,,23647.58,353.96
2020,"Gambia, The",11.57,98.84188254,48.29,580.95,92.75,142.75,0.0,102.91,4.35,0.0,1.57,,,,133.84,9.24
2020,Georgia,78.46,91.92390886,945.65,1202.45,36.52,0.0,37.94,620.2,9.68,48.01,114.54,,,,3392.42,496.11
2020,Germany,1833.99,99.31341169,6482.7,14731.31,452.28,0.0,0.0,905.21,108.5,22.34,12.24,,,,10874.25,250.07
2020,Ghana,232.51,98.19503192,865.52,6152.13,736.93,28.14,0.0,3201.38,4.39,0.5,7.79,,,,9298.65,3536.7
2020,Gibraltar,0.32,100.0,0.06,0.02,0.02,0.0,0.0,0.07,0.01,0.0,0.0,,,,0.13,0.02
2020,Greece,155.14,99.56781542,1390.39,3160.78,365.24,0.0,0.0,3012.72,21.05,68.61,238.15,,,,3246.78,1613.4
2020,Greenland,0.06,100.0000372,6117.51,0.0,5551.65,0.0,175239.0,1015.25,104.36,26501.2,680.02,,,,130.87,0.0
2020,Grenada,0.62,101.2343738,1.74,0.18,1.46,0.16,0.0,0.14,0.0,0.0,0.0,,,,27.67,0.23
2020,Guadeloupe,4.46,101.6215265,12.79,39.92,5.52,3.25,0.0,2.88,3.52,0.05,0.02,,,,93.01,5.23
2020,Guam,0.01,112.0100494,48.47,0.45,1.97,0.0,0.0,0.14,0.0,0.02,0.0,,,,0.37,3.13
2020,Guatemala,65.87,103.1509921,1196.26,993.26,134.72,36.12,0.0,744.33,20.64,0.0,2.29,,,,7021.26,756.13
2020,Guinea,41.62,97.63674802,798.93,2781.13,90.14,245.19,0.0,3308.56,1.12,0.0,1.8,,,,16434.96,749.11
2020,Guinea-Bissau,4.48,103.5443454,117.0,305.25,48.63,231.9,0.0,180.42,1.69,0.03,2.68,,,,1933.69,254.37
2020,Guyana,16.37,100.0851923,303.01,169.35,177.66,6.89,0.0,1138.38,144.79,2.74,3.81,,,,19338.27,11.29
2020,Haiti,32.6,103.2162148,1486.81,289.55,43.12,13.29,0.0,46.32,293.22,7.38,0.02,,,,419.36,86.87
2020,Holy See,0.05,100.0,0.01,0.0,0.0,0.0,0.0,0.0,0.0,0.0,0.0,,,,0.01,0.0
2020,Honduras,38.49,100.4855977,1282.0,722.2,120.14,64.96,0.0,840.53,15.04,0.4,0.68,,,,7782.78,408.63
2020,Hungary,283.43,100.0320146,1068.68,5734.77,135.93,0.0,0.0,77.17,54.7,1.46,1.01,,,,1725.3,225.3
2020,Iceland,3.16,100.0024478,3604.13,0.0,333.03,0.0,1102.5,75.27,722.52,2328.76,2006.63,,,,37.17,0.0
2020,India,2241.11,98.85903469,25185.75,174426.34,5109.53,351.27,783.27,21412.69,707.28,530.37,1250.51,,,,50138.4,15359.21
2020,Indonesia,1312.15,99.60307509,10290.96,21010.84,3919.54,4077.2,0.0,7698.66,0.0,2140.48,0.0,,,,117929.97,21570.06
2020,"Iran, Islamic Rep. of",518.25,100.2910091,7375.97,23598.05,6306.98,1.15,0.0,6832.85,82.45,11777.14,105752.81,,,,3109.4,2849.61
2020,Iraq,208.53,97.64422671,938.91,7724.9,512.53,0.0,0.0,349.5,33.52,428.81,32521.97,,,,261.18,730.67
2020,Ireland,64.66,99.86790275,4725.92,451.13,201.46,0.0,0.0,170.33,853.42,23.99,24.07,,,,452.51,1.02
2020,Isle of Man,1.27,97.60476249,38.48,2.96,1.16,0.0,0.0,2.64,0.0,0.01,0.93,,,,6.54,2.96
2020,Israel,80.44,105.230228,86.94,370.25,47.49,0.0,0.0,62.56,0.09,75.91,1173.13,,,,81.63,98.8
2020,Italy,994.0,104.3872387,3436.02,10949.84,414.93,0.0,42.28,1374.45,31.38,245.78,635.73,,,,8733.38,3323.48
2020,Jamaica,23.18,102.9220584,110.21,93.66,9.71,8.54,0.0,14.56,7.54,0.14,0.0,,,,782.71,53.07
2020,Japan,1808.48,100.588257,1404.25,6760.76,946.2,2.98,0.0,896.63,80.25,3.7,3.17,,,,25083.36,441.49
2020,Jordan,44.33,100.1892047,43.77,357.68,46.94,0.0,0.0,8.27,0.06,194.64,8082.46,,,,18.26,139.95
2020,"Kazakhstan, Rep. of",355.33,102.5997037,88109.62,48144.08,17827.1,0.0,113.54,22307.11,1219.62,62726.7,32511.58,,,,10329.5,215.04
2020,Kenya,47.42,97.97704774,15035.65,10700.35,1247.18,17.77,0.0,20300.28,928.26,345.79,1826.14,,,,7055.67,1125.38
2020,Kiribati,0.02,99.9516441,2.8,2.74,84.34,0.05,0.0,0.28,0.0,9.27,0.0,,,,1.44,43.82
2020,"Korea, Dem. People's Rep. of",88.45,101.9694727,324.8,3569.82,212.23,0.0,0.0,132.28,8.84,21.44,15.28,,,,7497.47,388.87
2020,"Korea, Rep. of",273.26,99.01032001,340.08,3417.57,253.63,0.0,0.0,149.25,7.98,38.23,14.98,,,,4896.63,538.42
2020,Kuwait,33.99,107.6746028,6.73,18.49,5.51,0.0,0.0,3.17,10.32,10.92,1634.61,,,,7.58,13.87
2020,Kyrgyz Rep.,50.39,99.68340499,8428.69,3673.82,720.16,0.0,609.28,812.75,0.0,2118.06,1792.57,,,,1511.38,218.88
2020,Lao People's Dem. Rep.,11.76,101.0273306,1513.81,2934.78,227.5,0.0,0.0,7315.6,99.69,0.0,0.0,,,,10746.25,311.7
2020,Latin America and the Caribbean,,101.1860509,,,,,,,,,,268198.02,121722.73,1641753.22,,
2020,Latvia,26.69,98.82127529,734.06,1668.95,123.81,0.0,0.0,224.17,142.82,0.1,0.22,,,,3508.11,11.26
2020,Lebanon,23.95,99.15936291,60.9,245.39,2.25,0.0,0.0,219.56,0.0,119.71,42.53,,,,51.53,250.22
2020,"Lesotho, Kingdom of",9.49,101.6154367,1374.64,704.79,7.0,0.0,0.0,769.44,0.88,0.19,0.59,,,,182.18,6.57
2020,Liberia,23.23,100.1148285,412.52,3129.47,47.7,24.88,0.0,192.94,2.96,0.0,0.0,,,,4587.28,1251.79
2020,Libya,96.68,100.1728096,129.98,1722.41,52.31,0.0,0.0,199.89,23.94,3903.11,155686.31,,,,148.1,330.46
2020,Liechtenstein,0.77,96.5434508,3.96,0.6,0.07,0.0,0.0,0.67,0.02,0.04,0.17,,,,8.04,0.6
2020,Lithuania,58.42,99.07534293,633.45,3211.42,122.64,0.0,0.0,181.42,33.97,0.55,0.91,,,,2184.97,50.54
2020,Luxembourg,11.54,98.47528786,77.88,77.65,0.75,0.0,0.0,13.32,0.02,0.02,0.0,,,,79.2,1.94
2020,"Madagascar, Rep. of",36.82,100.3428602,21820.86,3643.08,463.8,168.77,0.0,9288.26,301.93,60.07,341.24,,,,22300.73,728.62
2020,Malawi,34.7,99.09507438,630.72,5354.43,2424.16,0.0,0.0,413.47,244.49,0.53,12.42,,,,2554.7,272.21
2020,Malaysia,314.15,106.8333146,1817.94,632.95,522.68,657.18,0.0,1500.06,0.0,28.61,0.0,,,,22006.21,5716.47
2020,Maldives,0.08,94.36831551,0.33,2.99,113.02,0.02,0.0,0.66,0.0,0.83,0.18,,,,0.42,1.15
2020,Mali,43.3,100.9940164,16466.75,21663.01,381.98,0.0,0.0,8377.73,309.58,5626.18,68832.92,,,,3733.43,398.61
2020,Malta,5.94,98.91985186,1.95,13.36,1.6,0.0,0.0,0.41,0.0,0.34,4.24,,,,1.65,2.24
2020,"Marshall Islands, Rep. of the",0.05,100.0300463,0.15,0.14,161.26,0.0,0.0,0.04,0.0,2.86,0.0,,,,0.13,1.78
2020,Martinique,3.81,106.5113774,4.73,8.63,2.99,1.83,0.0,3.66,0.16,0.0,0.0,,,,80.75,4.71
2020,"Mauritania, Islamic Rep. of",29.42,101.477146,11199.53,1769.61,63.0,3.81,0.0,770.74,179.38,5672.67,84374.9,,,,277.98,39.32
2020,Mauritius,9.75,100.9291814,17.14,107.4,5.87,0.92,0.0,13.29,0.02,0.03,0.09,,,,41.88,5.73
2020,Mayotte,0.22,90.31460803,2.05,0.15,2.41,2.05,0.0,3.14,0.01,0.0,0.0,,,,28.24,0.02
2020,Mexico,1263.74,99.54379319,18083.39,24390.07,1862.1,821.44,0.0,70666.21,71.55,63.76,2776.05,,,,72555.61,3400.1
2020,"Micronesia, Federated States of",3.11,100.0692888,0.9,1.77,48.96,27.2,0.0,0.26,0.0,0.41,0.0,,,,26.1,1.77
2020,Middle East and Central Asia,,100.6934514,,,,,,,,,,207132.37,1374562.26,434112.1,,
2020,"Moldova, Rep. of",158.61,100.2248833,182.0,2380.61,32.4,0.0,0.0,7.26,4.34,0.2,0.0,,,,293.82,318.2
2020,Monaco,0.2,100.0,0.07,0.21,0.0,0.0,0.0,0.03,0.0,0.0,0.0,,,,0.05,0.21
2020,Mongolia,61.49,101.6033908,34305.99,5997.72,1477.19,0.0,61.98,2849.41,370.9,35008.32,66752.81,,,,9482.06,22.37
2020,Montenegro,7.42,97.73575305,249.62,128.84,30.39,0.0,0.0,141.85,10.84,8.87,3.74,,,,718.39,78.58
2020,Montserrat,0.01,101.179941,0.23,0.31,0.48,0.11,0.0,0.23,0.95,0.43,0.0,,,,7.11,0.31
2020,Morocco,163.69,98.46927803,1096.69,6558.53,85.43,0.0,0.0,2270.76,0.17,9794.65,18456.74,,,,1613.46,1491.67
2020,"Mozambique, Rep. of",70.74,100.1497908,3819.84,9396.61,1491.6,512.61,0.0,15533.09,1758.74,43.8,589.23,,,,45447.78,498.93
2020,Myanmar,103.12,98.37967718,4532.05,16234.49,1035.75,430.48,1.57,12552.05,66.63,3.14,2.4,,,,29846.58,2230.58
2020,Namibia,78.23,101.4924329,39642.8,2222.34,510.1,0.0,0.0,17688.13,129.04,2571.38,14996.29,,,,4784.91,30.56
2020,"Nauru, Rep. of",0.0,100.7241606,0.11,0.85,0.17,0.0,0.0,0.02,0.0,0.14,0.0,,,,0.03,0.85
2020,Nepal,27.33,98.43542887,3197.07,2864.4,30.6,0.0,488.39,527.85,2.26,11.22,188.84,,,,7174.4,287.29
2020,New Caledonia,3.51,102.0396649,64.29,164.36,26.53,59.21,0.0,111.47,0.0,108.8,0.0,,,,1226.89,102.69
2020,New Zealand,202.99,103.1933088,14169.35,454.17,685.24,22.2,108.51,2419.5,133.69,226.55,988.0,,,,7589.26,63.77
2020,Nicaragua,21.61,101.0231494,1409.51,1343.4,1034.51,95.63,0.0,983.23,38.57,0.36,2.81,,,,7722.52,264.57
2020,Niger,19.05,101.4285708,15150.51,7778.77,42.02,0.0,0.0,1308.94,203.43,14679.4,78828.31,,,,845.48,49.66
2020,Nigeria,645.9,99.50946869,7377.18,41503.29,979.93,855.0,0.0,10351.73,384.72,79.69,19.48,,,,21837.94,7428.99
2020,Niue,0.03,99.2912422,0.77,1.3,0.55,0.0,0.0,0.45,0.0,0.0,0.0,,,,19.71,3.65
2020,Norfolk Island,0.0,99.48849105,0.37,1.32,0.34,0.0,0.0,0.09,0.0,0.0,0.06,,,,0.41,1.32
2020,"North Macedonia, Republic of ",25.09,98.03679679,442.73,708.78,51.77,0.0,0.0,128.2,1.95,3.62,8.59,,,,1104.85,69.86
2020,Northern Mariana Islands,0.02,94.16350765,16.44,9.2,3.42,0.03,0.0,0.53,0.0,0.07,0.02,,,,7.5,10.35
2020,Norway,250.46,104.3774556,3680.63,1167.48,2269.3,0.0,3532.84,1681.54,2712.19,6316.33,3580.29,,,,13406.85,4.59
2020,Oceania,,100.0214404,,,,,,,,,,55854.0,307238.62,489415.14,,
2020,Oman,41.99,110.5957825,20.52,194.61,38.67,0.0,0.0,57.07,3.18,1841.56,28668.05,,,,44.82,86.72
2020,Pakistan,354.81,99.83439287,19094.33,24100.22,547.53,8.43,210.9,6862.44,378.8,2900.31,21614.17,,,,2474.0,617.89
2020,"Palau, Rep. of",0.05,111.167621,2.46,0.64,4.98,3.96,0.0,2.28,0.0,0.09,0.0,,,,26.65,4.24
2020,Panama,28.44,107.7064432,436.78,1077.83,129.78,136.49,0.0,393.41,7.9,0.62,4.78,,,,5103.22,190.96
2020,Papua New Guinea,22.19,99.476589,1014.6,973.22,723.84,654.8,0.0,726.14,0.0,435.37,1.02,,,,39506.37,2637.39
2020,Paraguay,54.81,102.0876473,3306.3,6332.39,383.11,0.0,0.0,10521.42,3068.86,2.99,0.63,,,,16327.89,120.39
2020,Peru,221.21,92.67885388,16509.47,2042.4,1521.31,4.73,300.06,9898.81,392.8,6310.6,9193.58,,,,82310.03,1173.84
2020,Philippines,182.84,99.17947858,2152.71,6464.49,852.43,587.75,0.0,1425.87,0.0,156.54,0.0,,,,11522.91,6440.21
2020,Pitcairn Islands,0.0,98.99598394,0.21,1.96,0.49,0.0,0.0,0.0,0.0,0.36,0.0,,,,0.0,1.96
2020,"Poland, Rep. of",575.59,99.59073652,3039.84,16172.32,455.73,0.0,0.0,599.8,91.24,9.15,2.67,,,,9648.82,551.16
2020,Portugal,202.39,90.175246,1137.37,1691.43,98.52,0.0,0.0,1332.79,14.46,10.44,29.19,,,,2861.82,1509.14
2020,Puerto Rico,92.88,104.7248524,73.85,69.03,20.22,6.05,0.0,9.1,15.09,0.0,0.05,,,,594.88,22.0
2020,Qatar,43.39,109.8045394,7.16,22.02,13.63,0.0,0.0,5.09,0.0,16.73,1037.6,,,,10.76,3.15
2020,Romania,659.16,100.3599124,2639.38,11467.49,288.73,0.0,0.0,195.44,301.16,7.58,6.74,,,,7696.63,544.78
2020,Russian Federation,2656.12,100.6291548,161258.13,158087.28,60050.4,0.0,5309.36,134790.62,84392.7,115825.11,32365.57,,,,937186.52,2330.07
2020,Rwanda,13.52,94.45106907,139.05,1263.93,161.53,0.0,0.0,223.06,81.64,0.02,0.01,,,,313.1,360.05
2020,Réunion,9.45,102.4147445,27.04,71.16,3.85,0.6,0.0,16.27,0.05,0.0,4.03,,,,113.36,6.2
2020,Saint Helena,1.69,111.2623337,9.2,0.89,2.08,0.0,0.0,1.24,0.0,18.34,3.16,,,,2.63,0.89
2020,Saint Pierre and Miquelon,0.19,105.2877613,0.61,0.0,3.18,0.0,0.0,9.98,4.84,0.09,0.29,,,,4.47,0.0
2020,Samoa,0.03,51.42027599,28.04,28.48,3.22,0.67,0.0,22.48,0.0,0.02,0.0,,,,122.66,79.99
2020,"San Marino, Rep. of",0.62,99.76580796,0.44,3.64,0.0,0.0,0.0,0.08,0.0,0.0,0.25,,,,0.49,0.58
2020,Saudi Arabia,324.37,100.4444708,184.1,2438.72,160.77,3.01,0.0,420.04,8.86,7630.9,181949.6,,,,140.19,147.44
2020,Senegal,50.89,99.31887331,2144.7,5374.42,315.74,196.13,0.0,7028.26,350.89,38.44,7.63,,,,4099.64,114.65
2020,"Serbia, Rep. of",119.09,100.2314411,745.12,4134.42,72.68,0.0,0.0,190.9,11.66,3.97,7.53,,,,3235.64,328.66
2020,Seychelles,0.14,100.6712925,3.09,1.7,11.21,7.46,0.0,2.06,0.0,0.26,0.67,,,,7.22,15.84
2020,Sierra Leone,25.86,99.0813785,578.98,3254.24,47.25,235.47,0.0,458.47,18.62,0.0,4.54,,,,2241.28,338.98
2020,Singapore,23.24,100.0301231,4.85,10.81,4.96,3.02,0.0,1.07,0.0,0.05,0.0,,,,10.02,1.93
2020,Slovak Rep.,149.1,100.4288434,402.5,1925.05,31.92,0.0,0.0,104.86,2.58,1.84,3.55,,,,2256.34,25.74
2020,"Slovenia, Rep. of",30.68,100.3996064,174.6,369.88,4.35,0.0,0.0,101.4,2.2,2.98,8.38,,,,1229.39,108.13
2020,Solomon Islands,0.92,125.6226509,6.25,9.62,98.04,136.43,0.0,5.13,0.0,0.22,0.0,,,,2548.32,37.22
2020,Somalia,48.36,98.66602475,7451.94,5008.72,87.63,1.38,0.0,37142.31,59.76,5958.08,5108.68,,,,2749.37,127.49
2020,South Africa,750.74,102.1739415,24336.22,13098.84,550.94,47.67,0.0,64754.68,263.95,9154.33,673.59,,,,8387.93,450.82
2020,"South Sudan, Rep. of",13.46,100.4352131,3087.6,2258.0,197.65,0.0,0.0,28604.71,3715.59,3.07,25.93,,,,25406.39,78.26
2020,Spain,601.13,97.78079531,7373.47,15386.16,440.92,0.0,0.0,6176.1,50.16,955.55,485.84,,,,12544.0,6618.77
2020,Sri Lanka,87.19,99.54919127,502.44,1553.67,189.97,20.95,0.0,1323.54,0.02,7.49,1.55,,,,1834.58,1132.41
2020,St. Kitts and Nevis,0.56,106.3089378,2.73,4.8,1.37,0.18,0.0,0.55,0.12,0.0,0.0,,,,16.0,0.1
2020,St. Lucia,0.78,103.5476887,1.14,0.7,1.38,0.64,0.0,0.94,0.09,0.05,0.0,,,,53.12,1.82
2020,St. Vincent and the Grenadines,0.62,100.4327468,1.8,0.78,12.35,0.53,0.0,0.71,0.06,0.0,0.73,,,,33.95,1.17
2020,Sub-Saharan Africa,,99.36992223,,,,,,,,,,297434.81,288777.98,1482467.13,,
2020,Sudan,157.78,100.4684893,24202.19,31418.65,488.94,26.2,0.0,15897.43,258.66,7689.94,96432.58,,,,8514.14,323.24
2020,Suriname,11.52,100.7750191,62.16,54.83,210.56,63.61,0.0,146.5,108.58,0.0,0.0,,,,13944.19,4.57
2020,Sweden,146.58,107.0709056,2521.11,3688.06,3857.83,0.0,23.78,1585.75,3616.27,1402.87,266.82,,,,27635.17,5.06
2020,Switzerland,135.43,99.36934298,1316.96,509.01,145.37,0.0,97.57,170.8,1.84,114.65,255.41,,,,1345.38,32.07
2020,Syrian Arab Rep.,132.66,100.15618,486.47,4049.91,130.01,0.0,0.0,236.13,1.01,948.46,11672.06,,,,269.16,926.32
2020,"São Tomé and Príncipe, Dem. Rep. of",1.0,99.49489898,1.09,0.73,2.36,1.09,0.0,0.56,0.02,0.02,0.0,,,,86.34,6.77
2020,Taiwan Province of China,162.07,102.4047064,107.6,735.61,61.98,26.64,0.0,33.61,37.0,4.62,0.0,,,,2226.18,232.9
2020,"Tajikistan, Rep. of",47.72,94.31718559,6547.59,2006.92,139.11,0.0,1085.17,655.24,5.84,571.14,2395.76,,,,284.91,482.0
2020,"Tanzania, United Rep. of",96.27,98.63395032,5352.45,20718.23,6082.07,63.89,0.0,16785.69,4491.4,93.97,245.92,,,,37555.99,3097.49
2020,Thailand,331.6,98.08983867,4088.63,22382.38,886.09,357.91,0.0,5147.2,14.49,31.54,0.11,,,,11345.53,7253.35
2020,"Timor-Leste, Dem. Rep. of",6.83,97.28226239,163.8,479.39,13.15,9.43,0.0,119.67,0.0,3.21,0.0,,,,359.75,343.53
2020,Togo,30.32,98.02813338,240.44,2127.27,21.32,0.38,0.0,714.32,1.2,0.01,0.05,,,,2442.63,136.47
2020,Tokelau,0.01,100.0,0.0,0.0,1.57,0.0,0.0,0.0,0.0,0.0,0.0,,,,0.0,0.0
2020,Tonga,0.07,100.2431002,4.02,14.8,9.24,1.01,0.0,2.59,0.0,0.15,0.0,,,,29.91,8.14
2020,Trinidad and Tobago,15.11,102.5379323,26.98,37.7,7.32,2.42,0.0,16.11,1.43,0.07,0.0,,,,377.16,33.17
2020,Tunisia,96.38,109.2612174,281.64,2522.54,139.29,0.0,0.0,133.29,0.49,1491.02,8749.75,,,,333.0,1888.1
2020,Turkmenistan,67.84,100.6523393,1468.52,4115.92,9048.84,0.0,0.0,6751.27,1.6,1381.69,32528.14,,,,89.86,127.3
2020,Turks and Caicos Islands,0.34,105.4958228,7.64,0.84,6.35,3.15,0.0,1.01,16.41,0.04,0.0,,,,16.56,0.84
2020,Tuvalu,0.01,100.6423983,0.1,0.45,3.44,0.0,0.0,0.05,0.0,0.09,0.0,,,,0.08,0.45
2020,"Türkiye, Rep. of",671.21,97.62449411,14179.79,29728.2,1427.3,0.0,0.0,7021.07,207.7,3153.12,1445.73,,,,14995.66,5401.95
2020,Uganda,54.77,99.23248364,1637.68,7791.52,3742.51,0.0,0.0,2490.45,373.75,0.05,0.36,,,,5732.39,2484.25
2020,Ukraine,1890.64,99.98474857,4242.07,41404.74,1462.58,0.0,0.0,443.09,51.23,36.47,22.91,,,,9369.87,1072.72
2020,United Arab Emirates,217.12,106.2324651,41.57,130.8,18.13,1.55,0.0,4.18,0.88,324.5,6248.89,,,,54.18,108.38
2020,United Kingdom,995.65,99.57330676,11527.44,6439.15,461.97,0.0,0.0,768.97,1293.18,510.29,55.25,,,,2276.49,48.57
2020,United States,10912.88,100.8772709,201022.4,152408.35,19179.1,189.12,6536.52,201446.15,7725.43,19414.1,18458.13,,,,292820.38,2608.79
2020,United States Virgin Islands,5.19,121.4986618,3.11,4.01,3.89,0.78,0.0,0.18,1.67,0.0,0.0,,,,16.34,0.89
2020,Uruguay,44.92,98.55566341,11504.65,2670.92,451.08,0.0,0.0,661.4,275.66,1.19,3.41,,,,2165.9,51.46
2020,"Uzbekistan, Rep. of",325.36,99.2717358,3348.78,7420.0,988.96,0.0,37.5,4405.47,67.44,2674.63,24739.44,,,,286.65,765.79
2020,Vanuatu,0.28,100.4147704,9.53,5.22,29.03,19.19,0.0,7.4,0.0,0.67,2.28,,,,1122.99,32.61
2020,"Venezuela, Rep. Bolivariana de",253.32,100.4599806,18059.41,7999.97,1435.03,308.19,0.05,7677.5,2055.48,562.48,104.3,,,,51198.96,2153.84
2020,Vietnam,278.92,93.71171234,2119.3,7334.01,765.05,205.28,0.0,5910.09,67.05,6.1,18.62,,,,10911.07,5328.42
2020,Wallis and Futuna Islands,0.03,99.28035015,1.11,0.71,3.68,0.0,0.0,0.86,0.0,0.0,0.0,,,,4.51,3.57
2020,West Bank and Gaza,29.48,97.85045643,40.11,83.56,19.11,0.0,0.0,30.71,0.0,116.37,116.57,,,,35.43,153.32
2020,Western Sahara,2.3,109.1785487,0.67,3.41,7.61,0.0,0.0,0.0,0.0,19.62,26941.95,,,,0.46,3.41
2020,"Yemen, Rep. of",38.18,101.1952406,164.11,1605.47,103.68,0.16,0.0,1608.93,0.87,5377.59,35827.99,,,,471.81,407.61
2020,Zambia,83.1,100.240566,3253.1,8278.47,1404.21,0.0,0.0,12441.95,2859.49,0.0,4.36,,,,47154.83,84.96
2020,Zimbabwe,65.65,99.18700956,2406.87,13223.33,447.22,0.0,0.0,11018.83,27.99,18.39,90.37,,,,11644.69,330.58
