Country,Year,Temperature
"Afghanistan, Islamic Rep. of",1961,-0.126
Africa,1961,-0.017
Albania,1961,0.635
Algeria,1961,0.155
American Samoa,1961,0.121
Americas,1961,0.053
"Andorra, Principality of",1961,0.756
Angola,1961,0.06
Anguilla,1961,0.058
Antarctica,1961,0.28
Antigua and Barbuda,1961,0.065
Argentina,1961,0.122
"Armenia, Rep. of",1961,
"Aruba, Kingdom of the Netherlands",1961,-0.237
Asia,1961,0.044
Australia,1961,0.158
Austria,1961,1.028
"Azerbaijan, Rep. of",1961,
"Bahamas, The",1961,0.016
"Bahrain, Kingdom of",1961,-0.481
Bangladesh,1961,0.128
Barbados,1961,0.24
"Belarus, Rep. of",1961,
Belgium,1961,
Belize,1961,-0.098
Benin,1961,-0.161
Bhutan,1961,0.203
Bolivia,1961,0.251
Bosnia and Herzegovina,1961,
Botswana,1961,0.105
Brazil,1961,0.164
British Virgin Islands,1961,0.051
Brunei Darussalam,1961,0.029
Bulgaria,1961,0.875
Burkina Faso,1961,-0.328
Burundi,1961,0.06
Cabo Verde,1961,-0.092
Cambodia,1961,-0.038
Cameroon,1961,-0.101
Canada,1961,0.049
Cayman Islands,1961,
Central African Rep.,1961,0.005
Chad,1961,-0.428
Chile,1961,-0.187
"China, P.R.: Hong Kong",1961,0.052
"China, P.R.: Macao",1961,0.052
"China, P.R.: Mainland",1961,0.256
Colombia,1961,0.023
"Comoros, Union of the",1961,0.458
"Congo, Dem. Rep. of the",1961,-0.011
"Congo, Rep. of",1961,-0.157
Cook Islands,1961,0.174
Costa Rica,1961,-0.037
Côte d'Ivoire,1961,-0.096
"Croatia, Rep. of",1961,
Cuba,1961,-0.046
Cyprus,1961,0.024
Czech Rep.,1961,
Denmark,1961,1.12
Djibouti,1961,0.146
Dominica,1961,0.064
Dominican Rep.,1961,-0.06
Ecuador,1961,-0.19
"Egypt, Arab Rep. of",1961,-0.223
El Salvador,1961,-0.154
"Equatorial Guinea, Rep. of",1961,-0.14
"Eritrea, The State of",1961,
"Estonia, Rep. of",1961,
"Eswatini, Kingdom of",1961,0.237
"Ethiopia, The Federal Dem. Rep. of",1961,
Europe,1961,0.881
Falkland Islands (Malvinas),1961,-0.351
Faroe Islands,1961,0.635
"Fiji, Rep. of",1961,0.266
Finland,1961,1.894
France,1961,0.835
French Polynesia,1961,0.209
Gabon,1961,-0.135
"Gambia, The",1961,-0.139
Georgia,1961,
Germany,1961,0.988
Ghana,1961,-0.114
Gibraltar,1961,0.598
Greece,1961,0.47
Greenland,1961,-0.398
Grenada,1961,0.504
Guadeloupe,1961,0.061
Guatemala,1961,-0.073
"Guiana, French",1961,-0.156
Guinea,1961,-0.159
Guinea-Bissau,1961,-0.133
Guyana,1961,0.092
Haiti,1961,-0.105
Holy See,1961,0.719
Honduras,1961,-0.121
Hungary,1961,1.172
Iceland,1961,0.546
India,1961,-0.214
Indonesia,1961,-0.069
"Iran, Islamic Rep. of",1961,-0.073
Iraq,1961,-0.19
Ireland,1961,0.268
Isle of Man,1961,0.36
Israel,1961,-0.134
Italy,1961,0.812
Jamaica,1961,-0.062
Japan,1961,0.67
Jordan,1961,-0.192
"Kazakhstan, Rep. of",1961,
Kenya,1961,0.284
Kiribati,1961,-0.035
"Korea, Dem. People's Rep. of",1961,0.497
"Korea, Rep. of",1961,0.635
Kuwait,1961,-0.292
Kyrgyz Rep.,1961,
Lao People's Dem. Rep.,1961,0.064
Latvia,1961,
Lebanon,1961,-0.035
"Lesotho, Kingdom of",1961,0.324
Liberia,1961,-0.139
Libya,1961,-0.417
Liechtenstein,1961,1.052
Lithuania,1961,
Luxembourg,1961,
"Madagascar, Rep. of",1961,0.521
Malawi,1961,0.337
Malaysia,1961,-0.072
Maldives,1961,
Mali,1961,-0.329
Malta,1961,0.557
"Marshall Islands, Rep. of the",1961,
Martinique,1961,0.101
"Mauritania, Islamic Rep. of",1961,0.003
Mauritius,1961,0.433
Mayotte,1961,0.445
Mexico,1961,-0.149
"Micronesia, Federated States of",1961,
"Moldova, Rep. of",1961,
Monaco,1961,0.772
Mongolia,1961,0.133
Montenegro,1961,
Montserrat,1961,0.065
Morocco,1961,0.646
"Mozambique, Rep. of",1961,0.427
Myanmar,1961,-0.035
Namibia,1961,0.154
"Nauru, Rep. of",1961,-0.26
Nepal,1961,0.129
"Netherlands, The",1961,0.85
New Caledonia,1961,-0.221
New Zealand,1961,-0.257
Nicaragua,1961,-0.109
Niger,1961,-0.697
Nigeria,1961,-0.237
Niue,1961,0.309
Norfolk Island,1961,-0.315
"North Macedonia, Republic of ",1961,
Norway,1961,1.239
Oceania,1961,0.126
Oman,1961,-0.114
Pakistan,1961,-0.28
"Palau, Rep. of",1961,
Panama,1961,-0.04
Papua New Guinea,1961,-0.193
Paraguay,1961,0.551
Peru,1961,-0.022
Philippines,1961,-0.121
Pitcairn Islands,1961,0.625
"Poland, Rep. of",1961,1.401
Portugal,1961,0.83
Puerto Rico,1961,-0.067
Qatar,1961,-0.55
Réunion,1961,0.408
Romania,1961,1.066
Russian Federation,1961,
Rwanda,1961,-0.002
Saint Helena,1961,0.167
Saint Pierre and Miquelon,1961,-0.041
Samoa,1961,0.068
"San Marino, Rep. of",1961,0.927
"São Tomé and Príncipe, Dem. Rep. of",1961,-0.173
Saudi Arabia,1961,-0.191
Senegal,1961,-0.16
"Serbia, Rep. of",1961,
Seychelles,1961,0.307
Sierra Leone,1961,-0.095
Singapore,1961,
Slovak Rep.,1961,
"Slovenia, Rep. of",1961,
Solomon Islands,1961,0.208
Somalia,1961,0.32
South Africa,1961,0.246
"South Sudan, Rep. of",1961,
Spain,1961,0.732
Sri Lanka,1961,-0.156
St. Kitts and Nevis,1961,0.065
St. Lucia,1961,0.29
St. Vincent and the Grenadines,1961,0.51
Sudan,1961,
Suriname,1961,-0.104
Svalbard Jan Mayen Islands,1961,0.565
Sweden,1961,1.556
Switzerland,1961,0.991
Syrian Arab Rep.,1961,-0.041
Taiwan Province of China,1961,0.15
"Tajikistan, Rep. of",1961,
"Tanzania, United Rep. of",1961,0.381
Thailand,1961,-0.165
"Timor-Leste, Dem. Rep. of",1961,-0.36
Togo,1961,-0.093
Tokelau,1961,-0.036
Tonga,1961,0.315
Trinidad and Tobago,1961,0.279
Tunisia,1961,0.299
"Türkiye, Rep. of",1961,0.178
Turkmenistan,1961,
Turks and Caicos Islands,1961,-0.09
Tuvalu,1961,-0.041
Uganda,1961,-0.025
Ukraine,1961,
United Arab Emirates,1961,-0.177
United Kingdom,1961,0.492
United States,1961,0.003
United States Virgin Islands,1961,0.034
Uruguay,1961,0.384
"Uzbekistan, Rep. of",1961,
Vanuatu,1961,0.208
"Venezuela, Rep. Bolivariana de",1961,0.023
Vietnam,1961,0.024
Wallis and Futuna Islands,1961,0.32
West Bank and Gaza,1961,-0.134
Western Sahara,1961,0.656
World,1961,0.209
"Yemen, Rep. of",1961,0.061
Zambia,1961,0.233
Zimbabwe,1961,0.29
"Afghanistan, Islamic Rep. of",1962,-0.173
Africa,1962,-0.036
Albania,1962,0.342
Algeria,1962,0.12
American Samoa,1962,0.0
Americas,1962,-0.084
"Andorra, Principality of",1962,0.12
Angola,1962,-0.132
Anguilla,1962,-0.034
Antarctica,1962,-0.228
Antigua and Barbuda,1962,-0.08
Argentina,1962,-0.06
"Armenia, Rep. of",1962,
"Aruba, Kingdom of the Netherlands",1962,0.1
Asia,1962,-0.018
Australia,1962,0.132
Austria,1962,-0.623
"Azerbaijan, Rep. of",1962,
"Bahamas, The",1962,-0.14
"Bahrain, Kingdom of",1962,0.392
Bangladesh,1962,-0.296
Barbados,1962,0.104
"Belarus, Rep. of",1962,
Belgium,1962,
Belize,1962,-0.251
Benin,1962,-0.267
Bhutan,1962,-0.3
Bolivia,1962,0.093
Bosnia and Herzegovina,1962,
Botswana,1962,0.22
Brazil,1962,-0.201
British Virgin Islands,1962,0.011
Brunei Darussalam,1962,-0.033
Bulgaria,1962,0.453
Burkina Faso,1962,-0.256
Burundi,1962,-0.464
Cabo Verde,1962,0.271
Cambodia,1962,-0.137
Cameroon,1962,-0.214
Canada,1962,-0.116
Cayman Islands,1962,-0.149
Central African Rep.,1962,-0.315
Chad,1962,-0.286
Chile,1962,0.315
"China, P.R.: Hong Kong",1962,-0.063
"China, P.R.: Macao",1962,-0.063
"China, P.R.: Mainland",1962,-0.147
Colombia,1962,-0.149
"Comoros, Union of the",1962,0.002
"Congo, Dem. Rep. of the",1962,-0.16
"Congo, Rep. of",1962,-0.028
Cook Islands,1962,-0.018
Costa Rica,1962,-0.422
Côte d'Ivoire,1962,-0.124
"Croatia, Rep. of",1962,
Cuba,1962,-0.045
Cyprus,1962,0.754
Czech Rep.,1962,
Denmark,1962,-0.641
Djibouti,1962,-0.189
Dominica,1962,-0.082
Dominican Rep.,1962,-0.057
Ecuador,1962,-0.237
"Egypt, Arab Rep. of",1962,0.666
El Salvador,1962,-0.315
"Equatorial Guinea, Rep. of",1962,-0.055
"Eritrea, The State of",1962,
"Estonia, Rep. of",1962,
"Eswatini, Kingdom of",1962,0.413
"Ethiopia, The Federal Dem. Rep. of",1962,
Europe,1962,0.302
Falkland Islands (Malvinas),1962,0.401
Faroe Islands,1962,-0.475
"Fiji, Rep. of",1962,-0.04
Finland,1962,-0.33
France,1962,-0.297
French Polynesia,1962,-0.05
Gabon,1962,-0.029
"Gambia, The",1962,-0.044
Georgia,1962,
Germany,1962,-0.751
Ghana,1962,-0.178
Gibraltar,1962,0.548
Greece,1962,0.603
Greenland,1962,0.925
Grenada,1962,-0.298
Guadeloupe,1962,-0.058
Guatemala,1962,-0.163
"Guiana, French",1962,-0.124
Guinea,1962,-0.163
Guinea-Bissau,1962,-0.072
Guyana,1962,-0.11
Haiti,1962,-0.082
Holy See,1962,0.091
Honduras,1962,-0.21
Hungary,1962,-0.422
Iceland,1962,-0.277
India,1962,-0.526
Indonesia,1962,0.013
"Iran, Islamic Rep. of",1962,0.253
Iraq,1962,0.887
Ireland,1962,-0.687
Isle of Man,1962,-0.746
Israel,1962,0.837
Italy,1962,0.046
Jamaica,1962,-0.016
Japan,1962,0.126
Jordan,1962,0.999
"Kazakhstan, Rep. of",1962,
Kenya,1962,-0.237
Kiribati,1962,-0.13
"Korea, Dem. People's Rep. of",1962,-0.054
"Korea, Rep. of",1962,-0.095
Kuwait,1962,0.783
Kyrgyz Rep.,1962,
Lao People's Dem. Rep.,1962,-0.249
Latvia,1962,
Lebanon,1962,0.819
"Lesotho, Kingdom of",1962,0.222
Liberia,1962,-0.13
Libya,1962,0.214
Liechtenstein,1962,-0.479
Lithuania,1962,
Luxembourg,1962,
"Madagascar, Rep. of",1962,-0.107
Malawi,1962,-0.137
Malaysia,1962,-0.106
Maldives,1962,-0.073
Mali,1962,-0.19
Malta,1962,0.386
"Marshall Islands, Rep. of the",1962,
Martinique,1962,-0.04
"Mauritania, Islamic Rep. of",1962,0.182
Mauritius,1962,-0.033
Mayotte,1962,0.035
Mexico,1962,0.183
"Micronesia, Federated States of",1962,
"Moldova, Rep. of",1962,
Monaco,1962,-0.013
Mongolia,1962,-0.132
Montenegro,1962,
Montserrat,1962,-0.08
Morocco,1962,0.552
"Mozambique, Rep. of",1962,0.054
Myanmar,1962,-0.127
Namibia,1962,-0.07
"Nauru, Rep. of",1962,
Nepal,1962,-0.459
"Netherlands, The",1962,-0.911
New Caledonia,1962,0.112
New Zealand,1962,0.606
Nicaragua,1962,-0.388
Niger,1962,-0.197
Nigeria,1962,-0.265
Niue,1962,-0.267
Norfolk Island,1962,0.396
"North Macedonia, Republic of ",1962,
Norway,1962,-0.772
Oceania,1962,0.15
Oman,1962,0.589
Pakistan,1962,-0.262
"Palau, Rep. of",1962,
Panama,1962,-0.462
Papua New Guinea,1962,0.197
Paraguay,1962,-0.672
Peru,1962,-0.152
Philippines,1962,-0.092
Pitcairn Islands,1962,0.173
"Poland, Rep. of",1962,-0.51
Portugal,1962,0.539
Puerto Rico,1962,-0.142
Qatar,1962,0.512
Réunion,1962,-0.219
Romania,1962,0.153
Russian Federation,1962,
Rwanda,1962,-0.273
Saint Helena,1962,-0.034
Saint Pierre and Miquelon,1962,-0.118
Samoa,1962,-0.011
"San Marino, Rep. of",1962,-0.103
"São Tomé and Príncipe, Dem. Rep. of",1962,-0.12
Saudi Arabia,1962,0.651
Senegal,1962,-0.005
"Serbia, Rep. of",1962,
Seychelles,1962,0.072
Sierra Leone,1962,-0.099
Singapore,1962,
Slovak Rep.,1962,
"Slovenia, Rep. of",1962,
Solomon Islands,1962,0.087
Somalia,1962,-0.027
South Africa,1962,0.212
"South Sudan, Rep. of",1962,
Spain,1962,0.41
Sri Lanka,1962,-0.121
St. Kitts and Nevis,1962,-0.08
St. Lucia,1962,-0.109
St. Vincent and the Grenadines,1962,-0.301
Sudan,1962,
Suriname,1962,-0.15
Svalbard Jan Mayen Islands,1962,-1.364
Sweden,1962,-0.692
Switzerland,1962,-0.354
Syrian Arab Rep.,1962,0.983
Taiwan Province of China,1962,-0.165
"Tajikistan, Rep. of",1962,
"Tanzania, United Rep. of",1962,-0.254
Thailand,1962,-0.158
"Timor-Leste, Dem. Rep. of",1962,-0.029
Togo,1962,-0.186
Tokelau,1962,0.123
Tonga,1962,-0.196
Trinidad and Tobago,1962,-0.171
Tunisia,1962,0.21
"Türkiye, Rep. of",1962,1.033
Turkmenistan,1962,
Turks and Caicos Islands,1962,-0.232
Tuvalu,1962,0.115
Uganda,1962,-0.288
Ukraine,1962,
United Arab Emirates,1962,0.6
United Kingdom,1962,-0.735
United States,1962,-0.027
United States Virgin Islands,1962,-0.018
Uruguay,1962,-0.47
"Uzbekistan, Rep. of",1962,
Vanuatu,1962,0.132
"Venezuela, Rep. Bolivariana de",1962,-0.125
Vietnam,1962,-0.232
Wallis and Futuna Islands,1962,-0.054
West Bank and Gaza,1962,0.839
Western Sahara,1962,0.596
World,1962,0.034
"Yemen, Rep. of",1962,0.02
Zambia,1962,-0.162
Zimbabwe,1962,0.254
"Afghanistan, Islamic Rep. of",1963,0.844
Africa,1963,0.063
Albania,1963,0.086
Algeria,1963,0.05
American Samoa,1963,0.211
Americas,1963,0.264
"Andorra, Principality of",1963,-0.744
Angola,1963,-0.171
Anguilla,1963,0.242
Antarctica,1963,0.135
Antigua and Barbuda,1963,0.183
Argentina,1963,0.165
"Armenia, Rep. of",1963,
"Aruba, Kingdom of the Netherlands",1963,0.02
Asia,1963,0.27
Australia,1963,-0.097
Austria,1963,-0.728
"Azerbaijan, Rep. of",1963,
"Bahamas, The",1963,-0.173
"Bahrain, Kingdom of",1963,0.633
Bangladesh,1963,-0.115
Barbados,1963,0.201
"Belarus, Rep. of",1963,
Belgium,1963,
Belize,1963,-0.184
Benin,1963,0.103
Bhutan,1963,-0.23
Bolivia,1963,0.437
Bosnia and Herzegovina,1963,
Botswana,1963,-0.505
Brazil,1963,0.159
British Virgin Islands,1963,0.301
Brunei Darussalam,1963,-0.147
Bulgaria,1963,-0.281
Burkina Faso,1963,0.125
Burundi,1963,-0.032
Cabo Verde,1963,0.535
Cambodia,1963,-0.293
Cameroon,1963,0.145
Canada,1963,0.337
Cayman Islands,1963,-0.298
Central African Rep.,1963,0.026
Chad,1963,0.288
Chile,1963,0.133
"China, P.R.: Hong Kong",1963,0.319
"China, P.R.: Macao",1963,0.319
"China, P.R.: Mainland",1963,0.288
Colombia,1963,-0.021
"Comoros, Union of the",1963,-0.247
"Congo, Dem. Rep. of the",1963,-0.041
"Congo, Rep. of",1963,0.136
Cook Islands,1963,-0.053
Costa Rica,1963,-0.047
Côte d'Ivoire,1963,0.133
"Croatia, Rep. of",1963,
Cuba,1963,-0.116
Cyprus,1963,0.704
Czech Rep.,1963,
Denmark,1963,-1.02
Djibouti,1963,0.02
Dominica,1963,0.181
Dominican Rep.,1963,0.057
Ecuador,1963,-0.09
"Egypt, Arab Rep. of",1963,0.66
El Salvador,1963,-0.236
"Equatorial Guinea, Rep. of",1963,0.245
"Eritrea, The State of",1963,
"Estonia, Rep. of",1963,
"Eswatini, Kingdom of",1963,-0.228
"Ethiopia, The Federal Dem. Rep. of",1963,
Europe,1963,0.103
Falkland Islands (Malvinas),1963,-0.286
Faroe Islands,1963,-0.052
"Fiji, Rep. of",1963,-0.002
Finland,1963,-0.396
France,1963,-0.946
French Polynesia,1963,0.028
Gabon,1963,0.266
"Gambia, The",1963,0.148
Georgia,1963,
Germany,1963,-1.085
Ghana,1963,0.107
Gibraltar,1963,0.047
Greece,1963,0.288
Greenland,1963,0.483
Grenada,1963,0.361
Guadeloupe,1963,0.211
Guatemala,1963,-0.136
"Guiana, French",1963,-0.105
Guinea,1963,0.13
Guinea-Bissau,1963,0.164
Guyana,1963,-0.038
Haiti,1963,-0.098
Holy See,1963,-0.132
Honduras,1963,-0.255
Hungary,1963,-0.464
Iceland,1963,-0.097
India,1963,-0.062
Indonesia,1963,-0.085
"Iran, Islamic Rep. of",1963,0.709
Iraq,1963,0.442
Ireland,1963,-0.773
Isle of Man,1963,-0.821
Israel,1963,0.833
Italy,1963,-0.347
Jamaica,1963,-0.059
Japan,1963,-0.054
Jordan,1963,0.792
"Kazakhstan, Rep. of",1963,
Kenya,1963,-0.202
Kiribati,1963,-0.072
"Korea, Dem. People's Rep. of",1963,-0.105
"Korea, Rep. of",1963,-0.471
Kuwait,1963,0.458
Kyrgyz Rep.,1963,
Lao People's Dem. Rep.,1963,-0.413
Latvia,1963,
Lebanon,1963,0.763
"Lesotho, Kingdom of",1963,-0.028
Liberia,1963,0.097
Libya,1963,0.255
Liechtenstein,1963,-0.774
Lithuania,1963,
Luxembourg,1963,
"Madagascar, Rep. of",1963,-0.312
Malawi,1963,-0.389
Malaysia,1963,-0.115
Maldives,1963,
Mali,1963,0.165
Malta,1963,-0.161
"Marshall Islands, Rep. of the",1963,
Martinique,1963,0.19
"Mauritania, Islamic Rep. of",1963,0.143
Mauritius,1963,-0.087
Mayotte,1963,-0.166
Mexico,1963,0.225
"Micronesia, Federated States of",1963,
"Moldova, Rep. of",1963,
Monaco,1963,-0.596
Mongolia,1963,1.187
Montenegro,1963,
Montserrat,1963,0.183
Morocco,1963,0.102
"Mozambique, Rep. of",1963,-0.392
Myanmar,1963,-0.178
Namibia,1963,0.063
"Nauru, Rep. of",1963,
Nepal,1963,-0.212
"Netherlands, The",1963,-1.273
New Caledonia,1963,-0.178
New Zealand,1963,-0.332
Nicaragua,1963,-0.205
Niger,1963,0.358
Nigeria,1963,0.251
Niue,1963,-0.378
Norfolk Island,1963,0.1
"North Macedonia, Republic of ",1963,
Norway,1963,-0.124
Oceania,1963,-0.101
Oman,1963,0.236
Pakistan,1963,0.402
"Palau, Rep. of",1963,
Panama,1963,-0.137
Papua New Guinea,1963,-0.042
Paraguay,1963,0.885
Peru,1963,0.035
Philippines,1963,-0.323
Pitcairn Islands,1963,0.246
"Poland, Rep. of",1963,-0.878
Portugal,1963,-0.07
Puerto Rico,1963,0.097
Qatar,1963,0.443
Réunion,1963,-0.438
Romania,1963,-0.317
Russian Federation,1963,
Rwanda,1963,-0.035
Saint Helena,1963,0.075
Saint Pierre and Miquelon,1963,-0.181
Samoa,1963,0.079
"San Marino, Rep. of",1963,-0.372
"São Tomé and Príncipe, Dem. Rep. of",1963,0.183
Saudi Arabia,1963,0.455
Senegal,1963,0.1
"Serbia, Rep. of",1963,
Seychelles,1963,-0.095
Sierra Leone,1963,0.145
Singapore,1963,
Slovak Rep.,1963,
"Slovenia, Rep. of",1963,
Solomon Islands,1963,-0.089
Somalia,1963,-0.206
South Africa,1963,0.181
"South Sudan, Rep. of",1963,
Spain,1963,-0.228
Sri Lanka,1963,-0.054
St. Kitts and Nevis,1963,0.183
St. Lucia,1963,0.261
St. Vincent and the Grenadines,1963,0.363
Sudan,1963,
Suriname,1963,-0.085
Svalbard Jan Mayen Islands,1963,-2.244
Sweden,1963,-0.456
Switzerland,1963,-0.867
Syrian Arab Rep.,1963,0.545
Taiwan Province of China,1963,-0.216
"Tajikistan, Rep. of",1963,
"Tanzania, United Rep. of",1963,-0.282
Thailand,1963,-0.328
"Timor-Leste, Dem. Rep. of",1963,-0.642
Togo,1963,0.053
Tokelau,1963,0.178
Tonga,1963,-0.29
Trinidad and Tobago,1963,0.241
Tunisia,1963,0.015
"Türkiye, Rep. of",1963,0.486
Turkmenistan,1963,
Turks and Caicos Islands,1963,0.044
Tuvalu,1963,-0.002
Uganda,1963,-0.209
Ukraine,1963,
United Arab Emirates,1963,0.318
United Kingdom,1963,-0.869
United States,1963,0.425
United States Virgin Islands,1963,0.263
Uruguay,1963,0.324
"Uzbekistan, Rep. of",1963,
Vanuatu,1963,-0.125
"Venezuela, Rep. Bolivariana de",1963,-0.026
Vietnam,1963,-0.299
Wallis and Futuna Islands,1963,0.122
West Bank and Gaza,1963,0.841
Western Sahara,1963,0.368
World,1963,0.164
"Yemen, Rep. of",1963,0.2
Zambia,1963,-0.385
Zimbabwe,1963,-0.444
"Afghanistan, Islamic Rep. of",1964,-0.751
Africa,1964,-0.156
Albania,1964,-0.169
Algeria,1964,0.254
American Samoa,1964,-0.089
Americas,1964,-0.244
"Andorra, Principality of",1964,0.315
Angola,1964,-0.21
Anguilla,1964,0.051
Antarctica,1964,-0.366
Antigua and Barbuda,1964,0.057
Argentina,1964,-0.345
"Armenia, Rep. of",1964,
"Aruba, Kingdom of the Netherlands",1964,0.212
Asia,1964,-0.171
Australia,1964,-0.015
Austria,1964,-0.369
"Azerbaijan, Rep. of",1964,
"Bahamas, The",1964,0.116
"Bahrain, Kingdom of",1964,-0.56
Bangladesh,1964,0.083
Barbados,1964,-0.019
"Belarus, Rep. of",1964,
Belgium,1964,
Belize,1964,-0.154
Benin,1964,-0.255
Bhutan,1964,0.05
Bolivia,1964,-0.151
Bosnia and Herzegovina,1964,
Botswana,1964,-0.079
Brazil,1964,-0.238
British Virgin Islands,1964,0.06
Brunei Darussalam,1964,0.083
Bulgaria,1964,-0.556
Burkina Faso,1964,-0.236
Burundi,1964,-0.153
Cabo Verde,1964,0.053
Cambodia,1964,0.18
Cameroon,1964,-0.17
Canada,1964,-0.296
Cayman Islands,1964,
Central African Rep.,1964,-0.159
Chad,1964,-0.198
Chile,1964,-0.151
"China, P.R.: Hong Kong",1964,0.108
"China, P.R.: Macao",1964,0.108
"China, P.R.: Mainland",1964,-0.023
Colombia,1964,0.092
"Comoros, Union of the",1964,-0.212
"Congo, Dem. Rep. of the",1964,-0.119
"Congo, Rep. of",1964,-0.115
Cook Islands,1964,0.215
Costa Rica,1964,-0.352
Côte d'Ivoire,1964,-0.228
"Croatia, Rep. of",1964,
Cuba,1964,0.129
Cyprus,1964,-0.606
Czech Rep.,1964,
Denmark,1964,-0.276
Djibouti,1964,-0.263
Dominica,1964,0.055
Dominican Rep.,1964,0.163
Ecuador,1964,-0.268
"Egypt, Arab Rep. of",1964,-0.384
El Salvador,1964,-0.1
"Equatorial Guinea, Rep. of",1964,-0.148
"Eritrea, The State of",1964,
"Estonia, Rep. of",1964,
"Eswatini, Kingdom of",1964,-0.014
"Ethiopia, The Federal Dem. Rep. of",1964,
Europe,1964,-0.522
Falkland Islands (Malvinas),1964,-0.082
Faroe Islands,1964,0.482
"Fiji, Rep. of",1964,0.23
Finland,1964,0.342
France,1964,0.033
French Polynesia,1964,-0.157
Gabon,1964,-0.126
"Gambia, The",1964,-0.164
Georgia,1964,
Germany,1964,-0.329
Ghana,1964,-0.195
Gibraltar,1964,0.501
Greece,1964,-0.32
Greenland,1964,0.305
Grenada,1964,-0.248
Guadeloupe,1964,0.053
Guatemala,1964,-0.081
"Guiana, French",1964,-0.111
Guinea,1964,-0.206
Guinea-Bissau,1964,-0.211
Guyana,1964,0.364
Haiti,1964,0.251
Holy See,1964,0.202
Honduras,1964,-0.035
Hungary,1964,-0.876
Iceland,1964,1.083
India,1964,0.002
Indonesia,1964,0.015
"Iran, Islamic Rep. of",1964,-0.702
Iraq,1964,-0.799
Ireland,1964,0.157
Isle of Man,1964,0.091
Israel,1964,-0.633
Italy,1964,0.147
Jamaica,1964,0.011
Japan,1964,0.26
Jordan,1964,-0.651
"Kazakhstan, Rep. of",1964,
Kenya,1964,-0.45
Kiribati,1964,-0.176
"Korea, Dem. People's Rep. of",1964,0.239
"Korea, Rep. of",1964,0.611
Kuwait,1964,-0.786
Kyrgyz Rep.,1964,
Lao People's Dem. Rep.,1964,-0.085
Latvia,1964,
Lebanon,1964,-0.713
"Lesotho, Kingdom of",1964,-0.055
Liberia,1964,-0.176
Libya,1964,-0.095
Liechtenstein,1964,0.058
Lithuania,1964,
Luxembourg,1964,
"Madagascar, Rep. of",1964,-0.399
Malawi,1964,-0.273
Malaysia,1964,0.034
Maldives,1964,
Mali,1964,-0.17
Malta,1964,0.299
"Marshall Islands, Rep. of the",1964,
Martinique,1964,0.046
"Mauritania, Islamic Rep. of",1964,0.09
Mauritius,1964,-0.186
Mayotte,1964,-0.132
Mexico,1964,-0.292
"Micronesia, Federated States of",1964,
"Moldova, Rep. of",1964,
Monaco,1964,0.435
Mongolia,1964,-0.184
Montenegro,1964,
Montserrat,1964,0.057
Morocco,1964,0.536
"Mozambique, Rep. of",1964,-0.154
Myanmar,1964,0.031
Namibia,1964,-0.09
"Nauru, Rep. of",1964,
Nepal,1964,0.154
"Netherlands, The",1964,-0.341
New Caledonia,1964,0.197
New Zealand,1964,-0.431
Nicaragua,1964,-0.171
Niger,1964,-0.338
Nigeria,1964,-0.285
Niue,1964,0.173
Norfolk Island,1964,0.17
"North Macedonia, Republic of ",1964,
Norway,1964,0.38
Oceania,1964,-0.021
Oman,1964,-0.643
Pakistan,1964,-0.374
"Palau, Rep. of",1964,
Panama,1964,-0.257
Papua New Guinea,1964,0.08
Paraguay,1964,-0.283
Peru,1964,-0.272
Philippines,1964,-0.005
Pitcairn Islands,1964,0.309
"Poland, Rep. of",1964,-0.711
Portugal,1964,0.527
Puerto Rico,1964,0.044
Qatar,1964,-0.404
Réunion,1964,-0.463
Romania,1964,-0.802
Russian Federation,1964,
Rwanda,1964,-0.133
Saint Helena,1964,0.008
Saint Pierre and Miquelon,1964,-0.516
Samoa,1964,0.085
"San Marino, Rep. of",1964,-0.083
"São Tomé and Príncipe, Dem. Rep. of",1964,-0.216
Saudi Arabia,1964,-0.495
Senegal,1964,-0.197
"Serbia, Rep. of",1964,
Seychelles,1964,-0.182
Sierra Leone,1964,-0.184
Singapore,1964,
Slovak Rep.,1964,
"Slovenia, Rep. of",1964,
Solomon Islands,1964,0.098
Somalia,1964,0.017
South Africa,1964,-0.076
"South Sudan, Rep. of",1964,
Spain,1964,0.486
Sri Lanka,1964,0.064
St. Kitts and Nevis,1964,0.057
St. Lucia,1964,-0.081
St. Vincent and the Grenadines,1964,-0.252
Sudan,1964,
Suriname,1964,-0.088
Svalbard Jan Mayen Islands,1964,-0.505
Sweden,1964,0.395
Switzerland,1964,0.138
Syrian Arab Rep.,1964,-0.709
Taiwan Province of China,1964,0.251
"Tajikistan, Rep. of",1964,
"Tanzania, United Rep. of",1964,-0.389
Thailand,1964,-0.038
"Timor-Leste, Dem. Rep. of",1964,-0.179
Togo,1964,-0.161
Tokelau,1964,-0.23
Tonga,1964,0.238
Trinidad and Tobago,1964,-0.133
Tunisia,1964,0.4
"Türkiye, Rep. of",1964,-0.719
Turkmenistan,1964,
Turks and Caicos Islands,1964,0.254
Tuvalu,1964,0.002
Uganda,1964,-0.265
Ukraine,1964,
United Arab Emirates,1964,-0.34
United Kingdom,1964,0.022
United States,1964,-0.281
United States Virgin Islands,1964,0.055
Uruguay,1964,-0.764
"Uzbekistan, Rep. of",1964,
Vanuatu,1964,0.26
"Venezuela, Rep. Bolivariana de",1964,0.074
Vietnam,1964,0.066
Wallis and Futuna Islands,1964,0.185
West Bank and Gaza,1964,-0.636
Western Sahara,1964,0.853
World,1964,-0.252
"Yemen, Rep. of",1964,-0.215
Zambia,1964,-0.275
Zimbabwe,1964,-0.086
"Afghanistan, Islamic Rep. of",1965,-0.22
Africa,1965,-0.201
Albania,1965,-0.39
Algeria,1965,-0.111
American Samoa,1965,-0.595
Americas,1965,-0.3
"Andorra, Principality of",1965,-0.489
Angola,1965,-0.173
Anguilla,1965,-0.317
Antarctica,1965,-0.099
Antigua and Barbuda,1965,-0.441
Argentina,1965,0.092
"Armenia, Rep. of",1965,
"Aruba, Kingdom of the Netherlands",1965,-0.43
Asia,1965,-0.028
Australia,1965,0.147
Austria,1965,-0.88
"Azerbaijan, Rep. of",1965,
"Bahamas, The",1965,0.008
"Bahrain, Kingdom of",1965,0.237
Bangladesh,1965,-0.215
Barbados,1965,-0.298
"Belarus, Rep. of",1965,
Belgium,1965,
Belize,1965,-0.195
Benin,1965,-0.122
Bhutan,1965,-0.583
Bolivia,1965,0.273
Bosnia and Herzegovina,1965,
Botswana,1965,0.076
Brazil,1965,-0.09
British Virgin Islands,1965,-0.193
Brunei Darussalam,1965,-0.239
Bulgaria,1965,-0.479
Burkina Faso,1965,-0.149
Burundi,1965,-0.229
Cabo Verde,1965,-0.267
Cambodia,1965,-0.19
Cameroon,1965,-0.107
Canada,1965,-0.869
Cayman Islands,1965,
Central African Rep.,1965,-0.067
Chad,1965,-0.127
Chile,1965,0.152
"China, P.R.: Hong Kong",1965,0.144
"China, P.R.: Macao",1965,0.144
"China, P.R.: Mainland",1965,0.081
Colombia,1965,-0.128
"Comoros, Union of the",1965,-0.334
"Congo, Dem. Rep. of the",1965,-0.19
"Congo, Rep. of",1965,-0.16
Cook Islands,1965,-0.323
Costa Rica,1965,0.041
Côte d'Ivoire,1965,-0.178
"Croatia, Rep. of",1965,
Cuba,1965,0.05
Cyprus,1965,-0.206
Czech Rep.,1965,
Denmark,1965,-0.605
Djibouti,1965,-0.389
Dominica,1965,-0.443
Dominican Rep.,1965,-0.331
Ecuador,1965,0.257
"Egypt, Arab Rep. of",1965,-0.098
El Salvador,1965,-0.128
"Equatorial Guinea, Rep. of",1965,-0.173
"Eritrea, The State of",1965,
"Estonia, Rep. of",1965,
"Eswatini, Kingdom of",1965,-0.265
"Ethiopia, The Federal Dem. Rep. of",1965,
Europe,1965,-0.433
Falkland Islands (Malvinas),1965,0.178
Faroe Islands,1965,-0.35
"Fiji, Rep. of",1965,-0.593
Finland,1965,-0.262
France,1965,-0.618
French Polynesia,1965,-0.069
Gabon,1965,-0.141
"Gambia, The",1965,-0.428
Georgia,1965,
Germany,1965,-0.813
Ghana,1965,-0.126
Gibraltar,1965,-0.058
Greece,1965,-0.339
Greenland,1965,0.869
Grenada,1965,-0.28
Guadeloupe,1965,-0.38
Guatemala,1965,-0.104
"Guiana, French",1965,-0.193
Guinea,1965,-0.132
Guinea-Bissau,1965,-0.362
Guyana,1965,-0.005
Haiti,1965,-0.264
Holy See,1965,-0.416
Honduras,1965,-0.084
Hungary,1965,-0.883
Iceland,1965,-0.064
India,1965,-0.053
Indonesia,1965,-0.188
"Iran, Islamic Rep. of",1965,-0.289
Iraq,1965,-0.122
Ireland,1965,-0.555
Isle of Man,1965,-0.585
Israel,1965,-0.042
Italy,1965,-0.42
Jamaica,1965,-0.172
Japan,1965,-0.527
Jordan,1965,-0.009
"Kazakhstan, Rep. of",1965,
Kenya,1965,-0.306
Kiribati,1965,-0.345
"Korea, Dem. People's Rep. of",1965,-0.207
"Korea, Rep. of",1965,-0.178
Kuwait,1965,0.057
Kyrgyz Rep.,1965,
Lao People's Dem. Rep.,1965,-0.192
Latvia,1965,
Lebanon,1965,-0.09
"Lesotho, Kingdom of",1965,-0.128
Liberia,1965,-0.28
Libya,1965,-0.101
Liechtenstein,1965,-0.833
Lithuania,1965,
Luxembourg,1965,
"Madagascar, Rep. of",1965,-0.601
Malawi,1965,-0.515
Malaysia,1965,-0.22
Maldives,1965,
Mali,1965,-0.307
Malta,1965,-0.205
"Marshall Islands, Rep. of the",1965,
Martinique,1965,-0.411
"Mauritania, Islamic Rep. of",1965,-0.504
Mauritius,1965,-0.113
Mayotte,1965,-0.49
Mexico,1965,-0.071
"Micronesia, Federated States of",1965,
"Moldova, Rep. of",1965,
Monaco,1965,-0.444
Mongolia,1965,0.847
Montenegro,1965,
Montserrat,1965,-0.441
Morocco,1965,-0.262
"Mozambique, Rep. of",1965,-0.551
Myanmar,1965,-0.317
Namibia,1965,-0.095
"Nauru, Rep. of",1965,
Nepal,1965,-0.369
"Netherlands, The",1965,-0.73
New Caledonia,1965,-0.77
New Zealand,1965,-0.429
Nicaragua,1965,0.001
Niger,1965,-0.076
Nigeria,1965,-0.069
Niue,1965,-0.444
Norfolk Island,1965,-0.452
"North Macedonia, Republic of ",1965,
Norway,1965,-0.258
Oceania,1965,0.087
Oman,1965,-0.509
Pakistan,1965,-0.307
"Palau, Rep. of",1965,
Panama,1965,-0.161
Papua New Guinea,1965,-0.496
Paraguay,1965,-0.103
Peru,1965,0.157
Philippines,1965,-0.269
Pitcairn Islands,1965,0.296
"Poland, Rep. of",1965,-1.051
Portugal,1965,-0.22
Puerto Rico,1965,-0.363
Qatar,1965,0.382
Réunion,1965,-0.582
Romania,1965,-0.683
Russian Federation,1965,
Rwanda,1965,-0.293
Saint Helena,1965,-0.111
Saint Pierre and Miquelon,1965,-0.489
Samoa,1965,-0.327
"San Marino, Rep. of",1965,-0.392
"São Tomé and Príncipe, Dem. Rep. of",1965,-0.184
Saudi Arabia,1965,0.142
Senegal,1965,-0.412
"Serbia, Rep. of",1965,
Seychelles,1965,-0.55
Sierra Leone,1965,-0.321
Singapore,1965,
Slovak Rep.,1965,
"Slovenia, Rep. of",1965,
Solomon Islands,1965,-0.504
Somalia,1965,-0.384
South Africa,1965,-0.03
"South Sudan, Rep. of",1965,
Spain,1965,-0.193
Sri Lanka,1965,-0.145
St. Kitts and Nevis,1965,-0.441
St. Lucia,1965,-0.336
St. Vincent and the Grenadines,1965,-0.282
Sudan,1965,
Suriname,1965,-0.063
Svalbard Jan Mayen Islands,1965,-0.16
Sweden,1965,-0.222
Switzerland,1965,-0.788
Syrian Arab Rep.,1965,-0.186
Taiwan Province of China,1965,-0.143
"Tajikistan, Rep. of",1965,
"Tanzania, United Rep. of",1965,-0.207
Thailand,1965,-0.238
"Timor-Leste, Dem. Rep. of",1965,
Togo,1965,-0.077
Tokelau,1965,-0.182
Tonga,1965,-0.602
Trinidad and Tobago,1965,-0.226
Tunisia,1965,-0.094
"Türkiye, Rep. of",1965,-0.34
Turkmenistan,1965,
Turks and Caicos Islands,1965,-0.314
Tuvalu,1965,-0.3
Uganda,1965,-0.133
Ukraine,1965,
United Arab Emirates,1965,0.148
United Kingdom,1965,-0.579
United States,1965,-0.36
United States Virgin Islands,1965,-0.224
Uruguay,1965,0.176
"Uzbekistan, Rep. of",1965,
Vanuatu,1965,-0.528
"Venezuela, Rep. Bolivariana de",1965,-0.182
Vietnam,1965,-0.003
Wallis and Futuna Islands,1965,-0.412
West Bank and Gaza,1965,-0.041
Western Sahara,1965,-0.319
World,1965,-0.224
"Yemen, Rep. of",1965,-0.586
Zambia,1965,-0.405
Zimbabwe,1965,-0.46
"Afghanistan, Islamic Rep. of",1966,0.239
Africa,1966,0.138
Albania,1966,0.553
Algeria,1966,0.405
American Samoa,1966,0.129
Americas,1966,-0.104
"Andorra, Principality of",1966,0.414
Angola,1966,0.198
Anguilla,1966,0.126
Antarctica,1966,-0.24
Antigua and Barbuda,1966,0.158
Argentina,1966,-0.164
"Armenia, Rep. of",1966,
"Aruba, Kingdom of the Netherlands",1966,0.13
Asia,1966,0.33
Australia,1966,-0.229
Austria,1966,0.609
"Azerbaijan, Rep. of",1966,
"Bahamas, The",1966,-0.166
"Bahrain, Kingdom of",1966,0.539
Bangladesh,1966,0.312
Barbados,1966,-0.176
"Belarus, Rep. of",1966,
Belgium,1966,
Belize,1966,-0.306
Benin,1966,-0.096
Bhutan,1966,0.135
Bolivia,1966,-0.042
Bosnia and Herzegovina,1966,
Botswana,1966,0.424
Brazil,1966,0.026
British Virgin Islands,1966,0.236
Brunei Darussalam,1966,0.191
Bulgaria,1966,1.142
Burkina Faso,1966,-0.144
Burundi,1966,0.043
Cabo Verde,1966,0.329
Cambodia,1966,0.441
Cameroon,1966,-0.017
Canada,1966,-0.158
Cayman Islands,1966,-0.172
Central African Rep.,1966,0.023
Chad,1966,-0.034
Chile,1966,-0.185
"China, P.R.: Hong Kong",1966,0.646
"China, P.R.: Macao",1966,0.646
"China, P.R.: Mainland",1966,0.186
Colombia,1966,0.143
"Comoros, Union of the",1966,0.06
"Congo, Dem. Rep. of the",1966,0.114
"Congo, Rep. of",1966,0.107
Cook Islands,1966,0.072
Costa Rica,1966,
Côte d'Ivoire,1966,0.123
"Croatia, Rep. of",1966,
Cuba,1966,-0.308
Cyprus,1966,0.629
Czech Rep.,1966,
Denmark,1966,-0.505
Djibouti,1966,0.042
Dominica,1966,0.157
Dominican Rep.,1966,0.018
Ecuador,1966,0.05
"Egypt, Arab Rep. of",1966,0.439
El Salvador,1966,0.061
"Equatorial Guinea, Rep. of",1966,0.121
"Eritrea, The State of",1966,
"Estonia, Rep. of",1966,
"Eswatini, Kingdom of",1966,0.248
"Ethiopia, The Federal Dem. Rep. of",1966,
Europe,1966,0.724
Falkland Islands (Malvinas),1966,-0.606
Faroe Islands,1966,-0.39
"Fiji, Rep. of",1966,-0.238
Finland,1966,-1.8
France,1966,0.427
French Polynesia,1966,0.091
Gabon,1966,0.158
"Gambia, The",1966,-0.05
Georgia,1966,
Germany,1966,0.408
Ghana,1966,0.083
Gibraltar,1966,0.248
Greece,1966,0.776
Greenland,1966,-0.168
Grenada,1966,-0.003
Guadeloupe,1966,0.141
Guatemala,1966,-0.103
"Guiana, French",1966,0.116
Guinea,1966,-0.018
Guinea-Bissau,1966,-0.025
Guyana,1966,0.263
Haiti,1966,0.143
Holy See,1966,0.26
Honduras,1966,0.011
Hungary,1966,0.757
Iceland,1966,-0.408
India,1966,0.308
Indonesia,1966,0.04
"Iran, Islamic Rep. of",1966,0.755
Iraq,1966,0.979
Ireland,1966,-0.042
Isle of Man,1966,-0.107
Israel,1966,0.601
Italy,1966,0.308
Jamaica,1966,0.057
Japan,1966,0.014
Jordan,1966,0.738
"Kazakhstan, Rep. of",1966,
Kenya,1966,0.089
Kiribati,1966,-0.013
"Korea, Dem. People's Rep. of",1966,-0.063
"Korea, Rep. of",1966,0.099
Kuwait,1966,0.807
Kyrgyz Rep.,1966,
Lao People's Dem. Rep.,1966,0.445
Latvia,1966,
Lebanon,1966,0.676
"Lesotho, Kingdom of",1966,0.192
Liberia,1966,0.044
Libya,1966,0.269
Liechtenstein,1966,0.417
Lithuania,1966,
Luxembourg,1966,
"Madagascar, Rep. of",1966,-0.092
Malawi,1966,0.168
Malaysia,1966,0.143
Maldives,1966,0.405
Mali,1966,0.009
Malta,1966,0.152
"Marshall Islands, Rep. of the",1966,
Martinique,1966,0.094
"Mauritania, Islamic Rep. of",1966,0.146
Mauritius,1966,0.076
Mayotte,1966,0.121
Mexico,1966,-0.249
"Micronesia, Federated States of",1966,
"Moldova, Rep. of",1966,
Monaco,1966,0.224
Mongolia,1966,0.375
Montenegro,1966,
Montserrat,1966,0.158
Morocco,1966,0.484
"Mozambique, Rep. of",1966,0.165
Myanmar,1966,0.377
Namibia,1966,0.103
"Nauru, Rep. of",1966,-0.356
Nepal,1966,0.29
"Netherlands, The",1966,0.27
New Caledonia,1966,-0.6
New Zealand,1966,-0.213
Nicaragua,1966,0.202
Niger,1966,-0.067
Nigeria,1966,-0.097
Niue,1966,-0.325
Norfolk Island,1966,-0.265
"North Macedonia, Republic of ",1966,
Norway,1966,-1.638
Oceania,1966,-0.221
Oman,1966,0.12
Pakistan,1966,-0.161
"Palau, Rep. of",1966,
Panama,1966,0.131
Papua New Guinea,1966,-0.091
Paraguay,1966,-0.084
Peru,1966,0.03
Philippines,1966,0.193
Pitcairn Islands,1966,-0.42
"Poland, Rep. of",1966,0.562
Portugal,1966,0.285
Puerto Rico,1966,-0.011
Qatar,1966,0.442
Réunion,1966,-0.126
Romania,1966,1.048
Russian Federation,1966,
Rwanda,1966,0.031
Saint Helena,1966,0.09
Saint Pierre and Miquelon,1966,0.136
Samoa,1966,0.068
"San Marino, Rep. of",1966,0.397
"São Tomé and Príncipe, Dem. Rep. of",1966,0.143
Saudi Arabia,1966,0.639
Senegal,1966,-0.044
"Serbia, Rep. of",1966,
Seychelles,1966,0.058
Sierra Leone,1966,-0.045
Singapore,1966,
Slovak Rep.,1966,
"Slovenia, Rep. of",1966,
Solomon Islands,1966,-0.167
Somalia,1966,0.182
South Africa,1966,0.243
"South Sudan, Rep. of",1966,
Spain,1966,0.408
Sri Lanka,1966,0.211
St. Kitts and Nevis,1966,0.158
St. Lucia,1966,0.0
St. Vincent and the Grenadines,1966,-0.005
Sudan,1966,
Suriname,1966,0.154
Svalbard Jan Mayen Islands,1966,-2.357
Sweden,1966,-1.668
Switzerland,1966,0.471
Syrian Arab Rep.,1966,0.921
Taiwan Province of China,1966,0.296
"Tajikistan, Rep. of",1966,
"Tanzania, United Rep. of",1966,0.098
Thailand,1966,0.399
"Timor-Leste, Dem. Rep. of",1966,0.086
Togo,1966,0.0
Tokelau,1966,-0.136
Tonga,1966,-0.387
Trinidad and Tobago,1966,0.064
Tunisia,1966,0.543
"Türkiye, Rep. of",1966,1.424
Turkmenistan,1966,
Turks and Caicos Islands,1966,0.227
Tuvalu,1966,0.019
Uganda,1966,0.003
Ukraine,1966,
United Arab Emirates,1966,0.26
United Kingdom,1966,-0.142
United States,1966,-0.212
United States Virgin Islands,1966,0.01
Uruguay,1966,-0.431
"Uzbekistan, Rep. of",1966,
Vanuatu,1966,-0.223
"Venezuela, Rep. Bolivariana de",1966,0.195
Vietnam,1966,0.484
Wallis and Futuna Islands,1966,0.046
West Bank and Gaza,1966,0.597
Western Sahara,1966,0.312
World,1966,0.201
"Yemen, Rep. of",1966,0.122
Zambia,1966,0.311
Zimbabwe,1966,0.224
"Afghanistan, Islamic Rep. of",1967,-0.348
Africa,1967,-0.215
Albania,1967,-0.082
Algeria,1967,-0.024
American Samoa,1967,-0.387
Americas,1967,-0.113
"Andorra, Principality of",1967,0.636
Angola,1967,-0.086
Anguilla,1967,-0.136
Antarctica,1967,0.133
Antigua and Barbuda,1967,-0.136
Argentina,1967,-0.001
"Armenia, Rep. of",1967,
"Aruba, Kingdom of the Netherlands",1967,-0.268
Asia,1967,-0.305
Australia,1967,-0.081
Austria,1967,0.684
"Azerbaijan, Rep. of",1967,
"Bahamas, The",1967,-0.18
"Bahrain, Kingdom of",1967,-0.352
Bangladesh,1967,-0.213
Barbados,1967,-0.287
"Belarus, Rep. of",1967,
Belgium,1967,
Belize,1967,-0.411
Benin,1967,-0.269
Bhutan,1967,-0.38
Bolivia,1967,0.38
Bosnia and Herzegovina,1967,
Botswana,1967,-0.463
Brazil,1967,0.046
British Virgin Islands,1967,
Brunei Darussalam,1967,-0.072
Bulgaria,1967,0.01
Burkina Faso,1967,-0.177
Burundi,1967,-0.217
Cabo Verde,1967,-0.001
Cambodia,1967,-0.095
Cameroon,1967,-0.136
Canada,1967,-0.457
Cayman Islands,1967,-0.235
Central African Rep.,1967,-0.309
Chad,1967,-0.396
Chile,1967,-0.148
"China, P.R.: Hong Kong",1967,0.05
"China, P.R.: Macao",1967,0.05
"China, P.R.: Mainland",1967,-0.274
Colombia,1967,-0.255
"Comoros, Union of the",1967,0.155
"Congo, Dem. Rep. of the",1967,-0.123
"Congo, Rep. of",1967,-0.143
Cook Islands,1967,-0.333
Costa Rica,1967,
Côte d'Ivoire,1967,-0.189
"Croatia, Rep. of",1967,
Cuba,1967,-0.245
Cyprus,1967,-0.763
Czech Rep.,1967,
Denmark,1967,0.828
Djibouti,1967,-0.431
Dominica,1967,-0.137
Dominican Rep.,1967,-0.239
Ecuador,1967,-0.427
"Egypt, Arab Rep. of",1967,-0.69
El Salvador,1967,-0.464
"Equatorial Guinea, Rep. of",1967,-0.088
"Eritrea, The State of",1967,
"Estonia, Rep. of",1967,
"Eswatini, Kingdom of",1967,-0.3
"Ethiopia, The Federal Dem. Rep. of",1967,
Europe,1967,0.167
Falkland Islands (Malvinas),1967,0.011
Faroe Islands,1967,-0.117
"Fiji, Rep. of",1967,-0.248
Finland,1967,1.091
France,1967,0.501
French Polynesia,1967,-0.257
Gabon,1967,-0.108
"Gambia, The",1967,-0.347
Georgia,1967,
Germany,1967,0.872
Ghana,1967,-0.177
Gibraltar,1967,-0.116
Greece,1967,-0.206
Greenland,1967,-0.417
Grenada,1967,-0.25
Guadeloupe,1967,-0.136
Guatemala,1967,-0.406
"Guiana, French",1967,-0.212
Guinea,1967,-0.244
Guinea-Bissau,1967,-0.255
Guyana,1967,-0.114
Haiti,1967,-0.353
Holy See,1967,0.159
Honduras,1967,-0.307
Hungary,1967,0.6
Iceland,1967,-0.513
India,1967,-0.213
Indonesia,1967,-0.159
"Iran, Islamic Rep. of",1967,-0.244
Iraq,1967,-0.828
Ireland,1967,-0.018
Isle of Man,1967,0.098
Israel,1967,-0.9
Italy,1967,0.302
Jamaica,1967,-0.198
Japan,1967,0.029
Jordan,1967,-1.023
"Kazakhstan, Rep. of",1967,
Kenya,1967,-0.03
Kiribati,1967,-0.035
"Korea, Dem. People's Rep. of",1967,0.165
"Korea, Rep. of",1967,0.167
Kuwait,1967,-0.651
Kyrgyz Rep.,1967,
Lao People's Dem. Rep.,1967,-0.102
Latvia,1967,
Lebanon,1967,-0.908
"Lesotho, Kingdom of",1967,-0.146
Liberia,1967,-0.107
Libya,1967,-0.568
Liechtenstein,1967,0.556
Lithuania,1967,
Luxembourg,1967,
"Madagascar, Rep. of",1967,0.288
Malawi,1967,0.096
Malaysia,1967,-0.123
Maldives,1967,-0.148
Mali,1967,-0.114
Malta,1967,0.135
"Marshall Islands, Rep. of the",1967,
Martinique,1967,-0.164
"Mauritania, Islamic Rep. of",1967,-0.216
Mauritius,1967,0.214
Mayotte,1967,0.191
Mexico,1967,-0.109
"Micronesia, Federated States of",1967,
"Moldova, Rep. of",1967,
Monaco,1967,0.443
Mongolia,1967,-0.443
Montenegro,1967,
Montserrat,1967,-0.136
Morocco,1967,-0.012
"Mozambique, Rep. of",1967,0.135
Myanmar,1967,-0.073
Namibia,1967,-0.147
"Nauru, Rep. of",1967,
Nepal,1967,-0.264
"Netherlands, The",1967,0.757
New Caledonia,1967,0.074
New Zealand,1967,-0.166
Nicaragua,1967,-0.338
Niger,1967,-0.33
Nigeria,1967,-0.317
Niue,1967,-0.176
Norfolk Island,1967,0.201
"North Macedonia, Republic of ",1967,
Norway,1967,0.56
Oceania,1967,-0.092
Oman,1967,0.03
Pakistan,1967,-0.311
"Palau, Rep. of",1967,
Panama,1967,-0.191
Papua New Guinea,1967,-0.216
Paraguay,1967,0.493
Peru,1967,-0.295
Philippines,1967,-0.129
Pitcairn Islands,1967,0.453
"Poland, Rep. of",1967,1.143
Portugal,1967,-0.047
Puerto Rico,1967,-0.198
Qatar,1967,-0.212
Réunion,1967,0.305
Romania,1967,0.277
Russian Federation,1967,
Rwanda,1967,-0.232
Saint Helena,1967,-0.272
Saint Pierre and Miquelon,1967,0.224
Samoa,1967,-0.291
"San Marino, Rep. of",1967,0.383
"São Tomé and Príncipe, Dem. Rep. of",1967,-0.155
Saudi Arabia,1967,-0.704
Senegal,1967,-0.404
"Serbia, Rep. of",1967,
Seychelles,1967,0.014
Sierra Leone,1967,-0.149
Singapore,1967,
Slovak Rep.,1967,
"Slovenia, Rep. of",1967,
Solomon Islands,1967,-0.179
Somalia,1967,-0.078
South Africa,1967,-0.08
"South Sudan, Rep. of",1967,
Spain,1967,0.148
Sri Lanka,1967,-0.089
St. Kitts and Nevis,1967,-0.136
St. Lucia,1967,-0.224
St. Vincent and the Grenadines,1967,-0.254
Sudan,1967,
Suriname,1967,-0.238
Svalbard Jan Mayen Islands,1967,-0.135
Sweden,1967,0.832
Switzerland,1967,0.56
Syrian Arab Rep.,1967,-1.011
Taiwan Province of China,1967,0.099
"Tajikistan, Rep. of",1967,
"Tanzania, United Rep. of",1967,0.056
Thailand,1967,-0.056
"Timor-Leste, Dem. Rep. of",1967,-0.419
Togo,1967,-0.221
Tokelau,1967,-0.474
Tonga,1967,-0.165
Trinidad and Tobago,1967,-0.154
Tunisia,1967,0.026
"Türkiye, Rep. of",1967,-0.828
Turkmenistan,1967,
Turks and Caicos Islands,1967,
Tuvalu,1967,-0.221
Uganda,1967,-0.073
Ukraine,1967,
United Arab Emirates,1967,-0.028
United Kingdom,1967,0.215
United States,1967,0.078
United States Virgin Islands,1967,-0.19
Uruguay,1967,0.009
"Uzbekistan, Rep. of",1967,
Vanuatu,1967,-0.201
"Venezuela, Rep. Bolivariana de",1967,-0.258
Vietnam,1967,-0.125
Wallis and Futuna Islands,1967,-0.256
West Bank and Gaza,1967,-0.9
Western Sahara,1967,0.008
World,1967,-0.117
"Yemen, Rep. of",1967,-0.224
Zambia,1967,-0.012
Zimbabwe,1967,-0.05
"Afghanistan, Islamic Rep. of",1968,-0.398
Africa,1968,-0.221
Albania,1968,0.062
Algeria,1968,-0.065
American Samoa,1968,-0.185
Americas,1968,-0.003
"Andorra, Principality of",1968,0.005
Angola,1968,-0.202
Anguilla,1968,-0.255
Antarctica,1968,-0.087
Antigua and Barbuda,1968,-0.255
Argentina,1968,0.479
"Armenia, Rep. of",1968,
"Aruba, Kingdom of the Netherlands",1968,-0.062
Asia,1968,-0.329
Australia,1968,-0.199
Austria,1968,0.218
"Azerbaijan, Rep. of",1968,
"Bahamas, The",1968,-0.317
"Bahrain, Kingdom of",1968,-0.435
Bangladesh,1968,-0.224
Barbados,1968,-0.407
"Belarus, Rep. of",1968,
Belgium,1968,
Belize,1968,-0.283
Benin,1968,-0.096
Bhutan,1968,-0.484
Bolivia,1968,-0.04
Bosnia and Herzegovina,1968,
Botswana,1968,-0.184
Brazil,1968,-0.408
British Virgin Islands,1968,
Brunei Darussalam,1968,-0.142
Bulgaria,1968,0.432
Burkina Faso,1968,-0.197
Burundi,1968,-0.232
Cabo Verde,1968,-0.296
Cambodia,1968,-0.147
Cameroon,1968,-0.103
Canada,1968,0.477
Cayman Islands,1968,-0.37
Central African Rep.,1968,-0.216
Chad,1968,-0.178
Chile,1968,0.349
"China, P.R.: Hong Kong",1968,-0.646
"China, P.R.: Macao",1968,-0.646
"China, P.R.: Mainland",1968,-0.402
Colombia,1968,-0.209
"Comoros, Union of the",1968,-0.452
"Congo, Dem. Rep. of the",1968,-0.169
"Congo, Rep. of",1968,-0.104
Cook Islands,1968,-0.356
Costa Rica,1968,
Côte d'Ivoire,1968,-0.057
"Croatia, Rep. of",1968,
Cuba,1968,-0.354
Cyprus,1968,-0.001
Czech Rep.,1968,
Denmark,1968,0.272
Djibouti,1968,-0.475
Dominica,1968,-0.254
Dominican Rep.,1968,-0.256
Ecuador,1968,-0.351
"Egypt, Arab Rep. of",1968,-0.133
El Salvador,1968,-0.345
"Equatorial Guinea, Rep. of",1968,-0.088
"Eritrea, The State of",1968,
"Estonia, Rep. of",1968,
"Eswatini, Kingdom of",1968,-0.461
"Ethiopia, The Federal Dem. Rep. of",1968,
Europe,1968,0.041
Falkland Islands (Malvinas),1968,0.286
Faroe Islands,1968,-0.248
"Fiji, Rep. of",1968,-0.072
Finland,1968,-1.631
France,1968,-0.073
French Polynesia,1968,-0.515
Gabon,1968,-0.117
"Gambia, The",1968,-0.526
Georgia,1968,
Germany,1968,0.207
Ghana,1968,-0.085
Gibraltar,1968,-0.003
Greece,1968,0.181
Greenland,1968,-0.276
Grenada,1968,-0.295
Guadeloupe,1968,-0.254
Guatemala,1968,-0.366
"Guiana, French",1968,-0.238
Guinea,1968,-0.179
Guinea-Bissau,1968,-0.427
Guyana,1968,-0.185
Haiti,1968,-0.368
Holy See,1968,0.039
Honduras,1968,-0.343
Hungary,1968,0.386
Iceland,1968,-0.557
India,1968,-0.224
Indonesia,1968,-0.017
"Iran, Islamic Rep. of",1968,-0.212
Iraq,1968,-0.259
Ireland,1968,0.055
Isle of Man,1968,0.023
Israel,1968,-0.062
Italy,1968,0.015
Jamaica,1968,-0.143
Japan,1968,-0.501
Jordan,1968,-0.088
"Kazakhstan, Rep. of",1968,
Kenya,1968,-0.627
Kiribati,1968,-0.012
"Korea, Dem. People's Rep. of",1968,-0.467
"Korea, Rep. of",1968,-0.68
Kuwait,1968,-0.277
Kyrgyz Rep.,1968,
Lao People's Dem. Rep.,1968,-0.141
Latvia,1968,
Lebanon,1968,-0.047
"Lesotho, Kingdom of",1968,-0.417
Liberia,1968,0.007
Libya,1968,-0.024
Liechtenstein,1968,0.023
Lithuania,1968,
Luxembourg,1968,
"Madagascar, Rep. of",1968,-0.422
Malawi,1968,-0.25
Malaysia,1968,-0.081
Maldives,1968,-0.239
Mali,1968,-0.273
Malta,1968,0.001
"Marshall Islands, Rep. of the",1968,
Martinique,1968,-0.285
"Mauritania, Islamic Rep. of",1968,-0.464
Mauritius,1968,-0.21
Mayotte,1968,-0.446
Mexico,1968,-0.424
"Micronesia, Federated States of",1968,
"Moldova, Rep. of",1968,
Monaco,1968,0.009
Mongolia,1968,-0.788
Montenegro,1968,
Montserrat,1968,-0.255
Morocco,1968,-0.163
"Mozambique, Rep. of",1968,-0.339
Myanmar,1968,-0.173
Namibia,1968,-0.168
"Nauru, Rep. of",1968,
Nepal,1968,-0.392
"Netherlands, The",1968,0.157
New Caledonia,1968,-0.383
New Zealand,1968,-0.068
Nicaragua,1968,-0.319
Niger,1968,0.102
Nigeria,1968,-0.034
Niue,1968,-0.018
Norfolk Island,1968,-0.005
"North Macedonia, Republic of ",1968,
Norway,1968,-0.936
Oceania,1968,-0.187
Oman,1968,-0.614
Pakistan,1968,-0.475
"Palau, Rep. of",1968,
Panama,1968,-0.147
Papua New Guinea,1968,-0.04
Paraguay,1968,-0.051
Peru,1968,-0.366
Philippines,1968,-0.097
Pitcairn Islands,1968,-0.32
"Poland, Rep. of",1968,0.467
Portugal,1968,0.019
Puerto Rico,1968,-0.257
Qatar,1968,-0.495
Réunion,1968,-0.296
Romania,1968,0.436
Russian Federation,1968,
Rwanda,1968,-0.065
Saint Helena,1968,0.23
Saint Pierre and Miquelon,1968,0.094
Samoa,1968,-0.209
"San Marino, Rep. of",1968,-0.035
"São Tomé and Príncipe, Dem. Rep. of",1968,-0.153
Saudi Arabia,1968,-0.402
Senegal,1968,-0.523
"Serbia, Rep. of",1968,
Seychelles,1968,-0.166
Sierra Leone,1968,-0.075
Singapore,1968,
Slovak Rep.,1968,
"Slovenia, Rep. of",1968,
Solomon Islands,1968,-0.182
Somalia,1968,-0.579
South Africa,1968,-0.385
"South Sudan, Rep. of",1968,
Spain,1968,0.085
Sri Lanka,1968,-0.073
St. Kitts and Nevis,1968,-0.255
St. Lucia,1968,-0.315
St. Vincent and the Grenadines,1968,-0.296
Sudan,1968,
Suriname,1968,-0.234
Svalbard Jan Mayen Islands,1968,-3.251
Sweden,1968,-0.928
Switzerland,1968,-0.057
Syrian Arab Rep.,1968,-0.179
Taiwan Province of China,1968,-0.928
"Tajikistan, Rep. of",1968,
"Tanzania, United Rep. of",1968,-0.452
Thailand,1968,-0.131
"Timor-Leste, Dem. Rep. of",1968,-0.024
Togo,1968,-0.08
Tokelau,1968,-0.387
Tonga,1968,0.05
Trinidad and Tobago,1968,-0.281
Tunisia,1968,0.084
"Türkiye, Rep. of",1968,-0.024
Turkmenistan,1968,
Turks and Caicos Islands,1968,
Tuvalu,1968,-0.24
Uganda,1968,-0.252
Ukraine,1968,
United Arab Emirates,1968,-0.586
United Kingdom,1968,-0.07
United States,1968,-0.079
United States Virgin Islands,1968,-0.258
Uruguay,1968,0.382
"Uzbekistan, Rep. of",1968,
Vanuatu,1968,-0.35
"Venezuela, Rep. Bolivariana de",1968,-0.172
Vietnam,1968,-0.305
Wallis and Futuna Islands,1968,-0.098
West Bank and Gaza,1968,-0.056
Western Sahara,1968,-0.356
World,1968,-0.122
"Yemen, Rep. of",1968,-0.224
Zambia,1968,-0.125
Zimbabwe,1968,0.089
"Afghanistan, Islamic Rep. of",1969,-0.513
Africa,1969,0.355
Albania,1969,-0.036
Algeria,1969,0.247
American Samoa,1969,0.145
Americas,1969,0.098
"Andorra, Principality of",1969,-0.158
Angola,1969,0.173
Anguilla,1969,0.309
Antarctica,1969,-0.255
Antigua and Barbuda,1969,0.309
Argentina,1969,0.297
"Armenia, Rep. of",1969,
"Aruba, Kingdom of the Netherlands",1969,0.531
Asia,1969,-0.007
Australia,1969,0.11
Austria,1969,-0.12
"Azerbaijan, Rep. of",1969,
"Bahamas, The",1969,-0.108
"Bahrain, Kingdom of",1969,0.579
Bangladesh,1969,-0.001
Barbados,1969,0.256
"Belarus, Rep. of",1969,
Belgium,1969,
Belize,1969,0.19
Benin,1969,0.372
Bhutan,1969,0.086
Bolivia,1969,0.504
Bosnia and Herzegovina,1969,
Botswana,1969,0.208
Brazil,1969,0.319
British Virgin Islands,1969,
Brunei Darussalam,1969,0.276
Bulgaria,1969,-0.476
Burkina Faso,1969,0.557
Burundi,1969,0.196
Cabo Verde,1969,0.935
Cambodia,1969,0.455
Cameroon,1969,0.221
Canada,1969,-0.003
Cayman Islands,1969,0.144
Central African Rep.,1969,0.098
Chad,1969,0.587
Chile,1969,0.142
"China, P.R.: Hong Kong",1969,-0.012
"China, P.R.: Macao",1969,-0.012
"China, P.R.: Mainland",1969,-0.208
Colombia,1969,0.319
"Comoros, Union of the",1969,0.199
"Congo, Dem. Rep. of the",1969,0.138
"Congo, Rep. of",1969,0.122
Cook Islands,1969,0.0
Costa Rica,1969,
Côte d'Ivoire,1969,0.359
"Croatia, Rep. of",1969,
Cuba,1969,-0.001
Cyprus,1969,0.186
Czech Rep.,1969,
Denmark,1969,-0.138
Djibouti,1969,0.216
Dominica,1969,0.31
Dominican Rep.,1969,0.359
Ecuador,1969,0.405
"Egypt, Arab Rep. of",1969,0.433
El Salvador,1969,0.269
"Equatorial Guinea, Rep. of",1969,0.082
"Eritrea, The State of",1969,
"Estonia, Rep. of",1969,
"Eswatini, Kingdom of",1969,0.293
"Ethiopia, The Federal Dem. Rep. of",1969,
Europe,1969,-1.016
Falkland Islands (Malvinas),1969,-0.348
Faroe Islands,1969,-0.342
"Fiji, Rep. of",1969,-0.096
Finland,1969,-0.476
France,1969,0.02
French Polynesia,1969,0.335
Gabon,1969,0.129
"Gambia, The",1969,0.824
Georgia,1969,
Germany,1969,-0.109
Ghana,1969,0.354
Gibraltar,1969,-0.348
Greece,1969,-0.089
Greenland,1969,-0.08
Grenada,1969,0.326
Guadeloupe,1969,0.309
Guatemala,1969,0.388
"Guiana, French",1969,0.395
Guinea,1969,0.446
Guinea-Bissau,1969,0.713
Guyana,1969,0.458
Haiti,1969,0.023
Holy See,1969,-0.006
Honduras,1969,0.223
Hungary,1969,-0.275
Iceland,1969,-0.855
India,1969,0.323
Indonesia,1969,0.169
"Iran, Islamic Rep. of",1969,-0.311
Iraq,1969,0.26
Ireland,1969,-0.287
Isle of Man,1969,-0.301
Israel,1969,0.296
Italy,1969,-0.104
Jamaica,1969,0.223
Japan,1969,-0.045
Jordan,1969,0.429
"Kazakhstan, Rep. of",1969,
Kenya,1969,0.089
Kiribati,1969,0.363
"Korea, Dem. People's Rep. of",1969,-0.456
"Korea, Rep. of",1969,-0.293
Kuwait,1969,0.395
Kyrgyz Rep.,1969,
Lao People's Dem. Rep.,1969,0.492
Latvia,1969,
Lebanon,1969,0.266
"Lesotho, Kingdom of",1969,0.452
Liberia,1969,0.238
Libya,1969,0.792
Liechtenstein,1969,-0.008
Lithuania,1969,
Luxembourg,1969,
"Madagascar, Rep. of",1969,0.409
Malawi,1969,0.297
Malaysia,1969,0.254
Maldives,1969,0.229
Mali,1969,0.686
Malta,1969,-0.085
"Marshall Islands, Rep. of the",1969,
Martinique,1969,0.298
"Mauritania, Islamic Rep. of",1969,0.594
Mauritius,1969,0.298
Mayotte,1969,0.159
Mexico,1969,0.179
"Micronesia, Federated States of",1969,
"Moldova, Rep. of",1969,
Monaco,1969,-0.237
Mongolia,1969,-0.847
Montenegro,1969,
Montserrat,1969,0.309
Morocco,1969,-0.043
"Mozambique, Rep. of",1969,0.317
Myanmar,1969,0.181
Namibia,1969,0.216
"Nauru, Rep. of",1969,
Nepal,1969,0.081
"Netherlands, The",1969,-0.007
New Caledonia,1969,-0.106
New Zealand,1969,-0.386
Nicaragua,1969,0.201
Niger,1969,0.764
Nigeria,1969,0.4
Niue,1969,
Norfolk Island,1969,-0.365
"North Macedonia, Republic of ",1969,
Norway,1969,-0.173
Oceania,1969,0.097
Oman,1969,0.219
Pakistan,1969,0.245
"Palau, Rep. of",1969,
Panama,1969,0.241
Papua New Guinea,1969,0.159
Paraguay,1969,0.412
Peru,1969,0.439
Philippines,1969,0.136
Pitcairn Islands,1969,-0.211
"Poland, Rep. of",1969,-0.486
Portugal,1969,-0.354
Puerto Rico,1969,0.504
Qatar,1969,0.708
Réunion,1969,0.145
Romania,1969,-0.592
Russian Federation,1969,
Rwanda,1969,0.197
Saint Helena,1969,0.049
Saint Pierre and Miquelon,1969,0.598
Samoa,1969,0.23
"San Marino, Rep. of",1969,-0.124
"São Tomé and Príncipe, Dem. Rep. of",1969,0.058
Saudi Arabia,1969,0.559
Senegal,1969,0.739
"Serbia, Rep. of",1969,
Seychelles,1969,0.191
Sierra Leone,1969,0.301
Singapore,1969,
Slovak Rep.,1969,
"Slovenia, Rep. of",1969,
Solomon Islands,1969,0.2
Somalia,1969,0.025
South Africa,1969,0.274
"South Sudan, Rep. of",1969,
Spain,1969,-0.294
Sri Lanka,1969,0.225
St. Kitts and Nevis,1969,0.309
St. Lucia,1969,0.299
St. Vincent and the Grenadines,1969,0.325
Sudan,1969,
Suriname,1969,0.459
Svalbard Jan Mayen Islands,1969,-1.74
Sweden,1969,-0.205
Switzerland,1969,-0.076
Syrian Arab Rep.,1969,0.171
Taiwan Province of China,1969,0.017
"Tajikistan, Rep. of",1969,
"Tanzania, United Rep. of",1969,0.363
Thailand,1969,0.454
"Timor-Leste, Dem. Rep. of",1969,0.117
Togo,1969,0.345
Tokelau,1969,0.032
Tonga,1969,-0.159
Trinidad and Tobago,1969,0.384
Tunisia,1969,0.038
"Türkiye, Rep. of",1969,-0.064
Turkmenistan,1969,
Turks and Caicos Islands,1969,
Tuvalu,1969,0.208
Uganda,1969,0.128
Ukraine,1969,
United Arab Emirates,1969,0.606
United Kingdom,1969,-0.213
United States,1969,-0.268
United States Virgin Islands,1969,0.52
Uruguay,1969,0.153
"Uzbekistan, Rep. of",1969,
Vanuatu,1969,0.053
"Venezuela, Rep. Bolivariana de",1969,0.472
Vietnam,1969,0.531
Wallis and Futuna Islands,1969,-0.214
West Bank and Gaza,1969,0.285
Western Sahara,1969,0.341
World,1969,-0.093
"Yemen, Rep. of",1969,0.276
Zambia,1969,0.243
Zimbabwe,1969,0.21
"Afghanistan, Islamic Rep. of",1970,0.843
Africa,1970,0.22
Albania,1970,-0.137
Algeria,1970,0.08
American Samoa,1970,-0.034
Americas,1970,0.156
"Andorra, Principality of",1970,0.106
Angola,1970,0.246
Anguilla,1970,0.209
Antarctica,1970,-0.133
Antigua and Barbuda,1970,0.209
Argentina,1970,0.437
"Armenia, Rep. of",1970,
"Aruba, Kingdom of the Netherlands",1970,0.303
Asia,1970,0.078
Australia,1970,0.007
Austria,1970,-0.544
"Azerbaijan, Rep. of",1970,
"Bahamas, The",1970,-0.539
"Bahrain, Kingdom of",1970,0.262
Bangladesh,1970,-0.027
Barbados,1970,0.011
"Belarus, Rep. of",1970,
Belgium,1970,
Belize,1970,-0.245
Benin,1970,0.374
Bhutan,1970,-0.056
Bolivia,1970,0.234
Bosnia and Herzegovina,1970,
Botswana,1970,0.638
Brazil,1970,0.116
British Virgin Islands,1970,
Brunei Darussalam,1970,0.149
Bulgaria,1970,0.212
Burkina Faso,1970,0.362
Burundi,1970,0.317
Cabo Verde,1970,0.753
Cambodia,1970,0.055
Cameroon,1970,0.152
Canada,1970,0.428
Cayman Islands,1970,-0.19
Central African Rep.,1970,0.202
Chad,1970,0.132
Chile,1970,0.177
"China, P.R.: Hong Kong",1970,-0.397
"China, P.R.: Macao",1970,-0.397
"China, P.R.: Mainland",1970,-0.3
Colombia,1970,0.044
"Comoros, Union of the",1970,0.059
"Congo, Dem. Rep. of the",1970,0.225
"Congo, Rep. of",1970,0.157
Cook Islands,1970,0.229
Costa Rica,1970,
Côte d'Ivoire,1970,0.3
"Croatia, Rep. of",1970,
Cuba,1970,-0.374
Cyprus,1970,0.51
Czech Rep.,1970,
Denmark,1970,-1.213
Djibouti,1970,0.133
Dominica,1970,0.209
Dominican Rep.,1970,0.101
Ecuador,1970,-0.175
"Egypt, Arab Rep. of",1970,-0.086
El Salvador,1970,-0.026
"Equatorial Guinea, Rep. of",1970,0.218
"Eritrea, The State of",1970,
"Estonia, Rep. of",1970,
"Eswatini, Kingdom of",1970,0.446
"Ethiopia, The Federal Dem. Rep. of",1970,
Europe,1970,0.184
Falkland Islands (Malvinas),1970,0.203
Faroe Islands,1970,-0.508
"Fiji, Rep. of",1970,0.081
Finland,1970,-0.626
France,1970,-0.097
French Polynesia,1970,0.203
Gabon,1970,0.162
"Gambia, The",1970,0.399
Georgia,1970,
Germany,1970,-0.832
Ghana,1970,0.358
Gibraltar,1970,-0.088
Greece,1970,0.263
Greenland,1970,-0.284
Grenada,1970,0.196
Guadeloupe,1970,0.209
Guatemala,1970,-0.105
"Guiana, French",1970,0.183
Guinea,1970,0.349
Guinea-Bissau,1970,0.339
Guyana,1970,0.505
Haiti,1970,-0.169
Holy See,1970,-0.161
Honduras,1970,-0.131
Hungary,1970,-0.506
Iceland,1970,-0.605
India,1970,0.061
Indonesia,1970,0.128
"Iran, Islamic Rep. of",1970,1.0
Iraq,1970,0.671
Ireland,1970,0.038
Isle of Man,1970,0.034
Israel,1970,0.236
Italy,1970,-0.157
Jamaica,1970,-0.261
Japan,1970,-0.373
Jordan,1970,0.238
"Kazakhstan, Rep. of",1970,
Kenya,1970,0.2
Kiribati,1970,0.113
"Korea, Dem. People's Rep. of",1970,-0.379
"Korea, Rep. of",1970,-0.496
Kuwait,1970,0.518
Kyrgyz Rep.,1970,
Lao People's Dem. Rep.,1970,-0.066
Latvia,1970,
Lebanon,1970,0.427
"Lesotho, Kingdom of",1970,0.403
Liberia,1970,0.313
Libya,1970,-0.226
Liechtenstein,1970,-0.546
Lithuania,1970,
Luxembourg,1970,
"Madagascar, Rep. of",1970,0.248
Malawi,1970,0.18
Malaysia,1970,0.138
Maldives,1970,
Mali,1970,0.412
Malta,1970,-0.1
"Marshall Islands, Rep. of the",1970,
Martinique,1970,0.171
"Mauritania, Islamic Rep. of",1970,0.672
Mauritius,1970,0.302
Mayotte,1970,0.175
Mexico,1970,-0.298
"Micronesia, Federated States of",1970,
"Moldova, Rep. of",1970,
Monaco,1970,-0.039
Mongolia,1970,-0.292
Montenegro,1970,
Montserrat,1970,0.209
Morocco,1970,0.042
"Mozambique, Rep. of",1970,0.234
Myanmar,1970,-0.052
Namibia,1970,0.483
"Nauru, Rep. of",1970,
Nepal,1970,0.07
"Netherlands, The",1970,-0.59
New Caledonia,1970,0.508
New Zealand,1970,0.586
Nicaragua,1970,-0.241
Niger,1970,0.079
Nigeria,1970,0.225
Niue,1970,
Norfolk Island,1970,0.446
"North Macedonia, Republic of ",1970,
Norway,1970,-0.697
Oceania,1970,0.039
Oman,1970,0.829
Pakistan,1970,0.569
"Palau, Rep. of",1970,
Panama,1970,0.133
Papua New Guinea,1970,0.225
Paraguay,1970,0.27
Peru,1970,-0.071
Philippines,1970,0.209
Pitcairn Islands,1970,0.437
"Poland, Rep. of",1970,-1.281
Portugal,1970,0.073
Puerto Rico,1970,0.135
Qatar,1970,0.306
Réunion,1970,0.214
Romania,1970,-0.057
Russian Federation,1970,
Rwanda,1970,0.215
Saint Helena,1970,-0.25
Saint Pierre and Miquelon,1970,0.992
Samoa,1970,0.234
"San Marino, Rep. of",1970,-0.117
"São Tomé and Príncipe, Dem. Rep. of",1970,0.151
Saudi Arabia,1970,0.384
Senegal,1970,0.52
"Serbia, Rep. of",1970,
Seychelles,1970,0.302
Sierra Leone,1970,0.364
Singapore,1970,
Slovak Rep.,1970,
"Slovenia, Rep. of",1970,
Solomon Islands,1970,0.107
Somalia,1970,0.109
South Africa,1970,0.347
"South Sudan, Rep. of",1970,
Spain,1970,0.118
Sri Lanka,1970,0.122
St. Kitts and Nevis,1970,0.209
St. Lucia,1970,0.147
St. Vincent and the Grenadines,1970,0.196
Sudan,1970,
Suriname,1970,0.212
Svalbard Jan Mayen Islands,1970,-0.19
Sweden,1970,-1.096
Switzerland,1970,-0.484
Syrian Arab Rep.,1970,0.653
Taiwan Province of China,1970,-0.324
"Tajikistan, Rep. of",1970,
"Tanzania, United Rep. of",1970,0.213
Thailand,1970,-0.005
"Timor-Leste, Dem. Rep. of",1970,0.29
Togo,1970,0.37
Tokelau,1970,-0.517
Tonga,1970,0.371
Trinidad and Tobago,1970,0.201
Tunisia,1970,-0.211
"Türkiye, Rep. of",1970,0.853
Turkmenistan,1970,
Turks and Caicos Islands,1970,
Tuvalu,1970,0.093
Uganda,1970,0.05
Ukraine,1970,
United Arab Emirates,1970,0.452
United Kingdom,1970,-0.077
United States,1970,-0.02
United States Virgin Islands,1970,0.143
Uruguay,1970,0.394
"Uzbekistan, Rep. of",1970,
Vanuatu,1970,0.284
"Venezuela, Rep. Bolivariana de",1970,0.236
Vietnam,1970,-0.06
Wallis and Futuna Islands,1970,0.05
West Bank and Gaza,1970,0.236
Western Sahara,1970,0.614
World,1970,0.153
"Yemen, Rep. of",1970,0.402
Zambia,1970,0.352
Zimbabwe,1970,0.416
"Afghanistan, Islamic Rep. of",1971,0.642
Africa,1971,-0.198
Albania,1971,-0.205
Algeria,1971,-0.412
American Samoa,1971,-0.42
Americas,1971,-0.239
"Andorra, Principality of",1971,-0.333
Angola,1971,-0.075
Anguilla,1971,-0.185
Antarctica,1971,0.281
Antigua and Barbuda,1971,-0.185
Argentina,1971,-0.265
"Armenia, Rep. of",1971,
"Aruba, Kingdom of the Netherlands",1971,-0.24
Asia,1971,-0.123
Australia,1971,-0.01
Austria,1971,-0.054
"Azerbaijan, Rep. of",1971,
"Bahamas, The",1971,-0.132
"Bahrain, Kingdom of",1971,-0.232
Bangladesh,1971,-0.591
Barbados,1971,-0.449
"Belarus, Rep. of",1971,
Belgium,1971,
Belize,1971,-0.182
Benin,1971,-0.125
Bhutan,1971,-0.262
Bolivia,1971,-0.546
Bosnia and Herzegovina,1971,
Botswana,1971,-0.091
Brazil,1971,-0.151
British Virgin Islands,1971,
Brunei Darussalam,1971,-0.224
Bulgaria,1971,-0.134
Burkina Faso,1971,-0.025
Burundi,1971,-0.246
Cabo Verde,1971,-0.212
Cambodia,1971,-0.486
Cameroon,1971,-0.147
Canada,1971,-0.02
Cayman Islands,1971,-0.182
Central African Rep.,1971,-0.086
Chad,1971,-0.181
Chile,1971,-0.404
"China, P.R.: Hong Kong",1971,-0.19
"China, P.R.: Macao",1971,-0.19
"China, P.R.: Mainland",1971,0.041
Colombia,1971,-0.422
"Comoros, Union of the",1971,-0.538
"Congo, Dem. Rep. of the",1971,-0.133
"Congo, Rep. of",1971,-0.096
Cook Islands,1971,-0.096
Costa Rica,1971,-0.413
Côte d'Ivoire,1971,-0.106
"Croatia, Rep. of",1971,
Cuba,1971,0.028
Cyprus,1971,-0.219
Czech Rep.,1971,
Denmark,1971,0.251
Djibouti,1971,-0.188
Dominica,1971,-0.188
Dominican Rep.,1971,-0.176
Ecuador,1971,-0.54
"Egypt, Arab Rep. of",1971,-0.234
El Salvador,1971,-0.252
"Equatorial Guinea, Rep. of",1971,-0.144
"Eritrea, The State of",1971,
"Estonia, Rep. of",1971,
"Eswatini, Kingdom of",1971,-0.019
"Ethiopia, The Federal Dem. Rep. of",1971,
Europe,1971,0.258
Falkland Islands (Malvinas),1971,-0.223
Faroe Islands,1971,0.246
"Fiji, Rep. of",1971,0.087
Finland,1971,-0.446
France,1971,-0.164
French Polynesia,1971,-0.324
Gabon,1971,-0.06
"Gambia, The",1971,-0.048
Georgia,1971,
Germany,1971,0.033
Ghana,1971,-0.112
Gibraltar,1971,-0.849
Greece,1971,-0.225
Greenland,1971,-0.838
Grenada,1971,-0.519
Guadeloupe,1971,-0.186
Guatemala,1971,-0.111
"Guiana, French",1971,-0.372
Guinea,1971,-0.116
Guinea-Bissau,1971,-0.057
Guyana,1971,-0.513
Haiti,1971,0.037
Holy See,1971,-0.261
Honduras,1971,-0.102
Hungary,1971,-0.062
Iceland,1971,0.023
India,1971,-0.485
Indonesia,1971,-0.196
"Iran, Islamic Rep. of",1971,0.118
Iraq,1971,-0.168
Ireland,1971,0.321
Isle of Man,1971,0.3
Israel,1971,-0.307
Italy,1971,-0.157
Jamaica,1971,-0.385
Japan,1971,-0.328
Jordan,1971,-0.369
"Kazakhstan, Rep. of",1971,
Kenya,1971,-0.241
Kiribati,1971,-0.429
"Korea, Dem. People's Rep. of",1971,-0.276
"Korea, Rep. of",1971,-0.197
Kuwait,1971,-0.154
Kyrgyz Rep.,1971,
Lao People's Dem. Rep.,1971,-0.538
Latvia,1971,
Lebanon,1971,-0.26
"Lesotho, Kingdom of",1971,-0.063
Liberia,1971,-0.12
Libya,1971,-0.18
Liechtenstein,1971,-0.072
Lithuania,1971,
Luxembourg,1971,
"Madagascar, Rep. of",1971,-0.22
Malawi,1971,-0.217
Malaysia,1971,-0.223
Maldives,1971,
Mali,1971,0.038
Malta,1971,-0.239
"Marshall Islands, Rep. of the",1971,
Martinique,1971,-0.236
"Mauritania, Islamic Rep. of",1971,-0.381
Mauritius,1971,-0.395
Mayotte,1971,-0.804
Mexico,1971,-0.058
"Micronesia, Federated States of",1971,
"Moldova, Rep. of",1971,
Monaco,1971,-0.033
Mongolia,1971,-0.027
Montenegro,1971,
Montserrat,1971,-0.185
Morocco,1971,-0.873
"Mozambique, Rep. of",1971,-0.061
Myanmar,1971,-0.426
Namibia,1971,-0.1
"Nauru, Rep. of",1971,-0.112
Nepal,1971,-0.538
"Netherlands, The",1971,0.047
New Caledonia,1971,0.182
New Zealand,1971,0.665
Nicaragua,1971,-0.267
Niger,1971,-0.053
Nigeria,1971,-0.042
Niue,1971,
Norfolk Island,1971,0.378
"North Macedonia, Republic of ",1971,
Norway,1971,-0.08
Oceania,1971,0.012
Oman,1971,0.077
Pakistan,1971,0.188
"Palau, Rep. of",1971,
Panama,1971,-0.335
Papua New Guinea,1971,0.009
Paraguay,1971,-0.406
Peru,1971,-0.477
Philippines,1971,-0.328
Pitcairn Islands,1971,0.126
"Poland, Rep. of",1971,0.138
Portugal,1971,-0.891
Puerto Rico,1971,-0.247
Qatar,1971,-0.115
Réunion,1971,-0.45
Romania,1971,-0.028
Russian Federation,1971,
Rwanda,1971,-0.224
Saint Helena,1971,-0.198
Saint Pierre and Miquelon,1971,0.311
Samoa,1971,-0.399
"San Marino, Rep. of",1971,-0.155
"São Tomé and Príncipe, Dem. Rep. of",1971,-0.142
Saudi Arabia,1971,-0.424
Senegal,1971,-0.067
"Serbia, Rep. of",1971,
Seychelles,1971,-0.448
Sierra Leone,1971,-0.129
Singapore,1971,
Slovak Rep.,1971,
"Slovenia, Rep. of",1971,
Solomon Islands,1971,-0.162
Somalia,1971,-0.276
South Africa,1971,-0.164
"South Sudan, Rep. of",1971,
Spain,1971,-0.754
Sri Lanka,1971,-0.34
St. Kitts and Nevis,1971,-0.185
St. Lucia,1971,-0.39
St. Vincent and the Grenadines,1971,-0.52
Sudan,1971,
Suriname,1971,-0.462
Svalbard Jan Mayen Islands,1971,-1.309
Sweden,1971,0.034
Switzerland,1971,-0.067
Syrian Arab Rep.,1971,-0.168
Taiwan Province of China,1971,-0.221
"Tajikistan, Rep. of",1971,
"Tanzania, United Rep. of",1971,-0.252
Thailand,1971,-0.491
"Timor-Leste, Dem. Rep. of",1971,0.115
Togo,1971,-0.162
Tokelau,1971,-0.331
Tonga,1971,0.156
Trinidad and Tobago,1971,-0.445
Tunisia,1971,-0.241
"Türkiye, Rep. of",1971,0.039
Turkmenistan,1971,
Turks and Caicos Islands,1971,0.101
Tuvalu,1971,-0.315
Uganda,1971,-0.124
Ukraine,1971,
United Arab Emirates,1971,-0.106
United Kingdom,1971,0.249
United States,1971,-0.411
United States Virgin Islands,1971,-0.248
Uruguay,1971,-0.317
"Uzbekistan, Rep. of",1971,
Vanuatu,1971,0.001
"Venezuela, Rep. Bolivariana de",1971,-0.382
Vietnam,1971,-0.472
Wallis and Futuna Islands,1971,-0.044
West Bank and Gaza,1971,-0.308
Western Sahara,1971,-0.709
World,1971,-0.089
"Yemen, Rep. of",1971,-0.178
Zambia,1971,-0.241
Zimbabwe,1971,-0.057
"Afghanistan, Islamic Rep. of",1972,-1.095
Africa,1972,0.001
Albania,1972,-0.081
Algeria,1972,-0.36
American Samoa,1972,-0.056
Americas,1972,-0.454
"Andorra, Principality of",1972,-0.479
Angola,1972,-0.012
Anguilla,1972,-0.073
Antarctica,1972,0.621
Antigua and Barbuda,1972,-0.073
Argentina,1972,-0.011
"Armenia, Rep. of",1972,
"Aruba, Kingdom of the Netherlands",1972,0.073
Asia,1972,-0.165
Australia,1972,0.103
Austria,1972,0.108
"Azerbaijan, Rep. of",1972,
"Bahamas, The",1972,0.449
"Bahrain, Kingdom of",1972,-0.6
Bangladesh,1972,-0.031
Barbados,1972,-0.295
"Belarus, Rep. of",1972,
Belgium,1972,
Belize,1972,0.582
Benin,1972,0.161
Bhutan,1972,-0.051
Bolivia,1972,0.136
Bosnia and Herzegovina,1972,
Botswana,1972,-0.444
Brazil,1972,0.087
British Virgin Islands,1972,
Brunei Darussalam,1972,0.034
Bulgaria,1972,0.139
Burkina Faso,1972,0.165
Burundi,1972,0.194
Cabo Verde,1972,0.057
Cambodia,1972,0.014
Cameroon,1972,0.027
Canada,1972,-1.792
Cayman Islands,1972,0.226
Central African Rep.,1972,0.027
Chad,1972,0.216
Chile,1972,-0.17
"China, P.R.: Hong Kong",1972,-0.144
"China, P.R.: Macao",1972,-0.144
"China, P.R.: Mainland",1972,0.018
Colombia,1972,-0.035
"Comoros, Union of the",1972,-0.068
"Congo, Dem. Rep. of the",1972,0.079
"Congo, Rep. of",1972,-0.066
Cook Islands,1972,-0.047
Costa Rica,1972,0.204
Côte d'Ivoire,1972,0.029
"Croatia, Rep. of",1972,
Cuba,1972,0.394
Cyprus,1972,-0.568
Czech Rep.,1972,
Denmark,1972,0.283
Djibouti,1972,0.179
Dominica,1972,-0.075
Dominican Rep.,1972,-0.026
Ecuador,1972,0.542
"Egypt, Arab Rep. of",1972,-0.027
El Salvador,1972,0.43
"Equatorial Guinea, Rep. of",1972,-0.103
"Eritrea, The State of",1972,
"Estonia, Rep. of",1972,
"Eswatini, Kingdom of",1972,-0.408
"Ethiopia, The Federal Dem. Rep. of",1972,
Europe,1972,-0.158
Falkland Islands (Malvinas),1972,-0.505
Faroe Islands,1972,0.673
"Fiji, Rep. of",1972,-0.262
Finland,1972,0.938
France,1972,-0.326
French Polynesia,1972,0.131
Gabon,1972,-0.077
"Gambia, The",1972,0.319
Georgia,1972,
Germany,1972,-0.016
Ghana,1972,0.078
Gibraltar,1972,-0.917
Greece,1972,-0.185
Greenland,1972,-1.083
Grenada,1972,-0.33
Guadeloupe,1972,-0.074
Guatemala,1972,0.477
"Guiana, French",1972,-0.068
Guinea,1972,0.22
Guinea-Bissau,1972,0.267
Guyana,1972,-0.015
Haiti,1972,0.172
Holy See,1972,-0.193
Honduras,1972,0.336
Hungary,1972,0.391
Iceland,1972,0.731
India,1972,0.019
Indonesia,1972,-0.1
"Iran, Islamic Rep. of",1972,-0.925
Iraq,1972,-0.726
Ireland,1972,-0.289
Isle of Man,1972,-0.206
Israel,1972,-0.47
Italy,1972,-0.146
Jamaica,1972,0.294
Japan,1972,0.233
Jordan,1972,-0.594
"Kazakhstan, Rep. of",1972,
Kenya,1972,0.182
Kiribati,1972,-0.277
"Korea, Dem. People's Rep. of",1972,-0.164
"Korea, Rep. of",1972,-0.081
Kuwait,1972,-0.751
Kyrgyz Rep.,1972,
Lao People's Dem. Rep.,1972,-0.032
Latvia,1972,
Lebanon,1972,-0.617
"Lesotho, Kingdom of",1972,-0.142
Liberia,1972,0.027
Libya,1972,0.181
Liechtenstein,1972,0.079
Lithuania,1972,
Luxembourg,1972,
"Madagascar, Rep. of",1972,-0.06
Malawi,1972,0.089
Malaysia,1972,0.061
Maldives,1972,0.179
Mali,1972,0.326
Malta,1972,-0.263
"Marshall Islands, Rep. of the",1972,
Martinique,1972,-0.113
"Mauritania, Islamic Rep. of",1972,-0.116
Mauritius,1972,0.051
Mayotte,1972,-0.248
Mexico,1972,0.312
"Micronesia, Federated States of",1972,
"Moldova, Rep. of",1972,
Monaco,1972,-0.155
Mongolia,1972,0.249
Montenegro,1972,
Montserrat,1972,-0.073
Morocco,1972,-1.35
"Mozambique, Rep. of",1972,-0.189
Myanmar,1972,-0.02
Namibia,1972,0.093
"Nauru, Rep. of",1972,-0.433
Nepal,1972,0.028
"Netherlands, The",1972,-0.12
New Caledonia,1972,-0.15
New Zealand,1972,0.104
Nicaragua,1972,0.155
Niger,1972,0.378
Nigeria,1972,0.047
Niue,1972,-0.24
Norfolk Island,1972,-0.088
"North Macedonia, Republic of ",1972,
Norway,1972,0.933
Oceania,1972,0.077
Oman,1972,-0.094
Pakistan,1972,-0.471
"Palau, Rep. of",1972,
Panama,1972,0.068
Papua New Guinea,1972,-0.305
Paraguay,1972,0.412
Peru,1972,0.324
Philippines,1972,0.025
Pitcairn Islands,1972,-0.265
"Poland, Rep. of",1972,0.481
Portugal,1972,-0.929
Puerto Rico,1972,-0.038
Qatar,1972,-0.735
Réunion,1972,0.182
Romania,1972,0.375
Russian Federation,1972,
Rwanda,1972,0.142
Saint Helena,1972,0.472
Saint Pierre and Miquelon,1972,-1.229
Samoa,1972,-0.086
"San Marino, Rep. of",1972,-0.069
"São Tomé and Príncipe, Dem. Rep. of",1972,-0.123
Saudi Arabia,1972,-0.538
Senegal,1972,0.369
"Serbia, Rep. of",1972,
Seychelles,1972,-0.363
Sierra Leone,1972,0.163
Singapore,1972,
Slovak Rep.,1972,
"Slovenia, Rep. of",1972,
Solomon Islands,1972,-0.367
Somalia,1972,0.193
South Africa,1972,0.097
"South Sudan, Rep. of",1972,
Spain,1972,-0.839
Sri Lanka,1972,-0.111
St. Kitts and Nevis,1972,-0.073
St. Lucia,1972,-0.234
St. Vincent and the Grenadines,1972,-0.332
Sudan,1972,
Suriname,1972,-0.025
Svalbard Jan Mayen Islands,1972,2.386
Sweden,1972,0.795
Switzerland,1972,-0.061
Syrian Arab Rep.,1972,-0.906
Taiwan Province of China,1972,-0.148
"Tajikistan, Rep. of",1972,
"Tanzania, United Rep. of",1972,0.063
Thailand,1972,0.028
"Timor-Leste, Dem. Rep. of",1972,-0.183
Togo,1972,0.195
Tokelau,1972,0.135
Tonga,1972,-0.035
Trinidad and Tobago,1972,-0.245
Tunisia,1972,-0.361
"Türkiye, Rep. of",1972,-0.734
Turkmenistan,1972,
Turks and Caicos Islands,1972,0.04
Tuvalu,1972,-0.085
Uganda,1972,0.125
Ukraine,1972,
United Arab Emirates,1972,-0.78
United Kingdom,1972,-0.061
United States,1972,-0.257
United States Virgin Islands,1972,-0.034
Uruguay,1972,0.255
"Uzbekistan, Rep. of",1972,
Vanuatu,1972,-0.336
"Venezuela, Rep. Bolivariana de",1972,-0.076
Vietnam,1972,0.01
Wallis and Futuna Islands,1972,-0.119
West Bank and Gaza,1972,-0.466
Western Sahara,1972,-1.15
World,1972,-0.198
"Yemen, Rep. of",1972,0.066
Zambia,1972,-0.124
Zimbabwe,1972,-0.402
"Afghanistan, Islamic Rep. of",1973,0.264
Africa,1973,0.377
Albania,1973,-0.294
Algeria,1973,-0.023
American Samoa,1973,0.33
Americas,1973,0.164
"Andorra, Principality of",1973,-0.003
Angola,1973,0.45
Anguilla,1973,0.31
Antarctica,1973,0.011
Antigua and Barbuda,1973,0.31
Argentina,1973,-0.141
"Armenia, Rep. of",1973,
"Aruba, Kingdom of the Netherlands",1973,0.301
Asia,1973,0.246
Australia,1973,0.841
Austria,1973,-0.027
"Azerbaijan, Rep. of",1973,
"Bahamas, The",1973,0.31
"Bahrain, Kingdom of",1973,-0.259
Bangladesh,1973,0.169
Barbados,1973,-0.054
"Belarus, Rep. of",1973,
Belgium,1973,
Belize,1973,0.491
Benin,1973,0.65
Bhutan,1973,0.303
Bolivia,1973,0.068
Bosnia and Herzegovina,1973,
Botswana,1973,0.645
Brazil,1973,0.41
British Virgin Islands,1973,
Brunei Darussalam,1973,0.277
Bulgaria,1973,-0.425
Burkina Faso,1973,0.69
Burundi,1973,0.587
Cabo Verde,1973,0.355
Cambodia,1973,0.322
Cameroon,1973,0.55
Canada,1973,0.319
Cayman Islands,1973,0.398
Central African Rep.,1973,0.512
Chad,1973,0.751
Chile,1973,-0.115
"China, P.R.: Hong Kong",1973,0.416
"China, P.R.: Macao",1973,0.416
"China, P.R.: Mainland",1973,0.413
Colombia,1973,0.316
"Comoros, Union of the",1973,0.142
"Congo, Dem. Rep. of the",1973,0.456
"Congo, Rep. of",1973,0.481
Cook Islands,1973,0.452
Costa Rica,1973,0.243
Côte d'Ivoire,1973,0.64
"Croatia, Rep. of",1973,
Cuba,1973,0.358
Cyprus,1973,-0.334
Czech Rep.,1973,
Denmark,1973,0.665
Djibouti,1973,0.631
Dominica,1973,0.306
Dominican Rep.,1973,0.428
Ecuador,1973,0.148
"Egypt, Arab Rep. of",1973,-0.304
El Salvador,1973,0.451
"Equatorial Guinea, Rep. of",1973,0.437
"Eritrea, The State of",1973,
"Estonia, Rep. of",1973,
"Eswatini, Kingdom of",1973,0.1
"Ethiopia, The Federal Dem. Rep. of",1973,
Europe,1973,0.164
Falkland Islands (Malvinas),1973,0.219
Faroe Islands,1973,-0.049
"Fiji, Rep. of",1973,0.402
Finland,1973,1.143
France,1973,0.049
French Polynesia,1973,0.323
Gabon,1973,0.46
"Gambia, The",1973,0.692
Georgia,1973,
Germany,1973,0.188
Ghana,1973,0.606
Gibraltar,1973,-0.188
Greece,1973,-0.353
Greenland,1973,-0.892
Grenada,1973,-0.058
Guadeloupe,1973,0.308
Guatemala,1973,0.512
"Guiana, French",1973,0.137
Guinea,1973,0.594
Guinea-Bissau,1973,0.583
Guyana,1973,0.119
Haiti,1973,0.333
Holy See,1973,0.007
Honduras,1973,0.57
Hungary,1973,-0.03
Iceland,1973,-0.157
India,1973,0.346
Indonesia,1973,0.235
"Iran, Islamic Rep. of",1973,-0.174
Iraq,1973,-0.212
Ireland,1973,0.34
Isle of Man,1973,0.278
Israel,1973,-0.451
Italy,1973,0.021
Jamaica,1973,0.366
Japan,1973,0.333
Jordan,1973,-0.477
"Kazakhstan, Rep. of",1973,
Kenya,1973,0.503
Kiribati,1973,0.154
"Korea, Dem. People's Rep. of",1973,0.623
"Korea, Rep. of",1973,0.521
Kuwait,1973,-0.223
Kyrgyz Rep.,1973,
Lao People's Dem. Rep.,1973,0.473
Latvia,1973,
Lebanon,1973,-0.501
"Lesotho, Kingdom of",1973,0.087
Liberia,1973,0.497
Libya,1973,-0.081
Liechtenstein,1973,-0.017
Lithuania,1973,
Luxembourg,1973,
"Madagascar, Rep. of",1973,0.197
Malawi,1973,0.375
Malaysia,1973,0.28
Maldives,1973,0.544
Mali,1973,0.555
Malta,1973,0.022
"Marshall Islands, Rep. of the",1973,
Martinique,1973,0.253
"Mauritania, Islamic Rep. of",1973,0.433
Mauritius,1973,-0.144
Mayotte,1973,0.196
Mexico,1973,-0.152
"Micronesia, Federated States of",1973,
"Moldova, Rep. of",1973,
Monaco,1973,0.234
Mongolia,1973,0.704
Montenegro,1973,
Montserrat,1973,0.31
Morocco,1973,0.028
"Mozambique, Rep. of",1973,0.265
Myanmar,1973,0.248
Namibia,1973,0.631
"Nauru, Rep. of",1973,0.403
Nepal,1973,0.211
"Netherlands, The",1973,0.288
New Caledonia,1973,0.856
New Zealand,1973,0.18
Nicaragua,1973,0.419
Niger,1973,0.454
Nigeria,1973,0.739
Niue,1973,0.525
Norfolk Island,1973,0.758
"North Macedonia, Republic of ",1973,
Norway,1973,0.921
Oceania,1973,0.783
Oman,1973,-0.173
Pakistan,1973,0.116
"Palau, Rep. of",1973,
Panama,1973,0.157
Papua New Guinea,1973,0.227
Paraguay,1973,0.057
Peru,1973,0.117
Philippines,1973,0.295
Pitcairn Islands,1973,-0.322
"Poland, Rep. of",1973,0.421
Portugal,1973,-0.086
Puerto Rico,1973,0.3
Qatar,1973,-0.263
Réunion,1973,0.239
Romania,1973,-0.229
Russian Federation,1973,
Rwanda,1973,0.557
Saint Helena,1973,-0.159
Saint Pierre and Miquelon,1973,-0.76
Samoa,1973,0.193
"San Marino, Rep. of",1973,0.001
"São Tomé and Príncipe, Dem. Rep. of",1973,0.388
Saudi Arabia,1973,-0.2
Senegal,1973,0.719
"Serbia, Rep. of",1973,
Seychelles,1973,0.182
Sierra Leone,1973,0.469
Singapore,1973,
Slovak Rep.,1973,
"Slovenia, Rep. of",1973,
Solomon Islands,1973,0.165
Somalia,1973,0.504
South Africa,1973,0.34
"South Sudan, Rep. of",1973,
Spain,1973,-0.18
Sri Lanka,1973,0.406
St. Kitts and Nevis,1973,0.31
St. Lucia,1973,0.074
St. Vincent and the Grenadines,1973,-0.059
Sudan,1973,
Suriname,1973,0.128
Svalbard Jan Mayen Islands,1973,0.53
Sweden,1973,1.147
Switzerland,1973,-0.056
Syrian Arab Rep.,1973,-0.4
Taiwan Province of China,1973,0.5
"Tajikistan, Rep. of",1973,
"Tanzania, United Rep. of",1973,0.389
Thailand,1973,0.353
"Timor-Leste, Dem. Rep. of",1973,0.649
Togo,1973,0.597
Tokelau,1973,0.131
Tonga,1973,0.402
Trinidad and Tobago,1973,0.012
Tunisia,1973,-0.142
"Türkiye, Rep. of",1973,-0.489
Turkmenistan,1973,
Turks and Caicos Islands,1973,0.312
Tuvalu,1973,0.174
Uganda,1973,0.403
Ukraine,1973,
United Arab Emirates,1973,-0.349
United Kingdom,1973,0.197
United States,1973,-0.025
United States Virgin Islands,1973,0.28
Uruguay,1973,-0.12
"Uzbekistan, Rep. of",1973,
Vanuatu,1973,0.574
"Venezuela, Rep. Bolivariana de",1973,0.363
Vietnam,1973,0.459
Wallis and Futuna Islands,1973,0.362
West Bank and Gaza,1973,-0.452
Western Sahara,1973,-0.051
World,1973,0.269
"Yemen, Rep. of",1973,0.265
Zambia,1973,0.394
Zimbabwe,1973,0.592
"Afghanistan, Islamic Rep. of",1974,-0.466
Africa,1974,-0.232
Albania,1974,-0.128
Algeria,1974,-0.506
American Samoa,1974,-0.3
Americas,1974,-0.283
"Andorra, Principality of",1974,-0.383
Angola,1974,-0.201
Anguilla,1974,-0.229
Antarctica,1974,0.169
Antigua and Barbuda,1974,-0.229
Argentina,1974,-0.132
"Armenia, Rep. of",1974,
"Aruba, Kingdom of the Netherlands",1974,-0.437
Asia,1974,-0.135
Australia,1974,-0.348
Austria,1974,0.318
"Azerbaijan, Rep. of",1974,
"Bahamas, The",1974,0.068
"Bahrain, Kingdom of",1974,-0.24
Bangladesh,1974,-0.14
Barbados,1974,-0.358
"Belarus, Rep. of",1974,
Belgium,1974,
Belize,1974,0.198
Benin,1974,0.076
Bhutan,1974,0.146
Bolivia,1974,-0.232
Bosnia and Herzegovina,1974,
Botswana,1974,-0.724
Brazil,1974,-0.193
British Virgin Islands,1974,
Brunei Darussalam,1974,-0.098
Bulgaria,1974,-0.213
Burkina Faso,1974,-0.059
Burundi,1974,0.17
Cabo Verde,1974,-0.52
Cambodia,1974,-0.369
Cameroon,1974,-0.088
Canada,1974,-0.835
Cayman Islands,1974,0.403
Central African Rep.,1974,-0.095
Chad,1974,0.008
Chile,1974,-0.252
"China, P.R.: Hong Kong",1974,-0.354
"China, P.R.: Macao",1974,-0.354
"China, P.R.: Mainland",1974,-0.003
Colombia,1974,-0.31
"Comoros, Union of the",1974,-0.368
"Congo, Dem. Rep. of the",1974,-0.08
"Congo, Rep. of",1974,-0.087
Cook Islands,1974,-0.196
Costa Rica,1974,-0.192
Côte d'Ivoire,1974,-0.014
"Croatia, Rep. of",1974,
Cuba,1974,0.039
Cyprus,1974,-0.161
Czech Rep.,1974,
Denmark,1974,0.569
Djibouti,1974,-0.227
Dominica,1974,-0.229
Dominican Rep.,1974,-0.399
Ecuador,1974,-0.284
"Egypt, Arab Rep. of",1974,-0.123
El Salvador,1974,-0.255
"Equatorial Guinea, Rep. of",1974,-0.191
"Eritrea, The State of",1974,
"Estonia, Rep. of",1974,
"Eswatini, Kingdom of",1974,-0.245
"Ethiopia, The Federal Dem. Rep. of",1974,
Europe,1974,0.012
Falkland Islands (Malvinas),1974,0.211
Faroe Islands,1974,0.501
"Fiji, Rep. of",1974,0.151
Finland,1974,1.122
France,1974,-0.087
French Polynesia,1974,-0.349
Gabon,1974,-0.087
"Gambia, The",1974,-0.201
Georgia,1974,
Germany,1974,0.317
Ghana,1974,0.043
Gibraltar,1974,-0.431
Greece,1974,-0.184
Greenland,1974,0.418
Grenada,1974,-0.564
Guadeloupe,1974,-0.229
Guatemala,1974,-0.224
"Guiana, French",1974,-0.366
Guinea,1974,-0.065
Guinea-Bissau,1974,-0.146
Guyana,1974,-0.466
Haiti,1974,-0.289
Holy See,1974,-0.244
Honduras,1974,-0.276
Hungary,1974,0.267
Iceland,1974,0.462
India,1974,0.033
Indonesia,1974,-0.148
"Iran, Islamic Rep. of",1974,-0.651
Iraq,1974,-0.421
Ireland,1974,-0.231
Isle of Man,1974,-0.216
Israel,1974,-0.235
Italy,1974,-0.126
Jamaica,1974,0.143
Japan,1974,-0.482
Jordan,1974,-0.279
"Kazakhstan, Rep. of",1974,
Kenya,1974,-0.098
Kiribati,1974,-0.139
"Korea, Dem. People's Rep. of",1974,-0.46
"Korea, Rep. of",1974,-0.803
Kuwait,1974,-0.345
Kyrgyz Rep.,1974,
Lao People's Dem. Rep.,1974,-0.419
Latvia,1974,
Lebanon,1974,-0.208
"Lesotho, Kingdom of",1974,-0.15
Liberia,1974,0.009
Libya,1974,-0.071
Liechtenstein,1974,0.182
Lithuania,1974,
Luxembourg,1974,
"Madagascar, Rep. of",1974,-0.238
Malawi,1974,-0.252
Malaysia,1974,-0.189
Maldives,1974,-0.178
Mali,1974,-0.394
Malta,1974,-0.23
"Marshall Islands, Rep. of the",1974,
Martinique,1974,-0.248
"Mauritania, Islamic Rep. of",1974,-0.736
Mauritius,1974,-0.736
Mayotte,1974,-0.487
Mexico,1974,-0.074
"Micronesia, Federated States of",1974,
"Moldova, Rep. of",1974,
Monaco,1974,-0.132
Mongolia,1974,0.21
Montenegro,1974,
Montserrat,1974,-0.229
Morocco,1974,-0.473
"Mozambique, Rep. of",1974,-0.283
Myanmar,1974,-0.264
Namibia,1974,-0.724
"Nauru, Rep. of",1974,0.302
Nepal,1974,0.191
"Netherlands, The",1974,0.23
New Caledonia,1974,0.335
New Zealand,1974,0.349
Nicaragua,1974,-0.265
Niger,1974,0.01
Nigeria,1974,0.037
Niue,1974,0.041
Norfolk Island,1974,
"North Macedonia, Republic of ",1974,
Norway,1974,0.97
Oceania,1974,-0.299
Oman,1974,-0.132
Pakistan,1974,-0.179
"Palau, Rep. of",1974,
Panama,1974,-0.379
Papua New Guinea,1974,0.061
Paraguay,1974,-0.298
Peru,1974,-0.297
Philippines,1974,-0.071
Pitcairn Islands,1974,-0.107
"Poland, Rep. of",1974,0.489
Portugal,1974,-0.466
Puerto Rico,1974,-0.324
Qatar,1974,-0.341
Réunion,1974,-0.438
Romania,1974,-0.111
Russian Federation,1974,
Rwanda,1974,0.065
Saint Helena,1974,0.236
Saint Pierre and Miquelon,1974,-0.928
Samoa,1974,-0.427
"San Marino, Rep. of",1974,-0.046
"São Tomé and Príncipe, Dem. Rep. of",1974,-0.168
Saudi Arabia,1974,-0.211
Senegal,1974,-0.433
"Serbia, Rep. of",1974,
Seychelles,1974,-0.477
Sierra Leone,1974,-0.042
Singapore,1974,
Slovak Rep.,1974,
"Slovenia, Rep. of",1974,
Solomon Islands,1974,0.071
Somalia,1974,-0.071
South Africa,1974,-0.25
"South Sudan, Rep. of",1974,
Spain,1974,-0.448
Sri Lanka,1974,-0.244
St. Kitts and Nevis,1974,-0.229
St. Lucia,1974,-0.392
St. Vincent and the Grenadines,1974,-0.567
Sudan,1974,
Suriname,1974,-0.344
Svalbard Jan Mayen Islands,1974,1.596
Sweden,1974,0.936
Switzerland,1974,0.091
Syrian Arab Rep.,1974,-0.173
Taiwan Province of China,1974,-0.359
"Tajikistan, Rep. of",1974,
"Tanzania, United Rep. of",1974,-0.081
Thailand,1974,-0.467
"Timor-Leste, Dem. Rep. of",1974,-0.323
Togo,1974,-0.013
Tokelau,1974,-0.262
Tonga,1974,0.062
Trinidad and Tobago,1974,-0.448
Tunisia,1974,-0.355
"Türkiye, Rep. of",1974,-0.336
Turkmenistan,1974,
Turks and Caicos Islands,1974,0.144
Tuvalu,1974,-0.314
Uganda,1974,-0.082
Ukraine,1974,
United Arab Emirates,1974,-0.448
United Kingdom,1974,-0.068
United States,1974,0.092
United States Virgin Islands,1974,-0.299
Uruguay,1974,-0.047
"Uzbekistan, Rep. of",1974,
Vanuatu,1974,0.19
"Venezuela, Rep. Bolivariana de",1974,-0.345
Vietnam,1974,-0.374
Wallis and Futuna Islands,1974,0.126
West Bank and Gaza,1974,-0.234
Western Sahara,1974,-0.639
World,1974,-0.182
"Yemen, Rep. of",1974,-0.205
Zambia,1974,-0.385
Zimbabwe,1974,-0.504
"Afghanistan, Islamic Rep. of",1975,-0.442
Africa,1975,-0.231
Albania,1975,-0.203
Algeria,1975,-0.569
American Samoa,1975,-0.11
Americas,1975,-0.123
"Andorra, Principality of",1975,0.223
Angola,1975,-0.075
Anguilla,1975,-0.254
Antarctica,1975,0.177
Antigua and Barbuda,1975,-0.254
Argentina,1975,-0.056
"Armenia, Rep. of",1975,
"Aruba, Kingdom of the Netherlands",1975,-0.197
Asia,1975,0.016
Australia,1975,0.053
Austria,1975,0.867
"Azerbaijan, Rep. of",1975,
"Bahamas, The",1975,0.466
"Bahrain, Kingdom of",1975,-0.198
Bangladesh,1975,-0.092
Barbados,1975,-0.591
"Belarus, Rep. of",1975,
Belgium,1975,
Belize,1975,0.171
Benin,1975,-0.264
Bhutan,1975,0.108
Bolivia,1975,-0.085
Bosnia and Herzegovina,1975,
Botswana,1975,-0.215
Brazil,1975,-0.148
British Virgin Islands,1975,
Brunei Darussalam,1975,0.153
Bulgaria,1975,0.375
Burkina Faso,1975,-0.308
Burundi,1975,
Cabo Verde,1975,
Cambodia,1975,-0.048
Cameroon,1975,-0.204
Canada,1975,0.234
Cayman Islands,1975,0.994
Central African Rep.,1975,-0.095
Chad,1975,-0.137
Chile,1975,-0.236
"China, P.R.: Hong Kong",1975,0.147
"China, P.R.: Macao",1975,0.147
"China, P.R.: Mainland",1975,0.283
Colombia,1975,-0.281
"Comoros, Union of the",1975,-0.158
"Congo, Dem. Rep. of the",1975,-0.115
"Congo, Rep. of",1975,-0.156
Cook Islands,1975,-0.265
Costa Rica,1975,-0.321
Côte d'Ivoire,1975,-0.135
"Croatia, Rep. of",1975,
Cuba,1975,0.481
Cyprus,1975,-0.195
Czech Rep.,1975,
Denmark,1975,1.332
Djibouti,1975,0.097
Dominica,1975,-0.256
Dominican Rep.,1975,0.008
Ecuador,1975,-0.351
"Egypt, Arab Rep. of",1975,-0.493
El Salvador,1975,0.107
"Equatorial Guinea, Rep. of",1975,-0.208
"Eritrea, The State of",1975,
"Estonia, Rep. of",1975,
"Eswatini, Kingdom of",1975,-0.371
"Ethiopia, The Federal Dem. Rep. of",1975,
Europe,1975,0.831
Falkland Islands (Malvinas),1975,0.128
Faroe Islands,1975,-0.024
"Fiji, Rep. of",1975,0.133
Finland,1975,1.893
France,1975,0.473
French Polynesia,1975,-0.255
Gabon,1975,-0.141
"Gambia, The",1975,-0.154
Georgia,1975,
Germany,1975,1.1
Ghana,1975,-0.194
Gibraltar,1975,-0.198
Greece,1975,-0.246
Greenland,1975,-1.092
Grenada,1975,-0.55
Guadeloupe,1975,-0.255
Guatemala,1975,0.213
"Guiana, French",1975,-0.301
Guinea,1975,-0.234
Guinea-Bissau,1975,-0.188
Guyana,1975,-0.285
Haiti,1975,0.34
Holy See,1975,-0.177
Honduras,1975,0.122
Hungary,1975,0.871
Iceland,1975,-0.499
India,1975,-0.299
Indonesia,1975,-0.146
"Iran, Islamic Rep. of",1975,-0.194
Iraq,1975,-0.244
Ireland,1975,0.68
Isle of Man,1975,0.681
Israel,1975,-0.392
Italy,1975,0.063
Jamaica,1975,0.254
Japan,1975,0.041
Jordan,1975,-0.506
"Kazakhstan, Rep. of",1975,
Kenya,1975,-0.088
Kiribati,1975,-0.229
"Korea, Dem. People's Rep. of",1975,0.936
"Korea, Rep. of",1975,0.576
Kuwait,1975,-0.245
Kyrgyz Rep.,1975,
Lao People's Dem. Rep.,1975,0.25
Latvia,1975,
Lebanon,1975,-0.235
"Lesotho, Kingdom of",1975,-0.194
Liberia,1975,-0.121
Libya,1975,-0.467
Liechtenstein,1975,0.689
Lithuania,1975,
Luxembourg,1975,
"Madagascar, Rep. of",1975,-0.189
Malawi,1975,-0.08
Malaysia,1975,0.022
Maldives,1975,-0.352
Mali,1975,-0.43
Malta,1975,-0.366
"Marshall Islands, Rep. of the",1975,
Martinique,1975,-0.319
"Mauritania, Islamic Rep. of",1975,-0.369
Mauritius,1975,-0.164
Mayotte,1975,-0.042
Mexico,1975,-0.317
"Micronesia, Federated States of",1975,
"Moldova, Rep. of",1975,
Monaco,1975,0.154
Mongolia,1975,0.509
Montenegro,1975,
Montserrat,1975,-0.254
Morocco,1975,-0.259
"Mozambique, Rep. of",1975,-0.142
Myanmar,1975,0.117
Namibia,1975,0.006
"Nauru, Rep. of",1975,0.172
Nepal,1975,-0.034
"Netherlands, The",1975,1.035
New Caledonia,1975,0.267
New Zealand,1975,0.576
Nicaragua,1975,0.069
Niger,1975,-0.399
Nigeria,1975,-0.274
Niue,1975,-0.129
Norfolk Island,1975,
"North Macedonia, Republic of ",1975,
Norway,1975,1.062
Oceania,1975,0.071
Oman,1975,-0.22
Pakistan,1975,-0.554
"Palau, Rep. of",1975,
Panama,1975,-0.392
Papua New Guinea,1975,0.073
Paraguay,1975,-0.068
Peru,1975,-0.266
Philippines,1975,0.055
Pitcairn Islands,1975,-0.011
"Poland, Rep. of",1975,1.461
Portugal,1975,-0.113
Puerto Rico,1975,-0.114
Qatar,1975,-0.284
Réunion,1975,0.026
Romania,1975,0.791
Russian Federation,1975,
Rwanda,1975,
Saint Helena,1975,0.349
Saint Pierre and Miquelon,1975,-0.676
Samoa,1975,-0.239
"San Marino, Rep. of",1975,0.247
"São Tomé and Príncipe, Dem. Rep. of",1975,-0.186
Saudi Arabia,1975,-0.332
Senegal,1975,-0.232
"Serbia, Rep. of",1975,
Seychelles,1975,-0.268
Sierra Leone,1975,-0.116
Singapore,1975,
Slovak Rep.,1975,
"Slovenia, Rep. of",1975,
Solomon Islands,1975,0.022
Somalia,1975,0.04
South Africa,1975,-0.138
"South Sudan, Rep. of",1975,
Spain,1975,-0.099
Sri Lanka,1975,-0.159
St. Kitts and Nevis,1975,-0.254
St. Lucia,1975,-0.465
St. Vincent and the Grenadines,1975,-0.553
Sudan,1975,
Suriname,1975,-0.263
Svalbard Jan Mayen Islands,1975,0.414
Sweden,1975,1.575
Switzerland,1975,0.623
Syrian Arab Rep.,1975,-0.18
Taiwan Province of China,1975,0.238
"Tajikistan, Rep. of",1975,
"Tanzania, United Rep. of",1975,-0.005
Thailand,1975,0.095
"Timor-Leste, Dem. Rep. of",1975,-0.354
Togo,1975,-0.226
Tokelau,1975,-0.278
Tonga,1975,0.035
Trinidad and Tobago,1975,-0.462
Tunisia,1975,-0.367
"Türkiye, Rep. of",1975,-0.128
Turkmenistan,1975,
Turks and Caicos Islands,1975,0.462
Tuvalu,1975,
Uganda,1975,-0.009
Ukraine,1975,
United Arab Emirates,1975,-0.321
United Kingdom,1975,0.599
United States,1975,-0.367
United States Virgin Islands,1975,-0.131
Uruguay,1975,0.034
"Uzbekistan, Rep. of",1975,
Vanuatu,1975,0.081
"Venezuela, Rep. Bolivariana de",1975,-0.267
Vietnam,1975,0.174
Wallis and Futuna Islands,1975,-0.023
West Bank and Gaza,1975,-0.39
Western Sahara,1975,-0.305
World,1975,0.088
"Yemen, Rep. of",1975,-0.068
Zambia,1975,-0.109
Zimbabwe,1975,-0.284
"Afghanistan, Islamic Rep. of",1976,-0.291
Africa,1976,-0.252
Albania,1976,-0.677
Algeria,1976,-0.799
American Samoa,1976,-0.169
Americas,1976,-0.136
"Andorra, Principality of",1976,-0.062
Angola,1976,-0.339
Anguilla,1976,-0.284
Antarctica,1976,-0.634
Antigua and Barbuda,1976,-0.284
Argentina,1976,-0.35
"Armenia, Rep. of",1976,
"Aruba, Kingdom of the Netherlands",1976,-0.416
Asia,1976,-0.329
Australia,1976,-0.52
Austria,1976,0.222
"Azerbaijan, Rep. of",1976,
"Bahamas, The",1976,-0.19
"Bahrain, Kingdom of",1976,-0.48
Bangladesh,1976,-0.095
Barbados,1976,-0.461
"Belarus, Rep. of",1976,
Belgium,1976,
Belize,1976,-0.309
Benin,1976,-0.174
Bhutan,1976,-0.043
Bolivia,1976,-0.21
Bosnia and Herzegovina,1976,
Botswana,1976,-0.696
Brazil,1976,-0.192
British Virgin Islands,1976,
Brunei Darussalam,1976,-0.241
Bulgaria,1976,-0.854
Burkina Faso,1976,-0.306
Burundi,1976,
Cabo Verde,1976,-0.289
Cambodia,1976,-0.483
Cameroon,1976,-0.195
Canada,1976,0.088
Cayman Islands,1976,-0.022
Central African Rep.,1976,-0.162
Chad,1976,0.271
Chile,1976,-0.374
"China, P.R.: Hong Kong",1976,-0.784
"China, P.R.: Macao",1976,-0.784
"China, P.R.: Mainland",1976,-0.387
Colombia,1976,-0.186
"Comoros, Union of the",1976,-0.076
"Congo, Dem. Rep. of the",1976,-0.194
"Congo, Rep. of",1976,-0.279
Cook Islands,1976,-0.294
Costa Rica,1976,0.202
Côte d'Ivoire,1976,-0.307
"Croatia, Rep. of",1976,
Cuba,1976,-0.222
Cyprus,1976,-0.687
Czech Rep.,1976,
Denmark,1976,0.294
Djibouti,1976,-0.068
Dominica,1976,-0.285
Dominican Rep.,1976,-0.291
Ecuador,1976,0.289
"Egypt, Arab Rep. of",1976,-0.314
El Salvador,1976,-0.151
"Equatorial Guinea, Rep. of",1976,-0.367
"Eritrea, The State of",1976,
"Estonia, Rep. of",1976,
"Eswatini, Kingdom of",1976,-0.46
"Ethiopia, The Federal Dem. Rep. of",1976,
Europe,1976,-0.569
Falkland Islands (Malvinas),1976,-0.223
Faroe Islands,1976,0.508
"Fiji, Rep. of",1976,-0.076
Finland,1976,-0.876
France,1976,0.356
French Polynesia,1976,-0.256
Gabon,1976,-0.344
"Gambia, The",1976,-0.065
Georgia,1976,
Germany,1976,0.471
Ghana,1976,-0.32
Gibraltar,1976,-0.481
Greece,1976,-0.912
Greenland,1976,-0.35
Grenada,1976,-0.188
Guadeloupe,1976,-0.285
Guatemala,1976,-0.324
"Guiana, French",1976,-0.108
Guinea,1976,-0.241
Guinea-Bissau,1976,-0.115
Guyana,1976,-0.471
Haiti,1976,-0.456
Holy See,1976,-0.432
Honduras,1976,-0.184
Hungary,1976,-0.261
Iceland,1976,0.279
India,1976,0.01
Indonesia,1976,-0.011
"Iran, Islamic Rep. of",1976,-0.527
Iraq,1976,-0.787
Ireland,1976,0.54
Isle of Man,1976,0.644
Israel,1976,-0.555
Italy,1976,-0.324
Jamaica,1976,-0.291
Japan,1976,-0.508
Jordan,1976,-0.724
"Kazakhstan, Rep. of",1976,
Kenya,1976,0.173
Kiribati,1976,-0.229
"Korea, Dem. People's Rep. of",1976,-0.318
"Korea, Rep. of",1976,-0.486
Kuwait,1976,-0.66
Kyrgyz Rep.,1976,
Lao People's Dem. Rep.,1976,-0.513
Latvia,1976,
Lebanon,1976,-0.645
"Lesotho, Kingdom of",1976,-0.465
Liberia,1976,-0.232
Libya,1976,-0.499
Liechtenstein,1976,0.3
Lithuania,1976,
Luxembourg,1976,
"Madagascar, Rep. of",1976,0.06
Malawi,1976,-0.024
Malaysia,1976,-0.229
Maldives,1976,0.008
Mali,1976,-0.331
Malta,1976,-0.686
"Marshall Islands, Rep. of the",1976,
Martinique,1976,-0.331
"Mauritania, Islamic Rep. of",1976,-0.63
Mauritius,1976,-0.051
Mayotte,1976,
Mexico,1976,-0.476
"Micronesia, Federated States of",1976,
"Moldova, Rep. of",1976,
Monaco,1976,-0.003
Mongolia,1976,-0.181
Montenegro,1976,
Montserrat,1976,-0.284
Morocco,1976,-0.851
"Mozambique, Rep. of",1976,-0.121
Myanmar,1976,-0.378
Namibia,1976,-0.564
"Nauru, Rep. of",1976,-0.322
Nepal,1976,0.029
"Netherlands, The",1976,0.712
New Caledonia,1976,0.166
New Zealand,1976,-0.521
Nicaragua,1976,-0.04
Niger,1976,0.297
Nigeria,1976,0.078
Niue,1976,0.197
Norfolk Island,1976,-0.179
"North Macedonia, Republic of ",1976,
Norway,1976,-0.037
Oceania,1976,-0.499
Oman,1976,0.224
Pakistan,1976,-0.256
"Palau, Rep. of",1976,
Panama,1976,-0.019
Papua New Guinea,1976,-0.231
Paraguay,1976,-0.38
Peru,1976,-0.086
Philippines,1976,-0.161
Pitcairn Islands,1976,-0.374
"Poland, Rep. of",1976,-0.307
Portugal,1976,-0.38
Puerto Rico,1976,-0.318
Qatar,1976,-0.566
Réunion,1976,0.226
Romania,1976,-0.825
Russian Federation,1976,
Rwanda,1976,
Saint Helena,1976,0.32
Saint Pierre and Miquelon,1976,-0.102
Samoa,1976,-0.363
"San Marino, Rep. of",1976,-0.428
"São Tomé and Príncipe, Dem. Rep. of",1976,-0.431
Saudi Arabia,1976,-0.424
Senegal,1976,-0.072
"Serbia, Rep. of",1976,
Seychelles,1976,-0.222
Sierra Leone,1976,-0.236
Singapore,1976,
Slovak Rep.,1976,
"Slovenia, Rep. of",1976,
Solomon Islands,1976,-0.085
Somalia,1976,0.172
South Africa,1976,-0.51
"South Sudan, Rep. of",1976,
Spain,1976,-0.375
Sri Lanka,1976,-0.07
St. Kitts and Nevis,1976,-0.284
St. Lucia,1976,-0.305
St. Vincent and the Grenadines,1976,-0.183
Sudan,1976,
Suriname,1976,0.003
Svalbard Jan Mayen Islands,1976,0.924
Sweden,1976,-0.107
Switzerland,1976,0.369
Syrian Arab Rep.,1976,-0.841
Taiwan Province of China,1976,-0.545
"Tajikistan, Rep. of",1976,
"Tanzania, United Rep. of",1976,0.0
Thailand,1976,-0.516
"Timor-Leste, Dem. Rep. of",1976,-0.056
Togo,1976,-0.258
Tokelau,1976,0.198
Tonga,1976,-0.212
Trinidad and Tobago,1976,-0.268
Tunisia,1976,-0.747
"Türkiye, Rep. of",1976,-1.154
Turkmenistan,1976,
Turks and Caicos Islands,1976,-0.146
Tuvalu,1976,-0.086
Uganda,1976,0.058
Ukraine,1976,
United Arab Emirates,1976,-0.557
United Kingdom,1976,0.723
United States,1976,-0.12
United States Virgin Islands,1976,-0.322
Uruguay,1976,-0.313
"Uzbekistan, Rep. of",1976,
Vanuatu,1976,0.024
"Venezuela, Rep. Bolivariana de",1976,-0.357
Vietnam,1976,-0.559
Wallis and Futuna Islands,1976,-0.12
West Bank and Gaza,1976,-0.552
Western Sahara,1976,-1.055
World,1976,-0.313
"Yemen, Rep. of",1976,-0.175
Zambia,1976,-0.297
Zimbabwe,1976,-0.456
"Afghanistan, Islamic Rep. of",1977,0.544
Africa,1977,0.24
Albania,1977,0.53
Algeria,1977,0.55
American Samoa,1977,0.157
Americas,1977,0.505
"Andorra, Principality of",1977,-0.109
Angola,1977,0.221
Anguilla,1977,0.287
Antarctica,1977,0.25
Antigua and Barbuda,1977,0.287
Argentina,1977,0.405
"Armenia, Rep. of",1977,
"Aruba, Kingdom of the Netherlands",1977,0.28
Asia,1977,0.101
Australia,1977,0.164
Austria,1977,0.506
"Azerbaijan, Rep. of",1977,
"Bahamas, The",1977,0.118
"Bahrain, Kingdom of",1977,0.355
Bangladesh,1977,-0.264
Barbados,1977,-0.081
"Belarus, Rep. of",1977,
Belgium,1977,
Belize,1977,0.26
Benin,1977,0.373
Bhutan,1977,-0.053
Bolivia,1977,0.301
Bosnia and Herzegovina,1977,
Botswana,1977,0.31
Brazil,1977,0.256
British Virgin Islands,1977,
Brunei Darussalam,1977,0.03
Bulgaria,1977,0.548
Burkina Faso,1977,0.276
Burundi,1977,
Cabo Verde,1977,
Cambodia,1977,0.011
Cameroon,1977,0.307
Canada,1977,1.083
Cayman Islands,1977,0.378
Central African Rep.,1977,0.263
Chad,1977,-0.009
Chile,1977,0.261
"China, P.R.: Hong Kong",1977,0.148
"China, P.R.: Macao",1977,0.148
"China, P.R.: Mainland",1977,-0.053
Colombia,1977,0.251
"Comoros, Union of the",1977,0.444
"Congo, Dem. Rep. of the",1977,0.239
"Congo, Rep. of",1977,0.202
Cook Islands,1977,0.158
Costa Rica,1977,0.366
Côte d'Ivoire,1977,0.344
"Croatia, Rep. of",1977,
Cuba,1977,0.142
Cyprus,1977,0.144
Czech Rep.,1977,
Denmark,1977,-0.022
Djibouti,1977,0.167
Dominica,1977,0.289
Dominican Rep.,1977,0.3
Ecuador,1977,0.244
"Egypt, Arab Rep. of",1977,-0.131
El Salvador,1977,0.533
"Equatorial Guinea, Rep. of",1977,0.141
"Eritrea, The State of",1977,
"Estonia, Rep. of",1977,
"Eswatini, Kingdom of",1977,0.286
"Ethiopia, The Federal Dem. Rep. of",1977,
Europe,1977,0.178
Falkland Islands (Malvinas),1977,-0.089
Faroe Islands,1977,-0.314
"Fiji, Rep. of",1977,-0.127
Finland,1977,-0.228
France,1977,0.004
French Polynesia,1977,0.23
Gabon,1977,0.171
"Gambia, The",1977,0.484
Georgia,1977,
Germany,1977,0.284
Ghana,1977,0.326
Gibraltar,1977,-0.16
Greece,1977,0.335
Greenland,1977,1.002
Grenada,1977,-0.109
Guadeloupe,1977,0.288
Guatemala,1977,0.308
"Guiana, French",1977,0.109
Guinea,1977,0.224
Guinea-Bissau,1977,0.365
Guyana,1977,0.031
Haiti,1977,0.273
Holy See,1977,0.306
Honduras,1977,0.416
Hungary,1977,0.565
Iceland,1977,-0.36
India,1977,0.162
Indonesia,1977,0.093
"Iran, Islamic Rep. of",1977,0.414
Iraq,1977,0.291
Ireland,1977,-0.305
Isle of Man,1977,-0.358
Israel,1977,0.043
Italy,1977,0.281
Jamaica,1977,
Japan,1977,-0.154
Jordan,1977,0.044
"Kazakhstan, Rep. of",1977,
Kenya,1977,0.173
Kiribati,1977,0.132
"Korea, Dem. People's Rep. of",1977,0.177
"Korea, Rep. of",1977,0.124
Kuwait,1977,0.34
Kyrgyz Rep.,1977,
Lao People's Dem. Rep.,1977,-0.007
Latvia,1977,
Lebanon,1977,0.105
"Lesotho, Kingdom of",1977,0.264
Liberia,1977,0.228
Libya,1977,0.337
Liechtenstein,1977,0.276
Lithuania,1977,
Luxembourg,1977,
"Madagascar, Rep. of",1977,0.411
Malawi,1977,0.552
Malaysia,1977,0.103
Maldives,1977,-0.018
Mali,1977,0.395
Malta,1977,0.325
"Marshall Islands, Rep. of the",1977,
Martinique,1977,0.215
"Mauritania, Islamic Rep. of",1977,0.55
Mauritius,1977,0.449
Mayotte,1977,
Mexico,1977,0.016
"Micronesia, Federated States of",1977,
"Moldova, Rep. of",1977,
Monaco,1977,-0.053
Mongolia,1977,0.089
Montenegro,1977,
Montserrat,1977,0.287
Morocco,1977,0.064
"Mozambique, Rep. of",1977,0.485
Myanmar,1977,-0.074
Namibia,1977,0.191
"Nauru, Rep. of",1977,-0.579
Nepal,1977,0.01
"Netherlands, The",1977,0.162
New Caledonia,1977,0.005
New Zealand,1977,-0.399
Nicaragua,1977,0.339
Niger,1977,-0.344
Nigeria,1977,0.303
Niue,1977,0.037
Norfolk Island,1977,-0.246
"North Macedonia, Republic of ",1977,
Norway,1977,-0.55
Oceania,1977,0.136
Oman,1977,0.609
Pakistan,1977,0.392
"Palau, Rep. of",1977,
Panama,1977,0.247
Papua New Guinea,1977,-0.013
Paraguay,1977,0.76
Peru,1977,0.278
Philippines,1977,0.272
Pitcairn Islands,1977,-0.703
"Poland, Rep. of",1977,0.424
Portugal,1977,-0.292
Puerto Rico,1977,0.234
Qatar,1977,0.271
Réunion,1977,0.809
Romania,1977,0.52
Russian Federation,1977,
Rwanda,1977,
Saint Helena,1977,-0.054
Saint Pierre and Miquelon,1977,-0.112
Samoa,1977,0.008
"San Marino, Rep. of",1977,0.342
"São Tomé and Príncipe, Dem. Rep. of",1977,0.12
Saudi Arabia,1977,0.159
Senegal,1977,0.541
"Serbia, Rep. of",1977,
Seychelles,1977,0.227
Sierra Leone,1977,0.17
Singapore,1977,
Slovak Rep.,1977,
"Slovenia, Rep. of",1977,
Solomon Islands,1977,0.22
Somalia,1977,0.35
South Africa,1977,0.169
"South Sudan, Rep. of",1977,
Spain,1977,-0.167
Sri Lanka,1977,0.078
St. Kitts and Nevis,1977,0.287
St. Lucia,1977,0.025
St. Vincent and the Grenadines,1977,-0.113
Sudan,1977,
Suriname,1977,0.193
Svalbard Jan Mayen Islands,1977,-0.273
Sweden,1977,-0.465
Switzerland,1977,0.173
Syrian Arab Rep.,1977,0.186
Taiwan Province of China,1977,0.227
"Tajikistan, Rep. of",1977,
"Tanzania, United Rep. of",1977,0.302
Thailand,1977,0.088
"Timor-Leste, Dem. Rep. of",1977,0.403
Togo,1977,0.399
Tokelau,1977,0.262
Tonga,1977,0.021
Trinidad and Tobago,1977,0.011
Tunisia,1977,0.608
"Türkiye, Rep. of",1977,0.192
Turkmenistan,1977,
Turks and Caicos Islands,1977,0.389
Tuvalu,1977,-0.064
Uganda,1977,0.201
Ukraine,1977,
United Arab Emirates,1977,0.401
United Kingdom,1977,-0.329
United States,1977,0.4
United States Virgin Islands,1977,0.219
Uruguay,1977,0.515
"Uzbekistan, Rep. of",1977,
Vanuatu,1977,-0.044
"Venezuela, Rep. Bolivariana de",1977,0.281
Vietnam,1977,-0.101
Wallis and Futuna Islands,1977,-0.142
West Bank and Gaza,1977,0.04
Western Sahara,1977,0.006
World,1977,0.272
"Yemen, Rep. of",1977,0.263
Zambia,1977,0.525
Zimbabwe,1977,0.418
"Afghanistan, Islamic Rep. of",1978,0.12
Africa,1978,0.09
Albania,1978,-0.825
Algeria,1978,0.06
American Samoa,1978,0.093
Americas,1978,-0.072
"Andorra, Principality of",1978,-0.179
Angola,1978,0.07
Anguilla,1978,0.36
Antarctica,1978,-0.118
Antigua and Barbuda,1978,0.36
Argentina,1978,0.332
"Armenia, Rep. of",1978,
"Aruba, Kingdom of the Netherlands",1978,0.519
Asia,1978,0.161
Australia,1978,0.058
Austria,1978,-0.469
"Azerbaijan, Rep. of",1978,
"Bahamas, The",1978,0.179
"Bahrain, Kingdom of",1978,0.123
Bangladesh,1978,-0.208
Barbados,1978,0.208
"Belarus, Rep. of",1978,
Belgium,1978,
Belize,1978,0.141
Benin,1978,-0.022
Bhutan,1978,-0.232
Bolivia,1978,0.355
Bosnia and Herzegovina,1978,
Botswana,1978,-0.036
Brazil,1978,0.025
British Virgin Islands,1978,
Brunei Darussalam,1978,0.166
Bulgaria,1978,-0.73
Burkina Faso,1978,0.225
Burundi,1978,
Cabo Verde,1978,0.334
Cambodia,1978,0.199
Cameroon,1978,0.039
Canada,1978,-0.605
Cayman Islands,1978,0.274
Central African Rep.,1978,0.076
Chad,1978,-0.095
Chile,1978,0.25
"China, P.R.: Hong Kong",1978,-0.01
"China, P.R.: Macao",1978,-0.01
"China, P.R.: Mainland",1978,0.248
Colombia,1978,0.131
"Comoros, Union of the",1978,0.175
"Congo, Dem. Rep. of the",1978,0.13
"Congo, Rep. of",1978,0.084
Cook Islands,1978,0.121
Costa Rica,1978,0.182
Côte d'Ivoire,1978,0.139
"Croatia, Rep. of",1978,
Cuba,1978,0.032
Cyprus,1978,-0.01
Czech Rep.,1978,
Denmark,1978,0.141
Djibouti,1978,0.188
Dominica,1978,0.361
Dominican Rep.,1978,0.09
Ecuador,1978,0.241
"Egypt, Arab Rep. of",1978,-0.289
El Salvador,1978,0.267
"Equatorial Guinea, Rep. of",1978,-0.043
"Eritrea, The State of",1978,
"Estonia, Rep. of",1978,
"Eswatini, Kingdom of",1978,0.187
"Ethiopia, The Federal Dem. Rep. of",1978,
Europe,1978,-0.179
Falkland Islands (Malvinas),1978,0.228
Faroe Islands,1978,-0.122
"Fiji, Rep. of",1978,-0.032
Finland,1978,-0.524
France,1978,-0.226
French Polynesia,1978,-0.095
Gabon,1978,0.054
"Gambia, The",1978,0.342
Georgia,1978,
Germany,1978,-0.173
Ghana,1978,0.094
Gibraltar,1978,0.186
Greece,1978,-0.551
Greenland,1978,-0.677
Grenada,1978,-0.017
Guadeloupe,1978,0.361
Guatemala,1978,0.24
"Guiana, French",1978,0.117
Guinea,1978,0.218
Guinea-Bissau,1978,0.258
Guyana,1978,-0.022
Haiti,1978,0.058
Holy See,1978,-0.6
Honduras,1978,0.304
Hungary,1978,-0.855
Iceland,1978,-0.046
India,1978,-0.161
Indonesia,1978,0.063
"Iran, Islamic Rep. of",1978,0.284
Iraq,1978,0.127
Ireland,1978,0.233
Isle of Man,1978,0.192
Israel,1978,-0.045
Italy,1978,-0.54
Jamaica,1978,
Japan,1978,0.231
Jordan,1978,0.077
"Kazakhstan, Rep. of",1978,
Kenya,1978,-0.022
Kiribati,1978,0.237
"Korea, Dem. People's Rep. of",1978,0.689
"Korea, Rep. of",1978,0.791
Kuwait,1978,0.006
Kyrgyz Rep.,1978,
Lao People's Dem. Rep.,1978,0.156
Latvia,1978,
Lebanon,1978,0.039
"Lesotho, Kingdom of",1978,0.101
Liberia,1978,0.236
Libya,1978,-0.222
Liechtenstein,1978,-0.353
Lithuania,1978,
Luxembourg,1978,
"Madagascar, Rep. of",1978,0.548
Malawi,1978,0.317
Malaysia,1978,0.213
Maldives,1978,-0.17
Mali,1978,0.403
Malta,1978,-0.583
"Marshall Islands, Rep. of the",1978,
Martinique,1978,0.326
"Mauritania, Islamic Rep. of",1978,0.457
Mauritius,1978,0.255
Mayotte,1978,0.279
Mexico,1978,0.19
"Micronesia, Federated States of",1978,
"Moldova, Rep. of",1978,
Monaco,1978,-0.417
Mongolia,1978,0.932
Montenegro,1978,
Montserrat,1978,0.36
Morocco,1978,0.352
"Mozambique, Rep. of",1978,0.365
Myanmar,1978,0.077
Namibia,1978,-0.07
"Nauru, Rep. of",1978,0.267
Nepal,1978,-0.394
"Netherlands, The",1978,-0.066
New Caledonia,1978,0.142
New Zealand,1978,0.376
Nicaragua,1978,0.295
Niger,1978,0.209
Nigeria,1978,0.028
Niue,1978,0.188
Norfolk Island,1978,-0.118
"North Macedonia, Republic of ",1978,
Norway,1978,-0.098
Oceania,1978,0.079
Oman,1978,0.143
Pakistan,1978,0.027
"Palau, Rep. of",1978,
Panama,1978,0.134
Papua New Guinea,1978,0.251
Paraguay,1978,0.73
Peru,1978,0.121
Philippines,1978,0.193
Pitcairn Islands,1978,-0.244
"Poland, Rep. of",1978,-0.234
Portugal,1978,0.153
Puerto Rico,1978,0.26
Qatar,1978,0.143
Réunion,1978,0.396
Romania,1978,-0.842
Russian Federation,1978,
Rwanda,1978,
Saint Helena,1978,0.099
Saint Pierre and Miquelon,1978,-0.304
Samoa,1978,0.032
"San Marino, Rep. of",1978,-0.586
"São Tomé and Príncipe, Dem. Rep. of",1978,0.054
Saudi Arabia,1978,-0.146
Senegal,1978,0.468
"Serbia, Rep. of",1978,
Seychelles,1978,0.365
Sierra Leone,1978,0.227
Singapore,1978,
Slovak Rep.,1978,
"Slovenia, Rep. of",1978,
Solomon Islands,1978,0.371
Somalia,1978,0.065
South Africa,1978,0.057
"South Sudan, Rep. of",1978,
Spain,1978,0.095
Sri Lanka,1978,0.127
St. Kitts and Nevis,1978,0.36
St. Lucia,1978,0.166
St. Vincent and the Grenadines,1978,-0.016
Sudan,1978,
Suriname,1978,0.133
Svalbard Jan Mayen Islands,1978,-0.787
Sweden,1978,-0.073
Switzerland,1978,-0.361
Syrian Arab Rep.,1978,0.17
Taiwan Province of China,1978,0.029
"Tajikistan, Rep. of",1978,
"Tanzania, United Rep. of",1978,0.105
Thailand,1978,0.279
"Timor-Leste, Dem. Rep. of",1978,0.833
Togo,1978,-0.022
Tokelau,1978,0.255
Tonga,1978,0.286
Trinidad and Tobago,1978,0.04
Tunisia,1978,-0.385
"Türkiye, Rep. of",1978,-0.055
Turkmenistan,1978,
Turks and Caicos Islands,1978,0.843
Tuvalu,1978,0.058
Uganda,1978,0.116
Ukraine,1978,
United Arab Emirates,1978,0.041
United Kingdom,1978,0.061
United States,1978,0.022
United States Virgin Islands,1978,0.26
Uruguay,1978,0.132
"Uzbekistan, Rep. of",1978,
Vanuatu,1978,-0.009
"Venezuela, Rep. Bolivariana de",1978,0.164
Vietnam,1978,0.043
Wallis and Futuna Islands,1978,-0.027
West Bank and Gaza,1978,-0.047
Western Sahara,1978,0.326
World,1978,0.001
"Yemen, Rep. of",1978,0.201
Zambia,1978,0.096
Zimbabwe,1978,-0.029
"Afghanistan, Islamic Rep. of",1979,0.38
Africa,1979,0.445
Albania,1979,0.191
Algeria,1979,0.706
American Samoa,1979,0.342
Americas,1979,-0.072
"Andorra, Principality of",1979,0.034
Angola,1979,0.324
Anguilla,1979,0.321
Antarctica,1979,-0.234
Antigua and Barbuda,1979,0.321
Argentina,1979,0.246
"Armenia, Rep. of",1979,
"Aruba, Kingdom of the Netherlands",1979,
Asia,1979,0.452
Australia,1979,0.345
Austria,1979,-0.106
"Azerbaijan, Rep. of",1979,
"Bahamas, The",1979,0.262
"Bahrain, Kingdom of",1979,0.882
Bangladesh,1979,0.497
Barbados,1979,-0.009
"Belarus, Rep. of",1979,
Belgium,1979,
Belize,1979,0.686
Benin,1979,0.528
Bhutan,1979,0.388
Bolivia,1979,0.203
Bosnia and Herzegovina,1979,
Botswana,1979,0.566
Brazil,1979,-0.014
British Virgin Islands,1979,
Brunei Darussalam,1979,0.128
Bulgaria,1979,0.152
Burkina Faso,1979,0.446
Burundi,1979,
Cabo Verde,1979,0.694
Cambodia,1979,0.381
Cameroon,1979,0.394
Canada,1979,-0.221
Cayman Islands,1979,0.28
Central African Rep.,1979,0.406
Chad,1979,0.531
Chile,1979,0.161
"China, P.R.: Hong Kong",1979,0.002
"China, P.R.: Macao",1979,0.002
"China, P.R.: Mainland",1979,0.305
Colombia,1979,0.202
"Comoros, Union of the",1979,0.152
"Congo, Dem. Rep. of the",1979,0.394
"Congo, Rep. of",1979,0.393
Cook Islands,1979,0.145
Costa Rica,1979,0.255
Côte d'Ivoire,1979,0.554
"Croatia, Rep. of",1979,
Cuba,1979,0.34
Cyprus,1979,0.626
Czech Rep.,1979,
Denmark,1979,-1.194
Djibouti,1979,0.106
Dominica,1979,0.319
Dominican Rep.,1979,0.304
Ecuador,1979,0.491
"Egypt, Arab Rep. of",1979,0.561
El Salvador,1979,0.601
"Equatorial Guinea, Rep. of",1979,0.337
"Eritrea, The State of",1979,
"Estonia, Rep. of",1979,
"Eswatini, Kingdom of",1979,0.225
"Ethiopia, The Federal Dem. Rep. of",1979,
Europe,1979,0.125
Falkland Islands (Malvinas),1979,0.644
Faroe Islands,1979,-0.898
"Fiji, Rep. of",1979,0.088
Finland,1979,-0.752
France,1979,-0.195
French Polynesia,1979,0.093
Gabon,1979,0.372
"Gambia, The",1979,0.533
Georgia,1979,
Germany,1979,-0.639
Ghana,1979,0.593
Gibraltar,1979,0.369
Greece,1979,0.183
Greenland,1979,0.665
Grenada,1979,0.172
Guadeloupe,1979,0.32
Guatemala,1979,0.464
"Guiana, French",1979,0.331
Guinea,1979,0.526
Guinea-Bissau,1979,0.441
Guyana,1979,0.247
Haiti,1979,0.249
Holy See,1979,0.092
Honduras,1979,0.472
Hungary,1979,0.064
Iceland,1979,-1.322
India,1979,0.299
Indonesia,1979,0.152
"Iran, Islamic Rep. of",1979,0.69
Iraq,1979,1.232
Ireland,1979,-0.714
Isle of Man,1979,-0.795
Israel,1979,0.639
Italy,1979,0.014
Jamaica,1979,
Japan,1979,0.456
Jordan,1979,0.795
"Kazakhstan, Rep. of",1979,
Kenya,1979,0.068
Kiribati,1979,0.164
"Korea, Dem. People's Rep. of",1979,0.641
"Korea, Rep. of",1979,0.599
Kuwait,1979,1.274
Kyrgyz Rep.,1979,
Lao People's Dem. Rep.,1979,0.482
Latvia,1979,
Lebanon,1979,0.718
"Lesotho, Kingdom of",1979,0.305
Liberia,1979,0.541
Libya,1979,0.19
Liechtenstein,1979,-0.08
Lithuania,1979,
Luxembourg,1979,
"Madagascar, Rep. of",1979,0.31
Malawi,1979,0.143
Malaysia,1979,0.295
Maldives,1979,0.083
Mali,1979,0.682
Malta,1979,0.057
"Marshall Islands, Rep. of the",1979,
Martinique,1979,0.246
"Mauritania, Islamic Rep. of",1979,0.872
Mauritius,1979,0.28
Mayotte,1979,0.209
Mexico,1979,-0.054
"Micronesia, Federated States of",1979,
"Moldova, Rep. of",1979,
Monaco,1979,-0.019
Mongolia,1979,0.981
Montenegro,1979,
Montserrat,1979,0.321
Morocco,1979,0.481
"Mozambique, Rep. of",1979,0.096
Myanmar,1979,0.508
Namibia,1979,0.368
"Nauru, Rep. of",1979,0.261
Nepal,1979,0.329
"Netherlands, The",1979,-0.905
New Caledonia,1979,0.06
New Zealand,1979,0.304
Nicaragua,1979,0.286
Niger,1979,0.732
Nigeria,1979,0.568
Niue,1979,0.13
Norfolk Island,1979,0.015
"North Macedonia, Republic of ",1979,
Norway,1979,-1.066
Oceania,1979,0.333
Oman,1979,0.133
Pakistan,1979,-0.013
"Palau, Rep. of",1979,
Panama,1979,0.215
Papua New Guinea,1979,0.195
Paraguay,1979,0.163
Peru,1979,0.265
Philippines,1979,0.359
Pitcairn Islands,1979,-0.535
"Poland, Rep. of",1979,-0.775
Portugal,1979,0.148
Puerto Rico,1979,0.212
Qatar,1979,0.761
Réunion,1979,0.469
Romania,1979,0.141
Russian Federation,1979,
Rwanda,1979,
Saint Helena,1979,0.028
Saint Pierre and Miquelon,1979,0.47
Samoa,1979,0.188
"San Marino, Rep. of",1979,0.013
"São Tomé and Príncipe, Dem. Rep. of",1979,0.323
Saudi Arabia,1979,0.888
Senegal,1979,0.767
"Serbia, Rep. of",1979,
Seychelles,1979,0.236
Sierra Leone,1979,0.521
Singapore,1979,-0.05
Slovak Rep.,1979,
"Slovenia, Rep. of",1979,
Solomon Islands,1979,0.21
Somalia,1979,0.052
South Africa,1979,0.31
"South Sudan, Rep. of",1979,
Spain,1979,0.27
Sri Lanka,1979,0.377
St. Kitts and Nevis,1979,0.321
St. Lucia,1979,0.16
St. Vincent and the Grenadines,1979,0.173
Sudan,1979,
Suriname,1979,0.265
Svalbard Jan Mayen Islands,1979,-1.117
Sweden,1979,-1.089
Switzerland,1979,-0.06
Syrian Arab Rep.,1979,0.919
Taiwan Province of China,1979,0.045
"Tajikistan, Rep. of",1979,
"Tanzania, United Rep. of",1979,-0.104
Thailand,1979,0.59
"Timor-Leste, Dem. Rep. of",1979,0.352
Togo,1979,0.477
Tokelau,1979,0.625
Tonga,1979,0.228
Trinidad and Tobago,1979,0.206
Tunisia,1979,0.432
"Türkiye, Rep. of",1979,0.907
Turkmenistan,1979,
Turks and Caicos Islands,1979,0.187
Tuvalu,1979,0.24
Uganda,1979,0.394
Ukraine,1979,
United Arab Emirates,1979,0.413
United Kingdom,1979,-0.791
United States,1979,-0.337
United States Virgin Islands,1979,0.204
Uruguay,1979,0.161
"Uzbekistan, Rep. of",1979,
Vanuatu,1979,0.007
"Venezuela, Rep. Bolivariana de",1979,0.293
Vietnam,1979,0.323
Wallis and Futuna Islands,1979,0.155
West Bank and Gaza,1979,0.635
Western Sahara,1979,0.497
World,1979,0.218
"Yemen, Rep. of",1979,0.42
Zambia,1979,0.254
Zimbabwe,1979,0.176
"Afghanistan, Islamic Rep. of",1980,0.655
Africa,1980,0.376
Albania,1980,-0.422
Algeria,1980,0.266
American Samoa,1980,0.344
Americas,1980,0.506
"Andorra, Principality of",1980,-0.215
Angola,1980,0.31
Anguilla,1980,0.726
Antarctica,1980,0.565
Antigua and Barbuda,1980,0.726
Argentina,1980,0.351
"Armenia, Rep. of",1980,
"Aruba, Kingdom of the Netherlands",1980,0.63
Asia,1980,0.281
Australia,1980,0.843
Austria,1980,-0.266
"Azerbaijan, Rep. of",1980,
"Bahamas, The",1980,0.41
"Bahrain, Kingdom of",1980,0.379
Bangladesh,1980,0.142
Barbados,1980,0.502
"Belarus, Rep. of",1980,
Belgium,1980,
Belize,1980,0.723
Benin,1980,0.459
Bhutan,1980,0.074
Bolivia,1980,0.271
Bosnia and Herzegovina,1980,
Botswana,1980,0.001
Brazil,1980,0.299
British Virgin Islands,1980,
Brunei Darussalam,1980,0.119
Bulgaria,1980,-0.466
Burkina Faso,1980,0.822
Burundi,1980,
Cabo Verde,1980,0.685
Cambodia,1980,0.303
Cameroon,1980,0.362
Canada,1980,0.919
Cayman Islands,1980,0.534
Central African Rep.,1980,0.444
Chad,1980,0.434
Chile,1980,0.236
"China, P.R.: Hong Kong",1980,0.235
"China, P.R.: Macao",1980,0.235
"China, P.R.: Mainland",1980,0.259
Colombia,1980,0.455
"Comoros, Union of the",1980,0.188
"Congo, Dem. Rep. of the",1980,0.297
"Congo, Rep. of",1980,0.283
Cook Islands,1980,0.265
Costa Rica,1980,0.411
Côte d'Ivoire,1980,0.484
"Croatia, Rep. of",1980,
Cuba,1980,0.467
Cyprus,1980,-0.271
Czech Rep.,1980,
Denmark,1980,-0.444
Djibouti,1980,0.708
Dominica,1980,0.723
Dominican Rep.,1980,0.741
Ecuador,1980,0.438
"Egypt, Arab Rep. of",1980,-0.101
El Salvador,1980,0.584
"Equatorial Guinea, Rep. of",1980,0.294
"Eritrea, The State of",1980,
"Estonia, Rep. of",1980,
"Eswatini, Kingdom of",1980,-0.139
"Ethiopia, The Federal Dem. Rep. of",1980,
Europe,1980,-0.079
Falkland Islands (Malvinas),1980,0.186
Faroe Islands,1980,0.003
"Fiji, Rep. of",1980,0.123
Finland,1980,-0.379
France,1980,-0.228
French Polynesia,1980,0.208
Gabon,1980,0.276
"Gambia, The",1980,0.744
Georgia,1980,
Germany,1980,-0.185
Ghana,1980,0.484
Gibraltar,1980,0.286
Greece,1980,-0.377
Greenland,1980,1.062
Grenada,1980,0.312
Guadeloupe,1980,0.724
Guatemala,1980,0.57
"Guiana, French",1980,0.321
Guinea,1980,0.653
Guinea-Bissau,1980,0.604
Guyana,1980,0.296
Haiti,1980,0.669
Holy See,1980,-0.549
Honduras,1980,0.513
Hungary,1980,-0.601
Iceland,1980,0.325
India,1980,0.391
Indonesia,1980,0.193
"Iran, Islamic Rep. of",1980,0.541
Iraq,1980,0.03
Ireland,1980,-0.084
Isle of Man,1980,-0.046
Israel,1980,-0.172
Italy,1980,-0.428
Jamaica,1980,0.614
Japan,1980,-0.214
Jordan,1980,-0.1
"Kazakhstan, Rep. of",1980,
Kenya,1980,0.585
Kiribati,1980,0.207
"Korea, Dem. People's Rep. of",1980,0.004
"Korea, Rep. of",1980,-0.464
Kuwait,1980,0.453
Kyrgyz Rep.,1980,
Lao People's Dem. Rep.,1980,0.468
Latvia,1980,
Lebanon,1980,-0.204
"Lesotho, Kingdom of",1980,0.18
Liberia,1980,0.404
Libya,1980,-0.061
Liechtenstein,1980,-0.157
Lithuania,1980,
Luxembourg,1980,
"Madagascar, Rep. of",1980,0.37
Malawi,1980,0.278
Malaysia,1980,0.223
Maldives,1980,0.184
Mali,1980,1.01
Malta,1980,-0.491
"Marshall Islands, Rep. of the",1980,
Martinique,1980,0.686
"Mauritania, Islamic Rep. of",1980,0.814
Mauritius,1980,0.322
Mayotte,1980,0.335
Mexico,1980,0.388
"Micronesia, Federated States of",1980,
"Moldova, Rep. of",1980,
Monaco,1980,-0.352
Mongolia,1980,0.523
Montenegro,1980,
Montserrat,1980,0.726
Morocco,1980,0.596
"Mozambique, Rep. of",1980,0.077
Myanmar,1980,0.285
Namibia,1980,0.161
"Nauru, Rep. of",1980,0.017
Nepal,1980,0.156
"Netherlands, The",1980,0.01
New Caledonia,1980,0.273
New Zealand,1980,-0.005
Nicaragua,1980,0.625
Niger,1980,0.535
Nigeria,1980,0.424
Niue,1980,0.054
Norfolk Island,1980,-0.032
"North Macedonia, Republic of ",1980,
Norway,1980,-0.308
Oceania,1980,0.777
Oman,1980,-0.014
Pakistan,1980,0.474
"Palau, Rep. of",1980,
Panama,1980,0.494
Papua New Guinea,1980,0.237
Paraguay,1980,0.225
Peru,1980,0.378
Philippines,1980,0.148
Pitcairn Islands,1980,-0.195
"Poland, Rep. of",1980,-0.759
Portugal,1980,0.255
Puerto Rico,1980,0.691
Qatar,1980,0.384
Réunion,1980,0.177
Romania,1980,-0.655
Russian Federation,1980,
Rwanda,1980,
Saint Helena,1980,0.284
Saint Pierre and Miquelon,1980,-0.196
Samoa,1980,0.232
"San Marino, Rep. of",1980,-0.452
"São Tomé and Príncipe, Dem. Rep. of",1980,0.194
Saudi Arabia,1980,0.033
Senegal,1980,0.913
"Serbia, Rep. of",1980,
Seychelles,1980,0.269
Sierra Leone,1980,0.377
Singapore,1980,0.09
Slovak Rep.,1980,
"Slovenia, Rep. of",1980,
Solomon Islands,1980,0.142
Somalia,1980,0.69
South Africa,1980,0.235
"South Sudan, Rep. of",1980,
Spain,1980,0.177
Sri Lanka,1980,0.46
St. Kitts and Nevis,1980,0.726
St. Lucia,1980,0.506
St. Vincent and the Grenadines,1980,0.312
Sudan,1980,
Suriname,1980,0.317
Svalbard Jan Mayen Islands,1980,-0.118
Sweden,1980,-0.566
Switzerland,1980,-0.192
Syrian Arab Rep.,1980,-0.179
Taiwan Province of China,1980,0.208
"Tajikistan, Rep. of",1980,
"Tanzania, United Rep. of",1980,0.4
Thailand,1980,0.497
"Timor-Leste, Dem. Rep. of",1980,0.413
Togo,1980,0.47
Tokelau,1980,0.459
Tonga,1980,0.161
Trinidad and Tobago,1980,0.332
Tunisia,1980,-0.201
"Türkiye, Rep. of",1980,-0.096
Turkmenistan,1980,
Turks and Caicos Islands,1980,0.391
Tuvalu,1980,0.286
Uganda,1980,0.718
Ukraine,1980,
United Arab Emirates,1980,0.376
United Kingdom,1980,-0.03
United States,1980,0.41
United States Virgin Islands,1980,0.687
Uruguay,1980,0.597
"Uzbekistan, Rep. of",1980,
Vanuatu,1980,0.04
"Venezuela, Rep. Bolivariana de",1980,0.452
Vietnam,1980,0.27
Wallis and Futuna Islands,1980,0.195
West Bank and Gaza,1980,-0.176
Western Sahara,1980,0.409
World,1980,0.328
"Yemen, Rep. of",1980,0.62
Zambia,1980,0.156
Zimbabwe,1980,-0.033
"Afghanistan, Islamic Rep. of",1981,0.558
Africa,1981,0.109
Albania,1981,-0.346
Algeria,1981,0.249
American Samoa,1981,0.165
Americas,1981,0.697
"Andorra, Principality of",1981,0.145
Angola,1981,-0.064
Anguilla,1981,0.748
Antarctica,1981,0.706
Antigua and Barbuda,1981,0.748
Argentina,1981,0.354
"Armenia, Rep. of",1981,
"Aruba, Kingdom of the Netherlands",1981,0.383
Asia,1981,0.208
Australia,1981,0.446
Austria,1981,0.286
"Azerbaijan, Rep. of",1981,
"Bahamas, The",1981,-0.064
"Bahrain, Kingdom of",1981,0.435
Bangladesh,1981,-0.158
Barbados,1981,0.266
"Belarus, Rep. of",1981,
Belgium,1981,
Belize,1981,0.087
Benin,1981,0.235
Bhutan,1981,0.199
Bolivia,1981,0.23
Bosnia and Herzegovina,1981,
Botswana,1981,-0.372
Brazil,1981,0.182
British Virgin Islands,1981,
Brunei Darussalam,1981,0.068
Bulgaria,1981,-0.065
Burkina Faso,1981,0.296
Burundi,1981,
Cabo Verde,1981,0.383
Cambodia,1981,0.264
Cameroon,1981,-0.007
Canada,1981,1.563
Cayman Islands,1981,-0.05
Central African Rep.,1981,-0.082
Chad,1981,0.188
Chile,1981,0.257
"China, P.R.: Hong Kong",1981,0.36
"China, P.R.: Macao",1981,0.36
"China, P.R.: Mainland",1981,0.229
Colombia,1981,0.145
"Comoros, Union of the",1981,0.072
"Congo, Dem. Rep. of the",1981,0.097
"Congo, Rep. of",1981,-0.254
Cook Islands,1981,0.124
Costa Rica,1981,0.272
Côte d'Ivoire,1981,0.307
"Croatia, Rep. of",1981,
Cuba,1981,-0.047
Cyprus,1981,0.105
Czech Rep.,1981,
Denmark,1981,0.298
Djibouti,1981,-0.037
Dominica,1981,0.748
Dominican Rep.,1981,0.612
Ecuador,1981,0.118
"Egypt, Arab Rep. of",1981,-0.261
El Salvador,1981,0.206
"Equatorial Guinea, Rep. of",1981,0.071
"Eritrea, The State of",1981,
"Estonia, Rep. of",1981,
"Eswatini, Kingdom of",1981,-0.437
"Ethiopia, The Federal Dem. Rep. of",1981,
Europe,1981,0.651
Falkland Islands (Malvinas),1981,0.186
Faroe Islands,1981,-0.412
"Fiji, Rep. of",1981,0.09
Finland,1981,-0.237
France,1981,0.078
French Polynesia,1981,0.116
Gabon,1981,-0.205
"Gambia, The",1981,0.57
Georgia,1981,
Germany,1981,0.297
Ghana,1981,0.221
Gibraltar,1981,0.337
Greece,1981,-0.186
Greenland,1981,-0.287
Grenada,1981,0.204
Guadeloupe,1981,0.748
Guatemala,1981,0.109
"Guiana, French",1981,0.31
Guinea,1981,0.368
Guinea-Bissau,1981,0.424
Guyana,1981,0.179
Haiti,1981,0.478
Holy See,1981,-0.476
Honduras,1981,0.187
Hungary,1981,0.164
Iceland,1981,-0.986
India,1981,0.068
Indonesia,1981,0.102
"Iran, Islamic Rep. of",1981,0.675
Iraq,1981,0.27
Ireland,1981,0.35
Isle of Man,1981,0.276
Israel,1981,-0.189
Italy,1981,-0.291
Jamaica,1981,0.871
Japan,1981,-0.641
Jordan,1981,-0.146
"Kazakhstan, Rep. of",1981,
Kenya,1981,0.176
Kiribati,1981,0.251
"Korea, Dem. People's Rep. of",1981,-0.595
"Korea, Rep. of",1981,-0.765
Kuwait,1981,0.402
Kyrgyz Rep.,1981,
Lao People's Dem. Rep.,1981,0.444
Latvia,1981,
Lebanon,1981,0.03
"Lesotho, Kingdom of",1981,-0.312
Liberia,1981,0.159
Libya,1981,0.031
Liechtenstein,1981,0.05
Lithuania,1981,
Luxembourg,1981,
"Madagascar, Rep. of",1981,0.152
Malawi,1981,-0.132
Malaysia,1981,0.188
Maldives,1981,0.141
Mali,1981,0.43
Malta,1981,-0.365
"Marshall Islands, Rep. of the",1981,
Martinique,1981,0.643
"Mauritania, Islamic Rep. of",1981,0.732
Mauritius,1981,0.12
Mayotte,1981,0.201
Mexico,1981,0.163
"Micronesia, Federated States of",1981,
"Moldova, Rep. of",1981,
Monaco,1981,-0.076
Mongolia,1981,0.261
Montenegro,1981,
Montserrat,1981,0.748
Morocco,1981,0.497
"Mozambique, Rep. of",1981,-0.208
Myanmar,1981,0.278
Namibia,1981,-0.014
"Nauru, Rep. of",1981,0.163
Nepal,1981,-0.036
"Netherlands, The",1981,0.336
New Caledonia,1981,0.193
New Zealand,1981,0.416
Nicaragua,1981,0.257
Niger,1981,0.057
Nigeria,1981,0.208
Niue,1981,-0.145
Norfolk Island,1981,0.195
"North Macedonia, Republic of ",1981,
Norway,1981,-0.487
Oceania,1981,0.437
Oman,1981,0.156
Pakistan,1981,0.366
"Palau, Rep. of",1981,
Panama,1981,0.317
Papua New Guinea,1981,0.334
Paraguay,1981,0.455
Peru,1981,0.089
Philippines,1981,0.244
Pitcairn Islands,1981,-0.134
"Poland, Rep. of",1981,0.433
Portugal,1981,0.531
Puerto Rico,1981,0.718
Qatar,1981,0.409
Réunion,1981,
Romania,1981,0.027
Russian Federation,1981,
Rwanda,1981,
Saint Helena,1981,0.118
Saint Pierre and Miquelon,1981,1.015
Samoa,1981,0.021
"San Marino, Rep. of",1981,-0.34
"São Tomé and Príncipe, Dem. Rep. of",1981,0.168
Saudi Arabia,1981,0.057
Senegal,1981,0.736
"Serbia, Rep. of",1981,
Seychelles,1981,0.176
Sierra Leone,1981,0.226
Singapore,1981,
Slovak Rep.,1981,
"Slovenia, Rep. of",1981,
Solomon Islands,1981,0.43
Somalia,1981,-0.132
South Africa,1981,-0.356
"South Sudan, Rep. of",1981,
Spain,1981,0.342
Sri Lanka,1981,0.273
St. Kitts and Nevis,1981,0.748
St. Lucia,1981,0.389
St. Vincent and the Grenadines,1981,0.201
Sudan,1981,
Suriname,1981,0.272
Svalbard Jan Mayen Islands,1981,-1.066
Sweden,1981,-0.227
Switzerland,1981,-0.013
Syrian Arab Rep.,1981,0.151
Taiwan Province of China,1981,-0.083
"Tajikistan, Rep. of",1981,
"Tanzania, United Rep. of",1981,0.382
Thailand,1981,0.305
"Timor-Leste, Dem. Rep. of",1981,0.762
Togo,1981,0.232
Tokelau,1981,0.38
Tonga,1981,0.097
Trinidad and Tobago,1981,0.291
Tunisia,1981,0.072
"Türkiye, Rep. of",1981,0.399
Turkmenistan,1981,
Turks and Caicos Islands,1981,
Tuvalu,1981,0.139
Uganda,1981,0.563
Ukraine,1981,
United Arab Emirates,1981,0.225
United Kingdom,1981,0.166
United States,1981,0.872
United States Virgin Islands,1981,0.734
Uruguay,1981,0.544
"Uzbekistan, Rep. of",1981,
Vanuatu,1981,0.004
"Venezuela, Rep. Bolivariana de",1981,0.244
Vietnam,1981,0.403
Wallis and Futuna Islands,1981,0.126
West Bank and Gaza,1981,-0.193
Western Sahara,1981,0.496
World,1981,0.437
"Yemen, Rep. of",1981,-0.175
Zambia,1981,-0.143
Zimbabwe,1981,-0.359
"Afghanistan, Islamic Rep. of",1982,-0.286
Africa,1982,0.222
Albania,1982,0.207
Algeria,1982,0.421
American Samoa,1982,0.288
Americas,1982,-0.093
"Andorra, Principality of",1982,1.02
Angola,1982,0.137
Anguilla,1982,0.41
Antarctica,1982,-0.031
Antigua and Barbuda,1982,0.41
Argentina,1982,0.342
"Armenia, Rep. of",1982,
"Aruba, Kingdom of the Netherlands",1982,0.405
Asia,1982,0.129
Australia,1982,0.138
Austria,1982,0.395
"Azerbaijan, Rep. of",1982,
"Bahamas, The",1982,0.521
"Bahrain, Kingdom of",1982,-0.082
Bangladesh,1982,-0.031
Barbados,1982,0.102
"Belarus, Rep. of",1982,
Belgium,1982,
Belize,1982,0.69
Benin,1982,0.274
Bhutan,1982,-0.12
Bolivia,1982,0.261
Bosnia and Herzegovina,1982,
Botswana,1982,0.406
Brazil,1982,0.269
British Virgin Islands,1982,
Brunei Darussalam,1982,0.087
Bulgaria,1982,-0.141
Burkina Faso,1982,0.179
Burundi,1982,0.544
Cabo Verde,1982,0.626
Cambodia,1982,0.092
Cameroon,1982,0.004
Canada,1982,-0.672
Cayman Islands,1982,0.528
Central African Rep.,1982,0.084
Chad,1982,0.431
Chile,1982,0.276
"China, P.R.: Hong Kong",1982,0.045
"China, P.R.: Macao",1982,0.045
"China, P.R.: Mainland",1982,0.392
Colombia,1982,0.2
"Comoros, Union of the",1982,0.52
"Congo, Dem. Rep. of the",1982,0.085
"Congo, Rep. of",1982,-0.27
Cook Islands,1982,0.083
Costa Rica,1982,0.581
Côte d'Ivoire,1982,0.219
"Croatia, Rep. of",1982,
Cuba,1982,0.554
Cyprus,1982,-0.315
Czech Rep.,1982,
Denmark,1982,0.0
Djibouti,1982,0.047
Dominica,1982,0.409
Dominican Rep.,1982,0.457
Ecuador,1982,0.631
"Egypt, Arab Rep. of",1982,-0.406
El Salvador,1982,0.498
"Equatorial Guinea, Rep. of",1982,-0.12
"Eritrea, The State of",1982,
"Estonia, Rep. of",1982,
"Eswatini, Kingdom of",1982,0.09
"Ethiopia, The Federal Dem. Rep. of",1982,
Europe,1982,0.098
Falkland Islands (Malvinas),1982,
Faroe Islands,1982,0.163
"Fiji, Rep. of",1982,0.043
Finland,1982,-0.153
France,1982,0.794
French Polynesia,1982,0.308
Gabon,1982,-0.39
"Gambia, The",1982,0.296
Georgia,1982,
Germany,1982,0.442
Ghana,1982,0.218
Gibraltar,1982,0.456
Greece,1982,-0.231
Greenland,1982,-0.616
Grenada,1982,-0.18
Guadeloupe,1982,0.409
Guatemala,1982,0.561
"Guiana, French",1982,0.271
Guinea,1982,0.245
Guinea-Bissau,1982,0.272
Guyana,1982,0.005
Haiti,1982,0.661
Holy See,1982,0.553
Honduras,1982,0.595
Hungary,1982,0.121
Iceland,1982,-0.335
India,1982,-0.021
Indonesia,1982,-0.025
"Iran, Islamic Rep. of",1982,-0.12
Iraq,1982,-0.387
Ireland,1982,0.126
Isle of Man,1982,0.06
Israel,1982,-0.542
Italy,1982,0.49
Jamaica,1982,0.365
Japan,1982,-0.047
Jordan,1982,-0.685
"Kazakhstan, Rep. of",1982,
Kenya,1982,0.274
Kiribati,1982,0.182
"Korea, Dem. People's Rep. of",1982,0.905
"Korea, Rep. of",1982,0.424
Kuwait,1982,-0.157
Kyrgyz Rep.,1982,
Lao People's Dem. Rep.,1982,0.18
Latvia,1982,
Lebanon,1982,-0.487
"Lesotho, Kingdom of",1982,0.269
Liberia,1982,0.228
Libya,1982,0.051
Liechtenstein,1982,0.555
Lithuania,1982,
Luxembourg,1982,
"Madagascar, Rep. of",1982,0.329
Malawi,1982,0.046
Malaysia,1982,0.185
Maldives,1982,0.326
Mali,1982,0.292
Malta,1982,0.59
"Marshall Islands, Rep. of the",1982,
Martinique,1982,0.336
"Mauritania, Islamic Rep. of",1982,0.39
Mauritius,1982,0.217
Mayotte,1982,0.519
Mexico,1982,0.569
"Micronesia, Federated States of",1982,
"Moldova, Rep. of",1982,
Monaco,1982,0.544
Mongolia,1982,1.182
Montenegro,1982,
Montserrat,1982,0.41
Morocco,1982,0.505
"Mozambique, Rep. of",1982,-0.072
Myanmar,1982,0.046
Namibia,1982,0.328
"Nauru, Rep. of",1982,-0.417
Nepal,1982,-0.095
"Netherlands, The",1982,0.465
New Caledonia,1982,0.045
New Zealand,1982,-0.075
Nicaragua,1982,0.662
Niger,1982,0.388
Nigeria,1982,0.391
Niue,1982,0.067
Norfolk Island,1982,-0.042
"North Macedonia, Republic of ",1982,
Norway,1982,-0.049
Oceania,1982,0.12
Oman,1982,-0.343
Pakistan,1982,-0.318
"Palau, Rep. of",1982,
Panama,1982,0.468
Papua New Guinea,1982,-0.048
Paraguay,1982,0.426
Peru,1982,0.212
Philippines,1982,0.159
Pitcairn Islands,1982,-0.038
"Poland, Rep. of",1982,0.319
Portugal,1982,0.544
Puerto Rico,1982,0.267
Qatar,1982,-0.16
Réunion,1982,0.276
Romania,1982,-0.076
Russian Federation,1982,
Rwanda,1982,0.544
Saint Helena,1982,0.122
Saint Pierre and Miquelon,1982,-0.454
Samoa,1982,0.23
"San Marino, Rep. of",1982,0.392
"São Tomé and Príncipe, Dem. Rep. of",1982,0.007
Saudi Arabia,1982,-0.429
Senegal,1982,0.317
"Serbia, Rep. of",1982,
Seychelles,1982,0.392
Sierra Leone,1982,0.303
Singapore,1982,
Slovak Rep.,1982,
"Slovenia, Rep. of",1982,
Solomon Islands,1982,-0.112
Somalia,1982,0.275
South Africa,1982,0.19
"South Sudan, Rep. of",1982,
Spain,1982,0.709
Sri Lanka,1982,0.267
St. Kitts and Nevis,1982,0.41
St. Lucia,1982,0.081
St. Vincent and the Grenadines,1982,-0.184
Sudan,1982,
Suriname,1982,0.253
Svalbard Jan Mayen Islands,1982,-0.656
Sweden,1982,-0.132
Switzerland,1982,0.581
Syrian Arab Rep.,1982,-0.532
Taiwan Province of China,1982,-0.169
"Tajikistan, Rep. of",1982,
"Tanzania, United Rep. of",1982,0.417
Thailand,1982,0.14
"Timor-Leste, Dem. Rep. of",1982,-0.397
Togo,1982,0.223
Tokelau,1982,0.5
Tonga,1982,0.164
Trinidad and Tobago,1982,-0.027
Tunisia,1982,0.803
"Türkiye, Rep. of",1982,-0.228
Turkmenistan,1982,
Turks and Caicos Islands,1982,
Tuvalu,1982,0.018
Uganda,1982,0.482
Ukraine,1982,
United Arab Emirates,1982,-0.299
United Kingdom,1982,0.108
United States,1982,-0.351
United States Virgin Islands,1982,0.253
Uruguay,1982,0.615
"Uzbekistan, Rep. of",1982,
Vanuatu,1982,-0.045
"Venezuela, Rep. Bolivariana de",1982,0.19
Vietnam,1982,0.14
Wallis and Futuna Islands,1982,0.071
West Bank and Gaza,1982,-0.54
Western Sahara,1982,0.229
World,1982,0.076
"Yemen, Rep. of",1982,-0.174
Zambia,1982,0.351
Zimbabwe,1982,0.186
"Afghanistan, Islamic Rep. of",1983,0.24
Africa,1983,0.418
Albania,1983,-0.088
Algeria,1983,0.617
American Samoa,1983,0.309
Americas,1983,0.451
"Andorra, Principality of",1983,0.82
Angola,1983,0.479
Anguilla,1983,0.701
Antarctica,1983,-0.693
Antigua and Barbuda,1983,0.701
Argentina,1983,0.031
"Armenia, Rep. of",1983,
"Aruba, Kingdom of the Netherlands",1983,0.73
Asia,1983,-0.002
Australia,1983,0.582
Austria,1983,1.073
"Azerbaijan, Rep. of",1983,
"Bahamas, The",1983,0.211
"Bahrain, Kingdom of",1983,-0.847
Bangladesh,1983,-0.116
Barbados,1983,0.223
"Belarus, Rep. of",1983,
Belgium,1983,
Belize,1983,0.819
Benin,1983,0.611
Bhutan,1983,-0.283
Bolivia,1983,0.464
Bosnia and Herzegovina,1983,
Botswana,1983,1.075
Brazil,1983,0.473
British Virgin Islands,1983,
Brunei Darussalam,1983,0.531
Bulgaria,1983,0.379
Burkina Faso,1983,0.724
Burundi,1983,0.576
Cabo Verde,1983,0.623
Cambodia,1983,0.447
Cameroon,1983,0.139
Canada,1983,0.497
Cayman Islands,1983,0.321
Central African Rep.,1983,0.3
Chad,1983,0.093
Chile,1983,0.484
"China, P.R.: Hong Kong",1983,-0.207
"China, P.R.: Macao",1983,-0.207
"China, P.R.: Mainland",1983,0.135
Colombia,1983,0.62
"Comoros, Union of the",1983,0.343
"Congo, Dem. Rep. of the",1983,0.423
"Congo, Rep. of",1983,0.23
Cook Islands,1983,0.258
Costa Rica,1983,1.172
Côte d'Ivoire,1983,0.708
"Croatia, Rep. of",1983,
Cuba,1983,0.263
Cyprus,1983,-0.781
Czech Rep.,1983,
Denmark,1983,1.061
Djibouti,1983,0.189
Dominica,1983,0.7
Dominican Rep.,1983,0.7
Ecuador,1983,1.161
"Egypt, Arab Rep. of",1983,-1.121
El Salvador,1983,0.789
"Equatorial Guinea, Rep. of",1983,0.127
"Eritrea, The State of",1983,
"Estonia, Rep. of",1983,
"Eswatini, Kingdom of",1983,0.832
"Ethiopia, The Federal Dem. Rep. of",1983,
Europe,1983,0.925
Falkland Islands (Malvinas),1983,
Faroe Islands,1983,-0.341
"Fiji, Rep. of",1983,-0.03
Finland,1983,0.968
France,1983,0.704
French Polynesia,1983,0.172
Gabon,1983,0.129
"Gambia, The",1983,1.099
Georgia,1983,
Germany,1983,1.073
Ghana,1983,0.731
Gibraltar,1983,0.364
Greece,1983,-0.481
Greenland,1983,-2.421
Grenada,1983,0.187
Guadeloupe,1983,0.701
Guatemala,1983,0.729
"Guiana, French",1983,0.622
Guinea,1983,0.665
Guinea-Bissau,1983,0.897
Guyana,1983,0.148
Haiti,1983,0.581
Holy See,1983,0.195
Honduras,1983,0.663
Hungary,1983,1.01
Iceland,1983,-0.933
India,1983,-0.165
Indonesia,1983,0.355
"Iran, Islamic Rep. of",1983,-0.101
Iraq,1983,-0.776
Ireland,1983,0.378
Isle of Man,1983,0.363
Israel,1983,-1.043
Italy,1983,0.363
Jamaica,1983,0.683
Japan,1983,0.099
Jordan,1983,-1.077
"Kazakhstan, Rep. of",1983,
Kenya,1983,0.598
Kiribati,1983,0.132
"Korea, Dem. People's Rep. of",1983,0.587
"Korea, Rep. of",1983,0.457
Kuwait,1983,-0.637
Kyrgyz Rep.,1983,
Lao People's Dem. Rep.,1983,0.267
Latvia,1983,
Lebanon,1983,-0.945
"Lesotho, Kingdom of",1983,1.002
Liberia,1983,0.504
Libya,1983,-0.358
Liechtenstein,1983,0.954
Lithuania,1983,
Luxembourg,1983,
"Madagascar, Rep. of",1983,0.453
Malawi,1983,0.925
Malaysia,1983,0.598
Maldives,1983,0.488
Mali,1983,0.86
Malta,1983,0.013
"Marshall Islands, Rep. of the",1983,
Martinique,1983,0.609
"Mauritania, Islamic Rep. of",1983,1.439
Mauritius,1983,0.152
Mayotte,1983,0.284
Mexico,1983,0.011
"Micronesia, Federated States of",1983,
"Moldova, Rep. of",1983,
Monaco,1983,0.487
Mongolia,1983,0.655
Montenegro,1983,
Montserrat,1983,0.701
Morocco,1983,0.799
"Mozambique, Rep. of",1983,0.796
Myanmar,1983,0.14
Namibia,1983,0.649
"Nauru, Rep. of",1983,
Nepal,1983,-0.353
"Netherlands, The",1983,0.866
New Caledonia,1983,0.55
New Zealand,1983,-0.307
Nicaragua,1983,0.839
Niger,1983,0.069
Nigeria,1983,0.283
Niue,1983,0.329
Norfolk Island,1983,0.269
"North Macedonia, Republic of ",1983,
Norway,1983,0.639
Oceania,1983,0.537
Oman,1983,-0.674
Pakistan,1983,-0.334
"Palau, Rep. of",1983,
Panama,1983,0.975
Papua New Guinea,1983,0.336
Paraguay,1983,-0.254
Peru,1983,1.319
Philippines,1983,0.619
Pitcairn Islands,1983,-0.693
"Poland, Rep. of",1983,1.446
Portugal,1983,0.274
Puerto Rico,1983,0.685
Qatar,1983,-0.891
Réunion,1983,0.483
Romania,1983,0.816
Russian Federation,1983,
Rwanda,1983,0.8
Saint Helena,1983,0.422
Saint Pierre and Miquelon,1983,0.794
Samoa,1983,0.291
"San Marino, Rep. of",1983,0.415
"São Tomé and Príncipe, Dem. Rep. of",1983,0.125
Saudi Arabia,1983,-0.885
Senegal,1983,1.229
"Serbia, Rep. of",1983,
Seychelles,1983,0.457
Sierra Leone,1983,0.531
Singapore,1983,
Slovak Rep.,1983,
"Slovenia, Rep. of",1983,
Solomon Islands,1983,0.215
Somalia,1983,0.424
South Africa,1983,0.681
"South Sudan, Rep. of",1983,
Spain,1983,0.552
Sri Lanka,1983,0.769
St. Kitts and Nevis,1983,0.701
St. Lucia,1983,0.364
St. Vincent and the Grenadines,1983,0.185
Sudan,1983,
Suriname,1983,0.444
Svalbard Jan Mayen Islands,1983,0.046
Sweden,1983,0.915
Switzerland,1983,0.871
Syrian Arab Rep.,1983,-0.845
Taiwan Province of China,1983,0.243
"Tajikistan, Rep. of",1983,
"Tanzania, United Rep. of",1983,0.69
Thailand,1983,0.444
"Timor-Leste, Dem. Rep. of",1983,0.376
Togo,1983,0.732
Tokelau,1983,0.329
Tonga,1983,0.073
Trinidad and Tobago,1983,0.272
Tunisia,1983,0.213
"Türkiye, Rep. of",1983,-0.455
Turkmenistan,1983,
Turks and Caicos Islands,1983,
Tuvalu,1983,-0.057
Uganda,1983,0.768
Ukraine,1983,
United Arab Emirates,1983,-0.701
United Kingdom,1983,0.338
United States,1983,0.551
United States Virgin Islands,1983,0.679
Uruguay,1983,-0.011
"Uzbekistan, Rep. of",1983,
Vanuatu,1983,0.081
"Venezuela, Rep. Bolivariana de",1983,0.531
Vietnam,1983,0.017
Wallis and Futuna Islands,1983,0.029
West Bank and Gaza,1983,-1.046
Western Sahara,1983,0.655
World,1983,0.452
"Yemen, Rep. of",1983,-0.028
Zambia,1983,1.056
Zimbabwe,1983,1.244
"Afghanistan, Islamic Rep. of",1984,0.252
Africa,1984,0.348
Albania,1984,-0.238
Algeria,1984,0.054
American Samoa,1984,0.257
Americas,1984,0.072
"Andorra, Principality of",1984,-0.199
Angola,1984,0.642
Anguilla,1984,0.11
Antarctica,1984,0.124
Antigua and Barbuda,1984,0.11
Argentina,1984,-0.104
"Armenia, Rep. of",1984,
"Aruba, Kingdom of the Netherlands",1984,0.203
Asia,1984,-0.115
Australia,1984,-0.211
Austria,1984,-0.239
"Azerbaijan, Rep. of",1984,
"Bahamas, The",1984,0.088
"Bahrain, Kingdom of",1984,0.03
Bangladesh,1984,-0.297
Barbados,1984,-0.132
"Belarus, Rep. of",1984,
Belgium,1984,
Belize,1984,0.312
Benin,1984,0.613
Bhutan,1984,0.02
Bolivia,1984,0.274
Bosnia and Herzegovina,1984,
Botswana,1984,0.528
Brazil,1984,0.299
British Virgin Islands,1984,
Brunei Darussalam,1984,-0.213
Bulgaria,1984,-0.028
Burkina Faso,1984,0.805
Burundi,1984,
Cabo Verde,1984,
Cambodia,1984,0.084
Cameroon,1984,0.172
Canada,1984,0.347
Cayman Islands,1984,0.213
Central African Rep.,1984,0.026
Chad,1984,0.593
Chile,1984,-0.232
"China, P.R.: Hong Kong",1984,-0.543
"China, P.R.: Macao",1984,-0.543
"China, P.R.: Mainland",1984,-0.134
Colombia,1984,-0.233
"Comoros, Union of the",1984,-0.448
"Congo, Dem. Rep. of the",1984,0.212
"Congo, Rep. of",1984,0.076
Cook Islands,1984,0.11
Costa Rica,1984,0.161
Côte d'Ivoire,1984,0.554
"Croatia, Rep. of",1984,
Cuba,1984,0.249
Cyprus,1984,0.014
Czech Rep.,1984,
Denmark,1984,0.38
Djibouti,1984,-0.216
Dominica,1984,0.11
Dominican Rep.,1984,0.282
Ecuador,1984,0.06
"Egypt, Arab Rep. of",1984,-0.225
El Salvador,1984,0.112
"Equatorial Guinea, Rep. of",1984,0.195
"Eritrea, The State of",1984,
"Estonia, Rep. of",1984,
"Eswatini, Kingdom of",1984,-0.119
"Ethiopia, The Federal Dem. Rep. of",1984,
Europe,1984,0.262
Falkland Islands (Malvinas),1984,
Faroe Islands,1984,0.406
"Fiji, Rep. of",1984,0.214
Finland,1984,0.764
France,1984,-0.099
French Polynesia,1984,0.382
Gabon,1984,0.163
"Gambia, The",1984,0.564
Georgia,1984,
Germany,1984,-0.108
Ghana,1984,0.721
Gibraltar,1984,-0.175
Greece,1984,-0.112
Greenland,1984,-1.923
Grenada,1984,-0.165
Guadeloupe,1984,0.11
Guatemala,1984,0.172
"Guiana, French",1984,-0.121
Guinea,1984,0.4
Guinea-Bissau,1984,0.466
Guyana,1984,-0.729
Haiti,1984,0.393
Holy See,1984,-0.568
Honduras,1984,0.147
Hungary,1984,-0.133
Iceland,1984,0.135
India,1984,-0.15
Indonesia,1984,-0.217
"Iran, Islamic Rep. of",1984,0.136
Iraq,1984,0.066
Ireland,1984,0.314
Isle of Man,1984,0.334
Israel,1984,-0.206
Italy,1984,-0.472
Jamaica,1984,0.248
Japan,1984,-0.616
Jordan,1984,-0.25
"Kazakhstan, Rep. of",1984,
Kenya,1984,0.194
Kiribati,1984,-0.137
"Korea, Dem. People's Rep. of",1984,-0.155
"Korea, Rep. of",1984,-0.283
Kuwait,1984,0.256
Kyrgyz Rep.,1984,
Lao People's Dem. Rep.,1984,0.083
Latvia,1984,
Lebanon,1984,-0.077
"Lesotho, Kingdom of",1984,0.341
Liberia,1984,0.352
Libya,1984,-0.126
Liechtenstein,1984,-0.358
Lithuania,1984,
Luxembourg,1984,
"Madagascar, Rep. of",1984,-0.068
Malawi,1984,0.315
Malaysia,1984,-0.083
Maldives,1984,0.219
Mali,1984,0.64
Malta,1984,-0.289
"Marshall Islands, Rep. of the",1984,
Martinique,1984,0.061
"Mauritania, Islamic Rep. of",1984,0.41
Mauritius,1984,-0.502
Mayotte,1984,-0.469
Mexico,1984,-0.116
"Micronesia, Federated States of",1984,
"Moldova, Rep. of",1984,
Monaco,1984,-0.614
Mongolia,1984,-0.304
Montenegro,1984,
Montserrat,1984,0.11
Morocco,1984,0.282
"Mozambique, Rep. of",1984,0.16
Myanmar,1984,0.076
Namibia,1984,0.727
"Nauru, Rep. of",1984,-0.307
Nepal,1984,-0.009
"Netherlands, The",1984,0.062
New Caledonia,1984,0.19
New Zealand,1984,0.164
Nicaragua,1984,0.103
Niger,1984,0.651
Nigeria,1984,0.833
Niue,1984,0.429
Norfolk Island,1984,0.149
"North Macedonia, Republic of ",1984,
Norway,1984,0.54
Oceania,1984,-0.167
Oman,1984,-0.641
Pakistan,1984,-0.119
"Palau, Rep. of",1984,
Panama,1984,0.061
Papua New Guinea,1984,0.319
Paraguay,1984,0.542
Peru,1984,0.251
Philippines,1984,0.177
Pitcairn Islands,1984,0.193
"Poland, Rep. of",1984,0.232
Portugal,1984,-0.142
Puerto Rico,1984,0.319
Qatar,1984,0.008
Réunion,1984,0.013
Romania,1984,-0.152
Russian Federation,1984,
Rwanda,1984,
Saint Helena,1984,0.591
Saint Pierre and Miquelon,1984,0.184
Samoa,1984,0.119
"San Marino, Rep. of",1984,-0.582
"São Tomé and Príncipe, Dem. Rep. of",1984,0.401
Saudi Arabia,1984,-0.362
Senegal,1984,0.62
"Serbia, Rep. of",1984,
Seychelles,1984,-0.364
Sierra Leone,1984,0.349
Singapore,1984,
Slovak Rep.,1984,
"Slovenia, Rep. of",1984,
Solomon Islands,1984,0.211
Somalia,1984,-0.032
South Africa,1984,0.51
"South Sudan, Rep. of",1984,
Spain,1984,-0.165
Sri Lanka,1984,0.109
St. Kitts and Nevis,1984,0.11
St. Lucia,1984,-0.068
St. Vincent and the Grenadines,1984,-0.166
Sudan,1984,
Suriname,1984,-0.255
Svalbard Jan Mayen Islands,1984,1.896
Sweden,1984,0.589
Switzerland,1984,-0.327
Syrian Arab Rep.,1984,0.01
Taiwan Province of China,1984,-0.569
"Tajikistan, Rep. of",1984,
"Tanzania, United Rep. of",1984,0.098
Thailand,1984,0.104
"Timor-Leste, Dem. Rep. of",1984,0.127
Togo,1984,0.639
Tokelau,1984,0.214
Tonga,1984,0.296
Trinidad and Tobago,1984,-0.123
Tunisia,1984,-0.132
"Türkiye, Rep. of",1984,0.331
Turkmenistan,1984,
Turks and Caicos Islands,1984,
Tuvalu,1984,0.084
Uganda,1984,0.398
Ukraine,1984,
United Arab Emirates,1984,-0.194
United Kingdom,1984,0.328
United States,1984,-0.23
United States Virgin Islands,1984,0.328
Uruguay,1984,0.134
"Uzbekistan, Rep. of",1984,
Vanuatu,1984,-0.006
"Venezuela, Rep. Bolivariana de",1984,-0.062
Vietnam,1984,-0.183
Wallis and Futuna Islands,1984,-0.001
West Bank and Gaza,1984,-0.2
Western Sahara,1984,0.311
World,1984,0.119
"Yemen, Rep. of",1984,0.237
Zambia,1984,0.571
Zimbabwe,1984,0.503
"Afghanistan, Islamic Rep. of",1985,0.397
Africa,1985,0.307
Albania,1985,-0.072
Algeria,1985,0.552
American Samoa,1985,0.235
Americas,1985,-0.009
"Andorra, Principality of",1985,0.012
Angola,1985,0.696
Anguilla,1985,0.111
Antarctica,1985,0.177
Antigua and Barbuda,1985,0.111
Argentina,1985,0.303
"Armenia, Rep. of",1985,
"Aruba, Kingdom of the Netherlands",1985,-0.186
Asia,1985,0.027
Australia,1985,0.294
Austria,1985,-0.562
"Azerbaijan, Rep. of",1985,
"Bahamas, The",1985,0.301
"Bahrain, Kingdom of",1985,0.483
Bangladesh,1985,0.075
Barbados,1985,-0.331
"Belarus, Rep. of",1985,
Belgium,1985,
Belize,1985,0.576
Benin,1985,0.48
Bhutan,1985,0.217
Bolivia,1985,0.362
Bosnia and Herzegovina,1985,
Botswana,1985,0.39
Brazil,1985,0.112
British Virgin Islands,1985,
Brunei Darussalam,1985,0.028
Bulgaria,1985,-0.614
Burkina Faso,1985,0.491
Burundi,1985,
Cabo Verde,1985,0.215
Cambodia,1985,0.236
Cameroon,1985,0.054
Canada,1985,-0.301
Cayman Islands,1985,0.136
Central African Rep.,1985,0.083
Chad,1985,0.297
Chile,1985,0.225
"China, P.R.: Hong Kong",1985,-0.326
"China, P.R.: Macao",1985,-0.326
"China, P.R.: Mainland",1985,-0.11
Colombia,1985,-0.013
"Comoros, Union of the",1985,
"Congo, Dem. Rep. of the",1985,0.134
"Congo, Rep. of",1985,-0.265
Cook Islands,1985,0.132
Costa Rica,1985,0.108
Côte d'Ivoire,1985,0.287
"Croatia, Rep. of",1985,
Cuba,1985,0.186
Cyprus,1985,-0.068
Czech Rep.,1985,
Denmark,1985,-1.001
Djibouti,1985,-0.069
Dominica,1985,0.111
Dominican Rep.,1985,0.112
Ecuador,1985,-0.07
"Egypt, Arab Rep. of",1985,0.246
El Salvador,1985,0.25
"Equatorial Guinea, Rep. of",1985,-0.025
"Eritrea, The State of",1985,
"Estonia, Rep. of",1985,
"Eswatini, Kingdom of",1985,0.432
"Ethiopia, The Federal Dem. Rep. of",1985,
Europe,1985,-0.618
Falkland Islands (Malvinas),1985,
Faroe Islands,1985,-0.212
"Fiji, Rep. of",1985,0.151
Finland,1985,-1.167
France,1985,-0.351
French Polynesia,1985,0.123
Gabon,1985,-0.239
"Gambia, The",1985,0.3
Georgia,1985,
Germany,1985,-0.797
Ghana,1985,0.401
Gibraltar,1985,0.569
Greece,1985,-0.05
Greenland,1985,0.974
Grenada,1985,-0.753
Guadeloupe,1985,0.111
Guatemala,1985,0.228
"Guiana, French",1985,-0.016
Guinea,1985,0.426
Guinea-Bissau,1985,0.303
Guyana,1985,-0.627
Haiti,1985,0.239
Holy See,1985,0.251
Honduras,1985,0.172
Hungary,1985,-1.048
Iceland,1985,0.09
India,1985,0.179
Indonesia,1985,0.046
"Iran, Islamic Rep. of",1985,0.235
Iraq,1985,0.081
Ireland,1985,-0.458
Isle of Man,1985,-0.513
Israel,1985,0.021
Italy,1985,0.11
Jamaica,1985,0.277
Japan,1985,0.118
Jordan,1985,-0.016
"Kazakhstan, Rep. of",1985,
Kenya,1985,-0.002
Kiribati,1985,0.061
"Korea, Dem. People's Rep. of",1985,0.142
"Korea, Rep. of",1985,0.259
Kuwait,1985,0.006
Kyrgyz Rep.,1985,
Lao People's Dem. Rep.,1985,0.273
Latvia,1985,
Lebanon,1985,-0.007
"Lesotho, Kingdom of",1985,0.775
Liberia,1985,0.281
Libya,1985,0.03
Liechtenstein,1985,-0.324
Lithuania,1985,
Luxembourg,1985,
"Madagascar, Rep. of",1985,0.112
Malawi,1985,0.051
Malaysia,1985,0.102
Maldives,1985,0.073
Mali,1985,0.556
Malta,1985,0.406
"Marshall Islands, Rep. of the",1985,
Martinique,1985,0.033
"Mauritania, Islamic Rep. of",1985,0.428
Mauritius,1985,-0.243
Mayotte,1985,-0.159
Mexico,1985,0.078
"Micronesia, Federated States of",1985,
"Moldova, Rep. of",1985,
Monaco,1985,-0.118
Mongolia,1985,-0.393
Montenegro,1985,
Montserrat,1985,0.111
Morocco,1985,0.867
"Mozambique, Rep. of",1985,-0.089
Myanmar,1985,0.172
Namibia,1985,0.461
"Nauru, Rep. of",1985,-0.239
Nepal,1985,0.387
"Netherlands, The",1985,-0.849
New Caledonia,1985,0.369
New Zealand,1985,0.388
Nicaragua,1985,0.15
Niger,1985,0.327
Nigeria,1985,0.428
Niue,1985,0.235
Norfolk Island,1985,0.212
"North Macedonia, Republic of ",1985,
Norway,1985,-0.587
Oceania,1985,0.292
Oman,1985,-0.081
Pakistan,1985,0.318
"Palau, Rep. of",1985,
Panama,1985,-0.086
Papua New Guinea,1985,0.223
Paraguay,1985,0.426
Peru,1985,0.127
Philippines,1985,0.349
Pitcairn Islands,1985,0.39
"Poland, Rep. of",1985,-1.049
Portugal,1985,0.503
Puerto Rico,1985,0.012
Qatar,1985,0.377
Réunion,1985,0.149
Romania,1985,-1.21
Russian Federation,1985,
Rwanda,1985,
Saint Helena,1985,0.277
Saint Pierre and Miquelon,1985,-0.981
Samoa,1985,0.095
"San Marino, Rep. of",1985,0.184
"São Tomé and Príncipe, Dem. Rep. of",1985,0.104
Saudi Arabia,1985,-0.037
Senegal,1985,0.479
"Serbia, Rep. of",1985,
Seychelles,1985,-0.181
Sierra Leone,1985,0.264
Singapore,1985,
Slovak Rep.,1985,
"Slovenia, Rep. of",1985,
Solomon Islands,1985,0.073
Somalia,1985,-0.039
South Africa,1985,0.629
"South Sudan, Rep. of",1985,
Spain,1985,0.48
Sri Lanka,1985,0.207
St. Kitts and Nevis,1985,0.111
St. Lucia,1985,-0.346
St. Vincent and the Grenadines,1985,-0.758
Sudan,1985,
Suriname,1985,-0.085
Svalbard Jan Mayen Islands,1985,1.789
Sweden,1985,-1.026
Switzerland,1985,-0.324
Syrian Arab Rep.,1985,-0.021
Taiwan Province of China,1985,-0.079
"Tajikistan, Rep. of",1985,
"Tanzania, United Rep. of",1985,0.063
Thailand,1985,0.3
"Timor-Leste, Dem. Rep. of",1985,0.48
Togo,1985,0.449
Tokelau,1985,0.352
Tonga,1985,0.209
Trinidad and Tobago,1985,-0.639
Tunisia,1985,0.387
"Türkiye, Rep. of",1985,-0.077
Turkmenistan,1985,
Turks and Caicos Islands,1985,
Tuvalu,1985,0.193
Uganda,1985,0.259
Ukraine,1985,
United Arab Emirates,1985,0.17
United Kingdom,1985,-0.532
United States,1985,-0.028
United States Virgin Islands,1985,0.0
Uruguay,1985,0.453
"Uzbekistan, Rep. of",1985,
Vanuatu,1985,0.525
"Venezuela, Rep. Bolivariana de",1985,-0.346
Vietnam,1985,-0.076
Wallis and Futuna Islands,1985,0.073
West Bank and Gaza,1985,0.026
Western Sahara,1985,0.608
World,1985,-0.035
"Yemen, Rep. of",1985,0.484
Zambia,1985,0.219
Zimbabwe,1985,0.037
"Afghanistan, Islamic Rep. of",1986,-0.015
Africa,1986,0.295
Albania,1986,0.6
Algeria,1986,0.347
American Samoa,1986,0.375
Americas,1986,0.287
"Andorra, Principality of",1986,0.35
Angola,1986,0.173
Anguilla,1986,0.186
Antarctica,1986,-0.271
Antigua and Barbuda,1986,0.186
Argentina,1986,0.446
"Armenia, Rep. of",1986,
"Aruba, Kingdom of the Netherlands",1986,-0.151
Asia,1986,0.066
Australia,1986,0.336
Austria,1986,0.325
"Azerbaijan, Rep. of",1986,
"Bahamas, The",1986,0.287
"Bahrain, Kingdom of",1986,0.779
Bangladesh,1986,0.044
Barbados,1986,-0.242
"Belarus, Rep. of",1986,
Belgium,1986,
Belize,1986,0.227
Benin,1986,0.38
Bhutan,1986,-0.071
Bolivia,1986,0.495
Bosnia and Herzegovina,1986,
Botswana,1986,0.439
Brazil,1986,0.299
British Virgin Islands,1986,
Brunei Darussalam,1986,-0.047
Bulgaria,1986,0.345
Burkina Faso,1986,0.394
Burundi,1986,0.448
Cabo Verde,1986,0.084
Cambodia,1986,0.056
Cameroon,1986,0.12
Canada,1986,0.025
Cayman Islands,1986,0.243
Central African Rep.,1986,0.375
Chad,1986,0.748
Chile,1986,-0.028
"China, P.R.: Hong Kong",1986,-0.032
"China, P.R.: Macao",1986,-0.032
"China, P.R.: Mainland",1986,-0.028
Colombia,1986,0.0
"Comoros, Union of the",1986,-0.017
"Congo, Dem. Rep. of the",1986,0.254
"Congo, Rep. of",1986,-0.014
Cook Islands,1986,0.368
Costa Rica,1986,
Côte d'Ivoire,1986,0.268
"Croatia, Rep. of",1986,
Cuba,1986,0.312
Cyprus,1986,0.249
Czech Rep.,1986,
Denmark,1986,-0.442
Djibouti,1986,-0.184
Dominica,1986,0.187
Dominican Rep.,1986,0.228
Ecuador,1986,0.223
"Egypt, Arab Rep. of",1986,0.104
El Salvador,1986,0.266
"Equatorial Guinea, Rep. of",1986,-0.089
"Eritrea, The State of",1986,
"Estonia, Rep. of",1986,
"Eswatini, Kingdom of",1986,0.183
"Ethiopia, The Federal Dem. Rep. of",1986,
Europe,1986,0.24
Falkland Islands (Malvinas),1986,
Faroe Islands,1986,-0.233
"Fiji, Rep. of",1986,-0.316
Finland,1986,-0.175
France,1986,-0.017
French Polynesia,1986,0.244
Gabon,1986,-0.134
"Gambia, The",1986,0.579
Georgia,1986,
Germany,1986,-0.004
Ghana,1986,0.351
Gibraltar,1986,0.201
Greece,1986,0.324
Greenland,1986,0.513
Grenada,1986,-0.43
Guadeloupe,1986,0.187
Guatemala,1986,0.17
"Guiana, French",1986,0.148
Guinea,1986,0.108
Guinea-Bissau,1986,0.437
Guyana,1986,-0.29
Haiti,1986,0.334
Holy See,1986,0.58
Honduras,1986,0.164
Hungary,1986,0.379
Iceland,1986,-0.152
India,1986,0.163
Indonesia,1986,0.017
"Iran, Islamic Rep. of",1986,0.206
Iraq,1986,0.435
Ireland,1986,-0.745
Isle of Man,1986,-0.706
Israel,1986,0.072
Italy,1986,0.432
Jamaica,1986,0.295
Japan,1986,-0.7
Jordan,1986,0.078
"Kazakhstan, Rep. of",1986,
Kenya,1986,0.19
Kiribati,1986,0.337
"Korea, Dem. People's Rep. of",1986,-0.702
"Korea, Rep. of",1986,-0.766
Kuwait,1986,0.468
Kyrgyz Rep.,1986,
Lao People's Dem. Rep.,1986,0.03
Latvia,1986,
Lebanon,1986,0.241
"Lesotho, Kingdom of",1986,0.479
Liberia,1986,0.16
Libya,1986,0.192
Liechtenstein,1986,0.393
Lithuania,1986,
Luxembourg,1986,
"Madagascar, Rep. of",1986,-0.008
Malawi,1986,0.265
Malaysia,1986,0.111
Maldives,1986,0.241
Mali,1986,0.352
Malta,1986,0.379
"Marshall Islands, Rep. of the",1986,
Martinique,1986,0.125
"Mauritania, Islamic Rep. of",1986,0.141
Mauritius,1986,-0.011
Mayotte,1986,0.017
Mexico,1986,0.262
"Micronesia, Federated States of",1986,
"Moldova, Rep. of",1986,
Monaco,1986,0.42
Mongolia,1986,0.412
Montenegro,1986,
Montserrat,1986,0.186
Morocco,1986,0.265
"Mozambique, Rep. of",1986,0.03
Myanmar,1986,0.077
Namibia,1986,0.257
"Nauru, Rep. of",1986,
Nepal,1986,-0.034
"Netherlands, The",1986,-0.195
New Caledonia,1986,0.231
New Zealand,1986,0.373
Nicaragua,1986,0.205
Niger,1986,0.77
Nigeria,1986,0.579
Niue,1986,0.117
Norfolk Island,1986,0.282
"North Macedonia, Republic of ",1986,
Norway,1986,-0.425
Oceania,1986,0.334
Oman,1986,-0.062
Pakistan,1986,-0.196
"Palau, Rep. of",1986,
Panama,1986,0.136
Papua New Guinea,1986,0.343
Paraguay,1986,0.907
Peru,1986,0.178
Philippines,1986,0.274
Pitcairn Islands,1986,0.174
"Poland, Rep. of",1986,0.011
Portugal,1986,0.067
Puerto Rico,1986,0.273
Qatar,1986,0.542
Réunion,1986,-0.015
Romania,1986,0.414
Russian Federation,1986,
Rwanda,1986,0.662
Saint Helena,1986,0.659
Saint Pierre and Miquelon,1986,-0.671
Samoa,1986,0.26
"San Marino, Rep. of",1986,0.344
"São Tomé and Príncipe, Dem. Rep. of",1986,-0.097
Saudi Arabia,1986,0.179
Senegal,1986,0.44
"Serbia, Rep. of",1986,
Seychelles,1986,0.187
Sierra Leone,1986,-0.102
Singapore,1986,-0.238
Slovak Rep.,1986,
"Slovenia, Rep. of",1986,
Solomon Islands,1986,-0.144
Somalia,1986,0.055
South Africa,1986,0.429
"South Sudan, Rep. of",1986,
Spain,1986,0.253
Sri Lanka,1986,0.304
St. Kitts and Nevis,1986,0.186
St. Lucia,1986,-0.159
St. Vincent and the Grenadines,1986,-0.428
Sudan,1986,
Suriname,1986,0.026
Svalbard Jan Mayen Islands,1986,-0.358
Sweden,1986,-0.488
Switzerland,1986,0.244
Syrian Arab Rep.,1986,0.411
Taiwan Province of China,1986,-0.25
"Tajikistan, Rep. of",1986,
"Tanzania, United Rep. of",1986,0.136
Thailand,1986,0.088
"Timor-Leste, Dem. Rep. of",1986,0.122
Togo,1986,0.303
Tokelau,1986,0.429
Tonga,1986,-0.007
Trinidad and Tobago,1986,-0.441
Tunisia,1986,0.425
"Türkiye, Rep. of",1986,0.416
Turkmenistan,1986,
Turks and Caicos Islands,1986,
Tuvalu,1986,0.43
Uganda,1986,0.415
Ukraine,1986,
United Arab Emirates,1986,0.229
United Kingdom,1986,-0.604
United States,1986,0.584
United States Virgin Islands,1986,0.286
Uruguay,1986,0.786
"Uzbekistan, Rep. of",1986,
Vanuatu,1986,-0.111
"Venezuela, Rep. Bolivariana de",1986,-0.212
Vietnam,1986,0.035
Wallis and Futuna Islands,1986,-0.067
West Bank and Gaza,1986,0.07
Western Sahara,1986,0.16
World,1986,0.236
"Yemen, Rep. of",1986,-0.273
Zambia,1986,0.073
Zimbabwe,1986,0.031
"Afghanistan, Islamic Rep. of",1987,0.493
Africa,1987,0.685
Albania,1987,-0.078
Algeria,1987,1.05
American Samoa,1987,0.333
Americas,1987,0.836
"Andorra, Principality of",1987,0.371
Angola,1987,0.711
Anguilla,1987,0.803
Antarctica,1987,-0.701
Antigua and Barbuda,1987,0.803
Argentina,1987,0.417
"Armenia, Rep. of",1987,
"Aruba, Kingdom of the Netherlands",1987,0.709
Asia,1987,0.418
Australia,1987,0.312
Austria,1987,-0.255
"Azerbaijan, Rep. of",1987,
"Bahamas, The",1987,0.456
"Bahrain, Kingdom of",1987,0.54
Bangladesh,1987,0.349
Barbados,1987,0.452
"Belarus, Rep. of",1987,
Belgium,1987,
Belize,1987,0.477
Benin,1987,1.051
Bhutan,1987,0.206
Bolivia,1987,0.694
Bosnia and Herzegovina,1987,
Botswana,1987,1.429
Brazil,1987,0.721
British Virgin Islands,1987,
Brunei Darussalam,1987,0.33
Bulgaria,1987,-0.494
Burkina Faso,1987,1.075
Burundi,1987,0.527
Cabo Verde,1987,1.119
Cambodia,1987,0.611
Cameroon,1987,0.477
Canada,1987,1.359
Cayman Islands,1987,0.537
Central African Rep.,1987,0.413
Chad,1987,0.422
Chile,1987,0.506
"China, P.R.: Hong Kong",1987,0.786
"China, P.R.: Macao",1987,0.786
"China, P.R.: Mainland",1987,0.441
Colombia,1987,0.581
"Comoros, Union of the",1987,0.437
"Congo, Dem. Rep. of the",1987,0.531
"Congo, Rep. of",1987,0.361
Cook Islands,1987,0.151
Costa Rica,1987,0.847
Côte d'Ivoire,1987,1.062
"Croatia, Rep. of",1987,
Cuba,1987,0.698
Cyprus,1987,-0.257
Czech Rep.,1987,
Denmark,1987,-0.985
Djibouti,1987,0.082
Dominica,1987,0.804
Dominican Rep.,1987,0.744
Ecuador,1987,1.135
"Egypt, Arab Rep. of",1987,-0.349
El Salvador,1987,0.778
"Equatorial Guinea, Rep. of",1987,0.379
"Eritrea, The State of",1987,
"Estonia, Rep. of",1987,
"Eswatini, Kingdom of",1987,0.433
"Ethiopia, The Federal Dem. Rep. of",1987,
Europe,1987,-0.582
Falkland Islands (Malvinas),1987,
Faroe Islands,1987,0.104
"Fiji, Rep. of",1987,-0.018
Finland,1987,-1.649
France,1987,-0.011
French Polynesia,1987,0.458
Gabon,1987,0.258
"Gambia, The",1987,0.99
Georgia,1987,
Germany,1987,-0.559
Ghana,1987,1.045
Gibraltar,1987,0.473
Greece,1987,-0.377
Greenland,1987,-0.178
Grenada,1987,0.336
Guadeloupe,1987,0.804
Guatemala,1987,0.418
"Guiana, French",1987,0.71
Guinea,1987,0.83
Guinea-Bissau,1987,0.773
Guyana,1987,0.247
Haiti,1987,0.928
Holy See,1987,0.159
Honduras,1987,0.501
Hungary,1987,-0.522
Iceland,1987,0.615
India,1987,0.564
Indonesia,1987,0.411
"Iran, Islamic Rep. of",1987,0.523
Iraq,1987,0.411
Ireland,1987,-0.163
Isle of Man,1987,-0.245
Israel,1987,-0.264
Italy,1987,0.176
Jamaica,1987,1.254
Japan,1987,0.318
Jordan,1987,-0.123
"Kazakhstan, Rep. of",1987,
Kenya,1987,0.787
Kiribati,1987,0.128
"Korea, Dem. People's Rep. of",1987,0.228
"Korea, Rep. of",1987,0.371
Kuwait,1987,0.715
Kyrgyz Rep.,1987,
Lao People's Dem. Rep.,1987,0.944
Latvia,1987,
Lebanon,1987,-0.222
"Lesotho, Kingdom of",1987,0.578
Liberia,1987,0.939
Libya,1987,-0.087
Liechtenstein,1987,-0.034
Lithuania,1987,
Luxembourg,1987,
"Madagascar, Rep. of",1987,0.523
Malawi,1987,0.643
Malaysia,1987,0.434
Maldives,1987,0.541
Mali,1987,1.12
Malta,1987,0.506
"Marshall Islands, Rep. of the",1987,
Martinique,1987,0.735
"Mauritania, Islamic Rep. of",1987,1.373
Mauritius,1987,0.48
Mayotte,1987,0.409
Mexico,1987,-0.166
"Micronesia, Federated States of",1987,
"Moldova, Rep. of",1987,
Monaco,1987,0.18
Mongolia,1987,0.218
Montenegro,1987,
Montserrat,1987,0.803
Morocco,1987,1.096
"Mozambique, Rep. of",1987,0.528
Myanmar,1987,0.541
Namibia,1987,0.962
"Nauru, Rep. of",1987,
Nepal,1987,0.378
"Netherlands, The",1987,-0.501
New Caledonia,1987,-0.066
New Zealand,1987,0.402
Nicaragua,1987,0.589
Niger,1987,0.699
Nigeria,1987,0.853
Niue,1987,0.227
Norfolk Island,1987,-0.015
"North Macedonia, Republic of ",1987,
Norway,1987,-0.825
Oceania,1987,0.315
Oman,1987,0.069
Pakistan,1987,0.27
"Palau, Rep. of",1987,
Panama,1987,0.642
Papua New Guinea,1987,0.404
Paraguay,1987,0.238
Peru,1987,0.925
Philippines,1987,0.56
Pitcairn Islands,1987,-0.231
"Poland, Rep. of",1987,-1.085
Portugal,1987,0.718
Puerto Rico,1987,0.668
Qatar,1987,0.353
Réunion,1987,0.614
Romania,1987,-0.74
Russian Federation,1987,
Rwanda,1987,0.467
Saint Helena,1987,0.241
Saint Pierre and Miquelon,1987,-0.008
Samoa,1987,0.2
"San Marino, Rep. of",1987,0.092
"São Tomé and Príncipe, Dem. Rep. of",1987,0.44
Saudi Arabia,1987,0.505
Senegal,1987,0.981
"Serbia, Rep. of",1987,
Seychelles,1987,0.428
Sierra Leone,1987,0.726
Singapore,1987,0.299
Slovak Rep.,1987,
"Slovenia, Rep. of",1987,
Solomon Islands,1987,-0.366
Somalia,1987,0.824
South Africa,1987,0.714
"South Sudan, Rep. of",1987,
Spain,1987,0.723
Sri Lanka,1987,0.817
St. Kitts and Nevis,1987,0.803
St. Lucia,1987,0.52
St. Vincent and the Grenadines,1987,0.333
Sudan,1987,
Suriname,1987,0.615
Svalbard Jan Mayen Islands,1987,0.2
Sweden,1987,-1.196
Switzerland,1987,-0.005
Syrian Arab Rep.,1987,-0.166
Taiwan Province of China,1987,0.338
"Tajikistan, Rep. of",1987,
"Tanzania, United Rep. of",1987,0.573
Thailand,1987,0.763
"Timor-Leste, Dem. Rep. of",1987,
Togo,1987,1.054
Tokelau,1987,0.554
Tonga,1987,-0.048
Trinidad and Tobago,1987,0.448
Tunisia,1987,0.589
"Türkiye, Rep. of",1987,-0.402
Turkmenistan,1987,
Turks and Caicos Islands,1987,
Tuvalu,1987,-0.017
Uganda,1987,0.767
Ukraine,1987,
United Arab Emirates,1987,0.204
United Kingdom,1987,-0.293
United States,1987,0.92
United States Virgin Islands,1987,0.663
Uruguay,1987,0.36
"Uzbekistan, Rep. of",1987,
Vanuatu,1987,-0.222
"Venezuela, Rep. Bolivariana de",1987,0.463
Vietnam,1987,1.001
Wallis and Futuna Islands,1987,0.046
West Bank and Gaza,1987,-0.276
Western Sahara,1987,0.974
World,1987,0.394
"Yemen, Rep. of",1987,-0.149
Zambia,1987,0.97
Zimbabwe,1987,1.068
"Afghanistan, Islamic Rep. of",1988,1.035
Africa,1988,0.618
Albania,1988,0.397
Algeria,1988,1.402
American Samoa,1988,0.51
Americas,1988,0.56
"Andorra, Principality of",1988,0.852
Angola,1988,0.581
Anguilla,1988,0.561
Antarctica,1988,0.952
Antigua and Barbuda,1988,0.561
Argentina,1988,-0.234
"Armenia, Rep. of",1988,
"Aruba, Kingdom of the Netherlands",1988,0.429
Asia,1988,0.437
Australia,1988,0.916
Austria,1988,0.828
"Azerbaijan, Rep. of",1988,
"Bahamas, The",1988,0.403
"Bahrain, Kingdom of",1988,0.619
Bangladesh,1988,0.357
Barbados,1988,0.292
"Belarus, Rep. of",1988,
Belgium,1988,
Belize,1988,0.568
Benin,1988,0.706
Bhutan,1988,0.52
Bolivia,1988,0.274
Bosnia and Herzegovina,1988,
Botswana,1988,0.497
Brazil,1988,0.48
British Virgin Islands,1988,
Brunei Darussalam,1988,0.345
Bulgaria,1988,0.119
Burkina Faso,1988,0.625
Burundi,1988,0.303
Cabo Verde,1988,0.927
Cambodia,1988,0.316
Cameroon,1988,0.263
Canada,1988,1.213
Cayman Islands,1988,0.769
Central African Rep.,1988,0.155
Chad,1988,0.149
Chile,1988,-0.043
"China, P.R.: Hong Kong",1988,-0.185
"China, P.R.: Macao",1988,-0.185
"China, P.R.: Mainland",1988,0.406
Colombia,1988,0.331
"Comoros, Union of the",1988,0.444
"Congo, Dem. Rep. of the",1988,0.444
"Congo, Rep. of",1988,0.202
Cook Islands,1988,0.458
Costa Rica,1988,0.329
Côte d'Ivoire,1988,0.75
"Croatia, Rep. of",1988,
Cuba,1988,0.568
Cyprus,1988,0.048
Czech Rep.,1988,
Denmark,1988,0.923
Djibouti,1988,0.435
Dominica,1988,0.561
Dominican Rep.,1988,0.565
Ecuador,1988,0.385
"Egypt, Arab Rep. of",1988,0.183
El Salvador,1988,0.595
"Equatorial Guinea, Rep. of",1988,0.294
"Eritrea, The State of",1988,
"Estonia, Rep. of",1988,
"Eswatini, Kingdom of",1988,0.485
"Ethiopia, The Federal Dem. Rep. of",1988,
Europe,1988,0.472
Falkland Islands (Malvinas),1988,
Faroe Islands,1988,0.166
"Fiji, Rep. of",1988,0.605
Finland,1988,0.586
France,1988,0.759
French Polynesia,1988,0.396
Gabon,1988,0.242
"Gambia, The",1988,0.769
Georgia,1988,
Germany,1988,0.895
Ghana,1988,0.729
Gibraltar,1988,0.766
Greece,1988,0.148
Greenland,1988,0.563
Grenada,1988,0.39
Guadeloupe,1988,0.561
Guatemala,1988,0.54
"Guiana, French",1988,0.49
Guinea,1988,0.627
Guinea-Bissau,1988,0.629
Guyana,1988,0.165
Haiti,1988,0.938
Holy See,1988,0.696
Honduras,1988,0.67
Hungary,1988,0.41
Iceland,1988,-0.159
India,1988,0.479
Indonesia,1988,0.33
"Iran, Islamic Rep. of",1988,0.694
Iraq,1988,0.143
Ireland,1988,0.226
Isle of Man,1988,0.248
Israel,1988,0.062
Italy,1988,0.811
Jamaica,1988,1.095
Japan,1988,-0.16
Jordan,1988,0.032
"Kazakhstan, Rep. of",1988,
Kenya,1988,0.653
Kiribati,1988,0.096
"Korea, Dem. People's Rep. of",1988,0.554
"Korea, Rep. of",1988,0.249
Kuwait,1988,0.442
Kyrgyz Rep.,1988,
Lao People's Dem. Rep.,1988,0.315
Latvia,1988,
Lebanon,1988,0.027
"Lesotho, Kingdom of",1988,0.459
Liberia,1988,0.819
Libya,1988,0.901
Liechtenstein,1988,0.939
Lithuania,1988,
Luxembourg,1988,
"Madagascar, Rep. of",1988,0.569
Malawi,1988,0.784
Malaysia,1988,0.374
Maldives,1988,0.804
Mali,1988,0.814
Malta,1988,1.173
"Marshall Islands, Rep. of the",1988,
Martinique,1988,0.503
"Mauritania, Islamic Rep. of",1988,0.722
Mauritius,1988,0.278
Mayotte,1988,0.397
Mexico,1988,0.129
"Micronesia, Federated States of",1988,
"Moldova, Rep. of",1988,
Monaco,1988,0.742
Mongolia,1988,0.675
Montenegro,1988,
Montserrat,1988,0.561
Morocco,1988,1.018
"Mozambique, Rep. of",1988,0.505
Myanmar,1988,0.379
Namibia,1988,0.387
"Nauru, Rep. of",1988,
Nepal,1988,0.593
"Netherlands, The",1988,0.798
New Caledonia,1988,0.917
New Zealand,1988,0.502
Nicaragua,1988,0.639
Niger,1988,0.623
Nigeria,1988,0.537
Niue,1988,0.629
Norfolk Island,1988,0.8
"North Macedonia, Republic of ",1988,
Norway,1988,0.483
Oceania,1988,0.886
Oman,1988,0.184
Pakistan,1988,0.833
"Palau, Rep. of",1988,
Panama,1988,0.267
Papua New Guinea,1988,0.673
Paraguay,1988,-0.04
Peru,1988,0.513
Philippines,1988,0.777
Pitcairn Islands,1988,0.027
"Poland, Rep. of",1988,0.676
Portugal,1988,0.601
Puerto Rico,1988,0.623
Qatar,1988,0.466
Réunion,1988,0.474
Romania,1988,0.078
Russian Federation,1988,
Rwanda,1988,0.33
Saint Helena,1988,0.381
Saint Pierre and Miquelon,1988,0.274
Samoa,1988,0.512
"San Marino, Rep. of",1988,0.761
"São Tomé and Príncipe, Dem. Rep. of",1988,0.455
Saudi Arabia,1988,0.436
Senegal,1988,0.838
"Serbia, Rep. of",1988,
Seychelles,1988,0.357
Sierra Leone,1988,0.627
Singapore,1988,-0.003
Slovak Rep.,1988,
"Slovenia, Rep. of",1988,
Solomon Islands,1988,0.252
Somalia,1988,0.675
South Africa,1988,0.329
"South Sudan, Rep. of",1988,
Spain,1988,0.794
Sri Lanka,1988,0.845
St. Kitts and Nevis,1988,0.561
St. Lucia,1988,0.415
St. Vincent and the Grenadines,1988,0.395
Sudan,1988,
Suriname,1988,0.434
Svalbard Jan Mayen Islands,1988,-2.108
Sweden,1988,0.731
Switzerland,1988,0.92
Syrian Arab Rep.,1988,-0.197
Taiwan Province of China,1988,0.282
"Tajikistan, Rep. of",1988,
"Tanzania, United Rep. of",1988,0.668
Thailand,1988,0.271
"Timor-Leste, Dem. Rep. of",1988,
Togo,1988,0.702
Tokelau,1988,0.238
Tonga,1988,0.756
Trinidad and Tobago,1988,0.311
Tunisia,1988,1.316
"Türkiye, Rep. of",1988,-0.311
Turkmenistan,1988,
Turks and Caicos Islands,1988,
Tuvalu,1988,0.069
Uganda,1988,0.614
Ukraine,1988,
United Arab Emirates,1988,0.237
United Kingdom,1988,0.296
United States,1988,0.483
United States Virgin Islands,1988,0.652
Uruguay,1988,-0.486
"Uzbekistan, Rep. of",1988,
Vanuatu,1988,0.637
"Venezuela, Rep. Bolivariana de",1988,0.229
Vietnam,1988,0.13
Wallis and Futuna Islands,1988,0.499
West Bank and Gaza,1988,0.057
Western Sahara,1988,0.386
World,1988,0.551
"Yemen, Rep. of",1988,0.85
Zambia,1988,0.669
Zimbabwe,1988,0.457
"Afghanistan, Islamic Rep. of",1989,0.015
Africa,1989,0.0
Albania,1989,-0.041
Algeria,1989,0.453
American Samoa,1989,0.167
Americas,1989,0.174
"Andorra, Principality of",1989,1.147
Angola,1989,0.001
Anguilla,1989,0.027
Antarctica,1989,-0.441
Antigua and Barbuda,1989,0.027
Argentina,1989,0.572
"Armenia, Rep. of",1989,
"Aruba, Kingdom of the Netherlands",1989,-0.124
Asia,1989,0.275
Australia,1989,0.1
Austria,1989,1.112
"Azerbaijan, Rep. of",1989,
"Bahamas, The",1989,0.681
"Bahrain, Kingdom of",1989,0.029
Bangladesh,1989,0.098
Barbados,1989,0.096
"Belarus, Rep. of",1989,
Belgium,1989,
Belize,1989,0.308
Benin,1989,0.027
Bhutan,1989,0.187
Bolivia,1989,0.082
Bosnia and Herzegovina,1989,
Botswana,1989,-0.075
Brazil,1989,0.166
British Virgin Islands,1989,
Brunei Darussalam,1989,-0.048
Bulgaria,1989,0.397
Burkina Faso,1989,0.028
Burundi,1989,0.04
Cabo Verde,1989,1.062
Cambodia,1989,0.218
Cameroon,1989,-0.306
Canada,1989,0.027
Cayman Islands,1989,0.745
Central African Rep.,1989,-0.205
Chad,1989,-0.229
Chile,1989,0.223
"China, P.R.: Hong Kong",1989,0.21
"China, P.R.: Macao",1989,0.21
"China, P.R.: Mainland",1989,0.433
Colombia,1989,-0.065
"Comoros, Union of the",1989,-0.252
"Congo, Dem. Rep. of the",1989,-0.137
"Congo, Rep. of",1989,-0.321
Cook Islands,1989,0.24
Costa Rica,1989,0.24
Côte d'Ivoire,1989,0.357
"Croatia, Rep. of",1989,
Cuba,1989,0.645
Cyprus,1989,0.106
Czech Rep.,1989,
Denmark,1989,1.8
Djibouti,1989,-0.255
Dominica,1989,0.03
Dominican Rep.,1989,0.224
Ecuador,1989,0.034
"Egypt, Arab Rep. of",1989,-0.242
El Salvador,1989,0.287
"Equatorial Guinea, Rep. of",1989,-0.031
"Eritrea, The State of",1989,
"Estonia, Rep. of",1989,
"Eswatini, Kingdom of",1989,0.014
"Ethiopia, The Federal Dem. Rep. of",1989,
Europe,1989,1.017
Falkland Islands (Malvinas),1989,
Faroe Islands,1989,0.389
"Fiji, Rep. of",1989,-0.024
Finland,1989,2.184
France,1989,1.262
French Polynesia,1989,0.215
Gabon,1989,-0.084
"Gambia, The",1989,0.536
Georgia,1989,
Germany,1989,1.493
Ghana,1989,0.343
Gibraltar,1989,0.916
Greece,1989,-0.19
Greenland,1989,-1.676
Grenada,1989,-0.241
Guadeloupe,1989,0.029
Guatemala,1989,0.231
"Guiana, French",1989,0.046
Guinea,1989,0.157
Guinea-Bissau,1989,0.393
Guyana,1989,-0.193
Haiti,1989,0.477
Holy See,1989,0.084
Honduras,1989,0.321
Hungary,1989,0.888
Iceland,1989,-0.239
India,1989,-0.029
Indonesia,1989,0.033
"Iran, Islamic Rep. of",1989,0.218
Iraq,1989,0.218
Ireland,1989,1.025
Isle of Man,1989,1.085
Israel,1989,-0.15
Italy,1989,0.385
Jamaica,1989,0.651
Japan,1989,0.558
Jordan,1989,-0.066
"Kazakhstan, Rep. of",1989,
Kenya,1989,-0.127
Kiribati,1989,-0.177
"Korea, Dem. People's Rep. of",1989,1.217
"Korea, Rep. of",1989,0.776
Kuwait,1989,0.133
Kyrgyz Rep.,1989,
Lao People's Dem. Rep.,1989,0.23
Latvia,1989,
Lebanon,1989,0.14
"Lesotho, Kingdom of",1989,-0.007
Liberia,1989,0.328
Libya,1989,-0.024
Liechtenstein,1989,1.1
Lithuania,1989,
Luxembourg,1989,
"Madagascar, Rep. of",1989,0.033
Malawi,1989,0.233
Malaysia,1989,0.034
Maldives,1989,0.012
Mali,1989,0.129
Malta,1989,0.183
"Marshall Islands, Rep. of the",1989,
Martinique,1989,0.051
"Mauritania, Islamic Rep. of",1989,0.535
Mauritius,1989,-0.102
Mayotte,1989,-0.256
Mexico,1989,0.439
"Micronesia, Federated States of",1989,
"Moldova, Rep. of",1989,
Monaco,1989,0.875
Mongolia,1989,1.376
Montenegro,1989,
Montserrat,1989,0.027
Morocco,1989,0.731
"Mozambique, Rep. of",1989,0.024
Myanmar,1989,0.316
Namibia,1989,-0.378
"Nauru, Rep. of",1989,-0.001
Nepal,1989,0.089
"Netherlands, The",1989,1.543
New Caledonia,1989,0.348
New Zealand,1989,0.75
Nicaragua,1989,0.308
Niger,1989,-0.343
Nigeria,1989,-0.361
Niue,1989,0.177
Norfolk Island,1989,0.516
"North Macedonia, Republic of ",1989,
Norway,1989,1.747
Oceania,1989,0.138
Oman,1989,-0.374
Pakistan,1989,-0.166
"Palau, Rep. of",1989,
Panama,1989,0.17
Papua New Guinea,1989,0.435
Paraguay,1989,-0.097
Peru,1989,0.066
Philippines,1989,0.273
Pitcairn Islands,1989,0.34
"Poland, Rep. of",1989,1.689
Portugal,1989,1.093
Puerto Rico,1989,0.112
Qatar,1989,-0.099
Réunion,1989,0.212
Romania,1989,0.749
Russian Federation,1989,
Rwanda,1989,0.041
Saint Helena,1989,0.232
Saint Pierre and Miquelon,1989,-0.335
Samoa,1989,0.053
"San Marino, Rep. of",1989,0.267
"São Tomé and Príncipe, Dem. Rep. of",1989,-0.115
Saudi Arabia,1989,-0.16
Senegal,1989,0.536
"Serbia, Rep. of",1989,
Seychelles,1989,-0.071
Sierra Leone,1989,0.163
Singapore,1989,
Slovak Rep.,1989,
"Slovenia, Rep. of",1989,
Solomon Islands,1989,-0.077
Somalia,1989,-0.149
South Africa,1989,-0.041
"South Sudan, Rep. of",1989,
Spain,1989,1.04
Sri Lanka,1989,0.337
St. Kitts and Nevis,1989,0.027
St. Lucia,1989,-0.05
St. Vincent and the Grenadines,1989,-0.24
Sudan,1989,
Suriname,1989,0.069
Svalbard Jan Mayen Islands,1989,-0.769
Sweden,1989,2.003
Switzerland,1989,1.147
Syrian Arab Rep.,1989,0.389
Taiwan Province of China,1989,0.052
"Tajikistan, Rep. of",1989,
"Tanzania, United Rep. of",1989,-0.127
Thailand,1989,0.299
"Timor-Leste, Dem. Rep. of",1989,
Togo,1989,0.174
Tokelau,1989,0.214
Tonga,1989,0.389
Trinidad and Tobago,1989,-0.224
Tunisia,1989,0.47
"Türkiye, Rep. of",1989,0.344
Turkmenistan,1989,
Turks and Caicos Islands,1989,
Tuvalu,1989,-0.144
Uganda,1989,0.062
Ukraine,1989,
United Arab Emirates,1989,-0.259
United Kingdom,1989,1.133
United States,1989,0.316
United States Virgin Islands,1989,0.107
Uruguay,1989,0.76
"Uzbekistan, Rep. of",1989,
Vanuatu,1989,0.064
"Venezuela, Rep. Bolivariana de",1989,-0.188
Vietnam,1989,-0.032
Wallis and Futuna Islands,1989,0.148
West Bank and Gaza,1989,-0.152
Western Sahara,1989,0.581
World,1989,0.325
"Yemen, Rep. of",1989,0.274
Zambia,1989,0.182
Zimbabwe,1989,0.196
"Afghanistan, Islamic Rep. of",1990,0.925
Africa,1990,0.568
Albania,1990,0.809
Algeria,1990,1.332
American Samoa,1990,0.52
Americas,1990,0.367
"Andorra, Principality of",1990,1.712
Angola,1990,0.693
Anguilla,1990,0.477
Antarctica,1990,0.285
Antigua and Barbuda,1990,0.477
Argentina,1990,0.404
"Armenia, Rep. of",1990,
"Aruba, Kingdom of the Netherlands",1990,0.183
Asia,1990,0.536
Australia,1990,0.5
Austria,1990,1.271
"Azerbaijan, Rep. of",1990,
"Bahamas, The",1990,0.789
"Bahrain, Kingdom of",1990,0.43
Bangladesh,1990,-0.127
Barbados,1990,0.243
"Belarus, Rep. of",1990,
Belgium,1990,
Belize,1990,0.46
Benin,1990,0.658
Bhutan,1990,-0.144
Bolivia,1990,0.099
Bosnia and Herzegovina,1990,
Botswana,1990,0.987
Brazil,1990,0.48
British Virgin Islands,1990,
Brunei Darussalam,1990,0.34
Bulgaria,1990,0.79
Burkina Faso,1990,0.632
Burundi,1990,0.386
Cabo Verde,1990,1.425
Cambodia,1990,0.558
Cameroon,1990,0.559
Canada,1990,0.084
Cayman Islands,1990,0.751
Central African Rep.,1990,0.282
Chad,1990,0.498
Chile,1990,0.113
"China, P.R.: Hong Kong",1990,0.282
"China, P.R.: Macao",1990,0.282
"China, P.R.: Mainland",1990,0.858
Colombia,1990,0.284
"Comoros, Union of the",1990,0.138
"Congo, Dem. Rep. of the",1990,0.14
"Congo, Rep. of",1990,0.032
Cook Islands,1990,0.279
Costa Rica,1990,0.778
Côte d'Ivoire,1990,0.658
"Croatia, Rep. of",1990,
Cuba,1990,0.802
Cyprus,1990,0.084
Czech Rep.,1990,
Denmark,1990,1.839
Djibouti,1990,0.367
Dominica,1990,0.476
Dominican Rep.,1990,0.651
Ecuador,1990,0.551
"Egypt, Arab Rep. of",1990,-0.12
El Salvador,1990,0.53
"Equatorial Guinea, Rep. of",1990,0.14
"Eritrea, The State of",1990,
"Estonia, Rep. of",1990,
"Eswatini, Kingdom of",1990,0.181
"Ethiopia, The Federal Dem. Rep. of",1990,
Europe,1990,1.238
Falkland Islands (Malvinas),1990,
Faroe Islands,1990,0.639
"Fiji, Rep. of",1990,0.06
Finland,1990,1.257
France,1990,1.571
French Polynesia,1990,0.387
Gabon,1990,0.144
"Gambia, The",1990,1.071
Georgia,1990,
Germany,1990,1.573
Ghana,1990,0.623
Gibraltar,1990,1.217
Greece,1990,0.373
Greenland,1990,-0.457
Grenada,1990,0.159
Guadeloupe,1990,0.476
Guatemala,1990,0.394
"Guiana, French",1990,0.346
Guinea,1990,0.678
Guinea-Bissau,1990,0.898
Guyana,1990,0.33
Haiti,1990,0.828
Holy See,1990,1.057
Honduras,1990,0.368
Hungary,1990,1.096
Iceland,1990,0.107
India,1990,-0.098
Indonesia,1990,0.059
"Iran, Islamic Rep. of",1990,0.731
Iraq,1990,0.404
Ireland,1990,0.802
Isle of Man,1990,0.892
Israel,1990,-0.136
Italy,1990,1.103
Jamaica,1990,0.68
Japan,1990,1.135
Jordan,1990,-0.044
"Kazakhstan, Rep. of",1990,
Kenya,1990,-0.027
Kiribati,1990,0.249
"Korea, Dem. People's Rep. of",1990,1.312
"Korea, Rep. of",1990,1.224
Kuwait,1990,0.375
Kyrgyz Rep.,1990,
Lao People's Dem. Rep.,1990,0.419
Latvia,1990,
Lebanon,1990,0.055
"Lesotho, Kingdom of",1990,0.337
Liberia,1990,0.555
Libya,1990,0.544
Liechtenstein,1990,1.323
Lithuania,1990,
Luxembourg,1990,
"Madagascar, Rep. of",1990,0.088
Malawi,1990,0.674
Malaysia,1990,0.421
Maldives,1990,0.558
Mali,1990,0.931
Malta,1990,1.204
"Marshall Islands, Rep. of the",1990,
Martinique,1990,0.429
"Mauritania, Islamic Rep. of",1990,1.264
Mauritius,1990,0.054
Mayotte,1990,0.117
Mexico,1990,0.22
"Micronesia, Federated States of",1990,
"Moldova, Rep. of",1990,
Monaco,1990,1.249
Mongolia,1990,1.568
Montenegro,1990,
Montserrat,1990,0.477
Morocco,1990,1.463
"Mozambique, Rep. of",1990,0.255
Myanmar,1990,0.208
Namibia,1990,0.637
"Nauru, Rep. of",1990,-0.38
Nepal,1990,-0.02
"Netherlands, The",1990,1.567
New Caledonia,1990,0.635
New Zealand,1990,0.589
Nicaragua,1990,0.499
Niger,1990,0.525
Nigeria,1990,0.622
Niue,1990,0.276
Norfolk Island,1990,0.486
"North Macedonia, Republic of ",1990,
Norway,1990,1.524
Oceania,1990,0.496
Oman,1990,0.031
Pakistan,1990,0.538
"Palau, Rep. of",1990,
Panama,1990,0.482
Papua New Guinea,1990,0.417
Paraguay,1990,0.025
Peru,1990,0.411
Philippines,1990,0.405
Pitcairn Islands,1990,0.118
"Poland, Rep. of",1990,1.704
Portugal,1990,1.38
Puerto Rico,1990,0.5
Qatar,1990,0.357
Réunion,1990,0.222
Romania,1990,1.096
Russian Federation,1990,
Rwanda,1990,0.386
Saint Helena,1990,0.597
Saint Pierre and Miquelon,1990,-0.668
Samoa,1990,0.477
"San Marino, Rep. of",1990,0.997
"São Tomé and Príncipe, Dem. Rep. of",1990,
Saudi Arabia,1990,0.052
Senegal,1990,1.154
"Serbia, Rep. of",1990,
Seychelles,1990,0.309
Sierra Leone,1990,0.467
Singapore,1990,
Slovak Rep.,1990,
"Slovenia, Rep. of",1990,
Solomon Islands,1990,0.22
Somalia,1990,0.06
South Africa,1990,0.317
"South Sudan, Rep. of",1990,
Spain,1990,1.452
Sri Lanka,1990,0.709
St. Kitts and Nevis,1990,0.477
St. Lucia,1990,0.279
St. Vincent and the Grenadines,1990,0.157
Sudan,1990,
Suriname,1990,0.264
Svalbard Jan Mayen Islands,1990,1.631
Sweden,1990,1.695
Switzerland,1990,1.423
Syrian Arab Rep.,1990,0.209
Taiwan Province of China,1990,0.331
"Tajikistan, Rep. of",1990,
"Tanzania, United Rep. of",1990,0.129
Thailand,1990,0.513
"Timor-Leste, Dem. Rep. of",1990,-0.718
Togo,1990,0.687
Tokelau,1990,0.635
Tonga,1990,0.322
Trinidad and Tobago,1990,0.227
Tunisia,1990,1.41
"Türkiye, Rep. of",1990,-0.061
Turkmenistan,1990,
Turks and Caicos Islands,1990,
Tuvalu,1990,0.201
Uganda,1990,0.376
Ukraine,1990,
United Arab Emirates,1990,0.297
United Kingdom,1990,1.005
United States,1990,0.675
United States Virgin Islands,1990,0.495
Uruguay,1990,0.606
"Uzbekistan, Rep. of",1990,
Vanuatu,1990,0.332
"Venezuela, Rep. Bolivariana de",1990,0.159
Vietnam,1990,0.334
Wallis and Futuna Islands,1990,0.273
West Bank and Gaza,1990,-0.14
Western Sahara,1990,1.217
World,1990,0.633
"Yemen, Rep. of",1990,0.239
Zambia,1990,0.827
Zimbabwe,1990,0.549
"Afghanistan, Islamic Rep. of",1991,-0.051
Africa,1991,0.375
Albania,1991,-0.28
Algeria,1991,0.102
American Samoa,1991,0.677
Americas,1991,0.419
"Andorra, Principality of",1991,0.192
Angola,1991,0.306
Anguilla,1991,0.575
Antarctica,1991,0.674
Antigua and Barbuda,1991,0.575
Argentina,1991,0.226
"Armenia, Rep. of",1991,
"Aruba, Kingdom of the Netherlands",1991,0.417
Asia,1991,0.415
Australia,1991,0.763
Austria,1991,0.135
"Azerbaijan, Rep. of",1991,
"Bahamas, The",1991,0.81
"Bahrain, Kingdom of",1991,-0.258
Bangladesh,1991,0.022
Barbados,1991,0.299
"Belarus, Rep. of",1991,
Belgium,1991,
Belize,1991,0.585
Benin,1991,0.377
Bhutan,1991,0.059
Bolivia,1991,0.536
Bosnia and Herzegovina,1991,
Botswana,1991,0.198
Brazil,1991,0.492
British Virgin Islands,1991,
Brunei Darussalam,1991,0.367
Bulgaria,1991,-0.164
Burkina Faso,1991,0.553
Burundi,1991,-0.006
Cabo Verde,1991,0.792
Cambodia,1991,0.465
Cameroon,1991,0.532
Canada,1991,0.346
Cayman Islands,1991,0.854
Central African Rep.,1991,0.448
Chad,1991,0.533
Chile,1991,-0.003
"China, P.R.: Hong Kong",1991,0.76
"China, P.R.: Macao",1991,0.76
"China, P.R.: Mainland",1991,0.537
Colombia,1991,0.416
"Comoros, Union of the",1991,0.282
"Congo, Dem. Rep. of the",1991,0.264
"Congo, Rep. of",1991,0.138
Cook Islands,1991,0.465
Costa Rica,1991,0.769
Côte d'Ivoire,1991,0.545
"Croatia, Rep. of",1991,
Cuba,1991,0.866
Cyprus,1991,0.383
Czech Rep.,1991,
Denmark,1991,0.612
Djibouti,1991,0.331
Dominica,1991,0.574
Dominican Rep.,1991,0.585
Ecuador,1991,0.541
"Egypt, Arab Rep. of",1991,0.377
El Salvador,1991,0.595
"Equatorial Guinea, Rep. of",1991,
"Eritrea, The State of",1991,
"Estonia, Rep. of",1991,
"Eswatini, Kingdom of",1991,0.434
"Ethiopia, The Federal Dem. Rep. of",1991,
Europe,1991,0.577
Falkland Islands (Malvinas),1991,
Faroe Islands,1991,0.939
"Fiji, Rep. of",1991,-0.134
Finland,1991,1.142
France,1991,0.236
French Polynesia,1991,0.409
Gabon,1991,0.106
"Gambia, The",1991,0.73
Georgia,1991,
Germany,1991,0.288
Ghana,1991,0.485
Gibraltar,1991,0.135
Greece,1991,-0.192
Greenland,1991,-0.319
Grenada,1991,0.321
Guadeloupe,1991,0.574
Guatemala,1991,0.688
"Guiana, French",1991,0.525
Guinea,1991,0.715
Guinea-Bissau,1991,0.693
Guyana,1991,0.14
Haiti,1991,0.857
Holy See,1991,-0.104
Honduras,1991,0.594
Hungary,1991,-0.031
Iceland,1991,0.705
India,1991,0.179
Indonesia,1991,0.224
"Iran, Islamic Rep. of",1991,0.369
Iraq,1991,0.628
Ireland,1991,0.176
Isle of Man,1991,0.164
Israel,1991,0.366
Italy,1991,-0.004
Jamaica,1991,0.75
Japan,1991,0.724
Jordan,1991,0.464
"Kazakhstan, Rep. of",1991,
Kenya,1991,0.262
Kiribati,1991,0.242
"Korea, Dem. People's Rep. of",1991,0.578
"Korea, Rep. of",1991,0.272
Kuwait,1991,0.483
Kyrgyz Rep.,1991,
Lao People's Dem. Rep.,1991,0.693
Latvia,1991,
Lebanon,1991,0.404
"Lesotho, Kingdom of",1991,0.501
Liberia,1991,0.565
Libya,1991,0.271
Liechtenstein,1991,0.199
Lithuania,1991,
Luxembourg,1991,
"Madagascar, Rep. of",1991,0.391
Malawi,1991,0.183
Malaysia,1991,0.365
Maldives,1991,0.599
Mali,1991,0.728
Malta,1991,0.112
"Marshall Islands, Rep. of the",1991,0.003
Martinique,1991,0.511
"Mauritania, Islamic Rep. of",1991,0.645
Mauritius,1991,0.327
Mayotte,1991,0.261
Mexico,1991,0.219
"Micronesia, Federated States of",1991,-0.006
"Moldova, Rep. of",1991,
Monaco,1991,0.074
Mongolia,1991,1.115
Montenegro,1991,
Montserrat,1991,0.575
Morocco,1991,0.192
"Mozambique, Rep. of",1991,0.027
Myanmar,1991,0.494
Namibia,1991,0.09
"Nauru, Rep. of",1991,-0.206
Nepal,1991,0.115
"Netherlands, The",1991,0.265
New Caledonia,1991,0.224
New Zealand,1991,-0.016
Nicaragua,1991,0.643
Niger,1991,0.908
Nigeria,1991,0.658
Niue,1991,0.519
Norfolk Island,1991,0.131
"North Macedonia, Republic of ",1991,
Norway,1991,0.983
Oceania,1991,0.71
Oman,1991,-0.345
Pakistan,1991,-0.163
"Palau, Rep. of",1991,
Panama,1991,0.59
Papua New Guinea,1991,0.358
Paraguay,1991,0.677
Peru,1991,0.537
Philippines,1991,0.334
Pitcairn Islands,1991,-0.305
"Poland, Rep. of",1991,0.407
Portugal,1991,0.424
Puerto Rico,1991,0.501
Qatar,1991,-0.176
Réunion,1991,0.359
Romania,1991,0.03
Russian Federation,1991,
Rwanda,1991,-0.029
Saint Helena,1991,0.469
Saint Pierre and Miquelon,1991,-0.644
Samoa,1991,0.498
"San Marino, Rep. of",1991,-0.094
"São Tomé and Príncipe, Dem. Rep. of",1991,
Saudi Arabia,1991,0.324
Senegal,1991,0.755
"Serbia, Rep. of",1991,
Seychelles,1991,0.479
Sierra Leone,1991,0.595
Singapore,1991,
Slovak Rep.,1991,
"Slovenia, Rep. of",1991,
Solomon Islands,1991,0.012
Somalia,1991,0.181
South Africa,1991,0.356
"South Sudan, Rep. of",1991,
Spain,1991,0.213
Sri Lanka,1991,0.653
St. Kitts and Nevis,1991,0.575
St. Lucia,1991,0.389
St. Vincent and the Grenadines,1991,0.32
Sudan,1991,
Suriname,1991,0.47
Svalbard Jan Mayen Islands,1991,1.316
Sweden,1991,1.028
Switzerland,1991,0.334
Syrian Arab Rep.,1991,0.49
Taiwan Province of China,1991,0.545
"Tajikistan, Rep. of",1991,
"Tanzania, United Rep. of",1991,0.257
Thailand,1991,0.641
"Timor-Leste, Dem. Rep. of",1991,
Togo,1991,0.327
Tokelau,1991,1.148
Tonga,1991,0.286
Trinidad and Tobago,1991,0.358
Tunisia,1991,-0.049
"Türkiye, Rep. of",1991,0.225
Turkmenistan,1991,
Turks and Caicos Islands,1991,
Tuvalu,1991,0.524
Uganda,1991,0.268
Ukraine,1991,
United Arab Emirates,1991,-0.194
United Kingdom,1991,0.197
United States,1991,0.529
United States Virgin Islands,1991,0.511
Uruguay,1991,0.333
"Uzbekistan, Rep. of",1991,
Vanuatu,1991,-0.025
"Venezuela, Rep. Bolivariana de",1991,0.387
Vietnam,1991,0.548
Wallis and Futuna Islands,1991,0.048
West Bank and Gaza,1991,0.366
Western Sahara,1991,0.447
World,1991,0.459
"Yemen, Rep. of",1991,
Zambia,1991,0.113
Zimbabwe,1991,0.199
"Afghanistan, Islamic Rep. of",1992,-0.212
Africa,1992,0.092
Albania,1992,0.106
Algeria,1992,-0.232
American Samoa,1992,0.335
Americas,1992,0.252
"Andorra, Principality of",1992,0.349
Angola,1992,0.456
Anguilla,1992,0.512
Antarctica,1992,0.33
Antigua and Barbuda,1992,0.512
Argentina,1992,-0.297
"Armenia, Rep. of",1992,-1.305
"Aruba, Kingdom of the Netherlands",1992,0.59
Asia,1992,-0.046
Australia,1992,0.24
Austria,1992,1.256
"Azerbaijan, Rep. of",1992,-0.84
"Bahamas, The",1992,0.298
"Bahrain, Kingdom of",1992,-0.581
Bangladesh,1992,-0.057
Barbados,1992,0.201
"Belarus, Rep. of",1992,1.259
Belgium,1992,
Belize,1992,0.442
Benin,1992,0.043
Bhutan,1992,-0.262
Bolivia,1992,0.027
Bosnia and Herzegovina,1992,0.688
Botswana,1992,1.07
Brazil,1992,0.435
British Virgin Islands,1992,
Brunei Darussalam,1992,0.273
Bulgaria,1992,0.148
Burkina Faso,1992,0.011
Burundi,1992,0.112
Cabo Verde,1992,1.0
Cambodia,1992,0.444
Cameroon,1992,-0.27
Canada,1992,0.114
Cayman Islands,1992,0.583
Central African Rep.,1992,-0.463
Chad,1992,-0.348
Chile,1992,-0.197
"China, P.R.: Hong Kong",1992,-0.198
"China, P.R.: Macao",1992,-0.198
"China, P.R.: Mainland",1992,0.146
Colombia,1992,0.558
"Comoros, Union of the",1992,0.102
"Congo, Dem. Rep. of the",1992,-0.177
"Congo, Rep. of",1992,-0.258
Cook Islands,1992,0.46
Costa Rica,1992,0.689
Côte d'Ivoire,1992,0.341
"Croatia, Rep. of",1992,0.834
Cuba,1992,0.556
Cyprus,1992,-0.916
Czech Rep.,1992,
Denmark,1992,1.448
Djibouti,1992,0.298
Dominica,1992,0.512
Dominican Rep.,1992,0.203
Ecuador,1992,0.869
"Egypt, Arab Rep. of",1992,-0.653
El Salvador,1992,0.592
"Equatorial Guinea, Rep. of",1992,-0.225
"Eritrea, The State of",1992,
"Estonia, Rep. of",1992,1.602
"Eswatini, Kingdom of",1992,1.067
"Ethiopia, The Federal Dem. Rep. of",1992,
Europe,1992,0.468
Falkland Islands (Malvinas),1992,
Faroe Islands,1992,0.632
"Fiji, Rep. of",1992,-0.117
Finland,1992,1.171
France,1992,0.64
French Polynesia,1992,0.447
Gabon,1992,-0.207
"Gambia, The",1992,0.772
Georgia,1992,-1.184
Germany,1992,1.23
Ghana,1992,0.217
Gibraltar,1992,0.19
Greece,1992,-0.52
Greenland,1992,-1.356
Grenada,1992,0.31
Guadeloupe,1992,0.512
Guatemala,1992,0.521
"Guiana, French",1992,0.611
Guinea,1992,0.372
Guinea-Bissau,1992,0.62
Guyana,1992,0.077
Haiti,1992,0.423
Holy See,1992,0.408
Honduras,1992,0.579
Hungary,1992,0.939
Iceland,1992,0.166
India,1992,0.017
Indonesia,1992,0.225
"Iran, Islamic Rep. of",1992,-0.775
Iraq,1992,-1.161
Ireland,1992,0.425
Isle of Man,1992,0.445
Israel,1992,-1.049
Italy,1992,0.494
Jamaica,1992,0.907
Japan,1992,0.326
Jordan,1992,-1.168
"Kazakhstan, Rep. of",1992,0.29
Kenya,1992,0.412
Kiribati,1992,0.152
"Korea, Dem. People's Rep. of",1992,0.753
"Korea, Rep. of",1992,0.614
Kuwait,1992,-0.579
Kyrgyz Rep.,1992,0.072
Lao People's Dem. Rep.,1992,0.208
Latvia,1992,1.583
Lebanon,1992,-1.015
"Lesotho, Kingdom of",1992,0.942
Liberia,1992,0.293
Libya,1992,-0.381
Liechtenstein,1992,1.105
Lithuania,1992,1.475
Luxembourg,1992,
"Madagascar, Rep. of",1992,0.366
Malawi,1992,0.567
Malaysia,1992,0.316
Maldives,1992,0.204
Mali,1992,0.236
Malta,1992,0.234
"Marshall Islands, Rep. of the",1992,0.105
Martinique,1992,0.433
"Mauritania, Islamic Rep. of",1992,0.666
Mauritius,1992,-0.008
Mayotte,1992,0.144
Mexico,1992,0.037
"Micronesia, Federated States of",1992,0.119
"Moldova, Rep. of",1992,0.393
Monaco,1992,0.646
Mongolia,1992,0.861
Montenegro,1992,
Montserrat,1992,0.512
Morocco,1992,0.26
"Mozambique, Rep. of",1992,0.599
Myanmar,1992,0.028
Namibia,1992,0.534
"Nauru, Rep. of",1992,-0.634
Nepal,1992,-0.023
"Netherlands, The",1992,1.185
New Caledonia,1992,0.343
New Zealand,1992,-0.709
Nicaragua,1992,0.641
Niger,1992,-0.238
Nigeria,1992,-0.072
Niue,1992,0.151
Norfolk Island,1992,-0.143
"North Macedonia, Republic of ",1992,0.037
Norway,1992,1.126
Oceania,1992,0.225
Oman,1992,-0.611
Pakistan,1992,-0.292
"Palau, Rep. of",1992,-0.006
Panama,1992,0.447
Papua New Guinea,1992,0.547
Paraguay,1992,-0.358
Peru,1992,0.908
Philippines,1992,0.407
Pitcairn Islands,1992,-0.415
"Poland, Rep. of",1992,1.141
Portugal,1992,0.413
Puerto Rico,1992,0.415
Qatar,1992,-0.551
Réunion,1992,0.279
Romania,1992,0.362
Russian Federation,1992,0.361
Rwanda,1992,0.112
Saint Helena,1992,0.07
Saint Pierre and Miquelon,1992,-1.292
Samoa,1992,0.33
"San Marino, Rep. of",1992,0.483
"São Tomé and Príncipe, Dem. Rep. of",1992,-0.043
Saudi Arabia,1992,-1.042
Senegal,1992,0.838
"Serbia, Rep. of",1992,
Seychelles,1992,0.072
Sierra Leone,1992,0.231
Singapore,1992,
Slovak Rep.,1992,
"Slovenia, Rep. of",1992,1.167
Solomon Islands,1992,-0.098
Somalia,1992,0.479
South Africa,1992,0.797
"South Sudan, Rep. of",1992,
Spain,1992,0.305
Sri Lanka,1992,0.35
St. Kitts and Nevis,1992,0.512
St. Lucia,1992,0.33
St. Vincent and the Grenadines,1992,0.312
Sudan,1992,
Suriname,1992,0.624
Svalbard Jan Mayen Islands,1992,0.957
Sweden,1992,1.379
Switzerland,1992,0.975
Syrian Arab Rep.,1992,-1.113
Taiwan Province of China,1992,-0.102
"Tajikistan, Rep. of",1992,-0.298
"Tanzania, United Rep. of",1992,0.26
Thailand,1992,0.358
"Timor-Leste, Dem. Rep. of",1992,
Togo,1992,0.127
Tokelau,1992,
Tonga,1992,0.168
Trinidad and Tobago,1992,0.292
Tunisia,1992,0.002
"Türkiye, Rep. of",1992,-1.237
Turkmenistan,1992,-0.11
Turks and Caicos Islands,1992,
Tuvalu,1992,0.211
Uganda,1992,0.322
Ukraine,1992,0.445
United Arab Emirates,1992,-0.595
United Kingdom,1992,0.512
United States,1992,0.396
United States Virgin Islands,1992,0.41
Uruguay,1992,0.166
"Uzbekistan, Rep. of",1992,0.095
Vanuatu,1992,-0.053
"Venezuela, Rep. Bolivariana de",1992,0.39
Vietnam,1992,0.047
Wallis and Futuna Islands,1992,-0.137
West Bank and Gaza,1992,-1.059
Western Sahara,1992,0.417
World,1992,0.181
"Yemen, Rep. of",1992,
Zambia,1992,0.724
Zimbabwe,1992,1.068
"Afghanistan, Islamic Rep. of",1993,0.254
Africa,1993,0.373
Albania,1993,0.113
Algeria,1993,0.645
American Samoa,1993,-0.092
Americas,1993,0.268
"Andorra, Principality of",1993,0.146
Angola,1993,0.248
Anguilla,1993,0.635
Antarctica,1993,-0.722
Antigua and Barbuda,1993,0.635
Argentina,1993,0.039
"Armenia, Rep. of",1993,-0.936
"Aruba, Kingdom of the Netherlands",1993,
Asia,1993,0.097
Australia,1993,0.436
Austria,1993,0.536
"Azerbaijan, Rep. of",1993,-1.016
"Bahamas, The",1993,0.372
"Bahrain, Kingdom of",1993,0.085
Bangladesh,1993,-0.332
Barbados,1993,0.252
"Belarus, Rep. of",1993,0.013
Belgium,1993,
Belize,1993,0.576
Benin,1993,0.588
Bhutan,1993,-0.318
Bolivia,1993,0.381
Bosnia and Herzegovina,1993,0.28
Botswana,1993,0.74
Brazil,1993,0.525
British Virgin Islands,1993,
Brunei Darussalam,1993,0.15
Bulgaria,1993,-0.319
Burkina Faso,1993,0.748
Burundi,1993,
Cabo Verde,1993,0.62
Cambodia,1993,0.317
Cameroon,1993,0.191
Canada,1993,0.351
Cayman Islands,1993,1.114
Central African Rep.,1993,0.222
Chad,1993,0.164
Chile,1993,0.138
"China, P.R.: Hong Kong",1993,0.338
"China, P.R.: Macao",1993,0.338
"China, P.R.: Mainland",1993,0.299
Colombia,1993,0.232
"Comoros, Union of the",1993,0.215
"Congo, Dem. Rep. of the",1993,0.083
"Congo, Rep. of",1993,0.02
Cook Islands,1993,0.207
Costa Rica,1993,0.53
Côte d'Ivoire,1993,0.582
"Croatia, Rep. of",1993,0.404
Cuba,1993,0.561
Cyprus,1993,-0.407
Czech Rep.,1993,0.294
Denmark,1993,0.23
Djibouti,1993,0.149
Dominica,1993,0.634
Dominican Rep.,1993,0.335
Ecuador,1993,0.559
"Egypt, Arab Rep. of",1993,-0.009
El Salvador,1993,0.355
"Equatorial Guinea, Rep. of",1993,0.068
"Eritrea, The State of",1993,
"Estonia, Rep. of",1993,0.56
"Eswatini, Kingdom of",1993,0.675
"Ethiopia, The Federal Dem. Rep. of",1993,0.077
Europe,1993,0.747
Falkland Islands (Malvinas),1993,
Faroe Islands,1993,0.076
"Fiji, Rep. of",1993,-0.475
Finland,1993,0.947
France,1993,0.31
French Polynesia,1993,0.256
Gabon,1993,0.138
"Gambia, The",1993,0.948
Georgia,1993,-1.238
Germany,1993,0.314
Ghana,1993,0.556
Gibraltar,1993,-0.096
Greece,1993,-0.313
Greenland,1993,-1.521
Grenada,1993,0.371
Guadeloupe,1993,0.635
Guatemala,1993,0.433
"Guiana, French",1993,0.665
Guinea,1993,0.737
Guinea-Bissau,1993,0.796
Guyana,1993,0.091
Haiti,1993,0.143
Holy See,1993,0.355
Honduras,1993,0.318
Hungary,1993,0.096
Iceland,1993,0.128
India,1993,0.211
Indonesia,1993,0.246
"Iran, Islamic Rep. of",1993,-0.032
Iraq,1993,-0.46
Ireland,1993,0.041
Isle of Man,1993,-0.053
Israel,1993,-0.381
Italy,1993,0.486
Jamaica,1993,0.517
Japan,1993,0.005
Jordan,1993,-0.565
"Kazakhstan, Rep. of",1993,-0.366
Kenya,1993,0.043
Kiribati,1993,-0.164
"Korea, Dem. People's Rep. of",1993,0.554
"Korea, Rep. of",1993,0.035
Kuwait,1993,-0.129
Kyrgyz Rep.,1993,-0.087
Lao People's Dem. Rep.,1993,0.301
Latvia,1993,0.399
Lebanon,1993,-0.429
"Lesotho, Kingdom of",1993,0.982
Liberia,1993,0.556
Libya,1993,0.359
Liechtenstein,1993,0.656
Lithuania,1993,0.288
Luxembourg,1993,
"Madagascar, Rep. of",1993,0.331
Malawi,1993,-0.012
Malaysia,1993,0.164
Maldives,1993,0.266
Mali,1993,1.042
Malta,1993,0.587
"Marshall Islands, Rep. of the",1993,-0.066
Martinique,1993,0.555
"Mauritania, Islamic Rep. of",1993,0.758
Mauritius,1993,0.014
Mayotte,1993,0.262
Mexico,1993,0.278
"Micronesia, Federated States of",1993,-0.137
"Moldova, Rep. of",1993,-0.748
Monaco,1993,0.489
Mongolia,1993,0.508
Montenegro,1993,
Montserrat,1993,0.635
Morocco,1993,0.284
"Mozambique, Rep. of",1993,0.212
Myanmar,1993,0.097
Namibia,1993,0.65
"Nauru, Rep. of",1993,
Nepal,1993,-0.124
"Netherlands, The",1993,0.251
New Caledonia,1993,0.116
New Zealand,1993,-0.366
Nicaragua,1993,0.483
Niger,1993,0.454
Nigeria,1993,0.502
Niue,1993,
Norfolk Island,1993,-0.107
"North Macedonia, Republic of ",1993,0.022
Norway,1993,0.703
Oceania,1993,0.403
Oman,1993,0.29
Pakistan,1993,0.522
"Palau, Rep. of",1993,-0.049
Panama,1993,0.521
Papua New Guinea,1993,0.408
Paraguay,1993,0.241
Peru,1993,0.544
Philippines,1993,0.404
Pitcairn Islands,1993,-0.594
"Poland, Rep. of",1993,0.063
Portugal,1993,-0.22
Puerto Rico,1993,0.539
Qatar,1993,-0.001
Réunion,1993,0.266
Romania,1993,-0.431
Russian Federation,1993,0.951
Rwanda,1993,
Saint Helena,1993,0.569
Saint Pierre and Miquelon,1993,-1.001
Samoa,1993,-0.172
"San Marino, Rep. of",1993,0.517
"São Tomé and Príncipe, Dem. Rep. of",1993,0.413
Saudi Arabia,1993,-0.259
Senegal,1993,1.054
"Serbia, Rep. of",1993,
Seychelles,1993,0.129
Sierra Leone,1993,0.55
Singapore,1993,0.193
Slovak Rep.,1993,0.039
"Slovenia, Rep. of",1993,0.571
Solomon Islands,1993,-0.201
Somalia,1993,0.105
South Africa,1993,0.822
"South Sudan, Rep. of",1993,
Spain,1993,-0.06
Sri Lanka,1993,0.348
St. Kitts and Nevis,1993,0.635
St. Lucia,1993,0.416
St. Vincent and the Grenadines,1993,0.363
Sudan,1993,
Suriname,1993,0.483
Svalbard Jan Mayen Islands,1993,0.012
Sweden,1993,0.813
Switzerland,1993,0.573
Syrian Arab Rep.,1993,-0.562
Taiwan Province of China,1993,0.318
"Tajikistan, Rep. of",1993,-0.195
"Tanzania, United Rep. of",1993,-0.07
Thailand,1993,0.294
"Timor-Leste, Dem. Rep. of",1993,
Togo,1993,0.531
Tokelau,1993,
Tonga,1993,-0.143
Trinidad and Tobago,1993,0.527
Tunisia,1993,0.676
"Türkiye, Rep. of",1993,-0.812
Turkmenistan,1993,-0.203
Turks and Caicos Islands,1993,
Tuvalu,1993,-0.003
Uganda,1993,0.212
Ukraine,1993,-0.758
United Arab Emirates,1993,0.038
United Kingdom,1993,-0.024
United States,1993,0.01
United States Virgin Islands,1993,0.526
Uruguay,1993,0.304
"Uzbekistan, Rep. of",1993,-0.236
Vanuatu,1993,-0.377
"Venezuela, Rep. Bolivariana de",1993,0.391
Vietnam,1993,0.292
Wallis and Futuna Islands,1993,-0.383
West Bank and Gaza,1993,-0.384
Western Sahara,1993,0.221
World,1993,0.343
"Yemen, Rep. of",1993,
Zambia,1993,0.021
Zimbabwe,1993,0.414
"Afghanistan, Islamic Rep. of",1994,0.546
Africa,1994,0.393
Albania,1994,1.36
Algeria,1994,0.83
American Samoa,1994,0.141
Americas,1994,0.503
"Andorra, Principality of",1994,1.478
Angola,1994,0.322
Anguilla,1994,0.607
Antarctica,1994,-0.069
Antigua and Barbuda,1994,0.607
Argentina,1994,0.44
"Armenia, Rep. of",1994,0.477
"Aruba, Kingdom of the Netherlands",1994,0.404
Asia,1994,0.553
Australia,1994,0.17
Austria,1994,1.967
"Azerbaijan, Rep. of",1994,0.093
"Bahamas, The",1994,0.786
"Bahrain, Kingdom of",1994,0.951
Bangladesh,1994,0.268
Barbados,1994,0.239
"Belarus, Rep. of",1994,1.129
Belgium,1994,
Belize,1994,0.888
Benin,1994,0.491
Bhutan,1994,0.204
Bolivia,1994,0.821
Bosnia and Herzegovina,1994,1.715
Botswana,1994,0.049
Brazil,1994,0.623
British Virgin Islands,1994,
Brunei Darussalam,1994,0.341
Bulgaria,1994,1.59
Burkina Faso,1994,0.331
Burundi,1994,
Cabo Verde,1994,0.553
Cambodia,1994,0.409
Cameroon,1994,0.265
Canada,1994,0.473
Cayman Islands,1994,1.349
Central African Rep.,1994,0.458
Chad,1994,0.284
Chile,1994,0.141
"China, P.R.: Hong Kong",1994,0.401
"China, P.R.: Macao",1994,0.401
"China, P.R.: Mainland",1994,0.752
Colombia,1994,0.22
"Comoros, Union of the",1994,0.577
"Congo, Dem. Rep. of the",1994,0.296
"Congo, Rep. of",1994,0.286
Cook Islands,1994,0.281
Costa Rica,1994,0.786
Côte d'Ivoire,1994,0.597
"Croatia, Rep. of",1994,1.715
Cuba,1994,0.919
Cyprus,1994,1.098
Czech Rep.,1994,1.804
Denmark,1994,0.962
Djibouti,1994,0.109
Dominica,1994,0.607
Dominican Rep.,1994,0.708
Ecuador,1994,0.405
"Egypt, Arab Rep. of",1994,0.58
El Salvador,1994,0.702
"Equatorial Guinea, Rep. of",1994,0.29
"Eritrea, The State of",1994,
"Estonia, Rep. of",1994,0.362
"Eswatini, Kingdom of",1994,-0.057
"Ethiopia, The Federal Dem. Rep. of",1994,0.403
Europe,1994,0.694
Falkland Islands (Malvinas),1994,
Faroe Islands,1994,-0.032
"Fiji, Rep. of",1994,-0.304
Finland,1994,0.153
France,1994,1.532
French Polynesia,1994,0.64
Gabon,1994,0.198
"Gambia, The",1994,0.742
Georgia,1994,0.418
Germany,1994,1.627
Ghana,1994,0.634
Gibraltar,1994,0.76
Greece,1994,1.083
Greenland,1994,-0.575
Grenada,1994,0.331
Guadeloupe,1994,0.607
Guatemala,1994,0.682
"Guiana, French",1994,0.626
Guinea,1994,0.506
Guinea-Bissau,1994,0.666
Guyana,1994,0.232
Haiti,1994,0.775
Holy See,1994,1.356
Honduras,1994,0.852
Hungary,1994,1.782
Iceland,1994,-0.207
India,1994,0.1
Indonesia,1994,0.347
"Iran, Islamic Rep. of",1994,0.797
Iraq,1994,1.006
Ireland,1994,0.258
Isle of Man,1994,0.255
Israel,1994,0.788
Italy,1994,1.479
Jamaica,1994,0.926
Japan,1994,0.958
Jordan,1994,0.893
"Kazakhstan, Rep. of",1994,-0.04
Kenya,1994,0.484
Kiribati,1994,0.124
"Korea, Dem. People's Rep. of",1994,1.341
"Korea, Rep. of",1994,1.248
Kuwait,1994,0.916
Kyrgyz Rep.,1994,0.293
Lao People's Dem. Rep.,1994,0.416
Latvia,1994,0.685
Lebanon,1994,1.074
"Lesotho, Kingdom of",1994,0.055
Liberia,1994,0.519
Libya,1994,0.523
Liechtenstein,1994,1.95
Lithuania,1994,0.937
Luxembourg,1994,
"Madagascar, Rep. of",1994,0.281
Malawi,1994,0.184
Malaysia,1994,0.31
Maldives,1994,0.466
Mali,1994,0.24
Malta,1994,1.384
"Marshall Islands, Rep. of the",1994,0.156
Martinique,1994,0.521
"Mauritania, Islamic Rep. of",1994,0.503
Mauritius,1994,0.396
Mayotte,1994,0.563
Mexico,1994,0.652
"Micronesia, Federated States of",1994,0.078
"Moldova, Rep. of",1994,1.559
Monaco,1994,1.331
Mongolia,1994,1.347
Montenegro,1994,
Montserrat,1994,0.607
Morocco,1994,1.133
"Mozambique, Rep. of",1994,0.035
Myanmar,1994,0.473
Namibia,1994,0.185
"Nauru, Rep. of",1994,
Nepal,1994,0.207
"Netherlands, The",1994,1.37
New Caledonia,1994,0.054
New Zealand,1994,-0.058
Nicaragua,1994,0.851
Niger,1994,0.254
Nigeria,1994,0.43
Niue,1994,
Norfolk Island,1994,-0.161
"North Macedonia, Republic of ",1994,1.486
Norway,1994,0.069
Oceania,1994,0.173
Oman,1994,0.17
Pakistan,1994,0.289
"Palau, Rep. of",1994,0.19
Panama,1994,0.5
Papua New Guinea,1994,0.395
Paraguay,1994,0.899
Peru,1994,0.522
Philippines,1994,0.481
Pitcairn Islands,1994,-0.234
"Poland, Rep. of",1994,1.369
Portugal,1994,0.655
Puerto Rico,1994,0.733
Qatar,1994,0.635
Réunion,1994,0.48
Romania,1994,1.715
Russian Federation,1994,0.572
Rwanda,1994,
Saint Helena,1994,0.828
Saint Pierre and Miquelon,1994,-0.246
Samoa,1994,0.258
"San Marino, Rep. of",1994,1.514
"São Tomé and Príncipe, Dem. Rep. of",1994,0.311
Saudi Arabia,1994,0.592
Senegal,1994,0.598
"Serbia, Rep. of",1994,
Seychelles,1994,0.402
Sierra Leone,1994,0.447
Singapore,1994,0.558
Slovak Rep.,1994,1.703
"Slovenia, Rep. of",1994,1.879
Solomon Islands,1994,0.039
Somalia,1994,0.438
South Africa,1994,0.201
"South Sudan, Rep. of",1994,
Spain,1994,1.039
Sri Lanka,1994,0.421
St. Kitts and Nevis,1994,0.607
St. Lucia,1994,0.382
St. Vincent and the Grenadines,1994,0.33
Sudan,1994,
Suriname,1994,0.585
Svalbard Jan Mayen Islands,1994,0.059
Sweden,1994,0.2
Switzerland,1994,1.871
Syrian Arab Rep.,1994,1.293
Taiwan Province of China,1994,0.357
"Tajikistan, Rep. of",1994,0.407
"Tanzania, United Rep. of",1994,0.339
Thailand,1994,0.353
"Timor-Leste, Dem. Rep. of",1994,
Togo,1994,0.51
Tokelau,1994,
Tonga,1994,0.156
Trinidad and Tobago,1994,0.368
Tunisia,1994,1.348
"Türkiye, Rep. of",1994,1.21
Turkmenistan,1994,0.248
Turks and Caicos Islands,1994,
Tuvalu,1994,
Uganda,1994,0.262
Ukraine,1994,1.131
United Arab Emirates,1994,0.473
United Kingdom,1994,0.406
United States,1994,0.472
United States Virgin Islands,1994,0.739
Uruguay,1994,0.478
"Uzbekistan, Rep. of",1994,-0.053
Vanuatu,1994,-0.115
"Venezuela, Rep. Bolivariana de",1994,0.23
Vietnam,1994,0.358
Wallis and Futuna Islands,1994,-0.221
West Bank and Gaza,1994,0.79
Western Sahara,1994,0.696
World,1994,0.502
"Yemen, Rep. of",1994,
Zambia,1994,0.344
Zimbabwe,1994,0.069
"Afghanistan, Islamic Rep. of",1995,0.457
Africa,1995,0.549
Albania,1995,-0.137
Algeria,1995,0.687
American Samoa,1995,0.732
Americas,1995,0.711
"Andorra, Principality of",1995,1.267
Angola,1995,0.757
Anguilla,1995,0.775
Antarctica,1995,-0.242
Antigua and Barbuda,1995,0.775
Argentina,1995,0.203
"Armenia, Rep. of",1995,0.694
"Aruba, Kingdom of the Netherlands",1995,0.679
Asia,1995,0.645
Australia,1995,0.358
Austria,1995,0.949
"Azerbaijan, Rep. of",1995,1.004
"Bahamas, The",1995,0.734
"Bahrain, Kingdom of",1995,0.198
Bangladesh,1995,0.244
Barbados,1995,0.518
"Belarus, Rep. of",1995,1.488
Belgium,1995,
Belize,1995,0.893
Benin,1995,0.471
Bhutan,1995,0.382
Bolivia,1995,0.718
Bosnia and Herzegovina,1995,0.318
Botswana,1995,1.443
Brazil,1995,0.808
British Virgin Islands,1995,
Brunei Darussalam,1995,0.315
Bulgaria,1995,0.224
Burkina Faso,1995,0.43
Burundi,1995,
Cabo Verde,1995,1.587
Cambodia,1995,0.626
Cameroon,1995,0.264
Canada,1995,0.946
Cayman Islands,1995,1.435
Central African Rep.,1995,0.059
Chad,1995,0.117
Chile,1995,-0.142
"China, P.R.: Hong Kong",1995,0.031
"China, P.R.: Macao",1995,0.031
"China, P.R.: Mainland",1995,0.598
Colombia,1995,0.5
"Comoros, Union of the",1995,0.458
"Congo, Dem. Rep. of the",1995,0.414
"Congo, Rep. of",1995,0.489
Cook Islands,1995,0.534
Costa Rica,1995,0.946
Côte d'Ivoire,1995,0.757
"Croatia, Rep. of",1995,0.433
Cuba,1995,1.007
Cyprus,1995,0.116
Czech Rep.,1995,1.042
Denmark,1995,1.296
Djibouti,1995,0.462
Dominica,1995,0.775
Dominican Rep.,1995,0.714
Ecuador,1995,0.754
"Egypt, Arab Rep. of",1995,0.119
El Salvador,1995,0.657
"Equatorial Guinea, Rep. of",1995,0.931
"Eritrea, The State of",1995,
"Estonia, Rep. of",1995,1.743
"Eswatini, Kingdom of",1995,0.536
"Ethiopia, The Federal Dem. Rep. of",1995,0.617
Europe,1995,1.826
Falkland Islands (Malvinas),1995,
Faroe Islands,1995,-0.177
"Fiji, Rep. of",1995,0.215
Finland,1995,1.705
France,1995,1.315
French Polynesia,1995,0.637
Gabon,1995,0.6
"Gambia, The",1995,0.821
Georgia,1995,0.717
Germany,1995,1.309
Ghana,1995,0.785
Gibraltar,1995,1.321
Greece,1995,-0.022
Greenland,1995,-0.431
Grenada,1995,0.611
Guadeloupe,1995,0.775
Guatemala,1995,0.698
"Guiana, French",1995,0.947
Guinea,1995,0.531
Guinea-Bissau,1995,0.726
Guyana,1995,0.859
Haiti,1995,0.87
Holy See,1995,0.096
Honduras,1995,1.002
Hungary,1995,0.659
Iceland,1995,-0.427
India,1995,0.224
Indonesia,1995,0.372
"Iran, Islamic Rep. of",1995,0.699
Iraq,1995,0.364
Ireland,1995,1.175
Isle of Man,1995,1.152
Israel,1995,-0.15
Italy,1995,0.395
Jamaica,1995,0.897
Japan,1995,0.342
Jordan,1995,-0.044
"Kazakhstan, Rep. of",1995,2.039
Kenya,1995,0.361
Kiribati,1995,0.449
"Korea, Dem. People's Rep. of",1995,0.681
"Korea, Rep. of",1995,0.413
Kuwait,1995,0.16
Kyrgyz Rep.,1995,0.471
Lao People's Dem. Rep.,1995,0.635
Latvia,1995,1.621
Lebanon,1995,0.088
"Lesotho, Kingdom of",1995,0.675
Liberia,1995,0.628
Libya,1995,0.421
Liechtenstein,1995,0.929
Lithuania,1995,1.506
Luxembourg,1995,
"Madagascar, Rep. of",1995,0.236
Malawi,1995,0.78
Malaysia,1995,0.411
Maldives,1995,0.746
Mali,1995,0.625
Malta,1995,0.416
"Marshall Islands, Rep. of the",1995,-0.042
Martinique,1995,0.711
"Mauritania, Islamic Rep. of",1995,1.028
Mauritius,1995,0.275
Mayotte,1995,0.39
Mexico,1995,0.735
"Micronesia, Federated States of",1995,0.02
"Moldova, Rep. of",1995,0.54
Monaco,1995,0.694
Mongolia,1995,1.284
Montenegro,1995,
Montserrat,1995,0.775
Morocco,1995,1.29
"Mozambique, Rep. of",1995,0.497
Myanmar,1995,0.614
Namibia,1995,0.891
"Nauru, Rep. of",1995,
Nepal,1995,0.365
"Netherlands, The",1995,1.545
New Caledonia,1995,0.904
New Zealand,1995,0.129
Nicaragua,1995,1.066
Niger,1995,0.512
Nigeria,1995,0.385
Niue,1995,
Norfolk Island,1995,0.463
"North Macedonia, Republic of ",1995,-0.037
Norway,1995,0.947
Oceania,1995,0.371
Oman,1995,0.022
Pakistan,1995,0.018
"Palau, Rep. of",1995,0.249
Panama,1995,0.625
Papua New Guinea,1995,0.697
Paraguay,1995,0.609
Peru,1995,0.792
Philippines,1995,0.528
Pitcairn Islands,1995,-0.077
"Poland, Rep. of",1995,1.108
Portugal,1995,1.643
Puerto Rico,1995,0.797
Qatar,1995,0.032
Réunion,1995,0.266
Romania,1995,0.404
Russian Federation,1995,2.101
Rwanda,1995,
Saint Helena,1995,0.499
Saint Pierre and Miquelon,1995,-0.214
Samoa,1995,0.659
"San Marino, Rep. of",1995,0.309
"São Tomé and Príncipe, Dem. Rep. of",1995,0.858
Saudi Arabia,1995,0.131
Senegal,1995,0.912
"Serbia, Rep. of",1995,
Seychelles,1995,0.33
Sierra Leone,1995,0.441
Singapore,1995,0.439
Slovak Rep.,1995,0.691
"Slovenia, Rep. of",1995,0.812
Solomon Islands,1995,0.607
Somalia,1995,0.404
South Africa,1995,0.63
"South Sudan, Rep. of",1995,
Spain,1995,1.44
Sri Lanka,1995,0.72
St. Kitts and Nevis,1995,0.775
St. Lucia,1995,0.625
St. Vincent and the Grenadines,1995,0.609
Sudan,1995,
Suriname,1995,1.061
Svalbard Jan Mayen Islands,1995,0.472
Sweden,1995,1.267
Switzerland,1995,1.013
Syrian Arab Rep.,1995,0.192
Taiwan Province of China,1995,0.16
"Tajikistan, Rep. of",1995,0.332
"Tanzania, United Rep. of",1995,0.273
Thailand,1995,0.681
"Timor-Leste, Dem. Rep. of",1995,0.165
Togo,1995,0.578
Tokelau,1995,
Tonga,1995,0.447
Trinidad and Tobago,1995,0.655
Tunisia,1995,0.665
"Türkiye, Rep. of",1995,0.156
Turkmenistan,1995,1.362
Turks and Caicos Islands,1995,
Tuvalu,1995,0.396
Uganda,1995,0.451
Ukraine,1995,0.929
United Arab Emirates,1995,-0.093
United Kingdom,1995,1.114
United States,1995,0.638
United States Virgin Islands,1995,0.794
Uruguay,1995,0.309
"Uzbekistan, Rep. of",1995,1.369
Vanuatu,1995,0.304
"Venezuela, Rep. Bolivariana de",1995,0.643
Vietnam,1995,0.369
Wallis and Futuna Islands,1995,0.367
West Bank and Gaza,1995,-0.165
Western Sahara,1995,1.265
World,1995,0.83
"Yemen, Rep. of",1995,
Zambia,1995,0.719
Zimbabwe,1995,0.777
"Afghanistan, Islamic Rep. of",1996,-0.093
Africa,1996,0.515
Albania,1996,0.006
Algeria,1996,0.923
American Samoa,1996,0.787
Americas,1996,0.186
"Andorra, Principality of",1996,0.563
Angola,1996,0.383
Anguilla,1996,0.52
Antarctica,1996,0.806
Antigua and Barbuda,1996,0.52
Argentina,1996,0.457
"Armenia, Rep. of",1996,0.474
"Aruba, Kingdom of the Netherlands",1996,0.854
Asia,1996,0.2
Australia,1996,0.539
Austria,1996,-0.193
"Azerbaijan, Rep. of",1996,0.233
"Bahamas, The",1996,0.083
"Bahrain, Kingdom of",1996,0.637
Bangladesh,1996,0.22
Barbados,1996,0.433
"Belarus, Rep. of",1996,-0.287
Belgium,1996,
Belize,1996,0.359
Benin,1996,0.805
Bhutan,1996,0.175
Bolivia,1996,0.283
Bosnia and Herzegovina,1996,-0.008
Botswana,1996,-0.004
Brazil,1996,0.53
British Virgin Islands,1996,
Brunei Darussalam,1996,0.233
Bulgaria,1996,-0.355
Burkina Faso,1996,0.939
Burundi,1996,
Cabo Verde,1996,1.71
Cambodia,1996,0.289
Cameroon,1996,0.316
Canada,1996,-0.12
Cayman Islands,1996,0.855
Central African Rep.,1996,0.008
Chad,1996,0.525
Chile,1996,0.138
"China, P.R.: Hong Kong",1996,0.072
"China, P.R.: Macao",1996,0.072
"China, P.R.: Mainland",1996,0.232
Colombia,1996,0.13
"Comoros, Union of the",1996,-0.005
"Congo, Dem. Rep. of the",1996,-0.036
"Congo, Rep. of",1996,-0.034
Cook Islands,1996,0.435
Costa Rica,1996,0.257
Côte d'Ivoire,1996,0.824
"Croatia, Rep. of",1996,-0.023
Cuba,1996,0.491
Cyprus,1996,0.316
Czech Rep.,1996,-0.604
Denmark,1996,-0.758
Djibouti,1996,0.562
Dominica,1996,0.518
Dominican Rep.,1996,0.62
Ecuador,1996,0.053
"Egypt, Arab Rep. of",1996,0.331
El Salvador,1996,0.231
"Equatorial Guinea, Rep. of",1996,0.478
"Eritrea, The State of",1996,-0.031
"Estonia, Rep. of",1996,-0.364
"Eswatini, Kingdom of",1996,-0.12
"Ethiopia, The Federal Dem. Rep. of",1996,0.583
Europe,1996,0.565
Falkland Islands (Malvinas),1996,
Faroe Islands,1996,0.323
"Fiji, Rep. of",1996,0.269
Finland,1996,0.142
France,1996,0.179
French Polynesia,1996,0.21
Gabon,1996,0.116
"Gambia, The",1996,1.144
Georgia,1996,0.158
Germany,1996,-0.697
Ghana,1996,0.741
Gibraltar,1996,0.74
Greece,1996,-0.142
Greenland,1996,0.618
Grenada,1996,0.334
Guadeloupe,1996,0.519
Guatemala,1996,0.198
"Guiana, French",1996,0.667
Guinea,1996,0.83
Guinea-Bissau,1996,0.953
Guyana,1996,0.437
Haiti,1996,0.492
Holy See,1996,0.288
Honduras,1996,0.223
Hungary,1996,-0.312
Iceland,1996,0.434
India,1996,0.319
Indonesia,1996,0.4
"Iran, Islamic Rep. of",1996,0.245
Iraq,1996,0.807
Ireland,1996,-0.03
Isle of Man,1996,-0.126
Israel,1996,0.347
Italy,1996,0.218
Jamaica,1996,0.376
Japan,1996,-0.132
Jordan,1996,0.493
"Kazakhstan, Rep. of",1996,-0.402
Kenya,1996,0.363
Kiribati,1996,0.322
"Korea, Dem. People's Rep. of",1996,0.259
"Korea, Rep. of",1996,-0.026
Kuwait,1996,0.868
Kyrgyz Rep.,1996,-0.417
Lao People's Dem. Rep.,1996,0.148
Latvia,1996,-0.418
Lebanon,1996,0.444
"Lesotho, Kingdom of",1996,-0.269
Liberia,1996,0.563
Libya,1996,0.653
Liechtenstein,1996,-0.006
Lithuania,1996,-0.528
Luxembourg,1996,
"Madagascar, Rep. of",1996,0.053
Malawi,1996,0.55
Malaysia,1996,0.341
Maldives,1996,0.465
Mali,1996,1.199
Malta,1996,0.593
"Marshall Islands, Rep. of the",1996,0.051
Martinique,1996,0.509
"Mauritania, Islamic Rep. of",1996,1.417
Mauritius,1996,0.002
Mayotte,1996,0.027
Mexico,1996,0.48
"Micronesia, Federated States of",1996,0.033
"Moldova, Rep. of",1996,-0.745
Monaco,1996,0.211
Mongolia,1996,0.43
Montenegro,1996,
Montserrat,1996,0.52
Morocco,1996,1.05
"Mozambique, Rep. of",1996,0.053
Myanmar,1996,0.405
Namibia,1996,0.096
"Nauru, Rep. of",1996,
Nepal,1996,0.272
"Netherlands, The",1996,-0.775
New Caledonia,1996,1.104
New Zealand,1996,0.27
Nicaragua,1996,0.257
Niger,1996,1.143
Nigeria,1996,0.754
Niue,1996,
Norfolk Island,1996,0.818
"North Macedonia, Republic of ",1996,-0.107
Norway,1996,-0.055
Oceania,1996,0.538
Oman,1996,-0.093
Pakistan,1996,-0.037
"Palau, Rep. of",1996,0.313
Panama,1996,0.345
Papua New Guinea,1996,0.674
Paraguay,1996,0.155
Peru,1996,0.15
Philippines,1996,0.432
Pitcairn Islands,1996,-0.29
"Poland, Rep. of",1996,-0.793
Portugal,1996,0.734
Puerto Rico,1996,0.474
Qatar,1996,0.465
Réunion,1996,0.11
Romania,1996,-0.425
Russian Federation,1996,0.805
Rwanda,1996,
Saint Helena,1996,0.294
Saint Pierre and Miquelon,1996,0.173
Samoa,1996,0.721
"San Marino, Rep. of",1996,0.232
"São Tomé and Príncipe, Dem. Rep. of",1996,
Saudi Arabia,1996,0.515
Senegal,1996,1.217
"Serbia, Rep. of",1996,
Seychelles,1996,0.008
Sierra Leone,1996,0.514
Singapore,1996,0.201
Slovak Rep.,1996,-0.419
"Slovenia, Rep. of",1996,-0.103
Solomon Islands,1996,0.378
Somalia,1996,0.56
South Africa,1996,-0.143
"South Sudan, Rep. of",1996,
Spain,1996,0.713
Sri Lanka,1996,0.541
St. Kitts and Nevis,1996,0.52
St. Lucia,1996,0.427
St. Vincent and the Grenadines,1996,0.33
Sudan,1996,
Suriname,1996,0.55
Svalbard Jan Mayen Islands,1996,1.185
Sweden,1996,-0.156
Switzerland,1996,0.042
Syrian Arab Rep.,1996,0.494
Taiwan Province of China,1996,-0.016
"Tajikistan, Rep. of",1996,-0.529
"Tanzania, United Rep. of",1996,0.139
Thailand,1996,0.228
"Timor-Leste, Dem. Rep. of",1996,0.206
Togo,1996,0.706
Tokelau,1996,
Tonga,1996,0.272
Trinidad and Tobago,1996,0.407
Tunisia,1996,0.64
"Türkiye, Rep. of",1996,0.289
Turkmenistan,1996,-0.075
Turks and Caicos Islands,1996,
Tuvalu,1996,0.362
Uganda,1996,0.295
Ukraine,1996,-0.434
United Arab Emirates,1996,0.403
United Kingdom,1996,-0.146
United States,1996,-0.005
United States Virgin Islands,1996,0.461
Uruguay,1996,0.477
"Uzbekistan, Rep. of",1996,-0.469
Vanuatu,1996,0.35
"Venezuela, Rep. Bolivariana de",1996,0.455
Vietnam,1996,0.014
Wallis and Futuna Islands,1996,0.292
West Bank and Gaza,1996,0.342
Western Sahara,1996,1.29
World,1996,0.352
"Yemen, Rep. of",1996,
Zambia,1996,0.729
Zimbabwe,1996,-0.242
"Afghanistan, Islamic Rep. of",1997,0.46
Africa,1997,0.581
Albania,1997,0.111
Algeria,1997,1.113
American Samoa,1997,
Americas,1997,0.567
"Andorra, Principality of",1997,1.761
Angola,1997,0.235
Anguilla,1997,0.734
Antarctica,1997,-0.513
Antigua and Barbuda,1997,0.734
Argentina,1997,0.699
"Armenia, Rep. of",1997,0.725
"Aruba, Kingdom of the Netherlands",1997,0.611
Asia,1997,0.629
Australia,1997,0.321
Austria,1997,0.524
"Azerbaijan, Rep. of",1997,0.577
"Bahamas, The",1997,0.843
"Bahrain, Kingdom of",1997,0.314
Bangladesh,1997,-0.051
Barbados,1997,0.342
"Belarus, Rep. of",1997,0.347
Belgium,1997,
Belize,1997,1.016
Benin,1997,0.612
Bhutan,1997,-0.401
Bolivia,1997,0.863
Bosnia and Herzegovina,1997,0.145
Botswana,1997,0.242
Brazil,1997,0.738
British Virgin Islands,1997,
Brunei Darussalam,1997,0.486
Bulgaria,1997,-0.33
Burkina Faso,1997,0.649
Burundi,1997,
Cabo Verde,1997,1.766
Cambodia,1997,0.335
Cameroon,1997,0.504
Canada,1997,0.433
Cayman Islands,1997,1.406
Central African Rep.,1997,0.358
Chad,1997,0.495
Chile,1997,0.609
"China, P.R.: Hong Kong",1997,0.328
"China, P.R.: Macao",1997,0.328
"China, P.R.: Mainland",1997,0.758
Colombia,1997,0.553
"Comoros, Union of the",1997,0.345
"Congo, Dem. Rep. of the",1997,0.69
"Congo, Rep. of",1997,
Cook Islands,1997,0.24
Costa Rica,1997,1.056
Côte d'Ivoire,1997,0.753
"Croatia, Rep. of",1997,0.314
Cuba,1997,0.921
Cyprus,1997,0.069
Czech Rep.,1997,0.14
Denmark,1997,0.645
Djibouti,1997,0.439
Dominica,1997,0.731
Dominican Rep.,1997,0.836
Ecuador,1997,1.302
"Egypt, Arab Rep. of",1997,-0.042
El Salvador,1997,0.925
"Equatorial Guinea, Rep. of",1997,
"Eritrea, The State of",1997,0.167
"Estonia, Rep. of",1997,0.917
"Eswatini, Kingdom of",1997,0.168
"Ethiopia, The Federal Dem. Rep. of",1997,0.515
Europe,1997,1.09
Falkland Islands (Malvinas),1997,
Faroe Islands,1997,0.867
"Fiji, Rep. of",1997,0.008
Finland,1997,0.788
France,1997,1.229
French Polynesia,1997,0.365
Gabon,1997,0.384
"Gambia, The",1997,1.36
Georgia,1997,0.309
Germany,1997,0.561
Ghana,1997,0.583
Gibraltar,1997,1.455
Greece,1997,-0.172
Greenland,1997,0.418
Grenada,1997,0.488
Guadeloupe,1997,0.732
Guatemala,1997,0.787
"Guiana, French",1997,0.78
Guinea,1997,0.771
Guinea-Bissau,1997,1.155
Guyana,1997,0.9
Haiti,1997,1.052
Holy See,1997,0.784
Honduras,1997,0.961
Hungary,1997,-0.116
Iceland,1997,0.346
India,1997,-0.092
Indonesia,1997,0.405
"Iran, Islamic Rep. of",1997,0.662
Iraq,1997,0.291
Ireland,1997,0.95
Isle of Man,1997,0.908
Israel,1997,-0.115
Italy,1997,0.917
Jamaica,1997,0.863
Japan,1997,0.449
Jordan,1997,-0.167
"Kazakhstan, Rep. of",1997,1.89
Kenya,1997,0.399
Kiribati,1997,0.119
"Korea, Dem. People's Rep. of",1997,0.968
"Korea, Rep. of",1997,0.728
Kuwait,1997,0.475
Kyrgyz Rep.,1997,1.426
Lao People's Dem. Rep.,1997,0.335
Latvia,1997,0.761
Lebanon,1997,-0.057
"Lesotho, Kingdom of",1997,0.192
Liberia,1997,1.002
Libya,1997,0.543
Liechtenstein,1997,0.969
Lithuania,1997,0.515
Luxembourg,1997,
"Madagascar, Rep. of",1997,0.554
Malawi,1997,0.656
Malaysia,1997,0.538
Maldives,1997,0.618
Mali,1997,0.901
Malta,1997,1.007
"Marshall Islands, Rep. of the",1997,-0.032
Martinique,1997,0.655
"Mauritania, Islamic Rep. of",1997,1.161
Mauritius,1997,0.547
Mayotte,1997,0.427
Mexico,1997,0.404
"Micronesia, Federated States of",1997,0.034
"Moldova, Rep. of",1997,-0.518
Monaco,1997,1.316
Mongolia,1997,1.966
Montenegro,1997,
Montserrat,1997,0.734
Morocco,1997,1.375
"Mozambique, Rep. of",1997,0.198
Myanmar,1997,0.224
Namibia,1997,-0.025
"Nauru, Rep. of",1997,
Nepal,1997,-0.357
"Netherlands, The",1997,0.616
New Caledonia,1997,0.416
New Zealand,1997,-0.104
Nicaragua,1997,0.953
Niger,1997,0.787
Nigeria,1997,0.697
Niue,1997,
Norfolk Island,1997,
"North Macedonia, Republic of ",1997,-0.1
Norway,1997,0.768
Oceania,1997,0.303
Oman,1997,-0.195
Pakistan,1997,-0.285
"Palau, Rep. of",1997,0.305
Panama,1997,0.703
Papua New Guinea,1997,0.247
Paraguay,1997,0.924
Peru,1997,0.869
Philippines,1997,0.505
Pitcairn Islands,1997,-0.309
"Poland, Rep. of",1997,0.009
Portugal,1997,1.581
Puerto Rico,1997,0.599
Qatar,1997,0.033
Réunion,1997,0.231
Romania,1997,-0.423
Russian Federation,1997,1.273
Rwanda,1997,
Saint Helena,1997,0.73
Saint Pierre and Miquelon,1997,-0.319
Samoa,1997,
"San Marino, Rep. of",1997,0.945
"São Tomé and Príncipe, Dem. Rep. of",1997,
Saudi Arabia,1997,-0.051
Senegal,1997,1.371
"Serbia, Rep. of",1997,
Seychelles,1997,0.494
Sierra Leone,1997,0.679
Singapore,1997,0.655
Slovak Rep.,1997,-0.249
"Slovenia, Rep. of",1997,0.48
Solomon Islands,1997,0.285
Somalia,1997,0.352
South Africa,1997,0.244
"South Sudan, Rep. of",1997,
Spain,1997,1.528
Sri Lanka,1997,0.695
St. Kitts and Nevis,1997,0.734
St. Lucia,1997,0.522
St. Vincent and the Grenadines,1997,0.482
Sudan,1997,
Suriname,1997,0.771
Svalbard Jan Mayen Islands,1997,-0.322
Sweden,1997,0.989
Switzerland,1997,1.076
Syrian Arab Rep.,1997,-0.085
Taiwan Province of China,1997,0.109
"Tajikistan, Rep. of",1997,1.101
"Tanzania, United Rep. of",1997,0.514
Thailand,1997,0.388
"Timor-Leste, Dem. Rep. of",1997,-0.063
Togo,1997,0.578
Tokelau,1997,
Tonga,1997,0.131
Trinidad and Tobago,1997,0.587
Tunisia,1997,1.265
"Türkiye, Rep. of",1997,0.017
Turkmenistan,1997,1.344
Turks and Caicos Islands,1997,
Tuvalu,1997,0.41
Uganda,1997,0.567
Ukraine,1997,-0.356
United Arab Emirates,1997,-0.217
United Kingdom,1997,0.877
United States,1997,0.389
United States Virgin Islands,1997,0.578
Uruguay,1997,1.11
"Uzbekistan, Rep. of",1997,1.52
Vanuatu,1997,0.075
"Venezuela, Rep. Bolivariana de",1997,0.603
Vietnam,1997,0.318
Wallis and Futuna Islands,1997,0.059
West Bank and Gaza,1997,-0.12
Western Sahara,1997,1.442
World,1997,0.658
"Yemen, Rep. of",1997,-0.177
Zambia,1997,0.488
Zimbabwe,1997,0.167
"Afghanistan, Islamic Rep. of",1998,0.664
Africa,1998,0.949
Albania,1998,0.821
Algeria,1998,1.156
American Samoa,1998,
Americas,1998,1.417
"Andorra, Principality of",1998,0.999
Angola,1998,1.129
Anguilla,1998,1.248
Antarctica,1998,-0.398
Antigua and Barbuda,1998,1.248
Argentina,1998,0.284
"Armenia, Rep. of",1998,1.349
"Aruba, Kingdom of the Netherlands",1998,1.28
Asia,1998,1.067
Australia,1998,1.028
Austria,1998,1.354
"Azerbaijan, Rep. of",1998,1.177
"Bahamas, The",1998,0.989
"Bahrain, Kingdom of",1998,1.368
Bangladesh,1998,0.628
Barbados,1998,1.148
"Belarus, Rep. of",1998,0.694
Belgium,1998,
Belize,1998,1.042
Benin,1998,1.109
Bhutan,1998,0.721
Bolivia,1998,0.907
Bosnia and Herzegovina,1998,1.101
Botswana,1998,1.189
Brazil,1998,1.267
British Virgin Islands,1998,
Brunei Darussalam,1998,1.124
Bulgaria,1998,0.78
Burkina Faso,1998,1.022
Burundi,1998,0.652
Cabo Verde,1998,1.892
Cambodia,1998,1.275
Cameroon,1998,1.217
Canada,1998,2.484
Cayman Islands,1998,1.34
Central African Rep.,1998,1.153
Chad,1998,0.859
Chile,1998,0.603
"China, P.R.: Hong Kong",1998,0.997
"China, P.R.: Macao",1998,0.997
"China, P.R.: Mainland",1998,1.29
Colombia,1998,0.936
"Comoros, Union of the",1998,0.93
"Congo, Dem. Rep. of the",1998,0.944
"Congo, Rep. of",1998,1.071
Cook Islands,1998,
Costa Rica,1998,1.3
Côte d'Ivoire,1998,1.352
"Croatia, Rep. of",1998,1.161
Cuba,1998,1.105
Cyprus,1998,1.019
Czech Rep.,1998,1.257
Denmark,1998,0.861
Djibouti,1998,0.773
Dominica,1998,1.245
Dominican Rep.,1998,1.23
Ecuador,1998,1.275
"Egypt, Arab Rep. of",1998,0.677
El Salvador,1998,1.001
"Equatorial Guinea, Rep. of",1998,1.005
"Eritrea, The State of",1998,0.309
"Estonia, Rep. of",1998,0.524
"Eswatini, Kingdom of",1998,0.879
"Ethiopia, The Federal Dem. Rep. of",1998,0.701
Europe,1998,0.176
Falkland Islands (Malvinas),1998,
Faroe Islands,1998,0.65
"Fiji, Rep. of",1998,0.633
Finland,1998,0.078
France,1998,0.938
French Polynesia,1998,0.684
Gabon,1998,1.116
"Gambia, The",1998,1.601
Georgia,1998,1.248
Germany,1998,1.155
Ghana,1998,1.242
Gibraltar,1998,1.095
Greece,1998,0.659
Greenland,1998,1.242
Grenada,1998,1.164
Guadeloupe,1998,1.246
Guatemala,1998,0.967
"Guiana, French",1998,1.498
Guinea,1998,1.16
Guinea-Bissau,1998,1.578
Guyana,1998,1.311
Haiti,1998,1.104
Holy See,1998,0.883
Honduras,1998,1.194
Hungary,1998,1.113
Iceland,1998,0.148
India,1998,0.588
Indonesia,1998,0.992
"Iran, Islamic Rep. of",1998,1.183
Iraq,1998,1.267
Ireland,1998,0.91
Isle of Man,1998,0.912
Israel,1998,0.893
Italy,1998,0.933
Jamaica,1998,1.294
Japan,1998,1.194
Jordan,1998,1.034
"Kazakhstan, Rep. of",1998,0.491
Kenya,1998,0.228
Kiribati,1998,0.533
"Korea, Dem. People's Rep. of",1998,1.75
"Korea, Rep. of",1998,1.482
Kuwait,1998,1.291
Kyrgyz Rep.,1998,0.791
Lao People's Dem. Rep.,1998,1.421
Latvia,1998,0.647
Lebanon,1998,1.04
"Lesotho, Kingdom of",1998,0.889
Liberia,1998,1.329
Libya,1998,0.769
Liechtenstein,1998,1.23
Lithuania,1998,0.728
Luxembourg,1998,
"Madagascar, Rep. of",1998,0.744
Malawi,1998,1.003
Malaysia,1998,1.122
Maldives,1998,0.999
Mali,1998,1.214
Malta,1998,0.831
"Marshall Islands, Rep. of the",1998,-0.051
Martinique,1998,1.231
"Mauritania, Islamic Rep. of",1998,1.608
Mauritius,1998,0.79
Mayotte,1998,0.911
Mexico,1998,0.645
"Micronesia, Federated States of",1998,0.287
"Moldova, Rep. of",1998,0.722
Monaco,1998,0.937
Mongolia,1998,2.151
Montenegro,1998,
Montserrat,1998,1.248
Morocco,1998,1.634
"Mozambique, Rep. of",1998,0.887
Myanmar,1998,1.163
Namibia,1998,1.204
"Nauru, Rep. of",1998,
Nepal,1998,0.365
"Netherlands, The",1998,1.072
New Caledonia,1998,1.893
New Zealand,1998,1.002
Nicaragua,1998,1.27
Niger,1998,0.774
Nigeria,1998,1.079
Niue,1998,
Norfolk Island,1998,
"North Macedonia, Republic of ",1998,0.776
Norway,1998,0.39
Oceania,1998,1.03
Oman,1998,0.778
Pakistan,1998,0.53
"Palau, Rep. of",1998,0.573
Panama,1998,1.045
Papua New Guinea,1998,1.105
Paraguay,1998,0.267
Peru,1998,1.302
Philippines,1998,1.331
Pitcairn Islands,1998,-0.501
"Poland, Rep. of",1998,0.945
Portugal,1998,1.176
Puerto Rico,1998,1.269
Qatar,1998,1.142
Réunion,1998,0.982
Romania,1998,0.783
Russian Federation,1998,-0.045
Rwanda,1998,0.652
Saint Helena,1998,1.148
Saint Pierre and Miquelon,1998,0.791
Samoa,1998,
"San Marino, Rep. of",1998,1.091
"São Tomé and Príncipe, Dem. Rep. of",1998,1.234
Saudi Arabia,1998,0.99
Senegal,1998,1.57
"Serbia, Rep. of",1998,
Seychelles,1998,0.858
Sierra Leone,1998,0.881
Singapore,1998,0.872
Slovak Rep.,1998,1.028
"Slovenia, Rep. of",1998,1.379
Solomon Islands,1998,0.669
Somalia,1998,0.58
South Africa,1998,0.842
"South Sudan, Rep. of",1998,
Spain,1998,1.174
Sri Lanka,1998,1.31
St. Kitts and Nevis,1998,1.248
St. Lucia,1998,1.19
St. Vincent and the Grenadines,1998,1.165
Sudan,1998,
Suriname,1998,1.373
Svalbard Jan Mayen Islands,1998,0.174
Sweden,1998,0.567
Switzerland,1998,1.122
Syrian Arab Rep.,1998,1.185
Taiwan Province of China,1998,1.17
"Tajikistan, Rep. of",1998,0.554
"Tanzania, United Rep. of",1998,0.399
Thailand,1998,1.424
"Timor-Leste, Dem. Rep. of",1998,0.825
Togo,1998,1.164
Tokelau,1998,
Tonga,1998,0.136
Trinidad and Tobago,1998,1.125
Tunisia,1998,1.007
"Türkiye, Rep. of",1998,1.016
Turkmenistan,1998,0.95
Turks and Caicos Islands,1998,
Tuvalu,1998,0.192
Uganda,1998,0.465
Ukraine,1998,0.712
United Arab Emirates,1998,1.078
United Kingdom,1998,0.855
United States,1998,1.274
United States Virgin Islands,1998,1.255
Uruguay,1998,0.116
"Uzbekistan, Rep. of",1998,0.475
Vanuatu,1998,0.756
"Venezuela, Rep. Bolivariana de",1998,1.056
Vietnam,1998,1.307
Wallis and Futuna Islands,1998,0.359
West Bank and Gaza,1998,0.893
Western Sahara,1998,1.344
World,1998,0.99
"Yemen, Rep. of",1998,
Zambia,1998,1.026
Zimbabwe,1998,0.995
"Afghanistan, Islamic Rep. of",1999,1.271
Africa,1999,0.622
Albania,1999,0.724
Algeria,1999,1.502
American Samoa,1999,0.24
Americas,1999,0.797
"Andorra, Principality of",1999,1.037
Angola,1999,0.392
Anguilla,1999,0.66
Antarctica,1999,-0.551
Antigua and Barbuda,1999,0.66
Argentina,1999,0.098
"Armenia, Rep. of",1999,1.556
"Aruba, Kingdom of the Netherlands",1999,0.383
Asia,1999,1.116
Australia,1999,0.516
Austria,1999,0.992
"Azerbaijan, Rep. of",1999,1.224
"Bahamas, The",1999,0.684
"Bahrain, Kingdom of",1999,2.002
Bangladesh,1999,0.896
Barbados,1999,0.525
"Belarus, Rep. of",1999,1.493
Belgium,1999,
Belize,1999,0.392
Benin,1999,0.666
Bhutan,1999,0.917
Bolivia,1999,0.305
Bosnia and Herzegovina,1999,0.655
Botswana,1999,0.876
Brazil,1999,0.566
British Virgin Islands,1999,
Brunei Darussalam,1999,0.35
Bulgaria,1999,0.687
Burkina Faso,1999,0.559
Burundi,1999,
Cabo Verde,1999,0.907
Cambodia,1999,0.343
Cameroon,1999,0.613
Canada,1999,1.707
Cayman Islands,1999,0.867
Central African Rep.,1999,0.396
Chad,1999,0.552
Chile,1999,0.118
"China, P.R.: Hong Kong",1999,1.02
"China, P.R.: Macao",1999,1.02
"China, P.R.: Mainland",1999,1.256
Colombia,1999,-0.012
"Comoros, Union of the",1999,0.358
"Congo, Dem. Rep. of the",1999,0.362
"Congo, Rep. of",1999,0.576
Cook Islands,1999,0.922
Costa Rica,1999,0.001
Côte d'Ivoire,1999,0.571
"Croatia, Rep. of",1999,0.709
Cuba,1999,0.698
Cyprus,1999,1.138
Czech Rep.,1999,1.11
Denmark,1999,1.325
Djibouti,1999,0.259
Dominica,1999,0.657
Dominican Rep.,1999,0.889
Ecuador,1999,0.231
"Egypt, Arab Rep. of",1999,0.764
El Salvador,1999,0.446
"Equatorial Guinea, Rep. of",1999,0.526
"Eritrea, The State of",1999,0.652
"Estonia, Rep. of",1999,1.506
"Eswatini, Kingdom of",1999,0.377
"Ethiopia, The Federal Dem. Rep. of",1999,0.249
Europe,1999,0.575
Falkland Islands (Malvinas),1999,
Faroe Islands,1999,0.552
"Fiji, Rep. of",1999,0.404
Finland,1999,1.167
France,1999,1.197
French Polynesia,1999,0.5
Gabon,1999,0.563
"Gambia, The",1999,0.807
Georgia,1999,1.223
Germany,1999,1.368
Ghana,1999,0.636
Gibraltar,1999,0.681
Greece,1999,0.832
Greenland,1999,0.411
Grenada,1999,0.554
Guadeloupe,1999,0.658
Guatemala,1999,0.659
"Guiana, French",1999,0.77
Guinea,1999,0.493
Guinea-Bissau,1999,0.766
Guyana,1999,0.339
Haiti,1999,1.155
Holy See,1999,0.74
Honduras,1999,0.471
Hungary,1999,0.634
Iceland,1999,0.383
India,1999,0.467
Indonesia,1999,0.26
"Iran, Islamic Rep. of",1999,1.687
Iraq,1999,1.897
Ireland,1999,1.049
Isle of Man,1999,1.095
Israel,1999,0.895
Italy,1999,0.88
Jamaica,1999,0.658
Japan,1999,0.944
Jordan,1999,1.045
"Kazakhstan, Rep. of",1999,1.372
Kenya,1999,0.215
Kiribati,1999,-0.093
"Korea, Dem. People's Rep. of",1999,1.354
"Korea, Rep. of",1999,1.063
Kuwait,1999,2.012
Kyrgyz Rep.,1999,1.064
Lao People's Dem. Rep.,1999,0.649
Latvia,1999,1.547
Lebanon,1999,1.135
"Lesotho, Kingdom of",1999,1.202
Liberia,1999,0.787
Libya,1999,1.219
Liechtenstein,1999,0.992
Lithuania,1999,1.471
Luxembourg,1999,
"Madagascar, Rep. of",1999,0.368
Malawi,1999,0.216
Malaysia,1999,0.335
Maldives,1999,0.379
Mali,1999,0.357
Malta,1999,1.251
"Marshall Islands, Rep. of the",1999,-0.329
Martinique,1999,0.637
"Mauritania, Islamic Rep. of",1999,0.387
Mauritius,1999,0.146
Mayotte,1999,0.338
Mexico,1999,0.553
"Micronesia, Federated States of",1999,-0.173
"Moldova, Rep. of",1999,0.832
Monaco,1999,0.93
Mongolia,1999,1.797
Montenegro,1999,
Montserrat,1999,0.66
Morocco,1999,1.06
"Mozambique, Rep. of",1999,0.247
Myanmar,1999,0.864
Namibia,1999,0.773
"Nauru, Rep. of",1999,
Nepal,1999,0.662
"Netherlands, The",1999,1.579
New Caledonia,1999,1.117
New Zealand,1999,1.038
Nicaragua,1999,0.326
Niger,1999,0.614
Nigeria,1999,0.805
Niue,1999,
Norfolk Island,1999,
"North Macedonia, Republic of ",1999,0.623
Norway,1999,1.264
Oceania,1999,0.53
Oman,1999,0.614
Pakistan,1999,0.961
"Palau, Rep. of",1999,0.391
Panama,1999,-0.033
Papua New Guinea,1999,0.468
Paraguay,1999,0.149
Peru,1999,0.276
Philippines,1999,0.558
Pitcairn Islands,1999,
"Poland, Rep. of",1999,1.196
Portugal,1999,0.559
Puerto Rico,1999,0.639
Qatar,1999,1.706
Réunion,1999,0.366
Romania,1999,0.614
Russian Federation,1999,0.401
Rwanda,1999,
Saint Helena,1999,1.293
Saint Pierre and Miquelon,1999,1.715
Samoa,1999,0.176
"San Marino, Rep. of",1999,0.819
"São Tomé and Príncipe, Dem. Rep. of",1999,0.952
Saudi Arabia,1999,1.454
Senegal,1999,0.582
"Serbia, Rep. of",1999,
Seychelles,1999,0.164
Sierra Leone,1999,0.45
Singapore,1999,0.247
Slovak Rep.,1999,0.775
"Slovenia, Rep. of",1999,0.882
Solomon Islands,1999,0.27
Somalia,1999,0.358
South Africa,1999,1.103
"South Sudan, Rep. of",1999,
Spain,1999,0.791
Sri Lanka,1999,0.483
St. Kitts and Nevis,1999,0.66
St. Lucia,1999,0.582
St. Vincent and the Grenadines,1999,0.551
Sudan,1999,
Suriname,1999,0.586
Svalbard Jan Mayen Islands,1999,2.067
Sweden,1999,1.369
Switzerland,1999,0.986
Syrian Arab Rep.,1999,1.316
Taiwan Province of China,1999,0.705
"Tajikistan, Rep. of",1999,0.996
"Tanzania, United Rep. of",1999,-0.331
Thailand,1999,0.409
"Timor-Leste, Dem. Rep. of",1999,-0.038
Togo,1999,0.598
Tokelau,1999,
Tonga,1999,0.054
Trinidad and Tobago,1999,0.622
Tunisia,1999,1.767
"Türkiye, Rep. of",1999,1.251
Turkmenistan,1999,1.284
Turks and Caicos Islands,1999,
Tuvalu,1999,0.39
Uganda,1999,0.084
Ukraine,1999,1.139
United Arab Emirates,1999,1.408
United Kingdom,1999,1.126
United States,1999,0.756
United States Virgin Islands,1999,0.63
Uruguay,1999,0.079
"Uzbekistan, Rep. of",1999,1.284
Vanuatu,1999,0.892
"Venezuela, Rep. Bolivariana de",1999,0.266
Vietnam,1999,0.737
Wallis and Futuna Islands,1999,0.21
West Bank and Gaza,1999,0.899
Western Sahara,1999,0.854
World,1999,0.777
"Yemen, Rep. of",1999,
Zambia,1999,0.227
Zimbabwe,1999,0.255
"Afghanistan, Islamic Rep. of",2000,1.064
Africa,2000,0.458
Albania,2000,1.084
Algeria,2000,0.862
American Samoa,2000,0.604
Americas,2000,0.725
"Andorra, Principality of",2000,1.036
Angola,2000,0.205
Anguilla,2000,0.499
Antarctica,2000,-0.793
Antigua and Barbuda,2000,0.499
Argentina,2000,-0.249
"Armenia, Rep. of",2000,1.1
"Aruba, Kingdom of the Netherlands",2000,0.097
Asia,2000,0.709
Australia,2000,0.084
Austria,2000,1.774
"Azerbaijan, Rep. of",2000,1.088
"Bahamas, The",2000,0.269
"Bahrain, Kingdom of",2000,1.155
Bangladesh,2000,0.365
Barbados,2000,0.358
"Belarus, Rep. of",2000,1.929
Belgium,2000,1.482
Belize,2000,0.105
Benin,2000,0.494
Bhutan,2000,0.084
Bolivia,2000,0.353
Bosnia and Herzegovina,2000,1.57
Botswana,2000,-0.374
Brazil,2000,0.538
British Virgin Islands,2000,
Brunei Darussalam,2000,0.286
Bulgaria,2000,1.171
Burkina Faso,2000,0.541
Burundi,2000,
Cabo Verde,2000,1.151
Cambodia,2000,0.186
Cameroon,2000,0.387
Canada,2000,1.303
Cayman Islands,2000,
Central African Rep.,2000,0.597
Chad,2000,0.396
Chile,2000,-0.379
"China, P.R.: Hong Kong",2000,0.355
"China, P.R.: Macao",2000,0.355
"China, P.R.: Mainland",2000,0.599
Colombia,2000,0.0
"Comoros, Union of the",2000,0.132
"Congo, Dem. Rep. of the",2000,0.443
"Congo, Rep. of",2000,0.362
Cook Islands,2000,0.585
Costa Rica,2000,0.176
Côte d'Ivoire,2000,0.534
"Croatia, Rep. of",2000,1.636
Cuba,2000,0.456
Cyprus,2000,0.683
Czech Rep.,2000,1.907
Denmark,2000,1.707
Djibouti,2000,0.699
Dominica,2000,0.496
Dominican Rep.,2000,0.548
Ecuador,2000,0.285
"Egypt, Arab Rep. of",2000,-0.015
El Salvador,2000,0.427
"Equatorial Guinea, Rep. of",2000,0.362
"Eritrea, The State of",2000,0.402
"Estonia, Rep. of",2000,2.046
"Eswatini, Kingdom of",2000,-0.231
"Ethiopia, The Federal Dem. Rep. of",2000,0.51
Europe,2000,1.325
Falkland Islands (Malvinas),2000,
Faroe Islands,2000,0.258
"Fiji, Rep. of",2000,0.547
Finland,2000,2.031
France,2000,1.173
French Polynesia,2000,0.372
Gabon,2000,0.299
"Gambia, The",2000,0.995
Georgia,2000,0.956
Germany,2000,1.765
Ghana,2000,0.502
Gibraltar,2000,0.799
Greece,2000,0.704
Greenland,2000,0.9
Grenada,2000,0.522
Guadeloupe,2000,0.498
Guatemala,2000,0.416
"Guiana, French",2000,0.652
Guinea,2000,0.673
Guinea-Bissau,2000,1.009
Guyana,2000,0.536
Haiti,2000,0.782
Holy See,2000,1.153
Honduras,2000,0.219
Hungary,2000,1.768
Iceland,2000,0.188
India,2000,0.356
Indonesia,2000,0.265
"Iran, Islamic Rep. of",2000,1.243
Iraq,2000,0.986
Ireland,2000,0.548
Isle of Man,2000,0.617
Israel,2000,0.301
Italy,2000,1.202
Jamaica,2000,0.353
Japan,2000,0.624
Jordan,2000,0.386
"Kazakhstan, Rep. of",2000,1.498
Kenya,2000,0.48
Kiribati,2000,0.173
"Korea, Dem. People's Rep. of",2000,0.569
"Korea, Rep. of",2000,0.446
Kuwait,2000,1.235
Kyrgyz Rep.,2000,1.074
Lao People's Dem. Rep.,2000,0.022
Latvia,2000,2.008
Lebanon,2000,0.587
"Lesotho, Kingdom of",2000,0.308
Liberia,2000,0.571
Libya,2000,0.257
Liechtenstein,2000,1.476
Lithuania,2000,2.01
Luxembourg,2000,1.644
"Madagascar, Rep. of",2000,0.421
Malawi,2000,0.769
Malaysia,2000,0.306
Maldives,2000,0.341
Mali,2000,0.659
Malta,2000,1.034
"Marshall Islands, Rep. of the",2000,-0.214
Martinique,2000,0.476
"Mauritania, Islamic Rep. of",2000,1.023
Mauritius,2000,0.118
Mayotte,2000,0.106
Mexico,2000,0.542
"Micronesia, Federated States of",2000,-0.055
"Moldova, Rep. of",2000,1.396
Monaco,2000,1.123
Mongolia,2000,1.013
Montenegro,2000,
Montserrat,2000,0.499
Morocco,2000,1.045
"Mozambique, Rep. of",2000,0.361
Myanmar,2000,0.193
Namibia,2000,-0.105
"Nauru, Rep. of",2000,
Nepal,2000,0.109
"Netherlands, The",2000,1.601
New Caledonia,2000,0.621
New Zealand,2000,0.293
Nicaragua,2000,0.258
Niger,2000,0.798
Nigeria,2000,0.602
Niue,2000,
Norfolk Island,2000,0.219
"North Macedonia, Republic of ",2000,1.098
Norway,2000,1.433
Oceania,2000,0.12
Oman,2000,0.598
Pakistan,2000,0.807
"Palau, Rep. of",2000,0.386
Panama,2000,0.197
Papua New Guinea,2000,0.535
Paraguay,2000,0.216
Peru,2000,0.32
Philippines,2000,0.669
Pitcairn Islands,2000,0.438
"Poland, Rep. of",2000,1.88
Portugal,2000,0.595
Puerto Rico,2000,0.122
Qatar,2000,0.944
Réunion,2000,0.432
Romania,2000,1.315
Russian Federation,2000,1.3
Rwanda,2000,
Saint Helena,2000,1.393
Saint Pierre and Miquelon,2000,1.163
Samoa,2000,0.531
"San Marino, Rep. of",2000,1.348
"São Tomé and Príncipe, Dem. Rep. of",2000,0.484
Saudi Arabia,2000,0.749
Senegal,2000,0.916
"Serbia, Rep. of",2000,
Seychelles,2000,0.265
Sierra Leone,2000,
Singapore,2000,
Slovak Rep.,2000,1.629
"Slovenia, Rep. of",2000,1.802
Solomon Islands,2000,0.501
Somalia,2000,0.397
South Africa,2000,0.287
"South Sudan, Rep. of",2000,
Spain,2000,0.787
Sri Lanka,2000,0.604
St. Kitts and Nevis,2000,0.499
St. Lucia,2000,0.472
St. Vincent and the Grenadines,2000,0.523
Sudan,2000,
Suriname,2000,0.693
Svalbard Jan Mayen Islands,2000,1.976
Sweden,2000,1.726
Switzerland,2000,1.429
Syrian Arab Rep.,2000,0.704
Taiwan Province of China,2000,0.384
"Tajikistan, Rep. of",2000,0.879
"Tanzania, United Rep. of",2000,0.423
Thailand,2000,0.042
"Timor-Leste, Dem. Rep. of",2000,
Togo,2000,0.545
Tokelau,2000,
Tonga,2000,0.206
Trinidad and Tobago,2000,0.491
Tunisia,2000,1.031
"Türkiye, Rep. of",2000,0.54
Turkmenistan,2000,1.278
Turks and Caicos Islands,2000,
Tuvalu,2000,0.499
Uganda,2000,0.291
Ukraine,2000,1.406
United Arab Emirates,2000,0.8
United Kingdom,2000,0.714
United States,2000,1.002
United States Virgin Islands,2000,0.099
Uruguay,2000,0.358
"Uzbekistan, Rep. of",2000,1.363
Vanuatu,2000,0.637
"Venezuela, Rep. Bolivariana de",2000,0.224
Vietnam,2000,0.122
Wallis and Futuna Islands,2000,0.373
West Bank and Gaza,2000,0.299
Western Sahara,2000,0.773
World,2000,0.726
"Yemen, Rep. of",2000,
Zambia,2000,0.124
Zimbabwe,2000,-0.212
"Afghanistan, Islamic Rep. of",2001,1.377
Africa,2001,0.66
Albania,2001,1.551
Algeria,2001,1.895
American Samoa,2001,0.882
Americas,2001,0.851
"Andorra, Principality of",2001,1.486
Angola,2001,0.29
Anguilla,2001,
Antarctica,2001,-0.068
Antigua and Barbuda,2001,
Argentina,2001,0.357
"Armenia, Rep. of",2001,1.469
"Aruba, Kingdom of the Netherlands",2001,0.708
Asia,2001,1.046
Australia,2001,0.275
Austria,2001,1.508
"Azerbaijan, Rep. of",2001,1.396
"Bahamas, The",2001,0.2
"Bahrain, Kingdom of",2001,1.263
Bangladesh,2001,0.445
Barbados,2001,0.554
"Belarus, Rep. of",2001,1.966
Belgium,2001,1.333
Belize,2001,0.36
Benin,2001,0.567
Bhutan,2001,0.591
Bolivia,2001,0.633
Bosnia and Herzegovina,2001,1.579
Botswana,2001,0.181
Brazil,2001,0.802
British Virgin Islands,2001,
Brunei Darussalam,2001,0.365
Bulgaria,2001,1.63
Burkina Faso,2001,0.513
Burundi,2001,0.372
Cabo Verde,2001,1.441
Cambodia,2001,0.592
Cameroon,2001,0.231
Canada,2001,1.433
Cayman Islands,2001,
Central African Rep.,2001,0.363
Chad,2001,0.345
Chile,2001,-0.151
"China, P.R.: Hong Kong",2001,0.907
"China, P.R.: Macao",2001,0.907
"China, P.R.: Mainland",2001,1.064
Colombia,2001,0.469
"Comoros, Union of the",2001,0.28
"Congo, Dem. Rep. of the",2001,0.318
"Congo, Rep. of",2001,0.312
Cook Islands,2001,0.665
Costa Rica,2001,0.834
Côte d'Ivoire,2001,0.63
"Croatia, Rep. of",2001,1.61
Cuba,2001,0.413
Cyprus,2001,1.23
Czech Rep.,2001,1.227
Denmark,2001,1.031
Djibouti,2001,0.646
Dominica,2001,
Dominican Rep.,2001,0.672
Ecuador,2001,0.49
"Egypt, Arab Rep. of",2001,0.62
El Salvador,2001,0.669
"Equatorial Guinea, Rep. of",2001,0.36
"Eritrea, The State of",2001,0.349
"Estonia, Rep. of",2001,1.817
"Eswatini, Kingdom of",2001,0.389
"Ethiopia, The Federal Dem. Rep. of",2001,0.75
Europe,2001,0.933
Falkland Islands (Malvinas),2001,
Faroe Islands,2001,0.517
"Fiji, Rep. of",2001,0.561
Finland,2001,1.377
France,2001,1.393
French Polynesia,2001,0.531
Gabon,2001,0.25
"Gambia, The",2001,1.338
Georgia,2001,1.281
Germany,2001,1.293
Ghana,2001,0.637
Gibraltar,2001,1.231
Greece,2001,1.348
Greenland,2001,0.852
Grenada,2001,0.666
Guadeloupe,2001,
Guatemala,2001,0.461
"Guiana, French",2001,0.64
Guinea,2001,0.793
Guinea-Bissau,2001,1.227
Guyana,2001,0.611
Haiti,2001,0.583
Holy See,2001,1.467
Honduras,2001,0.442
Hungary,2001,1.423
Iceland,2001,0.499
India,2001,0.479
Indonesia,2001,0.515
"Iran, Islamic Rep. of",2001,1.546
Iraq,2001,1.268
Ireland,2001,0.522
Isle of Man,2001,0.498
Israel,2001,0.927
Italy,2001,1.495
Jamaica,2001,0.613
Japan,2001,0.409
Jordan,2001,1.014
"Kazakhstan, Rep. of",2001,1.656
Kenya,2001,0.537
Kiribati,2001,0.455
"Korea, Dem. People's Rep. of",2001,0.827
"Korea, Rep. of",2001,0.918
Kuwait,2001,1.226
Kyrgyz Rep.,2001,1.459
Lao People's Dem. Rep.,2001,0.714
Latvia,2001,1.813
Lebanon,2001,1.19
"Lesotho, Kingdom of",2001,0.569
Liberia,2001,0.467
Libya,2001,1.292
Liechtenstein,2001,1.455
Lithuania,2001,1.788
Luxembourg,2001,1.425
"Madagascar, Rep. of",2001,0.546
Malawi,2001,0.635
Malaysia,2001,0.474
Maldives,2001,0.556
Mali,2001,0.599
Malta,2001,1.647
"Marshall Islands, Rep. of the",2001,0.109
Martinique,2001,0.589
"Mauritania, Islamic Rep. of",2001,1.183
Mauritius,2001,0.462
Mayotte,2001,0.266
Mexico,2001,0.475
"Micronesia, Federated States of",2001,0.199
"Moldova, Rep. of",2001,1.607
Monaco,2001,1.394
Mongolia,2001,1.708
Montenegro,2001,
Montserrat,2001,
Morocco,2001,1.9
"Mozambique, Rep. of",2001,0.467
Myanmar,2001,0.621
Namibia,2001,0.37
"Nauru, Rep. of",2001,
Nepal,2001,0.469
"Netherlands, The",2001,1.272
New Caledonia,2001,0.92
New Zealand,2001,0.596
Nicaragua,2001,0.627
Niger,2001,0.301
Nigeria,2001,0.303
Niue,2001,
Norfolk Island,2001,0.52
"North Macedonia, Republic of ",2001,1.613
Norway,2001,0.617
Oceania,2001,0.31
Oman,2001,0.699
Pakistan,2001,0.88
"Palau, Rep. of",2001,0.439
Panama,2001,0.609
Papua New Guinea,2001,0.678
Paraguay,2001,0.739
Peru,2001,0.441
Philippines,2001,0.819
Pitcairn Islands,2001,0.195
"Poland, Rep. of",2001,1.282
Portugal,2001,1.087
Puerto Rico,2001,0.812
Qatar,2001,0.973
Réunion,2001,0.889
Romania,2001,1.51
Russian Federation,2001,0.794
Rwanda,2001,0.227
Saint Helena,2001,1.015
Saint Pierre and Miquelon,2001,0.578
Samoa,2001,0.809
"San Marino, Rep. of",2001,1.629
"São Tomé and Príncipe, Dem. Rep. of",2001,0.336
Saudi Arabia,2001,0.854
Senegal,2001,1.16
"Serbia, Rep. of",2001,
Seychelles,2001,0.592
Sierra Leone,2001,0.721
Singapore,2001,0.314
Slovak Rep.,2001,1.244
"Slovenia, Rep. of",2001,1.725
Solomon Islands,2001,
Somalia,2001,0.747
South Africa,2001,0.535
"South Sudan, Rep. of",2001,
Spain,2001,1.381
Sri Lanka,2001,0.855
St. Kitts and Nevis,2001,
St. Lucia,2001,0.619
St. Vincent and the Grenadines,2001,0.665
Sudan,2001,
Suriname,2001,0.528
Svalbard Jan Mayen Islands,2001,1.386
Sweden,2001,1.072
Switzerland,2001,1.46
Syrian Arab Rep.,2001,1.192
Taiwan Province of China,2001,0.79
"Tajikistan, Rep. of",2001,1.37
"Tanzania, United Rep. of",2001,0.339
Thailand,2001,0.628
"Timor-Leste, Dem. Rep. of",2001,
Togo,2001,0.666
Tokelau,2001,
Tonga,2001,0.507
Trinidad and Tobago,2001,0.678
Tunisia,2001,2.017
"Türkiye, Rep. of",2001,1.536
Turkmenistan,2001,1.509
Turks and Caicos Islands,2001,
Tuvalu,2001,0.761
Uganda,2001,0.226
Ukraine,2001,1.775
United Arab Emirates,2001,0.678
United Kingdom,2001,0.622
United States,2001,0.788
United States Virgin Islands,2001,0.812
Uruguay,2001,1.255
"Uzbekistan, Rep. of",2001,1.531
Vanuatu,2001,0.46
"Venezuela, Rep. Bolivariana de",2001,0.575
Vietnam,2001,0.679
Wallis and Futuna Islands,2001,0.615
West Bank and Gaza,2001,0.926
Western Sahara,2001,1.26
World,2001,0.833
"Yemen, Rep. of",2001,
Zambia,2001,0.384
Zimbabwe,2001,0.216
"Afghanistan, Islamic Rep. of",2002,1.457
Africa,2002,0.886
Albania,2002,0.519
Algeria,2002,1.291
American Samoa,2002,1.13
Americas,2002,0.777
"Andorra, Principality of",2002,0.843
Angola,2002,0.717
Anguilla,2002,0.699
Antarctica,2002,1.327
Antigua and Barbuda,2002,0.699
Argentina,2002,0.208
"Armenia, Rep. of",2002,1.199
"Aruba, Kingdom of the Netherlands",2002,0.863
Asia,2002,1.195
Australia,2002,0.667
Austria,2002,1.542
"Azerbaijan, Rep. of",2002,1.43
"Bahamas, The",2002,0.92
"Bahrain, Kingdom of",2002,1.626
Bangladesh,2002,0.541
Barbados,2002,0.772
"Belarus, Rep. of",2002,1.881
Belgium,2002,1.394
Belize,2002,0.652
Benin,2002,0.762
Bhutan,2002,0.413
Bolivia,2002,0.959
Bosnia and Herzegovina,2002,1.196
Botswana,2002,0.778
Brazil,2002,1.082
British Virgin Islands,2002,
Brunei Darussalam,2002,0.518
Bulgaria,2002,0.837
Burkina Faso,2002,1.022
Burundi,2002,0.774
Cabo Verde,2002,1.473
Cambodia,2002,0.654
Cameroon,2002,0.761
Canada,2002,0.549
Cayman Islands,2002,
Central African Rep.,2002,0.722
Chad,2002,0.859
Chile,2002,-0.073
"China, P.R.: Hong Kong",2002,1.015
"China, P.R.: Macao",2002,1.015
"China, P.R.: Mainland",2002,1.155
Colombia,2002,0.706
"Comoros, Union of the",2002,0.736
"Congo, Dem. Rep. of the",2002,0.812
"Congo, Rep. of",2002,0.71
Cook Islands,2002,0.554
Costa Rica,2002,1.127
Côte d'Ivoire,2002,0.925
"Croatia, Rep. of",2002,1.278
Cuba,2002,0.807
Cyprus,2002,0.888
Czech Rep.,2002,1.531
Denmark,2002,1.64
Djibouti,2002,1.253
Dominica,2002,0.697
Dominican Rep.,2002,0.929
Ecuador,2002,0.763
"Egypt, Arab Rep. of",2002,0.772
El Salvador,2002,0.894
"Equatorial Guinea, Rep. of",2002,0.622
"Eritrea, The State of",2002,0.976
"Estonia, Rep. of",2002,1.46
"Eswatini, Kingdom of",2002,0.608
"Ethiopia, The Federal Dem. Rep. of",2002,1.09
Europe,2002,1.487
Falkland Islands (Malvinas),2002,
Faroe Islands,2002,1.089
"Fiji, Rep. of",2002,0.549
Finland,2002,1.179
France,2002,1.055
French Polynesia,2002,0.829
Gabon,2002,0.621
"Gambia, The",2002,1.453
Georgia,2002,1.048
Germany,2002,1.492
Ghana,2002,0.937
Gibraltar,2002,0.803
Greece,2002,0.486
Greenland,2002,1.071
Grenada,2002,0.502
Guadeloupe,2002,0.698
Guatemala,2002,0.689
"Guiana, French",2002,0.704
Guinea,2002,1.109
Guinea-Bissau,2002,1.31
Guyana,2002,0.91
Haiti,2002,0.826
Holy See,2002,0.692
Honduras,2002,0.826
Hungary,2002,1.454
Iceland,2002,0.706
India,2002,0.831
Indonesia,2002,0.599
"Iran, Islamic Rep. of",2002,1.685
Iraq,2002,1.147
Ireland,2002,0.802
Isle of Man,2002,0.877
Israel,2002,0.807
Italy,2002,0.877
Jamaica,2002,0.872
Japan,2002,0.621
Jordan,2002,0.698
"Kazakhstan, Rep. of",2002,2.255
Kenya,2002,0.672
Kiribati,2002,0.557
"Korea, Dem. People's Rep. of",2002,0.818
"Korea, Rep. of",2002,0.667
Kuwait,2002,1.557
Kyrgyz Rep.,2002,1.433
Lao People's Dem. Rep.,2002,0.612
Latvia,2002,1.712
Lebanon,2002,0.881
"Lesotho, Kingdom of",2002,0.572
Liberia,2002,0.811
Libya,2002,0.923
Liechtenstein,2002,1.404
Lithuania,2002,1.898
Luxembourg,2002,1.384
"Madagascar, Rep. of",2002,0.491
Malawi,2002,0.809
Malaysia,2002,0.631
Maldives,2002,0.716
Mali,2002,1.272
Malta,2002,0.913
"Marshall Islands, Rep. of the",2002,0.269
Martinique,2002,0.742
"Mauritania, Islamic Rep. of",2002,1.171
Mauritius,2002,0.364
Mayotte,2002,0.712
Mexico,2002,0.652
"Micronesia, Federated States of",2002,0.067
"Moldova, Rep. of",2002,1.348
Monaco,2002,0.931
Mongolia,2002,1.805
Montenegro,2002,
Montserrat,2002,0.699
Morocco,2002,1.255
"Mozambique, Rep. of",2002,0.594
Myanmar,2002,0.659
Namibia,2002,0.882
"Nauru, Rep. of",2002,
Nepal,2002,0.57
"Netherlands, The",2002,1.531
New Caledonia,2002,0.934
New Zealand,2002,0.441
Nicaragua,2002,0.91
Niger,2002,0.657
Nigeria,2002,0.831
Niue,2002,
Norfolk Island,2002,0.436
"North Macedonia, Republic of ",2002,0.39
Norway,2002,1.391
Oceania,2002,0.665
Oman,2002,0.93
Pakistan,2002,1.141
"Palau, Rep. of",2002,0.567
Panama,2002,0.948
Papua New Guinea,2002,0.752
Paraguay,2002,1.22
Peru,2002,0.741
Philippines,2002,0.715
Pitcairn Islands,2002,0.534
"Poland, Rep. of",2002,1.697
Portugal,2002,0.634
Puerto Rico,2002,1.005
Qatar,2002,1.455
Réunion,2002,0.575
Romania,2002,1.19
Russian Federation,2002,1.569
Rwanda,2002,0.622
Saint Helena,2002,1.128
Saint Pierre and Miquelon,2002,0.038
Samoa,2002,1.057
"San Marino, Rep. of",2002,1.071
"São Tomé and Príncipe, Dem. Rep. of",2002,0.735
Saudi Arabia,2002,1.065
Senegal,2002,1.433
"Serbia, Rep. of",2002,
Seychelles,2002,0.377
Sierra Leone,2002,0.882
Singapore,2002,
Slovak Rep.,2002,1.382
"Slovenia, Rep. of",2002,1.524
Solomon Islands,2002,
Somalia,2002,0.783
South Africa,2002,0.53
"South Sudan, Rep. of",2002,
Spain,2002,0.79
Sri Lanka,2002,1.012
St. Kitts and Nevis,2002,0.699
St. Lucia,2002,0.657
St. Vincent and the Grenadines,2002,0.502
Sudan,2002,
Suriname,2002,0.684
Svalbard Jan Mayen Islands,2002,1.617
Sweden,2002,1.569
Switzerland,2002,1.273
Syrian Arab Rep.,2002,0.894
Taiwan Province of China,2002,0.945
"Tajikistan, Rep. of",2002,1.164
"Tanzania, United Rep. of",2002,0.521
Thailand,2002,0.631
"Timor-Leste, Dem. Rep. of",2002,
Togo,2002,0.76
Tokelau,2002,
Tonga,2002,0.667
Trinidad and Tobago,2002,0.522
Tunisia,2002,1.273
"Türkiye, Rep. of",2002,0.801
Turkmenistan,2002,1.781
Turks and Caicos Islands,2002,
Tuvalu,2002,0.788
Uganda,2002,0.664
Ukraine,2002,1.521
United Arab Emirates,2002,1.208
United Kingdom,2002,1.003
United States,2002,0.953
United States Virgin Islands,2002,1.004
Uruguay,2002,0.629
"Uzbekistan, Rep. of",2002,1.808
Vanuatu,2002,0.488
"Venezuela, Rep. Bolivariana de",2002,0.805
Vietnam,2002,0.715
Wallis and Futuna Islands,2002,0.661
West Bank and Gaza,2002,0.806
Western Sahara,2002,1.181
World,2002,1.015
"Yemen, Rep. of",2002,
Zambia,2002,0.764
Zimbabwe,2002,0.635
"Afghanistan, Islamic Rep. of",2003,0.71
Africa,2003,1.002
Albania,2003,1.026
Algeria,2003,1.619
American Samoa,2003,0.712
Americas,2003,0.981
"Andorra, Principality of",2003,1.966
Angola,2003,0.912
Anguilla,2003,0.977
Antarctica,2003,-0.455
Antigua and Barbuda,2003,0.977
Argentina,2003,0.584
"Armenia, Rep. of",2003,0.175
"Aruba, Kingdom of the Netherlands",2003,0.917
Asia,2003,0.677
Australia,2003,0.775
Austria,2003,1.474
"Azerbaijan, Rep. of",2003,-0.104
"Bahamas, The",2003,1.067
"Bahrain, Kingdom of",2003,1.297
Bangladesh,2003,0.404
Barbados,2003,0.877
"Belarus, Rep. of",2003,0.073
Belgium,2003,1.523
Belize,2003,0.89
Benin,2003,1.008
Bhutan,2003,0.444
Bolivia,2003,0.719
Bosnia and Herzegovina,2003,1.151
Botswana,2003,1.124
Brazil,2003,0.983
British Virgin Islands,2003,
Brunei Darussalam,2003,0.691
Bulgaria,2003,0.164
Burkina Faso,2003,0.997
Burundi,2003,0.912
Cabo Verde,2003,0.982
Cambodia,2003,0.642
Cameroon,2003,0.893
Canada,2003,1.254
Cayman Islands,2003,
Central African Rep.,2003,0.813
Chad,2003,0.907
Chile,2003,0.131
"China, P.R.: Hong Kong",2003,1.033
"China, P.R.: Macao",2003,1.033
"China, P.R.: Mainland",2003,0.844
Colombia,2003,0.726
"Comoros, Union of the",2003,0.413
"Congo, Dem. Rep. of the",2003,0.873
"Congo, Rep. of",2003,0.782
Cook Islands,2003,0.507
Costa Rica,2003,1.103
Côte d'Ivoire,2003,1.198
"Croatia, Rep. of",2003,1.291
Cuba,2003,0.964
Cyprus,2003,0.649
Czech Rep.,2003,1.082
Denmark,2003,0.696
Djibouti,2003,1.3
Dominica,2003,0.974
Dominican Rep.,2003,1.048
Ecuador,2003,0.8
"Egypt, Arab Rep. of",2003,0.661
El Salvador,2003,1.078
"Equatorial Guinea, Rep. of",2003,0.901
"Eritrea, The State of",2003,0.608
"Estonia, Rep. of",2003,0.208
"Eswatini, Kingdom of",2003,0.79
"Ethiopia, The Federal Dem. Rep. of",2003,1.106
Europe,2003,0.952
Falkland Islands (Malvinas),2003,
Faroe Islands,2003,1.657
"Fiji, Rep. of",2003,0.441
Finland,2003,0.717
France,2003,1.8
French Polynesia,2003,0.741
Gabon,2003,0.84
"Gambia, The",2003,1.159
Georgia,2003,-0.261
Germany,2003,1.261
Ghana,2003,1.127
Gibraltar,2003,1.353
Greece,2003,0.435
Greenland,2003,2.363
Grenada,2003,0.862
Guadeloupe,2003,0.976
Guatemala,2003,1.096
"Guiana, French",2003,0.988
Guinea,2003,0.985
Guinea-Bissau,2003,1.061
Guyana,2003,0.857
Haiti,2003,1.192
Holy See,2003,1.476
Honduras,2003,0.805
Hungary,2003,0.741
Iceland,2003,1.695
India,2003,0.689
Indonesia,2003,0.599
"Iran, Islamic Rep. of",2003,0.957
Iraq,2003,0.938
Ireland,2003,0.995
Isle of Man,2003,1.034
Israel,2003,0.641
Italy,2003,1.489
Jamaica,2003,1.046
Japan,2003,0.312
Jordan,2003,0.53
"Kazakhstan, Rep. of",2003,0.103
Kenya,2003,0.8
Kiribati,2003,0.64
"Korea, Dem. People's Rep. of",2003,0.911
"Korea, Rep. of",2003,0.641
Kuwait,2003,1.517
Kyrgyz Rep.,2003,0.45
Lao People's Dem. Rep.,2003,0.982
Latvia,2003,0.238
Lebanon,2003,0.69
"Lesotho, Kingdom of",2003,0.941
Liberia,2003,0.909
Libya,2003,0.957
Liechtenstein,2003,1.695
Lithuania,2003,0.169
Luxembourg,2003,1.685
"Madagascar, Rep. of",2003,0.53
Malawi,2003,0.941
Malaysia,2003,0.66
Maldives,2003,0.618
Mali,2003,1.265
Malta,2003,1.306
"Marshall Islands, Rep. of the",2003,0.235
Martinique,2003,0.969
"Mauritania, Islamic Rep. of",2003,1.181
Mauritius,2003,0.653
Mayotte,2003,0.388
Mexico,2003,0.811
"Micronesia, Federated States of",2003,0.117
"Moldova, Rep. of",2003,-0.28
Monaco,2003,1.67
Mongolia,2003,0.533
Montenegro,2003,
Montserrat,2003,0.977
Morocco,2003,1.711
"Mozambique, Rep. of",2003,0.568
Myanmar,2003,0.647
Namibia,2003,1.242
"Nauru, Rep. of",2003,
Nepal,2003,0.332
"Netherlands, The",2003,1.212
New Caledonia,2003,0.714
New Zealand,2003,0.257
Nicaragua,2003,0.865
Niger,2003,0.91
Nigeria,2003,0.885
Niue,2003,
Norfolk Island,2003,0.315
"North Macedonia, Republic of ",2003,0.653
Norway,2003,1.093
Oceania,2003,0.753
Oman,2003,0.821
Pakistan,2003,0.672
"Palau, Rep. of",2003,0.526
Panama,2003,0.994
Papua New Guinea,2003,0.733
Paraguay,2003,0.845
Peru,2003,0.74
Philippines,2003,0.784
Pitcairn Islands,2003,-0.12
"Poland, Rep. of",2003,0.364
Portugal,2003,1.405
Puerto Rico,2003,
Qatar,2003,1.183
Réunion,2003,0.705
Romania,2003,0.112
Russian Federation,2003,0.972
Rwanda,2003,0.824
Saint Helena,2003,1.486
Saint Pierre and Miquelon,2003,0.193
Samoa,2003,0.645
"San Marino, Rep. of",2003,1.583
"São Tomé and Príncipe, Dem. Rep. of",2003,0.977
Saudi Arabia,2003,0.953
Senegal,2003,1.148
"Serbia, Rep. of",2003,
Seychelles,2003,0.576
Sierra Leone,2003,0.692
Singapore,2003,
Slovak Rep.,2003,0.652
"Slovenia, Rep. of",2003,1.448
Solomon Islands,2003,0.254
Somalia,2003,1.008
South Africa,2003,0.942
"South Sudan, Rep. of",2003,
Spain,2003,1.585
Sri Lanka,2003,0.915
St. Kitts and Nevis,2003,0.977
St. Lucia,2003,0.91
St. Vincent and the Grenadines,2003,0.866
Sudan,2003,
Suriname,2003,0.919
Svalbard Jan Mayen Islands,2003,0.843
Sweden,2003,0.913
Switzerland,2003,1.865
Syrian Arab Rep.,2003,0.568
Taiwan Province of China,2003,0.945
"Tajikistan, Rep. of",2003,0.471
"Tanzania, United Rep. of",2003,0.881
Thailand,2003,0.771
"Timor-Leste, Dem. Rep. of",2003,0.292
Togo,2003,1.037
Tokelau,2003,
Tonga,2003,0.272
Trinidad and Tobago,2003,0.807
Tunisia,2003,1.738
"Türkiye, Rep. of",2003,0.314
Turkmenistan,2003,0.066
Turks and Caicos Islands,2003,
Tuvalu,2003,0.562
Uganda,2003,0.844
Ukraine,2003,-0.285
United Arab Emirates,2003,1.088
United Kingdom,2003,1.185
United States,2003,0.991
United States Virgin Islands,2003,
Uruguay,2003,0.321
"Uzbekistan, Rep. of",2003,0.117
Vanuatu,2003,0.314
"Venezuela, Rep. Bolivariana de",2003,0.841
Vietnam,2003,1.074
Wallis and Futuna Islands,2003,0.36
West Bank and Gaza,2003,0.641
Western Sahara,2003,1.318
World,2003,0.895
"Yemen, Rep. of",2003,
Zambia,2003,0.948
Zimbabwe,2003,0.486
"Afghanistan, Islamic Rep. of",2004,1.482
Africa,2004,0.814
Albania,2004,0.472
Algeria,2004,1.016
American Samoa,2004,0.244
Americas,2004,0.679
"Andorra, Principality of",2004,0.944
Angola,2004,0.348
Anguilla,2004,0.609
Antarctica,2004,0.154
Antigua and Barbuda,2004,0.609
Argentina,2004,0.404
"Armenia, Rep. of",2004,1.142
"Aruba, Kingdom of the Netherlands",2004,0.458
Asia,2004,1.122
Australia,2004,0.656
Austria,2004,0.84
"Azerbaijan, Rep. of",2004,1.323
"Bahamas, The",2004,0.398
"Bahrain, Kingdom of",2004,1.42
Bangladesh,2004,0.441
Barbados,2004,0.748
"Belarus, Rep. of",2004,0.921
Belgium,2004,1.089
Belize,2004,0.638
Benin,2004,0.783
Bhutan,2004,0.413
Bolivia,2004,0.851
Bosnia and Herzegovina,2004,0.644
Botswana,2004,0.213
Brazil,2004,0.824
British Virgin Islands,2004,
Brunei Darussalam,2004,0.485
Bulgaria,2004,0.508
Burkina Faso,2004,0.882
Burundi,2004,1.016
Cabo Verde,2004,1.02
Cambodia,2004,0.54
Cameroon,2004,0.845
Canada,2004,0.492
Cayman Islands,2004,
Central African Rep.,2004,0.932
Chad,2004,0.897
Chile,2004,0.349
"China, P.R.: Hong Kong",2004,0.751
"China, P.R.: Macao",2004,0.751
"China, P.R.: Mainland",2004,1.134
Colombia,2004,0.638
"Comoros, Union of the",2004,0.336
"Congo, Dem. Rep. of the",2004,0.848
"Congo, Rep. of",2004,0.841
Cook Islands,2004,0.538
Costa Rica,2004,0.996
Côte d'Ivoire,2004,0.884
"Croatia, Rep. of",2004,0.681
Cuba,2004,0.732
Cyprus,2004,0.675
Czech Rep.,2004,0.821
Denmark,2004,1.023
Djibouti,2004,0.82
Dominica,2004,0.606
Dominican Rep.,2004,0.642
Ecuador,2004,0.81
"Egypt, Arab Rep. of",2004,0.577
El Salvador,2004,0.834
"Equatorial Guinea, Rep. of",2004,0.765
"Eritrea, The State of",2004,0.955
"Estonia, Rep. of",2004,1.154
"Eswatini, Kingdom of",2004,0.68
"Ethiopia, The Federal Dem. Rep. of",2004,0.844
Europe,2004,1.263
Falkland Islands (Malvinas),2004,
Faroe Islands,2004,1.073
"Fiji, Rep. of",2004,0.359
Finland,2004,1.239
France,2004,0.974
French Polynesia,2004,0.567
Gabon,2004,0.818
"Gambia, The",2004,1.278
Georgia,2004,0.863
Germany,2004,1.004
Ghana,2004,0.865
Gibraltar,2004,0.997
Greece,2004,0.386
Greenland,2004,1.473
Grenada,2004,0.328
Guadeloupe,2004,0.608
Guatemala,2004,0.754
"Guiana, French",2004,0.968
Guinea,2004,1.033
Guinea-Bissau,2004,1.211
Guyana,2004,0.879
Haiti,2004,0.926
Holy See,2004,0.456
Honduras,2004,0.617
Hungary,2004,0.581
Iceland,2004,1.149
India,2004,0.57
Indonesia,2004,0.546
"Iran, Islamic Rep. of",2004,1.561
Iraq,2004,1.072
Ireland,2004,0.865
Isle of Man,2004,0.929
Israel,2004,0.619
Italy,2004,0.71
Jamaica,2004,0.883
Japan,2004,1.105
Jordan,2004,0.651
"Kazakhstan, Rep. of",2004,2.161
Kenya,2004,0.579
Kiribati,2004,
"Korea, Dem. People's Rep. of",2004,1.565
"Korea, Rep. of",2004,1.218
Kuwait,2004,1.461
Kyrgyz Rep.,2004,1.51
Lao People's Dem. Rep.,2004,0.414
Latvia,2004,1.015
Lebanon,2004,0.712
"Lesotho, Kingdom of",2004,1.065
Liberia,2004,0.903
Libya,2004,0.782
Liechtenstein,2004,0.92
Lithuania,2004,0.872
Luxembourg,2004,1.012
"Madagascar, Rep. of",2004,0.333
Malawi,2004,0.663
Malaysia,2004,0.574
Maldives,2004,0.489
Mali,2004,1.227
Malta,2004,0.588
"Marshall Islands, Rep. of the",2004,0.378
Martinique,2004,0.652
"Mauritania, Islamic Rep. of",2004,1.313
Mauritius,2004,0.266
Mayotte,2004,0.277
Mexico,2004,0.314
"Micronesia, Federated States of",2004,0.203
"Moldova, Rep. of",2004,0.645
Monaco,2004,0.88
Mongolia,2004,1.795
Montenegro,2004,
Montserrat,2004,0.609
Morocco,2004,1.125
"Mozambique, Rep. of",2004,0.372
Myanmar,2004,0.595
Namibia,2004,0.944
"Nauru, Rep. of",2004,
Nepal,2004,0.386
"Netherlands, The",2004,1.168
New Caledonia,2004,0.844
New Zealand,2004,0.051
Nicaragua,2004,0.709
Niger,2004,0.653
Nigeria,2004,0.786
Niue,2004,
Norfolk Island,2004,0.564
"North Macedonia, Republic of ",2004,0.389
Norway,2004,1.307
Oceania,2004,0.622
Oman,2004,0.701
Pakistan,2004,1.188
"Palau, Rep. of",2004,0.75
Panama,2004,0.777
Papua New Guinea,2004,0.403
Paraguay,2004,0.493
Peru,2004,0.696
Philippines,2004,0.685
Pitcairn Islands,2004,-0.516
"Poland, Rep. of",2004,0.777
Portugal,2004,0.965
Puerto Rico,2004,
Qatar,2004,1.23
Réunion,2004,
Romania,2004,0.527
Russian Federation,2004,1.378
Rwanda,2004,0.704
Saint Helena,2004,1.371
Saint Pierre and Miquelon,2004,0.597
Samoa,2004,0.173
"San Marino, Rep. of",2004,0.802
"São Tomé and Príncipe, Dem. Rep. of",2004,0.804
Saudi Arabia,2004,0.941
Senegal,2004,1.204
"Serbia, Rep. of",2004,
Seychelles,2004,0.194
Sierra Leone,2004,0.91
Singapore,2004,0.681
Slovak Rep.,2004,0.547
"Slovenia, Rep. of",2004,0.751
Solomon Islands,2004,0.378
Somalia,2004,0.439
South Africa,2004,0.962
"South Sudan, Rep. of",2004,
Spain,2004,0.982
Sri Lanka,2004,0.829
St. Kitts and Nevis,2004,0.609
St. Lucia,2004,0.554
St. Vincent and the Grenadines,2004,0.328
Sudan,2004,
Suriname,2004,0.953
Svalbard Jan Mayen Islands,2004,0.737
Sweden,2004,1.2
Switzerland,2004,0.988
Syrian Arab Rep.,2004,0.679
Taiwan Province of China,2004,0.559
"Tajikistan, Rep. of",2004,1.218
"Tanzania, United Rep. of",2004,0.712
Thailand,2004,0.515
"Timor-Leste, Dem. Rep. of",2004,0.352
Togo,2004,0.766
Tokelau,2004,
Tonga,2004,0.427
Trinidad and Tobago,2004,0.39
Tunisia,2004,0.984
"Türkiye, Rep. of",2004,0.605
Turkmenistan,2004,1.644
Turks and Caicos Islands,2004,
Tuvalu,2004,0.64
Uganda,2004,0.709
Ukraine,2004,0.907
United Arab Emirates,2004,1.07
United Kingdom,2004,1.026
United States,2004,0.863
United States Virgin Islands,2004,
Uruguay,2004,0.454
"Uzbekistan, Rep. of",2004,1.899
Vanuatu,2004,0.403
"Venezuela, Rep. Bolivariana de",2004,0.684
Vietnam,2004,0.371
Wallis and Futuna Islands,2004,0.425
West Bank and Gaza,2004,0.614
Western Sahara,2004,1.465
World,2004,0.911
"Yemen, Rep. of",2004,
Zambia,2004,0.406
Zimbabwe,2004,-0.005
"Afghanistan, Islamic Rep. of",2005,0.513
Africa,2005,1.081
Albania,2005,0.217
Algeria,2005,1.289
American Samoa,2005,0.878
Americas,2005,1.039
"Andorra, Principality of",2005,0.865
Angola,2005,1.085
Anguilla,2005,1.007
Antarctica,2005,0.858
Antigua and Barbuda,2005,1.007
Argentina,2005,0.197
"Armenia, Rep. of",2005,0.549
"Aruba, Kingdom of the Netherlands",2005,0.598
Asia,2005,0.896
Australia,2005,1.126
Austria,2005,0.638
"Azerbaijan, Rep. of",2005,0.879
"Bahamas, The",2005,0.477
"Bahrain, Kingdom of",2005,1.095
Bangladesh,2005,0.783
Barbados,2005,1.19
"Belarus, Rep. of",2005,1.267
Belgium,2005,1.198
Belize,2005,0.777
Benin,2005,1.177
Bhutan,2005,0.715
Bolivia,2005,0.79
Bosnia and Herzegovina,2005,0.187
Botswana,2005,1.354
Brazil,2005,1.158
British Virgin Islands,2005,
Brunei Darussalam,2005,0.75
Bulgaria,2005,0.189
Burkina Faso,2005,1.458
Burundi,2005,
Cabo Verde,2005,0.634
Cambodia,2005,0.678
Cameroon,2005,1.05
Canada,2005,1.298
Cayman Islands,2005,1.062
Central African Rep.,2005,0.977
Chad,2005,1.225
Chile,2005,0.036
"China, P.R.: Hong Kong",2005,0.827
"China, P.R.: Macao",2005,0.827
"China, P.R.: Mainland",2005,1.07
Colombia,2005,0.744
"Comoros, Union of the",2005,0.432
"Congo, Dem. Rep. of the",2005,0.998
"Congo, Rep. of",2005,0.811
Cook Islands,2005,0.413
Costa Rica,2005,0.747
Côte d'Ivoire,2005,1.17
"Croatia, Rep. of",2005,0.307
Cuba,2005,0.627
Cyprus,2005,0.4
Czech Rep.,2005,0.749
Denmark,2005,1.274
Djibouti,2005,1.091
Dominica,2005,1.003
Dominican Rep.,2005,0.883
Ecuador,2005,0.772
"Egypt, Arab Rep. of",2005,0.439
El Salvador,2005,0.641
"Equatorial Guinea, Rep. of",2005,0.783
"Eritrea, The State of",2005,0.699
"Estonia, Rep. of",2005,1.583
"Eswatini, Kingdom of",2005,0.97
"Ethiopia, The Federal Dem. Rep. of",2005,1.127
Europe,2005,1.516
Falkland Islands (Malvinas),2005,
Faroe Islands,2005,0.529
"Fiji, Rep. of",2005,0.5
Finland,2005,2.209
France,2005,1.021
French Polynesia,2005,0.706
Gabon,2005,0.718
"Gambia, The",2005,1.599
Georgia,2005,0.544
Germany,2005,1.031
Ghana,2005,1.103
Gibraltar,2005,0.818
Greece,2005,0.243
Greenland,2005,1.9
Grenada,2005,1.153
Guadeloupe,2005,1.005
Guatemala,2005,0.889
"Guiana, French",2005,1.426
Guinea,2005,1.197
Guinea-Bissau,2005,1.458
Guyana,2005,1.282
Haiti,2005,1.024
Holy See,2005,0.398
Honduras,2005,1.03
Hungary,2005,0.264
Iceland,2005,0.361
India,2005,0.606
Indonesia,2005,0.706
"Iran, Islamic Rep. of",2005,0.848
Iraq,2005,0.524
Ireland,2005,1.147
Isle of Man,2005,1.145
Israel,2005,0.271
Italy,2005,0.534
Jamaica,2005,0.98
Japan,2005,0.724
Jordan,2005,0.189
"Kazakhstan, Rep. of",2005,1.557
Kenya,2005,0.782
Kiribati,2005,
"Korea, Dem. People's Rep. of",2005,0.829
"Korea, Rep. of",2005,0.947
Kuwait,2005,0.652
Kyrgyz Rep.,2005,1.167
Lao People's Dem. Rep.,2005,0.893
Latvia,2005,1.353
Lebanon,2005,0.357
"Lesotho, Kingdom of",2005,1.055
Liberia,2005,1.1
Libya,2005,0.774
Liechtenstein,2005,0.685
Lithuania,2005,1.2
Luxembourg,2005,1.13
"Madagascar, Rep. of",2005,0.456
Malawi,2005,1.382
Malaysia,2005,0.756
Maldives,2005,0.944
Mali,2005,1.433
Malta,2005,0.609
"Marshall Islands, Rep. of the",2005,0.343
Martinique,2005,1.048
"Mauritania, Islamic Rep. of",2005,1.228
Mauritius,2005,0.448
Mayotte,2005,0.405
Mexico,2005,0.74
"Micronesia, Federated States of",2005,0.171
"Moldova, Rep. of",2005,0.809
Monaco,2005,0.809
Mongolia,2005,0.956
Montenegro,2005,
Montserrat,2005,1.007
Morocco,2005,1.277
"Mozambique, Rep. of",2005,0.99
Myanmar,2005,0.896
Namibia,2005,0.786
"Nauru, Rep. of",2005,
Nepal,2005,0.73
"Netherlands, The",2005,1.263
New Caledonia,2005,0.701
New Zealand,2005,0.457
Nicaragua,2005,0.825
Niger,2005,1.274
Nigeria,2005,1.243
Niue,2005,
Norfolk Island,2005,0.596
"North Macedonia, Republic of ",2005,0.184
Norway,2005,1.762
Oceania,2005,1.082
Oman,2005,0.836
Pakistan,2005,0.38
"Palau, Rep. of",2005,0.592
Panama,2005,0.786
Papua New Guinea,2005,0.81
Paraguay,2005,0.62
Peru,2005,0.802
Philippines,2005,0.78
Pitcairn Islands,2005,-0.287
"Poland, Rep. of",2005,0.874
Portugal,2005,0.922
Puerto Rico,2005,
Qatar,2005,0.843
Réunion,2005,
Romania,2005,0.27
Russian Federation,2005,1.684
Rwanda,2005,
Saint Helena,2005,1.262
Saint Pierre and Miquelon,2005,0.938
Samoa,2005,0.821
"San Marino, Rep. of",2005,0.42
"São Tomé and Príncipe, Dem. Rep. of",2005,0.707
Saudi Arabia,2005,0.505
Senegal,2005,1.425
"Serbia, Rep. of",2005,
Seychelles,2005,0.402
Sierra Leone,2005,1.099
Singapore,2005,0.649
Slovak Rep.,2005,0.394
"Slovenia, Rep. of",2005,0.503
Solomon Islands,2005,0.546
Somalia,2005,1.044
South Africa,2005,1.131
"South Sudan, Rep. of",2005,
Spain,2005,0.864
Sri Lanka,2005,0.88
St. Kitts and Nevis,2005,1.007
St. Lucia,2005,1.122
St. Vincent and the Grenadines,2005,1.153
Sudan,2005,
Suriname,2005,1.285
Svalbard Jan Mayen Islands,2005,2.446
Sweden,2005,1.824
Switzerland,2005,0.818
Syrian Arab Rep.,2005,0.289
Taiwan Province of China,2005,0.785
"Tajikistan, Rep. of",2005,0.669
"Tanzania, United Rep. of",2005,0.938
Thailand,2005,0.859
"Timor-Leste, Dem. Rep. of",2005,1.048
Togo,2005,1.019
Tokelau,2005,
Tonga,2005,0.595
Trinidad and Tobago,2005,1.165
Tunisia,2005,1.122
"Türkiye, Rep. of",2005,0.44
Turkmenistan,2005,1.288
Turks and Caicos Islands,2005,
Tuvalu,2005,0.803
Uganda,2005,1.297
Ukraine,2005,1.011
United Arab Emirates,2005,0.742
United Kingdom,2005,1.108
United States,2005,1.154
United States Virgin Islands,2005,
Uruguay,2005,0.804
"Uzbekistan, Rep. of",2005,1.345
Vanuatu,2005,0.477
"Venezuela, Rep. Bolivariana de",2005,0.921
Vietnam,2005,0.817
Wallis and Futuna Islands,2005,0.618
West Bank and Gaza,2005,0.268
Western Sahara,2005,1.098
World,2005,1.1
"Yemen, Rep. of",2005,
Zambia,2005,1.151
Zimbabwe,2005,1.145
"Afghanistan, Islamic Rep. of",2006,1.838
Africa,2006,0.925
Albania,2006,0.39
Algeria,2006,1.422
American Samoa,2006,0.48
Americas,2006,1.223
"Andorra, Principality of",2006,1.495
Angola,2006,0.455
Anguilla,2006,0.75
Antarctica,2006,-0.03
Antigua and Barbuda,2006,0.75
Argentina,2006,0.509
"Armenia, Rep. of",2006,1.635
"Aruba, Kingdom of the Netherlands",2006,0.632
Asia,2006,1.136
Australia,2006,0.639
Austria,2006,0.919
"Azerbaijan, Rep. of",2006,1.524
"Bahamas, The",2006,0.389
"Bahrain, Kingdom of",2006,1.835
Bangladesh,2006,0.979
Barbados,2006,0.894
"Belarus, Rep. of",2006,0.641
Belgium,2006,1.406
Belize,2006,0.569
Benin,2006,1.108
Bhutan,2006,0.933
Bolivia,2006,0.914
Bosnia and Herzegovina,2006,0.654
Botswana,2006,-0.166
Brazil,2006,0.831
British Virgin Islands,2006,
Brunei Darussalam,2006,0.456
Bulgaria,2006,0.542
Burkina Faso,2006,1.18
Burundi,2006,
Cabo Verde,2006,0.818
Cambodia,2006,0.693
Cameroon,2006,1.057
Canada,2006,2.365
Cayman Islands,2006,1.0
Central African Rep.,2006,0.968
Chad,2006,1.42
Chile,2006,0.335
"China, P.R.: Hong Kong",2006,1.007
"China, P.R.: Macao",2006,1.007
"China, P.R.: Mainland",2006,1.252
Colombia,2006,0.599
"Comoros, Union of the",2006,0.238
"Congo, Dem. Rep. of the",2006,0.851
"Congo, Rep. of",2006,0.769
Cook Islands,2006,0.612
Costa Rica,2006,0.915
Côte d'Ivoire,2006,1.058
"Croatia, Rep. of",2006,0.734
Cuba,2006,0.869
Cyprus,2006,0.684
Czech Rep.,2006,0.955
Denmark,2006,1.341
Djibouti,2006,0.784
Dominica,2006,0.748
Dominican Rep.,2006,0.936
Ecuador,2006,0.767
"Egypt, Arab Rep. of",2006,0.634
El Salvador,2006,0.636
"Equatorial Guinea, Rep. of",2006,0.649
"Eritrea, The State of",2006,0.817
"Estonia, Rep. of",2006,1.25
"Eswatini, Kingdom of",2006,0.089
"Ethiopia, The Federal Dem. Rep. of",2006,1.019
Europe,2006,0.656
Falkland Islands (Malvinas),2006,
Faroe Islands,2006,1.176
"Fiji, Rep. of",2006,0.466
Finland,2006,1.21
France,2006,1.312
French Polynesia,2006,0.877
Gabon,2006,0.786
"Gambia, The",2006,1.297
Georgia,2006,1.234
Germany,2006,1.263
Ghana,2006,1.122
Gibraltar,2006,1.395
Greece,2006,0.286
Greenland,2006,1.678
Grenada,2006,0.636
Guadeloupe,2006,0.749
Guatemala,2006,0.682
"Guiana, French",2006,0.826
Guinea,2006,1.129
Guinea-Bissau,2006,1.215
Guyana,2006,0.972
Haiti,2006,0.855
Holy See,2006,0.587
Honduras,2006,0.687
Hungary,2006,0.724
Iceland,2006,0.948
India,2006,0.685
Indonesia,2006,0.401
"Iran, Islamic Rep. of",2006,1.878
Iraq,2006,1.618
Ireland,2006,1.135
Isle of Man,2006,1.209
Israel,2006,0.658
Italy,2006,0.826
Jamaica,2006,0.983
Japan,2006,0.374
Jordan,2006,0.79
"Kazakhstan, Rep. of",2006,1.418
Kenya,2006,0.817
Kiribati,2006,0.62
"Korea, Dem. People's Rep. of",2006,0.684
"Korea, Rep. of",2006,0.533
Kuwait,2006,1.81
Kyrgyz Rep.,2006,1.618
Lao People's Dem. Rep.,2006,0.859
Latvia,2006,1.089
Lebanon,2006,0.783
"Lesotho, Kingdom of",2006,0.479
Liberia,2006,1.124
Libya,2006,0.859
Liechtenstein,2006,0.981
Lithuania,2006,0.918
Luxembourg,2006,1.36
"Madagascar, Rep. of",2006,0.627
Malawi,2006,1.025
Malaysia,2006,0.496
Maldives,2006,0.488
Mali,2006,1.13
Malta,2006,0.933
"Marshall Islands, Rep. of the",2006,0.272
Martinique,2006,0.788
"Mauritania, Islamic Rep. of",2006,1.292
Mauritius,2006,0.335
Mayotte,2006,0.198
Mexico,2006,0.873
"Micronesia, Federated States of",2006,0.266
"Moldova, Rep. of",2006,0.229
Monaco,2006,1.167
Mongolia,2006,1.252
Montenegro,2006,0.538
Montserrat,2006,0.75
Morocco,2006,1.474
"Mozambique, Rep. of",2006,0.494
Myanmar,2006,0.781
Namibia,2006,-0.068
"Nauru, Rep. of",2006,
Nepal,2006,0.854
"Netherlands, The",2006,1.518
New Caledonia,2006,0.617
New Zealand,2006,0.402
Nicaragua,2006,0.798
Niger,2006,1.281
Nigeria,2006,1.283
Niue,2006,
Norfolk Island,2006,0.478
"North Macedonia, Republic of ",2006,0.409
Norway,2006,1.505
Oceania,2006,0.62
Oman,2006,0.901
Pakistan,2006,1.218
"Palau, Rep. of",2006,0.64
Panama,2006,0.813
Papua New Guinea,2006,0.457
Paraguay,2006,1.0
Peru,2006,0.754
Philippines,2006,0.827
Pitcairn Islands,2006,0.473
"Poland, Rep. of",2006,0.827
Portugal,2006,1.479
Puerto Rico,2006,
Qatar,2006,1.65
Réunion,2006,0.347
Romania,2006,0.487
Russian Federation,2006,0.531
Rwanda,2006,
Saint Helena,2006,1.555
Saint Pierre and Miquelon,2006,1.859
Samoa,2006,0.411
"San Marino, Rep. of",2006,0.839
"São Tomé and Príncipe, Dem. Rep. of",2006,0.79
Saudi Arabia,2006,1.15
Senegal,2006,1.436
"Serbia, Rep. of",2006,0.605
Seychelles,2006,0.402
Sierra Leone,2006,1.005
Singapore,2006,0.571
Slovak Rep.,2006,0.623
"Slovenia, Rep. of",2006,0.89
Solomon Islands,2006,0.362
Somalia,2006,0.832
South Africa,2006,0.429
"South Sudan, Rep. of",2006,
Spain,2006,1.495
Sri Lanka,2006,0.628
St. Kitts and Nevis,2006,0.75
St. Lucia,2006,0.754
St. Vincent and the Grenadines,2006,0.632
Sudan,2006,
Suriname,2006,0.868
Svalbard Jan Mayen Islands,2006,3.886
Sweden,2006,1.486
Switzerland,2006,1.102
Syrian Arab Rep.,2006,1.058
Taiwan Province of China,2006,0.832
"Tajikistan, Rep. of",2006,1.439
"Tanzania, United Rep. of",2006,0.776
Thailand,2006,0.652
"Timor-Leste, Dem. Rep. of",2006,0.117
Togo,2006,1.061
Tokelau,2006,
Tonga,2006,0.375
Trinidad and Tobago,2006,0.739
Tunisia,2006,1.354
"Türkiye, Rep. of",2006,0.884
Turkmenistan,2006,1.692
Turks and Caicos Islands,2006,
Tuvalu,2006,0.65
Uganda,2006,1.065
Ukraine,2006,0.268
United Arab Emirates,2006,1.304
United Kingdom,2006,1.241
United States,2006,1.033
United States Virgin Islands,2006,
Uruguay,2006,0.582
"Uzbekistan, Rep. of",2006,1.542
Vanuatu,2006,0.354
"Venezuela, Rep. Bolivariana de",2006,0.662
Vietnam,2006,0.885
Wallis and Futuna Islands,2006,0.456
West Bank and Gaza,2006,0.651
Western Sahara,2006,1.368
World,2006,0.999
"Yemen, Rep. of",2006,
Zambia,2006,0.76
Zimbabwe,2006,-0.14
"Afghanistan, Islamic Rep. of",2007,0.794
Africa,2007,0.793
Albania,2007,1.389
Algeria,2007,1.249
American Samoa,2007,0.928
Americas,2007,0.923
"Andorra, Principality of",2007,1.018
Angola,2007,0.777
Anguilla,2007,0.887
Antarctica,2007,0.682
Antigua and Barbuda,2007,0.887
Argentina,2007,-0.261
"Armenia, Rep. of",2007,0.744
"Aruba, Kingdom of the Netherlands",2007,0.894
Asia,2007,1.215
Australia,2007,0.855
Austria,2007,2.151
"Azerbaijan, Rep. of",2007,0.979
"Bahamas, The",2007,0.913
"Bahrain, Kingdom of",2007,1.041
Bangladesh,2007,0.426
Barbados,2007,0.724
"Belarus, Rep. of",2007,2.354
Belgium,2007,1.889
Belize,2007,0.744
Benin,2007,0.868
Bhutan,2007,0.954
Bolivia,2007,0.569
Bosnia and Herzegovina,2007,1.933
Botswana,2007,0.677
Brazil,2007,0.981
British Virgin Islands,2007,
Brunei Darussalam,2007,0.496
Bulgaria,2007,1.853
Burkina Faso,2007,0.887
Burundi,2007,1.115
Cabo Verde,2007,0.283
Cambodia,2007,0.574
Cameroon,2007,0.775
Canada,2007,1.344
Cayman Islands,2007,1.151
Central African Rep.,2007,0.491
Chad,2007,0.692
Chile,2007,-0.457
"China, P.R.: Hong Kong",2007,1.121
"China, P.R.: Macao",2007,1.121
"China, P.R.: Mainland",2007,1.556
Colombia,2007,0.69
"Comoros, Union of the",2007,0.57
"Congo, Dem. Rep. of the",2007,0.696
"Congo, Rep. of",2007,0.811
Cook Islands,2007,0.642
Costa Rica,2007,0.867
Côte d'Ivoire,2007,1.145
"Croatia, Rep. of",2007,2.0
Cuba,2007,0.857
Cyprus,2007,0.873
Czech Rep.,2007,2.172
Denmark,2007,2.129
Djibouti,2007,0.775
Dominica,2007,0.887
Dominican Rep.,2007,1.052
Ecuador,2007,0.76
"Egypt, Arab Rep. of",2007,0.506
El Salvador,2007,0.512
"Equatorial Guinea, Rep. of",2007,0.824
"Eritrea, The State of",2007,0.186
"Estonia, Rep. of",2007,2.255
"Eswatini, Kingdom of",2007,0.825
"Ethiopia, The Federal Dem. Rep. of",2007,0.918
Europe,2007,2.287
Falkland Islands (Malvinas),2007,
Faroe Islands,2007,0.992
"Fiji, Rep. of",2007,0.832
Finland,2007,1.952
France,2007,1.407
French Polynesia,2007,0.884
Gabon,2007,0.912
"Gambia, The",2007,1.189
Georgia,2007,0.888
Germany,2007,2.098
Ghana,2007,1.072
Gibraltar,2007,0.794
Greece,2007,1.096
Greenland,2007,1.41
Grenada,2007,0.564
Guadeloupe,2007,0.887
Guatemala,2007,0.66
"Guiana, French",2007,0.904
Guinea,2007,0.997
Guinea-Bissau,2007,1.115
Guyana,2007,0.974
Haiti,2007,1.048
Holy See,2007,1.323
Honduras,2007,0.807
Hungary,2007,2.165
Iceland,2007,1.016
India,2007,0.636
Indonesia,2007,0.448
"Iran, Islamic Rep. of",2007,0.904
Iraq,2007,0.941
Ireland,2007,1.326
Isle of Man,2007,1.302
Israel,2007,0.593
Italy,2007,1.532
Jamaica,2007,0.905
Japan,2007,0.988
Jordan,2007,0.572
"Kazakhstan, Rep. of",2007,2.167
Kenya,2007,0.507
Kiribati,2007,0.597
"Korea, Dem. People's Rep. of",2007,1.603
"Korea, Rep. of",2007,1.306
Kuwait,2007,0.999
Kyrgyz Rep.,2007,1.674
Lao People's Dem. Rep.,2007,0.574
Latvia,2007,2.207
Lebanon,2007,0.783
"Lesotho, Kingdom of",2007,0.606
Liberia,2007,1.045
Libya,2007,0.837
Liechtenstein,2007,1.963
Lithuania,2007,2.191
Luxembourg,2007,1.944
"Madagascar, Rep. of",2007,0.54
Malawi,2007,1.062
Malaysia,2007,0.538
Maldives,2007,0.536
Mali,2007,0.978
Malta,2007,1.336
"Marshall Islands, Rep. of the",2007,0.276
Martinique,2007,0.858
"Mauritania, Islamic Rep. of",2007,0.892
Mauritius,2007,0.438
Mayotte,2007,0.61
Mexico,2007,0.452
"Micronesia, Federated States of",2007,0.185
"Moldova, Rep. of",2007,2.321
Monaco,2007,1.625
Mongolia,2007,2.762
Montenegro,2007,1.778
Montserrat,2007,0.887
Morocco,2007,1.012
"Mozambique, Rep. of",2007,0.609
Myanmar,2007,0.462
Namibia,2007,0.847
"Nauru, Rep. of",2007,
Nepal,2007,0.721
"Netherlands, The",2007,2.085
New Caledonia,2007,1.01
New Zealand,2007,0.251
Nicaragua,2007,0.929
Niger,2007,0.995
Nigeria,2007,0.919
Niue,2007,
Norfolk Island,2007,0.564
"North Macedonia, Republic of ",2007,1.561
Norway,2007,1.699
Oceania,2007,0.818
Oman,2007,0.757
Pakistan,2007,0.855
"Palau, Rep. of",2007,0.746
Panama,2007,0.716
Papua New Guinea,2007,0.542
Paraguay,2007,0.335
Peru,2007,0.575
Philippines,2007,0.875
Pitcairn Islands,2007,0.048
"Poland, Rep. of",2007,2.138
Portugal,2007,0.698
Puerto Rico,2007,
Qatar,2007,0.98
Réunion,2007,0.55
Romania,2007,2.096
Russian Federation,2007,2.466
Rwanda,2007,1.123
Saint Helena,2007,0.962
Saint Pierre and Miquelon,2007,0.388
Samoa,2007,0.854
"San Marino, Rep. of",2007,1.823
"São Tomé and Príncipe, Dem. Rep. of",2007,1.01
Saudi Arabia,2007,0.662
Senegal,2007,1.279
"Serbia, Rep. of",2007,1.942
Seychelles,2007,0.705
Sierra Leone,2007,0.689
Singapore,2007,
Slovak Rep.,2007,2.141
"Slovenia, Rep. of",2007,2.194
Solomon Islands,2007,0.519
Somalia,2007,0.936
South Africa,2007,0.815
"South Sudan, Rep. of",2007,
Spain,2007,0.806
Sri Lanka,2007,0.607
St. Kitts and Nevis,2007,0.887
St. Lucia,2007,0.717
St. Vincent and the Grenadines,2007,0.563
Sudan,2007,
Suriname,2007,0.832
Svalbard Jan Mayen Islands,2007,3.05
Sweden,2007,1.939
Switzerland,2007,1.817
Syrian Arab Rep.,2007,0.824
Taiwan Province of China,2007,0.902
"Tajikistan, Rep. of",2007,1.075
"Tanzania, United Rep. of",2007,0.676
Thailand,2007,0.523
"Timor-Leste, Dem. Rep. of",2007,0.423
Togo,2007,0.913
Tokelau,2007,
Tonga,2007,0.657
Trinidad and Tobago,2007,0.609
Tunisia,2007,1.479
"Türkiye, Rep. of",2007,0.978
Turkmenistan,2007,1.1
Turks and Caicos Islands,2007,
Tuvalu,2007,0.744
Uganda,2007,0.413
Ukraine,2007,2.367
United Arab Emirates,2007,0.875
United Kingdom,2007,1.327
United States,2007,1.148
United States Virgin Islands,2007,
Uruguay,2007,0.135
"Uzbekistan, Rep. of",2007,1.348
Vanuatu,2007,0.802
"Venezuela, Rep. Bolivariana de",2007,0.735
Vietnam,2007,0.518
Wallis and Futuna Islands,2007,0.721
West Bank and Gaza,2007,0.59
Western Sahara,2007,0.867
World,2007,1.19
"Yemen, Rep. of",2007,
Zambia,2007,0.962
Zimbabwe,2007,0.3
"Afghanistan, Islamic Rep. of",2008,0.808
Africa,2008,0.724
Albania,2008,1.043
Algeria,2008,1.205
American Samoa,2008,0.498
Americas,2008,0.571
"Andorra, Principality of",2008,0.932
Angola,2008,0.42
Anguilla,2008,0.3
Antarctica,2008,0.567
Antigua and Barbuda,2008,0.3
Argentina,2008,0.504
"Armenia, Rep. of",2008,0.875
"Aruba, Kingdom of the Netherlands",2008,0.16
Asia,2008,0.905
Australia,2008,0.546
Austria,2008,1.597
"Azerbaijan, Rep. of",2008,0.882
"Bahamas, The",2008,0.894
"Bahrain, Kingdom of",2008,1.292
Bangladesh,2008,0.213
Barbados,2008,0.361
"Belarus, Rep. of",2008,2.244
Belgium,2008,1.261
Belize,2008,0.469
Benin,2008,0.702
Bhutan,2008,0.52
Bolivia,2008,0.445
Bosnia and Herzegovina,2008,1.447
Botswana,2008,0.607
Brazil,2008,0.731
British Virgin Islands,2008,
Brunei Darussalam,2008,0.311
Bulgaria,2008,1.146
Burkina Faso,2008,0.326
Burundi,2008,
Cabo Verde,2008,0.764
Cambodia,2008,0.392
Cameroon,2008,0.694
Canada,2008,0.865
Cayman Islands,2008,0.959
Central African Rep.,2008,0.52
Chad,2008,0.534
Chile,2008,0.26
"China, P.R.: Hong Kong",2008,0.524
"China, P.R.: Macao",2008,0.524
"China, P.R.: Mainland",2008,1.108
Colombia,2008,0.356
"Comoros, Union of the",2008,0.356
"Congo, Dem. Rep. of the",2008,0.556
"Congo, Rep. of",2008,0.716
Cook Islands,2008,0.506
Costa Rica,2008,0.445
Côte d'Ivoire,2008,0.852
"Croatia, Rep. of",2008,1.479
Cuba,2008,0.514
Cyprus,2008,1.084
Czech Rep.,2008,1.648
Denmark,2008,1.854
Djibouti,2008,0.219
Dominica,2008,0.301
Dominican Rep.,2008,0.561
Ecuador,2008,0.649
"Egypt, Arab Rep. of",2008,0.834
El Salvador,2008,0.266
"Equatorial Guinea, Rep. of",2008,0.693
"Eritrea, The State of",2008,0.989
"Estonia, Rep. of",2008,2.587
"Eswatini, Kingdom of",2008,0.307
"Ethiopia, The Federal Dem. Rep. of",2008,0.858
Europe,2008,2.001
Falkland Islands (Malvinas),2008,
Faroe Islands,2008,0.928
"Fiji, Rep. of",2008,0.367
Finland,2008,2.135
France,2008,0.991
French Polynesia,2008,0.383
Gabon,2008,0.789
"Gambia, The",2008,1.45
Georgia,2008,0.664
Germany,2008,1.55
Ghana,2008,0.831
Gibraltar,2008,0.96
Greece,2008,0.881
Greenland,2008,0.866
Grenada,2008,0.417
Guadeloupe,2008,0.3
Guatemala,2008,0.204
"Guiana, French",2008,0.839
Guinea,2008,1.128
Guinea-Bissau,2008,1.408
Guyana,2008,0.68
Haiti,2008,0.704
Holy See,2008,0.976
Honduras,2008,0.605
Hungary,2008,1.514
Iceland,2008,0.67
India,2008,0.303
Indonesia,2008,0.252
"Iran, Islamic Rep. of",2008,1.144
Iraq,2008,1.161
Ireland,2008,0.818
Isle of Man,2008,0.809
Israel,2008,0.801
Italy,2008,1.125
Jamaica,2008,0.531
Japan,2008,0.657
Jordan,2008,0.785
"Kazakhstan, Rep. of",2008,1.519
Kenya,2008,0.708
Kiribati,2008,0.299
"Korea, Dem. People's Rep. of",2008,1.517
"Korea, Rep. of",2008,1.004
Kuwait,2008,1.368
Kyrgyz Rep.,2008,0.972
Lao People's Dem. Rep.,2008,0.263
Latvia,2008,2.4
Lebanon,2008,1.043
"Lesotho, Kingdom of",2008,0.358
Liberia,2008,1.148
Libya,2008,0.86
Liechtenstein,2008,1.426
Lithuania,2008,2.214
Luxembourg,2008,1.281
"Madagascar, Rep. of",2008,0.377
Malawi,2008,0.521
Malaysia,2008,0.402
Maldives,2008,0.307
Mali,2008,0.588
Malta,2008,1.175
"Marshall Islands, Rep. of the",2008,0.028
Martinique,2008,0.307
"Mauritania, Islamic Rep. of",2008,1.17
Mauritius,2008,0.072
Mayotte,2008,0.319
Mexico,2008,0.497
"Micronesia, Federated States of",2008,0.061
"Moldova, Rep. of",2008,1.469
Monaco,2008,1.08
Mongolia,2008,1.798
Montenegro,2008,1.345
Montserrat,2008,0.3
Morocco,2008,1.161
"Mozambique, Rep. of",2008,0.25
Myanmar,2008,0.445
Namibia,2008,0.772
"Nauru, Rep. of",2008,
Nepal,2008,0.379
"Netherlands, The",2008,1.438
New Caledonia,2008,0.982
New Zealand,2008,0.577
Nicaragua,2008,0.663
Niger,2008,0.464
Nigeria,2008,0.695
Niue,2008,
Norfolk Island,2008,0.453
"North Macedonia, Republic of ",2008,1.173
Norway,2008,1.616
Oceania,2008,0.544
Oman,2008,0.632
Pakistan,2008,0.569
"Palau, Rep. of",2008,
Panama,2008,0.39
Papua New Guinea,2008,0.491
Paraguay,2008,0.355
Peru,2008,0.619
Philippines,2008,0.562
Pitcairn Islands,2008,-0.033
"Poland, Rep. of",2008,1.741
Portugal,2008,0.595
Puerto Rico,2008,
Qatar,2008,1.155
Réunion,2008,0.39
Romania,2008,1.303
Russian Federation,2008,2.197
Rwanda,2008,
Saint Helena,2008,1.04
Saint Pierre and Miquelon,2008,0.462
Samoa,2008,0.437
"San Marino, Rep. of",2008,1.274
"São Tomé and Príncipe, Dem. Rep. of",2008,0.73
Saudi Arabia,2008,0.859
Senegal,2008,1.37
"Serbia, Rep. of",2008,1.394
Seychelles,2008,0.308
Sierra Leone,2008,1.145
Singapore,2008,
Slovak Rep.,2008,1.513
"Slovenia, Rep. of",2008,1.603
Solomon Islands,2008,
Somalia,2008,0.647
South Africa,2008,0.698
"South Sudan, Rep. of",2008,
Spain,2008,0.846
Sri Lanka,2008,0.534
St. Kitts and Nevis,2008,0.3
St. Lucia,2008,0.359
St. Vincent and the Grenadines,2008,0.418
Sudan,2008,
Suriname,2008,0.895
Svalbard Jan Mayen Islands,2008,1.84
Sweden,2008,1.957
Switzerland,2008,1.21
Syrian Arab Rep.,2008,1.067
Taiwan Province of China,2008,0.696
"Tajikistan, Rep. of",2008,0.795
"Tanzania, United Rep. of",2008,0.382
Thailand,2008,0.378
"Timor-Leste, Dem. Rep. of",2008,0.175
Togo,2008,0.798
Tokelau,2008,
Tonga,2008,0.109
Trinidad and Tobago,2008,0.441
Tunisia,2008,1.464
"Türkiye, Rep. of",2008,0.858
Turkmenistan,2008,0.726
Turks and Caicos Islands,2008,
Tuvalu,2008,0.371
Uganda,2008,0.712
Ukraine,2008,1.602
United Arab Emirates,2008,0.852
United Kingdom,2008,0.829
United States,2008,0.219
United States Virgin Islands,2008,
Uruguay,2008,0.728
"Uzbekistan, Rep. of",2008,0.672
Vanuatu,2008,0.639
"Venezuela, Rep. Bolivariana de",2008,0.51
Vietnam,2008,0.216
Wallis and Futuna Islands,2008,0.147
West Bank and Gaza,2008,0.797
Western Sahara,2008,1.334
World,2008,0.928
"Yemen, Rep. of",2008,
Zambia,2008,0.518
Zimbabwe,2008,0.196
"Afghanistan, Islamic Rep. of",2009,0.948
Africa,2009,0.96
Albania,2009,0.977
Algeria,2009,0.958
American Samoa,2009,
Americas,2009,0.681
"Andorra, Principality of",2009,1.4
Angola,2009,0.636
Anguilla,2009,0.521
Antarctica,2009,1.32
Antigua and Barbuda,2009,0.521
Argentina,2009,0.751
"Armenia, Rep. of",2009,0.692
"Aruba, Kingdom of the Netherlands",2009,0.429
Asia,2009,1.104
Australia,2009,0.95
Austria,2009,1.554
"Azerbaijan, Rep. of",2009,0.778
"Bahamas, The",2009,0.487
"Bahrain, Kingdom of",2009,1.176
Bangladesh,2009,0.972
Barbados,2009,0.473
"Belarus, Rep. of",2009,1.588
Belgium,2009,1.159
Belize,2009,0.814
Benin,2009,1.008
Bhutan,2009,1.362
Bolivia,2009,0.759
Bosnia and Herzegovina,2009,1.457
Botswana,2009,0.164
Brazil,2009,0.946
British Virgin Islands,2009,
Brunei Darussalam,2009,0.643
Bulgaria,2009,1.259
Burkina Faso,2009,0.976
Burundi,2009,
Cabo Verde,2009,0.599
Cambodia,2009,0.375
Cameroon,2009,1.077
Canada,2009,0.552
Cayman Islands,2009,0.862
Central African Rep.,2009,0.96
Chad,2009,1.304
Chile,2009,0.288
"China, P.R.: Hong Kong",2009,1.02
"China, P.R.: Macao",2009,1.02
"China, P.R.: Mainland",2009,1.353
Colombia,2009,0.846
"Comoros, Union of the",2009,0.692
"Congo, Dem. Rep. of the",2009,0.831
"Congo, Rep. of",2009,0.718
Cook Islands,2009,0.356
Costa Rica,2009,1.137
Côte d'Ivoire,2009,1.034
"Croatia, Rep. of",2009,1.517
Cuba,2009,0.812
Cyprus,2009,1.027
Czech Rep.,2009,1.429
Denmark,2009,1.318
Djibouti,2009,1.315
Dominica,2009,0.522
Dominican Rep.,2009,0.82
Ecuador,2009,0.917
"Egypt, Arab Rep. of",2009,0.826
El Salvador,2009,0.865
"Equatorial Guinea, Rep. of",2009,0.817
"Eritrea, The State of",2009,1.667
"Estonia, Rep. of",2009,1.604
"Eswatini, Kingdom of",2009,0.082
"Ethiopia, The Federal Dem. Rep. of",2009,1.371
Europe,2009,1.212
Falkland Islands (Malvinas),2009,
Faroe Islands,2009,1.482
"Fiji, Rep. of",2009,0.119
Finland,2009,1.699
France,2009,1.207
French Polynesia,2009,0.843
Gabon,2009,0.802
"Gambia, The",2009,0.776
Georgia,2009,0.661
Germany,2009,1.287
Ghana,2009,1.009
Gibraltar,2009,1.24
Greece,2009,0.761
Greenland,2009,0.829
Grenada,2009,0.356
Guadeloupe,2009,0.521
Guatemala,2009,0.732
"Guiana, French",2009,1.204
Guinea,2009,0.96
Guinea-Bissau,2009,0.897
Guyana,2009,1.179
Haiti,2009,0.837
Holy See,2009,1.01
Honduras,2009,0.86
Hungary,2009,1.63
Iceland,2009,0.83
India,2009,1.176
Indonesia,2009,0.562
"Iran, Islamic Rep. of",2009,1.225
Iraq,2009,0.876
Ireland,2009,0.785
Isle of Man,2009,0.854
Israel,2009,0.902
Italy,2009,1.213
Jamaica,2009,0.812
Japan,2009,0.793
Jordan,2009,0.621
"Kazakhstan, Rep. of",2009,1.149
Kenya,2009,1.284
Kiribati,2009,0.652
"Korea, Dem. People's Rep. of",2009,1.065
"Korea, Rep. of",2009,1.002
Kuwait,2009,1.249
Kyrgyz Rep.,2009,0.959
Lao People's Dem. Rep.,2009,0.633
Latvia,2009,1.514
Lebanon,2009,0.892
"Lesotho, Kingdom of",2009,0.346
Liberia,2009,1.341
Libya,2009,0.747
Liechtenstein,2009,1.435
Lithuania,2009,1.38
Luxembourg,2009,1.182
"Madagascar, Rep. of",2009,0.74
Malawi,2009,0.652
Malaysia,2009,0.646
Maldives,2009,0.658
Mali,2009,1.033
Malta,2009,0.924
"Marshall Islands, Rep. of the",2009,0.231
Martinique,2009,0.516
"Mauritania, Islamic Rep. of",2009,0.777
Mauritius,2009,0.69
Mayotte,2009,0.56
Mexico,2009,0.99
"Micronesia, Federated States of",2009,0.284
"Moldova, Rep. of",2009,1.675
Monaco,2009,1.448
Mongolia,2009,1.438
Montenegro,2009,1.311
Montserrat,2009,0.521
Morocco,2009,1.26
"Mozambique, Rep. of",2009,0.443
Myanmar,2009,0.873
Namibia,2009,0.555
"Nauru, Rep. of",2009,
Nepal,2009,1.177
"Netherlands, The",2009,1.224
New Caledonia,2009,0.764
New Zealand,2009,0.084
Nicaragua,2009,0.922
Niger,2009,1.485
Nigeria,2009,1.385
Niue,2009,
Norfolk Island,2009,0.627
"North Macedonia, Republic of ",2009,1.053
Norway,2009,1.4
Oceania,2009,0.894
Oman,2009,0.824
Pakistan,2009,1.191
"Palau, Rep. of",2009,0.847
Panama,2009,0.917
Papua New Guinea,2009,0.524
Paraguay,2009,0.991
Peru,2009,0.854
Philippines,2009,0.726
Pitcairn Islands,2009,-0.195
"Poland, Rep. of",2009,1.264
Portugal,2009,1.315
Puerto Rico,2009,1.04
Qatar,2009,1.102
Réunion,2009,0.926
Romania,2009,1.573
Russian Federation,2009,1.162
Rwanda,2009,
Saint Helena,2009,1.609
Saint Pierre and Miquelon,2009,0.686
Samoa,2009,
"San Marino, Rep. of",2009,1.364
"São Tomé and Príncipe, Dem. Rep. of",2009,0.964
Saudi Arabia,2009,0.987
Senegal,2009,0.791
"Serbia, Rep. of",2009,1.421
Seychelles,2009,0.542
Sierra Leone,2009,0.785
Singapore,2009,0.573
Slovak Rep.,2009,1.485
"Slovenia, Rep. of",2009,1.655
Solomon Islands,2009,0.242
Somalia,2009,1.259
South Africa,2009,0.723
"South Sudan, Rep. of",2009,
Spain,2009,1.332
Sri Lanka,2009,0.744
St. Kitts and Nevis,2009,0.521
St. Lucia,2009,0.444
St. Vincent and the Grenadines,2009,0.349
Sudan,2009,
Suriname,2009,1.216
Svalbard Jan Mayen Islands,2009,1.906
Sweden,2009,1.438
Switzerland,2009,1.38
Syrian Arab Rep.,2009,0.661
Taiwan Province of China,2009,0.893
"Tajikistan, Rep. of",2009,0.677
"Tanzania, United Rep. of",2009,0.78
Thailand,2009,0.493
"Timor-Leste, Dem. Rep. of",2009,0.554
Togo,2009,0.921
Tokelau,2009,
Tonga,2009,0.181
Trinidad and Tobago,2009,0.504
Tunisia,2009,0.952
"Türkiye, Rep. of",2009,0.678
Turkmenistan,2009,1.086
Turks and Caicos Islands,2009,
Tuvalu,2009,0.653
Uganda,2009,1.298
Ukraine,2009,1.575
United Arab Emirates,2009,0.977
United Kingdom,2009,0.942
United States,2009,0.408
United States Virgin Islands,2009,1.058
Uruguay,2009,0.509
"Uzbekistan, Rep. of",2009,1.03
Vanuatu,2009,0.369
"Venezuela, Rep. Bolivariana de",2009,0.79
Vietnam,2009,0.691
Wallis and Futuna Islands,2009,0.203
West Bank and Gaza,2009,0.908
Western Sahara,2009,0.91
World,2009,0.948
"Yemen, Rep. of",2009,
Zambia,2009,0.506
Zimbabwe,2009,-0.159
"Afghanistan, Islamic Rep. of",2010,1.664
Africa,2010,1.501
Albania,2010,1.261
Algeria,2010,2.275
American Samoa,2010,1.131
Americas,2010,1.313
"Andorra, Principality of",2010,0.459
Angola,2010,1.167
Anguilla,2010,1.294
Antarctica,2010,0.849
Antigua and Barbuda,2010,1.294
Argentina,2010,0.045
"Armenia, Rep. of",2010,2.772
"Aruba, Kingdom of the Netherlands",2010,1.0
Asia,2010,1.284
Australia,2010,0.593
Austria,2010,0.668
"Azerbaijan, Rep. of",2010,2.328
"Bahamas, The",2010,0.382
"Bahrain, Kingdom of",2010,2.224
Bangladesh,2010,0.89
Barbados,2010,1.19
"Belarus, Rep. of",2010,1.438
Belgium,2010,0.236
Belize,2010,0.733
Benin,2010,1.283
Bhutan,2010,1.159
Bolivia,2010,0.79
Bosnia and Herzegovina,2010,1.031
Botswana,2010,1.395
Brazil,2010,1.134
British Virgin Islands,2010,
Brunei Darussalam,2010,0.744
Bulgaria,2010,1.334
Burkina Faso,2010,1.288
Burundi,2010,
Cabo Verde,2010,2.083
Cambodia,2010,1.152
Cameroon,2010,1.215
Canada,2010,2.931
Cayman Islands,2010,1.065
Central African Rep.,2010,1.019
Chad,2010,1.33
Chile,2010,-0.226
"China, P.R.: Hong Kong",2010,0.506
"China, P.R.: Macao",2010,0.506
"China, P.R.: Mainland",2010,0.984
Colombia,2010,1.034
"Comoros, Union of the",2010,0.933
"Congo, Dem. Rep. of the",2010,1.272
"Congo, Rep. of",2010,1.213
Cook Islands,2010,0.867
Costa Rica,2010,1.037
Côte d'Ivoire,2010,1.369
"Croatia, Rep. of",2010,0.883
Cuba,2010,0.726
Cyprus,2010,2.045
Czech Rep.,2010,0.413
Denmark,2010,-0.201
Djibouti,2010,0.964
Dominica,2010,1.295
Dominican Rep.,2010,1.007
Ecuador,2010,0.907
"Egypt, Arab Rep. of",2010,2.239
El Salvador,2010,0.567
"Equatorial Guinea, Rep. of",2010,1.093
"Eritrea, The State of",2010,1.527
"Estonia, Rep. of",2010,0.53
"Eswatini, Kingdom of",2010,0.919
"Ethiopia, The Federal Dem. Rep. of",2010,1.271
Europe,2010,0.791
Falkland Islands (Malvinas),2010,
Faroe Islands,2010,0.297
"Fiji, Rep. of",2010,0.7
Finland,2010,0.243
France,2010,0.391
French Polynesia,2010,0.83
Gabon,2010,1.078
"Gambia, The",2010,1.424
Georgia,2010,2.463
Germany,2010,0.2
Ghana,2010,1.39
Gibraltar,2010,1.312
Greece,2010,1.574
Greenland,2010,3.231
Grenada,2010,1.149
Guadeloupe,2010,1.295
Guatemala,2010,0.69
"Guiana, French",2010,1.426
Guinea,2010,1.369
Guinea-Bissau,2010,1.427
Guyana,2010,1.174
Haiti,2010,1.065
Holy See,2010,0.747
Honduras,2010,0.836
Hungary,2010,0.822
Iceland,2010,1.054
India,2010,1.159
Indonesia,2010,0.768
"Iran, Islamic Rep. of",2010,2.252
Iraq,2010,2.681
Ireland,2010,-0.127
Isle of Man,2010,-0.132
Israel,2010,2.397
Italy,2010,0.728
Jamaica,2010,1.136
Japan,2010,0.913
Jordan,2010,2.659
"Kazakhstan, Rep. of",2010,1.276
Kenya,2010,1.071
Kiribati,2010,0.361
"Korea, Dem. People's Rep. of",2010,0.379
"Korea, Rep. of",2010,0.54
Kuwait,2010,2.521
Kyrgyz Rep.,2010,1.334
Lao People's Dem. Rep.,2010,1.345
Latvia,2010,0.681
Lebanon,2010,2.392
"Lesotho, Kingdom of",2010,1.087
Liberia,2010,1.42
Libya,2010,2.057
Liechtenstein,2010,0.514
Lithuania,2010,0.734
Luxembourg,2010,0.321
"Madagascar, Rep. of",2010,1.033
Malawi,2010,1.087
Malaysia,2010,0.876
Maldives,2010,0.795
Mali,2010,1.7
Malta,2010,1.052
"Marshall Islands, Rep. of the",2010,0.402
Martinique,2010,1.274
"Mauritania, Islamic Rep. of",2010,1.847
Mauritius,2010,0.974
Mayotte,2010,0.8
Mexico,2010,0.233
"Micronesia, Federated States of",2010,0.475
"Moldova, Rep. of",2010,1.203
Monaco,2010,0.437
Mongolia,2010,0.348
Montenegro,2010,1.27
Montserrat,2010,1.294
Morocco,2010,2.127
"Mozambique, Rep. of",2010,0.884
Myanmar,2010,1.174
Namibia,2010,1.33
"Nauru, Rep. of",2010,
Nepal,2010,1.2
"Netherlands, The",2010,0.106
New Caledonia,2010,1.116
New Zealand,2010,0.63
Nicaragua,2010,0.944
Niger,2010,1.722
Nigeria,2010,1.499
Niue,2010,
Norfolk Island,2010,0.89
"North Macedonia, Republic of ",2010,1.4
Norway,2010,-0.342
Oceania,2010,0.627
Oman,2010,1.227
Pakistan,2010,1.45
"Palau, Rep. of",2010,0.802
Panama,2010,0.964
Papua New Guinea,2010,1.165
Paraguay,2010,0.415
Peru,2010,1.022
Philippines,2010,1.066
Pitcairn Islands,2010,-0.003
"Poland, Rep. of",2010,0.392
Portugal,2010,1.064
Puerto Rico,2010,1.905
Qatar,2010,1.992
Réunion,2010,0.838
Romania,2010,1.116
Russian Federation,2010,0.852
Rwanda,2010,
Saint Helena,2010,1.076
Saint Pierre and Miquelon,2010,1.294
Samoa,2010,1.103
"San Marino, Rep. of",2010,0.695
"São Tomé and Príncipe, Dem. Rep. of",2010,1.23
Saudi Arabia,2010,2.131
Senegal,2010,1.527
"Serbia, Rep. of",2010,1.226
Seychelles,2010,0.735
Sierra Leone,2010,1.308
Singapore,2010,0.595
Slovak Rep.,2010,0.673
"Slovenia, Rep. of",2010,0.796
Solomon Islands,2010,0.503
Somalia,2010,1.055
South Africa,2010,1.187
"South Sudan, Rep. of",2010,
Spain,2010,0.893
Sri Lanka,2010,1.079
St. Kitts and Nevis,2010,1.294
St. Lucia,2010,1.206
St. Vincent and the Grenadines,2010,1.146
Sudan,2010,
Suriname,2010,1.353
Svalbard Jan Mayen Islands,2010,2.272
Sweden,2010,-0.279
Switzerland,2010,0.468
Syrian Arab Rep.,2010,2.488
Taiwan Province of China,2010,0.623
"Tajikistan, Rep. of",2010,1.202
"Tanzania, United Rep. of",2010,0.898
Thailand,2010,1.293
"Timor-Leste, Dem. Rep. of",2010,0.837
Togo,2010,1.272
Tokelau,2010,
Tonga,2010,0.698
Trinidad and Tobago,2010,1.242
Tunisia,2010,1.848
"Türkiye, Rep. of",2010,2.381
Turkmenistan,2010,1.908
Turks and Caicos Islands,2010,
Tuvalu,2010,0.911
Uganda,2010,1.422
Ukraine,2010,1.605
United Arab Emirates,2010,1.627
United Kingdom,2010,-0.065
United States,2010,0.704
United States Virgin Islands,2010,1.938
Uruguay,2010,0.292
"Uzbekistan, Rep. of",2010,1.752
Vanuatu,2010,0.822
"Venezuela, Rep. Bolivariana de",2010,1.133
Vietnam,2010,1.113
Wallis and Futuna Islands,2010,0.719
West Bank and Gaza,2010,2.402
Western Sahara,2010,1.921
World,2010,1.215
"Yemen, Rep. of",2010,
Zambia,2010,1.453
Zimbabwe,2010,0.944
"Afghanistan, Islamic Rep. of",2011,1.455
Africa,2011,0.913
Albania,2011,1.125
Algeria,2011,1.403
American Samoa,2011,0.681
Americas,2011,0.865
"Andorra, Principality of",2011,1.666
Angola,2011,0.844
Anguilla,2011,0.581
Antarctica,2011,0.771
Antigua and Barbuda,2011,0.581
Argentina,2011,0.284
"Armenia, Rep. of",2011,0.655
"Aruba, Kingdom of the Netherlands",2011,0.298
Asia,2011,0.727
Australia,2011,0.135
Austria,2011,1.384
"Azerbaijan, Rep. of",2011,0.733
"Bahamas, The",2011,0.458
"Bahrain, Kingdom of",2011,1.365
Bangladesh,2011,0.298
Barbados,2011,0.698
"Belarus, Rep. of",2011,0.996
Belgium,2011,1.29
Belize,2011,0.612
Benin,2011,0.998
Bhutan,2011,0.495
Bolivia,2011,1.207
Bosnia and Herzegovina,2011,1.193
Botswana,2011,0.486
Brazil,2011,0.833
British Virgin Islands,2011,
Brunei Darussalam,2011,0.374
Bulgaria,2011,0.394
Burkina Faso,2011,1.023
Burundi,2011,
Cabo Verde,2011,1.01
Cambodia,2011,0.354
Cameroon,2011,0.596
Canada,2011,1.462
Cayman Islands,2011,0.75
Central African Rep.,2011,0.539
Chad,2011,0.978
Chile,2011,0.0
"China, P.R.: Hong Kong",2011,0.439
"China, P.R.: Macao",2011,0.439
"China, P.R.: Mainland",2011,0.808
Colombia,2011,0.491
"Comoros, Union of the",2011,0.569
"Congo, Dem. Rep. of the",2011,0.754
"Congo, Rep. of",2011,0.583
Cook Islands,2011,0.754
Costa Rica,2011,0.612
Côte d'Ivoire,2011,1.053
"Croatia, Rep. of",2011,1.279
Cuba,2011,0.703
Cyprus,2011,0.698
Czech Rep.,2011,1.042
Denmark,2011,0.677
Djibouti,2011,0.842
Dominica,2011,0.582
Dominican Rep.,2011,0.71
Ecuador,2011,0.768
"Egypt, Arab Rep. of",2011,0.541
El Salvador,2011,0.559
"Equatorial Guinea, Rep. of",2011,0.767
"Eritrea, The State of",2011,1.378
"Estonia, Rep. of",2011,1.29
"Eswatini, Kingdom of",2011,0.903
"Ethiopia, The Federal Dem. Rep. of",2011,1.18
Europe,2011,1.523
Falkland Islands (Malvinas),2011,
Faroe Islands,2011,1.094
"Fiji, Rep. of",2011,0.688
Finland,2011,1.352
France,2011,1.526
French Polynesia,2011,0.3
Gabon,2011,0.649
"Gambia, The",2011,1.145
Georgia,2011,0.424
Germany,2011,1.126
Ghana,2011,0.991
Gibraltar,2011,1.656
Greece,2011,0.387
Greenland,2011,1.622
Grenada,2011,0.62
Guadeloupe,2011,0.581
Guatemala,2011,0.451
"Guiana, French",2011,1.0
Guinea,2011,1.149
Guinea-Bissau,2011,1.193
Guyana,2011,0.835
Haiti,2011,0.545
Holy See,2011,1.019
Honduras,2011,0.701
Hungary,2011,0.904
Iceland,2011,0.864
India,2011,0.364
Indonesia,2011,0.288
"Iran, Islamic Rep. of",2011,1.38
Iraq,2011,0.835
Ireland,2011,0.536
Isle of Man,2011,0.659
Israel,2011,0.649
Italy,2011,1.221
Jamaica,2011,0.594
Japan,2011,0.585
Jordan,2011,0.576
"Kazakhstan, Rep. of",2011,0.709
Kenya,2011,1.033
Kiribati,2011,0.377
"Korea, Dem. People's Rep. of",2011,0.503
"Korea, Rep. of",2011,0.347
Kuwait,2011,1.281
Kyrgyz Rep.,2011,1.189
Lao People's Dem. Rep.,2011,0.103
Latvia,2011,1.142
Lebanon,2011,0.675
"Lesotho, Kingdom of",2011,0.242
Liberia,2011,1.087
Libya,2011,0.847
Liechtenstein,2011,1.689
Lithuania,2011,0.937
Luxembourg,2011,1.335
"Madagascar, Rep. of",2011,0.975
Malawi,2011,0.795
Malaysia,2011,0.517
Maldives,2011,0.644
Mali,2011,1.274
Malta,2011,0.827
"Marshall Islands, Rep. of the",2011,0.212
Martinique,2011,0.598
"Mauritania, Islamic Rep. of",2011,1.504
Mauritius,2011,0.724
Mayotte,2011,0.546
Mexico,2011,0.941
"Micronesia, Federated States of",2011,0.345
"Moldova, Rep. of",2011,0.318
Monaco,2011,1.354
Mongolia,2011,0.804
Montenegro,2011,1.073
Montserrat,2011,0.581
Morocco,2011,1.793
"Mozambique, Rep. of",2011,0.637
Myanmar,2011,0.489
Namibia,2011,-0.356
"Nauru, Rep. of",2011,
Nepal,2011,0.282
"Netherlands, The",2011,1.075
New Caledonia,2011,0.942
New Zealand,2011,0.719
Nicaragua,2011,0.712
Niger,2011,1.132
Nigeria,2011,0.929
Niue,2011,
Norfolk Island,2011,0.991
"North Macedonia, Republic of ",2011,0.789
Norway,2011,1.399
Oceania,2011,0.178
Oman,2011,0.977
Pakistan,2011,1.006
"Palau, Rep. of",2011,0.785
Panama,2011,0.569
Papua New Guinea,2011,0.511
Paraguay,2011,0.691
Peru,2011,0.823
Philippines,2011,0.621
Pitcairn Islands,2011,
"Poland, Rep. of",2011,0.755
Portugal,2011,1.551
Puerto Rico,2011,0.92
Qatar,2011,1.442
Réunion,2011,
Romania,2011,0.443
Russian Federation,2011,1.677
Rwanda,2011,
Saint Helena,2011,1.388
Saint Pierre and Miquelon,2011,1.134
Samoa,2011,0.571
"San Marino, Rep. of",2011,1.278
"São Tomé and Príncipe, Dem. Rep. of",2011,0.923
Saudi Arabia,2011,0.821
Senegal,2011,1.265
"Serbia, Rep. of",2011,0.803
Seychelles,2011,0.64
Sierra Leone,2011,1.093
Singapore,2011,0.685
Slovak Rep.,2011,0.826
"Slovenia, Rep. of",2011,1.38
Solomon Islands,2011,0.353
Somalia,2011,1.039
South Africa,2011,0.471
"South Sudan, Rep. of",2011,1.506
Spain,2011,1.599
Sri Lanka,2011,0.705
St. Kitts and Nevis,2011,0.581
St. Lucia,2011,0.627
St. Vincent and the Grenadines,2011,0.625
Sudan,2011,0.837
Suriname,2011,0.884
Svalbard Jan Mayen Islands,2011,2.105
Sweden,2011,1.269
Switzerland,2011,1.673
Syrian Arab Rep.,2011,0.662
Taiwan Province of China,2011,0.169
"Tajikistan, Rep. of",2011,1.312
"Tanzania, United Rep. of",2011,0.615
Thailand,2011,0.247
"Timor-Leste, Dem. Rep. of",2011,-0.236
Togo,2011,0.916
Tokelau,2011,
Tonga,2011,0.392
Trinidad and Tobago,2011,0.568
Tunisia,2011,1.129
"Türkiye, Rep. of",2011,0.375
Turkmenistan,2011,1.109
Turks and Caicos Islands,2011,
Tuvalu,2011,0.789
Uganda,2011,0.994
Ukraine,2011,0.535
United Arab Emirates,2011,1.306
United Kingdom,2011,0.837
United States,2011,0.543
United States Virgin Islands,2011,0.933
Uruguay,2011,0.502
"Uzbekistan, Rep. of",2011,1.012
Vanuatu,2011,0.614
"Venezuela, Rep. Bolivariana de",2011,0.606
Vietnam,2011,0.128
Wallis and Futuna Islands,2011,0.511
West Bank and Gaza,2011,0.652
Western Sahara,2011,1.558
World,2011,0.913
"Yemen, Rep. of",2011,
Zambia,2011,0.969
Zimbabwe,2011,0.422
"Afghanistan, Islamic Rep. of",2012,0.271
Africa,2012,0.76
Albania,2012,1.546
Algeria,2012,1.166
American Samoa,2012,0.72
Americas,2012,1.348
"Andorra, Principality of",2012,1.252
Angola,2012,0.558
Anguilla,2012,0.684
Antarctica,2012,-0.204
Antigua and Barbuda,2012,0.684
Argentina,2012,0.736
"Armenia, Rep. of",2012,1.285
"Aruba, Kingdom of the Netherlands",2012,0.564
Asia,2012,0.725
Australia,2012,0.228
Austria,2012,1.792
"Azerbaijan, Rep. of",2012,1.421
"Bahamas, The",2012,0.539
"Bahrain, Kingdom of",2012,1.313
Bangladesh,2012,0.351
Barbados,2012,0.495
"Belarus, Rep. of",2012,1.531
Belgium,2012,1.137
Belize,2012,0.533
Benin,2012,0.643
Bhutan,2012,0.448
Bolivia,2012,0.908
Bosnia and Herzegovina,2012,1.827
Botswana,2012,0.988
Brazil,2012,1.067
British Virgin Islands,2012,
Brunei Darussalam,2012,0.596
Bulgaria,2012,1.647
Burkina Faso,2012,0.511
Burundi,2012,
Cabo Verde,2012,0.379
Cambodia,2012,0.857
Cameroon,2012,0.392
Canada,2012,2.166
Cayman Islands,2012,0.818
Central African Rep.,2012,0.233
Chad,2012,0.585
Chile,2012,0.504
"China, P.R.: Hong Kong",2012,0.663
"China, P.R.: Macao",2012,0.663
"China, P.R.: Mainland",2012,0.639
Colombia,2012,0.711
"Comoros, Union of the",2012,0.532
"Congo, Dem. Rep. of the",2012,0.421
"Congo, Rep. of",2012,0.574
Cook Islands,2012,0.484
Costa Rica,2012,
Côte d'Ivoire,2012,0.758
"Croatia, Rep. of",2012,1.866
Cuba,2012,0.774
Cyprus,2012,0.919
Czech Rep.,2012,1.581
Denmark,2012,1.145
Djibouti,2012,
Dominica,2012,0.685
Dominican Rep.,2012,0.707
Ecuador,2012,0.712
"Egypt, Arab Rep. of",2012,0.853
El Salvador,2012,0.698
"Equatorial Guinea, Rep. of",2012,0.731
"Eritrea, The State of",2012,1.361
"Estonia, Rep. of",2012,1.45
"Eswatini, Kingdom of",2012,0.311
"Ethiopia, The Federal Dem. Rep. of",2012,1.063
Europe,2012,1.767
Falkland Islands (Malvinas),2012,
Faroe Islands,2012,0.402
"Fiji, Rep. of",2012,0.401
Finland,2012,1.539
France,2012,1.212
French Polynesia,2012,0.804
Gabon,2012,0.631
"Gambia, The",2012,0.982
Georgia,2012,1.25
Germany,2012,1.354
Ghana,2012,0.73
Gibraltar,2012,0.959
Greece,2012,1.22
Greenland,2012,1.548
Grenada,2012,0.472
Guadeloupe,2012,0.685
Guatemala,2012,0.555
"Guiana, French",2012,0.952
Guinea,2012,0.603
Guinea-Bissau,2012,0.906
Guyana,2012,0.85
Haiti,2012,0.866
Holy See,2012,1.463
Honduras,2012,0.682
Hungary,2012,1.745
Iceland,2012,0.589
India,2012,0.487
Indonesia,2012,0.42
"Iran, Islamic Rep. of",2012,1.125
Iraq,2012,1.272
Ireland,2012,0.683
Isle of Man,2012,0.589
Israel,2012,1.105
Italy,2012,1.512
Jamaica,2012,0.751
Japan,2012,0.381
Jordan,2012,1.155
"Kazakhstan, Rep. of",2012,1.122
Kenya,2012,0.933
Kiribati,2012,0.478
"Korea, Dem. People's Rep. of",2012,0.407
"Korea, Rep. of",2012,0.43
Kuwait,2012,1.483
Kyrgyz Rep.,2012,0.252
Lao People's Dem. Rep.,2012,0.942
Latvia,2012,1.391
Lebanon,2012,1.04
"Lesotho, Kingdom of",2012,0.561
Liberia,2012,0.869
Libya,2012,0.829
Liechtenstein,2012,1.648
Lithuania,2012,1.343
Luxembourg,2012,1.259
"Madagascar, Rep. of",2012,0.768
Malawi,2012,0.902
Malaysia,2012,0.697
Maldives,2012,0.629
Mali,2012,0.443
Malta,2012,1.317
"Marshall Islands, Rep. of the",2012,0.595
Martinique,2012,0.661
"Mauritania, Islamic Rep. of",2012,0.8
Mauritius,2012,0.576
Mayotte,2012,0.483
Mexico,2012,0.849
"Micronesia, Federated States of",2012,0.689
"Moldova, Rep. of",2012,1.913
Monaco,2012,1.375
Mongolia,2012,0.277
Montenegro,2012,1.729
Montserrat,2012,0.684
Morocco,2012,1.388
"Mozambique, Rep. of",2012,0.565
Myanmar,2012,0.889
Namibia,2012,0.014
"Nauru, Rep. of",2012,
Nepal,2012,0.468
"Netherlands, The",2012,1.155
New Caledonia,2012,0.786
New Zealand,2012,0.182
Nicaragua,2012,0.784
Niger,2012,0.779
Nigeria,2012,0.586
Niue,2012,
Norfolk Island,2012,0.521
"North Macedonia, Republic of ",2012,1.496
Norway,2012,1.056
Oceania,2012,0.235
Oman,2012,0.9
Pakistan,2012,0.446
"Palau, Rep. of",2012,0.93
Panama,2012,0.834
Papua New Guinea,2012,0.327
Paraguay,2012,0.919
Peru,2012,0.931
Philippines,2012,0.881
Pitcairn Islands,2012,
"Poland, Rep. of",2012,1.372
Portugal,2012,0.74
Puerto Rico,2012,
Qatar,2012,1.374
Réunion,2012,
Romania,2012,1.772
Russian Federation,2012,1.907
Rwanda,2012,
Saint Helena,2012,1.196
Saint Pierre and Miquelon,2012,1.966
Samoa,2012,0.646
"San Marino, Rep. of",2012,1.679
"São Tomé and Príncipe, Dem. Rep. of",2012,0.945
Saudi Arabia,2012,1.207
Senegal,2012,0.926
"Serbia, Rep. of",2012,1.754
Seychelles,2012,0.658
Sierra Leone,2012,0.491
Singapore,2012,1.223
Slovak Rep.,2012,1.558
"Slovenia, Rep. of",2012,1.957
Solomon Islands,2012,0.527
Somalia,2012,0.965
South Africa,2012,0.624
"South Sudan, Rep. of",2012,1.172
Spain,2012,1.027
Sri Lanka,2012,0.93
St. Kitts and Nevis,2012,0.684
St. Lucia,2012,0.556
St. Vincent and the Grenadines,2012,0.465
Sudan,2012,0.956
Suriname,2012,0.877
Svalbard Jan Mayen Islands,2012,3.825
Sweden,2012,1.313
Switzerland,2012,1.516
Syrian Arab Rep.,2012,1.057
Taiwan Province of China,2012,0.455
"Tajikistan, Rep. of",2012,-0.161
"Tanzania, United Rep. of",2012,0.78
Thailand,2012,0.908
"Timor-Leste, Dem. Rep. of",2012,-0.273
Togo,2012,0.615
Tokelau,2012,
Tonga,2012,0.488
Trinidad and Tobago,2012,0.622
Tunisia,2012,1.705
"Türkiye, Rep. of",2012,0.969
Turkmenistan,2012,0.799
Turks and Caicos Islands,2012,
Tuvalu,2012,0.596
Uganda,2012,1.012
Ukraine,2012,1.912
United Arab Emirates,2012,1.263
United Kingdom,2012,0.565
United States,2012,1.455
United States Virgin Islands,2012,
Uruguay,2012,0.901
"Uzbekistan, Rep. of",2012,0.64
Vanuatu,2012,0.326
"Venezuela, Rep. Bolivariana de",2012,0.611
Vietnam,2012,0.764
Wallis and Futuna Islands,2012,0.526
West Bank and Gaza,2012,1.113
Western Sahara,2012,1.317
World,2012,1.07
"Yemen, Rep. of",2012,
Zambia,2012,1.109
Zimbabwe,2012,0.465
"Afghanistan, Islamic Rep. of",2013,1.345
Africa,2013,1.021
Albania,2013,1.394
Algeria,2013,1.221
American Samoa,2013,1.012
Americas,2013,0.846
"Andorra, Principality of",2013,0.815
Angola,2013,1.005
Anguilla,2013,0.702
Antarctica,2013,1.744
Antigua and Barbuda,2013,0.702
Argentina,2013,0.419
"Armenia, Rep. of",2013,1.355
"Aruba, Kingdom of the Netherlands",2013,1.031
Asia,2013,1.081
Australia,2013,1.413
Austria,2013,1.105
"Azerbaijan, Rep. of",2013,1.498
"Bahamas, The",2013,0.751
"Bahrain, Kingdom of",2013,1.435
Bangladesh,2013,0.336
Barbados,2013,0.831
"Belarus, Rep. of",2013,1.176
Belgium,2013,0.472
Belize,2013,0.677
Benin,2013,0.919
Bhutan,2013,0.687
Bolivia,2013,0.662
Bosnia and Herzegovina,2013,1.393
Botswana,2013,1.277
Brazil,2013,0.963
British Virgin Islands,2013,
Brunei Darussalam,2013,0.779
Bulgaria,2013,1.44
Burkina Faso,2013,0.87
Burundi,2013,
Cabo Verde,2013,0.813
Cambodia,2013,0.999
Cameroon,2013,0.759
Canada,2013,1.205
Cayman Islands,2013,0.974
Central African Rep.,2013,0.69
Chad,2013,1.058
Chile,2013,0.252
"China, P.R.: Hong Kong",2013,0.927
"China, P.R.: Macao",2013,0.927
"China, P.R.: Mainland",2013,1.088
Colombia,2013,0.839
"Comoros, Union of the",2013,0.459
"Congo, Dem. Rep. of the",2013,0.982
"Congo, Rep. of",2013,0.811
Cook Islands,2013,0.7
Costa Rica,2013,
Côte d'Ivoire,2013,1.044
"Croatia, Rep. of",2013,1.288
Cuba,2013,0.998
Cyprus,2013,1.182
Czech Rep.,2013,0.78
Denmark,2013,0.401
Djibouti,2013,1.216
Dominica,2013,0.702
Dominican Rep.,2013,1.103
Ecuador,2013,0.562
"Egypt, Arab Rep. of",2013,0.97
El Salvador,2013,0.697
"Equatorial Guinea, Rep. of",2013,0.777
"Eritrea, The State of",2013,1.071
"Estonia, Rep. of",2013,1.165
"Eswatini, Kingdom of",2013,0.173
"Ethiopia, The Federal Dem. Rep. of",2013,1.236
Europe,2013,1.091
Falkland Islands (Malvinas),2013,
Faroe Islands,2013,0.636
"Fiji, Rep. of",2013,0.761
Finland,2013,1.426
France,2013,0.705
French Polynesia,2013,0.624
Gabon,2013,0.788
"Gambia, The",2013,1.084
Georgia,2013,1.363
Germany,2013,0.588
Ghana,2013,0.989
Gibraltar,2013,0.887
Greece,2013,1.309
Greenland,2013,1.413
Grenada,2013,0.824
Guadeloupe,2013,0.702
Guatemala,2013,0.66
"Guiana, French",2013,1.098
Guinea,2013,1.177
Guinea-Bissau,2013,1.183
Guyana,2013,0.767
Haiti,2013,1.118
Holy See,2013,0.84
Honduras,2013,0.928
Hungary,2013,1.173
Iceland,2013,0.573
India,2013,0.445
Indonesia,2013,0.773
"Iran, Islamic Rep. of",2013,1.652
Iraq,2013,1.261
Ireland,2013,0.565
Isle of Man,2013,0.414
Israel,2013,1.185
Italy,2013,0.974
Jamaica,2013,1.032
Japan,2013,0.609
Jordan,2013,1.116
"Kazakhstan, Rep. of",2013,1.583
Kenya,2013,0.839
Kiribati,2013,0.677
"Korea, Dem. People's Rep. of",2013,0.288
"Korea, Rep. of",2013,0.538
Kuwait,2013,1.342
Kyrgyz Rep.,2013,1.336
Lao People's Dem. Rep.,2013,1.121
Latvia,2013,1.061
Lebanon,2013,1.255
"Lesotho, Kingdom of",2013,0.545
Liberia,2013,0.981
Libya,2013,1.271
Liechtenstein,2013,0.966
Lithuania,2013,0.939
Luxembourg,2013,0.569
"Madagascar, Rep. of",2013,0.631
Malawi,2013,0.776
Malaysia,2013,0.876
Maldives,2013,0.691
Mali,2013,1.008
Malta,2013,1.27
"Marshall Islands, Rep. of the",2013,0.601
Martinique,2013,0.728
"Mauritania, Islamic Rep. of",2013,1.344
Mauritius,2013,0.807
Mayotte,2013,0.269
Mexico,2013,0.679
"Micronesia, Federated States of",2013,0.773
"Moldova, Rep. of",2013,1.174
Monaco,2013,0.7
Mongolia,2013,1.06
Montenegro,2013,1.532
Montserrat,2013,0.702
Morocco,2013,1.311
"Mozambique, Rep. of",2013,0.292
Myanmar,2013,0.947
Namibia,2013,0.883
"Nauru, Rep. of",2013,
Nepal,2013,0.232
"Netherlands, The",2013,0.435
New Caledonia,2013,0.937
New Zealand,2013,1.042
Nicaragua,2013,1.242
Niger,2013,1.009
Nigeria,2013,0.986
Niue,2013,
Norfolk Island,2013,
"North Macedonia, Republic of ",2013,1.462
Norway,2013,0.792
Oceania,2013,1.364
Oman,2013,0.624
Pakistan,2013,0.991
"Palau, Rep. of",2013,0.753
Panama,2013,0.932
Papua New Guinea,2013,0.855
Paraguay,2013,0.432
Peru,2013,0.706
Philippines,2013,1.024
Pitcairn Islands,2013,
"Poland, Rep. of",2013,0.638
Portugal,2013,0.887
Puerto Rico,2013,
Qatar,2013,1.226
Réunion,2013,
Romania,2013,1.311
Russian Federation,2013,1.138
Rwanda,2013,
Saint Helena,2013,1.179
Saint Pierre and Miquelon,2013,1.291
Samoa,2013,0.939
"San Marino, Rep. of",2013,0.986
"São Tomé and Príncipe, Dem. Rep. of",2013,0.909
Saudi Arabia,2013,1.193
Senegal,2013,1.27
"Serbia, Rep. of",2013,1.477
Seychelles,2013,0.368
Sierra Leone,2013,0.978
Singapore,2013,1.0
Slovak Rep.,2013,0.936
"Slovenia, Rep. of",2013,1.256
Solomon Islands,2013,0.51
Somalia,2013,1.082
South Africa,2013,0.738
"South Sudan, Rep. of",2013,1.395
Spain,2013,0.894
Sri Lanka,2013,0.835
St. Kitts and Nevis,2013,0.702
St. Lucia,2013,0.786
St. Vincent and the Grenadines,2013,0.823
Sudan,2013,1.127
Suriname,2013,1.036
Svalbard Jan Mayen Islands,2013,2.271
Sweden,2013,0.857
Switzerland,2013,0.786
Syrian Arab Rep.,2013,1.391
Taiwan Province of China,2013,0.767
"Tajikistan, Rep. of",2013,1.142
"Tanzania, United Rep. of",2013,0.856
Thailand,2013,1.109
"Timor-Leste, Dem. Rep. of",2013,0.527
Togo,2013,0.813
Tokelau,2013,
Tonga,2013,0.622
Trinidad and Tobago,2013,0.784
Tunisia,2013,1.56
"Türkiye, Rep. of",2013,1.342
Turkmenistan,2013,1.648
Turks and Caicos Islands,2013,
Tuvalu,2013,0.666
Uganda,2013,0.973
Ukraine,2013,1.471
United Arab Emirates,2013,0.893
United Kingdom,2013,0.357
United States,2013,0.619
United States Virgin Islands,2013,
Uruguay,2013,0.218
"Uzbekistan, Rep. of",2013,1.484
Vanuatu,2013,0.612
"Venezuela, Rep. Bolivariana de",2013,0.922
Vietnam,2013,0.928
Wallis and Futuna Islands,2013,0.565
West Bank and Gaza,2013,1.19
Western Sahara,2013,1.355
World,2013,1.016
"Yemen, Rep. of",2013,
Zambia,2013,1.157
Zimbabwe,2013,0.22
"Afghanistan, Islamic Rep. of",2014,0.521
Africa,2014,1.013
Albania,2014,1.285
Algeria,2014,1.713
American Samoa,2014,0.84
Americas,2014,0.724
"Andorra, Principality of",2014,1.917
Angola,2014,0.792
Anguilla,2014,0.708
Antarctica,2014,0.57
Antigua and Barbuda,2014,0.708
Argentina,2014,0.937
"Armenia, Rep. of",2014,1.236
"Aruba, Kingdom of the Netherlands",2014,0.818
Asia,2014,0.929
Australia,2014,1.107
Austria,2014,2.421
"Azerbaijan, Rep. of",2014,1.153
"Bahamas, The",2014,1.066
"Bahrain, Kingdom of",2014,1.721
Bangladesh,2014,0.611
Barbados,2014,0.473
"Belarus, Rep. of",2014,2.143
Belgium,2014,2.408
Belize,2014,0.698
Benin,2014,0.995
Bhutan,2014,0.765
Bolivia,2014,1.077
Bosnia and Herzegovina,2014,1.896
Botswana,2014,0.416
Brazil,2014,1.205
British Virgin Islands,2014,
Brunei Darussalam,2014,0.712
Bulgaria,2014,1.128
Burkina Faso,2014,0.939
Burundi,2014,
Cabo Verde,2014,0.565
Cambodia,2014,0.549
Cameroon,2014,0.774
Canada,2014,0.302
Cayman Islands,2014,1.181
Central African Rep.,2014,0.614
Chad,2014,0.909
Chile,2014,0.271
"China, P.R.: Hong Kong",2014,0.803
"China, P.R.: Macao",2014,0.803
"China, P.R.: Mainland",2014,1.062
Colombia,2014,0.821
"Comoros, Union of the",2014,0.551
"Congo, Dem. Rep. of the",2014,1.004
"Congo, Rep. of",2014,0.78
Cook Islands,2014,0.457
Costa Rica,2014,
Côte d'Ivoire,2014,0.931
"Croatia, Rep. of",2014,2.053
Cuba,2014,1.175
Cyprus,2014,1.006
Czech Rep.,2014,2.504
Denmark,2014,2.668
Djibouti,2014,1.101
Dominica,2014,0.71
Dominican Rep.,2014,1.132
Ecuador,2014,0.945
"Egypt, Arab Rep. of",2014,1.171
El Salvador,2014,0.738
"Equatorial Guinea, Rep. of",2014,0.937
"Eritrea, The State of",2014,0.748
"Estonia, Rep. of",2014,2.414
"Eswatini, Kingdom of",2014,0.341
"Ethiopia, The Federal Dem. Rep. of",2014,1.164
Europe,2014,1.812
Falkland Islands (Malvinas),2014,
Faroe Islands,2014,1.807
"Fiji, Rep. of",2014,0.612
Finland,2014,2.591
France,2014,2.036
French Polynesia,2014,0.67
Gabon,2014,0.88
"Gambia, The",2014,1.268
Georgia,2014,1.257
Germany,2014,2.518
Ghana,2014,0.993
Gibraltar,2014,1.462
Greece,2014,1.037
Greenland,2014,1.653
Grenada,2014,0.664
Guadeloupe,2014,0.709
Guatemala,2014,0.631
"Guiana, French",2014,1.128
Guinea,2014,1.006
Guinea-Bissau,2014,1.281
Guyana,2014,0.946
Haiti,2014,1.363
Holy See,2014,1.373
Honduras,2014,0.765
Hungary,2014,2.216
Iceland,2014,1.493
India,2014,0.536
Indonesia,2014,0.759
"Iran, Islamic Rep. of",2014,1.094
Iraq,2014,1.162
Ireland,2014,1.368
Isle of Man,2014,1.492
Israel,2014,0.951
Italy,2014,1.618
Jamaica,2014,1.268
Japan,2014,0.543
Jordan,2014,0.908
"Kazakhstan, Rep. of",2014,0.648
Kenya,2014,0.923
Kiribati,2014,0.816
"Korea, Dem. People's Rep. of",2014,1.575
"Korea, Rep. of",2014,1.024
Kuwait,2014,1.433
Kyrgyz Rep.,2014,0.46
Lao People's Dem. Rep.,2014,0.688
Latvia,2014,2.301
Lebanon,2014,1.05
"Lesotho, Kingdom of",2014,0.53
Liberia,2014,0.934
Libya,2014,1.281
Liechtenstein,2014,2.281
Lithuania,2014,2.206
Luxembourg,2014,2.458
"Madagascar, Rep. of",2014,0.654
Malawi,2014,1.069
Malaysia,2014,0.891
Maldives,2014,0.767
Mali,2014,0.894
Malta,2014,1.454
"Marshall Islands, Rep. of the",2014,0.621
Martinique,2014,0.659
"Mauritania, Islamic Rep. of",2014,1.222
Mauritius,2014,0.852
Mayotte,2014,0.45
Mexico,2014,0.793
"Micronesia, Federated States of",2014,0.509
"Moldova, Rep. of",2014,1.255
Monaco,2014,1.791
Mongolia,2014,1.91
Montenegro,2014,1.609
Montserrat,2014,0.708
Morocco,2014,1.664
"Mozambique, Rep. of",2014,0.547
Myanmar,2014,0.835
Namibia,2014,0.535
"Nauru, Rep. of",2014,
Nepal,2014,0.401
"Netherlands, The",2014,2.564
New Caledonia,2014,0.93
New Zealand,2014,0.568
Nicaragua,2014,0.921
Niger,2014,1.2
Nigeria,2014,1.023
Niue,2014,
Norfolk Island,2014,
"North Macedonia, Republic of ",2014,1.331
Norway,2014,2.423
Oceania,2014,1.045
Oman,2014,0.63
Pakistan,2014,0.57
"Palau, Rep. of",2014,0.816
Panama,2014,0.948
Papua New Guinea,2014,0.357
Paraguay,2014,1.26
Peru,2014,0.879
Philippines,2014,0.905
Pitcairn Islands,2014,
"Poland, Rep. of",2014,2.356
Portugal,2014,1.309
Puerto Rico,2014,
Qatar,2014,1.553
Réunion,2014,
Romania,2014,1.47
Russian Federation,2014,1.729
Rwanda,2014,
Saint Helena,2014,1.263
Saint Pierre and Miquelon,2014,0.404
Samoa,2014,0.759
"San Marino, Rep. of",2014,1.567
"São Tomé and Príncipe, Dem. Rep. of",2014,0.99
Saudi Arabia,2014,1.247
Senegal,2014,1.202
"Serbia, Rep. of",2014,1.634
Seychelles,2014,0.474
Sierra Leone,2014,0.935
Singapore,2014,1.328
Slovak Rep.,2014,2.344
"Slovenia, Rep. of",2014,2.457
Solomon Islands,2014,0.625
Somalia,2014,1.12
South Africa,2014,0.814
"South Sudan, Rep. of",2014,0.946
Spain,2014,1.589
Sri Lanka,2014,0.948
St. Kitts and Nevis,2014,0.708
St. Lucia,2014,0.621
St. Vincent and the Grenadines,2014,0.665
Sudan,2014,0.891
Suriname,2014,1.039
Svalbard Jan Mayen Islands,2014,3.382
Sweden,2014,2.705
Switzerland,2014,2.175
Syrian Arab Rep.,2014,1.199
Taiwan Province of China,2014,0.673
"Tajikistan, Rep. of",2014,0.364
"Tanzania, United Rep. of",2014,0.853
Thailand,2014,0.692
"Timor-Leste, Dem. Rep. of",2014,0.465
Togo,2014,0.963
Tokelau,2014,
Tonga,2014,0.498
Trinidad and Tobago,2014,0.687
Tunisia,2014,1.956
"Türkiye, Rep. of",2014,1.315
Turkmenistan,2014,0.728
Turks and Caicos Islands,2014,
Tuvalu,2014,0.63
Uganda,2014,1.022
Ukraine,2014,1.665
United Arab Emirates,2014,1.041
United Kingdom,2014,1.712
United States,2014,0.506
United States Virgin Islands,2014,
Uruguay,2014,1.256
"Uzbekistan, Rep. of",2014,0.13
Vanuatu,2014,0.501
"Venezuela, Rep. Bolivariana de",2014,0.861
Vietnam,2014,0.551
Wallis and Futuna Islands,2014,0.512
West Bank and Gaza,2014,0.942
Western Sahara,2014,1.278
World,2014,1.047
"Yemen, Rep. of",2014,
Zambia,2014,1.001
Zimbabwe,2014,0.147
"Afghanistan, Islamic Rep. of",2015,1.204
Africa,2015,1.19
Albania,2015,1.667
Algeria,2015,1.153
American Samoa,2015,0.679
Americas,2015,1.352
"Andorra, Principality of",2015,1.631
Angola,2015,1.326
Anguilla,2015,1.002
Antarctica,2015,-0.02
Antigua and Barbuda,2015,1.002
Argentina,2015,0.931
"Armenia, Rep. of",2015,1.896
"Aruba, Kingdom of the Netherlands",2015,1.657
Asia,2015,1.305
Australia,2015,0.996
Austria,2015,2.175
"Azerbaijan, Rep. of",2015,1.594
"Bahamas, The",2015,1.267
"Bahrain, Kingdom of",2015,2.243
Bangladesh,2015,0.799
Barbados,2015,0.923
"Belarus, Rep. of",2015,2.214
Belgium,2015,1.355
Belize,2015,1.209
Benin,2015,1.187
Bhutan,2015,0.905
Bolivia,2015,1.449
Bosnia and Herzegovina,2015,1.885
Botswana,2015,1.935
Brazil,2015,1.61
British Virgin Islands,2015,
Brunei Darussalam,2015,0.932
Bulgaria,2015,1.344
Burkina Faso,2015,1.169
Burundi,2015,
Cabo Verde,2015,0.553
Cambodia,2015,1.039
Cameroon,2015,1.045
Canada,2015,1.277
Cayman Islands,2015,1.422
Central African Rep.,2015,0.954
Chad,2015,1.109
Chile,2015,0.617
"China, P.R.: Hong Kong",2015,1.258
"China, P.R.: Macao",2015,1.258
"China, P.R.: Mainland",2015,1.302
Colombia,2015,1.276
"Comoros, Union of the",2015,0.768
"Congo, Dem. Rep. of the",2015,1.084
"Congo, Rep. of",2015,1.095
Cook Islands,2015,-0.132
Costa Rica,2015,
Côte d'Ivoire,2015,1.368
"Croatia, Rep. of",2015,1.943
Cuba,2015,1.431
Cyprus,2015,1.128
Czech Rep.,2015,2.109
Denmark,2015,1.507
Djibouti,2015,1.623
Dominica,2015,1.004
Dominican Rep.,2015,1.303
Ecuador,2015,1.385
"Egypt, Arab Rep. of",2015,1.124
El Salvador,2015,1.378
"Equatorial Guinea, Rep. of",2015,0.88
"Eritrea, The State of",2015,1.588
"Estonia, Rep. of",2015,2.349
"Eswatini, Kingdom of",2015,0.899
"Ethiopia, The Federal Dem. Rep. of",2015,1.463
Europe,2015,2.092
Falkland Islands (Malvinas),2015,
Faroe Islands,2015,0.855
"Fiji, Rep. of",2015,0.569
Finland,2015,2.614
France,2015,1.586
French Polynesia,2015,0.731
Gabon,2015,0.996
"Gambia, The",2015,1.292
Georgia,2015,1.762
Germany,2015,1.67
Ghana,2015,1.221
Gibraltar,2015,1.409
Greece,2015,0.87
Greenland,2015,0.129
Grenada,2015,0.817
Guadeloupe,2015,1.003
Guatemala,2015,1.172
"Guiana, French",2015,1.35
Guinea,2015,1.318
Guinea-Bissau,2015,1.308
Guyana,2015,1.22
Haiti,2015,1.431
Holy See,2015,1.541
Honduras,2015,1.223
Hungary,2015,2.056
Iceland,2015,0.252
India,2015,0.705
Indonesia,2015,0.755
"Iran, Islamic Rep. of",2015,1.88
Iraq,2015,1.918
Ireland,2015,0.447
Isle of Man,2015,0.406
Israel,2015,1.427
Italy,2015,1.704
Jamaica,2015,1.336
Japan,2015,0.817
Jordan,2015,1.558
"Kazakhstan, Rep. of",2015,1.573
Kenya,2015,1.068
Kiribati,2015,0.952
"Korea, Dem. People's Rep. of",2015,1.28
"Korea, Rep. of",2015,0.973
Kuwait,2015,2.078
Kyrgyz Rep.,2015,1.413
Lao People's Dem. Rep.,2015,1.284
Latvia,2015,2.14
Lebanon,2015,1.425
"Lesotho, Kingdom of",2015,1.072
Liberia,2015,1.286
Libya,2015,0.741
Liechtenstein,2015,2.099
Lithuania,2015,2.073
Luxembourg,2015,1.506
"Madagascar, Rep. of",2015,1.003
Malawi,2015,1.041
Malaysia,2015,1.046
Maldives,2015,0.895
Mali,2015,1.147
Malta,2015,1.485
"Marshall Islands, Rep. of the",2015,0.523
Martinique,2015,0.99
"Mauritania, Islamic Rep. of",2015,1.285
Mauritius,2015,1.184
Mayotte,2015,0.676
Mexico,2015,1.028
"Micronesia, Federated States of",2015,0.539
"Moldova, Rep. of",2015,1.821
Monaco,2015,1.891
Mongolia,2015,2.161
Montenegro,2015,1.806
Montserrat,2015,1.002
Morocco,2015,1.22
"Mozambique, Rep. of",2015,0.796
Myanmar,2015,1.16
Namibia,2015,1.155
"Nauru, Rep. of",2015,
Nepal,2015,0.673
"Netherlands, The",2015,1.287
New Caledonia,2015,1.129
New Zealand,2015,0.591
Nicaragua,2015,1.175
Niger,2015,1.006
Nigeria,2015,1.186
Niue,2015,
Norfolk Island,2015,0.952
"North Macedonia, Republic of ",2015,1.513
Norway,2015,1.784
Oceania,2015,0.936
Oman,2015,1.351
Pakistan,2015,0.735
"Palau, Rep. of",2015,1.084
Panama,2015,1.195
Papua New Guinea,2015,0.196
Paraguay,2015,1.623
Peru,2015,1.265
Philippines,2015,1.105
Pitcairn Islands,2015,
"Poland, Rep. of",2015,1.986
Portugal,2015,1.352
Puerto Rico,2015,
Qatar,2015,1.969
Réunion,2015,1.271
Romania,2015,1.699
Russian Federation,2015,2.218
Rwanda,2015,
Saint Helena,2015,1.863
Saint Pierre and Miquelon,2015,0.134
Samoa,2015,0.599
"San Marino, Rep. of",2015,1.792
"São Tomé and Príncipe, Dem. Rep. of",2015,0.906
Saudi Arabia,2015,1.879
Senegal,2015,1.336
"Serbia, Rep. of",2015,1.76
Seychelles,2015,0.787
Sierra Leone,2015,1.128
Singapore,2015,1.596
Slovak Rep.,2015,2.078
"Slovenia, Rep. of",2015,2.149
Solomon Islands,2015,0.402
Somalia,2015,1.542
South Africa,2015,1.3
"South Sudan, Rep. of",2015,1.135
Spain,2015,1.503
Sri Lanka,2015,0.954
St. Kitts and Nevis,2015,1.002
St. Lucia,2015,0.909
St. Vincent and the Grenadines,2015,0.816
Sudan,2015,1.445
Suriname,2015,1.095
Svalbard Jan Mayen Islands,2015,3.313
Sweden,2015,2.072
Switzerland,2015,1.979
Syrian Arab Rep.,2015,1.326
Taiwan Province of China,2015,0.661
"Tajikistan, Rep. of",2015,1.146
"Tanzania, United Rep. of",2015,1.016
Thailand,2015,1.202
"Timor-Leste, Dem. Rep. of",2015,0.525
Togo,2015,1.166
Tokelau,2015,
Tonga,2015,0.545
Trinidad and Tobago,2015,0.851
Tunisia,2015,1.273
"Türkiye, Rep. of",2015,0.783
Turkmenistan,2015,1.417
Turks and Caicos Islands,2015,
Tuvalu,2015,0.781
Uganda,2015,1.087
Ukraine,2015,2.023
United Arab Emirates,2015,1.7
United Kingdom,2015,0.607
United States,2015,1.53
United States Virgin Islands,2015,
Uruguay,2015,1.11
"Uzbekistan, Rep. of",2015,1.344
Vanuatu,2015,0.508
"Venezuela, Rep. Bolivariana de",2015,1.155
Vietnam,2015,1.18
Wallis and Futuna Islands,2015,0.552
West Bank and Gaza,2015,1.423
Western Sahara,2015,1.352
World,2015,1.407
"Yemen, Rep. of",2015,
Zambia,2015,2.061
Zimbabwe,2015,0.944
"Afghanistan, Islamic Rep. of",2016,1.612
Africa,2016,1.392
Albania,2016,1.558
Algeria,2016,1.787
American Samoa,2016,1.209
Americas,2016,1.766
"Andorra, Principality of",2016,1.918
Angola,2016,1.692
Anguilla,2016,1.174
Antarctica,2016,0.234
Antigua and Barbuda,2016,1.174
Argentina,2016,0.48
"Armenia, Rep. of",2016,1.331
"Aruba, Kingdom of the Netherlands",2016,0.995
Asia,2016,1.476
Australia,2016,1.102
Austria,2016,2.1
"Azerbaijan, Rep. of",2016,1.356
"Bahamas, The",2016,1.207
"Bahrain, Kingdom of",2016,1.655
Bangladesh,2016,1.336
Barbados,2016,1.208
"Belarus, Rep. of",2016,2.177
Belgium,2016,1.865
Belize,2016,1.347
Benin,2016,1.138
Bhutan,2016,1.338
Bolivia,2016,0.808
Bosnia and Herzegovina,2016,1.738
Botswana,2016,1.927
Brazil,2016,1.544
British Virgin Islands,2016,
Brunei Darussalam,2016,1.383
Bulgaria,2016,1.796
Burkina Faso,2016,1.111
Burundi,2016,
Cabo Verde,2016,1.214
Cambodia,2016,1.331
Cameroon,2016,1.066
Canada,2016,2.431
Cayman Islands,2016,1.36
Central African Rep.,2016,1.144
Chad,2016,0.923
Chile,2016,0.797
"China, P.R.: Hong Kong",2016,0.845
"China, P.R.: Macao",2016,0.845
"China, P.R.: Mainland",2016,1.333
Colombia,2016,1.109
"Comoros, Union of the",2016,0.743
"Congo, Dem. Rep. of the",2016,1.574
"Congo, Rep. of",2016,1.516
Cook Islands,2016,0.608
Costa Rica,2016,
Côte d'Ivoire,2016,1.571
"Croatia, Rep. of",2016,1.852
Cuba,2016,1.46
Cyprus,2016,1.504
Czech Rep.,2016,2.063
Denmark,2016,1.839
Djibouti,2016,1.443
Dominica,2016,1.173
Dominican Rep.,2016,1.106
Ecuador,2016,1.476
"Egypt, Arab Rep. of",2016,1.311
El Salvador,2016,1.483
"Equatorial Guinea, Rep. of",2016,1.498
"Eritrea, The State of",2016,0.9
"Estonia, Rep. of",2016,1.914
"Eswatini, Kingdom of",2016,0.91
"Ethiopia, The Federal Dem. Rep. of",2016,1.524
Europe,2016,2.264
Falkland Islands (Malvinas),2016,
Faroe Islands,2016,0.845
"Fiji, Rep. of",2016,1.006
Finland,2016,2.153
France,2016,1.764
French Polynesia,2016,1.174
Gabon,2016,1.478
"Gambia, The",2016,1.739
Georgia,2016,1.359
Germany,2016,1.982
Ghana,2016,1.378
Gibraltar,2016,1.768
Greece,2016,1.545
Greenland,2016,2.363
Grenada,2016,0.77
Guadeloupe,2016,1.173
Guatemala,2016,1.459
"Guiana, French",2016,1.758
Guinea,2016,1.319
Guinea-Bissau,2016,1.681
Guyana,2016,1.35
Haiti,2016,1.335
Holy See,2016,1.62
Honduras,2016,1.482
Hungary,2016,1.885
Iceland,2016,1.245
India,2016,1.077
Indonesia,2016,1.386
"Iran, Islamic Rep. of",2016,1.685
Iraq,2016,1.653
Ireland,2016,1.034
Isle of Man,2016,1.083
Israel,2016,1.731
Italy,2016,1.71
Jamaica,2016,1.492
Japan,2016,1.307
Jordan,2016,1.782
"Kazakhstan, Rep. of",2016,2.201
Kenya,2016,1.145
Kiribati,2016,1.278
"Korea, Dem. People's Rep. of",2016,1.495
"Korea, Rep. of",2016,1.652
Kuwait,2016,1.663
Kyrgyz Rep.,2016,1.808
Lao People's Dem. Rep.,2016,1.306
Latvia,2016,1.928
Lebanon,2016,1.716
"Lesotho, Kingdom of",2016,1.668
Liberia,2016,1.469
Libya,2016,1.674
Liechtenstein,2016,2.078
Lithuania,2016,1.929
Luxembourg,2016,1.857
"Madagascar, Rep. of",2016,0.916
Malawi,2016,1.325
Malaysia,2016,1.484
Maldives,2016,0.93
Mali,2016,1.22
Malta,2016,1.713
"Marshall Islands, Rep. of the",2016,0.906
Martinique,2016,1.187
"Mauritania, Islamic Rep. of",2016,1.622
Mauritius,2016,1.158
Mayotte,2016,0.599
Mexico,2016,1.233
"Micronesia, Federated States of",2016,0.924
"Moldova, Rep. of",2016,1.889
Monaco,2016,1.77
Mongolia,2016,1.425
Montenegro,2016,1.562
Montserrat,2016,1.174
Morocco,2016,1.881
"Mozambique, Rep. of",2016,1.032
Myanmar,2016,1.44
Namibia,2016,1.442
"Nauru, Rep. of",2016,
Nepal,2016,1.195
"Netherlands, The",2016,1.932
New Caledonia,2016,1.753
New Zealand,2016,1.238
Nicaragua,2016,1.484
Niger,2016,1.155
Nigeria,2016,1.147
Niue,2016,
Norfolk Island,2016,1.47
"North Macedonia, Republic of ",2016,1.682
Norway,2016,1.719
Oceania,2016,1.108
Oman,2016,1.097
Pakistan,2016,1.371
"Palau, Rep. of",2016,1.155
Panama,2016,1.112
Papua New Guinea,2016,1.147
Paraguay,2016,0.36
Peru,2016,1.445
Philippines,2016,1.563
Pitcairn Islands,2016,
"Poland, Rep. of",2016,2.03
Portugal,2016,1.673
Puerto Rico,2016,
Qatar,2016,1.539
Réunion,2016,1.03
Romania,2016,1.775
Russian Federation,2016,2.429
Rwanda,2016,
Saint Helena,2016,1.589
Saint Pierre and Miquelon,2016,0.899
Samoa,2016,1.129
"San Marino, Rep. of",2016,1.72
"São Tomé and Príncipe, Dem. Rep. of",2016,1.594
Saudi Arabia,2016,1.554
Senegal,2016,1.694
"Serbia, Rep. of",2016,1.708
Seychelles,2016,0.751
Sierra Leone,2016,1.075
Singapore,2016,1.782
Slovak Rep.,2016,1.917
"Slovenia, Rep. of",2016,2.068
Solomon Islands,2016,0.714
Somalia,2016,1.301
South Africa,2016,1.57
"South Sudan, Rep. of",2016,1.272
Spain,2016,1.689
Sri Lanka,2016,1.319
St. Kitts and Nevis,2016,1.174
St. Lucia,2016,1.032
St. Vincent and the Grenadines,2016,0.767
Sudan,2016,1.13
Suriname,2016,1.581
Svalbard Jan Mayen Islands,2016,5.327
Sweden,2016,1.843
Switzerland,2016,1.862
Syrian Arab Rep.,2016,1.818
Taiwan Province of China,2016,0.939
"Tajikistan, Rep. of",2016,1.517
"Tanzania, United Rep. of",2016,0.906
Thailand,2016,1.462
"Timor-Leste, Dem. Rep. of",2016,1.413
Togo,2016,1.212
Tokelau,2016,
Tonga,2016,1.069
Trinidad and Tobago,2016,0.92
Tunisia,2016,1.974
"Türkiye, Rep. of",2016,1.572
Turkmenistan,2016,1.989
Turks and Caicos Islands,2016,
Tuvalu,2016,0.905
Uganda,2016,1.181
Ukraine,2016,2.057
United Arab Emirates,2016,1.248
United Kingdom,2016,1.155
United States,2016,2.223
United States Virgin Islands,2016,
Uruguay,2016,0.362
"Uzbekistan, Rep. of",2016,2.221
Vanuatu,2016,0.994
"Venezuela, Rep. Bolivariana de",2016,1.136
Vietnam,2016,1.139
Wallis and Futuna Islands,2016,1.049
West Bank and Gaza,2016,1.74
Western Sahara,2016,1.446
World,2016,1.659
"Yemen, Rep. of",2016,
Zambia,2016,1.575
Zimbabwe,2016,1.248
"Afghanistan, Islamic Rep. of",2017,1.642
Africa,2017,1.18
Albania,2017,1.196
Algeria,2017,1.533
American Samoa,2017,1.105
Americas,2017,1.353
"Andorra, Principality of",2017,1.854
Angola,2017,0.943
Anguilla,2017,0.925
Antarctica,2017,0.788
Antigua and Barbuda,2017,0.925
Argentina,2017,1.076
"Armenia, Rep. of",2017,0.883
"Aruba, Kingdom of the Netherlands",2017,1.157
Asia,2017,1.48
Australia,2017,1.079
Austria,2017,1.746
"Azerbaijan, Rep. of",2017,1.199
"Bahamas, The",2017,1.476
"Bahrain, Kingdom of",2017,2.118
Bangladesh,2017,1.142
Barbados,2017,0.842
"Belarus, Rep. of",2017,1.572
Belgium,2017,1.711
Belize,2017,1.24
Benin,2017,1.288
Bhutan,2017,1.325
Bolivia,2017,1.042
Bosnia and Herzegovina,2017,1.478
Botswana,2017,0.443
Brazil,2017,1.432
British Virgin Islands,2017,
Brunei Darussalam,2017,0.942
Bulgaria,2017,0.843
Burkina Faso,2017,1.271
Burundi,2017,
Cabo Verde,2017,1.502
Cambodia,2017,0.994
Cameroon,2017,1.026
Canada,2017,1.534
Cayman Islands,2017,1.332
Central African Rep.,2017,1.099
Chad,2017,0.996
Chile,2017,0.641
"China, P.R.: Hong Kong",2017,1.404
"China, P.R.: Macao",2017,1.404
"China, P.R.: Mainland",2017,1.588
Colombia,2017,0.774
"Comoros, Union of the",2017,0.993
"Congo, Dem. Rep. of the",2017,1.339
"Congo, Rep. of",2017,1.186
Cook Islands,2017,0.973
Costa Rica,2017,
Côte d'Ivoire,2017,1.624
"Croatia, Rep. of",2017,1.568
Cuba,2017,1.47
Cyprus,2017,0.783
Czech Rep.,2017,1.579
Denmark,2017,1.61
Djibouti,2017,1.678
Dominica,2017,0.925
Dominican Rep.,2017,1.009
Ecuador,2017,1.084
"Egypt, Arab Rep. of",2017,0.518
El Salvador,2017,0.937
"Equatorial Guinea, Rep. of",2017,1.276
"Eritrea, The State of",2017,1.236
"Estonia, Rep. of",2017,1.482
"Eswatini, Kingdom of",2017,0.698
"Ethiopia, The Federal Dem. Rep. of",2017,1.338
Europe,2017,1.946
Falkland Islands (Malvinas),2017,
Faroe Islands,2017,1.53
"Fiji, Rep. of",2017,1.067
Finland,2017,1.488
France,2017,1.764
French Polynesia,2017,0.927
Gabon,2017,1.307
"Gambia, The",2017,1.875
Georgia,2017,0.826
Germany,2017,1.645
Ghana,2017,1.474
Gibraltar,2017,2.064
Greece,2017,0.604
Greenland,2017,1.159
Grenada,2017,1.173
Guadeloupe,2017,0.925
Guatemala,2017,1.086
"Guiana, French",2017,1.482
Guinea,2017,1.657
Guinea-Bissau,2017,1.806
Guyana,2017,0.992
Haiti,2017,1.205
Holy See,2017,1.37
Honduras,2017,1.103
Hungary,2017,1.327
Iceland,2017,1.529
India,2017,0.962
Indonesia,2017,0.932
"Iran, Islamic Rep. of",2017,1.758
Iraq,2017,1.558
Ireland,2017,1.254
Isle of Man,2017,1.331
Israel,2017,0.878
Italy,2017,1.611
Jamaica,2017,1.189
Japan,2017,0.781
Jordan,2017,1.077
"Kazakhstan, Rep. of",2017,1.724
Kenya,2017,1.405
Kiribati,2017,1.09
"Korea, Dem. People's Rep. of",2017,1.671
"Korea, Rep. of",2017,1.462
Kuwait,2017,1.917
Kyrgyz Rep.,2017,1.375
Lao People's Dem. Rep.,2017,1.087
Latvia,2017,1.487
Lebanon,2017,1.125
"Lesotho, Kingdom of",2017,0.774
Liberia,2017,1.473
Libya,2017,0.37
Liechtenstein,2017,1.847
Lithuania,2017,1.525
Luxembourg,2017,1.624
"Madagascar, Rep. of",2017,1.238
Malawi,2017,1.337
Malaysia,2017,1.022
Maldives,2017,0.786
Mali,2017,1.478
Malta,2017,1.148
"Marshall Islands, Rep. of the",2017,0.625
Martinique,2017,0.917
"Mauritania, Islamic Rep. of",2017,2.051
Mauritius,2017,1.347
Mayotte,2017,0.886
Mexico,2017,1.501
"Micronesia, Federated States of",2017,0.927
"Moldova, Rep. of",2017,1.209
Monaco,2017,1.966
Mongolia,2017,2.534
Montenegro,2017,1.349
Montserrat,2017,0.925
Morocco,2017,2.159
"Mozambique, Rep. of",2017,0.778
Myanmar,2017,1.343
Namibia,2017,0.954
"Nauru, Rep. of",2017,
Nepal,2017,1.129
"Netherlands, The",2017,1.719
New Caledonia,2017,1.497
New Zealand,2017,0.637
Nicaragua,2017,1.135
Niger,2017,1.021
Nigeria,2017,1.16
Niue,2017,
Norfolk Island,2017,1.137
"North Macedonia, Republic of ",2017,1.103
Norway,2017,1.553
Oceania,2017,1.067
Oman,2017,1.582
Pakistan,2017,1.47
"Palau, Rep. of",2017,1.031
Panama,2017,0.851
Papua New Guinea,2017,1.136
Paraguay,2017,1.278
Peru,2017,1.023
Philippines,2017,1.208
Pitcairn Islands,2017,
"Poland, Rep. of",2017,1.451
Portugal,2017,2.111
Puerto Rico,2017,
Qatar,2017,1.915
Réunion,2017,1.354
Romania,2017,1.051
Russian Federation,2017,2.099
Rwanda,2017,
Saint Helena,2017,1.311
Saint Pierre and Miquelon,2017,0.419
Samoa,2017,1.024
"San Marino, Rep. of",2017,1.671
"São Tomé and Príncipe, Dem. Rep. of",2017,1.265
Saudi Arabia,2017,1.766
Senegal,2017,1.917
"Serbia, Rep. of",2017,1.28
Seychelles,2017,0.921
Sierra Leone,2017,1.669
Singapore,2017,1.158
Slovak Rep.,2017,1.235
"Slovenia, Rep. of",2017,1.744
Solomon Islands,2017,0.477
Somalia,2017,1.575
South Africa,2017,1.14
"South Sudan, Rep. of",2017,1.252
Spain,2017,2.003
Sri Lanka,2017,1.047
St. Kitts and Nevis,2017,0.925
St. Lucia,2017,1.009
St. Vincent and the Grenadines,2017,1.175
Sudan,2017,1.177
Suriname,2017,1.247
Svalbard Jan Mayen Islands,2017,3.335
Sweden,2017,1.59
Switzerland,2017,1.84
Syrian Arab Rep.,2017,1.178
Taiwan Province of China,2017,1.275
"Tajikistan, Rep. of",2017,1.166
"Tanzania, United Rep. of",2017,1.364
Thailand,2017,1.044
"Timor-Leste, Dem. Rep. of",2017,0.742
Togo,2017,1.345
Tokelau,2017,
Tonga,2017,0.863
Trinidad and Tobago,2017,1.133
Tunisia,2017,1.447
"Türkiye, Rep. of",2017,0.758
Turkmenistan,2017,1.671
Turks and Caicos Islands,2017,
Tuvalu,2017,0.996
Uganda,2017,1.63
Ukraine,2017,1.359
United Arab Emirates,2017,1.841
United Kingdom,2017,1.419
United States,2017,1.434
United States Virgin Islands,2017,
Uruguay,2017,1.615
"Uzbekistan, Rep. of",2017,1.713
Vanuatu,2017,0.927
"Venezuela, Rep. Bolivariana de",2017,0.846
Vietnam,2017,1.103
Wallis and Futuna Islands,2017,0.879
West Bank and Gaza,2017,0.881
Western Sahara,2017,1.905
World,2017,1.429
"Yemen, Rep. of",2017,
Zambia,2017,0.579
Zimbabwe,2017,0.243
"Afghanistan, Islamic Rep. of",2018,1.624
Africa,2018,1.178
Albania,2018,2.103
Algeria,2018,1.231
American Samoa,2018,0.859
Americas,2018,0.949
"Andorra, Principality of",2018,1.835
Angola,2018,1.306
Anguilla,2018,0.788
Antarctica,2018,1.451
Antigua and Barbuda,2018,0.788
Argentina,2018,0.86
"Armenia, Rep. of",2018,2.739
"Aruba, Kingdom of the Netherlands",2018,0.664
Asia,2018,1.353
Australia,2018,1.061
Austria,2018,2.53
"Azerbaijan, Rep. of",2018,2.131
"Bahamas, The",2018,1.18
"Bahrain, Kingdom of",2018,2.28
Bangladesh,2018,0.911
Barbados,2018,0.552
"Belarus, Rep. of",2018,2.317
Belgium,2018,2.173
Belize,2018,0.738
Benin,2018,1.169
Bhutan,2018,1.221
Bolivia,2018,0.614
Bosnia and Herzegovina,2018,2.331
Botswana,2018,1.129
Brazil,2018,1.179
British Virgin Islands,2018,
Brunei Darussalam,2018,0.903
Bulgaria,2018,2.072
Burkina Faso,2018,1.219
Burundi,2018,
Cabo Verde,2018,0.408
Cambodia,2018,0.655
Cameroon,2018,0.944
Canada,2018,0.53
Cayman Islands,2018,0.941
Central African Rep.,2018,1.133
Chad,2018,1.234
Chile,2018,0.302
"China, P.R.: Hong Kong",2018,1.218
"China, P.R.: Macao",2018,1.218
"China, P.R.: Mainland",2018,1.375
Colombia,2018,0.977
"Comoros, Union of the",2018,0.747
"Congo, Dem. Rep. of the",2018,1.469
"Congo, Rep. of",2018,1.269
Cook Islands,2018,0.536
Costa Rica,2018,
Côte d'Ivoire,2018,1.433
"Croatia, Rep. of",2018,2.325
Cuba,2018,1.175
Cyprus,2018,2.104
Czech Rep.,2018,2.634
Denmark,2018,2.096
Djibouti,2018,1.16
Dominica,2018,0.787
Dominican Rep.,2018,1.074
Ecuador,2018,0.922
"Egypt, Arab Rep. of",2018,1.993
El Salvador,2018,0.977
"Equatorial Guinea, Rep. of",2018,0.833
"Eritrea, The State of",2018,0.927
"Estonia, Rep. of",2018,2.394
"Eswatini, Kingdom of",2018,1.113
"Ethiopia, The Federal Dem. Rep. of",2018,0.729
Europe,2018,1.987
Falkland Islands (Malvinas),2018,
Faroe Islands,2018,0.871
"Fiji, Rep. of",2018,0.653
Finland,2018,2.16
France,2018,2.007
French Polynesia,2018,0.655
Gabon,2018,1.099
"Gambia, The",2018,1.169
Georgia,2018,2.514
Germany,2018,2.385
Ghana,2018,1.235
Gibraltar,2018,0.784
Greece,2018,1.851
Greenland,2018,0.916
Grenada,2018,0.566
Guadeloupe,2018,0.787
Guatemala,2018,0.885
"Guiana, French",2018,1.223
Guinea,2018,1.4
Guinea-Bissau,2018,1.262
Guyana,2018,0.921
Haiti,2018,1.389
Holy See,2018,1.944
Honduras,2018,0.88
Hungary,2018,2.511
Iceland,2018,0.659
India,2018,0.881
Indonesia,2018,0.846
"Iran, Islamic Rep. of",2018,2.065
Iraq,2018,2.394
Ireland,2018,0.769
Isle of Man,2018,0.844
Israel,2018,2.139
Italy,2018,1.843
Jamaica,2018,1.382
Japan,2018,0.908
Jordan,2018,2.115
"Kazakhstan, Rep. of",2018,0.605
Kenya,2018,0.516
Kiribati,2018,0.996
"Korea, Dem. People's Rep. of",2018,0.935
"Korea, Rep. of",2018,0.964
Kuwait,2018,2.304
Kyrgyz Rep.,2018,1.155
Lao People's Dem. Rep.,2018,0.788
Latvia,2018,2.342
Lebanon,2018,2.235
"Lesotho, Kingdom of",2018,0.647
Liberia,2018,1.283
Libya,2018,1.774
Liechtenstein,2018,2.312
Lithuania,2018,2.408
Luxembourg,2018,2.439
"Madagascar, Rep. of",2018,0.929
Malawi,2018,1.269
Malaysia,2018,1.026
Maldives,2018,0.725
Mali,2018,1.181
Malta,2018,1.327
"Marshall Islands, Rep. of the",2018,0.41
Martinique,2018,0.734
"Mauritania, Islamic Rep. of",2018,1.049
Mauritius,2018,0.965
Mayotte,2018,0.67
Mexico,2018,1.123
"Micronesia, Federated States of",2018,0.792
"Moldova, Rep. of",2018,1.877
Monaco,2018,1.953
Mongolia,2018,2.236
Montenegro,2018,2.3
Montserrat,2018,0.788
Morocco,2018,0.627
"Mozambique, Rep. of",2018,0.698
Myanmar,2018,1.087
Namibia,2018,1.391
"Nauru, Rep. of",2018,
Nepal,2018,0.63
"Netherlands, The",2018,2.133
New Caledonia,2018,1.119
New Zealand,2018,1.164
Nicaragua,2018,1.048
Niger,2018,1.214
Nigeria,2018,1.05
Niue,2018,
Norfolk Island,2018,1.121
"North Macedonia, Republic of ",2018,2.115
Norway,2018,1.488
Oceania,2018,1.049
Oman,2018,1.319
Pakistan,2018,1.572
"Palau, Rep. of",2018,1.112
Panama,2018,1.161
Papua New Guinea,2018,0.853
Paraguay,2018,0.657
Peru,2018,0.799
Philippines,2018,1.242
Pitcairn Islands,2018,
"Poland, Rep. of",2018,2.411
Portugal,2018,0.862
Puerto Rico,2018,
Qatar,2018,2.027
Réunion,2018,1.216
Romania,2018,2.156
Russian Federation,2018,2.017
Rwanda,2018,
Saint Helena,2018,1.55
Saint Pierre and Miquelon,2018,0.739
Samoa,2018,0.778
"San Marino, Rep. of",2018,1.931
"São Tomé and Príncipe, Dem. Rep. of",2018,0.936
Saudi Arabia,2018,1.849
Senegal,2018,1.136
"Serbia, Rep. of",2018,2.317
Seychelles,2018,0.655
Sierra Leone,2018,1.185
Singapore,2018,0.992
Slovak Rep.,2018,2.507
"Slovenia, Rep. of",2018,2.438
Solomon Islands,2018,0.597
Somalia,2018,0.64
South Africa,2018,1.04
"South Sudan, Rep. of",2018,1.118
Spain,2018,1.107
Sri Lanka,2018,0.771
St. Kitts and Nevis,2018,0.788
St. Lucia,2018,0.627
St. Vincent and the Grenadines,2018,0.565
Sudan,2018,1.172
Suriname,2018,1.058
Svalbard Jan Mayen Islands,2018,4.064
Sweden,2018,1.848
Switzerland,2018,2.347
Syrian Arab Rep.,2018,2.424
Taiwan Province of China,2018,1.022
"Tajikistan, Rep. of",2018,1.49
"Tanzania, United Rep. of",2018,1.043
Thailand,2018,0.813
"Timor-Leste, Dem. Rep. of",2018,0.333
Togo,2018,1.2
Tokelau,2018,
Tonga,2018,0.629
Trinidad and Tobago,2018,0.594
Tunisia,2018,1.571
"Türkiye, Rep. of",2018,2.617
Turkmenistan,2018,1.522
Turks and Caicos Islands,2018,
Tuvalu,2018,0.958
Uganda,2018,0.968
Ukraine,2018,2.178
United Arab Emirates,2018,1.705
United Kingdom,2018,0.994
United States,2018,1.277
United States Virgin Islands,2018,
Uruguay,2018,1.271
"Uzbekistan, Rep. of",2018,0.959
Vanuatu,2018,0.351
"Venezuela, Rep. Bolivariana de",2018,0.807
Vietnam,2018,0.78
Wallis and Futuna Islands,2018,0.619
West Bank and Gaza,2018,2.143
Western Sahara,2018,0.644
World,2018,1.283
"Yemen, Rep. of",2018,
Zambia,2018,0.998
Zimbabwe,2018,0.636
"Afghanistan, Islamic Rep. of",2019,0.991
Africa,2019,1.297
Albania,2019,1.751
Algeria,2019,1.107
American Samoa,2019,1.209
Americas,2019,1.229
"Andorra, Principality of",2019,1.884
Angola,2019,1.785
Anguilla,2019,0.879
Antarctica,2019,0.64
Antigua and Barbuda,2019,0.879
Argentina,2019,0.751
"Armenia, Rep. of",2019,1.864
"Aruba, Kingdom of the Netherlands",2019,0.986
Asia,2019,1.388
Australia,2019,1.346
Austria,2019,2.375
"Azerbaijan, Rep. of",2019,1.878
"Bahamas, The",2019,1.6
"Bahrain, Kingdom of",2019,2.127
Bangladesh,2019,1.151
Barbados,2019,1.011
"Belarus, Rep. of",2019,2.668
Belgium,2019,2.055
Belize,2019,1.435
Benin,2019,1.255
Bhutan,2019,1.136
Bolivia,2019,0.985
Bosnia and Herzegovina,2019,2.04
Botswana,2019,1.99
Brazil,2019,1.54
British Virgin Islands,2019,
Brunei Darussalam,2019,1.221
Bulgaria,2019,1.991
Burkina Faso,2019,1.135
Burundi,2019,
Cabo Verde,2019,1.085
Cambodia,2019,1.37
Cameroon,2019,1.288
Canada,2019,1.329
Cayman Islands,2019,1.312
Central African Rep.,2019,1.259
Chad,2019,1.037
Chile,2019,0.451
"China, P.R.: Hong Kong",2019,1.783
"China, P.R.: Macao",2019,1.783
"China, P.R.: Mainland",2019,1.411
Colombia,2019,1.278
"Comoros, Union of the",2019,1.339
"Congo, Dem. Rep. of the",2019,1.556
"Congo, Rep. of",2019,1.405
Cook Islands,2019,0.518
Costa Rica,2019,
Côte d'Ivoire,2019,1.441
"Croatia, Rep. of",2019,2.121
Cuba,2019,1.627
Cyprus,2019,1.496
Czech Rep.,2019,2.523
Denmark,2019,2.167
Djibouti,2019,1.234
Dominica,2019,0.879
Dominican Rep.,2019,1.46
Ecuador,2019,1.36
"Egypt, Arab Rep. of",2019,0.935
El Salvador,2019,1.16
"Equatorial Guinea, Rep. of",2019,1.365
"Eritrea, The State of",2019,0.542
"Estonia, Rep. of",2019,2.194
"Eswatini, Kingdom of",2019,1.59
"Ethiopia, The Federal Dem. Rep. of",2019,1.064
Europe,2019,2.08
Falkland Islands (Malvinas),2019,
Faroe Islands,2019,0.912
"Fiji, Rep. of",2019,0.846
Finland,2019,1.454
France,2019,1.968
French Polynesia,2019,0.881
Gabon,2019,1.43
"Gambia, The",2019,1.489
Georgia,2019,1.775
Germany,2019,2.322
Ghana,2019,1.395
Gibraltar,2019,1.342
Greece,2019,1.309
Greenland,2019,2.125
Grenada,2019,1.085
Guadeloupe,2019,0.879
Guatemala,2019,1.389
"Guiana, French",2019,1.54
Guinea,2019,1.561
Guinea-Bissau,2019,1.579
Guyana,2019,0.933
Haiti,2019,1.69
Holy See,2019,1.645
Honduras,2019,1.294
Hungary,2019,2.332
Iceland,2019,1.181
India,2019,0.813
Indonesia,2019,1.026
"Iran, Islamic Rep. of",2019,1.589
Iraq,2019,1.619
Ireland,2019,1.182
Isle of Man,2019,1.137
Israel,2019,1.343
Italy,2019,1.695
Jamaica,2019,1.694
Japan,2019,1.253
Jordan,2019,1.426
"Kazakhstan, Rep. of",2019,1.447
Kenya,2019,1.48
Kiribati,2019,0.998
"Korea, Dem. People's Rep. of",2019,1.889
"Korea, Rep. of",2019,1.521
Kuwait,2019,1.833
Kyrgyz Rep.,2019,1.597
Lao People's Dem. Rep.,2019,2.014
Latvia,2019,2.44
Lebanon,2019,1.494
"Lesotho, Kingdom of",2019,1.544
Liberia,2019,1.391
Libya,2019,0.875
Liechtenstein,2019,2.134
Lithuania,2019,2.622
Luxembourg,2019,2.122
"Madagascar, Rep. of",2019,1.329
Malawi,2019,1.425
Malaysia,2019,1.318
Maldives,2019,0.989
Mali,2019,1.208
Malta,2019,1.138
"Marshall Islands, Rep. of the",2019,0.619
Martinique,2019,0.917
"Mauritania, Islamic Rep. of",2019,1.397
Mauritius,2019,1.426
Mayotte,2019,1.23
Mexico,2019,1.262
"Micronesia, Federated States of",2019,0.67
"Moldova, Rep. of",2019,2.2
Monaco,2019,1.939
Mongolia,2019,1.871
Montenegro,2019,1.893
Montserrat,2019,0.879
Morocco,2019,1.517
"Mozambique, Rep. of",2019,1.113
Myanmar,2019,1.651
Namibia,2019,2.267
"Nauru, Rep. of",2019,
Nepal,2019,0.699
"Netherlands, The",2019,2.139
New Caledonia,2019,1.04
New Zealand,2019,1.118
Nicaragua,2019,1.311
Niger,2019,1.113
Nigeria,2019,1.155
Niue,2019,
Norfolk Island,2019,1.087
"North Macedonia, Republic of ",2019,1.872
Norway,2019,1.205
Oceania,2019,1.306
Oman,2019,1.089
Pakistan,2019,0.774
"Palau, Rep. of",2019,
Panama,2019,1.277
Papua New Guinea,2019,0.847
Paraguay,2019,1.43
Peru,2019,1.095
Philippines,2019,1.318
Pitcairn Islands,2019,
"Poland, Rep. of",2019,2.632
Portugal,2019,1.249
Puerto Rico,2019,
Qatar,2019,1.861
Réunion,2019,1.644
Romania,2019,2.138
Russian Federation,2019,2.159
Rwanda,2019,
Saint Helena,2019,1.586
Saint Pierre and Miquelon,2019,0.121
Samoa,2019,1.129
"San Marino, Rep. of",2019,1.796
"São Tomé and Príncipe, Dem. Rep. of",2019,1.306
Saudi Arabia,2019,1.69
Senegal,2019,1.56
"Serbia, Rep. of",2019,2.08
Seychelles,2019,1.116
Sierra Leone,2019,1.507
Singapore,2019,1.626
Slovak Rep.,2019,2.378
"Slovenia, Rep. of",2019,2.362
Solomon Islands,2019,0.564
Somalia,2019,1.493
South Africa,2019,1.926
"South Sudan, Rep. of",2019,0.945
Spain,2019,1.49
Sri Lanka,2019,1.223
St. Kitts and Nevis,2019,0.879
St. Lucia,2019,1.007
St. Vincent and the Grenadines,2019,1.084
Sudan,2019,0.809
Suriname,2019,1.338
Svalbard Jan Mayen Islands,2019,2.871
Sweden,2019,1.573
Switzerland,2019,2.099
Syrian Arab Rep.,2019,1.61
Taiwan Province of China,2019,1.209
"Tajikistan, Rep. of",2019,1.181
"Tanzania, United Rep. of",2019,1.382
Thailand,2019,1.714
"Timor-Leste, Dem. Rep. of",2019,0.443
Togo,2019,1.333
Tokelau,2019,
Tonga,2019,1.059
Trinidad and Tobago,2019,1.113
Tunisia,2019,1.413
"Türkiye, Rep. of",2019,1.679
Turkmenistan,2019,1.792
Turks and Caicos Islands,2019,
Tuvalu,2019,1.062
Uganda,2019,1.498
Ukraine,2019,2.311
United Arab Emirates,2019,1.413
United Kingdom,2019,1.23
United States,2019,1.037
United States Virgin Islands,2019,
Uruguay,2019,0.828
"Uzbekistan, Rep. of",2019,1.853
Vanuatu,2019,0.665
"Venezuela, Rep. Bolivariana de",2019,1.201
Vietnam,2019,1.734
Wallis and Futuna Islands,2019,1.05
West Bank and Gaza,2019,1.339
Western Sahara,2019,1.206
World,2019,1.435
"Yemen, Rep. of",2019,
Zambia,2019,1.349
Zimbabwe,2019,1.199
"Afghanistan, Islamic Rep. of",2020,0.587
Africa,2020,1.2
Albania,2020,1.567
Algeria,2020,1.905
American Samoa,2020,1.101
Americas,2020,1.303
"Andorra, Principality of",2020,2.48
Angola,2020,1.108
Anguilla,2020,1.179
Antarctica,2020,0.798
Antigua and Barbuda,2020,1.179
Argentina,2020,1.104
"Armenia, Rep. of",2020,1.954
"Aruba, Kingdom of the Netherlands",2020,1.285
Asia,2020,1.506
Australia,2020,1.337
Austria,2020,2.322
"Azerbaijan, Rep. of",2020,1.889
"Bahamas, The",2020,1.715
"Bahrain, Kingdom of",2020,1.989
Bangladesh,2020,0.934
Barbados,2020,0.844
"Belarus, Rep. of",2020,3.489
Belgium,2020,2.542
Belize,2020,1.582
Benin,2020,1.148
Bhutan,2020,1.035
Bolivia,2020,1.276
Bosnia and Herzegovina,2020,1.928
Botswana,2020,0.919
Brazil,2020,1.452
British Virgin Islands,2020,
Brunei Darussalam,2020,1.222
Bulgaria,2020,1.938
Burkina Faso,2020,1.127
Burundi,2020,
Cabo Verde,2020,
Cambodia,2020,1.275
Cameroon,2020,1.082
Canada,2020,1.155
Cayman Islands,2020,1.353
Central African Rep.,2020,1.031
Chad,2020,0.85
Chile,2020,0.709
"China, P.R.: Hong Kong",2020,1.835
"China, P.R.: Macao",2020,1.835
"China, P.R.: Mainland",2020,1.58
Colombia,2020,1.338
"Comoros, Union of the",2020,1.072
"Congo, Dem. Rep. of the",2020,1.682
"Congo, Rep. of",2020,1.506
Cook Islands,2020,0.572
Costa Rica,2020,
Côte d'Ivoire,2020,1.495
"Croatia, Rep. of",2020,2.026
Cuba,2020,1.75
Cyprus,2020,1.632
Czech Rep.,2020,2.322
Denmark,2020,2.625
Djibouti,2020,1.332
Dominica,2020,1.179
Dominican Rep.,2020,1.636
Ecuador,2020,1.34
"Egypt, Arab Rep. of",2020,1.021
El Salvador,2020,1.641
"Equatorial Guinea, Rep. of",2020,1.278
"Eritrea, The State of",2020,
"Estonia, Rep. of",2020,3.598
"Eswatini, Kingdom of",2020,0.563
"Ethiopia, The Federal Dem. Rep. of",2020,1.045
Europe,2020,3.332
Falkland Islands (Malvinas),2020,
Faroe Islands,2020,0.877
"Fiji, Rep. of",2020,1.03
Finland,2020,3.321
France,2020,2.494
French Polynesia,2020,0.845
Gabon,2020,1.269
"Gambia, The",2020,1.916
Georgia,2020,2.031
Germany,2020,2.506
Ghana,2020,1.397
Gibraltar,2020,1.957
Greece,2020,1.238
Greenland,2020,1.102
Grenada,2020,1.285
Guadeloupe,2020,1.179
Guatemala,2020,1.675
"Guiana, French",2020,1.65
Guinea,2020,1.58
Guinea-Bissau,2020,1.847
Guyana,2020,1.162
Haiti,2020,1.612
Holy See,2020,1.691
Honduras,2020,1.785
Hungary,2020,1.956
Iceland,2020,0.625
India,2020,0.529
Indonesia,2020,1.192
"Iran, Islamic Rep. of",2020,1.335
Iraq,2020,1.854
Ireland,2020,1.05
Isle of Man,2020,1.161
Israel,2020,1.612
Italy,2020,1.889
Jamaica,2020,1.807
Japan,2020,1.418
Jordan,2020,1.772
"Kazakhstan, Rep. of",2020,2.8
Kenya,2020,1.185
Kiribati,2020,1.474
"Korea, Dem. People's Rep. of",2020,1.892
"Korea, Rep. of",2020,1.498
Kuwait,2020,1.905
Kyrgyz Rep.,2020,1.282
Lao People's Dem. Rep.,2020,1.546
Latvia,2020,3.532
Lebanon,2020,1.726
"Lesotho, Kingdom of",2020,0.589
Liberia,2020,1.52
Libya,2020,1.043
Liechtenstein,2020,2.422
Lithuania,2020,3.429
Luxembourg,2020,2.595
"Madagascar, Rep. of",2020,1.059
Malawi,2020,1.572
Malaysia,2020,1.281
Maldives,2020,1.0
Mali,2020,1.197
Malta,2020,1.466
"Marshall Islands, Rep. of the",2020,0.73
Martinique,2020,1.157
"Mauritania, Islamic Rep. of",2020,1.864
Mauritius,2020,1.284
Mayotte,2020,0.98
Mexico,2020,1.621
"Micronesia, Federated States of",2020,0.728
"Moldova, Rep. of",2020,2.853
Monaco,2020,2.231
Mongolia,2020,2.384
Montenegro,2020,1.765
Montserrat,2020,1.179
Morocco,2020,2.147
"Mozambique, Rep. of",2020,0.894
Myanmar,2020,1.547
Namibia,2020,0.835
"Nauru, Rep. of",2020,
Nepal,2020,0.059
"Netherlands, The",2020,2.475
New Caledonia,2020,1.507
New Zealand,2020,0.917
Nicaragua,2020,1.679
Niger,2020,0.948
Nigeria,2020,1.047
Niue,2020,
Norfolk Island,2020,1.124
"North Macedonia, Republic of ",2020,1.519
Norway,2020,2.391
Oceania,2020,1.315
Oman,2020,0.757
Pakistan,2020,0.618
"Palau, Rep. of",2020,
Panama,2020,1.296
Papua New Guinea,2020,1.223
Paraguay,2020,1.477
Peru,2020,1.318
Philippines,2020,1.47
Pitcairn Islands,2020,
"Poland, Rep. of",2020,2.658
Portugal,2020,1.95
Puerto Rico,2020,
Qatar,2020,1.745
Réunion,2020,1.014
Romania,2020,2.124
Russian Federation,2020,3.669
Rwanda,2020,
Saint Helena,2020,1.349
Saint Pierre and Miquelon,2020,0.817
Samoa,2020,1.02
"San Marino, Rep. of",2020,1.962
"São Tomé and Príncipe, Dem. Rep. of",2020,1.52
Saudi Arabia,2020,1.474
Senegal,2020,1.826
"Serbia, Rep. of",2020,1.798
Seychelles,2020,1.174
Sierra Leone,2020,1.617
Singapore,2020,1.407
Slovak Rep.,2020,1.982
"Slovenia, Rep. of",2020,2.254
Solomon Islands,2020,0.769
Somalia,2020,1.687
South Africa,2020,0.96
"South Sudan, Rep. of",2020,0.536
Spain,2020,2.037
Sri Lanka,2020,1.265
St. Kitts and Nevis,2020,1.179
St. Lucia,2020,1.189
St. Vincent and the Grenadines,2020,1.284
Sudan,2020,0.397
Suriname,2020,1.49
Svalbard Jan Mayen Islands,2020,2.002
Sweden,2020,2.951
Switzerland,2020,2.515
Syrian Arab Rep.,2020,1.931
Taiwan Province of China,2020,1.62
"Tajikistan, Rep. of",2020,0.85
"Tanzania, United Rep. of",2020,1.068
Thailand,2020,1.475
"Timor-Leste, Dem. Rep. of",2020,1.351
Togo,2020,1.216
Tokelau,2020,
Tonga,2020,0.945
Trinidad and Tobago,2020,1.313
Tunisia,2020,2.077
"Türkiye, Rep. of",2020,1.877
Turkmenistan,2020,1.503
Turks and Caicos Islands,2020,
Tuvalu,2020,1.179
Uganda,2020,1.111
Ukraine,2020,2.958
United Arab Emirates,2020,1.413
United Kingdom,2020,1.372
United States,2020,1.332
United States Virgin Islands,2020,
Uruguay,2020,0.886
"Uzbekistan, Rep. of",2020,1.627
Vanuatu,2020,1.018
"Venezuela, Rep. Bolivariana de",2020,1.334
Vietnam,2020,1.418
Wallis and Futuna Islands,2020,0.956
West Bank and Gaza,2020,1.621
Western Sahara,2020,1.797
World,2020,1.682
"Yemen, Rep. of",2020,
Zambia,2020,1.386
Zimbabwe,2020,0.581
"Afghanistan, Islamic Rep. of",2021,1.475
Africa,2021,1.396
Albania,2021,1.589
Algeria,2021,2.36
American Samoa,2021,0.938
Americas,2021,1.558
"Andorra, Principality of",2021,1.45
Angola,2021,1.401
Anguilla,2021,0.879
Antarctica,2021,-0.569
Antigua and Barbuda,2021,0.879
Argentina,2021,1.009
"Armenia, Rep. of",2021,2.183
"Aruba, Kingdom of the Netherlands",2021,
Asia,2021,1.54
Australia,2021,0.569
Austria,2021,1.41
"Azerbaijan, Rep. of",2021,1.958
"Bahamas, The",2021,0.714
"Bahrain, Kingdom of",2021,2.421
Bangladesh,2021,1.326
Barbados,2021,0.859
"Belarus, Rep. of",2021,1.698
Belgium,2021,1.176
Belize,2021,1.201
Benin,2021,1.611
Bhutan,2021,1.648
Bolivia,2021,0.731
Bosnia and Herzegovina,2021,1.639
Botswana,2021,0.042
Brazil,2021,1.149
British Virgin Islands,2021,
Brunei Darussalam,2021,0.972
Bulgaria,2021,1.511
Burkina Faso,2021,1.708
Burundi,2021,
Cabo Verde,2021,1.118
Cambodia,2021,0.786
Cameroon,2021,1.2
Canada,2021,2.521
Cayman Islands,2021,1.032
Central African Rep.,2021,1.14
Chad,2021,1.092
Chile,2021,0.642
"China, P.R.: Hong Kong",2021,1.964
"China, P.R.: Macao",2021,1.964
"China, P.R.: Mainland",2021,1.656
Colombia,2021,0.824
"Comoros, Union of the",2021,0.693
"Congo, Dem. Rep. of the",2021,1.563
"Congo, Rep. of",2021,1.275
Cook Islands,2021,0.866
Costa Rica,2021,
Côte d'Ivoire,2021,1.601
"Croatia, Rep. of",2021,1.618
Cuba,2021,1.344
Cyprus,2021,1.948
Czech Rep.,2021,1.281
Denmark,2021,1.685
Djibouti,2021,0.973
Dominica,2021,0.878
Dominican Rep.,2021,0.948
Ecuador,2021,0.776
"Egypt, Arab Rep. of",2021,1.639
El Salvador,2021,1.22
"Equatorial Guinea, Rep. of",2021,1.008
"Eritrea, The State of",2021,0.964
"Estonia, Rep. of",2021,2.135
"Eswatini, Kingdom of",2021,0.4
"Ethiopia, The Federal Dem. Rep. of",2021,1.21
Europe,2021,1.583
Falkland Islands (Malvinas),2021,
Faroe Islands,2021,1.03
"Fiji, Rep. of",2021,0.857
Finland,2021,1.942
France,2021,1.284
French Polynesia,2021,0.782
Gabon,2021,0.942
"Gambia, The",2021,1.825
Georgia,2021,1.757
Germany,2021,1.315
Ghana,2021,1.64
Gibraltar,2021,1.507
Greece,2021,1.587
Greenland,2021,2.176
Grenada,2021,0.838
Guadeloupe,2021,0.878
Guatemala,2021,1.397
"Guiana, French",2021,1.341
Guinea,2021,1.894
Guinea-Bissau,2021,1.847
Guyana,2021,0.634
Haiti,2021,0.948
Holy See,2021,1.524
Honduras,2021,1.227
Hungary,2021,1.408
Iceland,2021,0.803
India,2021,0.734
Indonesia,2021,0.992
"Iran, Islamic Rep. of",2021,2.161
Iraq,2021,2.661
Ireland,2021,0.989
Isle of Man,2021,0.979
Israel,2021,1.964
Italy,2021,1.579
Jamaica,2021,1.467
Japan,2021,1.253
Jordan,2021,2.081
"Kazakhstan, Rep. of",2021,1.41
Kenya,2021,1.275
Kiribati,2021,
"Korea, Dem. People's Rep. of",2021,1.87
"Korea, Rep. of",2021,1.694
Kuwait,2021,2.605
Kyrgyz Rep.,2021,1.297
Lao People's Dem. Rep.,2021,1.078
Latvia,2021,1.965
Lebanon,2021,2.157
"Lesotho, Kingdom of",2021,0.784
Liberia,2021,1.441
Libya,2021,1.872
Liechtenstein,2021,1.297
Lithuania,2021,1.775
Luxembourg,2021,1.126
"Madagascar, Rep. of",2021,1.128
Malawi,2021,0.886
Malaysia,2021,1.106
Maldives,2021,0.924
Mali,2021,1.873
Malta,2021,1.931
"Marshall Islands, Rep. of the",2021,0.441
Martinique,2021,0.879
"Mauritania, Islamic Rep. of",2021,1.804
Mauritius,2021,1.174
Mayotte,2021,0.568
Mexico,2021,1.064
"Micronesia, Federated States of",2021,0.465
"Moldova, Rep. of",2021,1.151
Monaco,2021,1.54
Mongolia,2021,2.029
Montenegro,2021,1.648
Montserrat,2021,0.879
Morocco,2021,1.817
"Mozambique, Rep. of",2021,0.539
Myanmar,2021,1.553
Namibia,2021,0.131
"Nauru, Rep. of",2021,
Nepal,2021,0.428
"Netherlands, The",2021,1.306
New Caledonia,2021,1.429
New Zealand,2021,0.992
Nicaragua,2021,1.16
Niger,2021,1.618
Nigeria,2021,1.534
Niue,2021,
Norfolk Island,2021,1.033
"North Macedonia, Republic of ",2021,1.583
Norway,2021,1.502
Oceania,2021,0.629
Oman,2021,1.537
Pakistan,2021,1.344
"Palau, Rep. of",2021,1.337
Panama,2021,0.983
Papua New Guinea,2021,1.356
Paraguay,2021,0.833
Peru,2021,0.878
Philippines,2021,1.334
Pitcairn Islands,2021,
"Poland, Rep. of",2021,1.449
Portugal,2021,1.198
Puerto Rico,2021,0.695
Qatar,2021,2.175
Réunion,2021,1.247
Romania,2021,1.322
Russian Federation,2021,1.627
Rwanda,2021,
Saint Helena,2021,1.558
Saint Pierre and Miquelon,2021,2.292
Samoa,2021,0.857
"San Marino, Rep. of",2021,1.521
"São Tomé and Príncipe, Dem. Rep. of",2021,1.291
Saudi Arabia,2021,2.227
Senegal,2021,1.946
"Serbia, Rep. of",2021,1.569
Seychelles,2021,0.626
Sierra Leone,2021,1.724
Singapore,2021,1.509
Slovak Rep.,2021,1.243
"Slovenia, Rep. of",2021,1.569
Solomon Islands,2021,0.732
Somalia,2021,1.564
South Africa,2021,0.816
"South Sudan, Rep. of",2021,1.054
Spain,2021,1.373
Sri Lanka,2021,0.978
St. Kitts and Nevis,2021,0.879
St. Lucia,2021,0.861
St. Vincent and the Grenadines,2021,0.837
Sudan,2021,1.16
Suriname,2021,1.083
Svalbard Jan Mayen Islands,2021,3.012
Sweden,2021,1.85
Switzerland,2021,1.204
Syrian Arab Rep.,2021,2.327
Taiwan Province of China,2021,1.779
"Tajikistan, Rep. of",2021,0.863
"Tanzania, United Rep. of",2021,1.115
Thailand,2021,1.012
"Timor-Leste, Dem. Rep. of",2021,0.693
Togo,2021,1.619
Tokelau,2021,
Tonga,2021,0.608
Trinidad and Tobago,2021,0.867
Tunisia,2021,2.5
"Türkiye, Rep. of",2021,1.92
Turkmenistan,2021,1.639
Turks and Caicos Islands,2021,
Tuvalu,2021,0.673
Uganda,2021,1.374
Ukraine,2021,1.375
United Arab Emirates,2021,1.898
United Kingdom,2021,0.929
United States,2021,1.149
United States Virgin Islands,2021,0.681
Uruguay,2021,0.904
"Uzbekistan, Rep. of",2021,1.446
Vanuatu,2021,0.938
"Venezuela, Rep. Bolivariana de",2021,0.716
Vietnam,2021,1.025
Wallis and Futuna Islands,2021,0.646
West Bank and Gaza,2021,1.972
Western Sahara,2021,1.32
World,2021,1.466
"Yemen, Rep. of",2021,
Zambia,2021,1.269
Zimbabwe,2021,0.109
"Afghanistan, Islamic Rep. of",2022,2.154
Africa,2022,0.996
Albania,2022,1.585
Algeria,2022,1.776
American Samoa,2022,0.925
Americas,2022,1.075
"Andorra, Principality of",2022,3.155
Angola,2022,1.136
Anguilla,2022,0.787
Antarctica,2022,0.48
Antigua and Barbuda,2022,0.787
Argentina,2022,0.628
"Armenia, Rep. of",2022,1.845
"Aruba, Kingdom of the Netherlands",2022,
Asia,2022,1.723
Australia,2022,0.681
Austria,2022,2.538
"Azerbaijan, Rep. of",2022,2.029
"Bahamas, The",2022,1.304
"Bahrain, Kingdom of",2022,1.971
Bangladesh,2022,1.24
Barbados,2022,0.648
"Belarus, Rep. of",2022,1.893
Belgium,2022,2.776
Belize,2022,0.982
Benin,2022,0.972
Bhutan,2022,1.456
Bolivia,2022,0.667
Bosnia and Herzegovina,2022,2.152
Botswana,2022,-0.698
Brazil,2022,0.997
British Virgin Islands,2022,
Brunei Darussalam,2022,1.048
Bulgaria,2022,1.79
Burkina Faso,2022,0.879
Burundi,2022,
Cabo Verde,2022,1.206
Cambodia,2022,0.886
Cameroon,2022,0.838
Canada,2022,1.284
Cayman Islands,2022,1.049
Central African Rep.,2022,0.954
Chad,2022,0.494
Chile,2022,0.174
"China, P.R.: Hong Kong",2022,1.369
"China, P.R.: Macao",2022,1.369
"China, P.R.: Mainland",2022,1.855
Colombia,2022,0.671
"Comoros, Union of the",2022,0.564
"Congo, Dem. Rep. of the",2022,1.376
"Congo, Rep. of",2022,1.2
Cook Islands,2022,0.776
Costa Rica,2022,
Côte d'Ivoire,2022,1.334
"Croatia, Rep. of",2022,2.288
Cuba,2022,1.503
Cyprus,2022,1.179
Czech Rep.,2022,2.355
Denmark,2022,2.23
Djibouti,2022,1.435
Dominica,2022,0.786
Dominican Rep.,2022,0.899
Ecuador,2022,0.578
"Egypt, Arab Rep. of",2022,0.566
El Salvador,2022,0.931
"Equatorial Guinea, Rep. of",2022,0.982
"Eritrea, The State of",2022,0.088
"Estonia, Rep. of",2022,1.974
"Eswatini, Kingdom of",2022,1.077
"Ethiopia, The Federal Dem. Rep. of",2022,1.167
Europe,2022,2.215
Falkland Islands (Malvinas),2022,
Faroe Islands,2022,1.289
"Fiji, Rep. of",2022,1.078
Finland,2022,2.062
France,2022,2.877
French Polynesia,2022,0.35
Gabon,2022,0.853
"Gambia, The",2022,1.475
Georgia,2022,1.632
Germany,2022,2.587
Ghana,2022,1.144
Gibraltar,2022,2.244
Greece,2022,1.012
Greenland,2022,1.423
Grenada,2022,0.595
Guadeloupe,2022,0.787
Guatemala,2022,0.944
"Guiana, French",2022,1.2
Guinea,2022,1.492
Guinea-Bissau,2022,1.493
Guyana,2022,0.783
Haiti,2022,1.2
Holy See,2022,2.006
Honduras,2022,0.945
Hungary,2022,2.095
Iceland,2022,1.111
India,2022,0.784
Indonesia,2022,0.957
"Iran, Islamic Rep. of",2022,2.366
Iraq,2022,2.169
Ireland,2022,1.726
Isle of Man,2022,1.794
Israel,2022,1.275
Italy,2022,2.156
Jamaica,2022,1.355
Japan,2022,1.316
Jordan,2022,1.511
"Kazakhstan, Rep. of",2022,2.665
Kenya,2022,1.162
Kiribati,2022,
"Korea, Dem. People's Rep. of",2022,1.581
"Korea, Rep. of",2022,1.546
Kuwait,2022,2.203
Kyrgyz Rep.,2022,2.491
Lao People's Dem. Rep.,2022,0.903
Latvia,2022,1.951
Lebanon,2022,1.413
"Lesotho, Kingdom of",2022,0.862
Liberia,2022,1.488
Libya,2022,0.547
Liechtenstein,2022,2.646
Lithuania,2022,1.949
Luxembourg,2022,2.887
"Madagascar, Rep. of",2022,0.806
Malawi,2022,0.851
Malaysia,2022,1.014
Maldives,2022,0.559
Mali,2022,1.054
Malta,2022,1.736
"Marshall Islands, Rep. of the",2022,0.064
Martinique,2022,0.757
"Mauritania, Islamic Rep. of",2022,1.669
Mauritius,2022,0.823
Mayotte,2022,0.423
Mexico,2022,1.14
"Micronesia, Federated States of",2022,0.394
"Moldova, Rep. of",2022,1.959
Monaco,2022,2.784
Mongolia,2022,2.236
Montenegro,2022,1.892
Montserrat,2022,0.787
Morocco,2022,2.298
"Mozambique, Rep. of",2022,0.66
Myanmar,2022,1.323
Namibia,2022,0.359
"Nauru, Rep. of",2022,
Nepal,2022,0.963
"Netherlands, The",2022,2.589
New Caledonia,2022,2.159
New Zealand,2022,1.337
Nicaragua,2022,1.007
Niger,2022,0.6
Nigeria,2022,0.821
Niue,2022,
Norfolk Island,2022,1.645
"North Macedonia, Republic of ",2022,1.463
Norway,2022,1.916
Oceania,2022,0.745
Oman,2022,1.226
Pakistan,2022,1.615
"Palau, Rep. of",2022,1.548
Panama,2022,0.481
Papua New Guinea,2022,1.383
Paraguay,2022,0.803
Peru,2022,0.552
Philippines,2022,1.309
Pitcairn Islands,2022,
"Poland, Rep. of",2022,2.04
Portugal,2022,2.256
Puerto Rico,2022,0.697
Qatar,2022,1.865
Réunion,2022,0.908
Romania,2022,1.83
Russian Federation,2022,2.25
Rwanda,2022,
Saint Helena,2022,1.454
Saint Pierre and Miquelon,2022,1.907
Samoa,2022,0.845
"San Marino, Rep. of",2022,2.124
"São Tomé and Príncipe, Dem. Rep. of",2022,1.211
Saudi Arabia,2022,1.782
Senegal,2022,1.57
"Serbia, Rep. of",2022,1.91
Seychelles,2022,0.466
Sierra Leone,2022,1.381
Singapore,2022,1.345
Slovak Rep.,2022,1.97
"Slovenia, Rep. of",2022,2.528
Solomon Islands,2022,0.899
Somalia,2022,1.414
South Africa,2022,1.098
"South Sudan, Rep. of",2022,0.808
Spain,2022,2.425
Sri Lanka,2022,0.937
St. Kitts and Nevis,2022,0.787
St. Lucia,2022,0.67
St. Vincent and the Grenadines,2022,0.594
Sudan,2022,0.68
Suriname,2022,1.102
Svalbard Jan Mayen Islands,2022,3.512
Sweden,2022,2.135
Switzerland,2022,2.858
Syrian Arab Rep.,2022,1.635
Taiwan Province of China,2022,1.257
"Tajikistan, Rep. of",2022,1.938
"Tanzania, United Rep. of",2022,0.895
Thailand,2022,0.937
"Timor-Leste, Dem. Rep. of",2022,0.601
Togo,2022,1.034
Tokelau,2022,
Tonga,2022,0.516
Trinidad and Tobago,2022,0.624
Tunisia,2022,2.169
"Türkiye, Rep. of",2022,1.288
Turkmenistan,2022,2.508
Turks and Caicos Islands,2022,
Tuvalu,2022,0.646
Uganda,2022,1.298
Ukraine,2022,1.866
United Arab Emirates,2022,1.677
United Kingdom,2022,1.912
United States,2022,1.223
United States Virgin Islands,2022,0.683
Uruguay,2022,0.525
"Uzbekistan, Rep. of",2022,2.52
Vanuatu,2022,1.285
"Venezuela, Rep. Bolivariana de",2022,0.641
Vietnam,2022,0.945
Wallis and Futuna Islands,2022,0.621
West Bank and Gaza,2022,1.28
Western Sahara,2022,1.69
World,2022,1.374
"Yemen, Rep. of",2022,
Zambia,2022,1.062
Zimbabwe,2022,-0.251
"Afghanistan, Islamic Rep. of",2023,1.956
Africa,2023,1.485
Albania,2023,2.122
Algeria,2023,2.274
American Samoa,2023,0.951
Americas,2023,1.772
"Andorra, Principality of",2023,2.786
Angola,2023,1.175
Anguilla,2023,1.116
Antarctica,2023,0.48
Antigua and Barbuda,2023,1.116
Argentina,2023,1.519
"Armenia, Rep. of",2023,2.258
"Aruba, Kingdom of the Netherlands",2023,
Asia,2023,1.778
Australia,2023,0.86
Austria,2023,2.572
"Azerbaijan, Rep. of",2023,2.16
"Bahamas, The",2023,1.688
"Bahrain, Kingdom of",2023,2.261
Bangladesh,2023,1.639
Barbados,2023,
"Belarus, Rep. of",2023,2.713
Belgium,2023,2.409
Belize,2023,1.813
Benin,2023,1.466
Bhutan,2023,1.751
Bolivia,2023,2.202
Bosnia and Herzegovina,2023,2.551
Botswana,2023,0.731
Brazil,2023,1.648
British Virgin Islands,2023,
Brunei Darussalam,2023,1.145
Bulgaria,2023,2.614
Burkina Faso,2023,1.556
Burundi,2023,
Cabo Verde,2023,2.165
Cambodia,2023,1.256
Cameroon,2023,1.088
Canada,2023,2.368
Cayman Islands,2023,1.757
Central African Rep.,2023,1.018
Chad,2023,1.382
Chile,2023,0.846
"China, P.R.: Hong Kong",2023,1.419
"China, P.R.: Macao",2023,1.419
"China, P.R.: Mainland",2023,1.843
Colombia,2023,1.265
"Comoros, Union of the",2023,1.33
"Congo, Dem. Rep. of the",2023,1.331
"Congo, Rep. of",2023,1.369
Cook Islands,2023,0.255
Costa Rica,2023,
Côte d'Ivoire,2023,1.821
"Croatia, Rep. of",2023,2.584
Cuba,2023,1.942
Cyprus,2023,1.866
Czech Rep.,2023,2.478
Denmark,2023,1.882
Djibouti,2023,0.645
Dominica,2023,1.116
Dominican Rep.,2023,1.544
Ecuador,2023,1.558
"Egypt, Arab Rep. of",2023,2.011
El Salvador,2023,1.646
"Equatorial Guinea, Rep. of",2023,1.005
"Eritrea, The State of",2023,
"Estonia, Rep. of",2023,2.175
"Eswatini, Kingdom of",2023,0.746
"Ethiopia, The Federal Dem. Rep. of",2023,1.198
Europe,2023,2.435
Falkland Islands (Malvinas),2023,
Faroe Islands,2023,0.63
"Fiji, Rep. of",2023,0.769
Finland,2023,1.888
France,2023,2.591
French Polynesia,2023,1.001
Gabon,2023,1.238
"Gambia, The",2023,1.81
Georgia,2023,2.107
Germany,2023,2.442
Ghana,2023,1.515
Gibraltar,2023,2.604
Greece,2023,1.841
Greenland,2023,1.192
Grenada,2023,1.156
Guadeloupe,2023,1.116
Guatemala,2023,1.591
"Guiana, French",2023,1.663
Guinea,2023,1.776
Guinea-Bissau,2023,1.78
Guyana,2023,1.508
Haiti,2023,1.659
Holy See,2023,2.177
Honduras,2023,1.734
Hungary,2023,2.528
Iceland,2023,0.449
India,2023,0.894
Indonesia,2023,1.084
"Iran, Islamic Rep. of",2023,2.238
Iraq,2023,2.064
Ireland,2023,1.611
Isle of Man,2023,1.546
Israel,2023,2.08
Italy,2023,2.274
Jamaica,2023,1.827
Japan,2023,1.847
Jordan,2023,2.007
"Kazakhstan, Rep. of",2023,2.583
Kenya,2023,1.396
Kiribati,2023,
"Korea, Dem. People's Rep. of",2023,2.034
"Korea, Rep. of",2023,1.648
Kuwait,2023,1.995
Kyrgyz Rep.,2023,1.962
Lao People's Dem. Rep.,2023,1.488
Latvia,2023,2.33
Lebanon,2023,2.073
"Lesotho, Kingdom of",2023,0.726
Liberia,2023,1.448
Libya,2023,1.473
Liechtenstein,2023,2.582
Lithuania,2023,2.488
Luxembourg,2023,2.561
"Madagascar, Rep. of",2023,1.275
Malawi,2023,1.198
Malaysia,2023,1.135
Maldives,2023,0.842
Mali,2023,1.716
Malta,2023,2.068
"Marshall Islands, Rep. of the",2023,0.508
Martinique,2023,1.101
"Mauritania, Islamic Rep. of",2023,2.033
Mauritius,2023,1.685
Mayotte,2023,1.101
Mexico,2023,1.683
"Micronesia, Federated States of",2023,0.731
"Moldova, Rep. of",2023,2.903
Monaco,2023,2.429
Mongolia,2023,2.215
Montenegro,2023,2.425
Montserrat,2023,1.116
Morocco,2023,2.556
"Mozambique, Rep. of",2023,0.956
Myanmar,2023,1.723
Namibia,2023,0.951
"Nauru, Rep. of",2023,
Nepal,2023,1.256
"Netherlands, The",2023,2.328
New Caledonia,2023,1.102
New Zealand,2023,1.132
Nicaragua,2023,1.731
Niger,2023,1.672
Nigeria,2023,1.419
Niue,2023,
Norfolk Island,2023,0.654
"North Macedonia, Republic of ",2023,2.239
Norway,2023,1.219
Oceania,2023,0.872
Oman,2023,1.377
Pakistan,2023,1.356
"Palau, Rep. of",2023,1.834
Panama,2023,1.077
Papua New Guinea,2023,0.905
Paraguay,2023,2.033
Peru,2023,1.696
Philippines,2023,1.508
Pitcairn Islands,2023,
"Poland, Rep. of",2023,2.484
Portugal,2023,2.556
Puerto Rico,2023,1.255
Qatar,2023,2.074
Réunion,2023,1.587
Romania,2023,2.623
Russian Federation,2023,2.526
Rwanda,2023,
Saint Helena,2023,1.516
Saint Pierre and Miquelon,2023,1.494
Samoa,2023,0.87
"San Marino, Rep. of",2023,2.406
"São Tomé and Príncipe, Dem. Rep. of",2023,1.252
Saudi Arabia,2023,1.839
Senegal,2023,2.065
"Serbia, Rep. of",2023,2.535
Seychelles,2023,0.902
Sierra Leone,2023,1.112
Singapore,2023,1.794
Slovak Rep.,2023,2.402
"Slovenia, Rep. of",2023,2.617
Solomon Islands,2023,0.913
Somalia,2023,1.379
South Africa,2023,1.121
"South Sudan, Rep. of",2023,1.351
Spain,2023,2.574
Sri Lanka,2023,1.101
St. Kitts and Nevis,2023,1.116
St. Lucia,2023,1.111
St. Vincent and the Grenadines,2023,1.156
Sudan,2023,1.615
Suriname,2023,1.524
Svalbard Jan Mayen Islands,2023,3.578
Sweden,2023,1.478
Switzerland,2023,2.742
Syrian Arab Rep.,2023,2.092
Taiwan Province of China,2023,1.318
"Tajikistan, Rep. of",2023,1.712
"Tanzania, United Rep. of",2023,1.248
Thailand,2023,1.447
"Timor-Leste, Dem. Rep. of",2023,0.215
Togo,2023,1.451
Tokelau,2023,
Tonga,2023,0.853
Trinidad and Tobago,2023,1.185
Tunisia,2023,2.403
"Türkiye, Rep. of",2023,2.061
Turkmenistan,2023,2.384
Turks and Caicos Islands,2023,
Tuvalu,2023,1.177
Uganda,2023,1.393
Ukraine,2023,2.791
United Arab Emirates,2023,1.759
United Kingdom,2023,1.482
United States,2023,1.212
United States Virgin Islands,2023,1.231
Uruguay,2023,1.526
"Uzbekistan, Rep. of",2023,2.333
Vanuatu,2023,0.885
"Venezuela, Rep. Bolivariana de",2023,1.176
Vietnam,2023,1.333
Wallis and Futuna Islands,2023,0.854
West Bank and Gaza,2023,2.093
Western Sahara,2023,2.017
World,2023,1.767
"Yemen, Rep. of",2023,
Zambia,2023,1.268
Zimbabwe,2023,0.612
